<?xml version="1.0" encoding="UTF-8"?>
<gpx creator="StravaGPX" version="1.1" schemaLocation="http://www.topografix.com/GPX/1/1 http://www.topografix.com/GPX/1/1/gpx.xsd" xmlns="http://www.topografix.com/GPX/1/1" xmlns:xsi="http://www.w3.org/2001/XMLSchema-instance" xsi:schemaLocation="http://www.topografix.com/GPX/1/1 http://www.topografix.com/GPX/1/1/gpx.xsd http://www.garmin.com/xmlschemas/GpxExtensions/v3 http://www.garmin.com/xmlschemas/GpxExtensionsv3.xsd http://www.garmin.com/xmlschemas/TrackPointExtension/v1 http://www.garmin.com/xmlschemas/TrackPointExtensionv1.xsd http://www.garmin.com/xmlschemas/PowerExtension/v1 http://www.garmin.com/xmlschemas/PowerExtensionv1.xsd http://www.topografix.com/GPX/gpx_style/0/2 http://www.topografix.com/GPX/gpx_style/0/2/gpx_style.xsd" xmlns:gpxtpx="http://www.garmin.com/xmlschemas/TrackPointExtension/v1" xmlns:gpxx="http://www.garmin.com/xmlschemas/GpxExtensions/v3" xmlns:gpxpx="http://www.garmin.com/xmlschemas/PowerExtension/v1" xmlns:gpx_style="http://www.topografix.com/GPX/gpx_style/0/2">
  <metadata>
    <name>Les_4x2000m_de_Chartreuse</name>
    <author>
      <name>gpx.studio</name>
      <link href="https://gpx.studio"/>
    </author>
  </metadata>
  <wpt lat="45.286309" lon="5.781973">
    <ele>1742.7188333140316</ele>
    <name>Source de Bachasson</name>
  </wpt>
  <wpt lat="45.314656" lon="5.789844">
    <ele>948.5696130735436</ele>
    <name>Fontaine Cherlieu</name>
  </wpt>
  <wpt lat="45.314722" lon="5.790294">
    <ele>948.0478878636883</ele>
    <name>Fontaine Cherlieu 2</name>
  </wpt>
  <wpt lat="45.336455" lon="5.806177">
    <ele>797.6844953040502</ele>
    <name>Robinet</name>
  </wpt>
  <wpt lat="45.360449" lon="5.81096">
    <ele>1445.9326835017653</ele>
    <name>Source sur la droite</name>
  </wpt>
  <wpt lat="45.367806" lon="5.822935">
    <ele>1454.6176368391662</ele>
    <name>Source</name>
  </wpt>
  <wpt lat="45.351789" lon="5.827959">
    <ele>1119.0416992379921</ele>
    <name>Fontaine Le Battour</name>
  </wpt>
  <trk>
    <name>Les 4x2000m de Chartreuse, une belle journée dehors ☀️☀️🌦️🌧️</name>
    <type>trail_running</type>
    <trkseg>
      <trkpt lat="45.304356" lon="5.8387">
        <ele>1410.75</ele>
      </trkpt>
      <trkpt lat="45.304234" lon="5.838504">
        <ele>1412.22</ele>
      </trkpt>
      <trkpt lat="45.304167" lon="5.838383">
        <ele>1414.08</ele>
      </trkpt>
      <trkpt lat="45.304023" lon="5.83808">
        <ele>1416.33</ele>
      </trkpt>
      <trkpt lat="45.303925" lon="5.837944">
        <ele>1417.78</ele>
      </trkpt>
      <trkpt lat="45.303851" lon="5.837888">
        <ele>1419.04</ele>
      </trkpt>
      <trkpt lat="45.303684" lon="5.837793">
        <ele>1421.08</ele>
      </trkpt>
      <trkpt lat="45.30347" lon="5.837702">
        <ele>1424.38</ele>
      </trkpt>
      <trkpt lat="45.3033" lon="5.837619">
        <ele>1425.44</ele>
      </trkpt>
      <trkpt lat="45.303225" lon="5.837568">
        <ele>1426.54</ele>
      </trkpt>
      <trkpt lat="45.30313" lon="5.837495">
        <ele>1427.01</ele>
      </trkpt>
      <trkpt lat="45.303052" lon="5.83742">
        <ele>1427.44</ele>
      </trkpt>
      <trkpt lat="45.302881" lon="5.837229">
        <ele>1430.22</ele>
      </trkpt>
      <trkpt lat="45.302778" lon="5.837127">
        <ele>1431.25</ele>
      </trkpt>
      <trkpt lat="45.302634" lon="5.837037">
        <ele>1432.12</ele>
      </trkpt>
      <trkpt lat="45.302461" lon="5.836954">
        <ele>1433.06</ele>
      </trkpt>
      <trkpt lat="45.302445" lon="5.836923">
        <ele>1433.62</ele>
      </trkpt>
      <trkpt lat="45.302434" lon="5.836861">
        <ele>1434.24</ele>
      </trkpt>
      <trkpt lat="45.302438" lon="5.836822">
        <ele>1434.42</ele>
      </trkpt>
      <trkpt lat="45.302438" lon="5.836822">
        <ele>1434.42</ele>
      </trkpt>
      <trkpt lat="45.30246" lon="5.836774">
        <ele>1434.29</ele>
      </trkpt>
      <trkpt lat="45.302733" lon="5.836415">
        <ele>1433.15</ele>
      </trkpt>
      <trkpt lat="45.3028" lon="5.836259">
        <ele>1432.69</ele>
      </trkpt>
      <trkpt lat="45.302846" lon="5.836129">
        <ele>1431.41</ele>
      </trkpt>
      <trkpt lat="45.302854" lon="5.836062">
        <ele>1431.03</ele>
      </trkpt>
      <trkpt lat="45.302842" lon="5.836001">
        <ele>1429.67</ele>
      </trkpt>
      <trkpt lat="45.30282" lon="5.835967">
        <ele>1428.76</ele>
      </trkpt>
      <trkpt lat="45.302802" lon="5.835958">
        <ele>1428.29</ele>
      </trkpt>
      <trkpt lat="45.302768" lon="5.835966">
        <ele>1427.7</ele>
      </trkpt>
      <trkpt lat="45.30271" lon="5.836019">
        <ele>1427.5</ele>
      </trkpt>
      <trkpt lat="45.30271" lon="5.836019">
        <ele>1427.5</ele>
      </trkpt>
      <trkpt lat="45.302633" lon="5.836058">
        <ele>1426.9</ele>
      </trkpt>
      <trkpt lat="45.302552" lon="5.836059">
        <ele>1425.99</ele>
      </trkpt>
      <trkpt lat="45.302484" lon="5.835995">
        <ele>1424.51</ele>
      </trkpt>
      <trkpt lat="45.302319" lon="5.835757">
        <ele>1421.02</ele>
      </trkpt>
      <trkpt lat="45.302021" lon="5.835529">
        <ele>1417.72</ele>
      </trkpt>
      <trkpt lat="45.301832" lon="5.835312">
        <ele>1414.53</ele>
      </trkpt>
      <trkpt lat="45.301781" lon="5.835233">
        <ele>1413.53</ele>
      </trkpt>
      <trkpt lat="45.301742" lon="5.835135">
        <ele>1412.42</ele>
      </trkpt>
      <trkpt lat="45.301732" lon="5.835041">
        <ele>1411.22</ele>
      </trkpt>
      <trkpt lat="45.301732" lon="5.835041">
        <ele>1411.23</ele>
      </trkpt>
      <trkpt lat="45.301695" lon="5.834833">
        <ele>1409.85</ele>
      </trkpt>
      <trkpt lat="45.301612" lon="5.834519">
        <ele>1406.62</ele>
      </trkpt>
      <trkpt lat="45.301559" lon="5.83425">
        <ele>1404.75</ele>
      </trkpt>
      <trkpt lat="45.30156" lon="5.83411">
        <ele>1403.92</ele>
      </trkpt>
      <trkpt lat="45.301612" lon="5.834019">
        <ele>1402.53</ele>
      </trkpt>
      <trkpt lat="45.301665" lon="5.834003">
        <ele>1401.81</ele>
      </trkpt>
      <trkpt lat="45.301729" lon="5.833804">
        <ele>1402.17</ele>
      </trkpt>
      <trkpt lat="45.301777" lon="5.833676">
        <ele>1401.14</ele>
      </trkpt>
      <trkpt lat="45.301802" lon="5.833531">
        <ele>1400.75</ele>
      </trkpt>
      <trkpt lat="45.301769" lon="5.833357">
        <ele>1400.84</ele>
      </trkpt>
      <trkpt lat="45.30175" lon="5.833065">
        <ele>1400</ele>
      </trkpt>
      <trkpt lat="45.301811" lon="5.832728">
        <ele>1398.99</ele>
      </trkpt>
      <trkpt lat="45.301828" lon="5.832446">
        <ele>1397.24</ele>
      </trkpt>
      <trkpt lat="45.301832" lon="5.832163">
        <ele>1395.13</ele>
      </trkpt>
      <trkpt lat="45.301752" lon="5.831974">
        <ele>1393.73</ele>
      </trkpt>
      <trkpt lat="45.301702" lon="5.831805">
        <ele>1391.62</ele>
      </trkpt>
      <trkpt lat="45.301671" lon="5.831635">
        <ele>1390.24</ele>
      </trkpt>
      <trkpt lat="45.301676" lon="5.83146">
        <ele>1391.34</ele>
      </trkpt>
      <trkpt lat="45.301686" lon="5.831414">
        <ele>1391.6</ele>
      </trkpt>
      <trkpt lat="45.301686" lon="5.831414">
        <ele>1391.6</ele>
      </trkpt>
      <trkpt lat="45.301703" lon="5.831334">
        <ele>1392.05</ele>
      </trkpt>
      <trkpt lat="45.301721" lon="5.831124">
        <ele>1392.78</ele>
      </trkpt>
      <trkpt lat="45.301752" lon="5.830945">
        <ele>1393.19</ele>
      </trkpt>
      <trkpt lat="45.301797" lon="5.830732">
        <ele>1395.85</ele>
      </trkpt>
      <trkpt lat="45.301884" lon="5.830526">
        <ele>1397.59</ele>
      </trkpt>
      <trkpt lat="45.301952" lon="5.830329">
        <ele>1397.95</ele>
      </trkpt>
      <trkpt lat="45.301968" lon="5.830071">
        <ele>1402.76</ele>
      </trkpt>
      <trkpt lat="45.302066" lon="5.829814">
        <ele>1406.54</ele>
      </trkpt>
      <trkpt lat="45.302041" lon="5.829608">
        <ele>1410.93</ele>
      </trkpt>
      <trkpt lat="45.302059" lon="5.829383">
        <ele>1414.55</ele>
      </trkpt>
      <trkpt lat="45.302042" lon="5.829263">
        <ele>1416.21</ele>
      </trkpt>
      <trkpt lat="45.302042" lon="5.829263">
        <ele>1416.21</ele>
      </trkpt>
      <trkpt lat="45.302014" lon="5.829068">
        <ele>1418.93</ele>
      </trkpt>
      <trkpt lat="45.301871" lon="5.828785">
        <ele>1423.06</ele>
      </trkpt>
      <trkpt lat="45.301665" lon="5.828452">
        <ele>1424.26</ele>
      </trkpt>
      <trkpt lat="45.301409" lon="5.828285">
        <ele>1432.38</ele>
      </trkpt>
      <trkpt lat="45.301281" lon="5.828159">
        <ele>1436.12</ele>
      </trkpt>
      <trkpt lat="45.301157" lon="5.827912">
        <ele>1441.31</ele>
      </trkpt>
      <trkpt lat="45.301122" lon="5.827715">
        <ele>1442.92</ele>
      </trkpt>
      <trkpt lat="45.301104" lon="5.82766">
        <ele>1443.64</ele>
      </trkpt>
      <trkpt lat="45.301031" lon="5.827579">
        <ele>1447.82</ele>
      </trkpt>
      <trkpt lat="45.300873" lon="5.827487">
        <ele>1456.67</ele>
      </trkpt>
      <trkpt lat="45.300775" lon="5.827378">
        <ele>1462.03</ele>
      </trkpt>
      <trkpt lat="45.300711" lon="5.827235">
        <ele>1464.06</ele>
      </trkpt>
      <trkpt lat="45.300676" lon="5.827059">
        <ele>1463.51</ele>
      </trkpt>
      <trkpt lat="45.300595" lon="5.826886">
        <ele>1465.49</ele>
      </trkpt>
      <trkpt lat="45.300532" lon="5.826658">
        <ele>1466.87</ele>
      </trkpt>
      <trkpt lat="45.300271" lon="5.826207">
        <ele>1480.87</ele>
      </trkpt>
      <trkpt lat="45.300258" lon="5.825942">
        <ele>1484.66</ele>
      </trkpt>
      <trkpt lat="45.300253" lon="5.825853">
        <ele>1485.92</ele>
      </trkpt>
      <trkpt lat="45.3002" lon="5.825495">
        <ele>1495.65</ele>
      </trkpt>
      <trkpt lat="45.300318" lon="5.82512">
        <ele>1496.73</ele>
      </trkpt>
      <trkpt lat="45.300409" lon="5.824924">
        <ele>1495.21</ele>
      </trkpt>
      <trkpt lat="45.300417" lon="5.824776">
        <ele>1497.65</ele>
      </trkpt>
      <trkpt lat="45.300481" lon="5.824629">
        <ele>1495.63</ele>
      </trkpt>
      <trkpt lat="45.300481" lon="5.824468">
        <ele>1496.79</ele>
      </trkpt>
      <trkpt lat="45.300573" lon="5.824277">
        <ele>1490.31</ele>
      </trkpt>
      <trkpt lat="45.300569" lon="5.824173">
        <ele>1489.31</ele>
      </trkpt>
      <trkpt lat="45.300517" lon="5.824127">
        <ele>1491.04</ele>
      </trkpt>
      <trkpt lat="45.300412" lon="5.82406">
        <ele>1494.93</ele>
      </trkpt>
      <trkpt lat="45.300408" lon="5.824071">
        <ele>1501.2179336276017</ele>
      </trkpt>
      <trkpt lat="45.300412" lon="5.82406">
        <ele>1494.93</ele>
      </trkpt>
      <trkpt lat="45.300243" lon="5.823952">
        <ele>1501.19</ele>
      </trkpt>
      <trkpt lat="45.300167" lon="5.823839">
        <ele>1500.94</ele>
      </trkpt>
      <trkpt lat="45.300015" lon="5.823741">
        <ele>1503.97</ele>
      </trkpt>
      <trkpt lat="45.299843" lon="5.823556">
        <ele>1502.98</ele>
      </trkpt>
      <trkpt lat="45.299668" lon="5.823462">
        <ele>1506</ele>
      </trkpt>
      <trkpt lat="45.299507" lon="5.823312">
        <ele>1504.56</ele>
      </trkpt>
      <trkpt lat="45.29939" lon="5.82329">
        <ele>1506.47</ele>
      </trkpt>
      <trkpt lat="45.29939" lon="5.82329">
        <ele>1506.48</ele>
      </trkpt>
      <trkpt lat="45.299375" lon="5.823288">
        <ele>1506.72</ele>
      </trkpt>
      <trkpt lat="45.299266" lon="5.823178">
        <ele>1503.78</ele>
      </trkpt>
      <trkpt lat="45.29912" lon="5.823191">
        <ele>1506.28</ele>
      </trkpt>
      <trkpt lat="45.299032" lon="5.823124">
        <ele>1503.68</ele>
      </trkpt>
      <trkpt lat="45.298879" lon="5.82314">
        <ele>1505.69</ele>
      </trkpt>
      <trkpt lat="45.298756" lon="5.823213">
        <ele>1510.19</ele>
      </trkpt>
      <trkpt lat="45.298607" lon="5.823266">
        <ele>1513.54</ele>
      </trkpt>
      <trkpt lat="45.298479" lon="5.823223">
        <ele>1511.83</ele>
      </trkpt>
      <trkpt lat="45.298283" lon="5.823201">
        <ele>1510.77</ele>
      </trkpt>
      <trkpt lat="45.298283" lon="5.8232">
        <ele>1510.77</ele>
      </trkpt>
      <trkpt lat="45.298134" lon="5.823183">
        <ele>1509.96</ele>
      </trkpt>
      <trkpt lat="45.298045" lon="5.823154">
        <ele>1508.64</ele>
      </trkpt>
      <trkpt lat="45.297875" lon="5.822985">
        <ele>1500.73</ele>
      </trkpt>
      <trkpt lat="45.297128" lon="5.822717">
        <ele>1487.28</ele>
      </trkpt>
      <trkpt lat="45.296879" lon="5.822628">
        <ele>1484.4</ele>
      </trkpt>
      <trkpt lat="45.296537" lon="5.822459">
        <ele>1480.37</ele>
      </trkpt>
      <trkpt lat="45.296149" lon="5.822309">
        <ele>1477.64</ele>
      </trkpt>
      <trkpt lat="45.295798" lon="5.822108">
        <ele>1471.13</ele>
      </trkpt>
      <trkpt lat="45.295302" lon="5.821917">
        <ele>1466.26</ele>
      </trkpt>
      <trkpt lat="45.295181" lon="5.821821">
        <ele>1462.21</ele>
      </trkpt>
      <trkpt lat="45.295054" lon="5.821845">
        <ele>1464.51</ele>
      </trkpt>
      <trkpt lat="45.294998" lon="5.821818">
        <ele>1463.58</ele>
      </trkpt>
      <trkpt lat="45.294836" lon="5.821638">
        <ele>1456.25</ele>
      </trkpt>
      <trkpt lat="45.294585" lon="5.82152">
        <ele>1452.28</ele>
      </trkpt>
      <trkpt lat="45.294385" lon="5.821493">
        <ele>1452.24</ele>
      </trkpt>
      <trkpt lat="45.294224" lon="5.821429">
        <ele>1449.62</ele>
      </trkpt>
      <trkpt lat="45.294041" lon="5.82141">
        <ele>1450.15</ele>
      </trkpt>
      <trkpt lat="45.293932" lon="5.821327">
        <ele>1446.71</ele>
      </trkpt>
      <trkpt lat="45.293901" lon="5.821317">
        <ele>1446.42</ele>
      </trkpt>
      <trkpt lat="45.293901" lon="5.821317">
        <ele>1446.41</ele>
      </trkpt>
      <trkpt lat="45.293813" lon="5.821287">
        <ele>1445.58</ele>
      </trkpt>
      <trkpt lat="45.293507" lon="5.821048">
        <ele>1435.76</ele>
      </trkpt>
      <trkpt lat="45.293402" lon="5.82089">
        <ele>1428.21</ele>
      </trkpt>
      <trkpt lat="45.293266" lon="5.820754">
        <ele>1422.24</ele>
      </trkpt>
      <trkpt lat="45.29307" lon="5.820648">
        <ele>1417.82</ele>
      </trkpt>
      <trkpt lat="45.293104" lon="5.82064">
        <ele>1417.12</ele>
      </trkpt>
      <trkpt lat="45.293104" lon="5.82064">
        <ele>1417.12</ele>
      </trkpt>
      <trkpt lat="45.29307" lon="5.820648">
        <ele>1417.82</ele>
      </trkpt>
      <trkpt lat="45.292967" lon="5.820646">
        <ele>1418.23</ele>
      </trkpt>
      <trkpt lat="45.292626" lon="5.82058">
        <ele>1416.17</ele>
      </trkpt>
      <trkpt lat="45.292405" lon="5.820559">
        <ele>1415.61</ele>
      </trkpt>
      <trkpt lat="45.29219" lon="5.820611">
        <ele>1418.19</ele>
      </trkpt>
      <trkpt lat="45.292008" lon="5.820686">
        <ele>1421.75</ele>
      </trkpt>
      <trkpt lat="45.29181" lon="5.820719">
        <ele>1421.9</ele>
      </trkpt>
      <trkpt lat="45.291467" lon="5.820662">
        <ele>1413.29</ele>
      </trkpt>
      <trkpt lat="45.291405" lon="5.820665">
        <ele>1412.42</ele>
      </trkpt>
      <trkpt lat="45.291355" lon="5.820791">
        <ele>1418.21</ele>
      </trkpt>
      <trkpt lat="45.291246" lon="5.820842">
        <ele>1418.22</ele>
      </trkpt>
      <trkpt lat="45.2911" lon="5.820819">
        <ele>1414.42</ele>
      </trkpt>
      <trkpt lat="45.290999" lon="5.820815">
        <ele>1412.15</ele>
      </trkpt>
      <trkpt lat="45.290796" lon="5.821011">
        <ele>1417.29</ele>
      </trkpt>
      <trkpt lat="45.29049" lon="5.821171">
        <ele>1419.26</ele>
      </trkpt>
      <trkpt lat="45.290192" lon="5.821169">
        <ele>1416.27</ele>
      </trkpt>
      <trkpt lat="45.289894" lon="5.821166">
        <ele>1418.65</ele>
      </trkpt>
      <trkpt lat="45.289704" lon="5.82112">
        <ele>1420.65</ele>
      </trkpt>
      <trkpt lat="45.289704" lon="5.82112">
        <ele>1420.65</ele>
      </trkpt>
      <trkpt lat="45.28937" lon="5.821038">
        <ele>1424.18</ele>
      </trkpt>
      <trkpt lat="45.289047" lon="5.820941">
        <ele>1426.68</ele>
      </trkpt>
      <trkpt lat="45.288945" lon="5.820758">
        <ele>1421.54</ele>
      </trkpt>
      <trkpt lat="45.28878" lon="5.820565">
        <ele>1417.53</ele>
      </trkpt>
      <trkpt lat="45.288563" lon="5.820463">
        <ele>1417.57</ele>
      </trkpt>
      <trkpt lat="45.288178" lon="5.82049">
        <ele>1423.28</ele>
      </trkpt>
      <trkpt lat="45.287861" lon="5.820593">
        <ele>1427.79</ele>
      </trkpt>
      <trkpt lat="45.287544" lon="5.820697">
        <ele>1425.31</ele>
      </trkpt>
      <trkpt lat="45.287343" lon="5.82073">
        <ele>1420.68</ele>
      </trkpt>
      <trkpt lat="45.287141" lon="5.820764">
        <ele>1412.86</ele>
      </trkpt>
      <trkpt lat="45.286973" lon="5.820713">
        <ele>1407.95</ele>
      </trkpt>
      <trkpt lat="45.286616" lon="5.820611">
        <ele>1401.5</ele>
      </trkpt>
      <trkpt lat="45.286415" lon="5.820552">
        <ele>1400.81</ele>
      </trkpt>
      <trkpt lat="45.286236" lon="5.820469">
        <ele>1401.44</ele>
      </trkpt>
      <trkpt lat="45.28591" lon="5.820259">
        <ele>1404.47</ele>
      </trkpt>
      <trkpt lat="45.28569" lon="5.820217">
        <ele>1401.81</ele>
      </trkpt>
      <trkpt lat="45.285637" lon="5.820195">
        <ele>1401.52</ele>
      </trkpt>
      <trkpt lat="45.285637" lon="5.820195">
        <ele>1401.52</ele>
      </trkpt>
      <trkpt lat="45.285419" lon="5.820103">
        <ele>1400.35</ele>
      </trkpt>
      <trkpt lat="45.285245" lon="5.819993">
        <ele>1400.63</ele>
      </trkpt>
      <trkpt lat="45.285101" lon="5.81974">
        <ele>1406.41</ele>
      </trkpt>
      <trkpt lat="45.285006" lon="5.819536">
        <ele>1411.01</ele>
      </trkpt>
      <trkpt lat="45.284898" lon="5.819426">
        <ele>1412.01</ele>
      </trkpt>
      <trkpt lat="45.28475" lon="5.819194">
        <ele>1416.33</ele>
      </trkpt>
      <trkpt lat="45.284632" lon="5.819111">
        <ele>1417.21</ele>
      </trkpt>
      <trkpt lat="45.284363" lon="5.818993">
        <ele>1419.67</ele>
      </trkpt>
      <trkpt lat="45.283996" lon="5.818871">
        <ele>1422.12</ele>
      </trkpt>
      <trkpt lat="45.28375" lon="5.818775">
        <ele>1422.3</ele>
      </trkpt>
      <trkpt lat="45.283538" lon="5.818562">
        <ele>1424.62</ele>
      </trkpt>
      <trkpt lat="45.283198" lon="5.818189">
        <ele>1424.21</ele>
      </trkpt>
      <trkpt lat="45.282653" lon="5.817693">
        <ele>1418.53</ele>
      </trkpt>
      <trkpt lat="45.282354" lon="5.817536">
        <ele>1420.6</ele>
      </trkpt>
      <trkpt lat="45.2821" lon="5.817344">
        <ele>1424.55</ele>
      </trkpt>
      <trkpt lat="45.281533" lon="5.817136">
        <ele>1434.89</ele>
      </trkpt>
      <trkpt lat="45.281496" lon="5.817112">
        <ele>1435.61</ele>
      </trkpt>
      <trkpt lat="45.281487" lon="5.817139">
        <ele>1435.970539822807</ele>
      </trkpt>
      <trkpt lat="45.281496" lon="5.817112">
        <ele>1435.61</ele>
      </trkpt>
      <trkpt lat="45.281533" lon="5.817136">
        <ele>1434.89</ele>
      </trkpt>
      <trkpt lat="45.2821" lon="5.817344">
        <ele>1424.55</ele>
      </trkpt>
      <trkpt lat="45.282354" lon="5.817536">
        <ele>1420.6</ele>
      </trkpt>
      <trkpt lat="45.282653" lon="5.817693">
        <ele>1418.53</ele>
      </trkpt>
      <trkpt lat="45.282585" lon="5.817563">
        <ele>1416.83</ele>
      </trkpt>
      <trkpt lat="45.282585" lon="5.817563">
        <ele>1416.84</ele>
      </trkpt>
      <trkpt lat="45.282585" lon="5.817563">
        <ele>1416.83</ele>
      </trkpt>
      <trkpt lat="45.282653" lon="5.817693">
        <ele>1418.53</ele>
      </trkpt>
      <trkpt lat="45.282354" lon="5.817536">
        <ele>1420.6</ele>
      </trkpt>
      <trkpt lat="45.2821" lon="5.817344">
        <ele>1424.55</ele>
      </trkpt>
      <trkpt lat="45.281533" lon="5.817136">
        <ele>1434.89</ele>
      </trkpt>
      <trkpt lat="45.281337" lon="5.81701">
        <ele>1438.68</ele>
      </trkpt>
      <trkpt lat="45.281209" lon="5.816999">
        <ele>1442.08</ele>
      </trkpt>
      <trkpt lat="45.281116" lon="5.817003">
        <ele>1444.54</ele>
      </trkpt>
      <trkpt lat="45.280948" lon="5.816968">
        <ele>1449.9</ele>
      </trkpt>
      <trkpt lat="45.280911" lon="5.816883">
        <ele>1452.86</ele>
      </trkpt>
      <trkpt lat="45.280892" lon="5.816575">
        <ele>1460.37</ele>
      </trkpt>
      <trkpt lat="45.280867" lon="5.816518">
        <ele>1461.56</ele>
      </trkpt>
      <trkpt lat="45.280819" lon="5.816512">
        <ele>1463.03</ele>
      </trkpt>
      <trkpt lat="45.280753" lon="5.816433">
        <ele>1465.07</ele>
      </trkpt>
      <trkpt lat="45.280716" lon="5.816308">
        <ele>1467.61</ele>
      </trkpt>
      <trkpt lat="45.280733" lon="5.816262">
        <ele>1467.76</ele>
      </trkpt>
      <trkpt lat="45.280718" lon="5.816215">
        <ele>1468.49</ele>
      </trkpt>
      <trkpt lat="45.280555" lon="5.81606">
        <ele>1473.06</ele>
      </trkpt>
      <trkpt lat="45.280475" lon="5.815961">
        <ele>1474.23</ele>
      </trkpt>
      <trkpt lat="45.280397" lon="5.815842">
        <ele>1475.68</ele>
      </trkpt>
      <trkpt lat="45.280226" lon="5.815637">
        <ele>1478.51</ele>
      </trkpt>
      <trkpt lat="45.280204" lon="5.8155">
        <ele>1478.92</ele>
      </trkpt>
      <trkpt lat="45.280204" lon="5.8155">
        <ele>1478.92</ele>
      </trkpt>
      <trkpt lat="45.280188" lon="5.815398">
        <ele>1479.22</ele>
      </trkpt>
      <trkpt lat="45.280118" lon="5.815222">
        <ele>1480.81</ele>
      </trkpt>
      <trkpt lat="45.280069" lon="5.815162">
        <ele>1481.28</ele>
      </trkpt>
      <trkpt lat="45.280058" lon="5.815039">
        <ele>1482.22</ele>
      </trkpt>
      <trkpt lat="45.280032" lon="5.814962">
        <ele>1483.1</ele>
      </trkpt>
      <trkpt lat="45.279983" lon="5.814906">
        <ele>1483.76</ele>
      </trkpt>
      <trkpt lat="45.280045" lon="5.814632">
        <ele>1487.32</ele>
      </trkpt>
      <trkpt lat="45.280083" lon="5.814241">
        <ele>1490</ele>
      </trkpt>
      <trkpt lat="45.280172" lon="5.813862">
        <ele>1488.38</ele>
      </trkpt>
      <trkpt lat="45.280194" lon="5.813506">
        <ele>1487.13</ele>
      </trkpt>
      <trkpt lat="45.280211" lon="5.813444">
        <ele>1486.63</ele>
      </trkpt>
      <trkpt lat="45.280227" lon="5.81325">
        <ele>1484.29</ele>
      </trkpt>
      <trkpt lat="45.280262" lon="5.813142">
        <ele>1482.27</ele>
      </trkpt>
      <trkpt lat="45.280301" lon="5.812961">
        <ele>1478.96</ele>
      </trkpt>
      <trkpt lat="45.280377" lon="5.812682">
        <ele>1473.21</ele>
      </trkpt>
      <trkpt lat="45.280418" lon="5.812472">
        <ele>1468.49</ele>
      </trkpt>
      <trkpt lat="45.280484" lon="5.812265">
        <ele>1463.62</ele>
      </trkpt>
      <trkpt lat="45.280532" lon="5.812171">
        <ele>1461.32</ele>
      </trkpt>
      <trkpt lat="45.280532" lon="5.812171">
        <ele>1461.32</ele>
      </trkpt>
      <trkpt lat="45.280585" lon="5.812065">
        <ele>1458.73</ele>
      </trkpt>
      <trkpt lat="45.280633" lon="5.811882">
        <ele>1455.14</ele>
      </trkpt>
      <trkpt lat="45.280729" lon="5.81162">
        <ele>1449.78</ele>
      </trkpt>
      <trkpt lat="45.280845" lon="5.811363">
        <ele>1444.81</ele>
      </trkpt>
      <trkpt lat="45.281024" lon="5.811064">
        <ele>1438.63</ele>
      </trkpt>
      <trkpt lat="45.281112" lon="5.810872">
        <ele>1434.71</ele>
      </trkpt>
      <trkpt lat="45.281252" lon="5.810714">
        <ele>1432.49</ele>
      </trkpt>
      <trkpt lat="45.281309" lon="5.810611">
        <ele>1431.3</ele>
      </trkpt>
      <trkpt lat="45.281421" lon="5.81026">
        <ele>1429.1</ele>
      </trkpt>
      <trkpt lat="45.281533" lon="5.809677">
        <ele>1424.35</ele>
      </trkpt>
      <trkpt lat="45.281524" lon="5.80953">
        <ele>1422.56</ele>
      </trkpt>
      <trkpt lat="45.281487" lon="5.809368">
        <ele>1420.31</ele>
      </trkpt>
      <trkpt lat="45.281603" lon="5.809033">
        <ele>1415.97</ele>
      </trkpt>
      <trkpt lat="45.28184" lon="5.80829">
        <ele>1412.19</ele>
      </trkpt>
      <trkpt lat="45.281922" lon="5.808049">
        <ele>1411.97</ele>
      </trkpt>
      <trkpt lat="45.281999" lon="5.807861">
        <ele>1412</ele>
      </trkpt>
      <trkpt lat="45.282106" lon="5.807629">
        <ele>1412</ele>
      </trkpt>
      <trkpt lat="45.282191" lon="5.807486">
        <ele>1411.67</ele>
      </trkpt>
      <trkpt lat="45.282228" lon="5.8074">
        <ele>1411.86</ele>
      </trkpt>
      <trkpt lat="45.28225" lon="5.807324">
        <ele>1412.12</ele>
      </trkpt>
      <trkpt lat="45.282288" lon="5.807247">
        <ele>1411.45</ele>
      </trkpt>
      <trkpt lat="45.282304" lon="5.807013">
        <ele>1411.91</ele>
      </trkpt>
      <trkpt lat="45.282334" lon="5.806894">
        <ele>1411.18</ele>
      </trkpt>
      <trkpt lat="45.282469" lon="5.806579">
        <ele>1407.29</ele>
      </trkpt>
      <trkpt lat="45.282637" lon="5.806096">
        <ele>1403.13</ele>
      </trkpt>
      <trkpt lat="45.282726" lon="5.80593">
        <ele>1403.47</ele>
      </trkpt>
      <trkpt lat="45.282902" lon="5.805641">
        <ele>1404.05</ele>
      </trkpt>
      <trkpt lat="45.283039" lon="5.80543">
        <ele>1402.35</ele>
      </trkpt>
      <trkpt lat="45.283185" lon="5.805002">
        <ele>1401.42</ele>
      </trkpt>
      <trkpt lat="45.283239" lon="5.804919">
        <ele>1399.88</ele>
      </trkpt>
      <trkpt lat="45.28326" lon="5.804818">
        <ele>1398.64</ele>
      </trkpt>
      <trkpt lat="45.283395" lon="5.804598">
        <ele>1392.07</ele>
      </trkpt>
      <trkpt lat="45.283447" lon="5.804491">
        <ele>1389.1</ele>
      </trkpt>
      <trkpt lat="45.283423" lon="5.804413">
        <ele>1388.68</ele>
      </trkpt>
      <trkpt lat="45.283596" lon="5.804298">
        <ele>1381.04</ele>
      </trkpt>
      <trkpt lat="45.283692" lon="5.80417">
        <ele>1375.84</ele>
      </trkpt>
      <trkpt lat="45.28367" lon="5.804087">
        <ele>1376.01</ele>
      </trkpt>
      <trkpt lat="45.28367" lon="5.803956">
        <ele>1375.24</ele>
      </trkpt>
      <trkpt lat="45.283682" lon="5.803807">
        <ele>1374.25</ele>
      </trkpt>
      <trkpt lat="45.283734" lon="5.803654">
        <ele>1374.2</ele>
      </trkpt>
      <trkpt lat="45.283777" lon="5.803716">
        <ele>1374.35</ele>
      </trkpt>
      <trkpt lat="45.283804" lon="5.803823">
        <ele>1372.81</ele>
      </trkpt>
      <trkpt lat="45.283821" lon="5.80381">
        <ele>1372.81</ele>
      </trkpt>
      <trkpt lat="45.283868" lon="5.803813">
        <ele>1372.02</ele>
      </trkpt>
      <trkpt lat="45.283928" lon="5.803693">
        <ele>1374.6</ele>
      </trkpt>
      <trkpt lat="45.283949" lon="5.803557">
        <ele>1378.22</ele>
      </trkpt>
      <trkpt lat="45.283947" lon="5.803457">
        <ele>1380.01</ele>
      </trkpt>
      <trkpt lat="45.283955" lon="5.803328">
        <ele>1381.73</ele>
      </trkpt>
      <trkpt lat="45.283997" lon="5.803263">
        <ele>1382.59</ele>
      </trkpt>
      <trkpt lat="45.284146" lon="5.803173">
        <ele>1385.05</ele>
      </trkpt>
      <trkpt lat="45.284241" lon="5.803006">
        <ele>1385.38</ele>
      </trkpt>
      <trkpt lat="45.284315" lon="5.802848">
        <ele>1384.99</ele>
      </trkpt>
      <trkpt lat="45.2844" lon="5.802747">
        <ele>1383.52</ele>
      </trkpt>
      <trkpt lat="45.284443" lon="5.802653">
        <ele>1383.06</ele>
      </trkpt>
      <trkpt lat="45.284527" lon="5.802557">
        <ele>1380.82</ele>
      </trkpt>
      <trkpt lat="45.28456" lon="5.802464">
        <ele>1380.19</ele>
      </trkpt>
      <trkpt lat="45.284586" lon="5.802222">
        <ele>1378.9</ele>
      </trkpt>
      <trkpt lat="45.284669" lon="5.801918">
        <ele>1375.05</ele>
      </trkpt>
      <trkpt lat="45.284678" lon="5.801738">
        <ele>1374.58</ele>
      </trkpt>
      <trkpt lat="45.284734" lon="5.801221">
        <ele>1378.34</ele>
      </trkpt>
      <trkpt lat="45.284734" lon="5.801112">
        <ele>1378.98</ele>
      </trkpt>
      <trkpt lat="45.284734" lon="5.801112">
        <ele>1378.98</ele>
      </trkpt>
      <trkpt lat="45.28472" lon="5.800855">
        <ele>1380.67</ele>
      </trkpt>
      <trkpt lat="45.284702" lon="5.800768">
        <ele>1382.74</ele>
      </trkpt>
      <trkpt lat="45.284617" lon="5.800584">
        <ele>1387.18</ele>
      </trkpt>
      <trkpt lat="45.284609" lon="5.800521">
        <ele>1388.38</ele>
      </trkpt>
      <trkpt lat="45.284602" lon="5.800243">
        <ele>1392.99</ele>
      </trkpt>
      <trkpt lat="45.284606" lon="5.800067">
        <ele>1395.55</ele>
      </trkpt>
      <trkpt lat="45.284479" lon="5.799783">
        <ele>1405.9</ele>
      </trkpt>
      <trkpt lat="45.284467" lon="5.799485">
        <ele>1412.5</ele>
      </trkpt>
      <trkpt lat="45.28438" lon="5.799087">
        <ele>1425.2</ele>
      </trkpt>
      <trkpt lat="45.284261" lon="5.798747">
        <ele>1438.59</ele>
      </trkpt>
      <trkpt lat="45.284323" lon="5.798596">
        <ele>1443.27</ele>
      </trkpt>
      <trkpt lat="45.284351" lon="5.798378">
        <ele>1450.01</ele>
      </trkpt>
      <trkpt lat="45.28441" lon="5.798182">
        <ele>1455.64</ele>
      </trkpt>
      <trkpt lat="45.284399" lon="5.798072">
        <ele>1460</ele>
      </trkpt>
      <trkpt lat="45.284364" lon="5.797967">
        <ele>1464.96</ele>
      </trkpt>
      <trkpt lat="45.28416" lon="5.797739">
        <ele>1473.95</ele>
      </trkpt>
      <trkpt lat="45.283928" lon="5.797441">
        <ele>1476.94</ele>
      </trkpt>
      <trkpt lat="45.283959" lon="5.797413">
        <ele>1478.75</ele>
      </trkpt>
      <trkpt lat="45.283959" lon="5.797413">
        <ele>1478.77</ele>
      </trkpt>
      <trkpt lat="45.284012" lon="5.797366">
        <ele>1481.89</ele>
      </trkpt>
      <trkpt lat="45.284203" lon="5.797286">
        <ele>1487.59</ele>
      </trkpt>
      <trkpt lat="45.284426" lon="5.797232">
        <ele>1483.94</ele>
      </trkpt>
      <trkpt lat="45.284496" lon="5.797233">
        <ele>1480.47</ele>
      </trkpt>
      <trkpt lat="45.284542" lon="5.797208">
        <ele>1478.58</ele>
      </trkpt>
      <trkpt lat="45.284477" lon="5.797108">
        <ele>1484.68</ele>
      </trkpt>
      <trkpt lat="45.284477" lon="5.797108">
        <ele>1484.68</ele>
      </trkpt>
      <trkpt lat="45.284437" lon="5.797069">
        <ele>1487.74</ele>
      </trkpt>
      <trkpt lat="45.284327" lon="5.796988">
        <ele>1494.18</ele>
      </trkpt>
      <trkpt lat="45.284283" lon="5.79697">
        <ele>1495.37</ele>
      </trkpt>
      <trkpt lat="45.284267" lon="5.79691">
        <ele>1497.02</ele>
      </trkpt>
      <trkpt lat="45.284304" lon="5.796845">
        <ele>1497.91</ele>
      </trkpt>
      <trkpt lat="45.284425" lon="5.79674">
        <ele>1495.49</ele>
      </trkpt>
      <trkpt lat="45.284437" lon="5.796687">
        <ele>1495.91</ele>
      </trkpt>
      <trkpt lat="45.284346" lon="5.796494">
        <ele>1503.8</ele>
      </trkpt>
      <trkpt lat="45.284343" lon="5.796337">
        <ele>1506.49</ele>
      </trkpt>
      <trkpt lat="45.284222" lon="5.796083">
        <ele>1516.1</ele>
      </trkpt>
      <trkpt lat="45.284195" lon="5.795716">
        <ele>1523.55</ele>
      </trkpt>
      <trkpt lat="45.284083" lon="5.795193">
        <ele>1535.96</ele>
      </trkpt>
      <trkpt lat="45.28406" lon="5.795104">
        <ele>1536.82</ele>
      </trkpt>
      <trkpt lat="45.284077" lon="5.79503">
        <ele>1538.25</ele>
      </trkpt>
      <trkpt lat="45.284088" lon="5.794789">
        <ele>1543.26</ele>
      </trkpt>
      <trkpt lat="45.284104" lon="5.794595">
        <ele>1549.61</ele>
      </trkpt>
      <trkpt lat="45.284088" lon="5.79433">
        <ele>1560.61</ele>
      </trkpt>
      <trkpt lat="45.284052" lon="5.794251">
        <ele>1562.45</ele>
      </trkpt>
      <trkpt lat="45.28398" lon="5.794127">
        <ele>1563.15</ele>
      </trkpt>
      <trkpt lat="45.28398" lon="5.794127">
        <ele>1563.15</ele>
      </trkpt>
      <trkpt lat="45.283924" lon="5.79403">
        <ele>1563.71</ele>
      </trkpt>
      <trkpt lat="45.283869" lon="5.793982">
        <ele>1563.16</ele>
      </trkpt>
      <trkpt lat="45.283723" lon="5.793879">
        <ele>1565.07</ele>
      </trkpt>
      <trkpt lat="45.283657" lon="5.793821">
        <ele>1568.28</ele>
      </trkpt>
      <trkpt lat="45.283534" lon="5.793822">
        <ele>1569.78</ele>
      </trkpt>
      <trkpt lat="45.28339" lon="5.794015">
        <ele>1563.65</ele>
      </trkpt>
      <trkpt lat="45.283316" lon="5.794045">
        <ele>1563.86</ele>
      </trkpt>
      <trkpt lat="45.283236" lon="5.79406">
        <ele>1564.55</ele>
      </trkpt>
      <trkpt lat="45.283167" lon="5.794032">
        <ele>1566.85</ele>
      </trkpt>
      <trkpt lat="45.283053" lon="5.793936">
        <ele>1571.71</ele>
      </trkpt>
      <trkpt lat="45.282921" lon="5.793785">
        <ele>1577.75</ele>
      </trkpt>
      <trkpt lat="45.282804" lon="5.793677">
        <ele>1581.53</ele>
      </trkpt>
      <trkpt lat="45.282303" lon="5.793281">
        <ele>1587.91</ele>
      </trkpt>
      <trkpt lat="45.282055" lon="5.793004">
        <ele>1592.04</ele>
      </trkpt>
      <trkpt lat="45.281873" lon="5.792852">
        <ele>1592.54</ele>
      </trkpt>
      <trkpt lat="45.28172" lon="5.792606">
        <ele>1595.51</ele>
      </trkpt>
      <trkpt lat="45.281618" lon="5.792489">
        <ele>1596.02</ele>
      </trkpt>
      <trkpt lat="45.281568" lon="5.792522">
        <ele>1593.71</ele>
      </trkpt>
      <trkpt lat="45.281472" lon="5.792517">
        <ele>1591.48</ele>
      </trkpt>
      <trkpt lat="45.281288" lon="5.792444">
        <ele>1589.09</ele>
      </trkpt>
      <trkpt lat="45.281156" lon="5.792359">
        <ele>1589.21</ele>
      </trkpt>
      <trkpt lat="45.281058" lon="5.792327">
        <ele>1587.92</ele>
      </trkpt>
      <trkpt lat="45.280962" lon="5.792244">
        <ele>1589.21</ele>
      </trkpt>
      <trkpt lat="45.280922" lon="5.792222">
        <ele>1589.24</ele>
      </trkpt>
      <trkpt lat="45.280877" lon="5.792171">
        <ele>1589.85</ele>
      </trkpt>
      <trkpt lat="45.280749" lon="5.792104">
        <ele>1589.59</ele>
      </trkpt>
      <trkpt lat="45.280718" lon="5.792065">
        <ele>1590.42</ele>
      </trkpt>
      <trkpt lat="45.280686" lon="5.792051">
        <ele>1590.39</ele>
      </trkpt>
      <trkpt lat="45.280602" lon="5.792061">
        <ele>1588.87</ele>
      </trkpt>
      <trkpt lat="45.280569" lon="5.792051">
        <ele>1588.71</ele>
      </trkpt>
      <trkpt lat="45.280455" lon="5.791955">
        <ele>1589.6</ele>
      </trkpt>
      <trkpt lat="45.280303" lon="5.791807">
        <ele>1590.95</ele>
      </trkpt>
      <trkpt lat="45.280299" lon="5.791767">
        <ele>1591.33</ele>
      </trkpt>
      <trkpt lat="45.280299" lon="5.791767">
        <ele>1591.33</ele>
      </trkpt>
      <trkpt lat="45.280303" lon="5.791807">
        <ele>1590.95</ele>
      </trkpt>
      <trkpt lat="45.280339" lon="5.791733">
        <ele>1592.96</ele>
      </trkpt>
      <trkpt lat="45.280436" lon="5.791565">
        <ele>1598.15</ele>
      </trkpt>
      <trkpt lat="45.280577" lon="5.791408">
        <ele>1606.08</ele>
      </trkpt>
      <trkpt lat="45.280703" lon="5.79139">
        <ele>1612.29</ele>
      </trkpt>
      <trkpt lat="45.280974" lon="5.791324">
        <ele>1624.8</ele>
      </trkpt>
      <trkpt lat="45.281352" lon="5.791205">
        <ele>1637.57</ele>
      </trkpt>
      <trkpt lat="45.281634" lon="5.791053">
        <ele>1649.85</ele>
      </trkpt>
      <trkpt lat="45.281762" lon="5.791005">
        <ele>1655.15</ele>
      </trkpt>
      <trkpt lat="45.28177" lon="5.790937">
        <ele>1658.5</ele>
      </trkpt>
      <trkpt lat="45.281729" lon="5.790843">
        <ele>1661.47</ele>
      </trkpt>
      <trkpt lat="45.281543" lon="5.790652">
        <ele>1662.44</ele>
      </trkpt>
      <trkpt lat="45.281466" lon="5.7906">
        <ele>1661.19</ele>
      </trkpt>
      <trkpt lat="45.281518" lon="5.790544">
        <ele>1664.57</ele>
      </trkpt>
      <trkpt lat="45.281574" lon="5.790516">
        <ele>1667.69</ele>
      </trkpt>
      <trkpt lat="45.281638" lon="5.790447">
        <ele>1672.23</ele>
      </trkpt>
      <trkpt lat="45.281723" lon="5.790436">
        <ele>1675.61</ele>
      </trkpt>
      <trkpt lat="45.281824" lon="5.790383">
        <ele>1680.71</ele>
      </trkpt>
      <trkpt lat="45.281839" lon="5.790315">
        <ele>1683.39</ele>
      </trkpt>
      <trkpt lat="45.282183" lon="5.790261">
        <ele>1696.21</ele>
      </trkpt>
      <trkpt lat="45.282561" lon="5.790064">
        <ele>1713.7</ele>
      </trkpt>
      <trkpt lat="45.282472" lon="5.789992">
        <ele>1714.46</ele>
      </trkpt>
      <trkpt lat="45.28245" lon="5.789948">
        <ele>1715.94</ele>
      </trkpt>
      <trkpt lat="45.28245" lon="5.789948">
        <ele>1715.94</ele>
      </trkpt>
      <trkpt lat="45.282442" lon="5.78991">
        <ele>1717.49</ele>
      </trkpt>
      <trkpt lat="45.282391" lon="5.789849">
        <ele>1719.51</ele>
      </trkpt>
      <trkpt lat="45.282296" lon="5.789794">
        <ele>1719.83</ele>
      </trkpt>
      <trkpt lat="45.282197" lon="5.78973">
        <ele>1719.23</ele>
      </trkpt>
      <trkpt lat="45.28233" lon="5.78956">
        <ele>1729.56</ele>
      </trkpt>
      <trkpt lat="45.282365" lon="5.789522">
        <ele>1731.39</ele>
      </trkpt>
      <trkpt lat="45.282422" lon="5.789483">
        <ele>1734.58</ele>
      </trkpt>
      <trkpt lat="45.282537" lon="5.789452">
        <ele>1739.9</ele>
      </trkpt>
      <trkpt lat="45.282562" lon="5.789332">
        <ele>1743.85</ele>
      </trkpt>
      <trkpt lat="45.282583" lon="5.789327">
        <ele>1744.86</ele>
      </trkpt>
      <trkpt lat="45.282578" lon="5.789289">
        <ele>1745.57</ele>
      </trkpt>
      <trkpt lat="45.282609" lon="5.789188">
        <ele>1747.99</ele>
      </trkpt>
      <trkpt lat="45.282636" lon="5.789197">
        <ele>1749.49</ele>
      </trkpt>
      <trkpt lat="45.282658" lon="5.78916">
        <ele>1750.78</ele>
      </trkpt>
      <trkpt lat="45.282696" lon="5.789174">
        <ele>1752.35</ele>
      </trkpt>
      <trkpt lat="45.282758" lon="5.789159">
        <ele>1755.52</ele>
      </trkpt>
      <trkpt lat="45.282794" lon="5.789132">
        <ele>1758.08</ele>
      </trkpt>
      <trkpt lat="45.282784" lon="5.789092">
        <ele>1758.61</ele>
      </trkpt>
      <trkpt lat="45.282789" lon="5.78905">
        <ele>1759.24</ele>
      </trkpt>
      <trkpt lat="45.282826" lon="5.789053">
        <ele>1761.55</ele>
      </trkpt>
      <trkpt lat="45.282887" lon="5.78899">
        <ele>1766.42</ele>
      </trkpt>
      <trkpt lat="45.28296" lon="5.788972">
        <ele>1771.14</ele>
      </trkpt>
      <trkpt lat="45.282998" lon="5.788906">
        <ele>1775.34</ele>
      </trkpt>
      <trkpt lat="45.282996" lon="5.788803">
        <ele>1777.58</ele>
      </trkpt>
      <trkpt lat="45.283047" lon="5.788291">
        <ele>1793.01</ele>
      </trkpt>
      <trkpt lat="45.283097" lon="5.788143">
        <ele>1800.75</ele>
      </trkpt>
      <trkpt lat="45.283104" lon="5.787985">
        <ele>1804.68</ele>
      </trkpt>
      <trkpt lat="45.283116" lon="5.787888">
        <ele>1806.92</ele>
      </trkpt>
      <trkpt lat="45.283158" lon="5.78794">
        <ele>1809.68</ele>
      </trkpt>
      <trkpt lat="45.283197" lon="5.787831">
        <ele>1813.21</ele>
      </trkpt>
      <trkpt lat="45.283239" lon="5.787903">
        <ele>1816.73</ele>
      </trkpt>
      <trkpt lat="45.283244" lon="5.787846">
        <ele>1817.02</ele>
      </trkpt>
      <trkpt lat="45.283297" lon="5.787907">
        <ele>1820.56</ele>
      </trkpt>
      <trkpt lat="45.283308" lon="5.787809">
        <ele>1820.57</ele>
      </trkpt>
      <trkpt lat="45.283383" lon="5.787865">
        <ele>1826.14</ele>
      </trkpt>
      <trkpt lat="45.283443" lon="5.787806">
        <ele>1828.57</ele>
      </trkpt>
      <trkpt lat="45.283556" lon="5.787872">
        <ele>1836.97</ele>
      </trkpt>
      <trkpt lat="45.28362" lon="5.787898">
        <ele>1841.25</ele>
      </trkpt>
      <trkpt lat="45.283739" lon="5.787883">
        <ele>1850.29</ele>
      </trkpt>
      <trkpt lat="45.283909" lon="5.787781">
        <ele>1865.62</ele>
      </trkpt>
      <trkpt lat="45.283914" lon="5.787527">
        <ele>1875.46</ele>
      </trkpt>
      <trkpt lat="45.283837" lon="5.787338">
        <ele>1879</ele>
      </trkpt>
      <trkpt lat="45.283885" lon="5.787144">
        <ele>1897.97</ele>
      </trkpt>
      <trkpt lat="45.283845" lon="5.786949">
        <ele>1900.71</ele>
      </trkpt>
      <trkpt lat="45.283826" lon="5.786826">
        <ele>1903.66</ele>
      </trkpt>
      <trkpt lat="45.283793" lon="5.786763">
        <ele>1901.91</ele>
      </trkpt>
      <trkpt lat="45.283771" lon="5.786694">
        <ele>1902.11</ele>
      </trkpt>
      <trkpt lat="45.283724" lon="5.786623">
        <ele>1899.25</ele>
      </trkpt>
      <trkpt lat="45.283699" lon="5.786541">
        <ele>1900.18</ele>
      </trkpt>
      <trkpt lat="45.283611" lon="5.786393">
        <ele>1897.89</ele>
      </trkpt>
      <trkpt lat="45.2836" lon="5.78641">
        <ele>1871.0942262977824</ele>
      </trkpt>
      <trkpt lat="45.283621" lon="5.786455">
        <ele>1871.1492838215695</ele>
      </trkpt>
      <trkpt lat="45.283645" lon="5.786509">
        <ele>1871.1192698973166</ele>
      </trkpt>
      <trkpt lat="45.283662" lon="5.786547">
        <ele>1871.2623849262272</ele>
      </trkpt>
      <trkpt lat="45.283679" lon="5.786584">
        <ele>1871.6218322711295</ele>
      </trkpt>
      <trkpt lat="45.283696" lon="5.786622">
        <ele>1871.8793391207505</ele>
      </trkpt>
      <trkpt lat="45.28371" lon="5.786652">
        <ele>1872.1803752167004</ele>
      </trkpt>
      <trkpt lat="45.283727" lon="5.78669">
        <ele>1872.5620183330993</ele>
      </trkpt>
      <trkpt lat="45.283741" lon="5.786721">
        <ele>1872.982757385636</ele>
      </trkpt>
      <trkpt lat="45.283754" lon="5.786751">
        <ele>1873.3618430713059</ele>
      </trkpt>
      <trkpt lat="45.283768" lon="5.786781">
        <ele>1873.8993877767746</ele>
      </trkpt>
      <trkpt lat="45.283778" lon="5.786804">
        <ele>1874.2031381402992</ele>
      </trkpt>
      <trkpt lat="45.283785" lon="5.786819">
        <ele>1874.4762747076036</ele>
      </trkpt>
      <trkpt lat="45.283789" lon="5.786827">
        <ele>1874.6634373539662</ele>
      </trkpt>
      <trkpt lat="45.283792" lon="5.786834">
        <ele>1874.7508753125808</ele>
      </trkpt>
      <trkpt lat="45.283795" lon="5.786842">
        <ele>1874.785400146717</ele>
      </trkpt>
      <trkpt lat="45.283799" lon="5.786849">
        <ele>1875.0269399533458</ele>
      </trkpt>
      <trkpt lat="45.283799" lon="5.786849">
        <ele>1875.0269399533458</ele>
      </trkpt>
      <trkpt lat="45.283799" lon="5.786849">
        <ele>1875.0269399533458</ele>
      </trkpt>
      <trkpt lat="45.283802" lon="5.786857">
        <ele>1875.0621689161887</ele>
      </trkpt>
      <trkpt lat="45.283802" lon="5.786857">
        <ele>1875.0621689161887</ele>
      </trkpt>
      <trkpt lat="45.283802" lon="5.786857">
        <ele>1875.0621689161887</ele>
      </trkpt>
      <trkpt lat="45.283802" lon="5.786857">
        <ele>1875.0621689161887</ele>
      </trkpt>
      <trkpt lat="45.283802" lon="5.786857">
        <ele>1875.0621689161887</ele>
      </trkpt>
      <trkpt lat="45.283802" lon="5.786857">
        <ele>1875.0621689161887</ele>
      </trkpt>
      <trkpt lat="45.283802" lon="5.786857">
        <ele>1875.0621689161887</ele>
      </trkpt>
      <trkpt lat="45.283802" lon="5.786857">
        <ele>1875.0621689161887</ele>
      </trkpt>
      <trkpt lat="45.283802" lon="5.786857">
        <ele>1875.0621689161887</ele>
      </trkpt>
      <trkpt lat="45.283806" lon="5.786864">
        <ele>1875.3044686301678</ele>
      </trkpt>
      <trkpt lat="45.283806" lon="5.786864">
        <ele>1875.3044686301678</ele>
      </trkpt>
      <trkpt lat="45.283806" lon="5.786864">
        <ele>1875.3044686301678</ele>
      </trkpt>
      <trkpt lat="45.283806" lon="5.786864">
        <ele>1875.3044686301678</ele>
      </trkpt>
      <trkpt lat="45.283806" lon="5.786864">
        <ele>1875.3044686301678</ele>
      </trkpt>
      <trkpt lat="45.283809" lon="5.786872">
        <ele>1875.3404017174887</ele>
      </trkpt>
      <trkpt lat="45.283806" lon="5.786864">
        <ele>1875.3044686301678</ele>
      </trkpt>
      <trkpt lat="45.283809" lon="5.786872">
        <ele>1875.3404017174887</ele>
      </trkpt>
      <trkpt lat="45.283809" lon="5.786872">
        <ele>1875.3404017174887</ele>
      </trkpt>
      <trkpt lat="45.283809" lon="5.786872">
        <ele>1875.3404017174887</ele>
      </trkpt>
      <trkpt lat="45.283813" lon="5.78688">
        <ele>1875.5433338018559</ele>
      </trkpt>
      <trkpt lat="45.283816" lon="5.786887">
        <ele>1875.6585465276416</ele>
      </trkpt>
      <trkpt lat="45.283823" lon="5.786902">
        <ele>1875.98526375963</ele>
      </trkpt>
      <trkpt lat="45.283826" lon="5.78691">
        <ele>1876.0558034766423</ele>
      </trkpt>
      <trkpt lat="45.283837" lon="5.786933">
        <ele>1876.6989499372244</ele>
      </trkpt>
      <trkpt lat="45.283844" lon="5.786933">
        <ele>1877.8370693201305</ele>
      </trkpt>
      <trkpt lat="45.283859" lon="5.786899">
        <ele>1881.976598540972</ele>
      </trkpt>
      <trkpt lat="45.283867" lon="5.786881">
        <ele>1884.1804998592145</ele>
      </trkpt>
      <trkpt lat="45.283876" lon="5.786862">
        <ele>1886.6107361422912</ele>
      </trkpt>
      <trkpt lat="45.283884" lon="5.786843">
        <ele>1888.8704919911045</ele>
      </trkpt>
      <trkpt lat="45.283898" lon="5.786813">
        <ele>1892.6325397986584</ele>
      </trkpt>
      <trkpt lat="45.283912" lon="5.786783">
        <ele>1896.360087434478</ele>
      </trkpt>
      <trkpt lat="45.283922" lon="5.786761">
        <ele>1899.0295037070202</ele>
      </trkpt>
      <trkpt lat="45.283932" lon="5.786738">
        <ele>1901.7294461342199</ele>
      </trkpt>
      <trkpt lat="45.283943" lon="5.786716">
        <ele>1904.5186799466028</ele>
      </trkpt>
      <trkpt lat="45.283949" lon="5.786701">
        <ele>1906.1362978331456</ele>
      </trkpt>
      <trkpt lat="45.283956" lon="5.786686">
        <ele>1907.8140608067606</ele>
      </trkpt>
      <trkpt lat="45.283963" lon="5.786671">
        <ele>1909.470142240704</ele>
      </trkpt>
      <trkpt lat="45.28397" lon="5.786656">
        <ele>1911.1045421251322</ele>
      </trkpt>
      <trkpt lat="45.283977" lon="5.786641">
        <ele>1912.7172604601828</ele>
      </trkpt>
      <trkpt lat="45.28398" lon="5.786634">
        <ele>1913.4241557409946</ele>
      </trkpt>
      <trkpt lat="45.283987" lon="5.786619">
        <ele>1915.0054874415046</ele>
      </trkpt>
      <trkpt lat="45.283991" lon="5.786611">
        <ele>1915.8776524619811</ele>
      </trkpt>
      <trkpt lat="45.283997" lon="5.786596">
        <ele>1917.2856743106759</ele>
      </trkpt>
      <trkpt lat="45.284001" lon="5.786589">
        <ele>1918.1031061568478</ele>
      </trkpt>
      <trkpt lat="45.284007" lon="5.786574">
        <ele>1919.4820127452804</ele>
      </trkpt>
      <trkpt lat="45.284011" lon="5.786566">
        <ele>1920.3190742769184</ele>
      </trkpt>
      <trkpt lat="45.284014" lon="5.786559">
        <ele>1920.9781668538878</ele>
      </trkpt>
      <trkpt lat="45.284018" lon="5.786552">
        <ele>1921.768032143461</ele>
      </trkpt>
      <trkpt lat="45.284021" lon="5.786544">
        <ele>1922.452639387577</ele>
      </trkpt>
      <trkpt lat="45.284025" lon="5.786537">
        <ele>1923.2312509091578</ele>
      </trkpt>
      <trkpt lat="45.284028" lon="5.786529">
        <ele>1923.8723617515227</ele>
      </trkpt>
      <trkpt lat="45.284032" lon="5.786522">
        <ele>1924.584521579422</ele>
      </trkpt>
      <trkpt lat="45.284032" lon="5.786522">
        <ele>1924.584521579422</ele>
      </trkpt>
      <trkpt lat="45.284035" lon="5.786514">
        <ele>1925.1834645707002</ele>
      </trkpt>
      <trkpt lat="45.284035" lon="5.786514">
        <ele>1925.1834645707002</ele>
      </trkpt>
      <trkpt lat="45.284035" lon="5.786514">
        <ele>1925.1834645707002</ele>
      </trkpt>
      <trkpt lat="45.284035" lon="5.786514">
        <ele>1925.1834645707002</ele>
      </trkpt>
      <trkpt lat="45.284035" lon="5.786514">
        <ele>1925.1834645707002</ele>
      </trkpt>
      <trkpt lat="45.284038" lon="5.786507">
        <ele>1925.7501706802059</ele>
      </trkpt>
      <trkpt lat="45.284038" lon="5.786507">
        <ele>1925.7501706802059</ele>
      </trkpt>
      <trkpt lat="45.284038" lon="5.786507">
        <ele>1925.7501706802059</ele>
      </trkpt>
      <trkpt lat="45.284038" lon="5.786507">
        <ele>1925.7501706802059</ele>
      </trkpt>
      <trkpt lat="45.284038" lon="5.786507">
        <ele>1925.7501706802059</ele>
      </trkpt>
      <trkpt lat="45.284042" lon="5.786499">
        <ele>1926.4633901657069</ele>
      </trkpt>
      <trkpt lat="45.284042" lon="5.786499">
        <ele>1926.4633901657069</ele>
      </trkpt>
      <trkpt lat="45.284042" lon="5.786499">
        <ele>1926.4633901657069</ele>
      </trkpt>
      <trkpt lat="45.284042" lon="5.786499">
        <ele>1926.4633901657069</ele>
      </trkpt>
      <trkpt lat="45.284042" lon="5.786499">
        <ele>1926.4633901657069</ele>
      </trkpt>
      <trkpt lat="45.284042" lon="5.786499">
        <ele>1926.4633901657069</ele>
      </trkpt>
      <trkpt lat="45.284042" lon="5.786499">
        <ele>1926.4633901657069</ele>
      </trkpt>
      <trkpt lat="45.284045" lon="5.786492">
        <ele>1927.0161407510836</ele>
      </trkpt>
      <trkpt lat="45.284045" lon="5.786492">
        <ele>1927.0161407510836</ele>
      </trkpt>
      <trkpt lat="45.284042" lon="5.786499">
        <ele>1926.4633901657069</ele>
      </trkpt>
      <trkpt lat="45.284042" lon="5.786499">
        <ele>1926.4633901657069</ele>
      </trkpt>
      <trkpt lat="45.284042" lon="5.786499">
        <ele>1926.4633901657069</ele>
      </trkpt>
      <trkpt lat="45.284042" lon="5.786499">
        <ele>1926.4633901657069</ele>
      </trkpt>
      <trkpt lat="45.284042" lon="5.786499">
        <ele>1926.4633901657069</ele>
      </trkpt>
      <trkpt lat="45.284042" lon="5.786499">
        <ele>1926.4633901657069</ele>
      </trkpt>
      <trkpt lat="45.284042" lon="5.786499">
        <ele>1926.4633901657069</ele>
      </trkpt>
      <trkpt lat="45.284042" lon="5.786499">
        <ele>1926.4633901657069</ele>
      </trkpt>
      <trkpt lat="45.284042" lon="5.786499">
        <ele>1926.4633901657069</ele>
      </trkpt>
      <trkpt lat="45.284042" lon="5.786499">
        <ele>1926.4633901657069</ele>
      </trkpt>
      <trkpt lat="45.284042" lon="5.786499">
        <ele>1926.4633901657069</ele>
      </trkpt>
      <trkpt lat="45.284042" lon="5.786499">
        <ele>1926.4633901657069</ele>
      </trkpt>
      <trkpt lat="45.284042" lon="5.786499">
        <ele>1926.4633901657069</ele>
      </trkpt>
      <trkpt lat="45.284042" lon="5.786499">
        <ele>1926.4633901657069</ele>
      </trkpt>
      <trkpt lat="45.284038" lon="5.786507">
        <ele>1925.7501706802059</ele>
      </trkpt>
      <trkpt lat="45.284038" lon="5.786507">
        <ele>1925.7501706802059</ele>
      </trkpt>
      <trkpt lat="45.284035" lon="5.786514">
        <ele>1925.1834645707002</ele>
      </trkpt>
      <trkpt lat="45.284038" lon="5.786507">
        <ele>1925.7501706802059</ele>
      </trkpt>
      <trkpt lat="45.284038" lon="5.786507">
        <ele>1925.7501706802059</ele>
      </trkpt>
      <trkpt lat="45.284038" lon="5.786507">
        <ele>1925.7501706802059</ele>
      </trkpt>
      <trkpt lat="45.284038" lon="5.786507">
        <ele>1925.7501706802059</ele>
      </trkpt>
      <trkpt lat="45.284038" lon="5.786507">
        <ele>1925.7501706802059</ele>
      </trkpt>
      <trkpt lat="45.284038" lon="5.786507">
        <ele>1925.7501706802059</ele>
      </trkpt>
      <trkpt lat="45.284042" lon="5.786499">
        <ele>1926.4633901657069</ele>
      </trkpt>
      <trkpt lat="45.284042" lon="5.786499">
        <ele>1926.4633901657069</ele>
      </trkpt>
      <trkpt lat="45.284042" lon="5.786499">
        <ele>1926.4633901657069</ele>
      </trkpt>
      <trkpt lat="45.284042" lon="5.786499">
        <ele>1926.4633901657069</ele>
      </trkpt>
      <trkpt lat="45.284042" lon="5.786499">
        <ele>1926.4633901657069</ele>
      </trkpt>
      <trkpt lat="45.284045" lon="5.786492">
        <ele>1927.0161407510836</ele>
      </trkpt>
      <trkpt lat="45.284045" lon="5.786492">
        <ele>1927.0161407510836</ele>
      </trkpt>
      <trkpt lat="45.284049" lon="5.786484">
        <ele>1927.7121385332885</ele>
      </trkpt>
      <trkpt lat="45.284052" lon="5.786477">
        <ele>1928.2509335902325</ele>
      </trkpt>
      <trkpt lat="45.284052" lon="5.786477">
        <ele>1928.2509335902325</ele>
      </trkpt>
      <trkpt lat="45.284055" lon="5.786469">
        <ele>1928.8060799741695</ele>
      </trkpt>
      <trkpt lat="45.284055" lon="5.786469">
        <ele>1928.8060799741695</ele>
      </trkpt>
      <trkpt lat="45.284055" lon="5.786469">
        <ele>1928.8060799741695</ele>
      </trkpt>
      <trkpt lat="45.284055" lon="5.786469">
        <ele>1928.8060799741695</ele>
      </trkpt>
      <trkpt lat="45.284055" lon="5.786469">
        <ele>1928.8060799741695</ele>
      </trkpt>
      <trkpt lat="45.284055" lon="5.786469">
        <ele>1928.8060799741695</ele>
      </trkpt>
      <trkpt lat="45.284055" lon="5.786469">
        <ele>1928.8060799741695</ele>
      </trkpt>
      <trkpt lat="45.284055" lon="5.786469">
        <ele>1928.8060799741695</ele>
      </trkpt>
      <trkpt lat="45.284055" lon="5.786469">
        <ele>1928.8060799741695</ele>
      </trkpt>
      <trkpt lat="45.284055" lon="5.786469">
        <ele>1928.8060799741695</ele>
      </trkpt>
      <trkpt lat="45.284055" lon="5.786469">
        <ele>1928.8060799741695</ele>
      </trkpt>
      <trkpt lat="45.284055" lon="5.786469">
        <ele>1928.8060799741695</ele>
      </trkpt>
      <trkpt lat="45.284059" lon="5.786462">
        <ele>1929.4545491918286</ele>
      </trkpt>
      <trkpt lat="45.284055" lon="5.786469">
        <ele>1928.8060799741695</ele>
      </trkpt>
      <trkpt lat="45.284059" lon="5.786462">
        <ele>1929.4545491918286</ele>
      </trkpt>
      <trkpt lat="45.284059" lon="5.786462">
        <ele>1929.4545491918286</ele>
      </trkpt>
      <trkpt lat="45.284059" lon="5.786462">
        <ele>1929.4545491918286</ele>
      </trkpt>
      <trkpt lat="45.284059" lon="5.786462">
        <ele>1929.4545491918286</ele>
      </trkpt>
      <trkpt lat="45.284059" lon="5.786462">
        <ele>1929.4545491918286</ele>
      </trkpt>
      <trkpt lat="45.284059" lon="5.786462">
        <ele>1929.4545491918286</ele>
      </trkpt>
      <trkpt lat="45.284059" lon="5.786462">
        <ele>1929.4545491918286</ele>
      </trkpt>
      <trkpt lat="45.284062" lon="5.786454">
        <ele>1929.994700798798</ele>
      </trkpt>
      <trkpt lat="45.284062" lon="5.786454">
        <ele>1929.994700798798</ele>
      </trkpt>
      <trkpt lat="45.284062" lon="5.786454">
        <ele>1929.994700798798</ele>
      </trkpt>
      <trkpt lat="45.284066" lon="5.786447">
        <ele>1930.6269875483556</ele>
      </trkpt>
      <trkpt lat="45.284066" lon="5.786447">
        <ele>1930.6269875483556</ele>
      </trkpt>
      <trkpt lat="45.284069" lon="5.786439">
        <ele>1931.106349639043</ele>
      </trkpt>
      <trkpt lat="45.284073" lon="5.786432">
        <ele>1931.6510817041885</ele>
      </trkpt>
      <trkpt lat="45.284076" lon="5.786424">
        <ele>1932.1076433053238</ele>
      </trkpt>
      <trkpt lat="45.284076" lon="5.786424">
        <ele>1932.1076433053238</ele>
      </trkpt>
      <trkpt lat="45.284076" lon="5.786424">
        <ele>1932.1076433053238</ele>
      </trkpt>
      <trkpt lat="45.284076" lon="5.786424">
        <ele>1932.1076433053238</ele>
      </trkpt>
      <trkpt lat="45.284079" lon="5.786417">
        <ele>1932.5380149688003</ele>
      </trkpt>
      <trkpt lat="45.284079" lon="5.786417">
        <ele>1932.5380149688003</ele>
      </trkpt>
      <trkpt lat="45.284079" lon="5.786417">
        <ele>1932.5380149688003</ele>
      </trkpt>
      <trkpt lat="45.284083" lon="5.786409">
        <ele>1933.0775223087826</ele>
      </trkpt>
      <trkpt lat="45.284083" lon="5.786409">
        <ele>1933.0775223087826</ele>
      </trkpt>
      <trkpt lat="45.284083" lon="5.786409">
        <ele>1933.0775223087826</ele>
      </trkpt>
      <trkpt lat="45.284083" lon="5.786409">
        <ele>1933.0775223087826</ele>
      </trkpt>
      <trkpt lat="45.284083" lon="5.786409">
        <ele>1933.0775223087826</ele>
      </trkpt>
      <trkpt lat="45.284079" lon="5.786417">
        <ele>1932.5380149688003</ele>
      </trkpt>
      <trkpt lat="45.284079" lon="5.786417">
        <ele>1932.5380149688003</ele>
      </trkpt>
      <trkpt lat="45.284079" lon="5.786417">
        <ele>1932.5380149688003</ele>
      </trkpt>
      <trkpt lat="45.284079" lon="5.786417">
        <ele>1932.5380149688003</ele>
      </trkpt>
      <trkpt lat="45.284076" lon="5.786424">
        <ele>1932.1076433053238</ele>
      </trkpt>
      <trkpt lat="45.284079" lon="5.786417">
        <ele>1932.5380149688003</ele>
      </trkpt>
      <trkpt lat="45.284079" lon="5.786417">
        <ele>1932.5380149688003</ele>
      </trkpt>
      <trkpt lat="45.284079" lon="5.786417">
        <ele>1932.5380149688003</ele>
      </trkpt>
      <trkpt lat="45.284079" lon="5.786417">
        <ele>1932.5380149688003</ele>
      </trkpt>
      <trkpt lat="45.284076" lon="5.786424">
        <ele>1932.1076433053238</ele>
      </trkpt>
      <trkpt lat="45.284076" lon="5.786424">
        <ele>1932.1076433053238</ele>
      </trkpt>
      <trkpt lat="45.284076" lon="5.786424">
        <ele>1932.1076433053238</ele>
      </trkpt>
      <trkpt lat="45.284076" lon="5.786424">
        <ele>1932.1076433053238</ele>
      </trkpt>
      <trkpt lat="45.284076" lon="5.786424">
        <ele>1932.1076433053238</ele>
      </trkpt>
      <trkpt lat="45.284076" lon="5.786424">
        <ele>1932.1076433053238</ele>
      </trkpt>
      <trkpt lat="45.284073" lon="5.786432">
        <ele>1931.6510817041885</ele>
      </trkpt>
      <trkpt lat="45.284073" lon="5.786432">
        <ele>1931.6510817041885</ele>
      </trkpt>
      <trkpt lat="45.284069" lon="5.786439">
        <ele>1931.106349639043</ele>
      </trkpt>
      <trkpt lat="45.284069" lon="5.786439">
        <ele>1931.106349639043</ele>
      </trkpt>
      <trkpt lat="45.284069" lon="5.786439">
        <ele>1931.106349639043</ele>
      </trkpt>
      <trkpt lat="45.284073" lon="5.786432">
        <ele>1931.6510817041885</ele>
      </trkpt>
      <trkpt lat="45.284073" lon="5.786432">
        <ele>1931.6510817041885</ele>
      </trkpt>
      <trkpt lat="45.284073" lon="5.786432">
        <ele>1931.6510817041885</ele>
      </trkpt>
      <trkpt lat="45.284073" lon="5.786432">
        <ele>1931.6510817041885</ele>
      </trkpt>
      <trkpt lat="45.284073" lon="5.786432">
        <ele>1931.6510817041885</ele>
      </trkpt>
      <trkpt lat="45.284076" lon="5.786424">
        <ele>1932.1076433053238</ele>
      </trkpt>
      <trkpt lat="45.284076" lon="5.786424">
        <ele>1932.1076433053238</ele>
      </trkpt>
      <trkpt lat="45.284076" lon="5.786424">
        <ele>1932.1076433053238</ele>
      </trkpt>
      <trkpt lat="45.284076" lon="5.786424">
        <ele>1932.1076433053238</ele>
      </trkpt>
      <trkpt lat="45.284076" lon="5.786424">
        <ele>1932.1076433053238</ele>
      </trkpt>
      <trkpt lat="45.284079" lon="5.786417">
        <ele>1932.5380149688003</ele>
      </trkpt>
      <trkpt lat="45.284083" lon="5.786409">
        <ele>1933.0775223087826</ele>
      </trkpt>
      <trkpt lat="45.28409" lon="5.786394">
        <ele>1934.015986639465</ele>
      </trkpt>
      <trkpt lat="45.284096" lon="5.78638">
        <ele>1934.8141997988182</ele>
      </trkpt>
      <trkpt lat="45.284107" lon="5.786357">
        <ele>1936.1543439574511</ele>
      </trkpt>
      <trkpt lat="45.284113" lon="5.786342">
        <ele>1936.8381288268406</ele>
      </trkpt>
      <trkpt lat="45.284127" lon="5.786312">
        <ele>1938.286480589189</ele>
      </trkpt>
      <trkpt lat="45.284137" lon="5.78629">
        <ele>1939.2451388420689</ele>
      </trkpt>
      <trkpt lat="45.284158" lon="5.786245">
        <ele>1941.0334438176953</ele>
      </trkpt>
      <trkpt lat="45.284165" lon="5.78623">
        <ele>1941.5646586244811</ele>
      </trkpt>
      <trkpt lat="45.284179" lon="5.7862">
        <ele>1942.5297579233484</ele>
      </trkpt>
      <trkpt lat="45.284189" lon="5.786178">
        <ele>1943.0981302467349</ele>
      </trkpt>
      <trkpt lat="45.284191" lon="5.786172">
        <ele>1944.98</ele>
      </trkpt>
      <trkpt lat="45.284264" lon="5.786212">
        <ele>1947.45</ele>
      </trkpt>
      <trkpt lat="45.284316" lon="5.786256">
        <ele>1950.04</ele>
      </trkpt>
      <trkpt lat="45.284336" lon="5.786315">
        <ele>1952.49</ele>
      </trkpt>
      <trkpt lat="45.284446" lon="5.786355">
        <ele>1955.85</ele>
      </trkpt>
      <trkpt lat="45.284488" lon="5.78642">
        <ele>1958.68</ele>
      </trkpt>
      <trkpt lat="45.284504" lon="5.786429">
        <ele>1959.13</ele>
      </trkpt>
      <trkpt lat="45.284521" lon="5.786432">
        <ele>1959.36</ele>
      </trkpt>
      <trkpt lat="45.284555" lon="5.786406">
        <ele>1958.32</ele>
      </trkpt>
      <trkpt lat="45.284582" lon="5.786413">
        <ele>1958.68</ele>
      </trkpt>
      <trkpt lat="45.284594" lon="5.786426">
        <ele>1959.29</ele>
      </trkpt>
      <trkpt lat="45.284668" lon="5.786453">
        <ele>1960.55</ele>
      </trkpt>
      <trkpt lat="45.284842" lon="5.786539">
        <ele>1965.86</ele>
      </trkpt>
      <trkpt lat="45.284917" lon="5.786541">
        <ele>1966.73</ele>
      </trkpt>
      <trkpt lat="45.285083" lon="5.786615">
        <ele>1973.33</ele>
      </trkpt>
      <trkpt lat="45.285144" lon="5.786613">
        <ele>1974.43</ele>
      </trkpt>
      <trkpt lat="45.285285" lon="5.786664">
        <ele>1979.21</ele>
      </trkpt>
      <trkpt lat="45.28534" lon="5.786666">
        <ele>1980.17</ele>
      </trkpt>
      <trkpt lat="45.285366" lon="5.786695">
        <ele>1981.9</ele>
      </trkpt>
      <trkpt lat="45.28543" lon="5.786721">
        <ele>1983.93</ele>
      </trkpt>
      <trkpt lat="45.28547" lon="5.786692">
        <ele>1983.06</ele>
      </trkpt>
      <trkpt lat="45.285503" lon="5.786712">
        <ele>1984.29</ele>
      </trkpt>
      <trkpt lat="45.285534" lon="5.786718">
        <ele>1984.87</ele>
      </trkpt>
      <trkpt lat="45.285622" lon="5.786706">
        <ele>1985.88</ele>
      </trkpt>
      <trkpt lat="45.285689" lon="5.786719">
        <ele>1987.68</ele>
      </trkpt>
      <trkpt lat="45.285792" lon="5.786718">
        <ele>1989.28</ele>
      </trkpt>
      <trkpt lat="45.285833" lon="5.786736">
        <ele>1990.64</ele>
      </trkpt>
      <trkpt lat="45.285857" lon="5.786782">
        <ele>1993.49</ele>
      </trkpt>
      <trkpt lat="45.28596" lon="5.786832">
        <ele>1997.51</ele>
      </trkpt>
      <trkpt lat="45.286068" lon="5.786811">
        <ele>1997.13</ele>
      </trkpt>
      <trkpt lat="45.286145" lon="5.786838">
        <ele>1999.36</ele>
      </trkpt>
      <trkpt lat="45.28621" lon="5.786904">
        <ele>2003.75</ele>
      </trkpt>
      <trkpt lat="45.286324" lon="5.78698">
        <ele>2008.7</ele>
      </trkpt>
      <trkpt lat="45.286273" lon="5.787053">
        <ele>2012.64</ele>
      </trkpt>
      <trkpt lat="45.286304" lon="5.787125">
        <ele>2016.61</ele>
      </trkpt>
      <trkpt lat="45.286279" lon="5.787137">
        <ele>2017.13</ele>
      </trkpt>
      <trkpt lat="45.286281" lon="5.787212">
        <ele>2021.12</ele>
      </trkpt>
      <trkpt lat="45.286213" lon="5.787272">
        <ele>2023.72</ele>
      </trkpt>
      <trkpt lat="45.286267" lon="5.787305">
        <ele>2025.84</ele>
      </trkpt>
      <trkpt lat="45.286098" lon="5.787504">
        <ele>2034.83</ele>
      </trkpt>
      <trkpt lat="45.286098" lon="5.787504">
        <ele>2034.82</ele>
      </trkpt>
      <trkpt lat="45.286064" lon="5.787544">
        <ele>2036.63</ele>
      </trkpt>
      <trkpt lat="45.286223" lon="5.787674">
        <ele>2044.68</ele>
      </trkpt>
      <trkpt lat="45.286229" lon="5.78769">
        <ele>2045.52</ele>
      </trkpt>
      <trkpt lat="45.286178" lon="5.787712">
        <ele>2045.64</ele>
      </trkpt>
      <trkpt lat="45.286163" lon="5.787734">
        <ele>2045.71</ele>
      </trkpt>
      <trkpt lat="45.286167" lon="5.787759">
        <ele>2046.18</ele>
      </trkpt>
      <trkpt lat="45.28629" lon="5.787806">
        <ele>2050.39</ele>
      </trkpt>
      <trkpt lat="45.286383" lon="5.787892">
        <ele>2054.74</ele>
      </trkpt>
      <trkpt lat="45.286404" lon="5.787891">
        <ele>2055.25</ele>
      </trkpt>
      <trkpt lat="45.286419" lon="5.787905">
        <ele>2055.26</ele>
      </trkpt>
      <trkpt lat="45.286487" lon="5.787879">
        <ele>2057.47</ele>
      </trkpt>
      <trkpt lat="45.286564" lon="5.787864">
        <ele>2058.65</ele>
      </trkpt>
      <trkpt lat="45.286626" lon="5.787863">
        <ele>2060.16</ele>
      </trkpt>
      <trkpt lat="45.286715" lon="5.787793">
        <ele>2058.38</ele>
      </trkpt>
      <trkpt lat="45.286796" lon="5.787814">
        <ele>2060.69</ele>
      </trkpt>
      <trkpt lat="45.286852" lon="5.787815">
        <ele>2061.65</ele>
      </trkpt>
      <trkpt lat="45.287009" lon="5.787876">
        <ele>2068.24</ele>
      </trkpt>
      <trkpt lat="45.287092" lon="5.787834">
        <ele>2068.31</ele>
      </trkpt>
      <trkpt lat="45.287185" lon="5.787803">
        <ele>2068.58</ele>
      </trkpt>
      <trkpt lat="45.287265" lon="5.78784">
        <ele>2070.87</ele>
      </trkpt>
      <trkpt lat="45.287363" lon="5.787901">
        <ele>2071.95</ele>
      </trkpt>
      <trkpt lat="45.2874" lon="5.787936">
        <ele>2071.91</ele>
      </trkpt>
      <trkpt lat="45.287431" lon="5.787948">
        <ele>2071.83</ele>
      </trkpt>
      <trkpt lat="45.287461" lon="5.787977">
        <ele>2072.25</ele>
      </trkpt>
      <trkpt lat="45.287528" lon="5.787968">
        <ele>2071.55</ele>
      </trkpt>
      <trkpt lat="45.287585" lon="5.788001">
        <ele>2072.2</ele>
      </trkpt>
      <trkpt lat="45.287658" lon="5.788009">
        <ele>2071.4</ele>
      </trkpt>
      <trkpt lat="45.287738" lon="5.788033">
        <ele>2070.86</ele>
      </trkpt>
      <trkpt lat="45.287835" lon="5.788029">
        <ele>2069.01</ele>
      </trkpt>
      <trkpt lat="45.287886" lon="5.788042">
        <ele>2068.69</ele>
      </trkpt>
      <trkpt lat="45.28797" lon="5.788099">
        <ele>2069.28</ele>
      </trkpt>
      <trkpt lat="45.288028" lon="5.788113">
        <ele>2068.49</ele>
      </trkpt>
      <trkpt lat="45.288064" lon="5.788108">
        <ele>2067.51</ele>
      </trkpt>
      <trkpt lat="45.288165" lon="5.78815">
        <ele>2067.47</ele>
      </trkpt>
      <trkpt lat="45.288317" lon="5.788261">
        <ele>2067.68</ele>
      </trkpt>
      <trkpt lat="45.288395" lon="5.788291">
        <ele>2066.74</ele>
      </trkpt>
      <trkpt lat="45.288627" lon="5.78834">
        <ele>2063.19</ele>
      </trkpt>
      <trkpt lat="45.288665" lon="5.788368">
        <ele>2063.25</ele>
      </trkpt>
      <trkpt lat="45.288665" lon="5.788368">
        <ele>2063.25</ele>
      </trkpt>
      <trkpt lat="45.288627" lon="5.78834">
        <ele>2063.19</ele>
      </trkpt>
      <trkpt lat="45.288395" lon="5.788291">
        <ele>2066.74</ele>
      </trkpt>
      <trkpt lat="45.288317" lon="5.788261">
        <ele>2067.68</ele>
      </trkpt>
      <trkpt lat="45.288165" lon="5.78815">
        <ele>2067.47</ele>
      </trkpt>
      <trkpt lat="45.288064" lon="5.788108">
        <ele>2067.51</ele>
      </trkpt>
      <trkpt lat="45.287971" lon="5.78804">
        <ele>2067.04</ele>
      </trkpt>
      <trkpt lat="45.287943" lon="5.788013">
        <ele>2066.36</ele>
      </trkpt>
      <trkpt lat="45.287927" lon="5.787978">
        <ele>2065.11</ele>
      </trkpt>
      <trkpt lat="45.287878" lon="5.787949">
        <ele>2064.85</ele>
      </trkpt>
      <trkpt lat="45.287851" lon="5.787911">
        <ele>2063.86</ele>
      </trkpt>
      <trkpt lat="45.287907" lon="5.787774">
        <ele>2056.86</ele>
      </trkpt>
      <trkpt lat="45.287955" lon="5.787742">
        <ele>2054.39</ele>
      </trkpt>
      <trkpt lat="45.287957" lon="5.78771">
        <ele>2053</ele>
      </trkpt>
      <trkpt lat="45.287981" lon="5.787653">
        <ele>2050.11</ele>
      </trkpt>
      <trkpt lat="45.287938" lon="5.787604">
        <ele>2049.09</ele>
      </trkpt>
      <trkpt lat="45.287966" lon="5.787553">
        <ele>2046.38</ele>
      </trkpt>
      <trkpt lat="45.287934" lon="5.787475">
        <ele>2043.82</ele>
      </trkpt>
      <trkpt lat="45.287996" lon="5.787457">
        <ele>2041.76</ele>
      </trkpt>
      <trkpt lat="45.28799" lon="5.78737">
        <ele>2038.38</ele>
      </trkpt>
      <trkpt lat="45.288075" lon="5.787318">
        <ele>2033.86</ele>
      </trkpt>
      <trkpt lat="45.288046" lon="5.787258">
        <ele>2031.76</ele>
      </trkpt>
      <trkpt lat="45.288099" lon="5.787201">
        <ele>2027.83</ele>
      </trkpt>
      <trkpt lat="45.288069" lon="5.787154">
        <ele>2026.58</ele>
      </trkpt>
      <trkpt lat="45.288118" lon="5.787127">
        <ele>2024.3</ele>
      </trkpt>
      <trkpt lat="45.288092" lon="5.787028">
        <ele>2020.92</ele>
      </trkpt>
      <trkpt lat="45.288144" lon="5.786989">
        <ele>2017.86</ele>
      </trkpt>
      <trkpt lat="45.28811" lon="5.786934">
        <ele>2016.15</ele>
      </trkpt>
      <trkpt lat="45.288155" lon="5.786919">
        <ele>2014.33</ele>
      </trkpt>
      <trkpt lat="45.288082" lon="5.78681">
        <ele>2011.04</ele>
      </trkpt>
      <trkpt lat="45.288148" lon="5.786807">
        <ele>2009.27</ele>
      </trkpt>
      <trkpt lat="45.288101" lon="5.786708">
        <ele>2005.83</ele>
      </trkpt>
      <trkpt lat="45.288177" lon="5.786645">
        <ele>2000.83</ele>
      </trkpt>
      <trkpt lat="45.288095" lon="5.78645">
        <ele>1992.05</ele>
      </trkpt>
      <trkpt lat="45.288099" lon="5.786419">
        <ele>1989.98</ele>
      </trkpt>
      <trkpt lat="45.288179" lon="5.786385">
        <ele>1985.74</ele>
      </trkpt>
      <trkpt lat="45.288187" lon="5.786367">
        <ele>1984.45</ele>
      </trkpt>
      <trkpt lat="45.28819" lon="5.786278">
        <ele>1978.99</ele>
      </trkpt>
      <trkpt lat="45.288206" lon="5.786272">
        <ele>1978.23</ele>
      </trkpt>
      <trkpt lat="45.288204" lon="5.786246">
        <ele>1976.78</ele>
      </trkpt>
      <trkpt lat="45.288218" lon="5.786248">
        <ele>1976.57</ele>
      </trkpt>
      <trkpt lat="45.288222" lon="5.78622">
        <ele>1974.79</ele>
      </trkpt>
      <trkpt lat="45.288194" lon="5.786173">
        <ele>1972.82</ele>
      </trkpt>
      <trkpt lat="45.288218" lon="5.786109">
        <ele>1968.48</ele>
      </trkpt>
      <trkpt lat="45.288215" lon="5.786078">
        <ele>1966.75</ele>
      </trkpt>
      <trkpt lat="45.288185" lon="5.785966">
        <ele>1960.98</ele>
      </trkpt>
      <trkpt lat="45.288196" lon="5.78596">
        <ele>1960.34</ele>
      </trkpt>
      <trkpt lat="45.288221" lon="5.785989">
        <ele>1961.41</ele>
      </trkpt>
      <trkpt lat="45.288293" lon="5.785987">
        <ele>1959.52</ele>
      </trkpt>
      <trkpt lat="45.288308" lon="5.785966">
        <ele>1958.06</ele>
      </trkpt>
      <trkpt lat="45.288285" lon="5.785855">
        <ele>1952.62</ele>
      </trkpt>
      <trkpt lat="45.288303" lon="5.785852">
        <ele>1952.12</ele>
      </trkpt>
      <trkpt lat="45.288321" lon="5.785862">
        <ele>1952.31</ele>
      </trkpt>
      <trkpt lat="45.288355" lon="5.785827">
        <ele>1949.33</ele>
      </trkpt>
      <trkpt lat="45.288331" lon="5.785729">
        <ele>1944.55</ele>
      </trkpt>
      <trkpt lat="45.288328" lon="5.785627">
        <ele>1938.85</ele>
      </trkpt>
      <trkpt lat="45.28832" lon="5.785591">
        <ele>1937.17</ele>
      </trkpt>
      <trkpt lat="45.288289" lon="5.785524">
        <ele>1934.24</ele>
      </trkpt>
      <trkpt lat="45.288292" lon="5.785501">
        <ele>1932.96</ele>
      </trkpt>
      <trkpt lat="45.288346" lon="5.785484">
        <ele>1930.9</ele>
      </trkpt>
      <trkpt lat="45.288309" lon="5.785375">
        <ele>1925.48</ele>
      </trkpt>
      <trkpt lat="45.288306" lon="5.785371">
        <ele>1925.29</ele>
      </trkpt>
      <trkpt lat="45.288306" lon="5.785371">
        <ele>1925.3</ele>
      </trkpt>
      <trkpt lat="45.28827" lon="5.785328">
        <ele>1923.34</ele>
      </trkpt>
      <trkpt lat="45.288152" lon="5.785356">
        <ele>1926.55</ele>
      </trkpt>
      <trkpt lat="45.288112" lon="5.785288">
        <ele>1922.78</ele>
      </trkpt>
      <trkpt lat="45.288093" lon="5.785202">
        <ele>1917</ele>
      </trkpt>
      <trkpt lat="45.288031" lon="5.785248">
        <ele>1920.26</ele>
      </trkpt>
      <trkpt lat="45.287975" lon="5.78516">
        <ele>1914.13</ele>
      </trkpt>
      <trkpt lat="45.287888" lon="5.78517">
        <ele>1914.26</ele>
      </trkpt>
      <trkpt lat="45.287881" lon="5.785129">
        <ele>1911.31</ele>
      </trkpt>
      <trkpt lat="45.287889" lon="5.785033">
        <ele>1904.7</ele>
      </trkpt>
      <trkpt lat="45.287877" lon="5.784947">
        <ele>1898.53</ele>
      </trkpt>
      <trkpt lat="45.287878" lon="5.784883">
        <ele>1893.75</ele>
      </trkpt>
      <trkpt lat="45.287856" lon="5.784812">
        <ele>1888.16</ele>
      </trkpt>
      <trkpt lat="45.287734" lon="5.78471">
        <ele>1879.83</ele>
      </trkpt>
      <trkpt lat="45.287659" lon="5.78467">
        <ele>1876.91</ele>
      </trkpt>
      <trkpt lat="45.287621" lon="5.784685">
        <ele>1877.97</ele>
      </trkpt>
      <trkpt lat="45.287592" lon="5.784724">
        <ele>1880.73</ele>
      </trkpt>
      <trkpt lat="45.287563" lon="5.784724">
        <ele>1880.65</ele>
      </trkpt>
      <trkpt lat="45.287508" lon="5.784671">
        <ele>1877.24</ele>
      </trkpt>
      <trkpt lat="45.287495" lon="5.784614">
        <ele>1873.85</ele>
      </trkpt>
      <trkpt lat="45.287455" lon="5.784593">
        <ele>1872.71</ele>
      </trkpt>
      <trkpt lat="45.287389" lon="5.784652">
        <ele>1876.23</ele>
      </trkpt>
      <trkpt lat="45.287354" lon="5.784648">
        <ele>1876.03</ele>
      </trkpt>
      <trkpt lat="45.287319" lon="5.784631">
        <ele>1875.25</ele>
      </trkpt>
      <trkpt lat="45.287272" lon="5.784629">
        <ele>1875.52</ele>
      </trkpt>
      <trkpt lat="45.287163" lon="5.784659">
        <ele>1877.39</ele>
      </trkpt>
      <trkpt lat="45.287101" lon="5.78466">
        <ele>1877.45</ele>
      </trkpt>
      <trkpt lat="45.286965" lon="5.78464">
        <ele>1876.21</ele>
      </trkpt>
      <trkpt lat="45.286926" lon="5.784646">
        <ele>1876.18</ele>
      </trkpt>
      <trkpt lat="45.286891" lon="5.78461">
        <ele>1874.02</ele>
      </trkpt>
      <trkpt lat="45.286842" lon="5.784606">
        <ele>1873.8</ele>
      </trkpt>
      <trkpt lat="45.286727" lon="5.784538">
        <ele>1871.27</ele>
      </trkpt>
      <trkpt lat="45.286576" lon="5.784486">
        <ele>1870.5</ele>
      </trkpt>
      <trkpt lat="45.286696" lon="5.784369">
        <ele>1863.3</ele>
      </trkpt>
      <trkpt lat="45.286539" lon="5.784407">
        <ele>1866.91</ele>
      </trkpt>
      <trkpt lat="45.286448" lon="5.784443">
        <ele>1869.56</ele>
      </trkpt>
      <trkpt lat="45.286429" lon="5.784463">
        <ele>1870.69</ele>
      </trkpt>
      <trkpt lat="45.286346" lon="5.78449">
        <ele>1873.14</ele>
      </trkpt>
      <trkpt lat="45.286129" lon="5.784483">
        <ele>1876.05</ele>
      </trkpt>
      <trkpt lat="45.285987" lon="5.78451">
        <ele>1879.13</ele>
      </trkpt>
      <trkpt lat="45.285933" lon="5.784491">
        <ele>1879.04</ele>
      </trkpt>
      <trkpt lat="45.285799" lon="5.784474">
        <ele>1880.21</ele>
      </trkpt>
      <trkpt lat="45.285559" lon="5.784465">
        <ele>1882.78</ele>
      </trkpt>
      <trkpt lat="45.28542" lon="5.78449">
        <ele>1884.92</ele>
      </trkpt>
      <trkpt lat="45.285354" lon="5.784478">
        <ele>1884.49</ele>
      </trkpt>
      <trkpt lat="45.285221" lon="5.784484">
        <ele>1884.1</ele>
      </trkpt>
      <trkpt lat="45.285052" lon="5.784539">
        <ele>1885.39</ele>
      </trkpt>
      <trkpt lat="45.284946" lon="5.784548">
        <ele>1884.83</ele>
      </trkpt>
      <trkpt lat="45.284832" lon="5.784509">
        <ele>1882.54</ele>
      </trkpt>
      <trkpt lat="45.284603" lon="5.784372">
        <ele>1875.56</ele>
      </trkpt>
      <trkpt lat="45.284541" lon="5.784277">
        <ele>1872.25</ele>
      </trkpt>
      <trkpt lat="45.284525" lon="5.784267">
        <ele>1871.92</ele>
      </trkpt>
      <trkpt lat="45.284488" lon="5.784175">
        <ele>1869.08</ele>
      </trkpt>
      <trkpt lat="45.28441" lon="5.78413">
        <ele>1867.94</ele>
      </trkpt>
      <trkpt lat="45.28436" lon="5.784072">
        <ele>1866.22</ele>
      </trkpt>
      <trkpt lat="45.284262" lon="5.783994">
        <ele>1863.99</ele>
      </trkpt>
      <trkpt lat="45.284232" lon="5.783985">
        <ele>1863.72</ele>
      </trkpt>
      <trkpt lat="45.284154" lon="5.783897">
        <ele>1861.51</ele>
      </trkpt>
      <trkpt lat="45.284157" lon="5.783877">
        <ele>1860.89</ele>
      </trkpt>
      <trkpt lat="45.284218" lon="5.783861">
        <ele>1860.07</ele>
      </trkpt>
      <trkpt lat="45.284233" lon="5.783832">
        <ele>1859.16</ele>
      </trkpt>
      <trkpt lat="45.284389" lon="5.783749">
        <ele>1855.35</ele>
      </trkpt>
      <trkpt lat="45.284407" lon="5.783724">
        <ele>1854.49</ele>
      </trkpt>
      <trkpt lat="45.284438" lon="5.783703">
        <ele>1853.62</ele>
      </trkpt>
      <trkpt lat="45.284472" lon="5.783698">
        <ele>1853.32</ele>
      </trkpt>
      <trkpt lat="45.284393" lon="5.783583">
        <ele>1850.49</ele>
      </trkpt>
      <trkpt lat="45.284331" lon="5.783523">
        <ele>1849.27</ele>
      </trkpt>
      <trkpt lat="45.284323" lon="5.783502">
        <ele>1848.71</ele>
      </trkpt>
      <trkpt lat="45.284262" lon="5.783439">
        <ele>1847.29</ele>
      </trkpt>
      <trkpt lat="45.284264" lon="5.783423">
        <ele>1846.88</ele>
      </trkpt>
      <trkpt lat="45.284355" lon="5.783398">
        <ele>1845.43</ele>
      </trkpt>
      <trkpt lat="45.284366" lon="5.783384">
        <ele>1844.94</ele>
      </trkpt>
      <trkpt lat="45.284366" lon="5.783384">
        <ele>1844.93</ele>
      </trkpt>
      <trkpt lat="45.284405" lon="5.783361">
        <ele>1843.94</ele>
      </trkpt>
      <trkpt lat="45.284402" lon="5.783328">
        <ele>1843</ele>
      </trkpt>
      <trkpt lat="45.28438" lon="5.7833">
        <ele>1842.37</ele>
      </trkpt>
      <trkpt lat="45.284371" lon="5.783267">
        <ele>1841.5</ele>
      </trkpt>
      <trkpt lat="45.284348" lon="5.783255">
        <ele>1841.31</ele>
      </trkpt>
      <trkpt lat="45.284341" lon="5.783218">
        <ele>1840.29</ele>
      </trkpt>
      <trkpt lat="45.284314" lon="5.783199">
        <ele>1839.99</ele>
      </trkpt>
      <trkpt lat="45.284316" lon="5.78318">
        <ele>1839.43</ele>
      </trkpt>
      <trkpt lat="45.284301" lon="5.783157">
        <ele>1838.87</ele>
      </trkpt>
      <trkpt lat="45.284284" lon="5.78315">
        <ele>1838.8</ele>
      </trkpt>
      <trkpt lat="45.284271" lon="5.783112">
        <ele>1837.81</ele>
      </trkpt>
      <trkpt lat="45.284234" lon="5.783072">
        <ele>1836.95</ele>
      </trkpt>
      <trkpt lat="45.284235" lon="5.783052">
        <ele>1836.35</ele>
      </trkpt>
      <trkpt lat="45.284275" lon="5.783035">
        <ele>1835.54</ele>
      </trkpt>
      <trkpt lat="45.284313" lon="5.783033">
        <ele>1835.17</ele>
      </trkpt>
      <trkpt lat="45.284351" lon="5.783003">
        <ele>1833.76</ele>
      </trkpt>
      <trkpt lat="45.284403" lon="5.782995">
        <ele>1832.69</ele>
      </trkpt>
      <trkpt lat="45.284457" lon="5.782966">
        <ele>1830.94</ele>
      </trkpt>
      <trkpt lat="45.284452" lon="5.782939">
        <ele>1830.26</ele>
      </trkpt>
      <trkpt lat="45.284342" lon="5.782723">
        <ele>1824.79</ele>
      </trkpt>
      <trkpt lat="45.284316" lon="5.782698">
        <ele>1824.5</ele>
      </trkpt>
      <trkpt lat="45.284294" lon="5.782656">
        <ele>1823.64</ele>
      </trkpt>
      <trkpt lat="45.284295" lon="5.782625">
        <ele>1822.7</ele>
      </trkpt>
      <trkpt lat="45.284477" lon="5.782613">
        <ele>1819.21</ele>
      </trkpt>
      <trkpt lat="45.284668" lon="5.782617">
        <ele>1815.69</ele>
      </trkpt>
      <trkpt lat="45.284796" lon="5.782654">
        <ele>1814.52</ele>
      </trkpt>
      <trkpt lat="45.284683" lon="5.7825">
        <ele>1811.38</ele>
      </trkpt>
      <trkpt lat="45.284705" lon="5.782493">
        <ele>1810.65</ele>
      </trkpt>
      <trkpt lat="45.284814" lon="5.782501">
        <ele>1808.23</ele>
      </trkpt>
      <trkpt lat="45.284939" lon="5.782532">
        <ele>1807.08</ele>
      </trkpt>
      <trkpt lat="45.285203" lon="5.782562">
        <ele>1801.8</ele>
      </trkpt>
      <trkpt lat="45.285583" lon="5.782591">
        <ele>1791.47</ele>
      </trkpt>
      <trkpt lat="45.285714" lon="5.782612">
        <ele>1788.4</ele>
      </trkpt>
      <trkpt lat="45.286067" lon="5.782628">
        <ele>1777.57</ele>
      </trkpt>
      <trkpt lat="45.286" lon="5.782546">
        <ele>1775.5</ele>
      </trkpt>
      <trkpt lat="45.286169" lon="5.782558">
        <ele>1770.57</ele>
      </trkpt>
      <trkpt lat="45.286182" lon="5.782585">
        <ele>1771.6</ele>
      </trkpt>
      <trkpt lat="45.286218" lon="5.782583">
        <ele>1770.33</ele>
      </trkpt>
      <trkpt lat="45.286205" lon="5.782514">
        <ele>1766.75</ele>
      </trkpt>
      <trkpt lat="45.286134" lon="5.782437">
        <ele>1764.7</ele>
      </trkpt>
      <trkpt lat="45.286284" lon="5.782426">
        <ele>1758.41</ele>
      </trkpt>
      <trkpt lat="45.286387" lon="5.78244">
        <ele>1756.18</ele>
      </trkpt>
      <trkpt lat="45.28645" lon="5.782434">
        <ele>1754.48</ele>
      </trkpt>
      <trkpt lat="45.286488" lon="5.782459">
        <ele>1755.5</ele>
      </trkpt>
      <trkpt lat="45.286529" lon="5.782514">
        <ele>1758.73</ele>
      </trkpt>
      <trkpt lat="45.286583" lon="5.782547">
        <ele>1760.81</ele>
      </trkpt>
      <trkpt lat="45.286744" lon="5.78257">
        <ele>1764.13</ele>
      </trkpt>
      <trkpt lat="45.286808" lon="5.782559">
        <ele>1764.54</ele>
      </trkpt>
      <trkpt lat="45.2869" lon="5.782459">
        <ele>1760.52</ele>
      </trkpt>
      <trkpt lat="45.286829" lon="5.782432">
        <ele>1758</ele>
      </trkpt>
      <trkpt lat="45.286766" lon="5.782397">
        <ele>1754.61</ele>
      </trkpt>
      <trkpt lat="45.286636" lon="5.782268">
        <ele>1744.53</ele>
      </trkpt>
      <trkpt lat="45.286474" lon="5.782067">
        <ele>1733.86</ele>
      </trkpt>
      <trkpt lat="45.286621" lon="5.782021">
        <ele>1732.35</ele>
      </trkpt>
      <trkpt lat="45.286703" lon="5.781974">
        <ele>1732.12</ele>
      </trkpt>
      <trkpt lat="45.286738" lon="5.781974">
        <ele>1733</ele>
      </trkpt>
      <trkpt lat="45.28677" lon="5.781959">
        <ele>1732.91</ele>
      </trkpt>
      <trkpt lat="45.286829" lon="5.781877">
        <ele>1730.05</ele>
      </trkpt>
      <trkpt lat="45.286875" lon="5.781767">
        <ele>1726.3</ele>
      </trkpt>
      <trkpt lat="45.286922" lon="5.781692">
        <ele>1724.01</ele>
      </trkpt>
      <trkpt lat="45.286981" lon="5.781574">
        <ele>1719.49</ele>
      </trkpt>
      <trkpt lat="45.28704" lon="5.781498">
        <ele>1716.6</ele>
      </trkpt>
      <trkpt lat="45.287094" lon="5.781443">
        <ele>1714.85</ele>
      </trkpt>
      <trkpt lat="45.287175" lon="5.781383">
        <ele>1712.51</ele>
      </trkpt>
      <trkpt lat="45.287028" lon="5.781322">
        <ele>1709.36</ele>
      </trkpt>
      <trkpt lat="45.286715" lon="5.781346">
        <ele>1704.5</ele>
      </trkpt>
      <trkpt lat="45.286593" lon="5.781306">
        <ele>1700.87</ele>
      </trkpt>
      <trkpt lat="45.286515" lon="5.78131">
        <ele>1699.74</ele>
      </trkpt>
      <trkpt lat="45.286436" lon="5.781299">
        <ele>1697.97</ele>
      </trkpt>
      <trkpt lat="45.286352" lon="5.781274">
        <ele>1695.56</ele>
      </trkpt>
      <trkpt lat="45.28628" lon="5.781224">
        <ele>1692.33</ele>
      </trkpt>
      <trkpt lat="45.28616" lon="5.781158">
        <ele>1688.53</ele>
      </trkpt>
      <trkpt lat="45.286082" lon="5.781147">
        <ele>1689.35</ele>
      </trkpt>
      <trkpt lat="45.286082" lon="5.781147">
        <ele>1689.35</ele>
      </trkpt>
      <trkpt lat="45.286082" lon="5.781147">
        <ele>1689.35</ele>
      </trkpt>
      <trkpt lat="45.286061" lon="5.781144">
        <ele>1689.58</ele>
      </trkpt>
      <trkpt lat="45.28602" lon="5.781114">
        <ele>1688.91</ele>
      </trkpt>
      <trkpt lat="45.286133" lon="5.781013">
        <ele>1682.54</ele>
      </trkpt>
      <trkpt lat="45.286168" lon="5.781007">
        <ele>1682.43</ele>
      </trkpt>
      <trkpt lat="45.286202" lon="5.78102">
        <ele>1683.25</ele>
      </trkpt>
      <trkpt lat="45.286481" lon="5.780892">
        <ele>1680.71</ele>
      </trkpt>
      <trkpt lat="45.286634" lon="5.78077">
        <ele>1677.72</ele>
      </trkpt>
      <trkpt lat="45.286796" lon="5.780609">
        <ele>1674.52</ele>
      </trkpt>
      <trkpt lat="45.286848" lon="5.780536">
        <ele>1673.26</ele>
      </trkpt>
      <trkpt lat="45.286852" lon="5.780495">
        <ele>1671.95</ele>
      </trkpt>
      <trkpt lat="45.286919" lon="5.780351">
        <ele>1668.15</ele>
      </trkpt>
      <trkpt lat="45.286964" lon="5.780293">
        <ele>1666.76</ele>
      </trkpt>
      <trkpt lat="45.28705" lon="5.780233">
        <ele>1664.49</ele>
      </trkpt>
      <trkpt lat="45.28705" lon="5.780233">
        <ele>1664.48</ele>
      </trkpt>
      <trkpt lat="45.287058" lon="5.780228">
        <ele>1664.25</ele>
      </trkpt>
      <trkpt lat="45.287057" lon="5.780212">
        <ele>1663.51</ele>
      </trkpt>
      <trkpt lat="45.286944" lon="5.780197">
        <ele>1662.51</ele>
      </trkpt>
      <trkpt lat="45.286867" lon="5.78021">
        <ele>1661.77</ele>
      </trkpt>
      <trkpt lat="45.286813" lon="5.780248">
        <ele>1661.52</ele>
      </trkpt>
      <trkpt lat="45.286667" lon="5.780319">
        <ele>1659.58</ele>
      </trkpt>
      <trkpt lat="45.286563" lon="5.780288">
        <ele>1655.4</ele>
      </trkpt>
      <trkpt lat="45.286497" lon="5.78028">
        <ele>1653.55</ele>
      </trkpt>
      <trkpt lat="45.286217" lon="5.78019">
        <ele>1647.98</ele>
      </trkpt>
      <trkpt lat="45.286126" lon="5.780094">
        <ele>1644.3</ele>
      </trkpt>
      <trkpt lat="45.285967" lon="5.780049">
        <ele>1644.36</ele>
      </trkpt>
      <trkpt lat="45.285917" lon="5.779985">
        <ele>1642.34</ele>
      </trkpt>
      <trkpt lat="45.285891" lon="5.779924">
        <ele>1640.05</ele>
      </trkpt>
      <trkpt lat="45.285815" lon="5.779582">
        <ele>1627.31</ele>
      </trkpt>
      <trkpt lat="45.285844" lon="5.779585">
        <ele>1626.72</ele>
      </trkpt>
      <trkpt lat="45.285844" lon="5.779585">
        <ele>1626.73</ele>
      </trkpt>
      <trkpt lat="45.285968" lon="5.77958">
        <ele>1624.03</ele>
      </trkpt>
      <trkpt lat="45.28604" lon="5.779544">
        <ele>1621.42</ele>
      </trkpt>
      <trkpt lat="45.28625" lon="5.779297">
        <ele>1610.64</ele>
      </trkpt>
      <trkpt lat="45.286404" lon="5.779069">
        <ele>1603.91</ele>
      </trkpt>
      <trkpt lat="45.286463" lon="5.779002">
        <ele>1602.55</ele>
      </trkpt>
      <trkpt lat="45.286502" lon="5.778892">
        <ele>1599.08</ele>
      </trkpt>
      <trkpt lat="45.286626" lon="5.778656">
        <ele>1590.53</ele>
      </trkpt>
      <trkpt lat="45.286696" lon="5.778558">
        <ele>1586.92</ele>
      </trkpt>
      <trkpt lat="45.286768" lon="5.778483">
        <ele>1584.05</ele>
      </trkpt>
      <trkpt lat="45.286768" lon="5.778483">
        <ele>1584.05</ele>
      </trkpt>
      <trkpt lat="45.286884" lon="5.778452">
        <ele>1583.54</ele>
      </trkpt>
      <trkpt lat="45.287019" lon="5.778389">
        <ele>1581.68</ele>
      </trkpt>
      <trkpt lat="45.287173" lon="5.778367">
        <ele>1581.16</ele>
      </trkpt>
      <trkpt lat="45.287642" lon="5.778271">
        <ele>1574.63</ele>
      </trkpt>
      <trkpt lat="45.287855" lon="5.778178">
        <ele>1569.18</ele>
      </trkpt>
      <trkpt lat="45.287973" lon="5.778149">
        <ele>1567.31</ele>
      </trkpt>
      <trkpt lat="45.288283" lon="5.778025">
        <ele>1561.09</ele>
      </trkpt>
      <trkpt lat="45.288477" lon="5.77789">
        <ele>1554.35</ele>
      </trkpt>
      <trkpt lat="45.288628" lon="5.777805">
        <ele>1549.79</ele>
      </trkpt>
      <trkpt lat="45.288801" lon="5.77776">
        <ele>1546.24</ele>
      </trkpt>
      <trkpt lat="45.289032" lon="5.777725">
        <ele>1541.87</ele>
      </trkpt>
      <trkpt lat="45.289179" lon="5.777721">
        <ele>1539.27</ele>
      </trkpt>
      <trkpt lat="45.289243" lon="5.777746">
        <ele>1539.27</ele>
      </trkpt>
      <trkpt lat="45.289398" lon="5.777746">
        <ele>1536.69</ele>
      </trkpt>
      <trkpt lat="45.289498" lon="5.777728">
        <ele>1533.55</ele>
      </trkpt>
      <trkpt lat="45.289577" lon="5.777757">
        <ele>1533.27</ele>
      </trkpt>
      <trkpt lat="45.289949" lon="5.777757">
        <ele>1524.72</ele>
      </trkpt>
      <trkpt lat="45.290103" lon="5.777729">
        <ele>1519.6</ele>
      </trkpt>
      <trkpt lat="45.290238" lon="5.777672">
        <ele>1513.95</ele>
      </trkpt>
      <trkpt lat="45.290667" lon="5.777633">
        <ele>1499.72</ele>
      </trkpt>
      <trkpt lat="45.290967" lon="5.777584">
        <ele>1486.26</ele>
      </trkpt>
      <trkpt lat="45.291064" lon="5.777626">
        <ele>1483.23</ele>
      </trkpt>
      <trkpt lat="45.29108" lon="5.777681">
        <ele>1483.89</ele>
      </trkpt>
      <trkpt lat="45.29108" lon="5.777681">
        <ele>1483.88</ele>
      </trkpt>
      <trkpt lat="45.291121" lon="5.777815">
        <ele>1485.48</ele>
      </trkpt>
      <trkpt lat="45.291121" lon="5.778103">
        <ele>1492.83</ele>
      </trkpt>
      <trkpt lat="45.29134" lon="5.778404">
        <ele>1488.84</ele>
      </trkpt>
      <trkpt lat="45.291513" lon="5.778527">
        <ele>1482.5</ele>
      </trkpt>
      <trkpt lat="45.291587" lon="5.77857">
        <ele>1479.44</ele>
      </trkpt>
      <trkpt lat="45.291696" lon="5.778827">
        <ele>1480.46</ele>
      </trkpt>
      <trkpt lat="45.291916" lon="5.779082">
        <ele>1475.89</ele>
      </trkpt>
      <trkpt lat="45.292141" lon="5.779213">
        <ele>1468.54</ele>
      </trkpt>
      <trkpt lat="45.292576" lon="5.779726">
        <ele>1463.38</ele>
      </trkpt>
      <trkpt lat="45.292836" lon="5.780014">
        <ele>1457.24</ele>
      </trkpt>
      <trkpt lat="45.293095" lon="5.780302">
        <ele>1448.5</ele>
      </trkpt>
      <trkpt lat="45.293308" lon="5.780382">
        <ele>1436.17</ele>
      </trkpt>
      <trkpt lat="45.293385" lon="5.780615">
        <ele>1439.41</ele>
      </trkpt>
      <trkpt lat="45.293499" lon="5.780773">
        <ele>1438.04</ele>
      </trkpt>
      <trkpt lat="45.293639" lon="5.780812">
        <ele>1430.49</ele>
      </trkpt>
      <trkpt lat="45.293832" lon="5.780946">
        <ele>1424.73</ele>
      </trkpt>
      <trkpt lat="45.293901" lon="5.781094">
        <ele>1427.49</ele>
      </trkpt>
      <trkpt lat="45.293971" lon="5.781164">
        <ele>1426.67</ele>
      </trkpt>
      <trkpt lat="45.294231" lon="5.781319">
        <ele>1417.28</ele>
      </trkpt>
      <trkpt lat="45.294403" lon="5.781496">
        <ele>1412.04</ele>
      </trkpt>
      <trkpt lat="45.294437" lon="5.781555">
        <ele>1410.96</ele>
      </trkpt>
      <trkpt lat="45.294456" lon="5.781561">
        <ele>1410.03</ele>
      </trkpt>
      <trkpt lat="45.294419" lon="5.78133">
        <ele>1408.67</ele>
      </trkpt>
      <trkpt lat="45.294385" lon="5.781074">
        <ele>1403.85</ele>
      </trkpt>
      <trkpt lat="45.294409" lon="5.781042">
        <ele>1401.7</ele>
      </trkpt>
      <trkpt lat="45.294454" lon="5.781114">
        <ele>1401.97</ele>
      </trkpt>
      <trkpt lat="45.294667" lon="5.781392">
        <ele>1397.36</ele>
      </trkpt>
      <trkpt lat="45.294751" lon="5.781508">
        <ele>1393.86</ele>
      </trkpt>
      <trkpt lat="45.294833" lon="5.781724">
        <ele>1390.25</ele>
      </trkpt>
      <trkpt lat="45.294883" lon="5.781933">
        <ele>1387.09</ele>
      </trkpt>
      <trkpt lat="45.294904" lon="5.78209">
        <ele>1385.58</ele>
      </trkpt>
      <trkpt lat="45.294904" lon="5.782202">
        <ele>1385.25</ele>
      </trkpt>
      <trkpt lat="45.294916" lon="5.782204">
        <ele>1384.4</ele>
      </trkpt>
      <trkpt lat="45.294939" lon="5.782162">
        <ele>1382.98</ele>
      </trkpt>
      <trkpt lat="45.294939" lon="5.782162">
        <ele>1382.97</ele>
      </trkpt>
      <trkpt lat="45.295002" lon="5.782049">
        <ele>1379.14</ele>
      </trkpt>
      <trkpt lat="45.295049" lon="5.781591">
        <ele>1376.11</ele>
      </trkpt>
      <trkpt lat="45.295096" lon="5.781134">
        <ele>1367.84</ele>
      </trkpt>
      <trkpt lat="45.295092" lon="5.781027">
        <ele>1364.97</ele>
      </trkpt>
      <trkpt lat="45.295181" lon="5.781067">
        <ele>1360.28</ele>
      </trkpt>
      <trkpt lat="45.295234" lon="5.781167">
        <ele>1358.35</ele>
      </trkpt>
      <trkpt lat="45.295234" lon="5.781167">
        <ele>1358.34</ele>
      </trkpt>
      <trkpt lat="45.295364" lon="5.781413">
        <ele>1353.59</ele>
      </trkpt>
      <trkpt lat="45.295519" lon="5.782046">
        <ele>1343.01</ele>
      </trkpt>
      <trkpt lat="45.295582" lon="5.782204">
        <ele>1337.89</ele>
      </trkpt>
      <trkpt lat="45.295592" lon="5.782269">
        <ele>1337.28</ele>
      </trkpt>
      <trkpt lat="45.295434" lon="5.782399">
        <ele>1347.66</ele>
      </trkpt>
      <trkpt lat="45.295444" lon="5.78249">
        <ele>1346.97</ele>
      </trkpt>
      <trkpt lat="45.295531" lon="5.782565">
        <ele>1341.15</ele>
      </trkpt>
      <trkpt lat="45.295548" lon="5.782758">
        <ele>1339.9</ele>
      </trkpt>
      <trkpt lat="45.295548" lon="5.782758">
        <ele>1339.9</ele>
      </trkpt>
      <trkpt lat="45.295571" lon="5.783013">
        <ele>1338.25</ele>
      </trkpt>
      <trkpt lat="45.295636" lon="5.783279">
        <ele>1335.01</ele>
      </trkpt>
      <trkpt lat="45.296034" lon="5.783645">
        <ele>1315.85</ele>
      </trkpt>
      <trkpt lat="45.296221" lon="5.783882">
        <ele>1304.19</ele>
      </trkpt>
      <trkpt lat="45.296242" lon="5.783689">
        <ele>1304.77</ele>
      </trkpt>
      <trkpt lat="45.296242" lon="5.783689">
        <ele>1304.77</ele>
      </trkpt>
      <trkpt lat="45.296254" lon="5.783576">
        <ele>1305.11</ele>
      </trkpt>
      <trkpt lat="45.296223" lon="5.783391">
        <ele>1305.01</ele>
      </trkpt>
      <trkpt lat="45.296232" lon="5.783228">
        <ele>1304.03</ele>
      </trkpt>
      <trkpt lat="45.296277" lon="5.783099">
        <ele>1301.57</ele>
      </trkpt>
      <trkpt lat="45.296473" lon="5.782723">
        <ele>1293.07</ele>
      </trkpt>
      <trkpt lat="45.296504" lon="5.78262">
        <ele>1291.82</ele>
      </trkpt>
      <trkpt lat="45.296541" lon="5.782573">
        <ele>1290.29</ele>
      </trkpt>
      <trkpt lat="45.296541" lon="5.782573">
        <ele>1290.28</ele>
      </trkpt>
      <trkpt lat="45.296565" lon="5.782542">
        <ele>1289.29</ele>
      </trkpt>
      <trkpt lat="45.296692" lon="5.782455">
        <ele>1284.13</ele>
      </trkpt>
      <trkpt lat="45.296781" lon="5.782482">
        <ele>1280.73</ele>
      </trkpt>
      <trkpt lat="45.296858" lon="5.782368">
        <ele>1278.22</ele>
      </trkpt>
      <trkpt lat="45.296906" lon="5.782318">
        <ele>1276.52</ele>
      </trkpt>
      <trkpt lat="45.296958" lon="5.782325">
        <ele>1274.73</ele>
      </trkpt>
      <trkpt lat="45.297012" lon="5.782249">
        <ele>1273.4</ele>
      </trkpt>
      <trkpt lat="45.297051" lon="5.782227">
        <ele>1272.23</ele>
      </trkpt>
      <trkpt lat="45.297141" lon="5.782267">
        <ele>1268.69</ele>
      </trkpt>
      <trkpt lat="45.297215" lon="5.782269">
        <ele>1266.21</ele>
      </trkpt>
      <trkpt lat="45.29727" lon="5.782232">
        <ele>1264.82</ele>
      </trkpt>
      <trkpt lat="45.29728" lon="5.782108">
        <ele>1265.93</ele>
      </trkpt>
      <trkpt lat="45.29742" lon="5.781982">
        <ele>1262.3</ele>
      </trkpt>
      <trkpt lat="45.297488" lon="5.78194">
        <ele>1260.09</ele>
      </trkpt>
      <trkpt lat="45.297544" lon="5.781944">
        <ele>1257.98</ele>
      </trkpt>
      <trkpt lat="45.297704" lon="5.78185">
        <ele>1252.82</ele>
      </trkpt>
      <trkpt lat="45.297748" lon="5.781771">
        <ele>1251.36</ele>
      </trkpt>
      <trkpt lat="45.297831" lon="5.781793">
        <ele>1248.22</ele>
      </trkpt>
      <trkpt lat="45.297935" lon="5.781724">
        <ele>1244.95</ele>
      </trkpt>
      <trkpt lat="45.297983" lon="5.781617">
        <ele>1243.13</ele>
      </trkpt>
      <trkpt lat="45.298036" lon="5.78159">
        <ele>1241.4</ele>
      </trkpt>
      <trkpt lat="45.298198" lon="5.78159">
        <ele>1236.45</ele>
      </trkpt>
      <trkpt lat="45.298242" lon="5.781559">
        <ele>1234.98</ele>
      </trkpt>
      <trkpt lat="45.298196" lon="5.781393">
        <ele>1235.06</ele>
      </trkpt>
      <trkpt lat="45.298311" lon="5.781168">
        <ele>1228.58</ele>
      </trkpt>
      <trkpt lat="45.298546" lon="5.781024">
        <ele>1219.36</ele>
      </trkpt>
      <trkpt lat="45.298546" lon="5.781024">
        <ele>1219.36</ele>
      </trkpt>
      <trkpt lat="45.29842" lon="5.781303">
        <ele>1227.49</ele>
      </trkpt>
      <trkpt lat="45.29842" lon="5.781358">
        <ele>1228.19</ele>
      </trkpt>
      <trkpt lat="45.298556" lon="5.781494">
        <ele>1224.54</ele>
      </trkpt>
      <trkpt lat="45.298609" lon="5.781604">
        <ele>1222.35</ele>
      </trkpt>
      <trkpt lat="45.298636" lon="5.781832">
        <ele>1219.31</ele>
      </trkpt>
      <trkpt lat="45.298636" lon="5.781832">
        <ele>1219.3</ele>
      </trkpt>
      <trkpt lat="45.298719" lon="5.781891">
        <ele>1215.72</ele>
      </trkpt>
      <trkpt lat="45.298885" lon="5.781834">
        <ele>1211.06</ele>
      </trkpt>
      <trkpt lat="45.299034" lon="5.781872">
        <ele>1205.67</ele>
      </trkpt>
      <trkpt lat="45.299025" lon="5.781863">
        <ele>1206.06</ele>
      </trkpt>
      <trkpt lat="45.299025" lon="5.781863">
        <ele>1206.05</ele>
      </trkpt>
      <trkpt lat="45.298924" lon="5.781762">
        <ele>1210.59</ele>
      </trkpt>
      <trkpt lat="45.298913" lon="5.781649">
        <ele>1212.04</ele>
      </trkpt>
      <trkpt lat="45.298983" lon="5.781392">
        <ele>1210.5</ele>
      </trkpt>
      <trkpt lat="45.299069" lon="5.781312">
        <ele>1207.24</ele>
      </trkpt>
      <trkpt lat="45.299069" lon="5.781312">
        <ele>1207.23</ele>
      </trkpt>
      <trkpt lat="45.299319" lon="5.781173">
        <ele>1195.44</ele>
      </trkpt>
      <trkpt lat="45.299486" lon="5.781042">
        <ele>1185.25</ele>
      </trkpt>
      <trkpt lat="45.29957" lon="5.781019">
        <ele>1181.38</ele>
      </trkpt>
      <trkpt lat="45.299883" lon="5.781051">
        <ele>1169.73</ele>
      </trkpt>
      <trkpt lat="45.299807" lon="5.780922">
        <ele>1169.42</ele>
      </trkpt>
      <trkpt lat="45.299849" lon="5.780882">
        <ele>1167.08</ele>
      </trkpt>
      <trkpt lat="45.300032" lon="5.780909">
        <ele>1162.08</ele>
      </trkpt>
      <trkpt lat="45.299994" lon="5.780825">
        <ele>1161.24</ele>
      </trkpt>
      <trkpt lat="45.299994" lon="5.780825">
        <ele>1161.25</ele>
      </trkpt>
      <trkpt lat="45.299985" lon="5.780804">
        <ele>1161.04</ele>
      </trkpt>
      <trkpt lat="45.299852" lon="5.780659">
        <ele>1160.82</ele>
      </trkpt>
      <trkpt lat="45.29971" lon="5.780579">
        <ele>1163.16</ele>
      </trkpt>
      <trkpt lat="45.299674" lon="5.780454">
        <ele>1160.54</ele>
      </trkpt>
      <trkpt lat="45.299423" lon="5.78002">
        <ele>1154.22</ele>
      </trkpt>
      <trkpt lat="45.299262" lon="5.779668">
        <ele>1146.94</ele>
      </trkpt>
      <trkpt lat="45.299373" lon="5.779753">
        <ele>1146.65</ele>
      </trkpt>
      <trkpt lat="45.299373" lon="5.779753">
        <ele>1146.65</ele>
      </trkpt>
      <trkpt lat="45.299638" lon="5.779954">
        <ele>1145.96</ele>
      </trkpt>
      <trkpt lat="45.299728" lon="5.780001">
        <ele>1145.05</ele>
      </trkpt>
      <trkpt lat="45.299821" lon="5.780029">
        <ele>1143.59</ele>
      </trkpt>
      <trkpt lat="45.299995" lon="5.78004">
        <ele>1140.65</ele>
      </trkpt>
      <trkpt lat="45.300258" lon="5.780032">
        <ele>1136.11</ele>
      </trkpt>
      <trkpt lat="45.300375" lon="5.78002">
        <ele>1134.34</ele>
      </trkpt>
      <trkpt lat="45.30049" lon="5.779954">
        <ele>1131.52</ele>
      </trkpt>
      <trkpt lat="45.300717" lon="5.779907">
        <ele>1128.44</ele>
      </trkpt>
      <trkpt lat="45.3009" lon="5.77992">
        <ele>1127.17</ele>
      </trkpt>
      <trkpt lat="45.301043" lon="5.779973">
        <ele>1126.9</ele>
      </trkpt>
      <trkpt lat="45.3012" lon="5.779974">
        <ele>1125.62</ele>
      </trkpt>
      <trkpt lat="45.301366" lon="5.780009">
        <ele>1124.23</ele>
      </trkpt>
      <trkpt lat="45.301477" lon="5.780009">
        <ele>1123.17</ele>
      </trkpt>
      <trkpt lat="45.301532" lon="5.779967">
        <ele>1121.75</ele>
      </trkpt>
      <trkpt lat="45.301765" lon="5.779714">
        <ele>1112.8</ele>
      </trkpt>
      <trkpt lat="45.301859" lon="5.779672">
        <ele>1110.29</ele>
      </trkpt>
      <trkpt lat="45.302084" lon="5.779666">
        <ele>1106.4</ele>
      </trkpt>
      <trkpt lat="45.302183" lon="5.7797">
        <ele>1105.58</ele>
      </trkpt>
      <trkpt lat="45.302385" lon="5.779722">
        <ele>1101.49</ele>
      </trkpt>
      <trkpt lat="45.302441" lon="5.779751">
        <ele>1100.78</ele>
      </trkpt>
      <trkpt lat="45.302441" lon="5.779751">
        <ele>1100.77</ele>
      </trkpt>
      <trkpt lat="45.302492" lon="5.779777">
        <ele>1100.12</ele>
      </trkpt>
      <trkpt lat="45.302608" lon="5.779907">
        <ele>1100.27</ele>
      </trkpt>
      <trkpt lat="45.302704" lon="5.780118">
        <ele>1102.02</ele>
      </trkpt>
      <trkpt lat="45.303037" lon="5.780498">
        <ele>1099.59</ele>
      </trkpt>
      <trkpt lat="45.303252" lon="5.780626">
        <ele>1095.38</ele>
      </trkpt>
      <trkpt lat="45.303536" lon="5.78072">
        <ele>1089.45</ele>
      </trkpt>
      <trkpt lat="45.303615" lon="5.780789">
        <ele>1088.39</ele>
      </trkpt>
      <trkpt lat="45.303718" lon="5.780849">
        <ele>1086.7</ele>
      </trkpt>
      <trkpt lat="45.303846" lon="5.780945">
        <ele>1085.36</ele>
      </trkpt>
      <trkpt lat="45.304261" lon="5.781111">
        <ele>1080.4</ele>
      </trkpt>
      <trkpt lat="45.304543" lon="5.781158">
        <ele>1076.55</ele>
      </trkpt>
      <trkpt lat="45.304543" lon="5.781158">
        <ele>1076.55</ele>
      </trkpt>
      <trkpt lat="45.304841" lon="5.78118">
        <ele>1072</ele>
      </trkpt>
      <trkpt lat="45.304907" lon="5.78117">
        <ele>1070.76</ele>
      </trkpt>
      <trkpt lat="45.30496" lon="5.781125">
        <ele>1069.07</ele>
      </trkpt>
      <trkpt lat="45.304998" lon="5.781046">
        <ele>1067.07</ele>
      </trkpt>
      <trkpt lat="45.305081" lon="5.780713">
        <ele>1061.58</ele>
      </trkpt>
      <trkpt lat="45.305137" lon="5.780627">
        <ele>1059.66</ele>
      </trkpt>
      <trkpt lat="45.305169" lon="5.780622">
        <ele>1059.06</ele>
      </trkpt>
      <trkpt lat="45.305169" lon="5.780622">
        <ele>1059.06</ele>
      </trkpt>
      <trkpt lat="45.305272" lon="5.780606">
        <ele>1057.18</ele>
      </trkpt>
      <trkpt lat="45.305367" lon="5.780565">
        <ele>1055.13</ele>
      </trkpt>
      <trkpt lat="45.305582" lon="5.780535">
        <ele>1051.22</ele>
      </trkpt>
      <trkpt lat="45.305665" lon="5.780545">
        <ele>1049.97</ele>
      </trkpt>
      <trkpt lat="45.306111" lon="5.780719">
        <ele>1042.59</ele>
      </trkpt>
      <trkpt lat="45.306111" lon="5.780719">
        <ele>1042.58</ele>
      </trkpt>
      <trkpt lat="45.306196" lon="5.780776">
        <ele>1041.36</ele>
      </trkpt>
      <trkpt lat="45.30628" lon="5.780855">
        <ele>1039.81</ele>
      </trkpt>
      <trkpt lat="45.306498" lon="5.781094">
        <ele>1035.26</ele>
      </trkpt>
      <trkpt lat="45.306905" lon="5.781421">
        <ele>1026.77</ele>
      </trkpt>
      <trkpt lat="45.307463" lon="5.781889">
        <ele>1018.94</ele>
      </trkpt>
      <trkpt lat="45.307798" lon="5.78212">
        <ele>1016.01</ele>
      </trkpt>
      <trkpt lat="45.307854" lon="5.78218">
        <ele>1015.54</ele>
      </trkpt>
      <trkpt lat="45.307854" lon="5.78218">
        <ele>1015.54</ele>
      </trkpt>
      <trkpt lat="45.307942" lon="5.782293">
        <ele>1014.82</ele>
      </trkpt>
      <trkpt lat="45.30842" lon="5.78302">
        <ele>1005.99</ele>
      </trkpt>
      <trkpt lat="45.308662" lon="5.783309">
        <ele>1000.44</ele>
      </trkpt>
      <trkpt lat="45.308744" lon="5.783433">
        <ele>999.08</ele>
      </trkpt>
      <trkpt lat="45.308884" lon="5.78369">
        <ele>996.05</ele>
      </trkpt>
      <trkpt lat="45.309187" lon="5.784256">
        <ele>993.01</ele>
      </trkpt>
      <trkpt lat="45.309345" lon="5.784495">
        <ele>992.11</ele>
      </trkpt>
      <trkpt lat="45.309772" lon="5.784937">
        <ele>988.87</ele>
      </trkpt>
      <trkpt lat="45.309975" lon="5.785316">
        <ele>989.26</ele>
      </trkpt>
      <trkpt lat="45.31013" lon="5.785474">
        <ele>988.19</ele>
      </trkpt>
      <trkpt lat="45.310246" lon="5.785569">
        <ele>986.96</ele>
      </trkpt>
      <trkpt lat="45.310246" lon="5.785569">
        <ele>986.96</ele>
      </trkpt>
      <trkpt lat="45.310603" lon="5.78586">
        <ele>983.18</ele>
      </trkpt>
      <trkpt lat="45.311079" lon="5.786179">
        <ele>977.16</ele>
      </trkpt>
      <trkpt lat="45.311422" lon="5.786372">
        <ele>974.78</ele>
      </trkpt>
      <trkpt lat="45.311699" lon="5.786456">
        <ele>971.88</ele>
      </trkpt>
      <trkpt lat="45.312071" lon="5.786748">
        <ele>971.78</ele>
      </trkpt>
      <trkpt lat="45.312356" lon="5.786955">
        <ele>970.55</ele>
      </trkpt>
      <trkpt lat="45.312491" lon="5.787038">
        <ele>969.61</ele>
      </trkpt>
      <trkpt lat="45.312543" lon="5.787048">
        <ele>969.21</ele>
      </trkpt>
      <trkpt lat="45.312543" lon="5.787048">
        <ele>969.21</ele>
      </trkpt>
      <trkpt lat="45.312672" lon="5.787074">
        <ele>968.23</ele>
      </trkpt>
      <trkpt lat="45.313147" lon="5.787096">
        <ele>962.55</ele>
      </trkpt>
      <trkpt lat="45.313316" lon="5.787059">
        <ele>960.13</ele>
      </trkpt>
      <trkpt lat="45.313424" lon="5.787012">
        <ele>958.44</ele>
      </trkpt>
      <trkpt lat="45.313493" lon="5.786996">
        <ele>957.77</ele>
      </trkpt>
      <trkpt lat="45.313739" lon="5.787015">
        <ele>955.73</ele>
      </trkpt>
      <trkpt lat="45.313922" lon="5.787149">
        <ele>954.12</ele>
      </trkpt>
      <trkpt lat="45.314025" lon="5.787245">
        <ele>953.34</ele>
      </trkpt>
      <trkpt lat="45.314113" lon="5.787358">
        <ele>952.56</ele>
      </trkpt>
      <trkpt lat="45.314145" lon="5.787418">
        <ele>952.18</ele>
      </trkpt>
      <trkpt lat="45.314145" lon="5.787418">
        <ele>952.19</ele>
      </trkpt>
      <trkpt lat="45.314262" lon="5.787634">
        <ele>950.82</ele>
      </trkpt>
      <trkpt lat="45.314411" lon="5.78802">
        <ele>949.87</ele>
      </trkpt>
      <trkpt lat="45.314513" lon="5.788256">
        <ele>949.66</ele>
      </trkpt>
      <trkpt lat="45.314568" lon="5.788434">
        <ele>950.04</ele>
      </trkpt>
      <trkpt lat="45.314675" lon="5.788893">
        <ele>949.15</ele>
      </trkpt>
      <trkpt lat="45.314701" lon="5.789083">
        <ele>948.87</ele>
      </trkpt>
      <trkpt lat="45.314709" lon="5.789246">
        <ele>948.74</ele>
      </trkpt>
      <trkpt lat="45.314659" lon="5.790054">
        <ele>947.56</ele>
      </trkpt>
      <trkpt lat="45.314757" lon="5.790379">
        <ele>946.46</ele>
      </trkpt>
      <trkpt lat="45.314921" lon="5.790829">
        <ele>946.37</ele>
      </trkpt>
      <trkpt lat="45.314947" lon="5.790925">
        <ele>946.5</ele>
      </trkpt>
      <trkpt lat="45.314963" lon="5.79106">
        <ele>947.02</ele>
      </trkpt>
      <trkpt lat="45.31496" lon="5.791143">
        <ele>947.55</ele>
      </trkpt>
      <trkpt lat="45.314982" lon="5.79114">
        <ele>947.16</ele>
      </trkpt>
      <trkpt lat="45.314982" lon="5.79114">
        <ele>947.17</ele>
      </trkpt>
      <trkpt lat="45.315013" lon="5.791137">
        <ele>946.64</ele>
      </trkpt>
      <trkpt lat="45.315108" lon="5.791206">
        <ele>945.8</ele>
      </trkpt>
      <trkpt lat="45.315434" lon="5.791553">
        <ele>943.1</ele>
      </trkpt>
      <trkpt lat="45.315911" lon="5.791887">
        <ele>938.45</ele>
      </trkpt>
      <trkpt lat="45.316224" lon="5.792077">
        <ele>936.46</ele>
      </trkpt>
      <trkpt lat="45.316375" lon="5.792175">
        <ele>934.25</ele>
      </trkpt>
      <trkpt lat="45.316542" lon="5.792442">
        <ele>932.95</ele>
      </trkpt>
      <trkpt lat="45.316542" lon="5.792442">
        <ele>932.95</ele>
      </trkpt>
      <trkpt lat="45.316627" lon="5.792601">
        <ele>932.04</ele>
      </trkpt>
      <trkpt lat="45.31676" lon="5.792908">
        <ele>927.81</ele>
      </trkpt>
      <trkpt lat="45.31686" lon="5.793325">
        <ele>925.89</ele>
      </trkpt>
      <trkpt lat="45.316894" lon="5.793378">
        <ele>925.39</ele>
      </trkpt>
      <trkpt lat="45.316965" lon="5.793429">
        <ele>923.85</ele>
      </trkpt>
      <trkpt lat="45.317049" lon="5.793468">
        <ele>922.05</ele>
      </trkpt>
      <trkpt lat="45.317123" lon="5.79353">
        <ele>920.6</ele>
      </trkpt>
      <trkpt lat="45.317192" lon="5.793631">
        <ele>919.72</ele>
      </trkpt>
      <trkpt lat="45.317317" lon="5.793861">
        <ele>918.69</ele>
      </trkpt>
      <trkpt lat="45.317492" lon="5.794233">
        <ele>918.44</ele>
      </trkpt>
      <trkpt lat="45.317644" lon="5.794587">
        <ele>916.79</ele>
      </trkpt>
      <trkpt lat="45.31779" lon="5.794888">
        <ele>915.3</ele>
      </trkpt>
      <trkpt lat="45.317944" lon="5.795196">
        <ele>913.08</ele>
      </trkpt>
      <trkpt lat="45.318249" lon="5.795763">
        <ele>907.17</ele>
      </trkpt>
      <trkpt lat="45.318499" lon="5.796378">
        <ele>905.64</ele>
      </trkpt>
      <trkpt lat="45.318614" lon="5.796723">
        <ele>906.16</ele>
      </trkpt>
      <trkpt lat="45.318689" lon="5.796915">
        <ele>905.89</ele>
      </trkpt>
      <trkpt lat="45.31881" lon="5.797046">
        <ele>903.44</ele>
      </trkpt>
      <trkpt lat="45.319153" lon="5.797494">
        <ele>899.16</ele>
      </trkpt>
      <trkpt lat="45.319371" lon="5.797891">
        <ele>898.37</ele>
      </trkpt>
      <trkpt lat="45.319472" lon="5.798039">
        <ele>898.09</ele>
      </trkpt>
      <trkpt lat="45.319553" lon="5.798192">
        <ele>898.35</ele>
      </trkpt>
      <trkpt lat="45.319727" lon="5.798469">
        <ele>897.87</ele>
      </trkpt>
      <trkpt lat="45.319925" lon="5.798817">
        <ele>897.64</ele>
      </trkpt>
      <trkpt lat="45.319992" lon="5.79898">
        <ele>897.8</ele>
      </trkpt>
      <trkpt lat="45.320037" lon="5.79918">
        <ele>897.76</ele>
      </trkpt>
      <trkpt lat="45.320064" lon="5.799342">
        <ele>897.97</ele>
      </trkpt>
      <trkpt lat="45.320076" lon="5.799526">
        <ele>897.64</ele>
      </trkpt>
      <trkpt lat="45.320071" lon="5.799708">
        <ele>897.18</ele>
      </trkpt>
      <trkpt lat="45.320062" lon="5.799943">
        <ele>896.61</ele>
      </trkpt>
      <trkpt lat="45.320094" lon="5.800091">
        <ele>896.34</ele>
      </trkpt>
      <trkpt lat="45.320119" lon="5.800169">
        <ele>896.14</ele>
      </trkpt>
      <trkpt lat="45.32016" lon="5.800249">
        <ele>895.8</ele>
      </trkpt>
      <trkpt lat="45.320197" lon="5.800247">
        <ele>895.49</ele>
      </trkpt>
      <trkpt lat="45.320306" lon="5.800374">
        <ele>895.48</ele>
      </trkpt>
      <trkpt lat="45.320338" lon="5.800377">
        <ele>895.3</ele>
      </trkpt>
      <trkpt lat="45.320338" lon="5.800377">
        <ele>895.3</ele>
      </trkpt>
      <trkpt lat="45.32054" lon="5.800395">
        <ele>894.17</ele>
      </trkpt>
      <trkpt lat="45.320762" lon="5.800441">
        <ele>892.68</ele>
      </trkpt>
      <trkpt lat="45.321022" lon="5.800561">
        <ele>890.59</ele>
      </trkpt>
      <trkpt lat="45.321164" lon="5.800639">
        <ele>889.69</ele>
      </trkpt>
      <trkpt lat="45.321318" lon="5.8007">
        <ele>888.92</ele>
      </trkpt>
      <trkpt lat="45.321556" lon="5.800844">
        <ele>891.7</ele>
      </trkpt>
      <trkpt lat="45.321846" lon="5.800935">
        <ele>888.17</ele>
      </trkpt>
      <trkpt lat="45.322165" lon="5.801176">
        <ele>887.31</ele>
      </trkpt>
      <trkpt lat="45.32241" lon="5.801382">
        <ele>887.68</ele>
      </trkpt>
      <trkpt lat="45.322476" lon="5.801466">
        <ele>888.58</ele>
      </trkpt>
      <trkpt lat="45.32259" lon="5.801565">
        <ele>889.38</ele>
      </trkpt>
      <trkpt lat="45.322853" lon="5.801646">
        <ele>890.1</ele>
      </trkpt>
      <trkpt lat="45.323077" lon="5.801685">
        <ele>891.02</ele>
      </trkpt>
      <trkpt lat="45.323314" lon="5.801671">
        <ele>890.7</ele>
      </trkpt>
      <trkpt lat="45.323518" lon="5.801692">
        <ele>891.18</ele>
      </trkpt>
      <trkpt lat="45.323749" lon="5.801745">
        <ele>892.41</ele>
      </trkpt>
      <trkpt lat="45.324046" lon="5.801862">
        <ele>895.04</ele>
      </trkpt>
      <trkpt lat="45.324327" lon="5.801994">
        <ele>896.49</ele>
      </trkpt>
      <trkpt lat="45.324799" lon="5.802204">
        <ele>895.98</ele>
      </trkpt>
      <trkpt lat="45.325076" lon="5.802267">
        <ele>893.57</ele>
      </trkpt>
      <trkpt lat="45.325254" lon="5.802297">
        <ele>891.42</ele>
      </trkpt>
      <trkpt lat="45.325392" lon="5.802353">
        <ele>890.21</ele>
      </trkpt>
      <trkpt lat="45.325561" lon="5.802467">
        <ele>888.08</ele>
      </trkpt>
      <trkpt lat="45.325856" lon="5.802803">
        <ele>885.15</ele>
      </trkpt>
      <trkpt lat="45.326005" lon="5.802867">
        <ele>883.12</ele>
      </trkpt>
      <trkpt lat="45.326219" lon="5.803083">
        <ele>880.96</ele>
      </trkpt>
      <trkpt lat="45.326219" lon="5.803083">
        <ele>880.96</ele>
      </trkpt>
      <trkpt lat="45.326288" lon="5.803128">
        <ele>880.45</ele>
      </trkpt>
      <trkpt lat="45.326322" lon="5.803017">
        <ele>878.68</ele>
      </trkpt>
      <trkpt lat="45.326285" lon="5.802685">
        <ele>876.44</ele>
      </trkpt>
      <trkpt lat="45.325979" lon="5.802025">
        <ele>872.71</ele>
      </trkpt>
      <trkpt lat="45.325903" lon="5.801709">
        <ele>866.22</ele>
      </trkpt>
      <trkpt lat="45.325835" lon="5.80155">
        <ele>862.83</ele>
      </trkpt>
      <trkpt lat="45.325747" lon="5.801381">
        <ele>859.53</ele>
      </trkpt>
      <trkpt lat="45.325682" lon="5.801206">
        <ele>855.3</ele>
      </trkpt>
      <trkpt lat="45.325615" lon="5.80105">
        <ele>852.7</ele>
      </trkpt>
      <trkpt lat="45.32558" lon="5.800898">
        <ele>849.68</ele>
      </trkpt>
      <trkpt lat="45.325574" lon="5.800764">
        <ele>844.93</ele>
      </trkpt>
      <trkpt lat="45.32561" lon="5.800668">
        <ele>844.25</ele>
      </trkpt>
      <trkpt lat="45.32568" lon="5.800562">
        <ele>844.27</ele>
      </trkpt>
      <trkpt lat="45.325716" lon="5.800428">
        <ele>845.11</ele>
      </trkpt>
      <trkpt lat="45.325709" lon="5.800178">
        <ele>849.12</ele>
      </trkpt>
      <trkpt lat="45.325794" lon="5.800024">
        <ele>853.41</ele>
      </trkpt>
      <trkpt lat="45.325826" lon="5.80001">
        <ele>854.31</ele>
      </trkpt>
      <trkpt lat="45.325826" lon="5.80001">
        <ele>854.31</ele>
      </trkpt>
      <trkpt lat="45.326021" lon="5.799927">
        <ele>859.83</ele>
      </trkpt>
      <trkpt lat="45.32626" lon="5.799895">
        <ele>866.7</ele>
      </trkpt>
      <trkpt lat="45.326675" lon="5.800029">
        <ele>875.03</ele>
      </trkpt>
      <trkpt lat="45.326839" lon="5.800077">
        <ele>876.71</ele>
      </trkpt>
      <trkpt lat="45.326881" lon="5.800071">
        <ele>877.17</ele>
      </trkpt>
      <trkpt lat="45.326915" lon="5.800025">
        <ele>878.23</ele>
      </trkpt>
      <trkpt lat="45.326963" lon="5.799783">
        <ele>880.44</ele>
      </trkpt>
      <trkpt lat="45.327141" lon="5.800082">
        <ele>878.07</ele>
      </trkpt>
      <trkpt lat="45.327338" lon="5.800257">
        <ele>876.62</ele>
      </trkpt>
      <trkpt lat="45.327581" lon="5.800333">
        <ele>877.44</ele>
      </trkpt>
      <trkpt lat="45.327904" lon="5.800388">
        <ele>877.93</ele>
      </trkpt>
      <trkpt lat="45.32808" lon="5.800375">
        <ele>877.64</ele>
      </trkpt>
      <trkpt lat="45.328266" lon="5.800291">
        <ele>877.35</ele>
      </trkpt>
      <trkpt lat="45.328382" lon="5.800224">
        <ele>877.56</ele>
      </trkpt>
      <trkpt lat="45.328487" lon="5.800232">
        <ele>877.81</ele>
      </trkpt>
      <trkpt lat="45.328681" lon="5.800301">
        <ele>878.14</ele>
      </trkpt>
      <trkpt lat="45.328816" lon="5.800335">
        <ele>878.41</ele>
      </trkpt>
      <trkpt lat="45.329047" lon="5.80036">
        <ele>879.41</ele>
      </trkpt>
      <trkpt lat="45.329154" lon="5.800321">
        <ele>879.33</ele>
      </trkpt>
      <trkpt lat="45.329248" lon="5.800301">
        <ele>878.93</ele>
      </trkpt>
      <trkpt lat="45.329341" lon="5.800223">
        <ele>877.72</ele>
      </trkpt>
      <trkpt lat="45.329346" lon="5.800182">
        <ele>877.44</ele>
      </trkpt>
      <trkpt lat="45.329346" lon="5.800182">
        <ele>877.44</ele>
      </trkpt>
      <trkpt lat="45.329341" lon="5.800223">
        <ele>877.72</ele>
      </trkpt>
      <trkpt lat="45.32952" lon="5.800406">
        <ele>878.22</ele>
      </trkpt>
      <trkpt lat="45.329641" lon="5.800566">
        <ele>878.9</ele>
      </trkpt>
      <trkpt lat="45.329786" lon="5.800782">
        <ele>882.41</ele>
      </trkpt>
      <trkpt lat="45.330008" lon="5.801005">
        <ele>881.43</ele>
      </trkpt>
      <trkpt lat="45.330248" lon="5.801172">
        <ele>879.57</ele>
      </trkpt>
      <trkpt lat="45.330364" lon="5.801292">
        <ele>879.75</ele>
      </trkpt>
      <trkpt lat="45.330629" lon="5.801618">
        <ele>880.29</ele>
      </trkpt>
      <trkpt lat="45.33081" lon="5.801823">
        <ele>880.32</ele>
      </trkpt>
      <trkpt lat="45.330973" lon="5.802041">
        <ele>879.12</ele>
      </trkpt>
      <trkpt lat="45.331082" lon="5.802206">
        <ele>879</ele>
      </trkpt>
      <trkpt lat="45.331195" lon="5.802403">
        <ele>878.48</ele>
      </trkpt>
      <trkpt lat="45.331355" lon="5.802759">
        <ele>878.68</ele>
      </trkpt>
      <trkpt lat="45.331421" lon="5.802966">
        <ele>878.97</ele>
      </trkpt>
      <trkpt lat="45.331574" lon="5.803265">
        <ele>877.49</ele>
      </trkpt>
      <trkpt lat="45.331733" lon="5.803513">
        <ele>874.29</ele>
      </trkpt>
      <trkpt lat="45.331837" lon="5.803736">
        <ele>872.43</ele>
      </trkpt>
      <trkpt lat="45.331932" lon="5.804075">
        <ele>870.3</ele>
      </trkpt>
      <trkpt lat="45.331968" lon="5.804149">
        <ele>869.57</ele>
      </trkpt>
      <trkpt lat="45.332016" lon="5.804213">
        <ele>869.04</ele>
      </trkpt>
      <trkpt lat="45.3322" lon="5.804346">
        <ele>867.45</ele>
      </trkpt>
      <trkpt lat="45.3322" lon="5.804346">
        <ele>867.45</ele>
      </trkpt>
      <trkpt lat="45.332243" lon="5.804377">
        <ele>867.08</ele>
      </trkpt>
      <trkpt lat="45.332442" lon="5.804456">
        <ele>866.27</ele>
      </trkpt>
      <trkpt lat="45.33267" lon="5.804455">
        <ele>866.64</ele>
      </trkpt>
      <trkpt lat="45.332751" lon="5.804457">
        <ele>866.63</ele>
      </trkpt>
      <trkpt lat="45.332995" lon="5.804419">
        <ele>865.46</ele>
      </trkpt>
      <trkpt lat="45.333162" lon="5.804404">
        <ele>863.47</ele>
      </trkpt>
      <trkpt lat="45.333224" lon="5.804379">
        <ele>862.83</ele>
      </trkpt>
      <trkpt lat="45.333358" lon="5.804204">
        <ele>861.21</ele>
      </trkpt>
      <trkpt lat="45.333447" lon="5.804162">
        <ele>859.35</ele>
      </trkpt>
      <trkpt lat="45.333556" lon="5.804192">
        <ele>855.91</ele>
      </trkpt>
      <trkpt lat="45.333622" lon="5.804264">
        <ele>854.04</ele>
      </trkpt>
      <trkpt lat="45.333622" lon="5.804264">
        <ele>854.04</ele>
      </trkpt>
      <trkpt lat="45.333633" lon="5.804276">
        <ele>853.72</ele>
      </trkpt>
      <trkpt lat="45.333738" lon="5.804552">
        <ele>850.58</ele>
      </trkpt>
      <trkpt lat="45.333787" lon="5.804755">
        <ele>849.02</ele>
      </trkpt>
      <trkpt lat="45.33387" lon="5.804912">
        <ele>845.81</ele>
      </trkpt>
      <trkpt lat="45.334089" lon="5.805106">
        <ele>839.61</ele>
      </trkpt>
      <trkpt lat="45.334319" lon="5.805247">
        <ele>832.85</ele>
      </trkpt>
      <trkpt lat="45.334433" lon="5.805379">
        <ele>829.3</ele>
      </trkpt>
      <trkpt lat="45.334729" lon="5.805785">
        <ele>819.3</ele>
      </trkpt>
      <trkpt lat="45.33478" lon="5.805907">
        <ele>815.6</ele>
      </trkpt>
      <trkpt lat="45.334916" lon="5.805939">
        <ele>812.6</ele>
      </trkpt>
      <trkpt lat="45.334888" lon="5.806044">
        <ele>811.22</ele>
      </trkpt>
      <trkpt lat="45.334967" lon="5.806044">
        <ele>809.9</ele>
      </trkpt>
      <trkpt lat="45.334973" lon="5.806157">
        <ele>807.58</ele>
      </trkpt>
      <trkpt lat="45.334967" lon="5.806161">
        <ele>807.58</ele>
      </trkpt>
      <trkpt lat="45.334815" lon="5.806246">
        <ele>807.65</ele>
      </trkpt>
      <trkpt lat="45.33487" lon="5.806359">
        <ele>804.86</ele>
      </trkpt>
      <trkpt lat="45.334966" lon="5.806391">
        <ele>803.26</ele>
      </trkpt>
      <trkpt lat="45.335342" lon="5.806451">
        <ele>800.04</ele>
      </trkpt>
      <trkpt lat="45.335378" lon="5.80643">
        <ele>800.1</ele>
      </trkpt>
      <trkpt lat="45.33541" lon="5.806379">
        <ele>800.14</ele>
      </trkpt>
      <trkpt lat="45.335508" lon="5.80586">
        <ele>807.76</ele>
      </trkpt>
      <trkpt lat="45.335539" lon="5.805776">
        <ele>809.47</ele>
      </trkpt>
      <trkpt lat="45.335594" lon="5.805734">
        <ele>810.19</ele>
      </trkpt>
      <trkpt lat="45.336011" lon="5.805715">
        <ele>807.06</ele>
      </trkpt>
      <trkpt lat="45.33609" lon="5.805741">
        <ele>805.88</ele>
      </trkpt>
      <trkpt lat="45.336133" lon="5.805784">
        <ele>804.76</ele>
      </trkpt>
      <trkpt lat="45.336138" lon="5.805774">
        <ele>804.985876638938</ele>
      </trkpt>
      <trkpt lat="45.336133" lon="5.805784">
        <ele>804.76</ele>
      </trkpt>
      <trkpt lat="45.336348" lon="5.806132">
        <ele>797.84</ele>
      </trkpt>
      <trkpt lat="45.336415" lon="5.806254">
        <ele>796.47</ele>
      </trkpt>
      <trkpt lat="45.336482" lon="5.80634">
        <ele>796</ele>
      </trkpt>
      <trkpt lat="45.33654" lon="5.806366">
        <ele>796</ele>
      </trkpt>
      <trkpt lat="45.336604" lon="5.806367">
        <ele>795.83</ele>
      </trkpt>
      <trkpt lat="45.336726" lon="5.806368">
        <ele>795.52</ele>
      </trkpt>
      <trkpt lat="45.336843" lon="5.806336">
        <ele>795.7</ele>
      </trkpt>
      <trkpt lat="45.337187" lon="5.806209">
        <ele>796.33</ele>
      </trkpt>
      <trkpt lat="45.337453" lon="5.806145">
        <ele>796.27</ele>
      </trkpt>
      <trkpt lat="45.337646" lon="5.805985">
        <ele>797.64</ele>
      </trkpt>
      <trkpt lat="45.337796" lon="5.8059">
        <ele>797.46</ele>
      </trkpt>
      <trkpt lat="45.337978" lon="5.805865">
        <ele>797.13</ele>
      </trkpt>
      <trkpt lat="45.338253" lon="5.805743">
        <ele>797.18</ele>
      </trkpt>
      <trkpt lat="45.338415" lon="5.805659">
        <ele>796.64</ele>
      </trkpt>
      <trkpt lat="45.338757" lon="5.805652">
        <ele>796.68</ele>
      </trkpt>
      <trkpt lat="45.338834" lon="5.805689">
        <ele>795.83</ele>
      </trkpt>
      <trkpt lat="45.338946" lon="5.805803">
        <ele>794.89</ele>
      </trkpt>
      <trkpt lat="45.339124" lon="5.806033">
        <ele>793.45</ele>
      </trkpt>
      <trkpt lat="45.339155" lon="5.806054">
        <ele>793.24</ele>
      </trkpt>
      <trkpt lat="45.339197" lon="5.806051">
        <ele>793.13</ele>
      </trkpt>
      <trkpt lat="45.339328" lon="5.80594">
        <ele>793.01</ele>
      </trkpt>
      <trkpt lat="45.339379" lon="5.805913">
        <ele>793.02</ele>
      </trkpt>
      <trkpt lat="45.339601" lon="5.805833">
        <ele>791.65</ele>
      </trkpt>
      <trkpt lat="45.339689" lon="5.805831">
        <ele>791.19</ele>
      </trkpt>
      <trkpt lat="45.339733" lon="5.805735">
        <ele>791.19</ele>
      </trkpt>
      <trkpt lat="45.339798" lon="5.805658">
        <ele>791.25</ele>
      </trkpt>
      <trkpt lat="45.340023" lon="5.805493">
        <ele>791.32</ele>
      </trkpt>
      <trkpt lat="45.340143" lon="5.805378">
        <ele>791.15</ele>
      </trkpt>
      <trkpt lat="45.340154" lon="5.80539">
        <ele>791.12</ele>
      </trkpt>
      <trkpt lat="45.340155" lon="5.805388">
        <ele>791.3793927355609</ele>
      </trkpt>
      <trkpt lat="45.340154" lon="5.80539">
        <ele>791.12</ele>
      </trkpt>
      <trkpt lat="45.340192" lon="5.805435">
        <ele>791</ele>
      </trkpt>
      <trkpt lat="45.340233" lon="5.805502">
        <ele>791.5</ele>
      </trkpt>
      <trkpt lat="45.340339" lon="5.805619">
        <ele>794.46</ele>
      </trkpt>
      <trkpt lat="45.340251" lon="5.805931">
        <ele>794.94</ele>
      </trkpt>
      <trkpt lat="45.340124" lon="5.806247">
        <ele>794.38</ele>
      </trkpt>
      <trkpt lat="45.340121" lon="5.806294">
        <ele>794.58</ele>
      </trkpt>
      <trkpt lat="45.340302" lon="5.806332">
        <ele>799.38</ele>
      </trkpt>
      <trkpt lat="45.340349" lon="5.806294">
        <ele>800.92</ele>
      </trkpt>
      <trkpt lat="45.340349" lon="5.806294">
        <ele>800.92</ele>
      </trkpt>
      <trkpt lat="45.340371" lon="5.806276">
        <ele>801.62</ele>
      </trkpt>
      <trkpt lat="45.340429" lon="5.806078">
        <ele>801.93</ele>
      </trkpt>
      <trkpt lat="45.340457" lon="5.80583">
        <ele>801.11</ele>
      </trkpt>
      <trkpt lat="45.34048" lon="5.805718">
        <ele>801.15</ele>
      </trkpt>
      <trkpt lat="45.340554" lon="5.805498">
        <ele>802.39</ele>
      </trkpt>
      <trkpt lat="45.340621" lon="5.805392">
        <ele>804.06</ele>
      </trkpt>
      <trkpt lat="45.340707" lon="5.805326">
        <ele>807.05</ele>
      </trkpt>
      <trkpt lat="45.340784" lon="5.805281">
        <ele>810.29</ele>
      </trkpt>
      <trkpt lat="45.341015" lon="5.805005">
        <ele>813.68</ele>
      </trkpt>
      <trkpt lat="45.341245" lon="5.804729">
        <ele>813.2</ele>
      </trkpt>
      <trkpt lat="45.341319" lon="5.804712">
        <ele>816.84</ele>
      </trkpt>
      <trkpt lat="45.341319" lon="5.804712">
        <ele>816.84</ele>
      </trkpt>
      <trkpt lat="45.341393" lon="5.804694">
        <ele>820.5</ele>
      </trkpt>
      <trkpt lat="45.341612" lon="5.804508">
        <ele>820.83</ele>
      </trkpt>
      <trkpt lat="45.341813" lon="5.804414">
        <ele>825.61</ele>
      </trkpt>
      <trkpt lat="45.341926" lon="5.80432">
        <ele>824.72</ele>
      </trkpt>
      <trkpt lat="45.342045" lon="5.804192">
        <ele>820.87</ele>
      </trkpt>
      <trkpt lat="45.342268" lon="5.804044">
        <ele>818.79</ele>
      </trkpt>
      <trkpt lat="45.342541" lon="5.803927">
        <ele>820.56</ele>
      </trkpt>
      <trkpt lat="45.342711" lon="5.803835">
        <ele>821.21</ele>
      </trkpt>
      <trkpt lat="45.34288" lon="5.803858">
        <ele>831.13</ele>
      </trkpt>
      <trkpt lat="45.343088" lon="5.803692">
        <ele>829.75</ele>
      </trkpt>
      <trkpt lat="45.343293" lon="5.803622">
        <ele>835.58</ele>
      </trkpt>
      <trkpt lat="45.343704" lon="5.803284">
        <ele>832.15</ele>
      </trkpt>
      <trkpt lat="45.343903" lon="5.803178">
        <ele>831.55</ele>
      </trkpt>
      <trkpt lat="45.344254" lon="5.803158">
        <ele>836.63</ele>
      </trkpt>
      <trkpt lat="45.344419" lon="5.803216">
        <ele>840.68</ele>
      </trkpt>
      <trkpt lat="45.344639" lon="5.803355">
        <ele>847.34</ele>
      </trkpt>
      <trkpt lat="45.344752" lon="5.803441">
        <ele>851.68</ele>
      </trkpt>
      <trkpt lat="45.344989" lon="5.80351">
        <ele>854.05</ele>
      </trkpt>
      <trkpt lat="45.345119" lon="5.803522">
        <ele>853.15</ele>
      </trkpt>
      <trkpt lat="45.345197" lon="5.803545">
        <ele>853.48</ele>
      </trkpt>
      <trkpt lat="45.345323" lon="5.803654">
        <ele>858.69</ele>
      </trkpt>
      <trkpt lat="45.345459" lon="5.803701">
        <ele>859.88</ele>
      </trkpt>
      <trkpt lat="45.345653" lon="5.803727">
        <ele>858.07</ele>
      </trkpt>
      <trkpt lat="45.345758" lon="5.803718">
        <ele>856.61</ele>
      </trkpt>
      <trkpt lat="45.345835" lon="5.803788">
        <ele>858.56</ele>
      </trkpt>
      <trkpt lat="45.34557" lon="5.803831">
        <ele>865.12</ele>
      </trkpt>
      <trkpt lat="45.345569" lon="5.803822">
        <ele>866.6899773245955</ele>
      </trkpt>
      <trkpt lat="45.34557" lon="5.803831">
        <ele>865.12</ele>
      </trkpt>
      <trkpt lat="45.34529" lon="5.803896">
        <ele>874.11</ele>
      </trkpt>
      <trkpt lat="45.345179" lon="5.803935">
        <ele>878.47</ele>
      </trkpt>
      <trkpt lat="45.34504" lon="5.80394">
        <ele>881.04</ele>
      </trkpt>
      <trkpt lat="45.344656" lon="5.803989">
        <ele>890</ele>
      </trkpt>
      <trkpt lat="45.344388" lon="5.80397">
        <ele>889.92</ele>
      </trkpt>
      <trkpt lat="45.344246" lon="5.80398">
        <ele>890.21</ele>
      </trkpt>
      <trkpt lat="45.344129" lon="5.80401">
        <ele>890.6</ele>
      </trkpt>
      <trkpt lat="45.344008" lon="5.80409">
        <ele>892.55</ele>
      </trkpt>
      <trkpt lat="45.343912" lon="5.804218">
        <ele>897.71</ele>
      </trkpt>
      <trkpt lat="45.343667" lon="5.804415">
        <ele>901.65</ele>
      </trkpt>
      <trkpt lat="45.343077" lon="5.804731">
        <ele>902.57</ele>
      </trkpt>
      <trkpt lat="45.342702" lon="5.804908">
        <ele>901.46</ele>
      </trkpt>
      <trkpt lat="45.342361" lon="5.805064">
        <ele>897.14</ele>
      </trkpt>
      <trkpt lat="45.342227" lon="5.805142">
        <ele>894.64</ele>
      </trkpt>
      <trkpt lat="45.342117" lon="5.80524">
        <ele>893.43</ele>
      </trkpt>
      <trkpt lat="45.342034" lon="5.805331">
        <ele>892.85</ele>
      </trkpt>
      <trkpt lat="45.341969" lon="5.805412">
        <ele>891.56</ele>
      </trkpt>
      <trkpt lat="45.341924" lon="5.805494">
        <ele>890.87</ele>
      </trkpt>
      <trkpt lat="45.341911" lon="5.8056">
        <ele>892.55</ele>
      </trkpt>
      <trkpt lat="45.341922" lon="5.805726">
        <ele>893.96</ele>
      </trkpt>
      <trkpt lat="45.341942" lon="5.805798">
        <ele>895.26</ele>
      </trkpt>
      <trkpt lat="45.341942" lon="5.805798">
        <ele>895.27</ele>
      </trkpt>
      <trkpt lat="45.34196" lon="5.805864">
        <ele>896.45</ele>
      </trkpt>
      <trkpt lat="45.342034" lon="5.806031">
        <ele>899.66</ele>
      </trkpt>
      <trkpt lat="45.342175" lon="5.806289">
        <ele>904.12</ele>
      </trkpt>
      <trkpt lat="45.342272" lon="5.806419">
        <ele>907.42</ele>
      </trkpt>
      <trkpt lat="45.34256" lon="5.80672">
        <ele>914.79</ele>
      </trkpt>
      <trkpt lat="45.342732" lon="5.806858">
        <ele>919.26</ele>
      </trkpt>
      <trkpt lat="45.342841" lon="5.806928">
        <ele>922.27</ele>
      </trkpt>
      <trkpt lat="45.34296" lon="5.807022">
        <ele>924.06</ele>
      </trkpt>
      <trkpt lat="45.343109" lon="5.807062">
        <ele>929.33</ele>
      </trkpt>
      <trkpt lat="45.343257" lon="5.807056">
        <ele>935.84</ele>
      </trkpt>
      <trkpt lat="45.343381" lon="5.807098">
        <ele>939.42</ele>
      </trkpt>
      <trkpt lat="45.343621" lon="5.807354">
        <ele>938.65</ele>
      </trkpt>
      <trkpt lat="45.343734" lon="5.807401">
        <ele>941.35</ele>
      </trkpt>
      <trkpt lat="45.343873" lon="5.807432">
        <ele>945.17</ele>
      </trkpt>
      <trkpt lat="45.343873" lon="5.807432">
        <ele>945.18</ele>
      </trkpt>
      <trkpt lat="45.34405" lon="5.80745">
        <ele>951.64</ele>
      </trkpt>
      <trkpt lat="45.34412" lon="5.807423">
        <ele>956.1</ele>
      </trkpt>
      <trkpt lat="45.344051" lon="5.807275">
        <ele>959.48</ele>
      </trkpt>
      <trkpt lat="45.343914" lon="5.807101">
        <ele>960.83</ele>
      </trkpt>
      <trkpt lat="45.343748" lon="5.806769">
        <ele>966.51</ele>
      </trkpt>
      <trkpt lat="45.34354" lon="5.806452">
        <ele>969.34</ele>
      </trkpt>
      <trkpt lat="45.343454" lon="5.806345">
        <ele>968.2</ele>
      </trkpt>
      <trkpt lat="45.343438" lon="5.806235">
        <ele>968.88</ele>
      </trkpt>
      <trkpt lat="45.343468" lon="5.806159">
        <ele>970.56</ele>
      </trkpt>
      <trkpt lat="45.343534" lon="5.806123">
        <ele>972.99</ele>
      </trkpt>
      <trkpt lat="45.34357" lon="5.806137">
        <ele>973.99</ele>
      </trkpt>
      <trkpt lat="45.34357" lon="5.806137">
        <ele>973.99</ele>
      </trkpt>
      <trkpt lat="45.343715" lon="5.806195">
        <ele>978.04</ele>
      </trkpt>
      <trkpt lat="45.343983" lon="5.80636">
        <ele>984.6</ele>
      </trkpt>
      <trkpt lat="45.344062" lon="5.806387">
        <ele>986.74</ele>
      </trkpt>
      <trkpt lat="45.344483" lon="5.806372">
        <ele>999.22</ele>
      </trkpt>
      <trkpt lat="45.344619" lon="5.80641">
        <ele>1001.59</ele>
      </trkpt>
      <trkpt lat="45.344752" lon="5.806471">
        <ele>1003.14</ele>
      </trkpt>
      <trkpt lat="45.344752" lon="5.806471">
        <ele>1003.13</ele>
      </trkpt>
      <trkpt lat="45.345164" lon="5.806668">
        <ele>1004.23</ele>
      </trkpt>
      <trkpt lat="45.345243" lon="5.806737">
        <ele>1003.74</ele>
      </trkpt>
      <trkpt lat="45.345739" lon="5.807513">
        <ele>1005.84</ele>
      </trkpt>
      <trkpt lat="45.346039" lon="5.808112">
        <ele>1010.92</ele>
      </trkpt>
      <trkpt lat="45.346174" lon="5.808502">
        <ele>1015.2</ele>
      </trkpt>
      <trkpt lat="45.346357" lon="5.808782">
        <ele>1021.56</ele>
      </trkpt>
      <trkpt lat="45.346452" lon="5.808865">
        <ele>1024.94</ele>
      </trkpt>
      <trkpt lat="45.346756" lon="5.809078">
        <ele>1033.24</ele>
      </trkpt>
      <trkpt lat="45.346869" lon="5.809213">
        <ele>1036.06</ele>
      </trkpt>
      <trkpt lat="45.347088" lon="5.809383">
        <ele>1038.8</ele>
      </trkpt>
      <trkpt lat="45.347225" lon="5.809451">
        <ele>1040.04</ele>
      </trkpt>
      <trkpt lat="45.347445" lon="5.809628">
        <ele>1042.37</ele>
      </trkpt>
      <trkpt lat="45.347914" lon="5.809829">
        <ele>1047.53</ele>
      </trkpt>
      <trkpt lat="45.347914" lon="5.809829">
        <ele>1047.53</ele>
      </trkpt>
      <trkpt lat="45.347993" lon="5.809863">
        <ele>1048.4</ele>
      </trkpt>
      <trkpt lat="45.348225" lon="5.809922">
        <ele>1050.49</ele>
      </trkpt>
      <trkpt lat="45.348419" lon="5.810052">
        <ele>1052.84</ele>
      </trkpt>
      <trkpt lat="45.348834" lon="5.810028">
        <ele>1057.46</ele>
      </trkpt>
      <trkpt lat="45.349169" lon="5.810067">
        <ele>1064.49</ele>
      </trkpt>
      <trkpt lat="45.349255" lon="5.810072">
        <ele>1067.35</ele>
      </trkpt>
      <trkpt lat="45.349339" lon="5.810117">
        <ele>1069.47</ele>
      </trkpt>
      <trkpt lat="45.349539" lon="5.810171">
        <ele>1075.83</ele>
      </trkpt>
      <trkpt lat="45.349596" lon="5.81018">
        <ele>1077.87</ele>
      </trkpt>
      <trkpt lat="45.349679" lon="5.810171">
        <ele>1081.16</ele>
      </trkpt>
      <trkpt lat="45.34976" lon="5.810204">
        <ele>1084.3</ele>
      </trkpt>
      <trkpt lat="45.349962" lon="5.810206">
        <ele>1093.42</ele>
      </trkpt>
      <trkpt lat="45.350157" lon="5.810233">
        <ele>1102.76</ele>
      </trkpt>
      <trkpt lat="45.350329" lon="5.810298">
        <ele>1111</ele>
      </trkpt>
      <trkpt lat="45.350534" lon="5.810343">
        <ele>1120.5</ele>
      </trkpt>
      <trkpt lat="45.350655" lon="5.810388">
        <ele>1126.46</ele>
      </trkpt>
      <trkpt lat="45.350983" lon="5.81042">
        <ele>1140.59</ele>
      </trkpt>
      <trkpt lat="45.351084" lon="5.81044">
        <ele>1144.67</ele>
      </trkpt>
      <trkpt lat="45.351284" lon="5.810386">
        <ele>1153.11</ele>
      </trkpt>
      <trkpt lat="45.351394" lon="5.810377">
        <ele>1157.67</ele>
      </trkpt>
      <trkpt lat="45.351509" lon="5.81039">
        <ele>1162.01</ele>
      </trkpt>
      <trkpt lat="45.351594" lon="5.810417">
        <ele>1164.52</ele>
      </trkpt>
      <trkpt lat="45.351708" lon="5.810399">
        <ele>1167.47</ele>
      </trkpt>
      <trkpt lat="45.351764" lon="5.810411">
        <ele>1168.81</ele>
      </trkpt>
      <trkpt lat="45.351816" lon="5.810437">
        <ele>1169.63</ele>
      </trkpt>
      <trkpt lat="45.351938" lon="5.810469">
        <ele>1170.74</ele>
      </trkpt>
      <trkpt lat="45.352018" lon="5.810467">
        <ele>1171.45</ele>
      </trkpt>
      <trkpt lat="45.352097" lon="5.810424">
        <ele>1173.45</ele>
      </trkpt>
      <trkpt lat="45.352104" lon="5.810437">
        <ele>1173.23</ele>
      </trkpt>
      <trkpt lat="45.352104" lon="5.810437">
        <ele>1173.22</ele>
      </trkpt>
      <trkpt lat="45.352097" lon="5.810424">
        <ele>1173.45</ele>
      </trkpt>
      <trkpt lat="45.352209" lon="5.810395">
        <ele>1175.98</ele>
      </trkpt>
      <trkpt lat="45.352262" lon="5.810359">
        <ele>1177.7</ele>
      </trkpt>
      <trkpt lat="45.352322" lon="5.810346">
        <ele>1179.09</ele>
      </trkpt>
      <trkpt lat="45.352377" lon="5.810305">
        <ele>1181.26</ele>
      </trkpt>
      <trkpt lat="45.352333" lon="5.810267">
        <ele>1181.26</ele>
      </trkpt>
      <trkpt lat="45.352312" lon="5.810236">
        <ele>1181.52</ele>
      </trkpt>
      <trkpt lat="45.352297" lon="5.810199">
        <ele>1182.25</ele>
      </trkpt>
      <trkpt lat="45.352293" lon="5.810155">
        <ele>1183.42</ele>
      </trkpt>
      <trkpt lat="45.352302" lon="5.810121">
        <ele>1184.62</ele>
      </trkpt>
      <trkpt lat="45.352345" lon="5.810085">
        <ele>1186.76</ele>
      </trkpt>
      <trkpt lat="45.352382" lon="5.810101">
        <ele>1187.2</ele>
      </trkpt>
      <trkpt lat="45.352595" lon="5.8103">
        <ele>1186.37</ele>
      </trkpt>
      <trkpt lat="45.352613" lon="5.810272">
        <ele>1187.8</ele>
      </trkpt>
      <trkpt lat="45.352615" lon="5.810235">
        <ele>1189.14</ele>
      </trkpt>
      <trkpt lat="45.352791" lon="5.810112">
        <ele>1197.77</ele>
      </trkpt>
      <trkpt lat="45.352858" lon="5.810054">
        <ele>1201.47</ele>
      </trkpt>
      <trkpt lat="45.352935" lon="5.810021">
        <ele>1204.73</ele>
      </trkpt>
      <trkpt lat="45.353046" lon="5.810019">
        <ele>1208.07</ele>
      </trkpt>
      <trkpt lat="45.353182" lon="5.810056">
        <ele>1210.38</ele>
      </trkpt>
      <trkpt lat="45.35331" lon="5.810052">
        <ele>1214.13</ele>
      </trkpt>
      <trkpt lat="45.35349" lon="5.810006">
        <ele>1220.47</ele>
      </trkpt>
      <trkpt lat="45.353857" lon="5.809797">
        <ele>1234.06</ele>
      </trkpt>
      <trkpt lat="45.354019" lon="5.80974">
        <ele>1238.49</ele>
      </trkpt>
      <trkpt lat="45.354329" lon="5.809756">
        <ele>1246.1</ele>
      </trkpt>
      <trkpt lat="45.354529" lon="5.809639">
        <ele>1253.16</ele>
      </trkpt>
      <trkpt lat="45.354575" lon="5.809629">
        <ele>1254.61</ele>
      </trkpt>
      <trkpt lat="45.354679" lon="5.809659">
        <ele>1256.47</ele>
      </trkpt>
      <trkpt lat="45.354908" lon="5.809686">
        <ele>1261.49</ele>
      </trkpt>
      <trkpt lat="45.355059" lon="5.809683">
        <ele>1264.45</ele>
      </trkpt>
      <trkpt lat="45.355163" lon="5.809651">
        <ele>1267.03</ele>
      </trkpt>
      <trkpt lat="45.355241" lon="5.809642">
        <ele>1268.83</ele>
      </trkpt>
      <trkpt lat="45.35544" lon="5.809528">
        <ele>1275.45</ele>
      </trkpt>
      <trkpt lat="45.355541" lon="5.809509">
        <ele>1277.46</ele>
      </trkpt>
      <trkpt lat="45.355662" lon="5.80947">
        <ele>1280.98</ele>
      </trkpt>
      <trkpt lat="45.355816" lon="5.809457">
        <ele>1285.09</ele>
      </trkpt>
      <trkpt lat="45.356057" lon="5.809502">
        <ele>1292.08</ele>
      </trkpt>
      <trkpt lat="45.356057" lon="5.809502">
        <ele>1292.09</ele>
      </trkpt>
      <trkpt lat="45.356294" lon="5.809637">
        <ele>1298.89</ele>
      </trkpt>
      <trkpt lat="45.356461" lon="5.809836">
        <ele>1301.9</ele>
      </trkpt>
      <trkpt lat="45.356619" lon="5.809988">
        <ele>1304.48</ele>
      </trkpt>
      <trkpt lat="45.356854" lon="5.810099">
        <ele>1312.41</ele>
      </trkpt>
      <trkpt lat="45.357185" lon="5.810484">
        <ele>1317.21</ele>
      </trkpt>
      <trkpt lat="45.357321" lon="5.810589">
        <ele>1320.29</ele>
      </trkpt>
      <trkpt lat="45.357538" lon="5.81089">
        <ele>1321.06</ele>
      </trkpt>
      <trkpt lat="45.357921" lon="5.811044">
        <ele>1334.52</ele>
      </trkpt>
      <trkpt lat="45.358049" lon="5.811276">
        <ele>1334.95</ele>
      </trkpt>
      <trkpt lat="45.358204" lon="5.811341">
        <ele>1339.68</ele>
      </trkpt>
      <trkpt lat="45.35833" lon="5.811319">
        <ele>1344.84</ele>
      </trkpt>
      <trkpt lat="45.358473" lon="5.811312">
        <ele>1350.07</ele>
      </trkpt>
      <trkpt lat="45.358742" lon="5.811474">
        <ele>1359.65</ele>
      </trkpt>
      <trkpt lat="45.359011" lon="5.811636">
        <ele>1372.27</ele>
      </trkpt>
      <trkpt lat="45.35913" lon="5.811737">
        <ele>1377.4</ele>
      </trkpt>
      <trkpt lat="45.359188" lon="5.811805">
        <ele>1379.99</ele>
      </trkpt>
      <trkpt lat="45.359214" lon="5.812">
        <ele>1380.41</ele>
      </trkpt>
      <trkpt lat="45.359239" lon="5.812101">
        <ele>1381.67</ele>
      </trkpt>
      <trkpt lat="45.359269" lon="5.81217">
        <ele>1383.16</ele>
      </trkpt>
      <trkpt lat="45.359352" lon="5.812262">
        <ele>1387.25</ele>
      </trkpt>
      <trkpt lat="45.359647" lon="5.812734">
        <ele>1404.69</ele>
      </trkpt>
      <trkpt lat="45.359652" lon="5.812743">
        <ele>1405.04</ele>
      </trkpt>
      <trkpt lat="45.359697" lon="5.812638">
        <ele>1407.54</ele>
      </trkpt>
      <trkpt lat="45.359713" lon="5.812524">
        <ele>1407.8</ele>
      </trkpt>
      <trkpt lat="45.359745" lon="5.812421">
        <ele>1409.43</ele>
      </trkpt>
      <trkpt lat="45.359819" lon="5.812332">
        <ele>1413.72</ele>
      </trkpt>
      <trkpt lat="45.359852" lon="5.812205">
        <ele>1415.01</ele>
      </trkpt>
      <trkpt lat="45.359905" lon="5.812107">
        <ele>1417.66</ele>
      </trkpt>
      <trkpt lat="45.359905" lon="5.811937">
        <ele>1417.49</ele>
      </trkpt>
      <trkpt lat="45.359963" lon="5.811841">
        <ele>1420.65</ele>
      </trkpt>
      <trkpt lat="45.36011" lon="5.811519">
        <ele>1428.55</ele>
      </trkpt>
      <trkpt lat="45.360158" lon="5.811397">
        <ele>1431.29</ele>
      </trkpt>
      <trkpt lat="45.360176" lon="5.811286">
        <ele>1432.17</ele>
      </trkpt>
      <trkpt lat="45.360235" lon="5.811281">
        <ele>1435.09</ele>
      </trkpt>
      <trkpt lat="45.360341" lon="5.81119">
        <ele>1441.04</ele>
      </trkpt>
      <trkpt lat="45.360379" lon="5.811086">
        <ele>1443.72</ele>
      </trkpt>
      <trkpt lat="45.360419" lon="5.811005">
        <ele>1447.24</ele>
      </trkpt>
      <trkpt lat="45.360425" lon="5.810973">
        <ele>1448.13</ele>
      </trkpt>
      <trkpt lat="45.360456" lon="5.810976">
        <ele>1449.24</ele>
      </trkpt>
      <trkpt lat="45.360435" lon="5.810893">
        <ele>1450.34</ele>
      </trkpt>
      <trkpt lat="45.360483" lon="5.810881">
        <ele>1452.14</ele>
      </trkpt>
      <trkpt lat="45.360513" lon="5.810859">
        <ele>1453.57</ele>
      </trkpt>
      <trkpt lat="45.360525" lon="5.810787">
        <ele>1455.66</ele>
      </trkpt>
      <trkpt lat="45.360511" lon="5.810746">
        <ele>1456.27</ele>
      </trkpt>
      <trkpt lat="45.360604" lon="5.810692">
        <ele>1460.94</ele>
      </trkpt>
      <trkpt lat="45.360617" lon="5.810666">
        <ele>1462.11</ele>
      </trkpt>
      <trkpt lat="45.360569" lon="5.81057">
        <ele>1463.96</ele>
      </trkpt>
      <trkpt lat="45.360569" lon="5.810534">
        <ele>1465.46</ele>
      </trkpt>
      <trkpt lat="45.360588" lon="5.810514">
        <ele>1466.61</ele>
      </trkpt>
      <trkpt lat="45.360741" lon="5.810525">
        <ele>1470.27</ele>
      </trkpt>
      <trkpt lat="45.36077" lon="5.810514">
        <ele>1471.52</ele>
      </trkpt>
      <trkpt lat="45.360708" lon="5.810405">
        <ele>1473.12</ele>
      </trkpt>
      <trkpt lat="45.360708" lon="5.810373">
        <ele>1474.51</ele>
      </trkpt>
      <trkpt lat="45.36073" lon="5.810354">
        <ele>1475.83</ele>
      </trkpt>
      <trkpt lat="45.360771" lon="5.810344">
        <ele>1477.18</ele>
      </trkpt>
      <trkpt lat="45.360813" lon="5.810383">
        <ele>1476.91</ele>
      </trkpt>
      <trkpt lat="45.360904" lon="5.810409">
        <ele>1478.99</ele>
      </trkpt>
      <trkpt lat="45.360929" lon="5.810436">
        <ele>1479.07</ele>
      </trkpt>
      <trkpt lat="45.360944" lon="5.810433">
        <ele>1479.7</ele>
      </trkpt>
      <trkpt lat="45.360951" lon="5.810409">
        <ele>1480.54</ele>
      </trkpt>
      <trkpt lat="45.360933" lon="5.810205">
        <ele>1486.22</ele>
      </trkpt>
      <trkpt lat="45.360963" lon="5.8102">
        <ele>1487.34</ele>
      </trkpt>
      <trkpt lat="45.360992" lon="5.81026">
        <ele>1486.23</ele>
      </trkpt>
      <trkpt lat="45.361024" lon="5.810233">
        <ele>1488.12</ele>
      </trkpt>
      <trkpt lat="45.361097" lon="5.81022">
        <ele>1490.9</ele>
      </trkpt>
      <trkpt lat="45.361193" lon="5.810269">
        <ele>1493.38</ele>
      </trkpt>
      <trkpt lat="45.361221" lon="5.81022">
        <ele>1495.83</ele>
      </trkpt>
      <trkpt lat="45.361264" lon="5.810181">
        <ele>1498.86</ele>
      </trkpt>
      <trkpt lat="45.361294" lon="5.810177">
        <ele>1500.37</ele>
      </trkpt>
      <trkpt lat="45.361395" lon="5.810197">
        <ele>1504.42</ele>
      </trkpt>
      <trkpt lat="45.361421" lon="5.810179">
        <ele>1505.92</ele>
      </trkpt>
      <trkpt lat="45.361453" lon="5.810129">
        <ele>1508.42</ele>
      </trkpt>
      <trkpt lat="45.361501" lon="5.810167">
        <ele>1509.69</ele>
      </trkpt>
      <trkpt lat="45.361531" lon="5.810118">
        <ele>1512.32</ele>
      </trkpt>
      <trkpt lat="45.36151" lon="5.810022">
        <ele>1513.8</ele>
      </trkpt>
      <trkpt lat="45.361506" lon="5.809971">
        <ele>1515.07</ele>
      </trkpt>
      <trkpt lat="45.361448" lon="5.809835">
        <ele>1516.87</ele>
      </trkpt>
      <trkpt lat="45.361496" lon="5.809853">
        <ele>1518.21</ele>
      </trkpt>
      <trkpt lat="45.361604" lon="5.809927">
        <ele>1521.18</ele>
      </trkpt>
      <trkpt lat="45.361609" lon="5.809831">
        <ele>1524.6</ele>
      </trkpt>
      <trkpt lat="45.361595" lon="5.809784">
        <ele>1525.53</ele>
      </trkpt>
      <trkpt lat="45.361464" lon="5.809665">
        <ele>1523.88</ele>
      </trkpt>
      <trkpt lat="45.361452" lon="5.809615">
        <ele>1525.5</ele>
      </trkpt>
      <trkpt lat="45.361497" lon="5.809613">
        <ele>1527.23</ele>
      </trkpt>
      <trkpt lat="45.36155" lon="5.809642">
        <ele>1528.52</ele>
      </trkpt>
      <trkpt lat="45.36155" lon="5.809642">
        <ele>1528.53</ele>
      </trkpt>
      <trkpt lat="45.36155" lon="5.809642">
        <ele>1528.52</ele>
      </trkpt>
      <trkpt lat="45.361715" lon="5.809723">
        <ele>1532.72</ele>
      </trkpt>
      <trkpt lat="45.361911" lon="5.809887">
        <ele>1536.61</ele>
      </trkpt>
      <trkpt lat="45.362012" lon="5.809942">
        <ele>1539.98</ele>
      </trkpt>
      <trkpt lat="45.362073" lon="5.810031">
        <ele>1541.04</ele>
      </trkpt>
      <trkpt lat="45.36232" lon="5.810043">
        <ele>1551.28</ele>
      </trkpt>
      <trkpt lat="45.362395" lon="5.810002">
        <ele>1555.92</ele>
      </trkpt>
      <trkpt lat="45.362441" lon="5.809992">
        <ele>1558.42</ele>
      </trkpt>
      <trkpt lat="45.362494" lon="5.809867">
        <ele>1564.15</ele>
      </trkpt>
      <trkpt lat="45.362581" lon="5.809974">
        <ele>1565.82</ele>
      </trkpt>
      <trkpt lat="45.362625" lon="5.809933">
        <ele>1569.01</ele>
      </trkpt>
      <trkpt lat="45.36264" lon="5.809898">
        <ele>1570.5</ele>
      </trkpt>
      <trkpt lat="45.362629" lon="5.809853">
        <ele>1571.23</ele>
      </trkpt>
      <trkpt lat="45.362648" lon="5.809842">
        <ele>1572.5</ele>
      </trkpt>
      <trkpt lat="45.362684" lon="5.809853">
        <ele>1574</ele>
      </trkpt>
      <trkpt lat="45.362706" lon="5.809916">
        <ele>1573.72</ele>
      </trkpt>
      <trkpt lat="45.362758" lon="5.809908">
        <ele>1577.28</ele>
      </trkpt>
      <trkpt lat="45.362782" lon="5.80989">
        <ele>1579.22</ele>
      </trkpt>
      <trkpt lat="45.362778" lon="5.809859">
        <ele>1579.74</ele>
      </trkpt>
      <trkpt lat="45.362792" lon="5.80978">
        <ele>1582.57</ele>
      </trkpt>
      <trkpt lat="45.362787" lon="5.809674">
        <ele>1585.37</ele>
      </trkpt>
      <trkpt lat="45.362851" lon="5.809722">
        <ele>1587.74</ele>
      </trkpt>
      <trkpt lat="45.362963" lon="5.809857">
        <ele>1591.14</ele>
      </trkpt>
      <trkpt lat="45.362962" lon="5.80978">
        <ele>1593.24</ele>
      </trkpt>
      <trkpt lat="45.36299" lon="5.809681">
        <ele>1597.39</ele>
      </trkpt>
      <trkpt lat="45.362995" lon="5.809525">
        <ele>1601.39</ele>
      </trkpt>
      <trkpt lat="45.36305" lon="5.809603">
        <ele>1602.65</ele>
      </trkpt>
      <trkpt lat="45.363071" lon="5.809671">
        <ele>1602.29</ele>
      </trkpt>
      <trkpt lat="45.36311" lon="5.809708">
        <ele>1603.68</ele>
      </trkpt>
      <trkpt lat="45.363098" lon="5.809639">
        <ele>1604.43</ele>
      </trkpt>
      <trkpt lat="45.363097" lon="5.809588">
        <ele>1605.46</ele>
      </trkpt>
      <trkpt lat="45.363097" lon="5.809588">
        <ele>1605.46</ele>
      </trkpt>
      <trkpt lat="45.363081" lon="5.80935">
        <ele>1609.82</ele>
      </trkpt>
      <trkpt lat="45.363134" lon="5.809377">
        <ele>1611.44</ele>
      </trkpt>
      <trkpt lat="45.363262" lon="5.80955">
        <ele>1613.68</ele>
      </trkpt>
      <trkpt lat="45.36341" lon="5.809772">
        <ele>1616.53</ele>
      </trkpt>
      <trkpt lat="45.363527" lon="5.809987">
        <ele>1619.23</ele>
      </trkpt>
      <trkpt lat="45.363574" lon="5.810174">
        <ele>1620.4</ele>
      </trkpt>
      <trkpt lat="45.36373" lon="5.810455">
        <ele>1626.1</ele>
      </trkpt>
      <trkpt lat="45.363839" lon="5.810785">
        <ele>1631.68</ele>
      </trkpt>
      <trkpt lat="45.363964" lon="5.810936">
        <ele>1634.68</ele>
      </trkpt>
      <trkpt lat="45.363991" lon="5.811053">
        <ele>1637.47</ele>
      </trkpt>
      <trkpt lat="45.364052" lon="5.811225">
        <ele>1642.79</ele>
      </trkpt>
      <trkpt lat="45.364066" lon="5.81129">
        <ele>1645.26</ele>
      </trkpt>
      <trkpt lat="45.364113" lon="5.811373">
        <ele>1649.99</ele>
      </trkpt>
      <trkpt lat="45.364128" lon="5.811471">
        <ele>1655.41</ele>
      </trkpt>
      <trkpt lat="45.364157" lon="5.811587">
        <ele>1662</ele>
      </trkpt>
      <trkpt lat="45.364243" lon="5.811781">
        <ele>1674.55</ele>
      </trkpt>
      <trkpt lat="45.364325" lon="5.811882">
        <ele>1684.43</ele>
      </trkpt>
      <trkpt lat="45.364438" lon="5.811996">
        <ele>1695.79</ele>
      </trkpt>
      <trkpt lat="45.364663" lon="5.812104">
        <ele>1706.6</ele>
      </trkpt>
      <trkpt lat="45.364887" lon="5.812209">
        <ele>1719.41</ele>
      </trkpt>
      <trkpt lat="45.36497" lon="5.812225">
        <ele>1721.98</ele>
      </trkpt>
      <trkpt lat="45.365086" lon="5.812222">
        <ele>1723.15</ele>
      </trkpt>
      <trkpt lat="45.365154" lon="5.812166">
        <ele>1715.4</ele>
      </trkpt>
      <trkpt lat="45.365366" lon="5.812138">
        <ele>1718.45</ele>
      </trkpt>
      <trkpt lat="45.365568" lon="5.812146">
        <ele>1726.96</ele>
      </trkpt>
      <trkpt lat="45.365992" lon="5.812083">
        <ele>1732.46</ele>
      </trkpt>
      <trkpt lat="45.366113" lon="5.812055">
        <ele>1733.05</ele>
      </trkpt>
      <trkpt lat="45.366095" lon="5.812152">
        <ele>1740.05</ele>
      </trkpt>
      <trkpt lat="45.366116" lon="5.812165">
        <ele>1741.49</ele>
      </trkpt>
      <trkpt lat="45.366145" lon="5.812146">
        <ele>1740.28</ele>
      </trkpt>
      <trkpt lat="45.366155" lon="5.812206">
        <ele>1745.56</ele>
      </trkpt>
      <trkpt lat="45.366218" lon="5.812202">
        <ele>1746.05</ele>
      </trkpt>
      <trkpt lat="45.366369" lon="5.812271">
        <ele>1753.56</ele>
      </trkpt>
      <trkpt lat="45.366407" lon="5.812265">
        <ele>1753.9</ele>
      </trkpt>
      <trkpt lat="45.366435" lon="5.8123">
        <ele>1756.65</ele>
      </trkpt>
      <trkpt lat="45.366496" lon="5.812289">
        <ele>1757.45</ele>
      </trkpt>
      <trkpt lat="45.366481" lon="5.812363">
        <ele>1762.8</ele>
      </trkpt>
      <trkpt lat="45.366585" lon="5.812379">
        <ele>1767.17</ele>
      </trkpt>
      <trkpt lat="45.366581" lon="5.812393">
        <ele>1768.09</ele>
      </trkpt>
      <trkpt lat="45.366601" lon="5.812406">
        <ele>1769.7438648466332</ele>
      </trkpt>
      <trkpt lat="45.366581" lon="5.812393">
        <ele>1768.09</ele>
      </trkpt>
      <trkpt lat="45.366555" lon="5.812473">
        <ele>1773.61</ele>
      </trkpt>
      <trkpt lat="45.366586" lon="5.812506">
        <ele>1778.32</ele>
      </trkpt>
      <trkpt lat="45.36658" lon="5.812552">
        <ele>1782.6</ele>
      </trkpt>
      <trkpt lat="45.366608" lon="5.81258">
        <ele>1787</ele>
      </trkpt>
      <trkpt lat="45.366587" lon="5.812586">
        <ele>1786.42</ele>
      </trkpt>
      <trkpt lat="45.366477" lon="5.812643">
        <ele>1788.41</ele>
      </trkpt>
      <trkpt lat="45.366371" lon="5.812652">
        <ele>1787.68</ele>
      </trkpt>
      <trkpt lat="45.36615" lon="5.812629">
        <ele>1785.36</ele>
      </trkpt>
      <trkpt lat="45.366038" lon="5.812581">
        <ele>1781.26</ele>
      </trkpt>
      <trkpt lat="45.365912" lon="5.812546">
        <ele>1777.81</ele>
      </trkpt>
      <trkpt lat="45.365821" lon="5.812568">
        <ele>1780.02</ele>
      </trkpt>
      <trkpt lat="45.36579" lon="5.812599">
        <ele>1782.65</ele>
      </trkpt>
      <trkpt lat="45.365677" lon="5.81271">
        <ele>1792.22</ele>
      </trkpt>
      <trkpt lat="45.365656" lon="5.812749">
        <ele>1794.98</ele>
      </trkpt>
      <trkpt lat="45.365671" lon="5.812771">
        <ele>1796.48</ele>
      </trkpt>
      <trkpt lat="45.365672" lon="5.812889">
        <ele>1800.68</ele>
      </trkpt>
      <trkpt lat="45.365608" lon="5.812973">
        <ele>1799.62</ele>
      </trkpt>
      <trkpt lat="45.36559" lon="5.813024">
        <ele>1797.76</ele>
      </trkpt>
      <trkpt lat="45.365605" lon="5.813153">
        <ele>1793.06</ele>
      </trkpt>
      <trkpt lat="45.365643" lon="5.813238">
        <ele>1790.12</ele>
      </trkpt>
      <trkpt lat="45.365769" lon="5.813277">
        <ele>1792.28</ele>
      </trkpt>
      <trkpt lat="45.365891" lon="5.813319">
        <ele>1790.82</ele>
      </trkpt>
      <trkpt lat="45.365893" lon="5.81331">
        <ele>1790.4560784609137</ele>
      </trkpt>
      <trkpt lat="45.365923" lon="5.813317">
        <ele>1790.062488457761</ele>
      </trkpt>
      <trkpt lat="45.365961" lon="5.813309">
        <ele>1790.3519116723796</ele>
      </trkpt>
      <trkpt lat="45.365993" lon="5.813302">
        <ele>1790.6090219948069</ele>
      </trkpt>
      <trkpt lat="45.366039" lon="5.813291">
        <ele>1791.2839356204117</ele>
      </trkpt>
      <trkpt lat="45.366053" lon="5.813287">
        <ele>1791.6040294103775</ele>
      </trkpt>
      <trkpt lat="45.366068" lon="5.813284">
        <ele>1791.878496849973</ele>
      </trkpt>
      <trkpt lat="45.366093" lon="5.813279">
        <ele>1792.3326219085081</ele>
      </trkpt>
      <trkpt lat="45.366119" lon="5.813273">
        <ele>1792.8411634458853</ele>
      </trkpt>
      <trkpt lat="45.366137" lon="5.813254">
        <ele>1793.9402162248753</ele>
      </trkpt>
      <trkpt lat="45.366142" lon="5.813238">
        <ele>1794.9899163672517</ele>
      </trkpt>
      <trkpt lat="45.366151" lon="5.813215">
        <ele>1796.584339556684</ele>
      </trkpt>
      <trkpt lat="45.366156" lon="5.813199">
        <ele>1797.6239990349586</ele>
      </trkpt>
      <trkpt lat="45.366165" lon="5.813175">
        <ele>1799.2428885262252</ele>
      </trkpt>
      <trkpt lat="45.36617" lon="5.813159">
        <ele>1800.266788099505</ele>
      </trkpt>
      <trkpt lat="45.366173" lon="5.813151">
        <ele>1800.7995787270754</ele>
      </trkpt>
      <trkpt lat="45.366179" lon="5.813136">
        <ele>1801.7264058674139</ele>
      </trkpt>
      <trkpt lat="45.366182" lon="5.813128">
        <ele>1802.1100767599914</ele>
      </trkpt>
      <trkpt lat="45.366184" lon="5.81312">
        <ele>1802.4433597004413</ele>
      </trkpt>
      <trkpt lat="45.366187" lon="5.813112">
        <ele>1802.8120374255896</ele>
      </trkpt>
      <trkpt lat="45.366187" lon="5.813112">
        <ele>1802.8120374255896</ele>
      </trkpt>
      <trkpt lat="45.36619" lon="5.813104">
        <ele>1803.1725370597173</ele>
      </trkpt>
      <trkpt lat="45.366193" lon="5.813096">
        <ele>1803.5248586022778</ele>
      </trkpt>
      <trkpt lat="45.366193" lon="5.813096">
        <ele>1803.5248586022778</ele>
      </trkpt>
      <trkpt lat="45.366196" lon="5.813088">
        <ele>1803.869002051372</ele>
      </trkpt>
      <trkpt lat="45.366198" lon="5.81308">
        <ele>1804.169572618252</ele>
      </trkpt>
      <trkpt lat="45.366205" lon="5.813078">
        <ele>1804.471714609033</ele>
      </trkpt>
      <trkpt lat="45.366218" lon="5.813075">
        <ele>1805.0023401404787</ele>
      </trkpt>
      <trkpt lat="45.366218" lon="5.813075">
        <ele>1805.0023401404787</ele>
      </trkpt>
      <trkpt lat="45.366224" lon="5.813073">
        <ele>1805.2575017697227</ele>
      </trkpt>
      <trkpt lat="45.366224" lon="5.813073">
        <ele>1805.2575017697227</ele>
      </trkpt>
      <trkpt lat="45.36623" lon="5.813071">
        <ele>1805.5085743694558</ele>
      </trkpt>
      <trkpt lat="45.36623" lon="5.813071">
        <ele>1805.5085743694558</ele>
      </trkpt>
      <trkpt lat="45.366237" lon="5.813069">
        <ele>1805.7890786015787</ele>
      </trkpt>
      <trkpt lat="45.366243" lon="5.813068">
        <ele>1806.0109174898978</ele>
      </trkpt>
      <trkpt lat="45.366243" lon="5.813068">
        <ele>1806.0109174898978</ele>
      </trkpt>
      <trkpt lat="45.366243" lon="5.813068">
        <ele>1806.0109174898978</ele>
      </trkpt>
      <trkpt lat="45.36625" lon="5.813066">
        <ele>1806.283414046439</ele>
      </trkpt>
      <trkpt lat="45.366243" lon="5.813068">
        <ele>1806.0109174898978</ele>
      </trkpt>
      <trkpt lat="45.36625" lon="5.813066">
        <ele>1806.283414046439</ele>
      </trkpt>
      <trkpt lat="45.36625" lon="5.813066">
        <ele>1806.283414046439</ele>
      </trkpt>
      <trkpt lat="45.36625" lon="5.813066">
        <ele>1806.283414046439</ele>
      </trkpt>
      <trkpt lat="45.36625" lon="5.813066">
        <ele>1806.283414046439</ele>
      </trkpt>
      <trkpt lat="45.366243" lon="5.813068">
        <ele>1806.0109174898978</ele>
      </trkpt>
      <trkpt lat="45.366243" lon="5.813068">
        <ele>1806.0109174898978</ele>
      </trkpt>
      <trkpt lat="45.366237" lon="5.813069">
        <ele>1805.7890786015787</ele>
      </trkpt>
      <trkpt lat="45.366237" lon="5.813069">
        <ele>1805.7890786015787</ele>
      </trkpt>
      <trkpt lat="45.366237" lon="5.813069">
        <ele>1805.7890786015787</ele>
      </trkpt>
      <trkpt lat="45.366237" lon="5.813069">
        <ele>1805.7890786015787</ele>
      </trkpt>
      <trkpt lat="45.366237" lon="5.813069">
        <ele>1805.7890786015787</ele>
      </trkpt>
      <trkpt lat="45.366237" lon="5.813069">
        <ele>1805.7890786015787</ele>
      </trkpt>
      <trkpt lat="45.366237" lon="5.813069">
        <ele>1805.7890786015787</ele>
      </trkpt>
      <trkpt lat="45.366237" lon="5.813069">
        <ele>1805.7890786015787</ele>
      </trkpt>
      <trkpt lat="45.366243" lon="5.813068">
        <ele>1806.0109174898978</ele>
      </trkpt>
      <trkpt lat="45.366243" lon="5.813068">
        <ele>1806.0109174898978</ele>
      </trkpt>
      <trkpt lat="45.366243" lon="5.813068">
        <ele>1806.0109174898978</ele>
      </trkpt>
      <trkpt lat="45.366237" lon="5.813069">
        <ele>1805.7890786015787</ele>
      </trkpt>
      <trkpt lat="45.366243" lon="5.813068">
        <ele>1806.0109174898978</ele>
      </trkpt>
      <trkpt lat="45.366243" lon="5.813068">
        <ele>1806.0109174898978</ele>
      </trkpt>
      <trkpt lat="45.366237" lon="5.813069">
        <ele>1805.7890786015787</ele>
      </trkpt>
      <trkpt lat="45.366243" lon="5.813068">
        <ele>1806.0109174898978</ele>
      </trkpt>
      <trkpt lat="45.366243" lon="5.813068">
        <ele>1806.0109174898978</ele>
      </trkpt>
      <trkpt lat="45.366243" lon="5.813068">
        <ele>1806.0109174898978</ele>
      </trkpt>
      <trkpt lat="45.366243" lon="5.813068">
        <ele>1806.0109174898978</ele>
      </trkpt>
      <trkpt lat="45.366243" lon="5.813068">
        <ele>1806.0109174898978</ele>
      </trkpt>
      <trkpt lat="45.366243" lon="5.813068">
        <ele>1806.0109174898978</ele>
      </trkpt>
      <trkpt lat="45.366243" lon="5.813068">
        <ele>1806.0109174898978</ele>
      </trkpt>
      <trkpt lat="45.366237" lon="5.813069">
        <ele>1805.7890786015787</ele>
      </trkpt>
      <trkpt lat="45.366237" lon="5.813069">
        <ele>1805.7890786015787</ele>
      </trkpt>
      <trkpt lat="45.366237" lon="5.813069">
        <ele>1805.7890786015787</ele>
      </trkpt>
      <trkpt lat="45.366237" lon="5.813069">
        <ele>1805.7890786015787</ele>
      </trkpt>
      <trkpt lat="45.366243" lon="5.813068">
        <ele>1806.0109174898978</ele>
      </trkpt>
      <trkpt lat="45.366243" lon="5.813068">
        <ele>1806.0109174898978</ele>
      </trkpt>
      <trkpt lat="45.366243" lon="5.813068">
        <ele>1806.0109174898978</ele>
      </trkpt>
      <trkpt lat="45.366243" lon="5.813068">
        <ele>1806.0109174898978</ele>
      </trkpt>
      <trkpt lat="45.366237" lon="5.813069">
        <ele>1805.7890786015787</ele>
      </trkpt>
      <trkpt lat="45.366237" lon="5.813069">
        <ele>1805.7890786015787</ele>
      </trkpt>
      <trkpt lat="45.366237" lon="5.813069">
        <ele>1805.7890786015787</ele>
      </trkpt>
      <trkpt lat="45.36623" lon="5.813071">
        <ele>1805.5085743694558</ele>
      </trkpt>
      <trkpt lat="45.36623" lon="5.813071">
        <ele>1805.5085743694558</ele>
      </trkpt>
      <trkpt lat="45.36623" lon="5.813071">
        <ele>1805.5085743694558</ele>
      </trkpt>
      <trkpt lat="45.36623" lon="5.813071">
        <ele>1805.5085743694558</ele>
      </trkpt>
      <trkpt lat="45.36623" lon="5.813071">
        <ele>1805.5085743694558</ele>
      </trkpt>
      <trkpt lat="45.36623" lon="5.813071">
        <ele>1805.5085743694558</ele>
      </trkpt>
      <trkpt lat="45.36623" lon="5.813071">
        <ele>1805.5085743694558</ele>
      </trkpt>
      <trkpt lat="45.36623" lon="5.813071">
        <ele>1805.5085743694558</ele>
      </trkpt>
      <trkpt lat="45.36623" lon="5.813071">
        <ele>1805.5085743694558</ele>
      </trkpt>
      <trkpt lat="45.36623" lon="5.813071">
        <ele>1805.5085743694558</ele>
      </trkpt>
      <trkpt lat="45.36623" lon="5.813071">
        <ele>1805.5085743694558</ele>
      </trkpt>
      <trkpt lat="45.36623" lon="5.813071">
        <ele>1805.5085743694558</ele>
      </trkpt>
      <trkpt lat="45.36623" lon="5.813071">
        <ele>1805.5085743694558</ele>
      </trkpt>
      <trkpt lat="45.36623" lon="5.813071">
        <ele>1805.5085743694558</ele>
      </trkpt>
      <trkpt lat="45.36623" lon="5.813071">
        <ele>1805.5085743694558</ele>
      </trkpt>
      <trkpt lat="45.366218" lon="5.813075">
        <ele>1805.0023401404787</ele>
      </trkpt>
      <trkpt lat="45.366218" lon="5.813075">
        <ele>1805.0023401404787</ele>
      </trkpt>
      <trkpt lat="45.366218" lon="5.813075">
        <ele>1805.0023401404787</ele>
      </trkpt>
      <trkpt lat="45.366218" lon="5.813075">
        <ele>1805.0023401404787</ele>
      </trkpt>
      <trkpt lat="45.366211" lon="5.813077">
        <ele>1804.7082058165372</ele>
      </trkpt>
      <trkpt lat="45.366205" lon="5.813078">
        <ele>1804.471714609033</ele>
      </trkpt>
      <trkpt lat="45.366211" lon="5.813077">
        <ele>1804.7082058165372</ele>
      </trkpt>
      <trkpt lat="45.366211" lon="5.813077">
        <ele>1804.7082058165372</ele>
      </trkpt>
      <trkpt lat="45.366218" lon="5.813075">
        <ele>1805.0023401404787</ele>
      </trkpt>
      <trkpt lat="45.366218" lon="5.813075">
        <ele>1805.0023401404787</ele>
      </trkpt>
      <trkpt lat="45.366218" lon="5.813075">
        <ele>1805.0023401404787</ele>
      </trkpt>
      <trkpt lat="45.366218" lon="5.813075">
        <ele>1805.0023401404787</ele>
      </trkpt>
      <trkpt lat="45.366218" lon="5.813075">
        <ele>1805.0023401404787</ele>
      </trkpt>
      <trkpt lat="45.366218" lon="5.813075">
        <ele>1805.0023401404787</ele>
      </trkpt>
      <trkpt lat="45.366224" lon="5.813073">
        <ele>1805.2575017697227</ele>
      </trkpt>
      <trkpt lat="45.366224" lon="5.813073">
        <ele>1805.2575017697227</ele>
      </trkpt>
      <trkpt lat="45.366224" lon="5.813073">
        <ele>1805.2575017697227</ele>
      </trkpt>
      <trkpt lat="45.366224" lon="5.813073">
        <ele>1805.2575017697227</ele>
      </trkpt>
      <trkpt lat="45.366224" lon="5.813073">
        <ele>1805.2575017697227</ele>
      </trkpt>
      <trkpt lat="45.366224" lon="5.813073">
        <ele>1805.2575017697227</ele>
      </trkpt>
      <trkpt lat="45.366224" lon="5.813073">
        <ele>1805.2575017697227</ele>
      </trkpt>
      <trkpt lat="45.366224" lon="5.813073">
        <ele>1805.2575017697227</ele>
      </trkpt>
      <trkpt lat="45.366224" lon="5.813073">
        <ele>1805.2575017697227</ele>
      </trkpt>
      <trkpt lat="45.366224" lon="5.813073">
        <ele>1805.2575017697227</ele>
      </trkpt>
      <trkpt lat="45.366224" lon="5.813073">
        <ele>1805.2575017697227</ele>
      </trkpt>
      <trkpt lat="45.366218" lon="5.813075">
        <ele>1805.0023401404787</ele>
      </trkpt>
      <trkpt lat="45.366218" lon="5.813075">
        <ele>1805.0023401404787</ele>
      </trkpt>
      <trkpt lat="45.366224" lon="5.813073">
        <ele>1805.2575017697227</ele>
      </trkpt>
      <trkpt lat="45.366224" lon="5.813073">
        <ele>1805.2575017697227</ele>
      </trkpt>
      <trkpt lat="45.366224" lon="5.813073">
        <ele>1805.2575017697227</ele>
      </trkpt>
      <trkpt lat="45.36623" lon="5.813071">
        <ele>1805.5085743694558</ele>
      </trkpt>
      <trkpt lat="45.36623" lon="5.813071">
        <ele>1805.5085743694558</ele>
      </trkpt>
      <trkpt lat="45.36623" lon="5.813071">
        <ele>1805.5085743694558</ele>
      </trkpt>
      <trkpt lat="45.36623" lon="5.813071">
        <ele>1805.5085743694558</ele>
      </trkpt>
      <trkpt lat="45.36623" lon="5.813071">
        <ele>1805.5085743694558</ele>
      </trkpt>
      <trkpt lat="45.36623" lon="5.813071">
        <ele>1805.5085743694558</ele>
      </trkpt>
      <trkpt lat="45.36623" lon="5.813071">
        <ele>1805.5085743694558</ele>
      </trkpt>
      <trkpt lat="45.36623" lon="5.813071">
        <ele>1805.5085743694558</ele>
      </trkpt>
      <trkpt lat="45.36623" lon="5.813071">
        <ele>1805.5085743694558</ele>
      </trkpt>
      <trkpt lat="45.36623" lon="5.813071">
        <ele>1805.5085743694558</ele>
      </trkpt>
      <trkpt lat="45.366237" lon="5.813069">
        <ele>1805.7890786015787</ele>
      </trkpt>
      <trkpt lat="45.366237" lon="5.813069">
        <ele>1805.7890786015787</ele>
      </trkpt>
      <trkpt lat="45.366243" lon="5.813068">
        <ele>1806.0109174898978</ele>
      </trkpt>
      <trkpt lat="45.366237" lon="5.813069">
        <ele>1805.7890786015787</ele>
      </trkpt>
      <trkpt lat="45.366243" lon="5.813068">
        <ele>1806.0109174898978</ele>
      </trkpt>
      <trkpt lat="45.366243" lon="5.813068">
        <ele>1806.0109174898978</ele>
      </trkpt>
      <trkpt lat="45.366243" lon="5.813068">
        <ele>1806.0109174898978</ele>
      </trkpt>
      <trkpt lat="45.36625" lon="5.813066">
        <ele>1806.283414046439</ele>
      </trkpt>
      <trkpt lat="45.36625" lon="5.813066">
        <ele>1806.283414046439</ele>
      </trkpt>
      <trkpt lat="45.366256" lon="5.813064">
        <ele>1806.5184712820474</ele>
      </trkpt>
      <trkpt lat="45.366256" lon="5.813064">
        <ele>1806.5184712820474</ele>
      </trkpt>
      <trkpt lat="45.366256" lon="5.813064">
        <ele>1806.5184712820474</ele>
      </trkpt>
      <trkpt lat="45.366256" lon="5.813064">
        <ele>1806.5184712820474</ele>
      </trkpt>
      <trkpt lat="45.366256" lon="5.813064">
        <ele>1806.5184712820474</ele>
      </trkpt>
      <trkpt lat="45.366256" lon="5.813064">
        <ele>1806.5184712820474</ele>
      </trkpt>
      <trkpt lat="45.366256" lon="5.813064">
        <ele>1806.5184712820474</ele>
      </trkpt>
      <trkpt lat="45.36625" lon="5.813066">
        <ele>1806.283414046439</ele>
      </trkpt>
      <trkpt lat="45.36625" lon="5.813066">
        <ele>1806.283414046439</ele>
      </trkpt>
      <trkpt lat="45.366256" lon="5.813064">
        <ele>1806.5184712820474</ele>
      </trkpt>
      <trkpt lat="45.366256" lon="5.813064">
        <ele>1806.5184712820474</ele>
      </trkpt>
      <trkpt lat="45.366256" lon="5.813064">
        <ele>1806.5184712820474</ele>
      </trkpt>
      <trkpt lat="45.366256" lon="5.813064">
        <ele>1806.5184712820474</ele>
      </trkpt>
      <trkpt lat="45.366262" lon="5.813062">
        <ele>1806.7828901338528</ele>
      </trkpt>
      <trkpt lat="45.366262" lon="5.813062">
        <ele>1806.7828901338528</ele>
      </trkpt>
      <trkpt lat="45.366262" lon="5.813062">
        <ele>1806.7828901338528</ele>
      </trkpt>
      <trkpt lat="45.366262" lon="5.813062">
        <ele>1806.7828901338528</ele>
      </trkpt>
      <trkpt lat="45.366269" lon="5.81306">
        <ele>1807.0968494713845</ele>
      </trkpt>
      <trkpt lat="45.366262" lon="5.813062">
        <ele>1806.7828901338528</ele>
      </trkpt>
      <trkpt lat="45.366262" lon="5.813062">
        <ele>1806.7828901338528</ele>
      </trkpt>
      <trkpt lat="45.366262" lon="5.813062">
        <ele>1806.7828901338528</ele>
      </trkpt>
      <trkpt lat="45.366262" lon="5.813062">
        <ele>1806.7828901338528</ele>
      </trkpt>
      <trkpt lat="45.366262" lon="5.813062">
        <ele>1806.7828901338528</ele>
      </trkpt>
      <trkpt lat="45.366269" lon="5.81306">
        <ele>1807.0968494713845</ele>
      </trkpt>
      <trkpt lat="45.366286" lon="5.813069">
        <ele>1807.6515446652543</ele>
      </trkpt>
      <trkpt lat="45.366292" lon="5.813072">
        <ele>1807.8613677512292</ele>
      </trkpt>
      <trkpt lat="45.366292" lon="5.813072">
        <ele>1807.8613677512292</ele>
      </trkpt>
      <trkpt lat="45.366292" lon="5.813072">
        <ele>1807.8613677512292</ele>
      </trkpt>
      <trkpt lat="45.366292" lon="5.813072">
        <ele>1807.8613677512292</ele>
      </trkpt>
      <trkpt lat="45.366292" lon="5.813072">
        <ele>1807.8613677512292</ele>
      </trkpt>
      <trkpt lat="45.366292" lon="5.813072">
        <ele>1807.8613677512292</ele>
      </trkpt>
      <trkpt lat="45.366292" lon="5.813072">
        <ele>1807.8613677512292</ele>
      </trkpt>
      <trkpt lat="45.366292" lon="5.813072">
        <ele>1807.8613677512292</ele>
      </trkpt>
      <trkpt lat="45.366298" lon="5.813075">
        <ele>1808.0770119949732</ele>
      </trkpt>
      <trkpt lat="45.36631" lon="5.813081">
        <ele>1808.5257639623992</ele>
      </trkpt>
      <trkpt lat="45.366316" lon="5.813084">
        <ele>1808.7588716876846</ele>
      </trkpt>
      <trkpt lat="45.366316" lon="5.813084">
        <ele>1808.7588716876846</ele>
      </trkpt>
      <trkpt lat="45.366316" lon="5.813084">
        <ele>1808.7588716876846</ele>
      </trkpt>
      <trkpt lat="45.366316" lon="5.813084">
        <ele>1808.7588716876846</ele>
      </trkpt>
      <trkpt lat="45.366316" lon="5.813084">
        <ele>1808.7588716876846</ele>
      </trkpt>
      <trkpt lat="45.366316" lon="5.813084">
        <ele>1808.7588716876846</ele>
      </trkpt>
      <trkpt lat="45.36631" lon="5.813081">
        <ele>1808.5257639623992</ele>
      </trkpt>
      <trkpt lat="45.366316" lon="5.813084">
        <ele>1808.7588716876846</ele>
      </trkpt>
      <trkpt lat="45.366316" lon="5.813084">
        <ele>1808.7588716876846</ele>
      </trkpt>
      <trkpt lat="45.366316" lon="5.813084">
        <ele>1808.7588716876846</ele>
      </trkpt>
      <trkpt lat="45.366322" lon="5.813087">
        <ele>1808.9978005758617</ele>
      </trkpt>
      <trkpt lat="45.366322" lon="5.813087">
        <ele>1808.9978005758617</ele>
      </trkpt>
      <trkpt lat="45.366322" lon="5.813087">
        <ele>1808.9978005758617</ele>
      </trkpt>
      <trkpt lat="45.366322" lon="5.813087">
        <ele>1808.9978005758617</ele>
      </trkpt>
      <trkpt lat="45.366322" lon="5.813087">
        <ele>1808.9978005758617</ele>
      </trkpt>
      <trkpt lat="45.366322" lon="5.813087">
        <ele>1808.9978005758617</ele>
      </trkpt>
      <trkpt lat="45.366322" lon="5.813087">
        <ele>1808.9978005758617</ele>
      </trkpt>
      <trkpt lat="45.366316" lon="5.813084">
        <ele>1808.7588716876846</ele>
      </trkpt>
      <trkpt lat="45.366316" lon="5.813084">
        <ele>1808.7588716876846</ele>
      </trkpt>
      <trkpt lat="45.366316" lon="5.813084">
        <ele>1808.7588716876846</ele>
      </trkpt>
      <trkpt lat="45.366316" lon="5.813084">
        <ele>1808.7588716876846</ele>
      </trkpt>
      <trkpt lat="45.366316" lon="5.813084">
        <ele>1808.7588716876846</ele>
      </trkpt>
      <trkpt lat="45.366316" lon="5.813084">
        <ele>1808.7588716876846</ele>
      </trkpt>
      <trkpt lat="45.366316" lon="5.813084">
        <ele>1808.7588716876846</ele>
      </trkpt>
      <trkpt lat="45.366316" lon="5.813084">
        <ele>1808.7588716876846</ele>
      </trkpt>
      <trkpt lat="45.366316" lon="5.813084">
        <ele>1808.7588716876846</ele>
      </trkpt>
      <trkpt lat="45.366316" lon="5.813084">
        <ele>1808.7588716876846</ele>
      </trkpt>
      <trkpt lat="45.366316" lon="5.813084">
        <ele>1808.7588716876846</ele>
      </trkpt>
      <trkpt lat="45.366316" lon="5.813084">
        <ele>1808.7588716876846</ele>
      </trkpt>
      <trkpt lat="45.366316" lon="5.813084">
        <ele>1808.7588716876846</ele>
      </trkpt>
      <trkpt lat="45.366322" lon="5.813087">
        <ele>1808.9978005758617</ele>
      </trkpt>
      <trkpt lat="45.366328" lon="5.81309">
        <ele>1809.2425506270258</ele>
      </trkpt>
      <trkpt lat="45.366328" lon="5.81309">
        <ele>1809.2425506270258</ele>
      </trkpt>
      <trkpt lat="45.366328" lon="5.81309">
        <ele>1809.2425506270258</ele>
      </trkpt>
      <trkpt lat="45.366334" lon="5.813093">
        <ele>1809.493121841462</ele>
      </trkpt>
      <trkpt lat="45.366334" lon="5.813093">
        <ele>1809.493121841462</ele>
      </trkpt>
      <trkpt lat="45.366334" lon="5.813093">
        <ele>1809.493121841462</ele>
      </trkpt>
      <trkpt lat="45.36634" lon="5.813096">
        <ele>1809.7495142215475</ele>
      </trkpt>
      <trkpt lat="45.36634" lon="5.813096">
        <ele>1809.7495142215475</ele>
      </trkpt>
      <trkpt lat="45.366346" lon="5.813099">
        <ele>1810.0117277671434</ele>
      </trkpt>
      <trkpt lat="45.366352" lon="5.813102">
        <ele>1810.2797624800587</ele>
      </trkpt>
      <trkpt lat="45.366357" lon="5.813105">
        <ele>1810.5064947524002</ele>
      </trkpt>
      <trkpt lat="45.366357" lon="5.813105">
        <ele>1810.5064947524002</ele>
      </trkpt>
      <trkpt lat="45.366363" lon="5.813108">
        <ele>1810.7856867018534</ele>
      </trkpt>
      <trkpt lat="45.366363" lon="5.813108">
        <ele>1810.7856867018534</ele>
      </trkpt>
      <trkpt lat="45.366369" lon="5.813111">
        <ele>1811.0706998213318</ele>
      </trkpt>
      <trkpt lat="45.366369" lon="5.813111">
        <ele>1811.0706998213318</ele>
      </trkpt>
      <trkpt lat="45.366375" lon="5.813114">
        <ele>1811.3615341096734</ele>
      </trkpt>
      <trkpt lat="45.366381" lon="5.813117">
        <ele>1811.6473959673026</ele>
      </trkpt>
      <trkpt lat="45.366387" lon="5.81312">
        <ele>1811.9243089923027</ele>
      </trkpt>
      <trkpt lat="45.366393" lon="5.813123">
        <ele>1812.2053450716603</ele>
      </trkpt>
      <trkpt lat="45.366399" lon="5.813126">
        <ele>1812.4905042065266</ele>
      </trkpt>
      <trkpt lat="45.366411" lon="5.813132">
        <ele>1813.0731916448133</ele>
      </trkpt>
      <trkpt lat="45.366417" lon="5.813136">
        <ele>1813.376444794475</ele>
      </trkpt>
      <trkpt lat="45.366428" lon="5.813142">
        <ele>1813.8892193391064</ele>
      </trkpt>
      <trkpt lat="45.366435" lon="5.813144">
        <ele>1814.1537066116875</ele>
      </trkpt>
      <trkpt lat="45.36644" lon="5.813147">
        <ele>1814.2891389633987</ele>
      </trkpt>
      <trkpt lat="45.36644" lon="5.813147">
        <ele>1814.2891389633987</ele>
      </trkpt>
      <trkpt lat="45.366452" lon="5.813154">
        <ele>1814.6293063701885</ele>
      </trkpt>
      <trkpt lat="45.366458" lon="5.813157">
        <ele>1814.8204584103644</ele>
      </trkpt>
      <trkpt lat="45.366464" lon="5.81316">
        <ele>1815.014062563328</ele>
      </trkpt>
      <trkpt lat="45.36647" lon="5.813163">
        <ele>1815.2101188315323</ele>
      </trkpt>
      <trkpt lat="45.366482" lon="5.813169">
        <ele>1815.6095877109794</ele>
      </trkpt>
      <trkpt lat="45.366488" lon="5.813172">
        <ele>1815.813000323094</ele>
      </trkpt>
      <trkpt lat="45.366494" lon="5.813175">
        <ele>1816.0188650513294</ele>
      </trkpt>
      <trkpt lat="45.3665" lon="5.813178">
        <ele>1816.2248901908113</ele>
      </trkpt>
      <trkpt lat="45.366505" lon="5.813181">
        <ele>1816.3740569230006</ele>
      </trkpt>
      <trkpt lat="45.366511" lon="5.813184">
        <ele>1816.573214025002</ele>
      </trkpt>
      <trkpt lat="45.366511" lon="5.813184">
        <ele>1816.573214025002</ele>
      </trkpt>
      <trkpt lat="45.366517" lon="5.813187">
        <ele>1816.7742594674294</ele>
      </trkpt>
      <trkpt lat="45.366523" lon="5.81319">
        <ele>1816.9771932505869</ele>
      </trkpt>
      <trkpt lat="45.366535" lon="5.813196">
        <ele>1817.388725838713</ele>
      </trkpt>
      <trkpt lat="45.366541" lon="5.813199">
        <ele>1817.597324644489</ele>
      </trkpt>
      <trkpt lat="45.366553" lon="5.813205">
        <ele>1818.0201872807784</ele>
      </trkpt>
      <trkpt lat="45.366565" lon="5.813211">
        <ele>1818.4506032848471</ele>
      </trkpt>
      <trkpt lat="45.36657" lon="5.813214">
        <ele>1818.618653397026</ele>
      </trkpt>
      <trkpt lat="45.366577" lon="5.813217">
        <ele>1818.8885726589724</ele>
      </trkpt>
      <trkpt lat="45.366582" lon="5.81322">
        <ele>1819.0600847292326</ele>
      </trkpt>
      <trkpt lat="45.366594" lon="5.813226">
        <ele>1819.5090694350063</ele>
      </trkpt>
      <trkpt lat="45.3666" lon="5.813229">
        <ele>1819.7363943037876</ele>
      </trkpt>
      <trkpt lat="45.366612" lon="5.813235">
        <ele>1820.1967090757107</ele>
      </trkpt>
      <trkpt lat="45.36663" lon="5.813244">
        <ele>1820.8820651946444</ele>
      </trkpt>
      <trkpt lat="45.366636" lon="5.813247">
        <ele>1821.107949866505</ele>
      </trkpt>
      <trkpt lat="45.366647" lon="5.813253">
        <ele>1821.5117741102208</ele>
      </trkpt>
      <trkpt lat="45.366654" lon="5.813256">
        <ele>1821.7894757951055</ele>
      </trkpt>
      <trkpt lat="45.366659" lon="5.813259">
        <ele>1821.9679531265183</ele>
      </trkpt>
      <trkpt lat="45.366671" lon="5.813265">
        <ele>1822.4267134200227</ele>
      </trkpt>
      <trkpt lat="45.366683" lon="5.813271">
        <ele>1822.888054989674</ele>
      </trkpt>
      <trkpt lat="45.366695" lon="5.813277">
        <ele>1823.3519778365317</ele>
      </trkpt>
      <trkpt lat="45.366707" lon="5.813279">
        <ele>1823.9099695793686</ele>
      </trkpt>
      <trkpt lat="45.366719" lon="5.813276">
        <ele>1824.5821058753847</ele>
      </trkpt>
      <trkpt lat="45.366725" lon="5.813274">
        <ele>1824.92896473534</ele>
      </trkpt>
      <trkpt lat="45.366731" lon="5.813272">
        <ele>1825.2753934364964</ele>
      </trkpt>
      <trkpt lat="45.366738" lon="5.813271">
        <ele>1825.6492615917082</ele>
      </trkpt>
      <trkpt lat="45.366744" lon="5.81327">
        <ele>1825.9533983405581</ele>
      </trkpt>
      <trkpt lat="45.36675" lon="5.813268">
        <ele>1826.2694844164325</ele>
      </trkpt>
      <trkpt lat="45.366756" lon="5.813266">
        <ele>1826.5861682615555</ele>
      </trkpt>
      <trkpt lat="45.366762" lon="5.813265">
        <ele>1826.8806280100384</ele>
      </trkpt>
      <trkpt lat="45.366769" lon="5.813263">
        <ele>1827.2437056652143</ele>
      </trkpt>
      <trkpt lat="45.366775" lon="5.813262">
        <ele>1827.5389375595178</ele>
      </trkpt>
      <trkpt lat="45.366781" lon="5.81326">
        <ele>1827.8577634302173</ele>
      </trkpt>
      <trkpt lat="45.366787" lon="5.813259">
        <ele>1828.1537425587385</ele>
      </trkpt>
      <trkpt lat="45.366793" lon="5.813257">
        <ele>1828.4736145323864</ele>
      </trkpt>
      <trkpt lat="45.366799" lon="5.813256">
        <ele>1828.7703408953785</ele>
      </trkpt>
      <trkpt lat="45.366805" lon="5.813254">
        <ele>1829.0912589742038</ele>
      </trkpt>
      <trkpt lat="45.366812" lon="5.813253">
        <ele>1829.4343293716768</ele>
      </trkpt>
      <trkpt lat="45.366812" lon="5.813253">
        <ele>1829.4343293716768</ele>
      </trkpt>
      <trkpt lat="45.366818" lon="5.813251">
        <ele>1829.7563433712937</ele>
      </trkpt>
      <trkpt lat="45.366824" lon="5.813249">
        <ele>1830.0789551433886</ele>
      </trkpt>
      <trkpt lat="45.36683" lon="5.813248">
        <ele>1830.3776492207758</ele>
      </trkpt>
      <trkpt lat="45.366836" lon="5.813246">
        <ele>1830.701307098236</ele>
      </trkpt>
      <trkpt lat="45.366842" lon="5.813245">
        <ele>1831.0007484116545</ele>
      </trkpt>
      <trkpt lat="45.366855" lon="5.813242">
        <ele>1831.6715117425215</ele>
      </trkpt>
      <trkpt lat="45.366861" lon="5.81324">
        <ele>1831.9956256311516</ele>
      </trkpt>
      <trkpt lat="45.366867" lon="5.813239">
        <ele>1832.2557209316853</ele>
      </trkpt>
      <trkpt lat="45.366873" lon="5.813237">
        <ele>1832.54274458881</ele>
      </trkpt>
      <trkpt lat="45.366879" lon="5.813236">
        <ele>1832.8048776954877</ele>
      </trkpt>
      <trkpt lat="45.366891" lon="5.813232">
        <ele>1833.3862610620624</ele>
      </trkpt>
      <trkpt lat="45.366898" lon="5.813231">
        <ele>1833.6913309430968</ele>
      </trkpt>
      <trkpt lat="45.36691" lon="5.813228">
        <ele>1834.253325839022</ele>
      </trkpt>
      <trkpt lat="45.366916" lon="5.813226">
        <ele>1834.5506743152634</ele>
      </trkpt>
      <trkpt lat="45.366928" lon="5.813223">
        <ele>1835.120412843628</ele>
      </trkpt>
      <trkpt lat="45.366941" lon="5.81322">
        <ele>1835.7354655922427</ele>
      </trkpt>
      <trkpt lat="45.366947" lon="5.813219">
        <ele>1836.0091462824141</ele>
      </trkpt>
      <trkpt lat="45.366959" lon="5.813216">
        <ele>1836.5909078561247</ele>
      </trkpt>
      <trkpt lat="45.366972" lon="5.813213">
        <ele>1837.2184591517764</ele>
      </trkpt>
      <trkpt lat="45.366978" lon="5.813211">
        <ele>1837.530343910713</ele>
      </trkpt>
      <trkpt lat="45.366984" lon="5.81321">
        <ele>1837.7926050341694</ele>
      </trkpt>
      <trkpt lat="45.366996" lon="5.813206">
        <ele>1838.3446870152586</ele>
      </trkpt>
      <trkpt lat="45.367002" lon="5.813205">
        <ele>1838.588532465672</ele>
      </trkpt>
      <trkpt lat="45.367008" lon="5.813203">
        <ele>1838.8690667755097</ele>
      </trkpt>
      <trkpt lat="45.367015" lon="5.813202">
        <ele>1839.1505171013507</ele>
      </trkpt>
      <trkpt lat="45.367033" lon="5.813197">
        <ele>1839.9713242516882</ele>
      </trkpt>
      <trkpt lat="45.367039" lon="5.813196">
        <ele>1840.222741823686</ele>
      </trkpt>
      <trkpt lat="45.367052" lon="5.813193">
        <ele>1840.8036983249935</ele>
      </trkpt>
      <trkpt lat="45.367064" lon="5.813189">
        <ele>1841.3953881212651</ele>
      </trkpt>
      <trkpt lat="45.36707" lon="5.813188">
        <ele>1841.653379296532</ele>
      </trkpt>
      <trkpt lat="45.367076" lon="5.813186">
        <ele>1841.9537175209384</ele>
      </trkpt>
      <trkpt lat="45.367082" lon="5.813185">
        <ele>1842.2142050034852</ele>
      </trkpt>
      <trkpt lat="45.367082" lon="5.813185">
        <ele>1842.2142050034852</ele>
      </trkpt>
      <trkpt lat="45.367088" lon="5.813183">
        <ele>1842.518038040032</ele>
      </trkpt>
      <trkpt lat="45.367101" lon="5.81318">
        <ele>1843.1252888955646</ele>
      </trkpt>
      <trkpt lat="45.367105" lon="5.813174">
        <ele>1843.5227893510244</ele>
      </trkpt>
      <trkpt lat="45.367113" lon="5.81316">
        <ele>1844.4069390081418</ele>
      </trkpt>
      <trkpt lat="45.367121" lon="5.813147">
        <ele>1845.259877860899</ele>
      </trkpt>
      <trkpt lat="45.367125" lon="5.81314">
        <ele>1845.6925404164795</ele>
      </trkpt>
      <trkpt lat="45.367129" lon="5.813133">
        <ele>1845.9828844675585</ele>
      </trkpt>
      <trkpt lat="45.367133" lon="5.813127">
        <ele>1846.2583175323584</ele>
      </trkpt>
      <trkpt lat="45.367141" lon="5.813114">
        <ele>1846.8496437491924</ele>
      </trkpt>
      <trkpt lat="45.367145" lon="5.813107">
        <ele>1847.1665195587007</ele>
      </trkpt>
      <trkpt lat="45.367149" lon="5.8131">
        <ele>1847.490273974318</ele>
      </trkpt>
      <trkpt lat="45.367157" lon="5.813087">
        <ele>1848.133681064252</ele>
      </trkpt>
      <trkpt lat="45.367161" lon="5.81308">
        <ele>1848.4775799711206</ele>
      </trkpt>
      <trkpt lat="45.36717" lon="5.813067">
        <ele>1849.2040828897182</ele>
      </trkpt>
      <trkpt lat="45.367174" lon="5.81306">
        <ele>1849.568986122347</ele>
      </trkpt>
      <trkpt lat="45.367178" lon="5.813054">
        <ele>1849.9134509337941</ele>
      </trkpt>
      <trkpt lat="45.367182" lon="5.813047">
        <ele>1850.2916200593327</ele>
      </trkpt>
      <trkpt lat="45.367186" lon="5.81304">
        <ele>1850.6766677977223</ele>
      </trkpt>
      <trkpt lat="45.36719" lon="5.813033">
        <ele>1851.0685941481247</ele>
      </trkpt>
      <trkpt lat="45.36719" lon="5.813033">
        <ele>1851.0685941481247</ele>
      </trkpt>
      <trkpt lat="45.367194" lon="5.813027">
        <ele>1851.4381167663184</ele>
      </trkpt>
      <trkpt lat="45.367198" lon="5.81302">
        <ele>1851.8433090145622</ele>
      </trkpt>
      <trkpt lat="45.367198" lon="5.81302">
        <ele>1851.8433090145622</ele>
      </trkpt>
      <trkpt lat="45.367198" lon="5.81302">
        <ele>1851.8433090145622</ele>
      </trkpt>
      <trkpt lat="45.367198" lon="5.81302">
        <ele>1851.8433090145622</ele>
      </trkpt>
      <trkpt lat="45.367198" lon="5.81302">
        <ele>1851.8433090145622</ele>
      </trkpt>
      <trkpt lat="45.367202" lon="5.813014">
        <ele>1852.2251148748242</ele>
      </trkpt>
      <trkpt lat="45.367202" lon="5.813014">
        <ele>1852.2251148748242</ele>
      </trkpt>
      <trkpt lat="45.367206" lon="5.813007">
        <ele>1852.6435730250503</ele>
      </trkpt>
      <trkpt lat="45.367206" lon="5.813007">
        <ele>1852.6435730250503</ele>
      </trkpt>
      <trkpt lat="45.36721" lon="5.813">
        <ele>1853.0689097932834</ele>
      </trkpt>
      <trkpt lat="45.367214" lon="5.812994">
        <ele>1853.4693861864644</ele>
      </trkpt>
      <trkpt lat="45.367214" lon="5.812994">
        <ele>1853.4693861864644</ele>
      </trkpt>
      <trkpt lat="45.367222" lon="5.81298">
        <ele>1854.3534701501753</ele>
      </trkpt>
      <trkpt lat="45.36722" lon="5.812963">
        <ele>1854.6226464484928</ele>
      </trkpt>
      <trkpt lat="45.367217" lon="5.812945">
        <ele>1854.5249080802676</ele>
      </trkpt>
      <trkpt lat="45.367214" lon="5.812928">
        <ele>1854.4059115480886</ele>
      </trkpt>
      <trkpt lat="45.367212" lon="5.81291">
        <ele>1854.3393656247672</ele>
      </trkpt>
      <trkpt lat="45.367208" lon="5.812884">
        <ele>1854.1444982915841</ele>
      </trkpt>
      <trkpt lat="45.367202" lon="5.812849">
        <ele>1853.7818535601689</ele>
      </trkpt>
      <trkpt lat="45.367198" lon="5.812823">
        <ele>1853.5047283487288</ele>
      </trkpt>
      <trkpt lat="45.367196" lon="5.812805">
        <ele>1853.3569037990758</ele>
      </trkpt>
      <trkpt lat="45.367192" lon="5.812779">
        <ele>1852.2984608727656</ele>
      </trkpt>
      <trkpt lat="45.367197" lon="5.812769">
        <ele>1852.349093698663</ele>
      </trkpt>
      <trkpt lat="45.367209" lon="5.812766">
        <ele>1853.3004930481382</ele>
      </trkpt>
      <trkpt lat="45.367221" lon="5.812763">
        <ele>1854.2623531699319</ele>
      </trkpt>
      <trkpt lat="45.367228" lon="5.812762">
        <ele>1854.747993206174</ele>
      </trkpt>
      <trkpt lat="45.36724" lon="5.812759">
        <ele>1855.4904718673115</ele>
      </trkpt>
      <trkpt lat="45.367253" lon="5.812756">
        <ele>1856.3123700115689</ele>
      </trkpt>
      <trkpt lat="45.367265" lon="5.812753">
        <ele>1857.0725448151745</ele>
      </trkpt>
      <trkpt lat="45.367271" lon="5.812752">
        <ele>1857.4703295880468</ele>
      </trkpt>
      <trkpt lat="45.367284" lon="5.812749">
        <ele>1858.314378051894</ele>
      </trkpt>
      <trkpt lat="45.367296" lon="5.812746">
        <ele>1859.0958604883733</ele>
      </trkpt>
      <trkpt lat="45.367308" lon="5.812743">
        <ele>1859.886010430164</ele>
      </trkpt>
      <trkpt lat="45.367308" lon="5.812743">
        <ele>1859.886010430164</ele>
      </trkpt>
      <trkpt lat="45.367315" lon="5.812741">
        <ele>1860.3450345789659</ele>
      </trkpt>
      <trkpt lat="45.367321" lon="5.81274">
        <ele>1860.75750603054</ele>
      </trkpt>
      <trkpt lat="45.367321" lon="5.81274">
        <ele>1860.75750603054</ele>
      </trkpt>
      <trkpt lat="45.367321" lon="5.81274">
        <ele>1860.75750603054</ele>
      </trkpt>
      <trkpt lat="45.367321" lon="5.81274">
        <ele>1860.75750603054</ele>
      </trkpt>
      <trkpt lat="45.367327" lon="5.812738">
        <ele>1861.1492692190293</ele>
      </trkpt>
      <trkpt lat="45.367321" lon="5.81274">
        <ele>1860.75750603054</ele>
      </trkpt>
      <trkpt lat="45.367327" lon="5.812738">
        <ele>1861.1492692190293</ele>
      </trkpt>
      <trkpt lat="45.367327" lon="5.812738">
        <ele>1861.1492692190293</ele>
      </trkpt>
      <trkpt lat="45.367327" lon="5.812738">
        <ele>1861.1492692190293</ele>
      </trkpt>
      <trkpt lat="45.367321" lon="5.81274">
        <ele>1860.75750603054</ele>
      </trkpt>
      <trkpt lat="45.367321" lon="5.81274">
        <ele>1860.75750603054</ele>
      </trkpt>
      <trkpt lat="45.367321" lon="5.81274">
        <ele>1860.75750603054</ele>
      </trkpt>
      <trkpt lat="45.367321" lon="5.81274">
        <ele>1860.75750603054</ele>
      </trkpt>
      <trkpt lat="45.367327" lon="5.812738">
        <ele>1861.1492692190293</ele>
      </trkpt>
      <trkpt lat="45.367327" lon="5.812738">
        <ele>1861.1492692190293</ele>
      </trkpt>
      <trkpt lat="45.367327" lon="5.812738">
        <ele>1861.1492692190293</ele>
      </trkpt>
      <trkpt lat="45.367333" lon="5.812737">
        <ele>1861.5653521491295</ele>
      </trkpt>
      <trkpt lat="45.367333" lon="5.812737">
        <ele>1861.5653521491295</ele>
      </trkpt>
      <trkpt lat="45.367333" lon="5.812737">
        <ele>1861.5653521491295</ele>
      </trkpt>
      <trkpt lat="45.367333" lon="5.812737">
        <ele>1861.5653521491295</ele>
      </trkpt>
      <trkpt lat="45.36734" lon="5.812736">
        <ele>1862.0560393715543</ele>
      </trkpt>
      <trkpt lat="45.36734" lon="5.812736">
        <ele>1862.0560393715543</ele>
      </trkpt>
      <trkpt lat="45.367346" lon="5.812734">
        <ele>1862.3967379064338</ele>
      </trkpt>
      <trkpt lat="45.367346" lon="5.812734">
        <ele>1862.3967379064338</ele>
      </trkpt>
      <trkpt lat="45.367346" lon="5.812734">
        <ele>1862.3967379064338</ele>
      </trkpt>
      <trkpt lat="45.367352" lon="5.812733">
        <ele>1862.6939165401045</ele>
      </trkpt>
      <trkpt lat="45.367358" lon="5.812731">
        <ele>1862.973470564059</ele>
      </trkpt>
      <trkpt lat="45.367358" lon="5.812731">
        <ele>1862.973470564059</ele>
      </trkpt>
      <trkpt lat="45.367364" lon="5.81273">
        <ele>1863.2735361120203</ele>
      </trkpt>
      <trkpt lat="45.367371" lon="5.812728">
        <ele>1863.6104650749799</ele>
      </trkpt>
      <trkpt lat="45.367377" lon="5.812727">
        <ele>1863.9135137717112</ele>
      </trkpt>
      <trkpt lat="45.367377" lon="5.812727">
        <ele>1863.9135137717112</ele>
      </trkpt>
      <trkpt lat="45.367377" lon="5.812727">
        <ele>1863.9135137717112</ele>
      </trkpt>
      <trkpt lat="45.367383" lon="5.812725">
        <ele>1864.201343565059</ele>
      </trkpt>
      <trkpt lat="45.367389" lon="5.812724">
        <ele>1864.5072791787256</ele>
      </trkpt>
      <trkpt lat="45.367389" lon="5.812724">
        <ele>1864.5072791787256</ele>
      </trkpt>
      <trkpt lat="45.367395" lon="5.812723">
        <ele>1864.8143695650267</ele>
      </trkpt>
      <trkpt lat="45.367395" lon="5.812723">
        <ele>1864.8143695650267</ele>
      </trkpt>
      <trkpt lat="45.367395" lon="5.812723">
        <ele>1864.8143695650267</ele>
      </trkpt>
      <trkpt lat="45.367395" lon="5.812723">
        <ele>1864.8143695650267</ele>
      </trkpt>
      <trkpt lat="45.367402" lon="5.812721">
        <ele>1865.1619800711514</ele>
      </trkpt>
      <trkpt lat="45.367402" lon="5.812721">
        <ele>1865.1619800711514</ele>
      </trkpt>
      <trkpt lat="45.367408" lon="5.81272">
        <ele>1865.4720536095426</ele>
      </trkpt>
      <trkpt lat="45.367408" lon="5.81272">
        <ele>1865.4720536095426</ele>
      </trkpt>
      <trkpt lat="45.367408" lon="5.81272">
        <ele>1865.4720536095426</ele>
      </trkpt>
      <trkpt lat="45.367408" lon="5.81272">
        <ele>1865.4720536095426</ele>
      </trkpt>
      <trkpt lat="45.367414" lon="5.812718">
        <ele>1865.7698913220158</ele>
      </trkpt>
      <trkpt lat="45.36742" lon="5.812717">
        <ele>1866.0828517791572</ele>
      </trkpt>
      <trkpt lat="45.367427" lon="5.812715">
        <ele>1866.439315458581</ele>
      </trkpt>
      <trkpt lat="45.367439" lon="5.812712">
        <ele>1867.0613725625283</ele>
      </trkpt>
      <trkpt lat="45.367445" lon="5.812711">
        <ele>1867.3802030923393</ele>
      </trkpt>
      <trkpt lat="45.367458" lon="5.812708">
        <ele>1868.067333637273</ele>
      </trkpt>
      <trkpt lat="45.367464" lon="5.812707">
        <ele>1868.3862134216247</ele>
      </trkpt>
      <trkpt lat="45.367476" lon="5.812704">
        <ele>1868.817248720017</ele>
      </trkpt>
      <trkpt lat="45.367489" lon="5.812701">
        <ele>1869.2928727904873</ele>
      </trkpt>
      <trkpt lat="45.367495" lon="5.812699">
        <ele>1869.5110584982763</ele>
      </trkpt>
      <trkpt lat="45.367507" lon="5.812696">
        <ele>1869.9585338292281</ele>
      </trkpt>
      <trkpt lat="45.36752" lon="5.812693">
        <ele>1870.451293822728</ele>
      </trkpt>
      <trkpt lat="45.367526" lon="5.812692">
        <ele>1870.6822361780116</ele>
      </trkpt>
      <trkpt lat="45.367532" lon="5.812691">
        <ele>1870.9142223543372</ele>
      </trkpt>
      <trkpt lat="45.367538" lon="5.812689">
        <ele>1871.145107758633</ele>
      </trkpt>
      <trkpt lat="45.367545" lon="5.812687">
        <ele>1871.4176244842256</ele>
      </trkpt>
      <trkpt lat="45.367551" lon="5.812686">
        <ele>1871.6538729088934</ele>
      </trkpt>
      <trkpt lat="45.367557" lon="5.812685">
        <ele>1871.8911651559495</ele>
      </trkpt>
      <trkpt lat="45.367557" lon="5.812685">
        <ele>1871.8911651559495</ele>
      </trkpt>
      <trkpt lat="45.367563" lon="5.812683">
        <ele>1872.1295312072982</ele>
      </trkpt>
      <trkpt lat="45.367563" lon="5.812683">
        <ele>1872.1295312072982</ele>
      </trkpt>
      <trkpt lat="45.36757" lon="5.812682">
        <ele>1872.4094116352485</ele>
      </trkpt>
      <trkpt lat="45.367576" lon="5.81268">
        <ele>1872.651604997485</ele>
      </trkpt>
      <trkpt lat="45.367582" lon="5.812679">
        <ele>1872.8942033189821</ele>
      </trkpt>
      <trkpt lat="45.367588" lon="5.812677">
        <ele>1873.0949874900798</ele>
      </trkpt>
      <trkpt lat="45.367601" lon="5.812675">
        <ele>1873.4658553341894</ele>
      </trkpt>
      <trkpt lat="45.367607" lon="5.812673">
        <ele>1873.6428944250836</ele>
      </trkpt>
      <trkpt lat="45.367619" lon="5.81267">
        <ele>1873.9985036314843</ele>
      </trkpt>
      <trkpt lat="45.367625" lon="5.812669">
        <ele>1874.175975609891</ele>
      </trkpt>
      <trkpt lat="45.367632" lon="5.812667">
        <ele>1874.3896204593793</ele>
      </trkpt>
      <trkpt lat="45.367638" lon="5.812666">
        <ele>1874.5699293364446</ele>
      </trkpt>
      <trkpt lat="45.367644" lon="5.812664">
        <ele>1874.758682022915</ele>
      </trkpt>
      <trkpt lat="45.36765" lon="5.812663">
        <ele>1874.9417362851832</ele>
      </trkpt>
      <trkpt lat="45.367657" lon="5.812662">
        <ele>1875.155264991176</ele>
      </trkpt>
      <trkpt lat="45.367663" lon="5.81266">
        <ele>1875.3496914574876</ele>
      </trkpt>
      <trkpt lat="45.367669" lon="5.812659">
        <ele>1875.53668078015</ele>
      </trkpt>
      <trkpt lat="45.367675" lon="5.812657">
        <ele>1875.7349507733734</ele>
      </trkpt>
      <trkpt lat="45.367681" lon="5.812656">
        <ele>1875.924685483555</ele>
      </trkpt>
      <trkpt lat="45.367681" lon="5.812656">
        <ele>1875.924685483555</ele>
      </trkpt>
      <trkpt lat="45.367694" lon="5.812653">
        <ele>1876.3494790133736</ele>
      </trkpt>
      <trkpt lat="45.367694" lon="5.812653">
        <ele>1876.3494790133736</ele>
      </trkpt>
      <trkpt lat="45.367694" lon="5.812653">
        <ele>1876.3494790133736</ele>
      </trkpt>
      <trkpt lat="45.3677" lon="5.812651">
        <ele>1876.5556190911097</ele>
      </trkpt>
      <trkpt lat="45.367706" lon="5.81265">
        <ele>1876.7456370827563</ele>
      </trkpt>
      <trkpt lat="45.367713" lon="5.812648">
        <ele>1876.9503782795578</ele>
      </trkpt>
      <trkpt lat="45.367719" lon="5.812647">
        <ele>1877.1178580437959</ele>
      </trkpt>
      <trkpt lat="45.367725" lon="5.812645">
        <ele>1877.3014478886853</ele>
      </trkpt>
      <trkpt lat="45.367731" lon="5.812644">
        <ele>1877.4719107796443</ele>
      </trkpt>
      <trkpt lat="45.367737" lon="5.812643">
        <ele>1877.6435669252216</ele>
      </trkpt>
      <trkpt lat="45.367744" lon="5.812641">
        <ele>1877.8593456700098</ele>
      </trkpt>
      <trkpt lat="45.36775" lon="5.81264">
        <ele>1878.0340843832294</ele>
      </trkpt>
      <trkpt lat="45.36775" lon="5.81264">
        <ele>1878.0340843832294</ele>
      </trkpt>
      <trkpt lat="45.367762" lon="5.812637">
        <ele>1878.405737552348</ele>
      </trkpt>
      <trkpt lat="45.367762" lon="5.812637">
        <ele>1878.405737552348</ele>
      </trkpt>
      <trkpt lat="45.367768" lon="5.812635">
        <ele>1878.6038452475686</ele>
      </trkpt>
      <trkpt lat="45.367768" lon="5.812635">
        <ele>1878.6038452475686</ele>
      </trkpt>
      <trkpt lat="45.367768" lon="5.812635">
        <ele>1878.6038452475686</ele>
      </trkpt>
      <trkpt lat="45.367775" lon="5.812634">
        <ele>1878.8114689519657</ele>
      </trkpt>
      <trkpt lat="45.367775" lon="5.812634">
        <ele>1878.8114689519657</ele>
      </trkpt>
      <trkpt lat="45.367775" lon="5.812634">
        <ele>1878.8114689519657</ele>
      </trkpt>
      <trkpt lat="45.367775" lon="5.812634">
        <ele>1878.8114689519657</ele>
      </trkpt>
      <trkpt lat="45.367781" lon="5.812632">
        <ele>1879.0139518928336</ele>
      </trkpt>
      <trkpt lat="45.367775" lon="5.812634">
        <ele>1878.8114689519657</ele>
      </trkpt>
      <trkpt lat="45.367781" lon="5.812632">
        <ele>1879.0139518928336</ele>
      </trkpt>
      <trkpt lat="45.367781" lon="5.812632">
        <ele>1879.0139518928336</ele>
      </trkpt>
      <trkpt lat="45.367781" lon="5.812632">
        <ele>1879.0139518928336</ele>
      </trkpt>
      <trkpt lat="45.367781" lon="5.812632">
        <ele>1879.0139518928336</ele>
      </trkpt>
      <trkpt lat="45.367781" lon="5.812632">
        <ele>1879.0139518928336</ele>
      </trkpt>
      <trkpt lat="45.367787" lon="5.812631">
        <ele>1879.1977394371531</ele>
      </trkpt>
      <trkpt lat="45.367793" lon="5.81263">
        <ele>1879.3827202377258</ele>
      </trkpt>
      <trkpt lat="45.367793" lon="5.81263">
        <ele>1879.3827202377258</ele>
      </trkpt>
      <trkpt lat="45.3678" lon="5.812628">
        <ele>1879.6186847885756</ele>
      </trkpt>
      <trkpt lat="45.367806" lon="5.812627">
        <ele>1879.8067481620071</ele>
      </trkpt>
      <trkpt lat="45.367818" lon="5.812624">
        <ele>1880.099432097602</ele>
      </trkpt>
      <trkpt lat="45.367824" lon="5.812622">
        <ele>1880.1981905280693</ele>
      </trkpt>
      <trkpt lat="45.367831" lon="5.812621">
        <ele>1880.3575144546908</ele>
      </trkpt>
      <trkpt lat="45.367837" lon="5.812619">
        <ele>1880.4565050672566</ele>
      </trkpt>
      <trkpt lat="45.367837" lon="5.812619">
        <ele>1880.4565050672566</ele>
      </trkpt>
      <trkpt lat="45.367849" lon="5.812617">
        <ele>1880.725222796779</ele>
      </trkpt>
      <trkpt lat="45.367855" lon="5.812615">
        <ele>1880.829998526983</ele>
      </trkpt>
      <trkpt lat="45.367862" lon="5.812614">
        <ele>1880.996019915529</ele>
      </trkpt>
      <trkpt lat="45.367862" lon="5.812614">
        <ele>1880.996019915529</ele>
      </trkpt>
      <trkpt lat="45.367868" lon="5.812612">
        <ele>1881.1050380656054</ele>
      </trkpt>
      <trkpt lat="45.367868" lon="5.812612">
        <ele>1881.1050380656054</ele>
      </trkpt>
      <trkpt lat="45.367868" lon="5.812612">
        <ele>1881.1050380656054</ele>
      </trkpt>
      <trkpt lat="45.367868" lon="5.812612">
        <ele>1881.1050380656054</ele>
      </trkpt>
      <trkpt lat="45.367868" lon="5.812612">
        <ele>1881.1050380656054</ele>
      </trkpt>
      <trkpt lat="45.367868" lon="5.812612">
        <ele>1881.1050380656054</ele>
      </trkpt>
      <trkpt lat="45.367868" lon="5.812612">
        <ele>1881.1050380656054</ele>
      </trkpt>
      <trkpt lat="45.367868" lon="5.812612">
        <ele>1881.1050380656054</ele>
      </trkpt>
      <trkpt lat="45.367868" lon="5.812612">
        <ele>1881.1050380656054</ele>
      </trkpt>
      <trkpt lat="45.367868" lon="5.812612">
        <ele>1881.1050380656054</ele>
      </trkpt>
      <trkpt lat="45.367868" lon="5.812612">
        <ele>1881.1050380656054</ele>
      </trkpt>
      <trkpt lat="45.367868" lon="5.812612">
        <ele>1881.1050380656054</ele>
      </trkpt>
      <trkpt lat="45.367868" lon="5.812612">
        <ele>1881.1050380656054</ele>
      </trkpt>
      <trkpt lat="45.367868" lon="5.812612">
        <ele>1881.1050380656054</ele>
      </trkpt>
      <trkpt lat="45.367868" lon="5.812612">
        <ele>1881.1050380656054</ele>
      </trkpt>
      <trkpt lat="45.367868" lon="5.812612">
        <ele>1881.1050380656054</ele>
      </trkpt>
      <trkpt lat="45.367868" lon="5.812612">
        <ele>1881.1050380656054</ele>
      </trkpt>
      <trkpt lat="45.367868" lon="5.812612">
        <ele>1881.1050380656054</ele>
      </trkpt>
      <trkpt lat="45.367868" lon="5.812612">
        <ele>1881.1050380656054</ele>
      </trkpt>
      <trkpt lat="45.367868" lon="5.812612">
        <ele>1881.1050380656054</ele>
      </trkpt>
      <trkpt lat="45.367868" lon="5.812612">
        <ele>1881.1050380656054</ele>
      </trkpt>
      <trkpt lat="45.367868" lon="5.812612">
        <ele>1881.1050380656054</ele>
      </trkpt>
      <trkpt lat="45.367868" lon="5.812612">
        <ele>1881.1050380656054</ele>
      </trkpt>
      <trkpt lat="45.367868" lon="5.812612">
        <ele>1881.1050380656054</ele>
      </trkpt>
      <trkpt lat="45.367868" lon="5.812612">
        <ele>1881.1050380656054</ele>
      </trkpt>
      <trkpt lat="45.367862" lon="5.812614">
        <ele>1880.996019915529</ele>
      </trkpt>
      <trkpt lat="45.367868" lon="5.812612">
        <ele>1881.1050380656054</ele>
      </trkpt>
      <trkpt lat="45.367868" lon="5.812612">
        <ele>1881.1050380656054</ele>
      </trkpt>
      <trkpt lat="45.367868" lon="5.812612">
        <ele>1881.1050380656054</ele>
      </trkpt>
      <trkpt lat="45.367868" lon="5.812612">
        <ele>1881.1050380656054</ele>
      </trkpt>
      <trkpt lat="45.367868" lon="5.812612">
        <ele>1881.1050380656054</ele>
      </trkpt>
      <trkpt lat="45.367868" lon="5.812612">
        <ele>1881.1050380656054</ele>
      </trkpt>
      <trkpt lat="45.367868" lon="5.812612">
        <ele>1881.1050380656054</ele>
      </trkpt>
      <trkpt lat="45.367868" lon="5.812612">
        <ele>1881.1050380656054</ele>
      </trkpt>
      <trkpt lat="45.367868" lon="5.812612">
        <ele>1881.1050380656054</ele>
      </trkpt>
      <trkpt lat="45.367874" lon="5.812611">
        <ele>1881.2458570039444</ele>
      </trkpt>
      <trkpt lat="45.367887" lon="5.812608">
        <ele>1881.5314062066657</ele>
      </trkpt>
      <trkpt lat="45.367893" lon="5.812606">
        <ele>1881.648716363301</ele>
      </trkpt>
      <trkpt lat="45.367899" lon="5.812605">
        <ele>1881.795416863937</ele>
      </trkpt>
      <trkpt lat="45.367905" lon="5.812603">
        <ele>1881.9167766059354</ele>
      </trkpt>
      <trkpt lat="45.367918" lon="5.812601">
        <ele>1882.246564684249</ele>
      </trkpt>
      <trkpt lat="45.36793" lon="5.812598">
        <ele>1882.5276414931695</ele>
      </trkpt>
      <trkpt lat="45.367942" lon="5.812595">
        <ele>1882.815660465819</ele>
      </trkpt>
      <trkpt lat="45.367955" lon="5.812592">
        <ele>1883.1587136051985</ele>
      </trkpt>
      <trkpt lat="45.367967" lon="5.812589">
        <ele>1883.4851466472708</ele>
      </trkpt>
      <trkpt lat="45.36798" lon="5.812586">
        <ele>1883.8515155168657</ele>
      </trkpt>
      <trkpt lat="45.367986" lon="5.812585">
        <ele>1884.030345519518</ele>
      </trkpt>
      <trkpt lat="45.367998" lon="5.812582">
        <ele>1884.374045140069</ele>
      </trkpt>
      <trkpt lat="45.368005" lon="5.81258">
        <ele>1884.5735828164816</ele>
      </trkpt>
      <trkpt lat="45.368017" lon="5.812577">
        <ele>1884.928695935585</ele>
      </trkpt>
      <trkpt lat="45.36803" lon="5.812575">
        <ele>1885.3392661678618</ele>
      </trkpt>
      <trkpt lat="45.368042" lon="5.812572">
        <ele>1885.7075487370876</ele>
      </trkpt>
      <trkpt lat="45.368067" lon="5.812566">
        <ele>1886.5006200780267</ele>
      </trkpt>
      <trkpt lat="45.368067" lon="5.812566">
        <ele>1886.5006200780267</ele>
      </trkpt>
      <trkpt lat="45.368073" lon="5.812564">
        <ele>1886.7044859563102</ele>
      </trkpt>
      <trkpt lat="45.368079" lon="5.812563">
        <ele>1886.9201171315262</ele>
      </trkpt>
      <trkpt lat="45.368085" lon="5.812562">
        <ele>1887.1367694948387</ele>
      </trkpt>
      <trkpt lat="45.368092" lon="5.81256">
        <ele>1887.3836406847622</ele>
      </trkpt>
      <trkpt lat="45.368092" lon="5.81256">
        <ele>1887.3836406847622</ele>
      </trkpt>
      <trkpt lat="45.368098" lon="5.812558">
        <ele>1887.5948250083875</ele>
      </trkpt>
      <trkpt lat="45.368104" lon="5.812557">
        <ele>1887.8156472035232</ele>
      </trkpt>
      <trkpt lat="45.368104" lon="5.812557">
        <ele>1887.8156472035232</ele>
      </trkpt>
      <trkpt lat="45.36811" lon="5.812556">
        <ele>1888.0374905875296</ele>
      </trkpt>
      <trkpt lat="45.368123" lon="5.812553">
        <ele>1888.5166722714139</ele>
      </trkpt>
      <trkpt lat="45.368123" lon="5.812553">
        <ele>1888.5166722714139</ele>
      </trkpt>
      <trkpt lat="45.368129" lon="5.812551">
        <ele>1888.7367068169797</ele>
      </trkpt>
      <trkpt lat="45.368135" lon="5.81255">
        <ele>1888.9637412247673</ele>
      </trkpt>
      <trkpt lat="45.368141" lon="5.812548">
        <ele>1889.1873498976934</ele>
      </trkpt>
      <trkpt lat="45.368148" lon="5.812547">
        <ele>1889.4559429871974</ele>
      </trkpt>
      <trkpt lat="45.368154" lon="5.812546">
        <ele>1889.6866366497472</ele>
      </trkpt>
      <trkpt lat="45.36816" lon="5.812544">
        <ele>1889.9155214235452</ele>
      </trkpt>
      <trkpt lat="45.368166" lon="5.812542">
        <ele>1890.1464485525971</ele>
      </trkpt>
      <trkpt lat="45.368166" lon="5.812542">
        <ele>1890.1464485525971</ele>
      </trkpt>
      <trkpt lat="45.368173" lon="5.812541">
        <ele>1890.4207432723977</ele>
      </trkpt>
      <trkpt lat="45.368173" lon="5.812541">
        <ele>1890.4207432723977</ele>
      </trkpt>
      <trkpt lat="45.368179" lon="5.81254">
        <ele>1890.6566279655847</ele>
      </trkpt>
      <trkpt lat="45.368185" lon="5.812538">
        <ele>1890.892831199447</ele>
      </trkpt>
      <trkpt lat="45.368185" lon="5.812538">
        <ele>1890.892831199447</ele>
      </trkpt>
      <trkpt lat="45.368185" lon="5.812538">
        <ele>1890.892831199447</ele>
      </trkpt>
      <trkpt lat="45.368191" lon="5.812537">
        <ele>1891.1308964810628</ele>
      </trkpt>
      <trkpt lat="45.368197" lon="5.812535">
        <ele>1891.3696144809842</ele>
      </trkpt>
      <trkpt lat="45.368204" lon="5.812534">
        <ele>1891.6492932352749</ele>
      </trkpt>
      <trkpt lat="45.368204" lon="5.812534">
        <ele>1891.6492932352749</ele>
      </trkpt>
      <trkpt lat="45.368204" lon="5.812534">
        <ele>1891.6492932352749</ele>
      </trkpt>
      <trkpt lat="45.36821" lon="5.812532">
        <ele>1891.8907427029583</ele>
      </trkpt>
      <trkpt lat="45.368216" lon="5.812531">
        <ele>1892.1324056540457</ele>
      </trkpt>
      <trkpt lat="45.368216" lon="5.812531">
        <ele>1892.1324056540457</ele>
      </trkpt>
      <trkpt lat="45.368216" lon="5.812531">
        <ele>1892.1324056540457</ele>
      </trkpt>
      <trkpt lat="45.368222" lon="5.812529">
        <ele>1892.3764624312519</ele>
      </trkpt>
      <trkpt lat="45.368222" lon="5.812529">
        <ele>1892.3764624312519</ele>
      </trkpt>
      <trkpt lat="45.368222" lon="5.812529">
        <ele>1892.3764624312519</ele>
      </trkpt>
      <trkpt lat="45.368222" lon="5.812529">
        <ele>1892.3764624312519</ele>
      </trkpt>
      <trkpt lat="45.368222" lon="5.812529">
        <ele>1892.3764624312519</ele>
      </trkpt>
      <trkpt lat="45.368222" lon="5.812529">
        <ele>1892.3764624312519</ele>
      </trkpt>
      <trkpt lat="45.368222" lon="5.812529">
        <ele>1892.3764624312519</ele>
      </trkpt>
      <trkpt lat="45.368222" lon="5.812529">
        <ele>1892.3764624312519</ele>
      </trkpt>
      <trkpt lat="45.368222" lon="5.812529">
        <ele>1892.3764624312519</ele>
      </trkpt>
      <trkpt lat="45.368222" lon="5.812529">
        <ele>1892.3764624312519</ele>
      </trkpt>
      <trkpt lat="45.368222" lon="5.812529">
        <ele>1892.3764624312519</ele>
      </trkpt>
      <trkpt lat="45.368222" lon="5.812529">
        <ele>1892.3764624312519</ele>
      </trkpt>
      <trkpt lat="45.368228" lon="5.812528">
        <ele>1892.619987761239</ele>
      </trkpt>
      <trkpt lat="45.368241" lon="5.812525">
        <ele>1893.1525385449436</ele>
      </trkpt>
      <trkpt lat="45.368241" lon="5.812525">
        <ele>1893.1525385449436</ele>
      </trkpt>
      <trkpt lat="45.368247" lon="5.812524">
        <ele>1893.3987332928168</ele>
      </trkpt>
      <trkpt lat="45.368247" lon="5.812524">
        <ele>1893.3987332928168</ele>
      </trkpt>
      <trkpt lat="45.368253" lon="5.812522">
        <ele>1893.6492462739432</ele>
      </trkpt>
      <trkpt lat="45.36826" lon="5.812521">
        <ele>1893.9380507137969</ele>
      </trkpt>
      <trkpt lat="45.368278" lon="5.812517">
        <ele>1894.6920033059669</ele>
      </trkpt>
      <trkpt lat="45.368284" lon="5.812515">
        <ele>1894.9489724954276</ele>
      </trkpt>
      <trkpt lat="45.368291" lon="5.812513">
        <ele>1895.248675529635</ele>
      </trkpt>
      <trkpt lat="45.368297" lon="5.812512">
        <ele>1895.5024439667693</ele>
      </trkpt>
      <trkpt lat="45.368303" lon="5.812511">
        <ele>1895.756957361782</ele>
      </trkpt>
      <trkpt lat="45.368316" lon="5.812508">
        <ele>1896.2694772569916</ele>
      </trkpt>
      <trkpt lat="45.368322" lon="5.812506">
        <ele>1896.4988687810383</ele>
      </trkpt>
      <trkpt lat="45.368328" lon="5.812505">
        <ele>1896.7215248416342</ele>
      </trkpt>
      <trkpt lat="45.368334" lon="5.812503">
        <ele>1896.9535632999055</ele>
      </trkpt>
      <trkpt lat="45.36834" lon="5.812502">
        <ele>1897.178110040463</ele>
      </trkpt>
      <trkpt lat="45.368347" lon="5.8125">
        <ele>1897.4489082505665</ele>
      </trkpt>
      <trkpt lat="45.368353" lon="5.812499">
        <ele>1897.6754086964395</ele>
      </trkpt>
      <trkpt lat="45.368359" lon="5.812497">
        <ele>1897.912867068955</ele>
      </trkpt>
      <trkpt lat="45.368365" lon="5.812496">
        <ele>1898.1412581961952</ele>
      </trkpt>
      <trkpt lat="45.368378" lon="5.812493">
        <ele>1898.648199299847</ele>
      </trkpt>
      <trkpt lat="45.36839" lon="5.81249">
        <ele>1899.1233131064184</ele>
      </trkpt>
      <trkpt lat="45.368396" lon="5.812489">
        <ele>1899.3563049010318</ele>
      </trkpt>
      <trkpt lat="45.368409" lon="5.812486">
        <ele>1899.874842167211</ele>
      </trkpt>
      <trkpt lat="45.368421" lon="5.812483">
        <ele>1900.3611109715273</ele>
      </trkpt>
      <trkpt lat="45.368427" lon="5.812482">
        <ele>1900.5987034364969</ele>
      </trkpt>
      <trkpt lat="45.36844" lon="5.812479">
        <ele>1901.053089224435</ele>
      </trkpt>
      <trkpt lat="45.368446" lon="5.812477">
        <ele>1901.269784952568</ele>
      </trkpt>
      <trkpt lat="45.368452" lon="5.812476">
        <ele>1901.4719386079933</ele>
      </trkpt>
      <trkpt lat="45.368459" lon="5.812474">
        <ele>1901.7230593219326</ele>
      </trkpt>
      <trkpt lat="45.368471" lon="5.812471">
        <ele>1902.1509159676189</ele>
      </trkpt>
      <trkpt lat="45.368477" lon="5.81247">
        <ele>1902.3577657354128</ele>
      </trkpt>
      <trkpt lat="45.36849" lon="5.812467">
        <ele>1902.8252054000268</ele>
      </trkpt>
      <trkpt lat="45.368496" lon="5.812466">
        <ele>1903.0353655485778</ele>
      </trkpt>
      <trkpt lat="45.368496" lon="5.812466">
        <ele>1903.0353655485778</ele>
      </trkpt>
      <trkpt lat="45.368502" lon="5.812464">
        <ele>1903.26668844086</ele>
      </trkpt>
      <trkpt lat="45.368508" lon="5.812463">
        <ele>1903.4791581541708</ele>
      </trkpt>
      <trkpt lat="45.368514" lon="5.812461">
        <ele>1903.7137144213084</ele>
      </trkpt>
      <trkpt lat="45.368521" lon="5.81246">
        <ele>1903.9607631271372</ele>
      </trkpt>
      <trkpt lat="45.368527" lon="5.812458">
        <ele>1904.1987067416237</ele>
      </trkpt>
      <trkpt lat="45.368539" lon="5.812455">
        <ele>1904.6570495655399</ele>
      </trkpt>
      <trkpt lat="45.368545" lon="5.812454">
        <ele>1904.865112838807</ele>
      </trkpt>
      <trkpt lat="45.368552" lon="5.812453">
        <ele>1905.0746737754887</ele>
      </trkpt>
      <trkpt lat="45.368564" lon="5.81245">
        <ele>1905.421831227024</ele>
      </trkpt>
      <trkpt lat="45.36857" lon="5.812448">
        <ele>1905.5849255410299</ele>
      </trkpt>
      <trkpt lat="45.368583" lon="5.812445">
        <ele>1905.9775257967535</ele>
      </trkpt>
      <trkpt lat="45.368589" lon="5.812444">
        <ele>1906.1700626227957</ele>
      </trkpt>
      <trkpt lat="45.368595" lon="5.812442">
        <ele>1906.3402320357227</ele>
      </trkpt>
      <trkpt lat="45.368595" lon="5.812442">
        <ele>1906.3402320357227</ele>
      </trkpt>
      <trkpt lat="45.368602" lon="5.812441">
        <ele>1906.5716301925968</ele>
      </trkpt>
      <trkpt lat="45.368608" lon="5.81244">
        <ele>1906.7677045939258</ele>
      </trkpt>
      <trkpt lat="45.368614" lon="5.812438">
        <ele>1906.9429746662888</ele>
      </trkpt>
      <trkpt lat="45.368614" lon="5.812438">
        <ele>1906.9429746662888</ele>
      </trkpt>
      <trkpt lat="45.36862" lon="5.812437">
        <ele>1907.1415171404733</ele>
      </trkpt>
      <trkpt lat="45.36862" lon="5.812437">
        <ele>1907.1415171404733</ele>
      </trkpt>
      <trkpt lat="45.36862" lon="5.812437">
        <ele>1907.1415171404733</ele>
      </trkpt>
      <trkpt lat="45.36862" lon="5.812437">
        <ele>1907.1415171404733</ele>
      </trkpt>
      <trkpt lat="45.368626" lon="5.812435">
        <ele>1907.3202424945782</ele>
      </trkpt>
      <trkpt lat="45.368626" lon="5.812435">
        <ele>1907.3202424945782</ele>
      </trkpt>
      <trkpt lat="45.368626" lon="5.812435">
        <ele>1907.3202424945782</ele>
      </trkpt>
      <trkpt lat="45.368626" lon="5.812435">
        <ele>1907.3202424945782</ele>
      </trkpt>
      <trkpt lat="45.368639" lon="5.812432">
        <ele>1907.740567371019</ele>
      </trkpt>
      <trkpt lat="45.368645" lon="5.812431">
        <ele>1907.9441282636699</ele>
      </trkpt>
      <trkpt lat="45.368645" lon="5.812431">
        <ele>1907.9441282636699</ele>
      </trkpt>
      <trkpt lat="45.368651" lon="5.812429">
        <ele>1908.129928726028</ele>
      </trkpt>
      <trkpt lat="45.368657" lon="5.812428">
        <ele>1908.3359576930782</ele>
      </trkpt>
      <trkpt lat="45.368664" lon="5.812427">
        <ele>1908.580518940812</ele>
      </trkpt>
      <trkpt lat="45.36867" lon="5.812425">
        <ele>1908.7739048293051</ele>
      </trkpt>
      <trkpt lat="45.368676" lon="5.812424">
        <ele>1909.0492086741478</ele>
      </trkpt>
      <trkpt lat="45.368682" lon="5.812422">
        <ele>1909.3087904176975</ele>
      </trkpt>
      <trkpt lat="45.368688" lon="5.812421">
        <ele>1909.5859283645202</ele>
      </trkpt>
      <trkpt lat="45.368695" lon="5.812419">
        <ele>1909.897132386324</ele>
      </trkpt>
      <trkpt lat="45.368707" lon="5.812416">
        <ele>1910.4410050302017</ele>
      </trkpt>
      <trkpt lat="45.36872" lon="5.812413">
        <ele>1911.0387008860394</ele>
      </trkpt>
      <trkpt lat="45.368726" lon="5.812412">
        <ele>1911.3214634209746</ele>
      </trkpt>
      <trkpt lat="45.368732" lon="5.812411">
        <ele>1911.604959604324</ele>
      </trkpt>
      <trkpt lat="45.368744" lon="5.812408">
        <ele>1912.1614875187606</ele>
      </trkpt>
      <trkpt lat="45.368751" lon="5.812406">
        <ele>1912.4851022267385</ele>
      </trkpt>
      <trkpt lat="45.368757" lon="5.812405">
        <ele>1912.7723277599564</ele>
      </trkpt>
      <trkpt lat="45.368763" lon="5.812403">
        <ele>1913.048783104428</ele>
      </trkpt>
      <trkpt lat="45.368769" lon="5.812402">
        <ele>1913.3378427430334</ele>
      </trkpt>
      <trkpt lat="45.368776" lon="5.8124">
        <ele>1913.6670820015765</ele>
      </trkpt>
      <trkpt lat="45.368788" lon="5.812397">
        <ele>1914.2397499541812</ele>
      </trkpt>
      <trkpt lat="45.368794" lon="5.812396">
        <ele>1914.576700802211</ele>
      </trkpt>
      <trkpt lat="45.368794" lon="5.812396">
        <ele>1914.576700802211</ele>
      </trkpt>
      <trkpt lat="45.3688" lon="5.812395">
        <ele>1914.9431424401218</ele>
      </trkpt>
      <trkpt lat="45.368807" lon="5.812393">
        <ele>1915.3638347847432</ele>
      </trkpt>
      <trkpt lat="45.368819" lon="5.81239">
        <ele>1916.0917289908202</ele>
      </trkpt>
      <trkpt lat="45.368825" lon="5.812391">
        <ele>1916.4774422294308</ele>
      </trkpt>
      <trkpt lat="45.368832" lon="5.812392">
        <ele>1916.9254144897168</ele>
      </trkpt>
      <trkpt lat="45.368838" lon="5.812393">
        <ele>1917.3099485193072</ele>
      </trkpt>
      <trkpt lat="45.368838" lon="5.812393">
        <ele>1917.3099485193072</ele>
      </trkpt>
      <trkpt lat="45.368844" lon="5.812394">
        <ele>1917.6939165244753</ele>
      </trkpt>
      <trkpt lat="45.368851" lon="5.812395">
        <ele>1918.1400020554925</ele>
      </trkpt>
      <trkpt lat="45.368857" lon="5.812396">
        <ele>1918.5227908484028</ele>
      </trkpt>
      <trkpt lat="45.368857" lon="5.812396">
        <ele>1918.5227908484028</ele>
      </trkpt>
      <trkpt lat="45.368857" lon="5.812396">
        <ele>1918.5227908484028</ele>
      </trkpt>
      <trkpt lat="45.368857" lon="5.812396">
        <ele>1918.5227908484028</ele>
      </trkpt>
      <trkpt lat="45.368863" lon="5.812396">
        <ele>1918.8986091760528</ele>
      </trkpt>
      <trkpt lat="45.368863" lon="5.812396">
        <ele>1918.8986091760528</ele>
      </trkpt>
      <trkpt lat="45.368863" lon="5.812396">
        <ele>1918.8986091760528</ele>
      </trkpt>
      <trkpt lat="45.368869" lon="5.812397">
        <ele>1919.2805489547336</ele>
      </trkpt>
      <trkpt lat="45.368869" lon="5.812397">
        <ele>1919.2805489547336</ele>
      </trkpt>
      <trkpt lat="45.368876" lon="5.812398">
        <ele>1919.7244647692019</ele>
      </trkpt>
      <trkpt lat="45.368882" lon="5.812399">
        <ele>1920.1052253349176</ele>
      </trkpt>
      <trkpt lat="45.368882" lon="5.812399">
        <ele>1920.1052253349176</ele>
      </trkpt>
      <trkpt lat="45.368882" lon="5.812399">
        <ele>1920.1052253349176</ele>
      </trkpt>
      <trkpt lat="45.368882" lon="5.812399">
        <ele>1920.1052253349176</ele>
      </trkpt>
      <trkpt lat="45.368888" lon="5.8124">
        <ele>1920.48541987472</ele>
      </trkpt>
      <trkpt lat="45.368888" lon="5.8124">
        <ele>1920.48541987472</ele>
      </trkpt>
      <trkpt lat="45.368888" lon="5.8124">
        <ele>1920.48541987472</ele>
      </trkpt>
      <trkpt lat="45.368894" lon="5.812401">
        <ele>1920.8650483920276</ele>
      </trkpt>
      <trkpt lat="45.368901" lon="5.812402">
        <ele>1921.306464286021</ele>
      </trkpt>
      <trkpt lat="45.368901" lon="5.812402">
        <ele>1921.306464286021</ele>
      </trkpt>
      <trkpt lat="45.368907" lon="5.812403">
        <ele>1921.684913589573</ele>
      </trkpt>
      <trkpt lat="45.368907" lon="5.812403">
        <ele>1921.684913589573</ele>
      </trkpt>
      <trkpt lat="45.368913" lon="5.812404">
        <ele>1922.0800750079898</ele>
      </trkpt>
      <trkpt lat="45.368913" lon="5.812404">
        <ele>1922.0800750079898</ele>
      </trkpt>
      <trkpt lat="45.368919" lon="5.812405">
        <ele>1922.5084722539805</ele>
      </trkpt>
      <trkpt lat="45.368919" lon="5.812405">
        <ele>1922.5084722539805</ele>
      </trkpt>
      <trkpt lat="45.368919" lon="5.812405">
        <ele>1922.5084722539805</ele>
      </trkpt>
      <trkpt lat="45.368926" lon="5.812406">
        <ele>1923.006924216123</ele>
      </trkpt>
      <trkpt lat="45.368926" lon="5.812406">
        <ele>1923.006924216123</ele>
      </trkpt>
      <trkpt lat="45.368926" lon="5.812406">
        <ele>1923.006924216123</ele>
      </trkpt>
      <trkpt lat="45.368926" lon="5.812406">
        <ele>1923.006924216123</ele>
      </trkpt>
      <trkpt lat="45.368932" lon="5.812407">
        <ele>1923.434029047473</ele>
      </trkpt>
      <trkpt lat="45.368932" lon="5.812407">
        <ele>1923.434029047473</ele>
      </trkpt>
      <trkpt lat="45.368938" lon="5.812407">
        <ele>1923.8577693715793</ele>
      </trkpt>
      <trkpt lat="45.368945" lon="5.812408">
        <ele>1924.3545153810496</ele>
      </trkpt>
      <trkpt lat="45.368951" lon="5.812409">
        <ele>1924.7800176396565</ele>
      </trkpt>
      <trkpt lat="45.368963" lon="5.812411">
        <ele>1925.6291610678747</ele>
      </trkpt>
      <trkpt lat="45.36897" lon="5.812412">
        <ele>1926.1231671671935</ele>
      </trkpt>
      <trkpt lat="45.368976" lon="5.812413">
        <ele>1926.5461362837468</ele>
      </trkpt>
      <trkpt lat="45.368982" lon="5.812414">
        <ele>1926.968485038927</ele>
      </trkpt>
      <trkpt lat="45.368988" lon="5.812415">
        <ele>1927.3902134316472</ele>
      </trkpt>
      <trkpt lat="45.368995" lon="5.812416">
        <ele>1927.8814796179604</ele>
      </trkpt>
      <trkpt lat="45.368995" lon="5.812416">
        <ele>1927.8814796179604</ele>
      </trkpt>
      <trkpt lat="45.369001" lon="5.812417">
        <ele>1928.3019155927605</ele>
      </trkpt>
      <trkpt lat="45.369001" lon="5.812417">
        <ele>1928.3019155927605</ele>
      </trkpt>
      <trkpt lat="45.369007" lon="5.812417">
        <ele>1928.7225543999896</ele>
      </trkpt>
      <trkpt lat="45.369014" lon="5.812418">
        <ele>1929.212114632313</ele>
      </trkpt>
      <trkpt lat="45.369014" lon="5.812418">
        <ele>1929.212114632313</ele>
      </trkpt>
      <trkpt lat="45.36902" lon="5.812419">
        <ele>1929.6309480293955</ele>
      </trkpt>
      <trkpt lat="45.369026" lon="5.81242">
        <ele>1930.0491610644224</ele>
      </trkpt>
      <trkpt lat="45.369032" lon="5.812421">
        <ele>1930.4689748517412</ele>
      </trkpt>
      <trkpt lat="45.369039" lon="5.812422">
        <ele>1930.9919870665187</ele>
      </trkpt>
      <trkpt lat="45.369039" lon="5.812422">
        <ele>1930.9919870665187</ele>
      </trkpt>
      <trkpt lat="45.369045" lon="5.812423">
        <ele>1931.4392744457168</ele>
      </trkpt>
      <trkpt lat="45.369045" lon="5.812423">
        <ele>1931.4392744457168</ele>
      </trkpt>
      <trkpt lat="45.369051" lon="5.812424">
        <ele>1931.8859097661334</ele>
      </trkpt>
      <trkpt lat="45.369058" lon="5.812425">
        <ele>1932.4067484670713</ele>
      </trkpt>
      <trkpt lat="45.369058" lon="5.812425">
        <ele>1932.4067484670713</ele>
      </trkpt>
      <trkpt lat="45.369064" lon="5.812426">
        <ele>1932.8520253327351</ele>
      </trkpt>
      <trkpt lat="45.369064" lon="5.812426">
        <ele>1932.8520253327351</ele>
      </trkpt>
      <trkpt lat="45.36907" lon="5.812426">
        <ele>1933.3008319890405</ele>
      </trkpt>
      <trkpt lat="45.36907" lon="5.812426">
        <ele>1933.3008319890405</ele>
      </trkpt>
      <trkpt lat="45.369076" lon="5.812427">
        <ele>1933.745130790007</ele>
      </trkpt>
      <trkpt lat="45.369076" lon="5.812427">
        <ele>1933.745130790007</ele>
      </trkpt>
      <trkpt lat="45.369089" lon="5.812429">
        <ele>1934.7064103220132</ele>
      </trkpt>
      <trkpt lat="45.369089" lon="5.812429">
        <ele>1934.7064103220132</ele>
      </trkpt>
      <trkpt lat="45.369095" lon="5.81243">
        <ele>1935.1486986087987</ele>
      </trkpt>
      <trkpt lat="45.369095" lon="5.81243">
        <ele>1935.1486986087987</ele>
      </trkpt>
      <trkpt lat="45.369101" lon="5.812431">
        <ele>1935.5903348338857</ele>
      </trkpt>
      <trkpt lat="45.369108" lon="5.812432">
        <ele>1936.1057941085992</ele>
      </trkpt>
      <trkpt lat="45.369114" lon="5.812433">
        <ele>1936.5460718791524</ele>
      </trkpt>
      <trkpt lat="45.36912" lon="5.812434">
        <ele>1936.9856975887328</ele>
      </trkpt>
      <trkpt lat="45.369127" lon="5.812435">
        <ele>1937.4989833435873</ele>
      </trkpt>
      <trkpt lat="45.369133" lon="5.812436">
        <ele>1937.9372505969086</ele>
      </trkpt>
      <trkpt lat="45.369145" lon="5.812437">
        <ele>1938.8200864470484</ele>
      </trkpt>
      <trkpt lat="45.369152" lon="5.812438">
        <ele>1939.3308726840373</ele>
      </trkpt>
      <trkpt lat="45.369158" lon="5.812439">
        <ele>1939.7693285459216</ele>
      </trkpt>
      <trkpt lat="45.369164" lon="5.81244">
        <ele>1940.2071207564145</ele>
      </trkpt>
      <trkpt lat="45.369177" lon="5.812442">
        <ele>1941.1548341925331</ele>
      </trkpt>
      <trkpt lat="45.369177" lon="5.812442">
        <ele>1941.1548341925331</ele>
      </trkpt>
      <trkpt lat="45.369183" lon="5.812443">
        <ele>1941.5903505882618</ele>
      </trkpt>
      <trkpt lat="45.369183" lon="5.812443">
        <ele>1941.5903505882618</ele>
      </trkpt>
      <trkpt lat="45.369189" lon="5.812444">
        <ele>1942.0251288800014</ele>
      </trkpt>
      <trkpt lat="45.369189" lon="5.812444">
        <ele>1942.0251288800014</ele>
      </trkpt>
      <trkpt lat="45.369196" lon="5.812445">
        <ele>1942.533327881757</ele>
      </trkpt>
      <trkpt lat="45.369202" lon="5.812446">
        <ele>1942.9665684609013</ele>
      </trkpt>
      <trkpt lat="45.369208" lon="5.812446">
        <ele>1943.4111523470742</ele>
      </trkpt>
      <trkpt lat="45.369208" lon="5.812446">
        <ele>1943.4111523470742</ele>
      </trkpt>
      <trkpt lat="45.369214" lon="5.812447">
        <ele>1943.8432857930384</ele>
      </trkpt>
      <trkpt lat="45.369227" lon="5.812449">
        <ele>1944.7792511795933</ele>
      </trkpt>
      <trkpt lat="45.369227" lon="5.812449">
        <ele>1944.7792511795933</ele>
      </trkpt>
      <trkpt lat="45.369233" lon="5.81245">
        <ele>1945.2091088082714</ele>
      </trkpt>
      <trkpt lat="45.36924" lon="5.812451">
        <ele>1945.7120181275995</ele>
      </trkpt>
      <trkpt lat="45.369246" lon="5.812452">
        <ele>1946.1403380419802</ele>
      </trkpt>
      <trkpt lat="45.369252" lon="5.812453">
        <ele>1946.5679198522355</ele>
      </trkpt>
      <trkpt lat="45.369258" lon="5.812454">
        <ele>1946.9947635572134</ele>
      </trkpt>
      <trkpt lat="45.369258" lon="5.812454">
        <ele>1946.9947635572134</ele>
      </trkpt>
      <trkpt lat="45.369271" lon="5.812455">
        <ele>1947.9011880949042</ele>
      </trkpt>
      <trkpt lat="45.369284" lon="5.812457">
        <ele>1948.6960731104296</ele>
      </trkpt>
      <trkpt lat="45.36929" lon="5.812458">
        <ele>1949.0548722623075</ele>
      </trkpt>
      <trkpt lat="45.369296" lon="5.812459">
        <ele>1949.4133408738292</ele>
      </trkpt>
      <trkpt lat="45.369302" lon="5.81246">
        <ele>1949.771478946905</ele>
      </trkpt>
      <trkpt lat="45.369302" lon="5.81246">
        <ele>1949.771478946905</ele>
      </trkpt>
      <trkpt lat="45.369308" lon="5.812457">
        <ele>1950.3749239506349</ele>
      </trkpt>
      <trkpt lat="45.369314" lon="5.812454">
        <ele>1950.969834112579</ele>
      </trkpt>
      <trkpt lat="45.36932" lon="5.812451">
        <ele>1951.4482964427284</ele>
      </trkpt>
      <trkpt lat="45.369326" lon="5.812447">
        <ele>1951.9491213715278</ele>
      </trkpt>
      <trkpt lat="45.369326" lon="5.812447">
        <ele>1951.9491213715278</ele>
      </trkpt>
      <trkpt lat="45.369331" lon="5.812444">
        <ele>1952.3623381097568</ele>
      </trkpt>
      <trkpt lat="45.369331" lon="5.812444">
        <ele>1952.3623381097568</ele>
      </trkpt>
      <trkpt lat="45.369331" lon="5.812444">
        <ele>1952.3623381097568</ele>
      </trkpt>
      <trkpt lat="45.369337" lon="5.812441">
        <ele>1952.8486338176947</ele>
      </trkpt>
      <trkpt lat="45.369343" lon="5.812438">
        <ele>1953.337470082688</ele>
      </trkpt>
      <trkpt lat="45.369349" lon="5.812434">
        <ele>1953.850292054995</ele>
      </trkpt>
      <trkpt lat="45.369355" lon="5.812431">
        <ele>1954.3446328609302</ele>
      </trkpt>
      <trkpt lat="45.369355" lon="5.812431">
        <ele>1954.3446328609302</ele>
      </trkpt>
      <trkpt lat="45.369355" lon="5.812431">
        <ele>1954.3446328609302</ele>
      </trkpt>
      <trkpt lat="45.369355" lon="5.812431">
        <ele>1954.3446328609302</ele>
      </trkpt>
      <trkpt lat="45.369355" lon="5.812431">
        <ele>1954.3446328609302</ele>
      </trkpt>
      <trkpt lat="45.369355" lon="5.812431">
        <ele>1954.3446328609302</ele>
      </trkpt>
      <trkpt lat="45.369355" lon="5.812431">
        <ele>1954.3446328609302</ele>
      </trkpt>
      <trkpt lat="45.369361" lon="5.812428">
        <ele>1954.8415142280237</ele>
      </trkpt>
      <trkpt lat="45.369361" lon="5.812428">
        <ele>1954.8415142280237</ele>
      </trkpt>
      <trkpt lat="45.369367" lon="5.812425">
        <ele>1955.3409361537542</ele>
      </trkpt>
      <trkpt lat="45.369373" lon="5.812422">
        <ele>1955.8428986423423</ele>
      </trkpt>
      <trkpt lat="45.369378" lon="5.812418">
        <ele>1956.2983789312623</ele>
      </trkpt>
      <trkpt lat="45.369378" lon="5.812418">
        <ele>1956.2983789312623</ele>
      </trkpt>
      <trkpt lat="45.369384" lon="5.812415">
        <ele>1956.8056342444804</ele>
      </trkpt>
      <trkpt lat="45.369384" lon="5.812415">
        <ele>1956.8056342444804</ele>
      </trkpt>
      <trkpt lat="45.36939" lon="5.812412">
        <ele>1957.3154301208822</ele>
      </trkpt>
      <trkpt lat="45.36939" lon="5.812412">
        <ele>1957.3154301208822</ele>
      </trkpt>
      <trkpt lat="45.369396" lon="5.812409">
        <ele>1957.8004418107212</ele>
      </trkpt>
      <trkpt lat="45.369396" lon="5.812409">
        <ele>1957.8004418107212</ele>
      </trkpt>
      <trkpt lat="45.369407" lon="5.812402">
        <ele>1958.6719714985811</ele>
      </trkpt>
      <trkpt lat="45.369413" lon="5.812399">
        <ele>1959.1314187870316</ele>
      </trkpt>
      <trkpt lat="45.369419" lon="5.812396">
        <ele>1959.593943265504</ele>
      </trkpt>
      <trkpt lat="45.369419" lon="5.812396">
        <ele>1959.593943265504</ele>
      </trkpt>
      <trkpt lat="45.369425" lon="5.812393">
        <ele>1960.059544937506</ele>
      </trkpt>
      <trkpt lat="45.369431" lon="5.812389">
        <ele>1960.55601668065</ele>
      </trkpt>
      <trkpt lat="45.369431" lon="5.812389">
        <ele>1960.55601668065</ele>
      </trkpt>
      <trkpt lat="45.369437" lon="5.812386">
        <ele>1961.0282855950354</ele>
      </trkpt>
      <trkpt lat="45.369443" lon="5.812383">
        <ele>1961.5036317052518</ele>
      </trkpt>
      <trkpt lat="45.369448" lon="5.81238">
        <ele>1961.9167270843895</ele>
      </trkpt>
      <trkpt lat="45.369448" lon="5.81238">
        <ele>1961.9167270843895</ele>
      </trkpt>
      <trkpt lat="45.369454" lon="5.812377">
        <ele>1962.3979711454967</ele>
      </trkpt>
      <trkpt lat="45.36946" lon="5.812373">
        <ele>1962.9125640975703</ele>
      </trkpt>
      <trkpt lat="45.369466" lon="5.81237">
        <ele>1963.4004754080445</ele>
      </trkpt>
      <trkpt lat="45.369466" lon="5.81237">
        <ele>1963.4004754080445</ele>
      </trkpt>
      <trkpt lat="45.369472" lon="5.812367">
        <ele>1963.8914639118807</ele>
      </trkpt>
      <trkpt lat="45.369472" lon="5.812367">
        <ele>1963.8914639118807</ele>
      </trkpt>
      <trkpt lat="45.369478" lon="5.812364">
        <ele>1964.3855296139077</ele>
      </trkpt>
      <trkpt lat="45.369478" lon="5.812364">
        <ele>1964.3855296139077</ele>
      </trkpt>
      <trkpt lat="45.369478" lon="5.812364">
        <ele>1964.3855296139077</ele>
      </trkpt>
      <trkpt lat="45.369478" lon="5.812364">
        <ele>1964.3855296139077</ele>
      </trkpt>
      <trkpt lat="45.369478" lon="5.812364">
        <ele>1964.3855296139077</ele>
      </trkpt>
      <trkpt lat="45.369478" lon="5.812364">
        <ele>1964.3855296139077</ele>
      </trkpt>
      <trkpt lat="45.369478" lon="5.812364">
        <ele>1964.3855296139077</ele>
      </trkpt>
      <trkpt lat="45.369478" lon="5.812364">
        <ele>1964.3855296139077</ele>
      </trkpt>
      <trkpt lat="45.369478" lon="5.812364">
        <ele>1964.3855296139077</ele>
      </trkpt>
      <trkpt lat="45.369478" lon="5.812364">
        <ele>1964.3855296139077</ele>
      </trkpt>
      <trkpt lat="45.369484" lon="5.81236">
        <ele>1964.9149956468268</ele>
      </trkpt>
      <trkpt lat="45.369484" lon="5.81236">
        <ele>1964.9149956468268</ele>
      </trkpt>
      <trkpt lat="45.369484" lon="5.81236">
        <ele>1964.9149956468268</ele>
      </trkpt>
      <trkpt lat="45.369484" lon="5.81236">
        <ele>1964.9149956468268</ele>
      </trkpt>
      <trkpt lat="45.369484" lon="5.81236">
        <ele>1964.9149956468268</ele>
      </trkpt>
      <trkpt lat="45.369484" lon="5.81236">
        <ele>1964.9149956468268</ele>
      </trkpt>
      <trkpt lat="45.369478" lon="5.812364">
        <ele>1964.3855296139077</ele>
      </trkpt>
      <trkpt lat="45.369495" lon="5.812354">
        <ele>1965.8519883889865</ele>
      </trkpt>
      <trkpt lat="45.369495" lon="5.812354">
        <ele>1965.8519883889865</ele>
      </trkpt>
      <trkpt lat="45.369501" lon="5.812351">
        <ele>1966.35861930164</ele>
      </trkpt>
      <trkpt lat="45.369507" lon="5.812347">
        <ele>1966.902616507889</ele>
      </trkpt>
      <trkpt lat="45.369513" lon="5.812344">
        <ele>1967.4159146805653</ele>
      </trkpt>
      <trkpt lat="45.369519" lon="5.812341">
        <ele>1967.8376965331918</ele>
      </trkpt>
      <trkpt lat="45.369524" lon="5.812338">
        <ele>1968.1946958883686</ele>
      </trkpt>
      <trkpt lat="45.36953" lon="5.812335">
        <ele>1968.605089002041</ele>
      </trkpt>
      <trkpt lat="45.369542" lon="5.812328">
        <ele>1969.4740303759636</ele>
      </trkpt>
      <trkpt lat="45.369542" lon="5.812328">
        <ele>1969.4740303759636</ele>
      </trkpt>
      <trkpt lat="45.369542" lon="5.812328">
        <ele>1969.4740303759636</ele>
      </trkpt>
      <trkpt lat="45.369548" lon="5.812325">
        <ele>1969.8955446000214</ele>
      </trkpt>
      <trkpt lat="45.369548" lon="5.812325">
        <ele>1969.8955446000214</ele>
      </trkpt>
      <trkpt lat="45.369548" lon="5.812325">
        <ele>1969.8955446000214</ele>
      </trkpt>
      <trkpt lat="45.369548" lon="5.812325">
        <ele>1969.8955446000214</ele>
      </trkpt>
      <trkpt lat="45.369554" lon="5.812322">
        <ele>1970.3205707589955</ele>
      </trkpt>
      <trkpt lat="45.369554" lon="5.812322">
        <ele>1970.3205707589955</ele>
      </trkpt>
      <trkpt lat="45.36956" lon="5.812318">
        <ele>1970.7884841531245</ele>
      </trkpt>
      <trkpt lat="45.369565" lon="5.812315">
        <ele>1971.1687012548764</ele>
      </trkpt>
      <trkpt lat="45.369571" lon="5.812312">
        <ele>1971.6045558685546</ele>
      </trkpt>
      <trkpt lat="45.369577" lon="5.812309">
        <ele>1972.0439224147658</ele>
      </trkpt>
      <trkpt lat="45.369577" lon="5.812309">
        <ele>1972.0439224147658</ele>
      </trkpt>
      <trkpt lat="45.369589" lon="5.812302">
        <ele>1972.975395654291</ele>
      </trkpt>
      <trkpt lat="45.369589" lon="5.812302">
        <ele>1972.975395654291</ele>
      </trkpt>
      <trkpt lat="45.369595" lon="5.812299">
        <ele>1973.42588332961</ele>
      </trkpt>
      <trkpt lat="45.369595" lon="5.812299">
        <ele>1973.42588332961</ele>
      </trkpt>
      <trkpt lat="45.3696" lon="5.812296">
        <ele>1973.8256111615685</ele>
      </trkpt>
      <trkpt lat="45.369606" lon="5.812293">
        <ele>1974.2828300470958</ele>
      </trkpt>
      <trkpt lat="45.369612" lon="5.812289">
        <ele>1974.7880089216392</ele>
      </trkpt>
      <trkpt lat="45.369618" lon="5.812286">
        <ele>1975.2528370031778</ele>
      </trkpt>
      <trkpt lat="45.369624" lon="5.812283">
        <ele>1975.7211770207782</ele>
      </trkpt>
      <trkpt lat="45.369624" lon="5.812283">
        <ele>1975.7211770207782</ele>
      </trkpt>
      <trkpt lat="45.369635" lon="5.812277">
        <ele>1976.3190757007073</ele>
      </trkpt>
      <trkpt lat="45.369641" lon="5.812273">
        <ele>1976.5315761423903</ele>
      </trkpt>
      <trkpt lat="45.369647" lon="5.81227">
        <ele>1976.7538961714824</ele>
      </trkpt>
      <trkpt lat="45.369659" lon="5.812264">
        <ele>1977.214329695104</ele>
      </trkpt>
      <trkpt lat="45.369665" lon="5.81226">
        <ele>1977.4522751429076</ele>
      </trkpt>
      <trkpt lat="45.369671" lon="5.812257">
        <ele>1977.6965305394888</ele>
      </trkpt>
      <trkpt lat="45.369682" lon="5.812251">
        <ele>1978.15916412918</ele>
      </trkpt>
      <trkpt lat="45.369688" lon="5.812247">
        <ele>1978.4219696527402</ele>
      </trkpt>
      <trkpt lat="45.3697" lon="5.812241">
        <ele>1978.9587382829168</ele>
      </trkpt>
      <trkpt lat="45.369706" lon="5.812238">
        <ele>1979.2350193414536</ele>
      </trkpt>
      <trkpt lat="45.369711" lon="5.812235">
        <ele>1979.4725544313858</ele>
      </trkpt>
      <trkpt lat="45.369717" lon="5.812231">
        <ele>1979.7663619544078</ele>
      </trkpt>
      <trkpt lat="45.369729" lon="5.812225">
        <ele>1980.356652953294</ele>
      </trkpt>
      <trkpt lat="45.369729" lon="5.812225">
        <ele>1980.356652953294</ele>
      </trkpt>
      <trkpt lat="45.369741" lon="5.812219">
        <ele>1980.9680019514778</ele>
      </trkpt>
      <trkpt lat="45.369747" lon="5.812215">
        <ele>1981.293396443619</ele>
      </trkpt>
      <trkpt lat="45.369752" lon="5.812212">
        <ele>1981.5657356996228</ele>
      </trkpt>
      <trkpt lat="45.369752" lon="5.812212">
        <ele>1981.5657356996228</ele>
      </trkpt>
      <trkpt lat="45.369764" lon="5.812206">
        <ele>1982.1528345918405</ele>
      </trkpt>
      <trkpt lat="45.36977" lon="5.812202">
        <ele>1982.4558589888954</ele>
      </trkpt>
      <trkpt lat="45.369782" lon="5.812196">
        <ele>1983.0466458409544</ele>
      </trkpt>
      <trkpt lat="45.369787" lon="5.812193">
        <ele>1983.306282028282</ele>
      </trkpt>
      <trkpt lat="45.369799" lon="5.812186">
        <ele>1983.9403565804596</ele>
      </trkpt>
      <trkpt lat="45.369811" lon="5.81218">
        <ele>1984.574790165374</ele>
      </trkpt>
      <trkpt lat="45.369822" lon="5.812173">
        <ele>1985.2029208084007</ele>
      </trkpt>
      <trkpt lat="45.369828" lon="5.81217">
        <ele>1985.535521294185</ele>
      </trkpt>
      <trkpt lat="45.36984" lon="5.812164">
        <ele>1986.2136016460795</ele>
      </trkpt>
      <trkpt lat="45.369846" lon="5.812161">
        <ele>1986.5590815144424</ele>
      </trkpt>
      <trkpt lat="45.369852" lon="5.812157">
        <ele>1986.93341940109</ele>
      </trkpt>
      <trkpt lat="45.369863" lon="5.812151">
        <ele>1987.6000702238755</ele>
      </trkpt>
      <trkpt lat="45.369875" lon="5.812144">
        <ele>1988.3576913438023</ele>
      </trkpt>
      <trkpt lat="45.369881" lon="5.812141">
        <ele>1988.731173409039</ele>
      </trkpt>
      <trkpt lat="45.369887" lon="5.812138">
        <ele>1989.1074873108018</ele>
      </trkpt>
      <trkpt lat="45.369898" lon="5.812132">
        <ele>1989.8185178186359</ele>
      </trkpt>
      <trkpt lat="45.369904" lon="5.812128">
        <ele>1990.2316829824117</ele>
      </trkpt>
      <trkpt lat="45.36991" lon="5.812125">
        <ele>1990.61842634768</ele>
      </trkpt>
      <trkpt lat="45.369916" lon="5.812122">
        <ele>1991.0077238704343</ele>
      </trkpt>
      <trkpt lat="45.369922" lon="5.812119">
        <ele>1991.3995755513029</ele>
      </trkpt>
      <trkpt lat="45.369934" lon="5.812112">
        <ele>1992.2224714668114</ele>
      </trkpt>
      <trkpt lat="45.369934" lon="5.812112">
        <ele>1992.2224714668114</ele>
      </trkpt>
      <trkpt lat="45.369939" lon="5.812109">
        <ele>1992.4399272820924</ele>
      </trkpt>
      <trkpt lat="45.369939" lon="5.812109">
        <ele>1992.4399272820924</ele>
      </trkpt>
      <trkpt lat="45.369951" lon="5.812102">
        <ele>1992.794605430804</ele>
      </trkpt>
      <trkpt lat="45.369951" lon="5.812102">
        <ele>1992.794605430804</ele>
      </trkpt>
      <trkpt lat="45.369963" lon="5.812096">
        <ele>1993.1960545755737</ele>
      </trkpt>
      <trkpt lat="45.369963" lon="5.812096">
        <ele>1993.1960545755737</ele>
      </trkpt>
      <trkpt lat="45.369969" lon="5.812093">
        <ele>1993.40031489715</ele>
      </trkpt>
      <trkpt lat="45.36998" lon="5.812086">
        <ele>1993.7289275188145</ele>
      </trkpt>
      <trkpt lat="45.369986" lon="5.812083">
        <ele>1993.9404557669668</ele>
      </trkpt>
      <trkpt lat="45.369992" lon="5.81208">
        <ele>1994.1543411827054</ele>
      </trkpt>
      <trkpt lat="45.369998" lon="5.812077">
        <ele>1994.3701533675176</ele>
      </trkpt>
      <trkpt lat="45.370004" lon="5.812073">
        <ele>1994.5537771520355</ele>
      </trkpt>
      <trkpt lat="45.370009" lon="5.81207">
        <ele>1994.719774559746</ele>
      </trkpt>
      <trkpt lat="45.370022" lon="5.81207">
        <ele>1995.4100721953905</ele>
      </trkpt>
      <trkpt lat="45.370029" lon="5.812071">
        <ele>1995.8135654694897</ele>
      </trkpt>
      <trkpt lat="45.370041" lon="5.812071">
        <ele>1996.4501045947839</ele>
      </trkpt>
      <trkpt lat="45.370048" lon="5.812071">
        <ele>1996.8214191480874</ele>
      </trkpt>
      <trkpt lat="45.370054" lon="5.812071">
        <ele>1997.1396888015895</ele>
      </trkpt>
      <trkpt lat="45.370066" lon="5.812071">
        <ele>1997.7762282076405</ele>
      </trkpt>
      <trkpt lat="45.370066" lon="5.812071">
        <ele>1997.7762282076405</ele>
      </trkpt>
      <trkpt lat="45.370073" lon="5.812071">
        <ele>1998.1475429240363</ele>
      </trkpt>
      <trkpt lat="45.370079" lon="5.812072">
        <ele>1998.494861734405</ele>
      </trkpt>
      <trkpt lat="45.370085" lon="5.812072">
        <ele>1998.8128021061402</ele>
      </trkpt>
      <trkpt lat="45.370092" lon="5.812072">
        <ele>1999.1837325814918</ele>
      </trkpt>
      <trkpt lat="45.370098" lon="5.812072">
        <ele>1999.501673026133</ele>
      </trkpt>
      <trkpt lat="45.370104" lon="5.812072">
        <ele>1999.8196135049957</ele>
      </trkpt>
      <trkpt lat="45.370111" lon="5.812072">
        <ele>2000.1905441045853</ele>
      </trkpt>
      <trkpt lat="45.370111" lon="5.812072">
        <ele>2000.1905441045853</ele>
      </trkpt>
      <trkpt lat="45.370111" lon="5.812072">
        <ele>2000.1905441045853</ele>
      </trkpt>
      <trkpt lat="45.370123" lon="5.812072">
        <ele>2000.8144483762069</ele>
      </trkpt>
      <trkpt lat="45.370123" lon="5.812072">
        <ele>2000.8144483762069</ele>
      </trkpt>
      <trkpt lat="45.37013" lon="5.812072">
        <ele>2001.171526878076</ele>
      </trkpt>
      <trkpt lat="45.37013" lon="5.812072">
        <ele>2001.171526878076</ele>
      </trkpt>
      <trkpt lat="45.370136" lon="5.812073">
        <ele>2001.5034990014983</ele>
      </trkpt>
      <trkpt lat="45.370136" lon="5.812073">
        <ele>2001.5034990014983</ele>
      </trkpt>
      <trkpt lat="45.370142" lon="5.812073">
        <ele>2001.8092323705487</ele>
      </trkpt>
      <trkpt lat="45.370149" lon="5.812073">
        <ele>2002.1659213421226</ele>
      </trkpt>
      <trkpt lat="45.370149" lon="5.812073">
        <ele>2002.1659213421226</ele>
      </trkpt>
      <trkpt lat="45.370155" lon="5.812073">
        <ele>2002.4716547819955</ele>
      </trkpt>
      <trkpt lat="45.370161" lon="5.812073">
        <ele>2002.7773882540605</ele>
      </trkpt>
      <trkpt lat="45.370167" lon="5.812073">
        <ele>2003.0831217583172</ele>
      </trkpt>
      <trkpt lat="45.37018" lon="5.812073">
        <ele>2003.7455444623533</ele>
      </trkpt>
      <trkpt lat="45.370187" lon="5.812074">
        <ele>2004.1252996032536</ele>
      </trkpt>
      <trkpt lat="45.370193" lon="5.812074">
        <ele>2004.430699262453</ele>
      </trkpt>
      <trkpt lat="45.370212" lon="5.812074">
        <ele>2005.3977983984626</ele>
      </trkpt>
      <trkpt lat="45.370218" lon="5.812074">
        <ele>2005.7031981927205</ele>
      </trkpt>
      <trkpt lat="45.370224" lon="5.812074">
        <ele>2006.0085980198494</ele>
      </trkpt>
      <trkpt lat="45.370224" lon="5.812074">
        <ele>2006.0085980198494</ele>
      </trkpt>
      <trkpt lat="45.370231" lon="5.812074">
        <ele>2006.3648978588992</ele>
      </trkpt>
      <trkpt lat="45.370231" lon="5.812074">
        <ele>2006.3648978588992</ele>
      </trkpt>
      <trkpt lat="45.370237" lon="5.812075">
        <ele>2006.6905804733335</ele>
      </trkpt>
      <trkpt lat="45.370243" lon="5.812075">
        <ele>2006.9589508885692</ele>
      </trkpt>
      <trkpt lat="45.37025" lon="5.812075">
        <ele>2007.2677824813718</ele>
      </trkpt>
      <trkpt lat="45.370256" lon="5.812075">
        <ele>2007.5324953055533</ele>
      </trkpt>
      <trkpt lat="45.370262" lon="5.812075">
        <ele>2007.7972081588457</ele>
      </trkpt>
      <trkpt lat="45.370269" lon="5.812075">
        <ele>2008.1060398557065</ele>
      </trkpt>
      <trkpt lat="45.370275" lon="5.812075">
        <ele>2008.3707527690804</ele>
      </trkpt>
      <trkpt lat="45.370281" lon="5.812075">
        <ele>2008.6354657109464</ele>
      </trkpt>
      <trkpt lat="45.370294" lon="5.812076">
        <ele>2009.2256942526565</ele>
      </trkpt>
      <trkpt lat="45.3703" lon="5.812076">
        <ele>2009.4900280109673</ele>
      </trkpt>
      <trkpt lat="45.370307" lon="5.812076">
        <ele>2009.7984174311246</ele>
      </trkpt>
      <trkpt lat="45.370307" lon="5.812076">
        <ele>2009.7984174311246</ele>
      </trkpt>
      <trkpt lat="45.370313" lon="5.812076">
        <ele>2010.0627512506676</ele>
      </trkpt>
      <trkpt lat="45.370319" lon="5.812076">
        <ele>2010.327085097425</ele>
      </trkpt>
      <trkpt lat="45.370319" lon="5.812076">
        <ele>2010.327085097425</ele>
      </trkpt>
      <trkpt lat="45.370319" lon="5.812076">
        <ele>2010.327085097425</ele>
      </trkpt>
      <trkpt lat="45.370326" lon="5.812076">
        <ele>2010.635474621491</ele>
      </trkpt>
      <trkpt lat="45.370326" lon="5.812076">
        <ele>2010.635474621491</ele>
      </trkpt>
      <trkpt lat="45.370332" lon="5.812076">
        <ele>2010.8998085294802</ele>
      </trkpt>
      <trkpt lat="45.370332" lon="5.812076">
        <ele>2010.8998085294802</ele>
      </trkpt>
      <trkpt lat="45.370338" lon="5.812077">
        <ele>2011.1780448736527</ele>
      </trkpt>
      <trkpt lat="45.370345" lon="5.812077">
        <ele>2011.485992017129</ele>
      </trkpt>
      <trkpt lat="45.370345" lon="5.812077">
        <ele>2011.485992017129</ele>
      </trkpt>
      <trkpt lat="45.370351" lon="5.812077">
        <ele>2011.7499467417126</ele>
      </trkpt>
      <trkpt lat="45.370351" lon="5.812077">
        <ele>2011.7499467417126</ele>
      </trkpt>
      <trkpt lat="45.370351" lon="5.812077">
        <ele>2011.7499467417126</ele>
      </trkpt>
      <trkpt lat="45.370357" lon="5.812077">
        <ele>2012.013901493471</ele>
      </trkpt>
      <trkpt lat="45.370364" lon="5.812077">
        <ele>2012.2369517883878</ele>
      </trkpt>
      <trkpt lat="45.37037" lon="5.812077">
        <ele>2012.4139850616093</ele>
      </trkpt>
      <trkpt lat="45.370376" lon="5.812077">
        <ele>2012.5910183530573</ele>
      </trkpt>
      <trkpt lat="45.370376" lon="5.812077">
        <ele>2012.5910183530573</ele>
      </trkpt>
      <trkpt lat="45.370382" lon="5.812077">
        <ele>2012.76805166356</ele>
      </trkpt>
      <trkpt lat="45.370389" lon="5.812078">
        <ele>2012.9851585024524</ele>
      </trkpt>
      <trkpt lat="45.370401" lon="5.812078">
        <ele>2013.3384236557295</ele>
      </trkpt>
      <trkpt lat="45.370408" lon="5.812078">
        <ele>2013.5444950296169</ele>
      </trkpt>
      <trkpt lat="45.370414" lon="5.812078">
        <ele>2013.721127656471</ele>
      </trkpt>
      <trkpt lat="45.37042" lon="5.812078">
        <ele>2013.8977603019234</ele>
      </trkpt>
      <trkpt lat="45.370427" lon="5.812078">
        <ele>2014.1038317452449</ele>
      </trkpt>
      <trkpt lat="45.370433" lon="5.812078">
        <ele>2014.2804644307869</ele>
      </trkpt>
      <trkpt lat="45.370439" lon="5.812078">
        <ele>2014.4570971361672</ele>
      </trkpt>
      <trkpt lat="45.370446" lon="5.812078">
        <ele>2014.663168648509</ele>
      </trkpt>
      <trkpt lat="45.370452" lon="5.812079">
        <ele>2014.8461611150133</ele>
      </trkpt>
      <trkpt lat="45.370458" lon="5.812079">
        <ele>2015.022393094877</ele>
      </trkpt>
      <trkpt lat="45.370458" lon="5.812079">
        <ele>2015.022393094877</ele>
      </trkpt>
      <trkpt lat="45.370465" lon="5.812079">
        <ele>2015.2279970950267</ele>
      </trkpt>
      <trkpt lat="45.370465" lon="5.812079">
        <ele>2015.2279970950267</ele>
      </trkpt>
      <trkpt lat="45.370471" lon="5.812079">
        <ele>2015.404229115302</ele>
      </trkpt>
      <trkpt lat="45.370477" lon="5.812079">
        <ele>2015.5804611545454</ele>
      </trkpt>
      <trkpt lat="45.370477" lon="5.812079">
        <ele>2015.5804611545454</ele>
      </trkpt>
      <trkpt lat="45.370484" lon="5.812079">
        <ele>2015.6862750139562</ele>
      </trkpt>
      <trkpt lat="45.370484" lon="5.812079">
        <ele>2015.6862750139562</ele>
      </trkpt>
      <trkpt lat="45.370484" lon="5.812079">
        <ele>2015.6862750139562</ele>
      </trkpt>
      <trkpt lat="45.37049" lon="5.812079">
        <ele>2015.7487773714902</ele>
      </trkpt>
      <trkpt lat="45.37049" lon="5.812079">
        <ele>2015.7487773714902</ele>
      </trkpt>
      <trkpt lat="45.37049" lon="5.812079">
        <ele>2015.7487773714902</ele>
      </trkpt>
      <trkpt lat="45.370496" lon="5.81208">
        <ele>2015.8147036297573</ele>
      </trkpt>
      <trkpt lat="45.370496" lon="5.81208">
        <ele>2015.8147036297573</ele>
      </trkpt>
      <trkpt lat="45.37049" lon="5.812079">
        <ele>2015.7487773714902</ele>
      </trkpt>
      <trkpt lat="45.37049" lon="5.812079">
        <ele>2015.7487773714902</ele>
      </trkpt>
      <trkpt lat="45.37049" lon="5.812079">
        <ele>2015.7487773714902</ele>
      </trkpt>
      <trkpt lat="45.37049" lon="5.812079">
        <ele>2015.7487773714902</ele>
      </trkpt>
      <trkpt lat="45.37049" lon="5.812079">
        <ele>2015.7487773714902</ele>
      </trkpt>
      <trkpt lat="45.37049" lon="5.812079">
        <ele>2015.7487773714902</ele>
      </trkpt>
      <trkpt lat="45.37049" lon="5.812079">
        <ele>2015.7487773714902</ele>
      </trkpt>
      <trkpt lat="45.37049" lon="5.812079">
        <ele>2015.7487773714902</ele>
      </trkpt>
      <trkpt lat="45.37049" lon="5.812079">
        <ele>2015.7487773714902</ele>
      </trkpt>
      <trkpt lat="45.37049" lon="5.812079">
        <ele>2015.7487773714902</ele>
      </trkpt>
      <trkpt lat="45.37049" lon="5.812079">
        <ele>2015.7487773714902</ele>
      </trkpt>
      <trkpt lat="45.37049" lon="5.812079">
        <ele>2015.7487773714902</ele>
      </trkpt>
      <trkpt lat="45.37049" lon="5.812079">
        <ele>2015.7487773714902</ele>
      </trkpt>
      <trkpt lat="45.37049" lon="5.812079">
        <ele>2015.7487773714902</ele>
      </trkpt>
      <trkpt lat="45.37049" lon="5.812079">
        <ele>2015.7487773714902</ele>
      </trkpt>
      <trkpt lat="45.37049" lon="5.812079">
        <ele>2015.7487773714902</ele>
      </trkpt>
      <trkpt lat="45.37049" lon="5.812079">
        <ele>2015.7487773714902</ele>
      </trkpt>
      <trkpt lat="45.37049" lon="5.812079">
        <ele>2015.7487773714902</ele>
      </trkpt>
      <trkpt lat="45.37049" lon="5.812079">
        <ele>2015.7487773714902</ele>
      </trkpt>
      <trkpt lat="45.37049" lon="5.812079">
        <ele>2015.7487773714902</ele>
      </trkpt>
      <trkpt lat="45.370496" lon="5.81208">
        <ele>2015.8147036297573</ele>
      </trkpt>
      <trkpt lat="45.37049" lon="5.812079">
        <ele>2015.7487773714902</ele>
      </trkpt>
      <trkpt lat="45.37049" lon="5.812079">
        <ele>2015.7487773714902</ele>
      </trkpt>
      <trkpt lat="45.370484" lon="5.812079">
        <ele>2015.6862750139562</ele>
      </trkpt>
      <trkpt lat="45.370484" lon="5.812079">
        <ele>2015.6862750139562</ele>
      </trkpt>
      <trkpt lat="45.370484" lon="5.812079">
        <ele>2015.6862750139562</ele>
      </trkpt>
      <trkpt lat="45.370484" lon="5.812079">
        <ele>2015.6862750139562</ele>
      </trkpt>
      <trkpt lat="45.370484" lon="5.812079">
        <ele>2015.6862750139562</ele>
      </trkpt>
      <trkpt lat="45.370484" lon="5.812079">
        <ele>2015.6862750139562</ele>
      </trkpt>
      <trkpt lat="45.370484" lon="5.812079">
        <ele>2015.6862750139562</ele>
      </trkpt>
      <trkpt lat="45.37049" lon="5.812079">
        <ele>2015.7487773714902</ele>
      </trkpt>
      <trkpt lat="45.370496" lon="5.81208">
        <ele>2015.8147036297573</ele>
      </trkpt>
      <trkpt lat="45.370496" lon="5.81208">
        <ele>2015.8147036297573</ele>
      </trkpt>
      <trkpt lat="45.370496" lon="5.81208">
        <ele>2015.8147036297573</ele>
      </trkpt>
      <trkpt lat="45.370496" lon="5.81208">
        <ele>2015.8147036297573</ele>
      </trkpt>
      <trkpt lat="45.370496" lon="5.81208">
        <ele>2015.8147036297573</ele>
      </trkpt>
      <trkpt lat="45.370496" lon="5.81208">
        <ele>2015.8147036297573</ele>
      </trkpt>
      <trkpt lat="45.370496" lon="5.81208">
        <ele>2015.8147036297573</ele>
      </trkpt>
      <trkpt lat="45.370496" lon="5.81208">
        <ele>2015.8147036297573</ele>
      </trkpt>
      <trkpt lat="45.370496" lon="5.81208">
        <ele>2015.8147036297573</ele>
      </trkpt>
      <trkpt lat="45.370496" lon="5.81208">
        <ele>2015.8147036297573</ele>
      </trkpt>
      <trkpt lat="45.370496" lon="5.81208">
        <ele>2015.8147036297573</ele>
      </trkpt>
      <trkpt lat="45.370496" lon="5.81208">
        <ele>2015.8147036297573</ele>
      </trkpt>
      <trkpt lat="45.370509" lon="5.81208">
        <ele>2015.9492595282388</ele>
      </trkpt>
      <trkpt lat="45.370509" lon="5.81208">
        <ele>2015.9492595282388</ele>
      </trkpt>
      <trkpt lat="45.370509" lon="5.81208">
        <ele>2015.9492595282388</ele>
      </trkpt>
      <trkpt lat="45.370502" lon="5.81208">
        <ele>2015.8768063482435</ele>
      </trkpt>
      <trkpt lat="45.370502" lon="5.81208">
        <ele>2015.8768063482435</ele>
      </trkpt>
      <trkpt lat="45.370502" lon="5.81208">
        <ele>2015.8768063482435</ele>
      </trkpt>
      <trkpt lat="45.370502" lon="5.81208">
        <ele>2015.8768063482435</ele>
      </trkpt>
      <trkpt lat="45.370502" lon="5.81208">
        <ele>2015.8768063482435</ele>
      </trkpt>
      <trkpt lat="45.370502" lon="5.81208">
        <ele>2015.8768063482435</ele>
      </trkpt>
      <trkpt lat="45.370502" lon="5.81208">
        <ele>2015.8768063482435</ele>
      </trkpt>
      <trkpt lat="45.370502" lon="5.81208">
        <ele>2015.8768063482435</ele>
      </trkpt>
      <trkpt lat="45.370502" lon="5.81208">
        <ele>2015.8768063482435</ele>
      </trkpt>
      <trkpt lat="45.370502" lon="5.81208">
        <ele>2015.8768063482435</ele>
      </trkpt>
      <trkpt lat="45.370502" lon="5.81208">
        <ele>2015.8768063482435</ele>
      </trkpt>
      <trkpt lat="45.370502" lon="5.81208">
        <ele>2015.8768063482435</ele>
      </trkpt>
      <trkpt lat="45.370502" lon="5.81208">
        <ele>2015.8768063482435</ele>
      </trkpt>
      <trkpt lat="45.370502" lon="5.81208">
        <ele>2015.8768063482435</ele>
      </trkpt>
      <trkpt lat="45.370502" lon="5.81208">
        <ele>2015.8768063482435</ele>
      </trkpt>
      <trkpt lat="45.370502" lon="5.81208">
        <ele>2015.8768063482435</ele>
      </trkpt>
      <trkpt lat="45.370502" lon="5.81208">
        <ele>2015.8768063482435</ele>
      </trkpt>
      <trkpt lat="45.370496" lon="5.81208">
        <ele>2015.8147036297573</ele>
      </trkpt>
      <trkpt lat="45.370496" lon="5.81208">
        <ele>2015.8147036297573</ele>
      </trkpt>
      <trkpt lat="45.370496" lon="5.81208">
        <ele>2015.8147036297573</ele>
      </trkpt>
      <trkpt lat="45.370496" lon="5.81208">
        <ele>2015.8147036297573</ele>
      </trkpt>
      <trkpt lat="45.370496" lon="5.81208">
        <ele>2015.8147036297573</ele>
      </trkpt>
      <trkpt lat="45.370496" lon="5.81208">
        <ele>2015.8147036297573</ele>
      </trkpt>
      <trkpt lat="45.370496" lon="5.81208">
        <ele>2015.8147036297573</ele>
      </trkpt>
      <trkpt lat="45.370496" lon="5.81208">
        <ele>2015.8147036297573</ele>
      </trkpt>
      <trkpt lat="45.370496" lon="5.81208">
        <ele>2015.8147036297573</ele>
      </trkpt>
      <trkpt lat="45.370496" lon="5.81208">
        <ele>2015.8147036297573</ele>
      </trkpt>
      <trkpt lat="45.370496" lon="5.81208">
        <ele>2015.8147036297573</ele>
      </trkpt>
      <trkpt lat="45.370496" lon="5.81208">
        <ele>2015.8147036297573</ele>
      </trkpt>
      <trkpt lat="45.370496" lon="5.81208">
        <ele>2015.8147036297573</ele>
      </trkpt>
      <trkpt lat="45.370496" lon="5.81208">
        <ele>2015.8147036297573</ele>
      </trkpt>
      <trkpt lat="45.370496" lon="5.81208">
        <ele>2015.8147036297573</ele>
      </trkpt>
      <trkpt lat="45.370496" lon="5.81208">
        <ele>2015.8147036297573</ele>
      </trkpt>
      <trkpt lat="45.370496" lon="5.81208">
        <ele>2015.8147036297573</ele>
      </trkpt>
      <trkpt lat="45.370496" lon="5.81208">
        <ele>2015.8147036297573</ele>
      </trkpt>
      <trkpt lat="45.370496" lon="5.81208">
        <ele>2015.8147036297573</ele>
      </trkpt>
      <trkpt lat="45.370496" lon="5.81208">
        <ele>2015.8147036297573</ele>
      </trkpt>
      <trkpt lat="45.370496" lon="5.81208">
        <ele>2015.8147036297573</ele>
      </trkpt>
      <trkpt lat="45.370496" lon="5.81208">
        <ele>2015.8147036297573</ele>
      </trkpt>
      <trkpt lat="45.370496" lon="5.81208">
        <ele>2015.8147036297573</ele>
      </trkpt>
      <trkpt lat="45.370496" lon="5.81208">
        <ele>2015.8147036297573</ele>
      </trkpt>
      <trkpt lat="45.370496" lon="5.81208">
        <ele>2015.8147036297573</ele>
      </trkpt>
      <trkpt lat="45.370496" lon="5.81208">
        <ele>2015.8147036297573</ele>
      </trkpt>
      <trkpt lat="45.370496" lon="5.81208">
        <ele>2015.8147036297573</ele>
      </trkpt>
      <trkpt lat="45.370496" lon="5.81208">
        <ele>2015.8147036297573</ele>
      </trkpt>
      <trkpt lat="45.370496" lon="5.81208">
        <ele>2015.8147036297573</ele>
      </trkpt>
      <trkpt lat="45.370496" lon="5.81208">
        <ele>2015.8147036297573</ele>
      </trkpt>
      <trkpt lat="45.370496" lon="5.81208">
        <ele>2015.8147036297573</ele>
      </trkpt>
      <trkpt lat="45.370496" lon="5.81208">
        <ele>2015.8147036297573</ele>
      </trkpt>
      <trkpt lat="45.370496" lon="5.81208">
        <ele>2015.8147036297573</ele>
      </trkpt>
      <trkpt lat="45.370496" lon="5.81208">
        <ele>2015.8147036297573</ele>
      </trkpt>
      <trkpt lat="45.370496" lon="5.81208">
        <ele>2015.8147036297573</ele>
      </trkpt>
      <trkpt lat="45.370496" lon="5.81208">
        <ele>2015.8147036297573</ele>
      </trkpt>
      <trkpt lat="45.370496" lon="5.81208">
        <ele>2015.8147036297573</ele>
      </trkpt>
      <trkpt lat="45.370496" lon="5.81208">
        <ele>2015.8147036297573</ele>
      </trkpt>
      <trkpt lat="45.370496" lon="5.81208">
        <ele>2015.8147036297573</ele>
      </trkpt>
      <trkpt lat="45.370496" lon="5.81208">
        <ele>2015.8147036297573</ele>
      </trkpt>
      <trkpt lat="45.370496" lon="5.81208">
        <ele>2015.8147036297573</ele>
      </trkpt>
      <trkpt lat="45.370496" lon="5.81208">
        <ele>2015.8147036297573</ele>
      </trkpt>
      <trkpt lat="45.370496" lon="5.81208">
        <ele>2015.8147036297573</ele>
      </trkpt>
      <trkpt lat="45.370496" lon="5.81208">
        <ele>2015.8147036297573</ele>
      </trkpt>
      <trkpt lat="45.370496" lon="5.81208">
        <ele>2015.8147036297573</ele>
      </trkpt>
      <trkpt lat="45.370515" lon="5.81208">
        <ele>2016.0113622611104</ele>
      </trkpt>
      <trkpt lat="45.370505" lon="5.812077">
        <ele>2016.57</ele>
      </trkpt>
      <trkpt lat="45.370501" lon="5.81211">
        <ele>2016.59</ele>
      </trkpt>
      <trkpt lat="45.370513" lon="5.812144">
        <ele>2016.21</ele>
      </trkpt>
      <trkpt lat="45.370551" lon="5.812182">
        <ele>2014.75</ele>
      </trkpt>
      <trkpt lat="45.370603" lon="5.812193">
        <ele>2014.53</ele>
      </trkpt>
      <trkpt lat="45.370619" lon="5.812224">
        <ele>2013.41</ele>
      </trkpt>
      <trkpt lat="45.370594" lon="5.812349">
        <ele>2007.78</ele>
      </trkpt>
      <trkpt lat="45.370615" lon="5.812408">
        <ele>2005.38</ele>
      </trkpt>
      <trkpt lat="45.370662" lon="5.812455">
        <ele>2003.97</ele>
      </trkpt>
      <trkpt lat="45.370679" lon="5.812533">
        <ele>2000.64</ele>
      </trkpt>
      <trkpt lat="45.3707" lon="5.812573">
        <ele>1999.27</ele>
      </trkpt>
      <trkpt lat="45.37071" lon="5.812629">
        <ele>1997</ele>
      </trkpt>
      <trkpt lat="45.370748" lon="5.812677">
        <ele>1995.89</ele>
      </trkpt>
      <trkpt lat="45.370731" lon="5.812774">
        <ele>1991.53</ele>
      </trkpt>
      <trkpt lat="45.370767" lon="5.812797">
        <ele>1991.49</ele>
      </trkpt>
      <trkpt lat="45.370763" lon="5.812851">
        <ele>1989.23</ele>
      </trkpt>
      <trkpt lat="45.370711" lon="5.812916">
        <ele>1985.29</ele>
      </trkpt>
      <trkpt lat="45.370739" lon="5.812938">
        <ele>1985.04</ele>
      </trkpt>
      <trkpt lat="45.370734" lon="5.812968">
        <ele>1983.71</ele>
      </trkpt>
      <trkpt lat="45.370751" lon="5.812989">
        <ele>1983.28</ele>
      </trkpt>
      <trkpt lat="45.370725" lon="5.813063">
        <ele>1979.83</ele>
      </trkpt>
      <trkpt lat="45.370741" lon="5.813116">
        <ele>1978.13</ele>
      </trkpt>
      <trkpt lat="45.370738" lon="5.813146">
        <ele>1976.95</ele>
      </trkpt>
      <trkpt lat="45.370717" lon="5.813172">
        <ele>1975.59</ele>
      </trkpt>
      <trkpt lat="45.370661" lon="5.81319">
        <ele>1973.84</ele>
      </trkpt>
      <trkpt lat="45.3707" lon="5.813256">
        <ele>1971.89</ele>
      </trkpt>
      <trkpt lat="45.370724" lon="5.813261">
        <ele>1972.07</ele>
      </trkpt>
      <trkpt lat="45.370741" lon="5.813289">
        <ele>1971.19</ele>
      </trkpt>
      <trkpt lat="45.370785" lon="5.813298">
        <ele>1971.56</ele>
      </trkpt>
      <trkpt lat="45.37079" lon="5.813313">
        <ele>1971</ele>
      </trkpt>
      <trkpt lat="45.370833" lon="5.813336">
        <ele>1970.43</ele>
      </trkpt>
      <trkpt lat="45.370863" lon="5.813374">
        <ele>1969.07</ele>
      </trkpt>
      <trkpt lat="45.370926" lon="5.813384">
        <ele>1969.35</ele>
      </trkpt>
      <trkpt lat="45.370933" lon="5.813464">
        <ele>1966.12</ele>
      </trkpt>
      <trkpt lat="45.370959" lon="5.813514">
        <ele>1964.25</ele>
      </trkpt>
      <trkpt lat="45.370966" lon="5.813638">
        <ele>1959.61</ele>
      </trkpt>
      <trkpt lat="45.370946" lon="5.813704">
        <ele>1956.81</ele>
      </trkpt>
      <trkpt lat="45.370949" lon="5.813733">
        <ele>1955.76</ele>
      </trkpt>
      <trkpt lat="45.370949" lon="5.813733">
        <ele>1955.76</ele>
      </trkpt>
      <trkpt lat="45.370955" lon="5.813783">
        <ele>1954.01</ele>
      </trkpt>
      <trkpt lat="45.371" lon="5.813898">
        <ele>1950.14</ele>
      </trkpt>
      <trkpt lat="45.37102" lon="5.814087">
        <ele>1943.72</ele>
      </trkpt>
      <trkpt lat="45.371105" lon="5.814471">
        <ele>1931.69</ele>
      </trkpt>
      <trkpt lat="45.371146" lon="5.814563">
        <ele>1929.21</ele>
      </trkpt>
      <trkpt lat="45.371162" lon="5.814656">
        <ele>1926.08</ele>
      </trkpt>
      <trkpt lat="45.371135" lon="5.814704">
        <ele>1924.3</ele>
      </trkpt>
      <trkpt lat="45.371143" lon="5.81487">
        <ele>1919.43</ele>
      </trkpt>
      <trkpt lat="45.371098" lon="5.814997">
        <ele>1914.45</ele>
      </trkpt>
      <trkpt lat="45.371091" lon="5.815065">
        <ele>1911.7</ele>
      </trkpt>
      <trkpt lat="45.371033" lon="5.815169">
        <ele>1907.46</ele>
      </trkpt>
      <trkpt lat="45.371031" lon="5.815199">
        <ele>1906.22</ele>
      </trkpt>
      <trkpt lat="45.371005" lon="5.815222">
        <ele>1905.46</ele>
      </trkpt>
      <trkpt lat="45.370985" lon="5.815264">
        <ele>1904.07</ele>
      </trkpt>
      <trkpt lat="45.371012" lon="5.815313">
        <ele>1902.14</ele>
      </trkpt>
      <trkpt lat="45.371107" lon="5.815359">
        <ele>1899.96</ele>
      </trkpt>
      <trkpt lat="45.37115" lon="5.815422">
        <ele>1897.26</ele>
      </trkpt>
      <trkpt lat="45.371153" lon="5.815478">
        <ele>1895.29</ele>
      </trkpt>
      <trkpt lat="45.371121" lon="5.815515">
        <ele>1894.25</ele>
      </trkpt>
      <trkpt lat="45.371085" lon="5.815656">
        <ele>1889.14</ele>
      </trkpt>
      <trkpt lat="45.371038" lon="5.815746">
        <ele>1885.9</ele>
      </trkpt>
      <trkpt lat="45.371001" lon="5.815849">
        <ele>1882.36</ele>
      </trkpt>
      <trkpt lat="45.370952" lon="5.81592">
        <ele>1879.93</ele>
      </trkpt>
      <trkpt lat="45.370917" lon="5.815955">
        <ele>1879.06</ele>
      </trkpt>
      <trkpt lat="45.370917" lon="5.815955">
        <ele>1879.05</ele>
      </trkpt>
      <trkpt lat="45.370831" lon="5.816071">
        <ele>1875.8</ele>
      </trkpt>
      <trkpt lat="45.370707" lon="5.816165">
        <ele>1871.26</ele>
      </trkpt>
      <trkpt lat="45.37066" lon="5.816191">
        <ele>1869.37</ele>
      </trkpt>
      <trkpt lat="45.370604" lon="5.816202">
        <ele>1866.83</ele>
      </trkpt>
      <trkpt lat="45.370532" lon="5.816161">
        <ele>1864.71</ele>
      </trkpt>
      <trkpt lat="45.370476" lon="5.816152">
        <ele>1862.08</ele>
      </trkpt>
      <trkpt lat="45.370438" lon="5.816198">
        <ele>1859.17</ele>
      </trkpt>
      <trkpt lat="45.370387" lon="5.816238">
        <ele>1855.63</ele>
      </trkpt>
      <trkpt lat="45.370365" lon="5.816163">
        <ele>1855.78</ele>
      </trkpt>
      <trkpt lat="45.370334" lon="5.816113">
        <ele>1854.71</ele>
      </trkpt>
      <trkpt lat="45.370305" lon="5.816113">
        <ele>1852.84</ele>
      </trkpt>
      <trkpt lat="45.370204" lon="5.816164">
        <ele>1845.95</ele>
      </trkpt>
      <trkpt lat="45.370203" lon="5.816203">
        <ele>1845.57</ele>
      </trkpt>
      <trkpt lat="45.370098" lon="5.816185">
        <ele>1837.77</ele>
      </trkpt>
      <trkpt lat="45.370094" lon="5.81614">
        <ele>1837.91</ele>
      </trkpt>
      <trkpt lat="45.370028" lon="5.816086">
        <ele>1833.07</ele>
      </trkpt>
      <trkpt lat="45.370028" lon="5.816142">
        <ele>1832.28</ele>
      </trkpt>
      <trkpt lat="45.370016" lon="5.816152">
        <ele>1830.99</ele>
      </trkpt>
      <trkpt lat="45.369971" lon="5.816117">
        <ele>1827.31</ele>
      </trkpt>
      <trkpt lat="45.36997" lon="5.816071">
        <ele>1828.2</ele>
      </trkpt>
      <trkpt lat="45.369943" lon="5.816067">
        <ele>1825.96</ele>
      </trkpt>
      <trkpt lat="45.369928" lon="5.816006">
        <ele>1826.76</ele>
      </trkpt>
      <trkpt lat="45.369898" lon="5.816037">
        <ele>1822.99</ele>
      </trkpt>
      <trkpt lat="45.369866" lon="5.816044">
        <ele>1819.97</ele>
      </trkpt>
      <trkpt lat="45.369842" lon="5.816077">
        <ele>1816.51</ele>
      </trkpt>
      <trkpt lat="45.369823" lon="5.816075">
        <ele>1814.83</ele>
      </trkpt>
      <trkpt lat="45.369819" lon="5.81604">
        <ele>1815.97</ele>
      </trkpt>
      <trkpt lat="45.369807" lon="5.816012">
        <ele>1816.14</ele>
      </trkpt>
      <trkpt lat="45.36979" lon="5.816014">
        <ele>1814.69</ele>
      </trkpt>
      <trkpt lat="45.369785" lon="5.815988">
        <ele>1815.4</ele>
      </trkpt>
      <trkpt lat="45.369755" lon="5.816009">
        <ele>1812.15</ele>
      </trkpt>
      <trkpt lat="45.369758" lon="5.816054">
        <ele>1810.43</ele>
      </trkpt>
      <trkpt lat="45.369742" lon="5.816074">
        <ele>1808.2</ele>
      </trkpt>
      <trkpt lat="45.369716" lon="5.816081">
        <ele>1805.75</ele>
      </trkpt>
      <trkpt lat="45.36969" lon="5.816157">
        <ele>1802.11</ele>
      </trkpt>
      <trkpt lat="45.369673" lon="5.816188">
        <ele>1800.33</ele>
      </trkpt>
      <trkpt lat="45.36965" lon="5.816206">
        <ele>1798.3</ele>
      </trkpt>
      <trkpt lat="45.369648" lon="5.816247">
        <ele>1797.43</ele>
      </trkpt>
      <trkpt lat="45.369602" lon="5.81627">
        <ele>1793.57</ele>
      </trkpt>
      <trkpt lat="45.369578" lon="5.816268">
        <ele>1791.82</ele>
      </trkpt>
      <trkpt lat="45.369554" lon="5.816333">
        <ele>1788.7</ele>
      </trkpt>
      <trkpt lat="45.369527" lon="5.816353">
        <ele>1786.48</ele>
      </trkpt>
      <trkpt lat="45.369496" lon="5.816419">
        <ele>1782.91</ele>
      </trkpt>
      <trkpt lat="45.369473" lon="5.816486">
        <ele>1778.55</ele>
      </trkpt>
      <trkpt lat="45.369483" lon="5.816537">
        <ele>1776.74</ele>
      </trkpt>
      <trkpt lat="45.369493" lon="5.81655">
        <ele>1776.68</ele>
      </trkpt>
      <trkpt lat="45.369493" lon="5.81655">
        <ele>1776.68</ele>
      </trkpt>
      <trkpt lat="45.369506" lon="5.816568">
        <ele>1776.59</ele>
      </trkpt>
      <trkpt lat="45.369549" lon="5.816579">
        <ele>1778.66</ele>
      </trkpt>
      <trkpt lat="45.36957" lon="5.816612">
        <ele>1778.08</ele>
      </trkpt>
      <trkpt lat="45.36958" lon="5.81668">
        <ele>1774.27</ele>
      </trkpt>
      <trkpt lat="45.369649" lon="5.816801">
        <ele>1769.51</ele>
      </trkpt>
      <trkpt lat="45.369675" lon="5.816884">
        <ele>1765.64</ele>
      </trkpt>
      <trkpt lat="45.369719" lon="5.816903">
        <ele>1767.22</ele>
      </trkpt>
      <trkpt lat="45.369759" lon="5.816984">
        <ele>1765.04</ele>
      </trkpt>
      <trkpt lat="45.369741" lon="5.816994">
        <ele>1763.05</ele>
      </trkpt>
      <trkpt lat="45.369724" lon="5.816964">
        <ele>1763.85</ele>
      </trkpt>
      <trkpt lat="45.369685" lon="5.81695">
        <ele>1762.24</ele>
      </trkpt>
      <trkpt lat="45.369616" lon="5.816948">
        <ele>1758.91</ele>
      </trkpt>
      <trkpt lat="45.369587" lon="5.81697">
        <ele>1756.23</ele>
      </trkpt>
      <trkpt lat="45.369581" lon="5.817003">
        <ele>1754.01</ele>
      </trkpt>
      <trkpt lat="45.369649" lon="5.817127">
        <ele>1749.53</ele>
      </trkpt>
      <trkpt lat="45.369658" lon="5.817191">
        <ele>1745.78</ele>
      </trkpt>
      <trkpt lat="45.369642" lon="5.817248">
        <ele>1741.55</ele>
      </trkpt>
      <trkpt lat="45.369694" lon="5.817286">
        <ele>1741.27</ele>
      </trkpt>
      <trkpt lat="45.369749" lon="5.817362">
        <ele>1738</ele>
      </trkpt>
      <trkpt lat="45.369793" lon="5.817388">
        <ele>1738.13</ele>
      </trkpt>
      <trkpt lat="45.369848" lon="5.817445">
        <ele>1738.01</ele>
      </trkpt>
      <trkpt lat="45.369881" lon="5.817517">
        <ele>1734.84</ele>
      </trkpt>
      <trkpt lat="45.369938" lon="5.817578">
        <ele>1733.63</ele>
      </trkpt>
      <trkpt lat="45.369922" lon="5.81762">
        <ele>1728.44</ele>
      </trkpt>
      <trkpt lat="45.36986" lon="5.817631">
        <ele>1723.2</ele>
      </trkpt>
      <trkpt lat="45.369848" lon="5.817705">
        <ele>1715.42</ele>
      </trkpt>
      <trkpt lat="45.369883" lon="5.817691">
        <ele>1718.8</ele>
      </trkpt>
      <trkpt lat="45.369887" lon="5.817773">
        <ele>1710.89</ele>
      </trkpt>
      <trkpt lat="45.369921" lon="5.817836">
        <ele>1706.06</ele>
      </trkpt>
      <trkpt lat="45.369932" lon="5.817914">
        <ele>1698.04</ele>
      </trkpt>
      <trkpt lat="45.369994" lon="5.817925">
        <ele>1699.5</ele>
      </trkpt>
      <trkpt lat="45.370099" lon="5.817984">
        <ele>1696.95</ele>
      </trkpt>
      <trkpt lat="45.37012" lon="5.81798">
        <ele>1698.03</ele>
      </trkpt>
      <trkpt lat="45.370127" lon="5.818019">
        <ele>1693.97</ele>
      </trkpt>
      <trkpt lat="45.370153" lon="5.818011">
        <ele>1695.71</ele>
      </trkpt>
      <trkpt lat="45.370158" lon="5.818045">
        <ele>1692.15</ele>
      </trkpt>
      <trkpt lat="45.370179" lon="5.818055">
        <ele>1691.74</ele>
      </trkpt>
      <trkpt lat="45.370201" lon="5.818104">
        <ele>1686.95</ele>
      </trkpt>
      <trkpt lat="45.370179" lon="5.81813">
        <ele>1683.44</ele>
      </trkpt>
      <trkpt lat="45.370316" lon="5.818187">
        <ele>1682.87</ele>
      </trkpt>
      <trkpt lat="45.370288" lon="5.818212">
        <ele>1679.62</ele>
      </trkpt>
      <trkpt lat="45.370358" lon="5.818224">
        <ele>1682.16</ele>
      </trkpt>
      <trkpt lat="45.370395" lon="5.818292">
        <ele>1678.85</ele>
      </trkpt>
      <trkpt lat="45.370408" lon="5.818343">
        <ele>1675.62</ele>
      </trkpt>
      <trkpt lat="45.370499" lon="5.818468">
        <ele>1670.05</ele>
      </trkpt>
      <trkpt lat="45.370533" lon="5.818479">
        <ele>1670.91</ele>
      </trkpt>
      <trkpt lat="45.370565" lon="5.818519">
        <ele>1669.47</ele>
      </trkpt>
      <trkpt lat="45.370678" lon="5.818575">
        <ele>1672.37</ele>
      </trkpt>
      <trkpt lat="45.370715" lon="5.818613">
        <ele>1672.21</ele>
      </trkpt>
      <trkpt lat="45.37072" lon="5.818653">
        <ele>1669.75</ele>
      </trkpt>
      <trkpt lat="45.370874" lon="5.818793">
        <ele>1672.27</ele>
      </trkpt>
      <trkpt lat="45.370912" lon="5.81882">
        <ele>1673.55</ele>
      </trkpt>
      <trkpt lat="45.370937" lon="5.818867">
        <ele>1673.06</ele>
      </trkpt>
      <trkpt lat="45.370994" lon="5.819039">
        <ele>1670.94</ele>
      </trkpt>
      <trkpt lat="45.371047" lon="5.819123">
        <ele>1671</ele>
      </trkpt>
      <trkpt lat="45.371173" lon="5.81929">
        <ele>1669.34</ele>
      </trkpt>
      <trkpt lat="45.37124" lon="5.819392">
        <ele>1666.83</ele>
      </trkpt>
      <trkpt lat="45.371259" lon="5.819453">
        <ele>1664.84</ele>
      </trkpt>
      <trkpt lat="45.371307" lon="5.819546">
        <ele>1661.05</ele>
      </trkpt>
      <trkpt lat="45.371307" lon="5.819546">
        <ele>1661.06</ele>
      </trkpt>
      <trkpt lat="45.371306" lon="5.819588">
        <ele>1659.53</ele>
      </trkpt>
      <trkpt lat="45.371322" lon="5.819616">
        <ele>1658.32</ele>
      </trkpt>
      <trkpt lat="45.371287" lon="5.81964">
        <ele>1657.89</ele>
      </trkpt>
      <trkpt lat="45.371302" lon="5.819687">
        <ele>1655.98</ele>
      </trkpt>
      <trkpt lat="45.371308" lon="5.819758">
        <ele>1653.38</ele>
      </trkpt>
      <trkpt lat="45.371301" lon="5.819773">
        <ele>1652.96</ele>
      </trkpt>
      <trkpt lat="45.371309" lon="5.819812">
        <ele>1651.49</ele>
      </trkpt>
      <trkpt lat="45.371289" lon="5.819839">
        <ele>1650.87</ele>
      </trkpt>
      <trkpt lat="45.371308" lon="5.819863">
        <ele>1649.73</ele>
      </trkpt>
      <trkpt lat="45.371318" lon="5.81991">
        <ele>1648.08</ele>
      </trkpt>
      <trkpt lat="45.371334" lon="5.819911">
        <ele>1647.85</ele>
      </trkpt>
      <trkpt lat="45.371337" lon="5.819932">
        <ele>1647.23</ele>
      </trkpt>
      <trkpt lat="45.371322" lon="5.819945">
        <ele>1646.98</ele>
      </trkpt>
      <trkpt lat="45.371305" lon="5.820008">
        <ele>1645.17</ele>
      </trkpt>
      <trkpt lat="45.371332" lon="5.820021">
        <ele>1644.7</ele>
      </trkpt>
      <trkpt lat="45.37133" lon="5.820048">
        <ele>1643.93</ele>
      </trkpt>
      <trkpt lat="45.371304" lon="5.820101">
        <ele>1642.46</ele>
      </trkpt>
      <trkpt lat="45.371313" lon="5.820111">
        <ele>1642.21</ele>
      </trkpt>
      <trkpt lat="45.371327" lon="5.820102">
        <ele>1642.5</ele>
      </trkpt>
      <trkpt lat="45.371338" lon="5.820123">
        <ele>1641.98</ele>
      </trkpt>
      <trkpt lat="45.371337" lon="5.820201">
        <ele>1639.97</ele>
      </trkpt>
      <trkpt lat="45.371356" lon="5.820232">
        <ele>1639.43</ele>
      </trkpt>
      <trkpt lat="45.371356" lon="5.820304">
        <ele>1638.05</ele>
      </trkpt>
      <trkpt lat="45.371385" lon="5.820328">
        <ele>1637.99</ele>
      </trkpt>
      <trkpt lat="45.371417" lon="5.82062">
        <ele>1633.64</ele>
      </trkpt>
      <trkpt lat="45.371438" lon="5.820702">
        <ele>1633.54</ele>
      </trkpt>
      <trkpt lat="45.371436" lon="5.820821">
        <ele>1634.33</ele>
      </trkpt>
      <trkpt lat="45.371423" lon="5.820843">
        <ele>1634.54</ele>
      </trkpt>
      <trkpt lat="45.371391" lon="5.820879">
        <ele>1634.85</ele>
      </trkpt>
      <trkpt lat="45.371383" lon="5.820925">
        <ele>1635.05</ele>
      </trkpt>
      <trkpt lat="45.371249" lon="5.821134">
        <ele>1635.32</ele>
      </trkpt>
      <trkpt lat="45.371192" lon="5.82121">
        <ele>1634.76</ele>
      </trkpt>
      <trkpt lat="45.371048" lon="5.821503">
        <ele>1632.84</ele>
      </trkpt>
      <trkpt lat="45.371014" lon="5.821589">
        <ele>1632.16</ele>
      </trkpt>
      <trkpt lat="45.370987" lon="5.821743">
        <ele>1632.37</ele>
      </trkpt>
      <trkpt lat="45.370951" lon="5.821866">
        <ele>1631.13</ele>
      </trkpt>
      <trkpt lat="45.370921" lon="5.822059">
        <ele>1630.48</ele>
      </trkpt>
      <trkpt lat="45.370922" lon="5.822216">
        <ele>1631.3</ele>
      </trkpt>
      <trkpt lat="45.370908" lon="5.822327">
        <ele>1630.77</ele>
      </trkpt>
      <trkpt lat="45.37087" lon="5.822482">
        <ele>1628.16</ele>
      </trkpt>
      <trkpt lat="45.370806" lon="5.822578">
        <ele>1624.95</ele>
      </trkpt>
      <trkpt lat="45.370794" lon="5.822687">
        <ele>1622.44</ele>
      </trkpt>
      <trkpt lat="45.370775" lon="5.82272">
        <ele>1620.84</ele>
      </trkpt>
      <trkpt lat="45.370825" lon="5.822753">
        <ele>1621.31</ele>
      </trkpt>
      <trkpt lat="45.370833" lon="5.822774">
        <ele>1620.77</ele>
      </trkpt>
      <trkpt lat="45.370833" lon="5.822774">
        <ele>1620.75</ele>
      </trkpt>
      <trkpt lat="45.370866" lon="5.822861">
        <ele>1618.49</ele>
      </trkpt>
      <trkpt lat="45.370781" lon="5.822849">
        <ele>1617.05</ele>
      </trkpt>
      <trkpt lat="45.37076" lon="5.8228">
        <ele>1618.24</ele>
      </trkpt>
      <trkpt lat="45.370728" lon="5.822821">
        <ele>1616.72</ele>
      </trkpt>
      <trkpt lat="45.370616" lon="5.822798">
        <ele>1614.32</ele>
      </trkpt>
      <trkpt lat="45.370583" lon="5.822769">
        <ele>1613.65</ele>
      </trkpt>
      <trkpt lat="45.370549" lon="5.822771">
        <ele>1612.42</ele>
      </trkpt>
      <trkpt lat="45.370558" lon="5.822826">
        <ele>1611.56</ele>
      </trkpt>
      <trkpt lat="45.370595" lon="5.822948">
        <ele>1608.88</ele>
      </trkpt>
      <trkpt lat="45.370633" lon="5.823009">
        <ele>1607.34</ele>
      </trkpt>
      <trkpt lat="45.370582" lon="5.822991">
        <ele>1606.89</ele>
      </trkpt>
      <trkpt lat="45.370516" lon="5.822985">
        <ele>1605.34</ele>
      </trkpt>
      <trkpt lat="45.370418" lon="5.82292">
        <ele>1603.97</ele>
      </trkpt>
      <trkpt lat="45.370381" lon="5.822875">
        <ele>1603.73</ele>
      </trkpt>
      <trkpt lat="45.370395" lon="5.823018">
        <ele>1600.56</ele>
      </trkpt>
      <trkpt lat="45.370449" lon="5.823132">
        <ele>1597.74</ele>
      </trkpt>
      <trkpt lat="45.370294" lon="5.823136">
        <ele>1593.94</ele>
      </trkpt>
      <trkpt lat="45.37021" lon="5.822981">
        <ele>1596.57</ele>
      </trkpt>
      <trkpt lat="45.37018" lon="5.823078">
        <ele>1592.78</ele>
      </trkpt>
      <trkpt lat="45.370187" lon="5.823175">
        <ele>1589.71</ele>
      </trkpt>
      <trkpt lat="45.37018" lon="5.823284">
        <ele>1585.17</ele>
      </trkpt>
      <trkpt lat="45.370129" lon="5.823316">
        <ele>1583.41</ele>
      </trkpt>
      <trkpt lat="45.370017" lon="5.823226">
        <ele>1584.61</ele>
      </trkpt>
      <trkpt lat="45.36999" lon="5.823364">
        <ele>1579.49</ele>
      </trkpt>
      <trkpt lat="45.370008" lon="5.823474">
        <ele>1574.51</ele>
      </trkpt>
      <trkpt lat="45.369995" lon="5.823504">
        <ele>1573.02</ele>
      </trkpt>
      <trkpt lat="45.369952" lon="5.823513">
        <ele>1572.53</ele>
      </trkpt>
      <trkpt lat="45.369885" lon="5.823564">
        <ele>1569.62</ele>
      </trkpt>
      <trkpt lat="45.369805" lon="5.823567">
        <ele>1568.95</ele>
      </trkpt>
      <trkpt lat="45.369718" lon="5.823547">
        <ele>1568.2</ele>
      </trkpt>
      <trkpt lat="45.369744" lon="5.823612">
        <ele>1566.12</ele>
      </trkpt>
      <trkpt lat="45.369808" lon="5.823721">
        <ele>1561.59</ele>
      </trkpt>
      <trkpt lat="45.36972" lon="5.82372">
        <ele>1561.2</ele>
      </trkpt>
      <trkpt lat="45.36967" lon="5.82374">
        <ele>1559.43</ele>
      </trkpt>
      <trkpt lat="45.369592" lon="5.823752">
        <ele>1557.03</ele>
      </trkpt>
      <trkpt lat="45.369522" lon="5.823701">
        <ele>1555.94</ele>
      </trkpt>
      <trkpt lat="45.369499" lon="5.823657">
        <ele>1556.07</ele>
      </trkpt>
      <trkpt lat="45.369478" lon="5.823583">
        <ele>1556.48</ele>
      </trkpt>
      <trkpt lat="45.369465" lon="5.82347">
        <ele>1557.6</ele>
      </trkpt>
      <trkpt lat="45.369441" lon="5.823458">
        <ele>1555.95</ele>
      </trkpt>
      <trkpt lat="45.369429" lon="5.823508">
        <ele>1554.54</ele>
      </trkpt>
      <trkpt lat="45.369423" lon="5.823693">
        <ele>1550.93</ele>
      </trkpt>
      <trkpt lat="45.369407" lon="5.823765">
        <ele>1548.39</ele>
      </trkpt>
      <trkpt lat="45.369392" lon="5.823911">
        <ele>1543.83</ele>
      </trkpt>
      <trkpt lat="45.369393" lon="5.82399">
        <ele>1541.66</ele>
      </trkpt>
      <trkpt lat="45.369351" lon="5.823988">
        <ele>1539.93</ele>
      </trkpt>
      <trkpt lat="45.369332" lon="5.823915">
        <ele>1540.72</ele>
      </trkpt>
      <trkpt lat="45.369328" lon="5.823844">
        <ele>1542.11</ele>
      </trkpt>
      <trkpt lat="45.369281" lon="5.823666">
        <ele>1541.75</ele>
      </trkpt>
      <trkpt lat="45.36926" lon="5.823618">
        <ele>1540.58</ele>
      </trkpt>
      <trkpt lat="45.369236" lon="5.823656">
        <ele>1538.5</ele>
      </trkpt>
      <trkpt lat="45.369172" lon="5.824017">
        <ele>1528.5</ele>
      </trkpt>
      <trkpt lat="45.369153" lon="5.824056">
        <ele>1526.54</ele>
      </trkpt>
      <trkpt lat="45.369135" lon="5.824217">
        <ele>1522.82</ele>
      </trkpt>
      <trkpt lat="45.369094" lon="5.824255">
        <ele>1519.5</ele>
      </trkpt>
      <trkpt lat="45.369068" lon="5.824209">
        <ele>1518.4</ele>
      </trkpt>
      <trkpt lat="45.369057" lon="5.824078">
        <ele>1519.46</ele>
      </trkpt>
      <trkpt lat="45.369057" lon="5.824078">
        <ele>1519.46</ele>
      </trkpt>
      <trkpt lat="45.369055" lon="5.824053">
        <ele>1519.66</ele>
      </trkpt>
      <trkpt lat="45.368989" lon="5.823883">
        <ele>1517.46</ele>
      </trkpt>
      <trkpt lat="45.368975" lon="5.823781">
        <ele>1517.9</ele>
      </trkpt>
      <trkpt lat="45.368973" lon="5.823714">
        <ele>1518.96</ele>
      </trkpt>
      <trkpt lat="45.36893" lon="5.823614">
        <ele>1517.94</ele>
      </trkpt>
      <trkpt lat="45.368899" lon="5.823412">
        <ele>1517.9</ele>
      </trkpt>
      <trkpt lat="45.368913" lon="5.823269">
        <ele>1518.84</ele>
      </trkpt>
      <trkpt lat="45.368905" lon="5.823143">
        <ele>1518.03</ele>
      </trkpt>
      <trkpt lat="45.368939" lon="5.822983">
        <ele>1519.07</ele>
      </trkpt>
      <trkpt lat="45.368945" lon="5.822883">
        <ele>1518.81</ele>
      </trkpt>
      <trkpt lat="45.368985" lon="5.822753">
        <ele>1520.15</ele>
      </trkpt>
      <trkpt lat="45.368974" lon="5.822708">
        <ele>1518.98</ele>
      </trkpt>
      <trkpt lat="45.368927" lon="5.82281">
        <ele>1517.35</ele>
      </trkpt>
      <trkpt lat="45.368821" lon="5.822944">
        <ele>1511.93</ele>
      </trkpt>
      <trkpt lat="45.368745" lon="5.823066">
        <ele>1508.81</ele>
      </trkpt>
      <trkpt lat="45.368688" lon="5.823125">
        <ele>1506.63</ele>
      </trkpt>
      <trkpt lat="45.368552" lon="5.823231">
        <ele>1500.06</ele>
      </trkpt>
      <trkpt lat="45.368498" lon="5.823312">
        <ele>1497.38</ele>
      </trkpt>
      <trkpt lat="45.368475" lon="5.823376">
        <ele>1496.21</ele>
      </trkpt>
      <trkpt lat="45.368468" lon="5.823447">
        <ele>1495.88</ele>
      </trkpt>
      <trkpt lat="45.368429" lon="5.823533">
        <ele>1493.08</ele>
      </trkpt>
      <trkpt lat="45.368443" lon="5.823694">
        <ele>1490.76</ele>
      </trkpt>
      <trkpt lat="45.368425" lon="5.82372">
        <ele>1489.27</ele>
      </trkpt>
      <trkpt lat="45.368354" lon="5.823585">
        <ele>1488.47</ele>
      </trkpt>
      <trkpt lat="45.368319" lon="5.823576">
        <ele>1486.9</ele>
      </trkpt>
      <trkpt lat="45.368261" lon="5.823502">
        <ele>1485.29</ele>
      </trkpt>
      <trkpt lat="45.368256" lon="5.823403">
        <ele>1485.81</ele>
      </trkpt>
      <trkpt lat="45.368219" lon="5.8233">
        <ele>1484.23</ele>
      </trkpt>
      <trkpt lat="45.368228" lon="5.823214">
        <ele>1484.3</ele>
      </trkpt>
      <trkpt lat="45.368279" lon="5.823147">
        <ele>1486.51</ele>
      </trkpt>
      <trkpt lat="45.368299" lon="5.82308">
        <ele>1486.4</ele>
      </trkpt>
      <trkpt lat="45.368339" lon="5.822998">
        <ele>1486.98</ele>
      </trkpt>
      <trkpt lat="45.368367" lon="5.822971">
        <ele>1487.92</ele>
      </trkpt>
      <trkpt lat="45.368384" lon="5.822876">
        <ele>1487.1</ele>
      </trkpt>
      <trkpt lat="45.368421" lon="5.822749">
        <ele>1486.7</ele>
      </trkpt>
      <trkpt lat="45.368393" lon="5.822755">
        <ele>1485.41</ele>
      </trkpt>
      <trkpt lat="45.368351" lon="5.822812">
        <ele>1484.34</ele>
      </trkpt>
      <trkpt lat="45.368315" lon="5.822837">
        <ele>1482.96</ele>
      </trkpt>
      <trkpt lat="45.368275" lon="5.822885">
        <ele>1481.83</ele>
      </trkpt>
      <trkpt lat="45.368215" lon="5.822918">
        <ele>1479.4</ele>
      </trkpt>
      <trkpt lat="45.368205" lon="5.822938">
        <ele>1479.25</ele>
      </trkpt>
      <trkpt lat="45.368162" lon="5.823024">
        <ele>1478.63</ele>
      </trkpt>
      <trkpt lat="45.368099" lon="5.823048">
        <ele>1475.8</ele>
      </trkpt>
      <trkpt lat="45.368067" lon="5.823029">
        <ele>1473.82</ele>
      </trkpt>
      <trkpt lat="45.368137" lon="5.822867">
        <ele>1474.67</ele>
      </trkpt>
      <trkpt lat="45.368229" lon="5.822755">
        <ele>1477.23</ele>
      </trkpt>
      <trkpt lat="45.368251" lon="5.822658">
        <ele>1476.61</ele>
      </trkpt>
      <trkpt lat="45.368251" lon="5.822658">
        <ele>1476.61</ele>
      </trkpt>
      <trkpt lat="45.368251" lon="5.822658">
        <ele>1476.61</ele>
      </trkpt>
      <trkpt lat="45.368261" lon="5.822613">
        <ele>1476.32</ele>
      </trkpt>
      <trkpt lat="45.36824" lon="5.822564">
        <ele>1474.06</ele>
      </trkpt>
      <trkpt lat="45.368216" lon="5.822547">
        <ele>1472.26</ele>
      </trkpt>
      <trkpt lat="45.368197" lon="5.822604">
        <ele>1472.48</ele>
      </trkpt>
      <trkpt lat="45.36813" lon="5.822682">
        <ele>1470.41</ele>
      </trkpt>
      <trkpt lat="45.367973" lon="5.822782">
        <ele>1464.65</ele>
      </trkpt>
      <trkpt lat="45.367898" lon="5.822813">
        <ele>1460.95</ele>
      </trkpt>
      <trkpt lat="45.367856" lon="5.822846">
        <ele>1458.9</ele>
      </trkpt>
      <trkpt lat="45.367808" lon="5.82299">
        <ele>1458.68</ele>
      </trkpt>
      <trkpt lat="45.367804" lon="5.82297">
        <ele>1458.09</ele>
      </trkpt>
      <trkpt lat="45.367804" lon="5.82297">
        <ele>1458.08</ele>
      </trkpt>
      <trkpt lat="45.367794" lon="5.822919">
        <ele>1456.52</ele>
      </trkpt>
      <trkpt lat="45.367816" lon="5.822827">
        <ele>1455.95</ele>
      </trkpt>
      <trkpt lat="45.367835" lon="5.822767">
        <ele>1455.9</ele>
      </trkpt>
      <trkpt lat="45.367893" lon="5.82264">
        <ele>1456.75</ele>
      </trkpt>
      <trkpt lat="45.3679" lon="5.822559">
        <ele>1455.26</ele>
      </trkpt>
      <trkpt lat="45.367986" lon="5.822303">
        <ele>1455.14</ele>
      </trkpt>
      <trkpt lat="45.367976" lon="5.822228">
        <ele>1453.9</ele>
      </trkpt>
      <trkpt lat="45.367978" lon="5.822171">
        <ele>1453.67</ele>
      </trkpt>
      <trkpt lat="45.367954" lon="5.822094">
        <ele>1452.07</ele>
      </trkpt>
      <trkpt lat="45.367767" lon="5.821959">
        <ele>1441.85</ele>
      </trkpt>
      <trkpt lat="45.367686" lon="5.821866">
        <ele>1437.72</ele>
      </trkpt>
      <trkpt lat="45.367575" lon="5.821699">
        <ele>1432.76</ele>
      </trkpt>
      <trkpt lat="45.367533" lon="5.821605">
        <ele>1431.44</ele>
      </trkpt>
      <trkpt lat="45.367487" lon="5.82153">
        <ele>1429.75</ele>
      </trkpt>
      <trkpt lat="45.367453" lon="5.82132">
        <ele>1431.74</ele>
      </trkpt>
      <trkpt lat="45.367422" lon="5.821256">
        <ele>1430.46</ele>
      </trkpt>
      <trkpt lat="45.367405" lon="5.821347">
        <ele>1427.47</ele>
      </trkpt>
      <trkpt lat="45.367408" lon="5.821425">
        <ele>1426.29</ele>
      </trkpt>
      <trkpt lat="45.367391" lon="5.821609">
        <ele>1420.76</ele>
      </trkpt>
      <trkpt lat="45.367422" lon="5.82181">
        <ele>1418.79</ele>
      </trkpt>
      <trkpt lat="45.367429" lon="5.821855">
        <ele>1418.34</ele>
      </trkpt>
      <trkpt lat="45.367546" lon="5.82223">
        <ele>1425.26</ele>
      </trkpt>
      <trkpt lat="45.367528" lon="5.822326">
        <ele>1425.08</ele>
      </trkpt>
      <trkpt lat="45.367444" lon="5.822347">
        <ele>1419.46</ele>
      </trkpt>
      <trkpt lat="45.367342" lon="5.822478">
        <ele>1414.97</ele>
      </trkpt>
      <trkpt lat="45.367248" lon="5.822568">
        <ele>1409.45</ele>
      </trkpt>
      <trkpt lat="45.367204" lon="5.822664">
        <ele>1407.91</ele>
      </trkpt>
      <trkpt lat="45.367168" lon="5.822824">
        <ele>1407.84</ele>
      </trkpt>
      <trkpt lat="45.367153" lon="5.823174">
        <ele>1408.27</ele>
      </trkpt>
      <trkpt lat="45.367121" lon="5.823061">
        <ele>1405.16</ele>
      </trkpt>
      <trkpt lat="45.367127" lon="5.823057">
        <ele>1400.7563573143398</ele>
      </trkpt>
      <trkpt lat="45.367121" lon="5.823061">
        <ele>1405.16</ele>
      </trkpt>
      <trkpt lat="45.36708" lon="5.822918">
        <ele>1401.22</ele>
      </trkpt>
      <trkpt lat="45.367061" lon="5.82275">
        <ele>1397.83</ele>
      </trkpt>
      <trkpt lat="45.367063" lon="5.82258">
        <ele>1395.3</ele>
      </trkpt>
      <trkpt lat="45.36715" lon="5.822372">
        <ele>1399.25</ele>
      </trkpt>
      <trkpt lat="45.367153" lon="5.8223">
        <ele>1398.69</ele>
      </trkpt>
      <trkpt lat="45.367153" lon="5.8223">
        <ele>1398.69</ele>
      </trkpt>
      <trkpt lat="45.367145" lon="5.822246">
        <ele>1397.75</ele>
      </trkpt>
      <trkpt lat="45.367001" lon="5.822091">
        <ele>1388.52</ele>
      </trkpt>
      <trkpt lat="45.366929" lon="5.82199">
        <ele>1384.92</ele>
      </trkpt>
      <trkpt lat="45.366871" lon="5.82187">
        <ele>1382.56</ele>
      </trkpt>
      <trkpt lat="45.366839" lon="5.821741">
        <ele>1382.07</ele>
      </trkpt>
      <trkpt lat="45.366807" lon="5.82178">
        <ele>1379.36</ele>
      </trkpt>
      <trkpt lat="45.366801" lon="5.821896">
        <ele>1377.65</ele>
      </trkpt>
      <trkpt lat="45.366769" lon="5.822089">
        <ele>1374.16</ele>
      </trkpt>
      <trkpt lat="45.366771" lon="5.822176">
        <ele>1373.78</ele>
      </trkpt>
      <trkpt lat="45.366784" lon="5.822256">
        <ele>1374.18</ele>
      </trkpt>
      <trkpt lat="45.36671" lon="5.822197">
        <ele>1369.6</ele>
      </trkpt>
      <trkpt lat="45.366682" lon="5.822129">
        <ele>1368.12</ele>
      </trkpt>
      <trkpt lat="45.366613" lon="5.822073">
        <ele>1364.02</ele>
      </trkpt>
      <trkpt lat="45.366605" lon="5.822149">
        <ele>1362.9</ele>
      </trkpt>
      <trkpt lat="45.366612" lon="5.822209">
        <ele>1363.03</ele>
      </trkpt>
      <trkpt lat="45.366612" lon="5.822209">
        <ele>1363.03</ele>
      </trkpt>
      <trkpt lat="45.366616" lon="5.822242">
        <ele>1363.11</ele>
      </trkpt>
      <trkpt lat="45.366651" lon="5.822309">
        <ele>1365.18</ele>
      </trkpt>
      <trkpt lat="45.366656" lon="5.822368">
        <ele>1365.56</ele>
      </trkpt>
      <trkpt lat="45.366683" lon="5.822419">
        <ele>1367.31</ele>
      </trkpt>
      <trkpt lat="45.366597" lon="5.82264">
        <ele>1361.63</ele>
      </trkpt>
      <trkpt lat="45.366548" lon="5.822696">
        <ele>1358.3</ele>
      </trkpt>
      <trkpt lat="45.366527" lon="5.822825">
        <ele>1356.64</ele>
      </trkpt>
      <trkpt lat="45.366512" lon="5.82304">
        <ele>1354.86</ele>
      </trkpt>
      <trkpt lat="45.366461" lon="5.823159">
        <ele>1350.85</ele>
      </trkpt>
      <trkpt lat="45.366449" lon="5.823235">
        <ele>1349.94</ele>
      </trkpt>
      <trkpt lat="45.366413" lon="5.823336">
        <ele>1347.27</ele>
      </trkpt>
      <trkpt lat="45.366412" lon="5.82345">
        <ele>1347.21</ele>
      </trkpt>
      <trkpt lat="45.366384" lon="5.823758">
        <ele>1345.43</ele>
      </trkpt>
      <trkpt lat="45.3664" lon="5.824043">
        <ele>1347.77</ele>
      </trkpt>
      <trkpt lat="45.36639" lon="5.824064">
        <ele>1347.25</ele>
      </trkpt>
      <trkpt lat="45.366377" lon="5.824004">
        <ele>1345.68</ele>
      </trkpt>
      <trkpt lat="45.366377" lon="5.824004">
        <ele>1345.68</ele>
      </trkpt>
      <trkpt lat="45.366295" lon="5.823736">
        <ele>1338.43</ele>
      </trkpt>
      <trkpt lat="45.366243" lon="5.823516">
        <ele>1334.57</ele>
      </trkpt>
      <trkpt lat="45.366202" lon="5.823293">
        <ele>1331.66</ele>
      </trkpt>
      <trkpt lat="45.366205" lon="5.823132">
        <ele>1332.69</ele>
      </trkpt>
      <trkpt lat="45.366181" lon="5.822995">
        <ele>1331.04</ele>
      </trkpt>
      <trkpt lat="45.366138" lon="5.822888">
        <ele>1328.94</ele>
      </trkpt>
      <trkpt lat="45.366124" lon="5.822754">
        <ele>1329.4</ele>
      </trkpt>
      <trkpt lat="45.366092" lon="5.82264">
        <ele>1328.86</ele>
      </trkpt>
      <trkpt lat="45.366076" lon="5.822614">
        <ele>1328.24</ele>
      </trkpt>
      <trkpt lat="45.366034" lon="5.822601">
        <ele>1326.04</ele>
      </trkpt>
      <trkpt lat="45.366031" lon="5.822466">
        <ele>1327.7</ele>
      </trkpt>
      <trkpt lat="45.365959" lon="5.822433">
        <ele>1324.97</ele>
      </trkpt>
      <trkpt lat="45.365911" lon="5.822462">
        <ele>1323.25</ele>
      </trkpt>
      <trkpt lat="45.365911" lon="5.822462">
        <ele>1323.24</ele>
      </trkpt>
      <trkpt lat="45.365861" lon="5.822492">
        <ele>1321.44</ele>
      </trkpt>
      <trkpt lat="45.365773" lon="5.822527">
        <ele>1320.39</ele>
      </trkpt>
      <trkpt lat="45.365559" lon="5.822761">
        <ele>1313.32</ele>
      </trkpt>
      <trkpt lat="45.365406" lon="5.822745">
        <ele>1313.97</ele>
      </trkpt>
      <trkpt lat="45.365112" lon="5.822826">
        <ele>1310.18</ele>
      </trkpt>
      <trkpt lat="45.365018" lon="5.822864">
        <ele>1308.76</ele>
      </trkpt>
      <trkpt lat="45.364876" lon="5.822975">
        <ele>1304.78</ele>
      </trkpt>
      <trkpt lat="45.364798" lon="5.823132">
        <ele>1298.77</ele>
      </trkpt>
      <trkpt lat="45.364716" lon="5.823253">
        <ele>1293.94</ele>
      </trkpt>
      <trkpt lat="45.364617" lon="5.823379">
        <ele>1288.64</ele>
      </trkpt>
      <trkpt lat="45.364583" lon="5.82339">
        <ele>1287.99</ele>
      </trkpt>
      <trkpt lat="45.364477" lon="5.823375">
        <ele>1287.63</ele>
      </trkpt>
      <trkpt lat="45.364391" lon="5.823308">
        <ele>1289.28</ele>
      </trkpt>
      <trkpt lat="45.364298" lon="5.823321">
        <ele>1287.98</ele>
      </trkpt>
      <trkpt lat="45.364202" lon="5.823385">
        <ele>1284.28</ele>
      </trkpt>
      <trkpt lat="45.364041" lon="5.823463">
        <ele>1279.21</ele>
      </trkpt>
      <trkpt lat="45.363951" lon="5.823486">
        <ele>1276.82</ele>
      </trkpt>
      <trkpt lat="45.363908" lon="5.823466">
        <ele>1276.72</ele>
      </trkpt>
      <trkpt lat="45.363908" lon="5.823466">
        <ele>1276.72</ele>
      </trkpt>
      <trkpt lat="45.363828" lon="5.823429">
        <ele>1276.53</ele>
      </trkpt>
      <trkpt lat="45.363888" lon="5.823532">
        <ele>1273.85</ele>
      </trkpt>
      <trkpt lat="45.363979" lon="5.823603">
        <ele>1272.54</ele>
      </trkpt>
      <trkpt lat="45.364074" lon="5.823628">
        <ele>1273.06</ele>
      </trkpt>
      <trkpt lat="45.364207" lon="5.823626">
        <ele>1275.28</ele>
      </trkpt>
      <trkpt lat="45.364342" lon="5.823718">
        <ele>1274.56</ele>
      </trkpt>
      <trkpt lat="45.364418" lon="5.823798">
        <ele>1273.17</ele>
      </trkpt>
      <trkpt lat="45.364418" lon="5.823798">
        <ele>1273.18</ele>
      </trkpt>
      <trkpt lat="45.364245" lon="5.823779">
        <ele>1271.2</ele>
      </trkpt>
      <trkpt lat="45.364138" lon="5.823808">
        <ele>1268.54</ele>
      </trkpt>
      <trkpt lat="45.364056" lon="5.823853">
        <ele>1265.14</ele>
      </trkpt>
      <trkpt lat="45.363935" lon="5.823876">
        <ele>1262.73</ele>
      </trkpt>
      <trkpt lat="45.363831" lon="5.823876">
        <ele>1261.21</ele>
      </trkpt>
      <trkpt lat="45.36371" lon="5.823854">
        <ele>1259.98</ele>
      </trkpt>
      <trkpt lat="45.36371" lon="5.823854">
        <ele>1259.99</ele>
      </trkpt>
      <trkpt lat="45.363684" lon="5.82385">
        <ele>1259.72</ele>
      </trkpt>
      <trkpt lat="45.363744" lon="5.823939">
        <ele>1257.58</ele>
      </trkpt>
      <trkpt lat="45.363866" lon="5.824056">
        <ele>1255.54</ele>
      </trkpt>
      <trkpt lat="45.364008" lon="5.82413">
        <ele>1255.3</ele>
      </trkpt>
      <trkpt lat="45.364124" lon="5.824169">
        <ele>1256.71</ele>
      </trkpt>
      <trkpt lat="45.364191" lon="5.82421">
        <ele>1256.61</ele>
      </trkpt>
      <trkpt lat="45.364358" lon="5.824357">
        <ele>1256.06</ele>
      </trkpt>
      <trkpt lat="45.364418" lon="5.824433">
        <ele>1255</ele>
      </trkpt>
      <trkpt lat="45.364417" lon="5.824435">
        <ele>1251.8214123163216</ele>
      </trkpt>
      <trkpt lat="45.364418" lon="5.824433">
        <ele>1255</ele>
      </trkpt>
      <trkpt lat="45.364428" lon="5.824446">
        <ele>1254.82</ele>
      </trkpt>
      <trkpt lat="45.364281" lon="5.82448">
        <ele>1249.91</ele>
      </trkpt>
      <trkpt lat="45.364141" lon="5.82444">
        <ele>1247.7</ele>
      </trkpt>
      <trkpt lat="45.364044" lon="5.824457">
        <ele>1244.68</ele>
      </trkpt>
      <trkpt lat="45.363955" lon="5.8245">
        <ele>1241.52</ele>
      </trkpt>
      <trkpt lat="45.363842" lon="5.824526">
        <ele>1238.29</ele>
      </trkpt>
      <trkpt lat="45.363685" lon="5.824461">
        <ele>1237.74</ele>
      </trkpt>
      <trkpt lat="45.363568" lon="5.82445">
        <ele>1236.23</ele>
      </trkpt>
      <trkpt lat="45.363493" lon="5.824426">
        <ele>1235.79</ele>
      </trkpt>
      <trkpt lat="45.363538" lon="5.824501">
        <ele>1233.65</ele>
      </trkpt>
      <trkpt lat="45.363678" lon="5.82461">
        <ele>1232.1</ele>
      </trkpt>
      <trkpt lat="45.363662" lon="5.824623">
        <ele>1231.36</ele>
      </trkpt>
      <trkpt lat="45.363543" lon="5.824582">
        <ele>1230.85</ele>
      </trkpt>
      <trkpt lat="45.363422" lon="5.824582">
        <ele>1228.48</ele>
      </trkpt>
      <trkpt lat="45.363455" lon="5.824621">
        <ele>1227.62</ele>
      </trkpt>
      <trkpt lat="45.36355" lon="5.82468">
        <ele>1227.54</ele>
      </trkpt>
      <trkpt lat="45.363692" lon="5.824878">
        <ele>1222.98</ele>
      </trkpt>
      <trkpt lat="45.363896" lon="5.824991">
        <ele>1223.39</ele>
      </trkpt>
      <trkpt lat="45.363941" lon="5.825038">
        <ele>1222.88</ele>
      </trkpt>
      <trkpt lat="45.363684" lon="5.825069">
        <ele>1216.23</ele>
      </trkpt>
      <trkpt lat="45.363512" lon="5.824988">
        <ele>1215.16</ele>
      </trkpt>
      <trkpt lat="45.363395" lon="5.82498">
        <ele>1213.51</ele>
      </trkpt>
      <trkpt lat="45.36333" lon="5.824996">
        <ele>1211.87</ele>
      </trkpt>
      <trkpt lat="45.363417" lon="5.825055">
        <ele>1211.47</ele>
      </trkpt>
      <trkpt lat="45.363417" lon="5.825055">
        <ele>1211.47</ele>
      </trkpt>
      <trkpt lat="45.363464" lon="5.825086">
        <ele>1211.26</ele>
      </trkpt>
      <trkpt lat="45.3636" lon="5.825254">
        <ele>1208.5</ele>
      </trkpt>
      <trkpt lat="45.36362" lon="5.825328">
        <ele>1206.61</ele>
      </trkpt>
      <trkpt lat="45.36349" lon="5.825317">
        <ele>1204.34</ele>
      </trkpt>
      <trkpt lat="45.36356" lon="5.825554">
        <ele>1198.24</ele>
      </trkpt>
      <trkpt lat="45.363463" lon="5.825588">
        <ele>1195.64</ele>
      </trkpt>
      <trkpt lat="45.363463" lon="5.825588">
        <ele>1195.65</ele>
      </trkpt>
      <trkpt lat="45.363361" lon="5.825624">
        <ele>1192.93</ele>
      </trkpt>
      <trkpt lat="45.363201" lon="5.825757">
        <ele>1186.62</ele>
      </trkpt>
      <trkpt lat="45.362998" lon="5.825873">
        <ele>1180.59</ele>
      </trkpt>
      <trkpt lat="45.362839" lon="5.826037">
        <ele>1174.12</ele>
      </trkpt>
      <trkpt lat="45.362741" lon="5.826152">
        <ele>1169.6</ele>
      </trkpt>
      <trkpt lat="45.362519" lon="5.826193">
        <ele>1166.29</ele>
      </trkpt>
      <trkpt lat="45.362206" lon="5.826321">
        <ele>1162.55</ele>
      </trkpt>
      <trkpt lat="45.361991" lon="5.826445">
        <ele>1160.54</ele>
      </trkpt>
      <trkpt lat="45.361624" lon="5.826726">
        <ele>1152.05</ele>
      </trkpt>
      <trkpt lat="45.361513" lon="5.826887">
        <ele>1146.31</ele>
      </trkpt>
      <trkpt lat="45.36135" lon="5.826982">
        <ele>1143.23</ele>
      </trkpt>
      <trkpt lat="45.36116" lon="5.827024">
        <ele>1140.46</ele>
      </trkpt>
      <trkpt lat="45.360972" lon="5.827228">
        <ele>1132.51</ele>
      </trkpt>
      <trkpt lat="45.360783" lon="5.827373">
        <ele>1125.72</ele>
      </trkpt>
      <trkpt lat="45.360638" lon="5.827437">
        <ele>1121.1</ele>
      </trkpt>
      <trkpt lat="45.360346" lon="5.827429">
        <ele>1111.15</ele>
      </trkpt>
      <trkpt lat="45.36025" lon="5.827558">
        <ele>1105.87</ele>
      </trkpt>
      <trkpt lat="45.360227" lon="5.82781">
        <ele>1102.04</ele>
      </trkpt>
      <trkpt lat="45.360133" lon="5.827775">
        <ele>1099.47</ele>
      </trkpt>
      <trkpt lat="45.359973" lon="5.827558">
        <ele>1095.89</ele>
      </trkpt>
      <trkpt lat="45.359899" lon="5.827587">
        <ele>1092.68</ele>
      </trkpt>
      <trkpt lat="45.359852" lon="5.827764">
        <ele>1089.7</ele>
      </trkpt>
      <trkpt lat="45.359879" lon="5.827949">
        <ele>1088.76</ele>
      </trkpt>
      <trkpt lat="45.359864" lon="5.827998">
        <ele>1087.43</ele>
      </trkpt>
      <trkpt lat="45.359703" lon="5.827829">
        <ele>1082.34</ele>
      </trkpt>
      <trkpt lat="45.359703" lon="5.827829">
        <ele>1082.33</ele>
      </trkpt>
      <trkpt lat="45.359522" lon="5.827638">
        <ele>1076.57</ele>
      </trkpt>
      <trkpt lat="45.359426" lon="5.827247">
        <ele>1072.95</ele>
      </trkpt>
      <trkpt lat="45.359379" lon="5.827166">
        <ele>1070.85</ele>
      </trkpt>
      <trkpt lat="45.359206" lon="5.827126">
        <ele>1062.97</ele>
      </trkpt>
      <trkpt lat="45.359094" lon="5.826986">
        <ele>1058.22</ele>
      </trkpt>
      <trkpt lat="45.359044" lon="5.826879">
        <ele>1055.91</ele>
      </trkpt>
      <trkpt lat="45.358985" lon="5.826683">
        <ele>1053.37</ele>
      </trkpt>
      <trkpt lat="45.35907" lon="5.826337">
        <ele>1055.76</ele>
      </trkpt>
      <trkpt lat="45.359034" lon="5.826233">
        <ele>1054.24</ele>
      </trkpt>
      <trkpt lat="45.358789" lon="5.826007">
        <ele>1047.4</ele>
      </trkpt>
      <trkpt lat="45.358589" lon="5.826066">
        <ele>1041.27</ele>
      </trkpt>
      <trkpt lat="45.358403" lon="5.826053">
        <ele>1036.61</ele>
      </trkpt>
      <trkpt lat="45.358098" lon="5.825918">
        <ele>1029.01</ele>
      </trkpt>
      <trkpt lat="45.358087" lon="5.825874">
        <ele>1028.92</ele>
      </trkpt>
      <trkpt lat="45.358014" lon="5.825804">
        <ele>1028.13</ele>
      </trkpt>
      <trkpt lat="45.357952" lon="5.825769">
        <ele>1027.08</ele>
      </trkpt>
      <trkpt lat="45.357952" lon="5.82577">
        <ele>1027.08</ele>
      </trkpt>
      <trkpt lat="45.358014" lon="5.825804">
        <ele>1028.13</ele>
      </trkpt>
      <trkpt lat="45.358087" lon="5.825874">
        <ele>1028.92</ele>
      </trkpt>
      <trkpt lat="45.358098" lon="5.825918">
        <ele>1029.01</ele>
      </trkpt>
      <trkpt lat="45.358085" lon="5.825939">
        <ele>1028.76</ele>
      </trkpt>
      <trkpt lat="45.358119" lon="5.826116">
        <ele>1029.11</ele>
      </trkpt>
      <trkpt lat="45.358116" lon="5.826248">
        <ele>1028.46</ele>
      </trkpt>
      <trkpt lat="45.358168" lon="5.826477">
        <ele>1029.92</ele>
      </trkpt>
      <trkpt lat="45.358198" lon="5.826689">
        <ele>1030.66</ele>
      </trkpt>
      <trkpt lat="45.358293" lon="5.826779">
        <ele>1032.89</ele>
      </trkpt>
      <trkpt lat="45.358386" lon="5.82694">
        <ele>1035.15</ele>
      </trkpt>
      <trkpt lat="45.35856" lon="5.827279">
        <ele>1039.48</ele>
      </trkpt>
      <trkpt lat="45.358593" lon="5.827382">
        <ele>1040.3</ele>
      </trkpt>
      <trkpt lat="45.358658" lon="5.827674">
        <ele>1041.91</ele>
      </trkpt>
      <trkpt lat="45.358632" lon="5.827902">
        <ele>1041.94</ele>
      </trkpt>
      <trkpt lat="45.358699" lon="5.828168">
        <ele>1045.15</ele>
      </trkpt>
      <trkpt lat="45.358705" lon="5.828273">
        <ele>1045.89</ele>
      </trkpt>
      <trkpt lat="45.358794" lon="5.828552">
        <ele>1048.99</ele>
      </trkpt>
      <trkpt lat="45.358794" lon="5.828552">
        <ele>1048.98</ele>
      </trkpt>
      <trkpt lat="45.358802" lon="5.828607">
        <ele>1049.44</ele>
      </trkpt>
      <trkpt lat="45.358847" lon="5.828741">
        <ele>1050.39</ele>
      </trkpt>
      <trkpt lat="45.358853" lon="5.828806">
        <ele>1050.5</ele>
      </trkpt>
      <trkpt lat="45.358843" lon="5.828919">
        <ele>1050.92</ele>
      </trkpt>
      <trkpt lat="45.358786" lon="5.829037">
        <ele>1051.26</ele>
      </trkpt>
      <trkpt lat="45.358668" lon="5.829246">
        <ele>1052.99</ele>
      </trkpt>
      <trkpt lat="45.35861" lon="5.829434">
        <ele>1056.21</ele>
      </trkpt>
      <trkpt lat="45.358575" lon="5.829614">
        <ele>1059.98</ele>
      </trkpt>
      <trkpt lat="45.358563" lon="5.82984">
        <ele>1065.1</ele>
      </trkpt>
      <trkpt lat="45.35864" lon="5.82995">
        <ele>1066.1</ele>
      </trkpt>
      <trkpt lat="45.358536" lon="5.830506">
        <ele>1079.58</ele>
      </trkpt>
      <trkpt lat="45.358432" lon="5.830884">
        <ele>1088.76</ele>
      </trkpt>
      <trkpt lat="45.358407" lon="5.831094">
        <ele>1093.06</ele>
      </trkpt>
      <trkpt lat="45.358401" lon="5.831416">
        <ele>1097.7</ele>
      </trkpt>
      <trkpt lat="45.358381" lon="5.831656">
        <ele>1100.99</ele>
      </trkpt>
      <trkpt lat="45.358337" lon="5.831792">
        <ele>1103.36</ele>
      </trkpt>
      <trkpt lat="45.358316" lon="5.831819">
        <ele>1104.05</ele>
      </trkpt>
      <trkpt lat="45.358316" lon="5.831819">
        <ele>1104.04</ele>
      </trkpt>
      <trkpt lat="45.358273" lon="5.831875">
        <ele>1105.44</ele>
      </trkpt>
      <trkpt lat="45.358123" lon="5.832013">
        <ele>1110.17</ele>
      </trkpt>
      <trkpt lat="45.358098" lon="5.831946">
        <ele>1110.98</ele>
      </trkpt>
      <trkpt lat="45.358033" lon="5.831568">
        <ele>1112.15</ele>
      </trkpt>
      <trkpt lat="45.357941" lon="5.831424">
        <ele>1113.21</ele>
      </trkpt>
      <trkpt lat="45.357822" lon="5.831333">
        <ele>1114.85</ele>
      </trkpt>
      <trkpt lat="45.357782" lon="5.831341">
        <ele>1115.85</ele>
      </trkpt>
      <trkpt lat="45.357782" lon="5.831341">
        <ele>1115.86</ele>
      </trkpt>
      <trkpt lat="45.357675" lon="5.831361">
        <ele>1118.58</ele>
      </trkpt>
      <trkpt lat="45.357566" lon="5.831308">
        <ele>1119.76</ele>
      </trkpt>
      <trkpt lat="45.357413" lon="5.831282">
        <ele>1122.66</ele>
      </trkpt>
      <trkpt lat="45.357223" lon="5.831305">
        <ele>1126.65</ele>
      </trkpt>
      <trkpt lat="45.357017" lon="5.831368">
        <ele>1132.66</ele>
      </trkpt>
      <trkpt lat="45.356823" lon="5.831389">
        <ele>1138.57</ele>
      </trkpt>
      <trkpt lat="45.356694" lon="5.831356">
        <ele>1141.37</ele>
      </trkpt>
      <trkpt lat="45.356694" lon="5.831356">
        <ele>1141.37</ele>
      </trkpt>
      <trkpt lat="45.356577" lon="5.831251">
        <ele>1142.57</ele>
      </trkpt>
      <trkpt lat="45.356486" lon="5.831048">
        <ele>1141.96</ele>
      </trkpt>
      <trkpt lat="45.356419" lon="5.830773">
        <ele>1140.53</ele>
      </trkpt>
      <trkpt lat="45.356357" lon="5.830567">
        <ele>1139.16</ele>
      </trkpt>
      <trkpt lat="45.356326" lon="5.830523">
        <ele>1139.11</ele>
      </trkpt>
      <trkpt lat="45.356275" lon="5.830497">
        <ele>1139.4</ele>
      </trkpt>
      <trkpt lat="45.356239" lon="5.8305">
        <ele>1139.82</ele>
      </trkpt>
      <trkpt lat="45.356239" lon="5.8305">
        <ele>1139.82</ele>
      </trkpt>
      <trkpt lat="45.356096" lon="5.830549">
        <ele>1142.29</ele>
      </trkpt>
      <trkpt lat="45.355852" lon="5.830713">
        <ele>1147.63</ele>
      </trkpt>
      <trkpt lat="45.355726" lon="5.83078">
        <ele>1149.45</ele>
      </trkpt>
      <trkpt lat="45.355659" lon="5.830776">
        <ele>1150.07</ele>
      </trkpt>
      <trkpt lat="45.355622" lon="5.830747">
        <ele>1150.33</ele>
      </trkpt>
      <trkpt lat="45.355622" lon="5.830747">
        <ele>1150.34</ele>
      </trkpt>
      <trkpt lat="45.3556" lon="5.830729">
        <ele>1150.5</ele>
      </trkpt>
      <trkpt lat="45.355562" lon="5.830663">
        <ele>1150.43</ele>
      </trkpt>
      <trkpt lat="45.355532" lon="5.830492">
        <ele>1149</ele>
      </trkpt>
      <trkpt lat="45.35549" lon="5.830332">
        <ele>1148.54</ele>
      </trkpt>
      <trkpt lat="45.35539" lon="5.830197">
        <ele>1149.43</ele>
      </trkpt>
      <trkpt lat="45.355253" lon="5.830122">
        <ele>1150.13</ele>
      </trkpt>
      <trkpt lat="45.355111" lon="5.830114">
        <ele>1150.22</ele>
      </trkpt>
      <trkpt lat="45.355002" lon="5.829944">
        <ele>1147.66</ele>
      </trkpt>
      <trkpt lat="45.35499" lon="5.829869">
        <ele>1146.34</ele>
      </trkpt>
      <trkpt lat="45.354969" lon="5.829799">
        <ele>1144.83</ele>
      </trkpt>
      <trkpt lat="45.354953" lon="5.82977">
        <ele>1144.16</ele>
      </trkpt>
      <trkpt lat="45.354911" lon="5.829732">
        <ele>1143.29</ele>
      </trkpt>
      <trkpt lat="45.354874" lon="5.829732">
        <ele>1143.29</ele>
      </trkpt>
      <trkpt lat="45.354874" lon="5.829732">
        <ele>1143.29</ele>
      </trkpt>
      <trkpt lat="45.354769" lon="5.829733">
        <ele>1143.31</ele>
      </trkpt>
      <trkpt lat="45.354675" lon="5.829746">
        <ele>1143.6</ele>
      </trkpt>
      <trkpt lat="45.354571" lon="5.829732">
        <ele>1143.33</ele>
      </trkpt>
      <trkpt lat="45.35439" lon="5.829678">
        <ele>1142.02</ele>
      </trkpt>
      <trkpt lat="45.354175" lon="5.829639">
        <ele>1142.24</ele>
      </trkpt>
      <trkpt lat="45.354122" lon="5.82961">
        <ele>1141.59</ele>
      </trkpt>
      <trkpt lat="45.353991" lon="5.829511">
        <ele>1139.16</ele>
      </trkpt>
      <trkpt lat="45.353896" lon="5.829465">
        <ele>1137.78</ele>
      </trkpt>
      <trkpt lat="45.353857" lon="5.829433">
        <ele>1136.9</ele>
      </trkpt>
      <trkpt lat="45.353761" lon="5.829399">
        <ele>1135.91</ele>
      </trkpt>
      <trkpt lat="45.353603" lon="5.829305">
        <ele>1133.22</ele>
      </trkpt>
      <trkpt lat="45.353448" lon="5.829233">
        <ele>1131.69</ele>
      </trkpt>
      <trkpt lat="45.353327" lon="5.829157">
        <ele>1129.91</ele>
      </trkpt>
      <trkpt lat="45.353289" lon="5.829143">
        <ele>1129.59</ele>
      </trkpt>
      <trkpt lat="45.353251" lon="5.829106">
        <ele>1128.82</ele>
      </trkpt>
      <trkpt lat="45.353059" lon="5.82901">
        <ele>1128.1</ele>
      </trkpt>
      <trkpt lat="45.352931" lon="5.828903">
        <ele>1126.38</ele>
      </trkpt>
      <trkpt lat="45.35275" lon="5.828813">
        <ele>1126.18</ele>
      </trkpt>
      <trkpt lat="45.352643" lon="5.82879">
        <ele>1126.78</ele>
      </trkpt>
      <trkpt lat="45.352537" lon="5.828797">
        <ele>1128.54</ele>
      </trkpt>
      <trkpt lat="45.352466" lon="5.828822">
        <ele>1129.68</ele>
      </trkpt>
      <trkpt lat="45.352379" lon="5.828815">
        <ele>1130.26</ele>
      </trkpt>
      <trkpt lat="45.352368" lon="5.828792">
        <ele>1129.84</ele>
      </trkpt>
      <trkpt lat="45.352357" lon="5.828717">
        <ele>1128.17</ele>
      </trkpt>
      <trkpt lat="45.352357" lon="5.828717">
        <ele>1128.18</ele>
      </trkpt>
      <trkpt lat="45.352335" lon="5.828661">
        <ele>1127.05</ele>
      </trkpt>
      <trkpt lat="45.3523" lon="5.828619">
        <ele>1126.51</ele>
      </trkpt>
      <trkpt lat="45.352159" lon="5.828329">
        <ele>1121.8</ele>
      </trkpt>
      <trkpt lat="45.352084" lon="5.828217">
        <ele>1119.81</ele>
      </trkpt>
      <trkpt lat="45.352034" lon="5.828152">
        <ele>1118.71</ele>
      </trkpt>
      <trkpt lat="45.351777" lon="5.827921">
        <ele>1115.91</ele>
      </trkpt>
      <trkpt lat="45.351642" lon="5.827746">
        <ele>1114.15</ele>
      </trkpt>
      <trkpt lat="45.351494" lon="5.827585">
        <ele>1113.62</ele>
      </trkpt>
      <trkpt lat="45.351287" lon="5.827429">
        <ele>1114.43</ele>
      </trkpt>
      <trkpt lat="45.351241" lon="5.827355">
        <ele>1113.46</ele>
      </trkpt>
      <trkpt lat="45.351218" lon="5.827271">
        <ele>1111.91</ele>
      </trkpt>
      <trkpt lat="45.351192" lon="5.827253">
        <ele>1112.06</ele>
      </trkpt>
      <trkpt lat="45.351192" lon="5.827253">
        <ele>1112.06</ele>
      </trkpt>
      <trkpt lat="45.351044" lon="5.827149">
        <ele>1112.93</ele>
      </trkpt>
      <trkpt lat="45.350836" lon="5.827067">
        <ele>1115.55</ele>
      </trkpt>
      <trkpt lat="45.350783" lon="5.827034">
        <ele>1116.08</ele>
      </trkpt>
      <trkpt lat="45.35074" lon="5.82699">
        <ele>1116.16</ele>
      </trkpt>
      <trkpt lat="45.350655" lon="5.826881">
        <ele>1115.97</ele>
      </trkpt>
      <trkpt lat="45.350537" lon="5.826657">
        <ele>1115.22</ele>
      </trkpt>
      <trkpt lat="45.350463" lon="5.826422">
        <ele>1112.9</ele>
      </trkpt>
      <trkpt lat="45.350405" lon="5.826327">
        <ele>1112.86</ele>
      </trkpt>
      <trkpt lat="45.350338" lon="5.82627">
        <ele>1113.56</ele>
      </trkpt>
      <trkpt lat="45.350275" lon="5.826602">
        <ele>1122.24</ele>
      </trkpt>
      <trkpt lat="45.349873" lon="5.826632">
        <ele>1135.4</ele>
      </trkpt>
      <trkpt lat="45.349809" lon="5.826596">
        <ele>1136.68</ele>
      </trkpt>
      <trkpt lat="45.349744" lon="5.82652">
        <ele>1136.62</ele>
      </trkpt>
      <trkpt lat="45.349656" lon="5.826352">
        <ele>1135.05</ele>
      </trkpt>
      <trkpt lat="45.349533" lon="5.826176">
        <ele>1134.19</ele>
      </trkpt>
      <trkpt lat="45.349445" lon="5.826088">
        <ele>1133.72</ele>
      </trkpt>
      <trkpt lat="45.349415" lon="5.826072">
        <ele>1134</ele>
      </trkpt>
      <trkpt lat="45.349415" lon="5.826072">
        <ele>1134</ele>
      </trkpt>
      <trkpt lat="45.349332" lon="5.826026">
        <ele>1134.78</ele>
      </trkpt>
      <trkpt lat="45.349192" lon="5.826001">
        <ele>1136.44</ele>
      </trkpt>
      <trkpt lat="45.34906" lon="5.826038">
        <ele>1139.09</ele>
      </trkpt>
      <trkpt lat="45.348624" lon="5.826208">
        <ele>1145.4</ele>
      </trkpt>
      <trkpt lat="45.348042" lon="5.826546">
        <ele>1157.39</ele>
      </trkpt>
      <trkpt lat="45.347263" lon="5.826664">
        <ele>1170.73</ele>
      </trkpt>
      <trkpt lat="45.346548" lon="5.826871">
        <ele>1183.62</ele>
      </trkpt>
      <trkpt lat="45.346368" lon="5.82698">
        <ele>1186.61</ele>
      </trkpt>
      <trkpt lat="45.346177" lon="5.827263">
        <ele>1190.9</ele>
      </trkpt>
      <trkpt lat="45.34591" lon="5.827541">
        <ele>1196.32</ele>
      </trkpt>
      <trkpt lat="45.345736" lon="5.827684">
        <ele>1199.65</ele>
      </trkpt>
      <trkpt lat="45.345475" lon="5.827766">
        <ele>1202.92</ele>
      </trkpt>
      <trkpt lat="45.345355" lon="5.827773">
        <ele>1204.55</ele>
      </trkpt>
      <trkpt lat="45.345282" lon="5.82774">
        <ele>1204.75</ele>
      </trkpt>
      <trkpt lat="45.345275" lon="5.82778">
        <ele>1206.04</ele>
      </trkpt>
      <trkpt lat="45.345275" lon="5.82778">
        <ele>1206.04</ele>
      </trkpt>
      <trkpt lat="45.345304" lon="5.827956">
        <ele>1210.83</ele>
      </trkpt>
      <trkpt lat="45.345287" lon="5.828007">
        <ele>1212.45</ele>
      </trkpt>
      <trkpt lat="45.345217" lon="5.828041">
        <ele>1214</ele>
      </trkpt>
      <trkpt lat="45.345145" lon="5.828179">
        <ele>1218.61</ele>
      </trkpt>
      <trkpt lat="45.345123" lon="5.828326">
        <ele>1223.08</ele>
      </trkpt>
      <trkpt lat="45.345135" lon="5.828556">
        <ele>1229.53</ele>
      </trkpt>
      <trkpt lat="45.345312" lon="5.829256">
        <ele>1246.99</ele>
      </trkpt>
      <trkpt lat="45.345291" lon="5.829427">
        <ele>1251.15</ele>
      </trkpt>
      <trkpt lat="45.34524" lon="5.829505">
        <ele>1253.75</ele>
      </trkpt>
      <trkpt lat="45.345174" lon="5.82973">
        <ele>1260.08</ele>
      </trkpt>
      <trkpt lat="45.345159" lon="5.829902">
        <ele>1264.32</ele>
      </trkpt>
      <trkpt lat="45.345135" lon="5.829985">
        <ele>1266.66</ele>
      </trkpt>
      <trkpt lat="45.344971" lon="5.830084">
        <ele>1271.68</ele>
      </trkpt>
      <trkpt lat="45.344918" lon="5.830194">
        <ele>1275.07</ele>
      </trkpt>
      <trkpt lat="45.344888" lon="5.830334">
        <ele>1277.98</ele>
      </trkpt>
      <trkpt lat="45.344858" lon="5.830543">
        <ele>1282.65</ele>
      </trkpt>
      <trkpt lat="45.344716" lon="5.831082">
        <ele>1294.22</ele>
      </trkpt>
      <trkpt lat="45.344611" lon="5.831192">
        <ele>1296.43</ele>
      </trkpt>
      <trkpt lat="45.344302" lon="5.831621">
        <ele>1304.61</ele>
      </trkpt>
      <trkpt lat="45.344179" lon="5.831833">
        <ele>1307.76</ele>
      </trkpt>
      <trkpt lat="45.343868" lon="5.832324">
        <ele>1316.18</ele>
      </trkpt>
      <trkpt lat="45.343788" lon="5.832328">
        <ele>1316.08</ele>
      </trkpt>
      <trkpt lat="45.343653" lon="5.832437">
        <ele>1317.62</ele>
      </trkpt>
      <trkpt lat="45.343499" lon="5.832579">
        <ele>1320.43</ele>
      </trkpt>
      <trkpt lat="45.343305" lon="5.832701">
        <ele>1322.97</ele>
      </trkpt>
      <trkpt lat="45.343304" lon="5.832788">
        <ele>1324.65</ele>
      </trkpt>
      <trkpt lat="45.343283" lon="5.833054">
        <ele>1330.1</ele>
      </trkpt>
      <trkpt lat="45.343299" lon="5.83315">
        <ele>1332.1</ele>
      </trkpt>
      <trkpt lat="45.343299" lon="5.83315">
        <ele>1332.1</ele>
      </trkpt>
      <trkpt lat="45.343375" lon="5.833455">
        <ele>1338.66</ele>
      </trkpt>
      <trkpt lat="45.34344" lon="5.833565">
        <ele>1340.68</ele>
      </trkpt>
      <trkpt lat="45.343466" lon="5.833638">
        <ele>1342.18</ele>
      </trkpt>
      <trkpt lat="45.343435" lon="5.83389">
        <ele>1347.99</ele>
      </trkpt>
      <trkpt lat="45.343493" lon="5.833962">
        <ele>1349.48</ele>
      </trkpt>
      <trkpt lat="45.343555" lon="5.834011">
        <ele>1350.05</ele>
      </trkpt>
      <trkpt lat="45.34358" lon="5.83408">
        <ele>1351.44</ele>
      </trkpt>
      <trkpt lat="45.343571" lon="5.834294">
        <ele>1355.69</ele>
      </trkpt>
      <trkpt lat="45.343593" lon="5.834605">
        <ele>1362.62</ele>
      </trkpt>
      <trkpt lat="45.343591" lon="5.834753">
        <ele>1366.07</ele>
      </trkpt>
      <trkpt lat="45.343578" lon="5.834883">
        <ele>1369.2</ele>
      </trkpt>
      <trkpt lat="45.343597" lon="5.835001">
        <ele>1371.82</ele>
      </trkpt>
      <trkpt lat="45.343575" lon="5.835342">
        <ele>1380.88</ele>
      </trkpt>
      <trkpt lat="45.343576" lon="5.83567">
        <ele>1390.23</ele>
      </trkpt>
      <trkpt lat="45.343639" lon="5.835922">
        <ele>1396.55</ele>
      </trkpt>
      <trkpt lat="45.343647" lon="5.836062">
        <ele>1400.61</ele>
      </trkpt>
      <trkpt lat="45.343643" lon="5.836231">
        <ele>1405.52</ele>
      </trkpt>
      <trkpt lat="45.34367" lon="5.836601">
        <ele>1416.03</ele>
      </trkpt>
      <trkpt lat="45.343683" lon="5.837062">
        <ele>1427</ele>
      </trkpt>
      <trkpt lat="45.343683" lon="5.837318">
        <ele>1435.93</ele>
      </trkpt>
      <trkpt lat="45.343701" lon="5.837408">
        <ele>1438.91</ele>
      </trkpt>
      <trkpt lat="45.343682" lon="5.837526">
        <ele>1443.98</ele>
      </trkpt>
      <trkpt lat="45.343692" lon="5.837687">
        <ele>1450.95</ele>
      </trkpt>
      <trkpt lat="45.343693" lon="5.837868">
        <ele>1458.73</ele>
      </trkpt>
      <trkpt lat="45.343707" lon="5.838032">
        <ele>1465.15</ele>
      </trkpt>
      <trkpt lat="45.343696" lon="5.838251">
        <ele>1473.39</ele>
      </trkpt>
      <trkpt lat="45.343591" lon="5.838241">
        <ele>1474.8</ele>
      </trkpt>
      <trkpt lat="45.343469" lon="5.838247">
        <ele>1477.17</ele>
      </trkpt>
      <trkpt lat="45.343215" lon="5.838419">
        <ele>1480.55</ele>
      </trkpt>
      <trkpt lat="45.34325" lon="5.838508">
        <ele>1481.11</ele>
      </trkpt>
      <trkpt lat="45.343245" lon="5.838612">
        <ele>1481.24</ele>
      </trkpt>
      <trkpt lat="45.343447" lon="5.838765">
        <ele>1484.33</ele>
      </trkpt>
      <trkpt lat="45.343487" lon="5.838849">
        <ele>1485.36</ele>
      </trkpt>
      <trkpt lat="45.343534" lon="5.839191">
        <ele>1488.04</ele>
      </trkpt>
      <trkpt lat="45.343573" lon="5.839282">
        <ele>1489.23</ele>
      </trkpt>
      <trkpt lat="45.343622" lon="5.83933">
        <ele>1490.51</ele>
      </trkpt>
      <trkpt lat="45.343709" lon="5.839456">
        <ele>1492.73</ele>
      </trkpt>
      <trkpt lat="45.343764" lon="5.839545">
        <ele>1494.62</ele>
      </trkpt>
      <trkpt lat="45.343823" lon="5.839676">
        <ele>1496.81</ele>
      </trkpt>
      <trkpt lat="45.343906" lon="5.839761">
        <ele>1499.75</ele>
      </trkpt>
      <trkpt lat="45.34406" lon="5.839847">
        <ele>1504.82</ele>
      </trkpt>
      <trkpt lat="45.344179" lon="5.840204">
        <ele>1512.74</ele>
      </trkpt>
      <trkpt lat="45.344264" lon="5.840498">
        <ele>1517.7</ele>
      </trkpt>
      <trkpt lat="45.344345" lon="5.840687">
        <ele>1522.12</ele>
      </trkpt>
      <trkpt lat="45.344549" lon="5.841301">
        <ele>1535.64</ele>
      </trkpt>
      <trkpt lat="45.344635" lon="5.841575">
        <ele>1542.46</ele>
      </trkpt>
      <trkpt lat="45.34472" lon="5.841905">
        <ele>1550.51</ele>
      </trkpt>
      <trkpt lat="45.344848" lon="5.842267">
        <ele>1561.34</ele>
      </trkpt>
      <trkpt lat="45.345063" lon="5.842937">
        <ele>1580.69</ele>
      </trkpt>
      <trkpt lat="45.345283" lon="5.844073">
        <ele>1615.45</ele>
      </trkpt>
      <trkpt lat="45.345283" lon="5.844073">
        <ele>1615.45</ele>
      </trkpt>
      <trkpt lat="45.345254" lon="5.844831">
        <ele>1635.52</ele>
      </trkpt>
      <trkpt lat="45.34505" lon="5.845995">
        <ele>1662.58</ele>
      </trkpt>
      <trkpt lat="45.345042" lon="5.84611">
        <ele>1665.17</ele>
      </trkpt>
      <trkpt lat="45.344954" lon="5.846169">
        <ele>1666.55</ele>
      </trkpt>
      <trkpt lat="45.344867" lon="5.846288">
        <ele>1669.42</ele>
      </trkpt>
      <trkpt lat="45.344789" lon="5.846426">
        <ele>1672.29</ele>
      </trkpt>
      <trkpt lat="45.344677" lon="5.846669">
        <ele>1676.08</ele>
      </trkpt>
      <trkpt lat="45.344668" lon="5.846782">
        <ele>1677.58</ele>
      </trkpt>
      <trkpt lat="45.344686" lon="5.846883">
        <ele>1679.12</ele>
      </trkpt>
      <trkpt lat="45.344651" lon="5.846864">
        <ele>1678.12</ele>
      </trkpt>
      <trkpt lat="45.34463" lon="5.84691">
        <ele>1677.92</ele>
      </trkpt>
      <trkpt lat="45.344653" lon="5.847102">
        <ele>1679.38</ele>
      </trkpt>
      <trkpt lat="45.344735" lon="5.847287">
        <ele>1681.67</ele>
      </trkpt>
      <trkpt lat="45.344811" lon="5.847398">
        <ele>1684.06</ele>
      </trkpt>
      <trkpt lat="45.344842" lon="5.847566">
        <ele>1688.03</ele>
      </trkpt>
      <trkpt lat="45.344872" lon="5.847649">
        <ele>1690.32</ele>
      </trkpt>
      <trkpt lat="45.34499" lon="5.847764">
        <ele>1694.73</ele>
      </trkpt>
      <trkpt lat="45.345017" lon="5.84781">
        <ele>1696.04</ele>
      </trkpt>
      <trkpt lat="45.345058" lon="5.847914">
        <ele>1698.91</ele>
      </trkpt>
      <trkpt lat="45.345068" lon="5.848083">
        <ele>1702.85</ele>
      </trkpt>
      <trkpt lat="45.345138" lon="5.848336">
        <ele>1708.49</ele>
      </trkpt>
      <trkpt lat="45.34521" lon="5.848369">
        <ele>1708.71</ele>
      </trkpt>
      <trkpt lat="45.345231" lon="5.84842">
        <ele>1709.77</ele>
      </trkpt>
      <trkpt lat="45.345236" lon="5.848448">
        <ele>1710.31</ele>
      </trkpt>
      <trkpt lat="45.345216" lon="5.848499">
        <ele>1711.64</ele>
      </trkpt>
      <trkpt lat="45.345219" lon="5.848529">
        <ele>1712.19</ele>
      </trkpt>
      <trkpt lat="45.345279" lon="5.848832">
        <ele>1719.43</ele>
      </trkpt>
      <trkpt lat="45.345264" lon="5.848887">
        <ele>1720.5</ele>
      </trkpt>
      <trkpt lat="45.345264" lon="5.848943">
        <ele>1721.71</ele>
      </trkpt>
      <trkpt lat="45.345288" lon="5.848991">
        <ele>1723.47</ele>
      </trkpt>
      <trkpt lat="45.345387" lon="5.849089">
        <ele>1726.94</ele>
      </trkpt>
      <trkpt lat="45.345476" lon="5.84941">
        <ele>1742.09</ele>
      </trkpt>
      <trkpt lat="45.345574" lon="5.849549">
        <ele>1749.62</ele>
      </trkpt>
      <trkpt lat="45.345592" lon="5.849632">
        <ele>1754.14</ele>
      </trkpt>
      <trkpt lat="45.34558" lon="5.849657">
        <ele>1755.67</ele>
      </trkpt>
      <trkpt lat="45.345541" lon="5.849665">
        <ele>1756.68</ele>
      </trkpt>
      <trkpt lat="45.345524" lon="5.849685">
        <ele>1757.89</ele>
      </trkpt>
      <trkpt lat="45.345585" lon="5.849807">
        <ele>1763.86</ele>
      </trkpt>
      <trkpt lat="45.345583" lon="5.849862">
        <ele>1766.91</ele>
      </trkpt>
      <trkpt lat="45.345607" lon="5.849966">
        <ele>1772.65</ele>
      </trkpt>
      <trkpt lat="45.345584" lon="5.850034">
        <ele>1774.05</ele>
      </trkpt>
      <trkpt lat="45.345749" lon="5.850192">
        <ele>1775.48</ele>
      </trkpt>
      <trkpt lat="45.345776" lon="5.850207">
        <ele>1775.12</ele>
      </trkpt>
      <trkpt lat="45.345749" lon="5.850192">
        <ele>1775.48</ele>
      </trkpt>
      <trkpt lat="45.345584" lon="5.850034">
        <ele>1774.05</ele>
      </trkpt>
      <trkpt lat="45.345607" lon="5.849966">
        <ele>1772.65</ele>
      </trkpt>
      <trkpt lat="45.345583" lon="5.849862">
        <ele>1766.91</ele>
      </trkpt>
      <trkpt lat="45.345585" lon="5.849807">
        <ele>1763.86</ele>
      </trkpt>
      <trkpt lat="45.345524" lon="5.849685">
        <ele>1757.89</ele>
      </trkpt>
      <trkpt lat="45.345541" lon="5.849665">
        <ele>1756.68</ele>
      </trkpt>
      <trkpt lat="45.34558" lon="5.849657">
        <ele>1755.67</ele>
      </trkpt>
      <trkpt lat="45.345592" lon="5.849632">
        <ele>1754.14</ele>
      </trkpt>
      <trkpt lat="45.345574" lon="5.849549">
        <ele>1749.62</ele>
      </trkpt>
      <trkpt lat="45.345476" lon="5.84941">
        <ele>1742.09</ele>
      </trkpt>
      <trkpt lat="45.345387" lon="5.849089">
        <ele>1726.94</ele>
      </trkpt>
      <trkpt lat="45.345288" lon="5.848991">
        <ele>1723.47</ele>
      </trkpt>
      <trkpt lat="45.345264" lon="5.848943">
        <ele>1721.71</ele>
      </trkpt>
      <trkpt lat="45.345264" lon="5.848887">
        <ele>1720.5</ele>
      </trkpt>
      <trkpt lat="45.345279" lon="5.848832">
        <ele>1719.43</ele>
      </trkpt>
      <trkpt lat="45.345219" lon="5.848529">
        <ele>1712.19</ele>
      </trkpt>
      <trkpt lat="45.345216" lon="5.848499">
        <ele>1711.64</ele>
      </trkpt>
      <trkpt lat="45.345236" lon="5.848448">
        <ele>1710.31</ele>
      </trkpt>
      <trkpt lat="45.345231" lon="5.84842">
        <ele>1709.77</ele>
      </trkpt>
      <trkpt lat="45.34521" lon="5.848369">
        <ele>1708.71</ele>
      </trkpt>
      <trkpt lat="45.345138" lon="5.848336">
        <ele>1708.49</ele>
      </trkpt>
      <trkpt lat="45.345068" lon="5.848083">
        <ele>1702.85</ele>
      </trkpt>
      <trkpt lat="45.345058" lon="5.847914">
        <ele>1698.91</ele>
      </trkpt>
      <trkpt lat="45.345017" lon="5.84781">
        <ele>1696.04</ele>
      </trkpt>
      <trkpt lat="45.34499" lon="5.847764">
        <ele>1694.73</ele>
      </trkpt>
      <trkpt lat="45.344872" lon="5.847649">
        <ele>1690.32</ele>
      </trkpt>
      <trkpt lat="45.344842" lon="5.847566">
        <ele>1688.03</ele>
      </trkpt>
      <trkpt lat="45.344811" lon="5.847398">
        <ele>1684.06</ele>
      </trkpt>
      <trkpt lat="45.344735" lon="5.847287">
        <ele>1681.67</ele>
      </trkpt>
      <trkpt lat="45.344653" lon="5.847102">
        <ele>1679.38</ele>
      </trkpt>
      <trkpt lat="45.34463" lon="5.84691">
        <ele>1677.92</ele>
      </trkpt>
      <trkpt lat="45.344651" lon="5.846864">
        <ele>1678.12</ele>
      </trkpt>
      <trkpt lat="45.344686" lon="5.846883">
        <ele>1679.12</ele>
      </trkpt>
      <trkpt lat="45.344668" lon="5.846782">
        <ele>1677.58</ele>
      </trkpt>
      <trkpt lat="45.344677" lon="5.846669">
        <ele>1676.08</ele>
      </trkpt>
      <trkpt lat="45.344673" lon="5.846675">
        <ele>1676.08</ele>
      </trkpt>
      <trkpt lat="45.344668" lon="5.846669">
        <ele>1674.7099542367896</ele>
      </trkpt>
      <trkpt lat="45.344673" lon="5.846675">
        <ele>1676.08</ele>
      </trkpt>
      <trkpt lat="45.344563" lon="5.846865">
        <ele>1675.94</ele>
      </trkpt>
      <trkpt lat="45.34452" lon="5.847061">
        <ele>1675.73</ele>
      </trkpt>
      <trkpt lat="45.344464" lon="5.847716">
        <ele>1672.51</ele>
      </trkpt>
      <trkpt lat="45.344337" lon="5.848663">
        <ele>1662.93</ele>
      </trkpt>
      <trkpt lat="45.344297" lon="5.848881">
        <ele>1659.47</ele>
      </trkpt>
      <trkpt lat="45.344225" lon="5.849125">
        <ele>1656.23</ele>
      </trkpt>
      <trkpt lat="45.344062" lon="5.849516">
        <ele>1651.48</ele>
      </trkpt>
      <trkpt lat="45.34378" lon="5.850048">
        <ele>1643.92</ele>
      </trkpt>
      <trkpt lat="45.34378" lon="5.850048">
        <ele>1643.92</ele>
      </trkpt>
      <trkpt lat="45.343757" lon="5.850093">
        <ele>1643.29</ele>
      </trkpt>
      <trkpt lat="45.343851" lon="5.849462">
        <ele>1632.47</ele>
      </trkpt>
      <trkpt lat="45.34388" lon="5.84908">
        <ele>1630.16</ele>
      </trkpt>
      <trkpt lat="45.34387" lon="5.848745">
        <ele>1628.79</ele>
      </trkpt>
      <trkpt lat="45.343771" lon="5.848446">
        <ele>1623.1</ele>
      </trkpt>
      <trkpt lat="45.343641" lon="5.848146">
        <ele>1616.78</ele>
      </trkpt>
      <trkpt lat="45.343557" lon="5.847855">
        <ele>1614.25</ele>
      </trkpt>
      <trkpt lat="45.343448" lon="5.847576">
        <ele>1610.27</ele>
      </trkpt>
      <trkpt lat="45.343318" lon="5.847347">
        <ele>1605.33</ele>
      </trkpt>
      <trkpt lat="45.343321" lon="5.847386">
        <ele>1605.01</ele>
      </trkpt>
      <trkpt lat="45.343321" lon="5.847386">
        <ele>1605.01</ele>
      </trkpt>
      <trkpt lat="45.34336" lon="5.847868">
        <ele>1601.08</ele>
      </trkpt>
      <trkpt lat="45.343335" lon="5.848321">
        <ele>1593.24</ele>
      </trkpt>
      <trkpt lat="45.343339" lon="5.848815">
        <ele>1590.19</ele>
      </trkpt>
      <trkpt lat="45.343266" lon="5.849127">
        <ele>1586.57</ele>
      </trkpt>
      <trkpt lat="45.342978" lon="5.849809">
        <ele>1577.41</ele>
      </trkpt>
      <trkpt lat="45.342952" lon="5.849846">
        <ele>1576.85</ele>
      </trkpt>
      <trkpt lat="45.342952" lon="5.849846">
        <ele>1576.85</ele>
      </trkpt>
      <trkpt lat="45.342742" lon="5.850137">
        <ele>1572.36</ele>
      </trkpt>
      <trkpt lat="45.342543" lon="5.850345">
        <ele>1568.51</ele>
      </trkpt>
      <trkpt lat="45.342279" lon="5.850527">
        <ele>1561.49</ele>
      </trkpt>
      <trkpt lat="45.342201" lon="5.850637">
        <ele>1561.46</ele>
      </trkpt>
      <trkpt lat="45.342058" lon="5.850782">
        <ele>1559.79</ele>
      </trkpt>
      <trkpt lat="45.341998" lon="5.850869">
        <ele>1560.58</ele>
      </trkpt>
      <trkpt lat="45.341744" lon="5.851063">
        <ele>1558.69</ele>
      </trkpt>
      <trkpt lat="45.341392" lon="5.851278">
        <ele>1553.72</ele>
      </trkpt>
      <trkpt lat="45.341029" lon="5.851361">
        <ele>1540.69</ele>
      </trkpt>
      <trkpt lat="45.340841" lon="5.851498">
        <ele>1540.17</ele>
      </trkpt>
      <trkpt lat="45.340711" lon="5.851683">
        <ele>1543.33</ele>
      </trkpt>
      <trkpt lat="45.340657" lon="5.851806">
        <ele>1543.92</ele>
      </trkpt>
      <trkpt lat="45.340652" lon="5.851921">
        <ele>1545.05</ele>
      </trkpt>
      <trkpt lat="45.340507" lon="5.852021">
        <ele>1537.84</ele>
      </trkpt>
      <trkpt lat="45.340534" lon="5.852068">
        <ele>1538.37</ele>
      </trkpt>
      <trkpt lat="45.340534" lon="5.852068">
        <ele>1538.36</ele>
      </trkpt>
      <trkpt lat="45.340549" lon="5.852093">
        <ele>1538.64</ele>
      </trkpt>
      <trkpt lat="45.340753" lon="5.852285">
        <ele>1540.04</ele>
      </trkpt>
      <trkpt lat="45.340811" lon="5.852292">
        <ele>1541.59</ele>
      </trkpt>
      <trkpt lat="45.340935" lon="5.852353">
        <ele>1543.48</ele>
      </trkpt>
      <trkpt lat="45.341101" lon="5.852415">
        <ele>1545.34</ele>
      </trkpt>
      <trkpt lat="45.341157" lon="5.852536">
        <ele>1539.46</ele>
      </trkpt>
      <trkpt lat="45.340989" lon="5.852503">
        <ele>1535.97</ele>
      </trkpt>
      <trkpt lat="45.341127" lon="5.852764">
        <ele>1525.15</ele>
      </trkpt>
      <trkpt lat="45.341323" lon="5.852807">
        <ele>1529.24</ele>
      </trkpt>
      <trkpt lat="45.341444" lon="5.852892">
        <ele>1528.89</ele>
      </trkpt>
      <trkpt lat="45.341791" lon="5.853171">
        <ele>1523.9</ele>
      </trkpt>
      <trkpt lat="45.342191" lon="5.853289">
        <ele>1526.81</ele>
      </trkpt>
      <trkpt lat="45.342304" lon="5.853429">
        <ele>1522.31</ele>
      </trkpt>
      <trkpt lat="45.342636" lon="5.853493">
        <ele>1526.94</ele>
      </trkpt>
      <trkpt lat="45.342937" lon="5.853643">
        <ele>1525.99</ele>
      </trkpt>
      <trkpt lat="45.343118" lon="5.853772">
        <ele>1523.58</ele>
      </trkpt>
      <trkpt lat="45.343435" lon="5.853987">
        <ele>1522.71</ele>
      </trkpt>
      <trkpt lat="45.343752" lon="5.854115">
        <ele>1526.39</ele>
      </trkpt>
      <trkpt lat="45.343978" lon="5.854266">
        <ele>1525.6</ele>
      </trkpt>
      <trkpt lat="45.344279" lon="5.854437">
        <ele>1523.65</ele>
      </trkpt>
      <trkpt lat="45.344476" lon="5.854459">
        <ele>1526.1</ele>
      </trkpt>
      <trkpt lat="45.344702" lon="5.854781">
        <ele>1519.58</ele>
      </trkpt>
      <trkpt lat="45.345215" lon="5.855038">
        <ele>1519.38</ele>
      </trkpt>
      <trkpt lat="45.345441" lon="5.85521">
        <ele>1516.87</ele>
      </trkpt>
      <trkpt lat="45.345788" lon="5.855339">
        <ele>1519.12</ele>
      </trkpt>
      <trkpt lat="45.346289" lon="5.855475">
        <ele>1523.64</ele>
      </trkpt>
      <trkpt lat="45.346577" lon="5.855671">
        <ele>1523.41</ele>
      </trkpt>
      <trkpt lat="45.34676" lon="5.855849">
        <ele>1522.04</ele>
      </trkpt>
      <trkpt lat="45.346892" lon="5.855977">
        <ele>1521.06</ele>
      </trkpt>
      <trkpt lat="45.347106" lon="5.856296">
        <ele>1515.36</ele>
      </trkpt>
      <trkpt lat="45.34732" lon="5.856615">
        <ele>1512.5</ele>
      </trkpt>
      <trkpt lat="45.347597" lon="5.857077">
        <ele>1503.86</ele>
      </trkpt>
      <trkpt lat="45.347778" lon="5.857398">
        <ele>1499.68</ele>
      </trkpt>
      <trkpt lat="45.347889" lon="5.85766">
        <ele>1494.07</ele>
      </trkpt>
      <trkpt lat="45.348001" lon="5.857967">
        <ele>1483.98</ele>
      </trkpt>
      <trkpt lat="45.348023" lon="5.85819">
        <ele>1485.47</ele>
      </trkpt>
      <trkpt lat="45.348019" lon="5.858191">
        <ele>1485.2811157777544</ele>
      </trkpt>
      <trkpt lat="45.348023" lon="5.85819">
        <ele>1485.47</ele>
      </trkpt>
      <trkpt lat="45.348024" lon="5.858205">
        <ele>1485.56</ele>
      </trkpt>
      <trkpt lat="45.347469" lon="5.85862">
        <ele>1482.85</ele>
      </trkpt>
      <trkpt lat="45.347187" lon="5.858862">
        <ele>1483.21</ele>
      </trkpt>
      <trkpt lat="45.34701" lon="5.859224">
        <ele>1490.79</ele>
      </trkpt>
      <trkpt lat="45.346833" lon="5.859586">
        <ele>1495.67</ele>
      </trkpt>
      <trkpt lat="45.346636" lon="5.859819">
        <ele>1493.86</ele>
      </trkpt>
      <trkpt lat="45.34644" lon="5.860052">
        <ele>1488.64</ele>
      </trkpt>
      <trkpt lat="45.346241" lon="5.860327">
        <ele>1479.06</ele>
      </trkpt>
      <trkpt lat="45.346241" lon="5.860327">
        <ele>1479.07</ele>
      </trkpt>
      <trkpt lat="45.346232" lon="5.860339">
        <ele>1478.64</ele>
      </trkpt>
      <trkpt lat="45.346226" lon="5.860458">
        <ele>1478.27</ele>
      </trkpt>
      <trkpt lat="45.346268" lon="5.860568">
        <ele>1480.41</ele>
      </trkpt>
      <trkpt lat="45.346226" lon="5.860828">
        <ele>1477.27</ele>
      </trkpt>
      <trkpt lat="45.346309" lon="5.861095">
        <ele>1483.43</ele>
      </trkpt>
      <trkpt lat="45.346319" lon="5.86137">
        <ele>1485.05</ele>
      </trkpt>
      <trkpt lat="45.346296" lon="5.86174">
        <ele>1483.25</ele>
      </trkpt>
      <trkpt lat="45.346224" lon="5.862216">
        <ele>1475.55</ele>
      </trkpt>
      <trkpt lat="45.346234" lon="5.862325">
        <ele>1475.1</ele>
      </trkpt>
      <trkpt lat="45.346322" lon="5.862431">
        <ele>1479.33</ele>
      </trkpt>
      <trkpt lat="45.346403" lon="5.862652">
        <ele>1480.78</ele>
      </trkpt>
      <trkpt lat="45.34649" lon="5.862916">
        <ele>1480.72</ele>
      </trkpt>
      <trkpt lat="45.346444" lon="5.863045">
        <ele>1475.08</ele>
      </trkpt>
      <trkpt lat="45.346444" lon="5.863176">
        <ele>1472.35</ele>
      </trkpt>
      <trkpt lat="45.34646" lon="5.863301">
        <ele>1470.83</ele>
      </trkpt>
      <trkpt lat="45.346559" lon="5.863486">
        <ele>1473.31</ele>
      </trkpt>
      <trkpt lat="45.346582" lon="5.863546">
        <ele>1473.56</ele>
      </trkpt>
      <trkpt lat="45.346581" lon="5.863632">
        <ele>1472.57</ele>
      </trkpt>
      <trkpt lat="45.346607" lon="5.863765">
        <ele>1472.48</ele>
      </trkpt>
      <trkpt lat="45.346661" lon="5.863863">
        <ele>1474.49</ele>
      </trkpt>
      <trkpt lat="45.346701" lon="5.863963">
        <ele>1476.03</ele>
      </trkpt>
      <trkpt lat="45.346673" lon="5.864139">
        <ele>1474.58</ele>
      </trkpt>
      <trkpt lat="45.346705" lon="5.864409">
        <ele>1477.15</ele>
      </trkpt>
      <trkpt lat="45.34667" lon="5.864608">
        <ele>1478.68</ele>
      </trkpt>
      <trkpt lat="45.346626" lon="5.864639">
        <ele>1478.94</ele>
      </trkpt>
      <trkpt lat="45.346626" lon="5.864639">
        <ele>1478.94</ele>
      </trkpt>
      <trkpt lat="45.346382" lon="5.864809">
        <ele>1480.36</ele>
      </trkpt>
      <trkpt lat="45.34623" lon="5.864831">
        <ele>1480.31</ele>
      </trkpt>
      <trkpt lat="45.34603" lon="5.864925">
        <ele>1484.45</ele>
      </trkpt>
      <trkpt lat="45.345802" lon="5.864945">
        <ele>1488.71</ele>
      </trkpt>
      <trkpt lat="45.34575" lon="5.864978">
        <ele>1490.96</ele>
      </trkpt>
      <trkpt lat="45.345696" lon="5.864959">
        <ele>1492.58</ele>
      </trkpt>
      <trkpt lat="45.345519" lon="5.864927">
        <ele>1499.14</ele>
      </trkpt>
      <trkpt lat="45.345403" lon="5.86476">
        <ele>1500.04</ele>
      </trkpt>
      <trkpt lat="45.345144" lon="5.864543">
        <ele>1507.02</ele>
      </trkpt>
      <trkpt lat="45.344872" lon="5.86444">
        <ele>1514.51</ele>
      </trkpt>
      <trkpt lat="45.344788" lon="5.864427">
        <ele>1516.66</ele>
      </trkpt>
      <trkpt lat="45.344499" lon="5.864575">
        <ele>1530.21</ele>
      </trkpt>
      <trkpt lat="45.344386" lon="5.86465">
        <ele>1534.95</ele>
      </trkpt>
      <trkpt lat="45.344386" lon="5.86465">
        <ele>1534.96</ele>
      </trkpt>
      <trkpt lat="45.344334" lon="5.864684">
        <ele>1537.16</ele>
      </trkpt>
      <trkpt lat="45.344196" lon="5.864836">
        <ele>1544.34</ele>
      </trkpt>
      <trkpt lat="45.343988" lon="5.865025">
        <ele>1550.86</ele>
      </trkpt>
      <trkpt lat="45.343832" lon="5.86528">
        <ele>1557.92</ele>
      </trkpt>
      <trkpt lat="45.343676" lon="5.865536">
        <ele>1562.63</ele>
      </trkpt>
      <trkpt lat="45.343411" lon="5.865911">
        <ele>1569.97</ele>
      </trkpt>
      <trkpt lat="45.342702" lon="5.86648">
        <ele>1579.06</ele>
      </trkpt>
      <trkpt lat="45.342455" lon="5.866662">
        <ele>1582.01</ele>
      </trkpt>
      <trkpt lat="45.342299" lon="5.866816">
        <ele>1584.65</ele>
      </trkpt>
      <trkpt lat="45.342221" lon="5.866934">
        <ele>1587.23</ele>
      </trkpt>
      <trkpt lat="45.342221" lon="5.866934">
        <ele>1587.23</ele>
      </trkpt>
      <trkpt lat="45.342092" lon="5.867165">
        <ele>1591.2</ele>
      </trkpt>
      <trkpt lat="45.341853" lon="5.867808">
        <ele>1603.42</ele>
      </trkpt>
      <trkpt lat="45.341705" lon="5.868237">
        <ele>1607.33</ele>
      </trkpt>
      <trkpt lat="45.341681" lon="5.868427">
        <ele>1609.07</ele>
      </trkpt>
      <trkpt lat="45.341687" lon="5.86852">
        <ele>1610.35</ele>
      </trkpt>
      <trkpt lat="45.341687" lon="5.86852">
        <ele>1610.34</ele>
      </trkpt>
      <trkpt lat="45.341715" lon="5.868718">
        <ele>1612.72</ele>
      </trkpt>
      <trkpt lat="45.341777" lon="5.86879">
        <ele>1616.84</ele>
      </trkpt>
      <trkpt lat="45.341813" lon="5.868887">
        <ele>1619.21</ele>
      </trkpt>
      <trkpt lat="45.34186" lon="5.869095">
        <ele>1621.12</ele>
      </trkpt>
      <trkpt lat="45.341873" lon="5.869395">
        <ele>1621.92</ele>
      </trkpt>
      <trkpt lat="45.341878" lon="5.870069">
        <ele>1625.15</ele>
      </trkpt>
      <trkpt lat="45.34196" lon="5.870208">
        <ele>1631.93</ele>
      </trkpt>
      <trkpt lat="45.341952" lon="5.870372">
        <ele>1630.9</ele>
      </trkpt>
      <trkpt lat="45.342056" lon="5.870646">
        <ele>1636.39</ele>
      </trkpt>
      <trkpt lat="45.342099" lon="5.870813">
        <ele>1637.52</ele>
      </trkpt>
      <trkpt lat="45.342052" lon="5.871085">
        <ele>1635.83</ele>
      </trkpt>
      <trkpt lat="45.342017" lon="5.87116">
        <ele>1635.8</ele>
      </trkpt>
      <trkpt lat="45.342017" lon="5.87116">
        <ele>1635.8</ele>
      </trkpt>
      <trkpt lat="45.341971" lon="5.871259">
        <ele>1635.76</ele>
      </trkpt>
      <trkpt lat="45.341866" lon="5.871411">
        <ele>1634.09</ele>
      </trkpt>
      <trkpt lat="45.341652" lon="5.871584">
        <ele>1627.84</ele>
      </trkpt>
      <trkpt lat="45.341529" lon="5.871696">
        <ele>1624.06</ele>
      </trkpt>
      <trkpt lat="45.341417" lon="5.871838">
        <ele>1624.13</ele>
      </trkpt>
      <trkpt lat="45.341242" lon="5.872047">
        <ele>1635.05</ele>
      </trkpt>
      <trkpt lat="45.341129" lon="5.872051">
        <ele>1636.84</ele>
      </trkpt>
      <trkpt lat="45.340925" lon="5.87194">
        <ele>1630.61</ele>
      </trkpt>
      <trkpt lat="45.340823" lon="5.871922">
        <ele>1629.37</ele>
      </trkpt>
      <trkpt lat="45.340798" lon="5.87194">
        <ele>1630.34</ele>
      </trkpt>
      <trkpt lat="45.340769" lon="5.871993">
        <ele>1633.19</ele>
      </trkpt>
      <trkpt lat="45.340788" lon="5.872359">
        <ele>1649.59</ele>
      </trkpt>
      <trkpt lat="45.340782" lon="5.872545">
        <ele>1653.58</ele>
      </trkpt>
      <trkpt lat="45.340773" lon="5.872596">
        <ele>1654.52</ele>
      </trkpt>
      <trkpt lat="45.340732" lon="5.872648">
        <ele>1654.48</ele>
      </trkpt>
      <trkpt lat="45.340614" lon="5.872725">
        <ele>1653.47</ele>
      </trkpt>
      <trkpt lat="45.340547" lon="5.872811">
        <ele>1654.46</ele>
      </trkpt>
      <trkpt lat="45.340526" lon="5.872888">
        <ele>1656.33</ele>
      </trkpt>
      <trkpt lat="45.340522" lon="5.872937">
        <ele>1657.58</ele>
      </trkpt>
      <trkpt lat="45.34044" lon="5.873087">
        <ele>1659.78</ele>
      </trkpt>
      <trkpt lat="45.340256" lon="5.873331">
        <ele>1664.43</ele>
      </trkpt>
      <trkpt lat="45.34012" lon="5.873491">
        <ele>1667.95</ele>
      </trkpt>
      <trkpt lat="45.34002" lon="5.873634">
        <ele>1672.07</ele>
      </trkpt>
      <trkpt lat="45.34002" lon="5.873634">
        <ele>1672.08</ele>
      </trkpt>
      <trkpt lat="45.340006" lon="5.873663">
        <ele>1672.92</ele>
      </trkpt>
      <trkpt lat="45.340169" lon="5.873717">
        <ele>1675.98</ele>
      </trkpt>
      <trkpt lat="45.340365" lon="5.873833">
        <ele>1682.05</ele>
      </trkpt>
      <trkpt lat="45.340441" lon="5.873859">
        <ele>1684.22</ele>
      </trkpt>
      <trkpt lat="45.340628" lon="5.87381">
        <ele>1687.65</ele>
      </trkpt>
      <trkpt lat="45.340711" lon="5.873814">
        <ele>1690.19</ele>
      </trkpt>
      <trkpt lat="45.340793" lon="5.873791">
        <ele>1691.41</ele>
      </trkpt>
      <trkpt lat="45.340842" lon="5.873797">
        <ele>1693.07</ele>
      </trkpt>
      <trkpt lat="45.340947" lon="5.873764">
        <ele>1695.39</ele>
      </trkpt>
      <trkpt lat="45.340955" lon="5.873781">
        <ele>1696.23</ele>
      </trkpt>
      <trkpt lat="45.340906" lon="5.873852">
        <ele>1697.09</ele>
      </trkpt>
      <trkpt lat="45.340906" lon="5.873852">
        <ele>1697.09</ele>
      </trkpt>
      <trkpt lat="45.340807" lon="5.874021">
        <ele>1699.79</ele>
      </trkpt>
      <trkpt lat="45.340754" lon="5.874133">
        <ele>1702.6</ele>
      </trkpt>
      <trkpt lat="45.340689" lon="5.87423">
        <ele>1704.13</ele>
      </trkpt>
      <trkpt lat="45.340627" lon="5.874358">
        <ele>1706.51</ele>
      </trkpt>
      <trkpt lat="45.340567" lon="5.874503">
        <ele>1710.26</ele>
      </trkpt>
      <trkpt lat="45.340524" lon="5.874566">
        <ele>1711.35</ele>
      </trkpt>
      <trkpt lat="45.3405" lon="5.874617">
        <ele>1712.52</ele>
      </trkpt>
      <trkpt lat="45.340487" lon="5.874669">
        <ele>1714.14</ele>
      </trkpt>
      <trkpt lat="45.340403" lon="5.87475">
        <ele>1715.2</ele>
      </trkpt>
      <trkpt lat="45.340375" lon="5.874775">
        <ele>1715.35</ele>
      </trkpt>
      <trkpt lat="45.340328" lon="5.874867">
        <ele>1717.41</ele>
      </trkpt>
      <trkpt lat="45.340253" lon="5.874982">
        <ele>1720.44</ele>
      </trkpt>
      <trkpt lat="45.340254" lon="5.874996">
        <ele>1721</ele>
      </trkpt>
      <trkpt lat="45.340298" lon="5.875005">
        <ele>1722.08</ele>
      </trkpt>
      <trkpt lat="45.340381" lon="5.875021">
        <ele>1724.11</ele>
      </trkpt>
      <trkpt lat="45.340525" lon="5.875026">
        <ele>1727.86</ele>
      </trkpt>
      <trkpt lat="45.340618" lon="5.875008">
        <ele>1729.89</ele>
      </trkpt>
      <trkpt lat="45.340715" lon="5.875012">
        <ele>1733.58</ele>
      </trkpt>
      <trkpt lat="45.340755" lon="5.874992">
        <ele>1734.63</ele>
      </trkpt>
      <trkpt lat="45.340793" lon="5.874938">
        <ele>1734.24</ele>
      </trkpt>
      <trkpt lat="45.340883" lon="5.874879">
        <ele>1735.07</ele>
      </trkpt>
      <trkpt lat="45.340939" lon="5.874876">
        <ele>1736.72</ele>
      </trkpt>
      <trkpt lat="45.341002" lon="5.874851">
        <ele>1738.11</ele>
      </trkpt>
      <trkpt lat="45.341202" lon="5.87483">
        <ele>1744.41</ele>
      </trkpt>
      <trkpt lat="45.34122" lon="5.874809">
        <ele>1744.21</ele>
      </trkpt>
      <trkpt lat="45.34125" lon="5.874809">
        <ele>1745.56</ele>
      </trkpt>
      <trkpt lat="45.341392" lon="5.874724">
        <ele>1749.75</ele>
      </trkpt>
      <trkpt lat="45.341484" lon="5.874643">
        <ele>1753.58</ele>
      </trkpt>
      <trkpt lat="45.341594" lon="5.874488">
        <ele>1755.68</ele>
      </trkpt>
      <trkpt lat="45.341619" lon="5.874438">
        <ele>1755.58</ele>
      </trkpt>
      <trkpt lat="45.341682" lon="5.874366">
        <ele>1757.22</ele>
      </trkpt>
      <trkpt lat="45.341784" lon="5.874318">
        <ele>1763.07</ele>
      </trkpt>
      <trkpt lat="45.341793" lon="5.87433">
        <ele>1764.14</ele>
      </trkpt>
      <trkpt lat="45.341785" lon="5.874384">
        <ele>1765.08</ele>
      </trkpt>
      <trkpt lat="45.341749" lon="5.874463">
        <ele>1765.27</ele>
      </trkpt>
      <trkpt lat="45.341756" lon="5.874477">
        <ele>1766.25</ele>
      </trkpt>
      <trkpt lat="45.341801" lon="5.874454">
        <ele>1768.6</ele>
      </trkpt>
      <trkpt lat="45.341876" lon="5.8744">
        <ele>1772.34</ele>
      </trkpt>
      <trkpt lat="45.341927" lon="5.874311">
        <ele>1773.9</ele>
      </trkpt>
      <trkpt lat="45.341962" lon="5.874225">
        <ele>1774.05</ele>
      </trkpt>
      <trkpt lat="45.342043" lon="5.874116">
        <ele>1774.56</ele>
      </trkpt>
      <trkpt lat="45.342088" lon="5.874081">
        <ele>1775</ele>
      </trkpt>
      <trkpt lat="45.342236" lon="5.87403">
        <ele>1776.98</ele>
      </trkpt>
      <trkpt lat="45.342235" lon="5.874024">
        <ele>1780.286115545783</ele>
      </trkpt>
      <trkpt lat="45.342236" lon="5.87403">
        <ele>1776.98</ele>
      </trkpt>
      <trkpt lat="45.342243" lon="5.874028">
        <ele>1777.08</ele>
      </trkpt>
      <trkpt lat="45.342243" lon="5.874028">
        <ele>1777.08</ele>
      </trkpt>
      <trkpt lat="45.342243" lon="5.874028">
        <ele>1777.08</ele>
      </trkpt>
      <trkpt lat="45.342246" lon="5.874042">
        <ele>1777.99</ele>
      </trkpt>
      <trkpt lat="45.342205" lon="5.874159">
        <ele>1782.86</ele>
      </trkpt>
      <trkpt lat="45.342178" lon="5.874277">
        <ele>1787.4</ele>
      </trkpt>
      <trkpt lat="45.342132" lon="5.874502">
        <ele>1793.99</ele>
      </trkpt>
      <trkpt lat="45.342117" lon="5.874634">
        <ele>1797.1</ele>
      </trkpt>
      <trkpt lat="45.342039" lon="5.874857">
        <ele>1799.79</ele>
      </trkpt>
      <trkpt lat="45.341926" lon="5.875098">
        <ele>1804.11</ele>
      </trkpt>
      <trkpt lat="45.342023" lon="5.875066">
        <ele>1808.24</ele>
      </trkpt>
      <trkpt lat="45.34214" lon="5.87501">
        <ele>1812.4</ele>
      </trkpt>
      <trkpt lat="45.342311" lon="5.874876">
        <ele>1817.85</ele>
      </trkpt>
      <trkpt lat="45.342321" lon="5.87489">
        <ele>1819.01</ele>
      </trkpt>
      <trkpt lat="45.342185" lon="5.875228">
        <ele>1825.19</ele>
      </trkpt>
      <trkpt lat="45.342069" lon="5.875456">
        <ele>1829.79</ele>
      </trkpt>
      <trkpt lat="45.342126" lon="5.875434">
        <ele>1832.29</ele>
      </trkpt>
      <trkpt lat="45.342287" lon="5.875332">
        <ele>1835.8</ele>
      </trkpt>
      <trkpt lat="45.342493" lon="5.875206">
        <ele>1842.55</ele>
      </trkpt>
      <trkpt lat="45.342627" lon="5.875134">
        <ele>1847.07</ele>
      </trkpt>
      <trkpt lat="45.342774" lon="5.875077">
        <ele>1852.78</ele>
      </trkpt>
      <trkpt lat="45.342774" lon="5.875077">
        <ele>1852.78</ele>
      </trkpt>
      <trkpt lat="45.342781" lon="5.875074">
        <ele>1852.96</ele>
      </trkpt>
      <trkpt lat="45.342595" lon="5.875546">
        <ele>1861.49</ele>
      </trkpt>
      <trkpt lat="45.342559" lon="5.875597">
        <ele>1861.56</ele>
      </trkpt>
      <trkpt lat="45.342571" lon="5.875626">
        <ele>1863.34</ele>
      </trkpt>
      <trkpt lat="45.342647" lon="5.875579">
        <ele>1865.48</ele>
      </trkpt>
      <trkpt lat="45.342747" lon="5.87554">
        <ele>1869.56</ele>
      </trkpt>
      <trkpt lat="45.34278" lon="5.875538">
        <ele>1870.97</ele>
      </trkpt>
      <trkpt lat="45.342817" lon="5.87555">
        <ele>1873.01</ele>
      </trkpt>
      <trkpt lat="45.342873" lon="5.875528">
        <ele>1874.75</ele>
      </trkpt>
      <trkpt lat="45.342927" lon="5.87549">
        <ele>1876.13</ele>
      </trkpt>
      <trkpt lat="45.342793" lon="5.875882">
        <ele>1883.76</ele>
      </trkpt>
      <trkpt lat="45.342738" lon="5.876068">
        <ele>1887.22</ele>
      </trkpt>
      <trkpt lat="45.342697" lon="5.876169">
        <ele>1888.67</ele>
      </trkpt>
      <trkpt lat="45.342673" lon="5.87628">
        <ele>1891.08</ele>
      </trkpt>
      <trkpt lat="45.342641" lon="5.876357">
        <ele>1892.1</ele>
      </trkpt>
      <trkpt lat="45.342605" lon="5.876406">
        <ele>1892.25</ele>
      </trkpt>
      <trkpt lat="45.342609" lon="5.876426">
        <ele>1893.1</ele>
      </trkpt>
      <trkpt lat="45.342645" lon="5.876431">
        <ele>1894.82</ele>
      </trkpt>
      <trkpt lat="45.342682" lon="5.876429">
        <ele>1896.33</ele>
      </trkpt>
      <trkpt lat="45.34271" lon="5.876408">
        <ele>1896.87</ele>
      </trkpt>
      <trkpt lat="45.342733" lon="5.876406">
        <ele>1897.83</ele>
      </trkpt>
      <trkpt lat="45.342731" lon="5.876436">
        <ele>1898.63</ele>
      </trkpt>
      <trkpt lat="45.342677" lon="5.876555">
        <ele>1899.16</ele>
      </trkpt>
      <trkpt lat="45.342701" lon="5.876532">
        <ele>1899.58</ele>
      </trkpt>
      <trkpt lat="45.342701" lon="5.876532">
        <ele>1899.59</ele>
      </trkpt>
      <trkpt lat="45.342812" lon="5.876429">
        <ele>1901.46</ele>
      </trkpt>
      <trkpt lat="45.342875" lon="5.876323">
        <ele>1901.8</ele>
      </trkpt>
      <trkpt lat="45.342906" lon="5.876324">
        <ele>1902.56</ele>
      </trkpt>
      <trkpt lat="45.342941" lon="5.876251">
        <ele>1902.37</ele>
      </trkpt>
      <trkpt lat="45.343124" lon="5.876012">
        <ele>1902.21</ele>
      </trkpt>
      <trkpt lat="45.343212" lon="5.87595">
        <ele>1903.44</ele>
      </trkpt>
      <trkpt lat="45.34341" lon="5.87574">
        <ele>1903.41</ele>
      </trkpt>
      <trkpt lat="45.343453" lon="5.875656">
        <ele>1903.98</ele>
      </trkpt>
      <trkpt lat="45.343565" lon="5.875596">
        <ele>1908.05</ele>
      </trkpt>
      <trkpt lat="45.343683" lon="5.875416">
        <ele>1912.26</ele>
      </trkpt>
      <trkpt lat="45.343949" lon="5.875085">
        <ele>1916.72</ele>
      </trkpt>
      <trkpt lat="45.344024" lon="5.874932">
        <ele>1921.01</ele>
      </trkpt>
      <trkpt lat="45.344112" lon="5.874851">
        <ele>1928.62</ele>
      </trkpt>
      <trkpt lat="45.344168" lon="5.8746">
        <ele>1940.62</ele>
      </trkpt>
      <trkpt lat="45.344288" lon="5.874509">
        <ele>1952.79</ele>
      </trkpt>
      <trkpt lat="45.344358" lon="5.874569">
        <ele>1953.94</ele>
      </trkpt>
      <trkpt lat="45.344421" lon="5.874476">
        <ele>1962.29</ele>
      </trkpt>
      <trkpt lat="45.344458" lon="5.874324">
        <ele>1972.58</ele>
      </trkpt>
      <trkpt lat="45.344512" lon="5.874256">
        <ele>1979.3</ele>
      </trkpt>
      <trkpt lat="45.344536" lon="5.874117">
        <ele>1983.79</ele>
      </trkpt>
      <trkpt lat="45.344571" lon="5.874065">
        <ele>1986.3</ele>
      </trkpt>
      <trkpt lat="45.344652" lon="5.874156">
        <ele>1989.03</ele>
      </trkpt>
      <trkpt lat="45.344718" lon="5.874166">
        <ele>1991.25</ele>
      </trkpt>
      <trkpt lat="45.344747" lon="5.874108">
        <ele>1992.31</ele>
      </trkpt>
      <trkpt lat="45.344875" lon="5.874099">
        <ele>1994.61</ele>
      </trkpt>
      <trkpt lat="45.344978" lon="5.873982">
        <ele>1995.55</ele>
      </trkpt>
      <trkpt lat="45.345049" lon="5.873864">
        <ele>1995.86</ele>
      </trkpt>
      <trkpt lat="45.345181" lon="5.873878">
        <ele>1997.13</ele>
      </trkpt>
      <trkpt lat="45.345326" lon="5.873843">
        <ele>1997.85</ele>
      </trkpt>
      <trkpt lat="45.345443" lon="5.873765">
        <ele>1998.2</ele>
      </trkpt>
      <trkpt lat="45.345557" lon="5.87372">
        <ele>1999.16</ele>
      </trkpt>
      <trkpt lat="45.345638" lon="5.873748">
        <ele>1999.47</ele>
      </trkpt>
      <trkpt lat="45.345822" lon="5.873691">
        <ele>2001.68</ele>
      </trkpt>
      <trkpt lat="45.345965" lon="5.87361">
        <ele>2003.82</ele>
      </trkpt>
      <trkpt lat="45.346065" lon="5.873499">
        <ele>2005.68</ele>
      </trkpt>
      <trkpt lat="45.346142" lon="5.873444">
        <ele>2007.24</ele>
      </trkpt>
      <trkpt lat="45.346149" lon="5.873396">
        <ele>2006.54</ele>
      </trkpt>
      <trkpt lat="45.346237" lon="5.873371">
        <ele>2010.26</ele>
      </trkpt>
      <trkpt lat="45.346269" lon="5.873326">
        <ele>2009.97</ele>
      </trkpt>
      <trkpt lat="45.346307" lon="5.873188">
        <ele>2005.84</ele>
      </trkpt>
      <trkpt lat="45.34638" lon="5.873183">
        <ele>2009.55</ele>
      </trkpt>
      <trkpt lat="45.346455" lon="5.873109">
        <ele>2007.13</ele>
      </trkpt>
      <trkpt lat="45.34638" lon="5.873183">
        <ele>2009.55</ele>
      </trkpt>
      <trkpt lat="45.346307" lon="5.873188">
        <ele>2005.84</ele>
      </trkpt>
      <trkpt lat="45.346269" lon="5.873326">
        <ele>2009.97</ele>
      </trkpt>
      <trkpt lat="45.346237" lon="5.873371">
        <ele>2010.26</ele>
      </trkpt>
      <trkpt lat="45.346149" lon="5.873396">
        <ele>2006.54</ele>
      </trkpt>
      <trkpt lat="45.346142" lon="5.873444">
        <ele>2007.24</ele>
      </trkpt>
      <trkpt lat="45.346065" lon="5.873499">
        <ele>2005.68</ele>
      </trkpt>
      <trkpt lat="45.345965" lon="5.87361">
        <ele>2003.82</ele>
      </trkpt>
      <trkpt lat="45.345822" lon="5.873691">
        <ele>2001.68</ele>
      </trkpt>
      <trkpt lat="45.345638" lon="5.873748">
        <ele>1999.47</ele>
      </trkpt>
      <trkpt lat="45.345557" lon="5.87372">
        <ele>1999.16</ele>
      </trkpt>
      <trkpt lat="45.345443" lon="5.873765">
        <ele>1998.2</ele>
      </trkpt>
      <trkpt lat="45.345326" lon="5.873843">
        <ele>1997.85</ele>
      </trkpt>
      <trkpt lat="45.345181" lon="5.873878">
        <ele>1997.13</ele>
      </trkpt>
      <trkpt lat="45.345049" lon="5.873864">
        <ele>1995.86</ele>
      </trkpt>
      <trkpt lat="45.344978" lon="5.873982">
        <ele>1995.55</ele>
      </trkpt>
      <trkpt lat="45.344875" lon="5.874099">
        <ele>1994.61</ele>
      </trkpt>
      <trkpt lat="45.344747" lon="5.874108">
        <ele>1992.31</ele>
      </trkpt>
      <trkpt lat="45.344718" lon="5.874166">
        <ele>1991.25</ele>
      </trkpt>
      <trkpt lat="45.344652" lon="5.874156">
        <ele>1989.03</ele>
      </trkpt>
      <trkpt lat="45.344571" lon="5.874065">
        <ele>1986.3</ele>
      </trkpt>
      <trkpt lat="45.344536" lon="5.874117">
        <ele>1983.79</ele>
      </trkpt>
      <trkpt lat="45.344512" lon="5.874256">
        <ele>1979.3</ele>
      </trkpt>
      <trkpt lat="45.344458" lon="5.874324">
        <ele>1972.58</ele>
      </trkpt>
      <trkpt lat="45.344421" lon="5.874476">
        <ele>1962.29</ele>
      </trkpt>
      <trkpt lat="45.344358" lon="5.874569">
        <ele>1953.94</ele>
      </trkpt>
      <trkpt lat="45.344288" lon="5.874509">
        <ele>1952.79</ele>
      </trkpt>
      <trkpt lat="45.344168" lon="5.8746">
        <ele>1940.62</ele>
      </trkpt>
      <trkpt lat="45.344112" lon="5.874851">
        <ele>1928.62</ele>
      </trkpt>
      <trkpt lat="45.344024" lon="5.874932">
        <ele>1921.01</ele>
      </trkpt>
      <trkpt lat="45.343949" lon="5.875085">
        <ele>1916.72</ele>
      </trkpt>
      <trkpt lat="45.343683" lon="5.875416">
        <ele>1912.26</ele>
      </trkpt>
      <trkpt lat="45.343565" lon="5.875596">
        <ele>1908.05</ele>
      </trkpt>
      <trkpt lat="45.343453" lon="5.875656">
        <ele>1903.98</ele>
      </trkpt>
      <trkpt lat="45.34341" lon="5.87574">
        <ele>1903.41</ele>
      </trkpt>
      <trkpt lat="45.343212" lon="5.87595">
        <ele>1903.44</ele>
      </trkpt>
      <trkpt lat="45.343124" lon="5.876012">
        <ele>1902.21</ele>
      </trkpt>
      <trkpt lat="45.342941" lon="5.876251">
        <ele>1902.37</ele>
      </trkpt>
      <trkpt lat="45.342906" lon="5.876324">
        <ele>1902.56</ele>
      </trkpt>
      <trkpt lat="45.342875" lon="5.876323">
        <ele>1901.8</ele>
      </trkpt>
      <trkpt lat="45.342812" lon="5.876429">
        <ele>1901.46</ele>
      </trkpt>
      <trkpt lat="45.342771" lon="5.876465">
        <ele>1900.82</ele>
      </trkpt>
      <trkpt lat="45.342677" lon="5.876555">
        <ele>1899.16</ele>
      </trkpt>
      <trkpt lat="45.342619" lon="5.876677">
        <ele>1899.77</ele>
      </trkpt>
      <trkpt lat="45.342617" lon="5.87671">
        <ele>1899.76</ele>
      </trkpt>
      <trkpt lat="45.342599" lon="5.876732">
        <ele>1899.41</ele>
      </trkpt>
      <trkpt lat="45.34248" lon="5.876884">
        <ele>1898.91</ele>
      </trkpt>
      <trkpt lat="45.342355" lon="5.877098">
        <ele>1899.25</ele>
      </trkpt>
      <trkpt lat="45.342065" lon="5.877712">
        <ele>1899.24</ele>
      </trkpt>
      <trkpt lat="45.342005" lon="5.8778">
        <ele>1900.02</ele>
      </trkpt>
      <trkpt lat="45.341896" lon="5.877959">
        <ele>1902.44</ele>
      </trkpt>
      <trkpt lat="45.341879" lon="5.878033">
        <ele>1903.14</ele>
      </trkpt>
      <trkpt lat="45.341834" lon="5.878081">
        <ele>1904.06</ele>
      </trkpt>
      <trkpt lat="45.341795" lon="5.878094">
        <ele>1905.11</ele>
      </trkpt>
      <trkpt lat="45.341757" lon="5.87822">
        <ele>1907.56</ele>
      </trkpt>
      <trkpt lat="45.341762" lon="5.878262">
        <ele>1907.83</ele>
      </trkpt>
      <trkpt lat="45.341726" lon="5.878288">
        <ele>1908.9</ele>
      </trkpt>
      <trkpt lat="45.341676" lon="5.878493">
        <ele>1913.45</ele>
      </trkpt>
      <trkpt lat="45.341598" lon="5.878659">
        <ele>1918.86</ele>
      </trkpt>
      <trkpt lat="45.341496" lon="5.878895">
        <ele>1928.56</ele>
      </trkpt>
      <trkpt lat="45.341182" lon="5.879129">
        <ele>1937.76</ele>
      </trkpt>
      <trkpt lat="45.34101" lon="5.879292">
        <ele>1941.8</ele>
      </trkpt>
      <trkpt lat="45.34085" lon="5.879383">
        <ele>1944.27</ele>
      </trkpt>
      <trkpt lat="45.340832" lon="5.879385">
        <ele>1944.49</ele>
      </trkpt>
      <trkpt lat="45.340832" lon="5.87938">
        <ele>1952.0916437750864</ele>
      </trkpt>
      <trkpt lat="45.340813" lon="5.879378">
        <ele>1952.1348285773063</ele>
      </trkpt>
      <trkpt lat="45.340794" lon="5.879376">
        <ele>1952.209830467217</ele>
      </trkpt>
      <trkpt lat="45.340769" lon="5.879373">
        <ele>1952.328217860119</ele>
      </trkpt>
      <trkpt lat="45.34075" lon="5.879371">
        <ele>1952.4334342009042</ele>
      </trkpt>
      <trkpt lat="45.340731" lon="5.879369">
        <ele>1952.5407861157278</ele>
      </trkpt>
      <trkpt lat="45.340712" lon="5.879367">
        <ele>1952.6502736053887</ele>
      </trkpt>
      <trkpt lat="45.340693" lon="5.879365">
        <ele>1952.7618966653288</ele>
      </trkpt>
      <trkpt lat="45.340674" lon="5.879362">
        <ele>1952.7848895193065</ele>
      </trkpt>
      <trkpt lat="45.340655" lon="5.87936">
        <ele>1952.8077135424153</ele>
      </trkpt>
      <trkpt lat="45.340649" lon="5.879359">
        <ele>1952.8003180524315</ele>
      </trkpt>
      <trkpt lat="45.34063" lon="5.879357">
        <ele>1952.8270972166638</ele>
      </trkpt>
      <trkpt lat="45.340624" lon="5.879357">
        <ele>1952.861588159191</ele>
      </trkpt>
      <trkpt lat="45.340605" lon="5.879354">
        <ele>1952.8520254840264</ele>
      </trkpt>
      <trkpt lat="45.340593" lon="5.879353">
        <ele>1952.8831869666092</ele>
      </trkpt>
      <trkpt lat="45.340574" lon="5.879351">
        <ele>1952.9183199654804</ele>
      </trkpt>
      <trkpt lat="45.340561" lon="5.879349">
        <ele>1952.8831631112796</ele>
      </trkpt>
      <trkpt lat="45.340548" lon="5.879348">
        <ele>1952.700691422257</ele>
      </trkpt>
      <trkpt lat="45.340536" lon="5.879346">
        <ele>1952.4943004522702</ele>
      </trkpt>
      <trkpt lat="45.340517" lon="5.879344">
        <ele>1952.2144620349263</ele>
      </trkpt>
      <trkpt lat="45.340504" lon="5.879343">
        <ele>1952.0382808007812</ele>
      </trkpt>
      <trkpt lat="45.340479" lon="5.87934">
        <ele>1951.667943185818</ele>
      </trkpt>
      <trkpt lat="45.34046" lon="5.879338">
        <ele>1951.401262750769</ele>
      </trkpt>
      <trkpt lat="45.340404" lon="5.879331">
        <ele>1949.76958407691</ele>
      </trkpt>
      <trkpt lat="45.340391" lon="5.87933">
        <ele>1949.3279174806628</ele>
      </trkpt>
      <trkpt lat="45.340366" lon="5.879327">
        <ele>1948.4594479791767</ele>
      </trkpt>
      <trkpt lat="45.340347" lon="5.879325">
        <ele>1947.8149150293875</ele>
      </trkpt>
      <trkpt lat="45.340328" lon="5.879322">
        <ele>1947.1569004930225</ele>
      </trkpt>
      <trkpt lat="45.340309" lon="5.87932">
        <ele>1946.2136614537355</ele>
      </trkpt>
      <trkpt lat="45.34029" lon="5.879318">
        <ele>1945.1296436213336</ele>
      </trkpt>
      <trkpt lat="45.340271" lon="5.879316">
        <ele>1944.057207233377</ele>
      </trkpt>
      <trkpt lat="45.340252" lon="5.879314">
        <ele>1942.9963522840353</ele>
      </trkpt>
      <trkpt lat="45.340246" lon="5.879313">
        <ele>1942.6606641181347</ele>
      </trkpt>
      <trkpt lat="45.340233" lon="5.879311">
        <ele>1941.9406795083555</ele>
      </trkpt>
      <trkpt lat="45.340227" lon="5.879311">
        <ele>1941.6161145734504</ele>
      </trkpt>
      <trkpt lat="45.340227" lon="5.879311">
        <ele>1941.6161145734504</ele>
      </trkpt>
      <trkpt lat="45.340216" lon="5.879304">
        <ele>1940.9944176665135</ele>
      </trkpt>
      <trkpt lat="45.340202" lon="5.879286">
        <ele>1940.2218760839555</ele>
      </trkpt>
      <trkpt lat="45.340188" lon="5.879268">
        <ele>1939.265011722878</ele>
      </trkpt>
      <trkpt lat="45.340174" lon="5.879251">
        <ele>1938.4011269828104</ele>
      </trkpt>
      <trkpt lat="45.340161" lon="5.879233">
        <ele>1937.7135610209984</ele>
      </trkpt>
      <trkpt lat="45.340147" lon="5.879215">
        <ele>1937.1786490419656</ele>
      </trkpt>
      <trkpt lat="45.340133" lon="5.879197">
        <ele>1936.7721913360106</ele>
      </trkpt>
      <trkpt lat="45.340119" lon="5.879179">
        <ele>1936.4777031714302</ele>
      </trkpt>
      <trkpt lat="45.340096" lon="5.87915">
        <ele>1936.2205850802234</ele>
      </trkpt>
      <trkpt lat="45.340082" lon="5.879132">
        <ele>1936.2202389246575</ele>
      </trkpt>
      <trkpt lat="45.340063" lon="5.879108">
        <ele>1936.322570109764</ele>
      </trkpt>
      <trkpt lat="45.340045" lon="5.879084">
        <ele>1936.6836709258994</ele>
      </trkpt>
      <trkpt lat="45.340031" lon="5.879066">
        <ele>1937.0894460688885</ele>
      </trkpt>
      <trkpt lat="45.340017" lon="5.879049">
        <ele>1937.4100234864886</ele>
      </trkpt>
      <trkpt lat="45.340003" lon="5.879031">
        <ele>1937.7372555302052</ele>
      </trkpt>
      <trkpt lat="45.339993" lon="5.879019">
        <ele>1937.9962729156719</ele>
      </trkpt>
      <trkpt lat="45.33998" lon="5.879001">
        <ele>1938.4901911631614</ele>
      </trkpt>
      <trkpt lat="45.339966" lon="5.878983">
        <ele>1939.0606747896127</ele>
      </trkpt>
      <trkpt lat="45.339952" lon="5.878965">
        <ele>1939.720912629077</ele>
      </trkpt>
      <trkpt lat="45.339943" lon="5.878953">
        <ele>1940.2085127066753</ele>
      </trkpt>
      <trkpt lat="45.33992" lon="5.878924">
        <ele>1941.5347459325503</ele>
      </trkpt>
      <trkpt lat="45.339915" lon="5.878918">
        <ele>1941.8370033985111</ele>
      </trkpt>
      <trkpt lat="45.339901" lon="5.8789">
        <ele>1942.7976624779253</ele>
      </trkpt>
      <trkpt lat="45.339882" lon="5.878894">
        <ele>1943.2246170911856</ele>
      </trkpt>
      <trkpt lat="45.339876" lon="5.878892">
        <ele>1943.3730841558859</ele>
      </trkpt>
      <trkpt lat="45.339864" lon="5.878888">
        <ele>1943.681831624517</ele>
      </trkpt>
      <trkpt lat="45.339852" lon="5.878884">
        <ele>1943.8141237064706</ele>
      </trkpt>
      <trkpt lat="45.339846" lon="5.878882">
        <ele>1943.8588959818828</ele>
      </trkpt>
      <trkpt lat="45.339839" lon="5.87888">
        <ele>1943.911610872919</ele>
      </trkpt>
      <trkpt lat="45.339827" lon="5.878876">
        <ele>1943.8725654268897</ele>
      </trkpt>
      <trkpt lat="45.339821" lon="5.878874">
        <ele>1943.856512027878</ele>
      </trkpt>
      <trkpt lat="45.339815" lon="5.878872">
        <ele>1943.8427715110126</ele>
      </trkpt>
      <trkpt lat="45.339815" lon="5.878872">
        <ele>1943.8427715110126</ele>
      </trkpt>
      <trkpt lat="45.339809" lon="5.87887">
        <ele>1943.8313438758394</ele>
      </trkpt>
      <trkpt lat="45.339803" lon="5.878868">
        <ele>1943.8222291221446</ele>
      </trkpt>
      <trkpt lat="45.339797" lon="5.878866">
        <ele>1943.8154272494662</ele>
      </trkpt>
      <trkpt lat="45.339784" lon="5.878862">
        <ele>1943.8067531984752</ele>
      </trkpt>
      <trkpt lat="45.339778" lon="5.87886">
        <ele>1943.8070827068982</ele>
      </trkpt>
      <trkpt lat="45.339772" lon="5.878858">
        <ele>1943.80972509486</ele>
      </trkpt>
      <trkpt lat="45.339766" lon="5.878856">
        <ele>1943.8146803620157</ele>
      </trkpt>
      <trkpt lat="45.33976" lon="5.878854">
        <ele>1943.8219485076402</ele>
      </trkpt>
      <trkpt lat="45.339748" lon="5.87885">
        <ele>1943.8434234344745</ele>
      </trkpt>
      <trkpt lat="45.339735" lon="5.878846">
        <ele>1943.8736828441365</ele>
      </trkpt>
      <trkpt lat="45.339723" lon="5.878842">
        <ele>1943.9140462691382</ele>
      </trkpt>
      <trkpt lat="45.339705" lon="5.878836">
        <ele>1943.714285457757</ele>
      </trkpt>
      <trkpt lat="45.339692" lon="5.878832">
        <ele>1943.516639235805</ele>
      </trkpt>
      <trkpt lat="45.339674" lon="5.878826">
        <ele>1943.2760683040003</ele>
      </trkpt>
      <trkpt lat="45.33965" lon="5.878818">
        <ele>1943.0035290672106</ele>
      </trkpt>
      <trkpt lat="45.339631" lon="5.878812">
        <ele>1942.8186921148774</ele>
      </trkpt>
      <trkpt lat="45.339607" lon="5.878804">
        <ele>1942.643744953194</ele>
      </trkpt>
      <trkpt lat="45.339582" lon="5.878795">
        <ele>1942.3559948831944</ele>
      </trkpt>
      <trkpt lat="45.339558" lon="5.878787">
        <ele>1942.0259976312932</ele>
      </trkpt>
      <trkpt lat="45.339539" lon="5.878781">
        <ele>1941.7994693062114</ele>
      </trkpt>
      <trkpt lat="45.339527" lon="5.878778">
        <ele>1941.6441412150864</ele>
      </trkpt>
      <trkpt lat="45.339508" lon="5.878771">
        <ele>1941.5254804200667</ele>
      </trkpt>
      <trkpt lat="45.339496" lon="5.878767">
        <ele>1941.4547937532625</ele>
      </trkpt>
      <trkpt lat="45.339484" lon="5.878763">
        <ele>1941.4009987643392</ele>
      </trkpt>
      <trkpt lat="45.339472" lon="5.878759">
        <ele>1941.3439722588057</ele>
      </trkpt>
      <trkpt lat="45.339453" lon="5.878753">
        <ele>1941.225397995786</ele>
      </trkpt>
      <trkpt lat="45.339429" lon="5.878745">
        <ele>1941.1509947254756</ele>
      </trkpt>
      <trkpt lat="45.339411" lon="5.878739">
        <ele>1941.1345903117074</ele>
      </trkpt>
      <trkpt lat="45.339392" lon="5.878733">
        <ele>1941.1326467791164</ele>
      </trkpt>
      <trkpt lat="45.339368" lon="5.878725">
        <ele>1941.20958193706</ele>
      </trkpt>
      <trkpt lat="45.339349" lon="5.878719">
        <ele>1941.313779963744</ele>
      </trkpt>
      <trkpt lat="45.339325" lon="5.878711">
        <ele>1941.223896616585</ele>
      </trkpt>
      <trkpt lat="45.339306" lon="5.878705">
        <ele>1940.985269922518</ele>
      </trkpt>
      <trkpt lat="45.339282" lon="5.878697">
        <ele>1940.734268026632</ele>
      </trkpt>
      <trkpt lat="45.339263" lon="5.878691">
        <ele>1940.5735122641443</ele>
      </trkpt>
      <trkpt lat="45.339245" lon="5.878685">
        <ele>1940.4557013009598</ele>
      </trkpt>
      <trkpt lat="45.339214" lon="5.878675">
        <ele>1940.5960189804348</ele>
      </trkpt>
      <trkpt lat="45.339196" lon="5.878669">
        <ele>1940.7951260100713</ele>
      </trkpt>
      <trkpt lat="45.339172" lon="5.878661">
        <ele>1941.1187085064294</ele>
      </trkpt>
      <trkpt lat="45.339153" lon="5.878655">
        <ele>1941.4133361653533</ele>
      </trkpt>
      <trkpt lat="45.339129" lon="5.878647">
        <ele>1941.8545149611336</ele>
      </trkpt>
      <trkpt lat="45.339116" lon="5.878643">
        <ele>1942.110443278989</ele>
      </trkpt>
      <trkpt lat="45.339098" lon="5.878637">
        <ele>1942.7616812540534</ele>
      </trkpt>
      <trkpt lat="45.339086" lon="5.878633">
        <ele>1943.2070929227425</ele>
      </trkpt>
      <trkpt lat="45.339067" lon="5.878627">
        <ele>1943.9061688602321</ele>
      </trkpt>
      <trkpt lat="45.339061" lon="5.878625">
        <ele>1944.1317166461022</ele>
      </trkpt>
      <trkpt lat="45.339049" lon="5.878621">
        <ele>1944.5846724045116</ele>
      </trkpt>
      <trkpt lat="45.339037" lon="5.878617">
        <ele>1945.0401084104133</ele>
      </trkpt>
      <trkpt lat="45.339024" lon="5.878613">
        <ele>1945.524694321163</ele>
      </trkpt>
      <trkpt lat="45.339012" lon="5.878608">
        <ele>1946.0203101530733</ele>
      </trkpt>
      <trkpt lat="45.339" lon="5.878605">
        <ele>1946.4481742466746</ele>
      </trkpt>
      <trkpt lat="45.338988" lon="5.878601">
        <ele>1946.8906328385906</ele>
      </trkpt>
      <trkpt lat="45.338982" lon="5.878598">
        <ele>1947.1357873986344</ele>
      </trkpt>
      <trkpt lat="45.338982" lon="5.878598">
        <ele>1947.1357873986344</ele>
      </trkpt>
      <trkpt lat="45.338975" lon="5.878596">
        <ele>1947.3674436622882</ele>
      </trkpt>
      <trkpt lat="45.338975" lon="5.878596">
        <ele>1947.3674436622882</ele>
      </trkpt>
      <trkpt lat="45.338969" lon="5.878594">
        <ele>1947.5743269625452</ele>
      </trkpt>
      <trkpt lat="45.338969" lon="5.878594">
        <ele>1947.5743269625452</ele>
      </trkpt>
      <trkpt lat="45.338969" lon="5.878594">
        <ele>1947.5743269625452</ele>
      </trkpt>
      <trkpt lat="45.338963" lon="5.878592">
        <ele>1947.7797166299197</ele>
      </trkpt>
      <trkpt lat="45.338957" lon="5.87859">
        <ele>1947.9836126643283</ele>
      </trkpt>
      <trkpt lat="45.338939" lon="5.878584">
        <ele>1948.5863389727733</ele>
      </trkpt>
      <trkpt lat="45.33892" lon="5.878578">
        <ele>1949.1976572205624</ele>
      </trkpt>
      <trkpt lat="45.338902" lon="5.878572">
        <ele>1949.7731247539764</ele>
      </trkpt>
      <trkpt lat="45.338889" lon="5.878568">
        <ele>1950.170713894705</ele>
      </trkpt>
      <trkpt lat="45.338871" lon="5.878562">
        <ele>1950.6787862487542</ele>
      </trkpt>
      <trkpt lat="45.338853" lon="5.878556">
        <ele>1950.9392908310758</ele>
      </trkpt>
      <trkpt lat="45.33884" lon="5.878552">
        <ele>1951.1101912499125</ele>
      </trkpt>
      <trkpt lat="45.338828" lon="5.878548">
        <ele>1951.2697545767012</ele>
      </trkpt>
      <trkpt lat="45.33881" lon="5.878542">
        <ele>1951.4053236496231</ele>
      </trkpt>
      <trkpt lat="45.338804" lon="5.87854">
        <ele>1951.381630677879</ele>
      </trkpt>
      <trkpt lat="45.338798" lon="5.878538">
        <ele>1951.3594720508681</ele>
      </trkpt>
      <trkpt lat="45.338779" lon="5.878532">
        <ele>1951.3073628228099</ele>
      </trkpt>
      <trkpt lat="45.338767" lon="5.878528">
        <ele>1951.277110400812</ele>
      </trkpt>
      <trkpt lat="45.338742" lon="5.87852">
        <ele>1951.073752641208</ele>
      </trkpt>
      <trkpt lat="45.338725" lon="5.878511">
        <ele>1950.7606344361905</ele>
      </trkpt>
      <trkpt lat="45.338701" lon="5.878498">
        <ele>1950.3941916906301</ele>
      </trkpt>
      <trkpt lat="45.338672" lon="5.878482">
        <ele>1950.0760594165208</ele>
      </trkpt>
      <trkpt lat="45.338642" lon="5.878466">
        <ele>1949.8993308615568</ele>
      </trkpt>
      <trkpt lat="45.338619" lon="5.878454">
        <ele>1949.6497478541667</ele>
      </trkpt>
      <trkpt lat="45.338595" lon="5.878441">
        <ele>1949.337542579036</ele>
      </trkpt>
      <trkpt lat="45.338572" lon="5.878428">
        <ele>1949.147130113061</ele>
      </trkpt>
      <trkpt lat="45.338542" lon="5.878413">
        <ele>1949.0352440779634</ele>
      </trkpt>
      <trkpt lat="45.338513" lon="5.878397">
        <ele>1949.1069566502001</ele>
      </trkpt>
      <trkpt lat="45.338489" lon="5.878384">
        <ele>1948.57131966398</ele>
      </trkpt>
      <trkpt lat="45.338466" lon="5.878372">
        <ele>1948.1191323068608</ele>
      </trkpt>
      <trkpt lat="45.338442" lon="5.878359">
        <ele>1947.4416699256178</ele>
      </trkpt>
      <trkpt lat="45.338425" lon="5.878349">
        <ele>1947.0483933408877</ele>
      </trkpt>
      <trkpt lat="45.338413" lon="5.878343">
        <ele>1946.8019165107285</ele>
      </trkpt>
      <trkpt lat="45.338395" lon="5.878334">
        <ele>1946.4891280466948</ele>
      </trkpt>
      <trkpt lat="45.338378" lon="5.878324">
        <ele>1945.9675459069958</ele>
      </trkpt>
      <trkpt lat="45.33836" lon="5.878315">
        <ele>1945.381960957783</ele>
      </trkpt>
      <trkpt lat="45.338342" lon="5.878305">
        <ele>1944.9175549816882</ele>
      </trkpt>
      <trkpt lat="45.338325" lon="5.878296">
        <ele>1944.5567565482925</ele>
      </trkpt>
      <trkpt lat="45.338313" lon="5.878289">
        <ele>1944.3786111035151</ele>
      </trkpt>
      <trkpt lat="45.338289" lon="5.878277">
        <ele>1944.074868260344</ele>
      </trkpt>
      <trkpt lat="45.338266" lon="5.878264">
        <ele>1944.0267277789492</ele>
      </trkpt>
      <trkpt lat="45.338242" lon="5.878251">
        <ele>1944.1743242149537</ele>
      </trkpt>
      <trkpt lat="45.338224" lon="5.878242">
        <ele>1944.3463680970765</ele>
      </trkpt>
      <trkpt lat="45.338207" lon="5.878233">
        <ele>1944.6207148781612</ele>
      </trkpt>
      <trkpt lat="45.338195" lon="5.878226">
        <ele>1944.908213028123</ele>
      </trkpt>
      <trkpt lat="45.338189" lon="5.878223">
        <ele>1945.0328380547332</ele>
      </trkpt>
      <trkpt lat="45.338178" lon="5.878217">
        <ele>1945.323182016477</ele>
      </trkpt>
      <trkpt lat="45.338166" lon="5.878211">
        <ele>1945.6373345939064</ele>
      </trkpt>
      <trkpt lat="45.338154" lon="5.878204">
        <ele>1946.0702038387174</ele>
      </trkpt>
      <trkpt lat="45.338142" lon="5.878198">
        <ele>1946.3547202440532</ele>
      </trkpt>
      <trkpt lat="45.338124" lon="5.878188">
        <ele>1946.5773266537678</ele>
      </trkpt>
      <trkpt lat="45.338113" lon="5.878182">
        <ele>1946.7413678143125</ele>
      </trkpt>
      <trkpt lat="45.338095" lon="5.878173">
        <ele>1947.0344865550514</ele>
      </trkpt>
      <trkpt lat="45.338077" lon="5.878163">
        <ele>1947.4184465374228</ele>
      </trkpt>
      <trkpt lat="45.33806" lon="5.878154">
        <ele>1947.8226059429815</ele>
      </trkpt>
      <trkpt lat="45.338048" lon="5.878147">
        <ele>1948.1655087451331</ele>
      </trkpt>
      <trkpt lat="45.33803" lon="5.878138">
        <ele>1948.6717192140604</ele>
      </trkpt>
      <trkpt lat="45.338013" lon="5.878128">
        <ele>1949.040556927736</ele>
      </trkpt>
      <trkpt lat="45.337995" lon="5.878119">
        <ele>1949.3933425596942</ele>
      </trkpt>
      <trkpt lat="45.337983" lon="5.878113">
        <ele>1949.6516497292503</ele>
      </trkpt>
      <trkpt lat="45.337971" lon="5.878106">
        <ele>1949.978323073637</ele>
      </trkpt>
      <trkpt lat="45.33796" lon="5.8781">
        <ele>1950.275358273051</ele>
      </trkpt>
      <trkpt lat="45.337948" lon="5.878094">
        <ele>1950.5899161639531</ele>
      </trkpt>
      <trkpt lat="45.337942" lon="5.87809">
        <ele>1950.8077272665728</ele>
      </trkpt>
      <trkpt lat="45.33793" lon="5.878084">
        <ele>1951.1515663309015</ele>
      </trkpt>
      <trkpt lat="45.337924" lon="5.878081">
        <ele>1951.3304208769237</ele>
      </trkpt>
      <trkpt lat="45.337907" lon="5.878072">
        <ele>1951.858461521029</ele>
      </trkpt>
      <trkpt lat="45.337895" lon="5.878065">
        <ele>1952.0619252595823</ele>
      </trkpt>
      <trkpt lat="45.337877" lon="5.878056">
        <ele>1952.303755723833</ele>
      </trkpt>
      <trkpt lat="45.337854" lon="5.878043">
        <ele>1952.7481216534277</ele>
      </trkpt>
      <trkpt lat="45.337836" lon="5.878033">
        <ele>1953.1212906715748</ele>
      </trkpt>
      <trkpt lat="45.337819" lon="5.878024">
        <ele>1953.0452482629653</ele>
      </trkpt>
      <trkpt lat="45.337795" lon="5.878011">
        <ele>1952.4691513957225</ele>
      </trkpt>
      <trkpt lat="45.337777" lon="5.878002">
        <ele>1951.9714593906997</ele>
      </trkpt>
      <trkpt lat="45.33776" lon="5.877992">
        <ele>1951.419993695942</ele>
      </trkpt>
      <trkpt lat="45.337736" lon="5.87798">
        <ele>1950.706611429366</ele>
      </trkpt>
      <trkpt lat="45.337724" lon="5.877973">
        <ele>1950.3454347195052</ele>
      </trkpt>
      <trkpt lat="45.337715" lon="5.877978">
        <ele>1950.237545865993</ele>
      </trkpt>
      <trkpt lat="45.337712" lon="5.877986">
        <ele>1950.2966784284636</ele>
      </trkpt>
      <trkpt lat="45.337709" lon="5.877994">
        <ele>1950.3532945286065</ele>
      </trkpt>
      <trkpt lat="45.337706" lon="5.878002">
        <ele>1950.4073941678303</ele>
      </trkpt>
      <trkpt lat="45.337703" lon="5.87801">
        <ele>1950.4589773466193</ele>
      </trkpt>
      <trkpt lat="45.337703" lon="5.87801">
        <ele>1950.4589773466193</ele>
      </trkpt>
      <trkpt lat="45.337703" lon="5.87801">
        <ele>1950.4589773466193</ele>
      </trkpt>
      <trkpt lat="45.337703" lon="5.87801">
        <ele>1950.4589773466193</ele>
      </trkpt>
      <trkpt lat="45.337703" lon="5.87801">
        <ele>1950.4589773466193</ele>
      </trkpt>
      <trkpt lat="45.337703" lon="5.87801">
        <ele>1950.4589773466193</ele>
      </trkpt>
      <trkpt lat="45.337703" lon="5.87801">
        <ele>1950.4589773466193</ele>
      </trkpt>
      <trkpt lat="45.337703" lon="5.87801">
        <ele>1950.4589773466193</ele>
      </trkpt>
      <trkpt lat="45.337703" lon="5.87801">
        <ele>1950.4589773466193</ele>
      </trkpt>
      <trkpt lat="45.3377" lon="5.878017">
        <ele>1950.4934925431799</ele>
      </trkpt>
      <trkpt lat="45.337694" lon="5.878033">
        <ele>1950.2466514106623</ele>
      </trkpt>
      <trkpt lat="45.337688" lon="5.878049">
        <ele>1949.0267062684609</ele>
      </trkpt>
      <trkpt lat="45.337682" lon="5.878065">
        <ele>1947.80868017077</ele>
      </trkpt>
      <trkpt lat="45.337676" lon="5.878081">
        <ele>1946.5925731176078</ele>
      </trkpt>
      <trkpt lat="45.337667" lon="5.878104">
        <ele>1944.8448617530867</ele>
      </trkpt>
      <trkpt lat="45.337655" lon="5.878117">
        <ele>1943.9993110506682</ele>
      </trkpt>
      <trkpt lat="45.337638" lon="5.878107">
        <ele>1944.668286145776</ele>
      </trkpt>
      <trkpt lat="45.337626" lon="5.878101">
        <ele>1945.0450774352169</ele>
      </trkpt>
      <trkpt lat="45.337614" lon="5.878094">
        <ele>1945.459488448962</ele>
      </trkpt>
      <trkpt lat="45.337603" lon="5.878087">
        <ele>1945.8507889769676</ele>
      </trkpt>
      <trkpt lat="45.337597" lon="5.878084">
        <ele>1946.0080722780071</ele>
      </trkpt>
      <trkpt lat="45.337585" lon="5.878078">
        <ele>1946.3064063682932</ele>
      </trkpt>
      <trkpt lat="45.33758" lon="5.878075">
        <ele>1946.4514008758977</ele>
      </trkpt>
      <trkpt lat="45.337568" lon="5.878068">
        <ele>1946.7705209972082</ele>
      </trkpt>
      <trkpt lat="45.337562" lon="5.878065">
        <ele>1946.8948883754335</ele>
      </trkpt>
      <trkpt lat="45.337556" lon="5.878061">
        <ele>1947.0643905564605</ele>
      </trkpt>
      <trkpt lat="45.337556" lon="5.878061">
        <ele>1947.0643905564605</ele>
      </trkpt>
      <trkpt lat="45.337556" lon="5.878061">
        <ele>1947.0643905564605</ele>
      </trkpt>
      <trkpt lat="45.33755" lon="5.878058">
        <ele>1947.1770344614147</ele>
      </trkpt>
      <trkpt lat="45.337545" lon="5.878055">
        <ele>1947.316368335562</ele>
      </trkpt>
      <trkpt lat="45.337539" lon="5.878052">
        <ele>1947.515280691065</ele>
      </trkpt>
      <trkpt lat="45.337539" lon="5.878052">
        <ele>1947.515280691065</ele>
      </trkpt>
      <trkpt lat="45.337533" lon="5.878049">
        <ele>1947.7102146853574</ele>
      </trkpt>
      <trkpt lat="45.337533" lon="5.878049">
        <ele>1947.7102146853574</ele>
      </trkpt>
      <trkpt lat="45.337527" lon="5.878045">
        <ele>1947.9481361898875</ele>
      </trkpt>
      <trkpt lat="45.337521" lon="5.878042">
        <ele>1948.134450402844</ele>
      </trkpt>
      <trkpt lat="45.337516" lon="5.878039">
        <ele>1948.3095483553907</ele>
      </trkpt>
      <trkpt lat="45.33751" lon="5.878036">
        <ele>1948.4882373829817</ele>
      </trkpt>
      <trkpt lat="45.33751" lon="5.878036">
        <ele>1948.4882373829817</ele>
      </trkpt>
      <trkpt lat="45.337504" lon="5.878032">
        <ele>1948.7073721969768</ele>
      </trkpt>
      <trkpt lat="45.337504" lon="5.878032">
        <ele>1948.7073721969768</ele>
      </trkpt>
      <trkpt lat="45.337498" lon="5.878029">
        <ele>1948.8774414503998</ele>
      </trkpt>
      <trkpt lat="45.337492" lon="5.878026">
        <ele>1948.859821931757</ele>
      </trkpt>
      <trkpt lat="45.337492" lon="5.878026">
        <ele>1948.859821931757</ele>
      </trkpt>
      <trkpt lat="45.337487" lon="5.878023">
        <ele>1948.8256644506573</ele>
      </trkpt>
      <trkpt lat="45.337487" lon="5.878023">
        <ele>1948.8256644506573</ele>
      </trkpt>
      <trkpt lat="45.337481" lon="5.878019">
        <ele>1948.773328270094</ele>
      </trkpt>
      <trkpt lat="45.337487" lon="5.878023">
        <ele>1948.8256644506573</ele>
      </trkpt>
      <trkpt lat="45.337487" lon="5.878023">
        <ele>1948.8256644506573</ele>
      </trkpt>
      <trkpt lat="45.337487" lon="5.878023">
        <ele>1948.8256644506573</ele>
      </trkpt>
      <trkpt lat="45.337487" lon="5.878023">
        <ele>1948.8256644506573</ele>
      </trkpt>
      <trkpt lat="45.337487" lon="5.878023">
        <ele>1948.8256644506573</ele>
      </trkpt>
      <trkpt lat="45.337487" lon="5.878023">
        <ele>1948.8256644506573</ele>
      </trkpt>
      <trkpt lat="45.337487" lon="5.878023">
        <ele>1948.8256644506573</ele>
      </trkpt>
      <trkpt lat="45.337487" lon="5.878023">
        <ele>1948.8256644506573</ele>
      </trkpt>
      <trkpt lat="45.337487" lon="5.878023">
        <ele>1948.8256644506573</ele>
      </trkpt>
      <trkpt lat="45.337487" lon="5.878023">
        <ele>1948.8256644506573</ele>
      </trkpt>
      <trkpt lat="45.337487" lon="5.878023">
        <ele>1948.8256644506573</ele>
      </trkpt>
      <trkpt lat="45.337487" lon="5.878023">
        <ele>1948.8256644506573</ele>
      </trkpt>
      <trkpt lat="45.337487" lon="5.878023">
        <ele>1948.8256644506573</ele>
      </trkpt>
      <trkpt lat="45.337487" lon="5.878023">
        <ele>1948.8256644506573</ele>
      </trkpt>
      <trkpt lat="45.337487" lon="5.878023">
        <ele>1948.8256644506573</ele>
      </trkpt>
      <trkpt lat="45.337487" lon="5.878023">
        <ele>1948.8256644506573</ele>
      </trkpt>
      <trkpt lat="45.337487" lon="5.878023">
        <ele>1948.8256644506573</ele>
      </trkpt>
      <trkpt lat="45.337487" lon="5.878023">
        <ele>1948.8256644506573</ele>
      </trkpt>
      <trkpt lat="45.337492" lon="5.878026">
        <ele>1948.859821931757</ele>
      </trkpt>
      <trkpt lat="45.337498" lon="5.878029">
        <ele>1948.8774414503998</ele>
      </trkpt>
      <trkpt lat="45.337498" lon="5.878029">
        <ele>1948.8774414503998</ele>
      </trkpt>
      <trkpt lat="45.337498" lon="5.878029">
        <ele>1948.8774414503998</ele>
      </trkpt>
      <trkpt lat="45.337498" lon="5.878029">
        <ele>1948.8774414503998</ele>
      </trkpt>
      <trkpt lat="45.337498" lon="5.878029">
        <ele>1948.8774414503998</ele>
      </trkpt>
      <trkpt lat="45.337498" lon="5.878029">
        <ele>1948.8774414503998</ele>
      </trkpt>
      <trkpt lat="45.337498" lon="5.878029">
        <ele>1948.8774414503998</ele>
      </trkpt>
      <trkpt lat="45.337498" lon="5.878029">
        <ele>1948.8774414503998</ele>
      </trkpt>
      <trkpt lat="45.337498" lon="5.878029">
        <ele>1948.8774414503998</ele>
      </trkpt>
      <trkpt lat="45.337498" lon="5.878029">
        <ele>1948.8774414503998</ele>
      </trkpt>
      <trkpt lat="45.337498" lon="5.878029">
        <ele>1948.8774414503998</ele>
      </trkpt>
      <trkpt lat="45.337498" lon="5.878029">
        <ele>1948.8774414503998</ele>
      </trkpt>
      <trkpt lat="45.337492" lon="5.878026">
        <ele>1948.859821931757</ele>
      </trkpt>
      <trkpt lat="45.337492" lon="5.878026">
        <ele>1948.859821931757</ele>
      </trkpt>
      <trkpt lat="45.337504" lon="5.878032">
        <ele>1948.7073721969768</ele>
      </trkpt>
      <trkpt lat="45.337504" lon="5.878032">
        <ele>1948.7073721969768</ele>
      </trkpt>
      <trkpt lat="45.33751" lon="5.878036">
        <ele>1948.4882373829817</ele>
      </trkpt>
      <trkpt lat="45.33751" lon="5.878036">
        <ele>1948.4882373829817</ele>
      </trkpt>
      <trkpt lat="45.337516" lon="5.878039">
        <ele>1948.3095483553907</ele>
      </trkpt>
      <trkpt lat="45.337516" lon="5.878039">
        <ele>1948.3095483553907</ele>
      </trkpt>
      <trkpt lat="45.337516" lon="5.878039">
        <ele>1948.3095483553907</ele>
      </trkpt>
      <trkpt lat="45.337516" lon="5.878039">
        <ele>1948.3095483553907</ele>
      </trkpt>
      <trkpt lat="45.337516" lon="5.878039">
        <ele>1948.3095483553907</ele>
      </trkpt>
      <trkpt lat="45.337516" lon="5.878039">
        <ele>1948.3095483553907</ele>
      </trkpt>
      <trkpt lat="45.337516" lon="5.878039">
        <ele>1948.3095483553907</ele>
      </trkpt>
      <trkpt lat="45.337516" lon="5.878039">
        <ele>1948.3095483553907</ele>
      </trkpt>
      <trkpt lat="45.337516" lon="5.878039">
        <ele>1948.3095483553907</ele>
      </trkpt>
      <trkpt lat="45.337521" lon="5.878042">
        <ele>1948.134450402844</ele>
      </trkpt>
      <trkpt lat="45.337521" lon="5.878042">
        <ele>1948.134450402844</ele>
      </trkpt>
      <trkpt lat="45.337516" lon="5.878039">
        <ele>1948.3095483553907</ele>
      </trkpt>
      <trkpt lat="45.337516" lon="5.878039">
        <ele>1948.3095483553907</ele>
      </trkpt>
      <trkpt lat="45.33751" lon="5.878036">
        <ele>1948.4882373829817</ele>
      </trkpt>
      <trkpt lat="45.337504" lon="5.878032">
        <ele>1948.7073721969768</ele>
      </trkpt>
      <trkpt lat="45.337498" lon="5.878029">
        <ele>1948.8774414503998</ele>
      </trkpt>
      <trkpt lat="45.337498" lon="5.878029">
        <ele>1948.8774414503998</ele>
      </trkpt>
      <trkpt lat="45.337498" lon="5.878029">
        <ele>1948.8774414503998</ele>
      </trkpt>
      <trkpt lat="45.337492" lon="5.878026">
        <ele>1948.859821931757</ele>
      </trkpt>
      <trkpt lat="45.337492" lon="5.878026">
        <ele>1948.859821931757</ele>
      </trkpt>
      <trkpt lat="45.337487" lon="5.878023">
        <ele>1948.8256644506573</ele>
      </trkpt>
      <trkpt lat="45.337487" lon="5.878023">
        <ele>1948.8256644506573</ele>
      </trkpt>
      <trkpt lat="45.337475" lon="5.878016">
        <ele>1948.7398141916578</ele>
      </trkpt>
      <trkpt lat="45.337475" lon="5.878016">
        <ele>1948.7398141916578</ele>
      </trkpt>
      <trkpt lat="45.337463" lon="5.87801">
        <ele>1948.6654742785963</ele>
      </trkpt>
      <trkpt lat="45.337446" lon="5.878">
        <ele>1948.5074183311322</ele>
      </trkpt>
      <trkpt lat="45.337429" lon="5.87799">
        <ele>1948.3263439082975</ele>
      </trkpt>
      <trkpt lat="45.337411" lon="5.87798">
        <ele>1947.9258577318033</ele>
      </trkpt>
      <trkpt lat="45.33739" lon="5.877961">
        <ele>1947.2805986328563</ele>
      </trkpt>
      <trkpt lat="45.337375" lon="5.877946">
        <ele>1946.831794697058</ele>
      </trkpt>
      <trkpt lat="45.337353" lon="5.877927">
        <ele>1946.3010362327154</ele>
      </trkpt>
      <trkpt lat="45.337338" lon="5.877912">
        <ele>1945.9440165679694</ele>
      </trkpt>
      <trkpt lat="45.337322" lon="5.877897">
        <ele>1945.6223819905897</ele>
      </trkpt>
      <trkpt lat="45.337301" lon="5.877878">
        <ele>1945.1450209965308</ele>
      </trkpt>
      <trkpt lat="45.33728" lon="5.877858">
        <ele>1944.2801725772254</ele>
      </trkpt>
      <trkpt lat="45.337259" lon="5.877838">
        <ele>1943.0612719027695</ele>
      </trkpt>
      <trkpt lat="45.337243" lon="5.877824">
        <ele>1942.231780122604</ele>
      </trkpt>
      <trkpt lat="45.337228" lon="5.877809">
        <ele>1941.4558397142312</ele>
      </trkpt>
      <trkpt lat="45.337212" lon="5.877794">
        <ele>1940.7222915939687</ele>
      </trkpt>
      <trkpt lat="45.337201" lon="5.877785">
        <ele>1940.2887463109655</ele>
      </trkpt>
      <trkpt lat="45.337173" lon="5.877757">
        <ele>1938.790458042377</ele>
      </trkpt>
      <trkpt lat="45.337165" lon="5.87775">
        <ele>1938.2610281557966</ele>
      </trkpt>
      <trkpt lat="45.337144" lon="5.877731">
        <ele>1936.9532726148202</ele>
      </trkpt>
      <trkpt lat="45.337128" lon="5.877716">
        <ele>1936.0423977574517</ele>
      </trkpt>
      <trkpt lat="45.337112" lon="5.877701">
        <ele>1935.2142578039263</ele>
      </trkpt>
      <trkpt lat="45.337097" lon="5.877687">
        <ele>1934.5134954302866</ele>
      </trkpt>
      <trkpt lat="45.337075" lon="5.877667">
        <ele>1933.1771313954741</ele>
      </trkpt>
      <trkpt lat="45.337055" lon="5.877647">
        <ele>1931.712952997311</ele>
      </trkpt>
      <trkpt lat="45.337033" lon="5.877628">
        <ele>1929.8891029480376</ele>
      </trkpt>
      <trkpt lat="45.337013" lon="5.877608">
        <ele>1928.2978037406278</ele>
      </trkpt>
      <trkpt lat="45.336997" lon="5.877594">
        <ele>1927.1460624951815</ele>
      </trkpt>
      <trkpt lat="45.336976" lon="5.877574">
        <ele>1925.722864036364</ele>
      </trkpt>
      <trkpt lat="45.33696" lon="5.877559">
        <ele>1924.7299255293153</ele>
      </trkpt>
      <trkpt lat="45.336944" lon="5.877545">
        <ele>1923.819628678539</ele>
      </trkpt>
      <trkpt lat="45.336934" lon="5.877535">
        <ele>1922.988120268201</ele>
      </trkpt>
      <trkpt lat="45.336918" lon="5.87752">
        <ele>1921.6811196874978</ele>
      </trkpt>
      <trkpt lat="45.336907" lon="5.87751">
        <ele>1920.7551896277976</ele>
      </trkpt>
      <trkpt lat="45.336887" lon="5.877491">
        <ele>1918.9375320526074</ele>
      </trkpt>
      <trkpt lat="45.336871" lon="5.877476">
        <ele>1917.5525254708382</ele>
      </trkpt>
      <trkpt lat="45.33686" lon="5.877466">
        <ele>1916.638112112515</ele>
      </trkpt>
      <trkpt lat="45.336845" lon="5.877452">
        <ele>1915.430035902372</ele>
      </trkpt>
      <trkpt lat="45.336839" lon="5.877447">
        <ele>1914.9673288761426</ele>
      </trkpt>
      <trkpt lat="45.336829" lon="5.877437">
        <ele>1914.19685079165</ele>
      </trkpt>
      <trkpt lat="45.336824" lon="5.877432">
        <ele>1913.8206919704016</ele>
      </trkpt>
      <trkpt lat="45.336818" lon="5.877427">
        <ele>1913.684406338979</ele>
      </trkpt>
      <trkpt lat="45.336818" lon="5.877427">
        <ele>1913.684406338979</ele>
      </trkpt>
      <trkpt lat="45.336813" lon="5.877422">
        <ele>1913.6419672277489</ele>
      </trkpt>
      <trkpt lat="45.336803" lon="5.877412">
        <ele>1913.5570890056279</ele>
      </trkpt>
      <trkpt lat="45.336797" lon="5.877407">
        <ele>1913.5146498943977</ele>
      </trkpt>
      <trkpt lat="45.336792" lon="5.877402">
        <ele>1913.4722107831676</ele>
      </trkpt>
      <trkpt lat="45.336787" lon="5.877398">
        <ele>1913.4382594945228</ele>
      </trkpt>
      <trkpt lat="45.336782" lon="5.877393">
        <ele>1913.3958203832926</ele>
      </trkpt>
      <trkpt lat="45.336776" lon="5.877388">
        <ele>1913.3533812720625</ele>
      </trkpt>
      <trkpt lat="45.336776" lon="5.877388">
        <ele>1913.3533812720625</ele>
      </trkpt>
      <trkpt lat="45.336771" lon="5.877383">
        <ele>1913.3109421611716</ele>
      </trkpt>
      <trkpt lat="45.336766" lon="5.877378">
        <ele>1913.2685030499415</ele>
      </trkpt>
      <trkpt lat="45.336755" lon="5.877368">
        <ele>1913.1836248278205</ele>
      </trkpt>
      <trkpt lat="45.336745" lon="5.877358">
        <ele>1913.0987466056995</ele>
      </trkpt>
      <trkpt lat="45.336734" lon="5.877349">
        <ele>1913.0223562054853</ele>
      </trkpt>
      <trkpt lat="45.336724" lon="5.877339">
        <ele>1912.8900831167512</ele>
      </trkpt>
      <trkpt lat="45.336719" lon="5.877334">
        <ele>1912.7741435608705</ele>
      </trkpt>
      <trkpt lat="45.336708" lon="5.877324">
        <ele>1912.5422644500359</ele>
      </trkpt>
      <trkpt lat="45.336698" lon="5.877314">
        <ele>1903.02560545137</ele>
      </trkpt>
      <trkpt lat="45.336687" lon="5.877305">
        <ele>1901.990720891194</ele>
      </trkpt>
      <trkpt lat="45.336677" lon="5.877295">
        <ele>1901.063608454786</ele>
      </trkpt>
      <trkpt lat="45.336666" lon="5.877285">
        <ele>1900.0765251306061</ele>
      </trkpt>
      <trkpt lat="45.336656" lon="5.877275">
        <ele>1899.2019119447345</ele>
      </trkpt>
      <trkpt lat="45.33664" lon="5.87726">
        <ele>1897.8556306564776</ele>
      </trkpt>
      <trkpt lat="45.33663" lon="5.87725">
        <ele>1897.0463213735106</ele>
      </trkpt>
      <trkpt lat="45.336615" lon="5.877233">
        <ele>1895.8871126802962</ele>
      </trkpt>
      <trkpt lat="45.336605" lon="5.877222">
        <ele>1895.1490370058698</ele>
      </trkpt>
      <trkpt lat="45.336595" lon="5.877211">
        <ele>1894.439131592528</ele>
      </trkpt>
      <trkpt lat="45.33658" lon="5.877194">
        <ele>1893.4177711664042</ele>
      </trkpt>
      <trkpt lat="45.336566" lon="5.877178">
        <ele>1892.3818558430505</ele>
      </trkpt>
      <trkpt lat="45.336551" lon="5.877161">
        <ele>1891.2407635607103</ele>
      </trkpt>
      <trkpt lat="45.336531" lon="5.877139">
        <ele>1889.733376217273</ele>
      </trkpt>
      <trkpt lat="45.336516" lon="5.877123">
        <ele>1888.6765414802212</ele>
      </trkpt>
      <trkpt lat="45.336496" lon="5.8771">
        <ele>1887.3834115515886</ele>
      </trkpt>
      <trkpt lat="45.336481" lon="5.877084">
        <ele>1886.4796676646956</ele>
      </trkpt>
      <trkpt lat="45.336461" lon="5.877062">
        <ele>1885.384088005021</ele>
      </trkpt>
      <trkpt lat="45.336446" lon="5.877045">
        <ele>1884.5128578442075</ele>
      </trkpt>
      <trkpt lat="45.336426" lon="5.877023">
        <ele>1883.4259953063806</ele>
      </trkpt>
      <trkpt lat="45.336407" lon="5.877001">
        <ele>1882.5108780885962</ele>
      </trkpt>
      <trkpt lat="45.336387" lon="5.876979">
        <ele>1881.5113892259387</ele>
      </trkpt>
      <trkpt lat="45.336372" lon="5.876962">
        <ele>1880.8455653549404</ele>
      </trkpt>
      <trkpt lat="45.336357" lon="5.876946">
        <ele>1880.2324024548673</ele>
      </trkpt>
      <trkpt lat="45.336342" lon="5.876929">
        <ele>1879.7128903716869</ele>
      </trkpt>
      <trkpt lat="45.336327" lon="5.876913">
        <ele>1879.111099793366</ele>
      </trkpt>
      <trkpt lat="45.336312" lon="5.876896">
        <ele>1878.5810458131955</ele>
      </trkpt>
      <trkpt lat="45.336297" lon="5.87688">
        <ele>1878.089896930838</ele>
      </trkpt>
      <trkpt lat="45.336282" lon="5.876863">
        <ele>1877.6953518229113</ele>
      </trkpt>
      <trkpt lat="45.336268" lon="5.876846">
        <ele>1877.42742519669</ele>
      </trkpt>
      <trkpt lat="45.336253" lon="5.87683">
        <ele>1877.1323258615064</ele>
      </trkpt>
      <trkpt lat="45.336238" lon="5.876813">
        <ele>1876.8864458903695</ele>
      </trkpt>
      <trkpt lat="45.336223" lon="5.876797">
        <ele>1876.6830051370466</ele>
      </trkpt>
      <trkpt lat="45.336213" lon="5.876786">
        <ele>1876.541187726247</ele>
      </trkpt>
      <trkpt lat="45.336208" lon="5.87678">
        <ele>1876.484798944035</ele>
      </trkpt>
      <trkpt lat="45.336198" lon="5.876769">
        <ele>1876.3634200197714</ele>
      </trkpt>
      <trkpt lat="45.336193" lon="5.876764">
        <ele>1876.2966138612792</ele>
      </trkpt>
      <trkpt lat="45.336188" lon="5.876758">
        <ele>1876.2819935287093</ele>
      </trkpt>
      <trkpt lat="45.336178" lon="5.876747">
        <ele>1876.2405194620371</ele>
      </trkpt>
      <trkpt lat="45.336173" lon="5.876742">
        <ele>1876.2118497070053</ele>
      </trkpt>
      <trkpt lat="45.336163" lon="5.876731">
        <ele>1876.2293962440706</ele>
      </trkpt>
      <trkpt lat="45.336158" lon="5.876725">
        <ele>1876.2774285492635</ele>
      </trkpt>
      <trkpt lat="45.336153" lon="5.87672">
        <ele>1876.2868951807725</ele>
      </trkpt>
      <trkpt lat="45.336143" lon="5.876708">
        <ele>1876.4356242922881</ele>
      </trkpt>
      <trkpt lat="45.336138" lon="5.876703">
        <ele>1876.4741471991906</ele>
      </trkpt>
      <trkpt lat="45.336128" lon="5.876692">
        <ele>1876.6324350863706</ele>
      </trkpt>
      <trkpt lat="45.336119" lon="5.876681">
        <ele>1876.8702532953484</ele>
      </trkpt>
      <trkpt lat="45.336109" lon="5.87667">
        <ele>1877.1064482670865</ele>
      </trkpt>
      <trkpt lat="45.336099" lon="5.876659">
        <ele>1877.3825955763461</ele>
      </trkpt>
      <trkpt lat="45.336084" lon="5.876642">
        <ele>1877.3461378393852</ele>
      </trkpt>
      <trkpt lat="45.336074" lon="5.876631">
        <ele>1877.2797298879682</ele>
      </trkpt>
      <trkpt lat="45.336064" lon="5.87662">
        <ele>1877.2348539192735</ele>
      </trkpt>
      <trkpt lat="45.336049" lon="5.876604">
        <ele>1877.1873277626516</ele>
      </trkpt>
      <trkpt lat="45.336039" lon="5.876592">
        <ele>1877.237940394972</ele>
      </trkpt>
      <trkpt lat="45.336034" lon="5.876587">
        <ele>1877.2294178423417</ele>
      </trkpt>
      <trkpt lat="45.336024" lon="5.876576">
        <ele>1877.2706697445842</ele>
      </trkpt>
      <trkpt lat="45.336014" lon="5.876565">
        <ele>1877.3334535971644</ele>
      </trkpt>
      <trkpt lat="45.336004" lon="5.876554">
        <ele>1877.417769397301</ele>
      </trkpt>
      <trkpt lat="45.335999" lon="5.876548">
        <ele>1877.4910332372724</ele>
      </trkpt>
      <trkpt lat="45.335995" lon="5.876543">
        <ele>1877.5631632774378</ele>
      </trkpt>
      <trkpt lat="45.335985" lon="5.876532">
        <ele>1877.6894663557603</ele>
      </trkpt>
      <trkpt lat="45.33598" lon="5.876526">
        <ele>1877.7846536152433</ele>
      </trkpt>
      <trkpt lat="45.335975" lon="5.876521">
        <ele>1877.8046731443826</ele>
      </trkpt>
      <trkpt lat="45.33597" lon="5.876515">
        <ele>1877.8539349989371</ele>
      </trkpt>
      <trkpt lat="45.33596" lon="5.876504">
        <ele>1877.9170166914464</ele>
      </trkpt>
      <trkpt lat="45.335955" lon="5.876499">
        <ele>1877.9300539289118</ele>
      </trkpt>
      <trkpt lat="45.335945" lon="5.876488">
        <ele>1878.0185702234487</ele>
      </trkpt>
      <trkpt lat="45.33594" lon="5.876482">
        <ele>1877.9809343790153</ele>
      </trkpt>
      <trkpt lat="45.335935" lon="5.876477">
        <ele>1877.7126923396117</ele>
      </trkpt>
      <trkpt lat="45.33593" lon="5.876471">
        <ele>1877.4396561312906</ele>
      </trkpt>
      <trkpt lat="45.33592" lon="5.87646">
        <ele>1876.9112804727617</ele>
      </trkpt>
      <trkpt lat="45.335908" lon="5.876456">
        <ele>1876.3534753174822</ele>
      </trkpt>
      <trkpt lat="45.335895" lon="5.876451">
        <ele>1875.751757425779</ele>
      </trkpt>
      <trkpt lat="45.335883" lon="5.876447">
        <ele>1875.2061512349414</ele>
      </trkpt>
      <trkpt lat="45.335883" lon="5.876447">
        <ele>1875.2061512349414</ele>
      </trkpt>
      <trkpt lat="45.335883" lon="5.876447">
        <ele>1875.2061512349414</ele>
      </trkpt>
      <trkpt lat="45.335877" lon="5.876445">
        <ele>1874.9354594986412</ele>
      </trkpt>
      <trkpt lat="45.335877" lon="5.876445">
        <ele>1874.9354594986412</ele>
      </trkpt>
      <trkpt lat="45.335871" lon="5.876443">
        <ele>1874.6661753350709</ele>
      </trkpt>
      <trkpt lat="45.335871" lon="5.876443">
        <ele>1874.6661753350709</ele>
      </trkpt>
      <trkpt lat="45.335871" lon="5.876443">
        <ele>1874.6661753350709</ele>
      </trkpt>
      <trkpt lat="45.335871" lon="5.876443">
        <ele>1874.6661753350709</ele>
      </trkpt>
      <trkpt lat="45.335871" lon="5.876443">
        <ele>1874.6661753350709</ele>
      </trkpt>
      <trkpt lat="45.335871" lon="5.876443">
        <ele>1874.6661753350709</ele>
      </trkpt>
      <trkpt lat="45.335871" lon="5.876443">
        <ele>1874.6661753350709</ele>
      </trkpt>
      <trkpt lat="45.335871" lon="5.876443">
        <ele>1874.6661753350709</ele>
      </trkpt>
      <trkpt lat="45.335871" lon="5.876443">
        <ele>1874.6661753350709</ele>
      </trkpt>
      <trkpt lat="45.335871" lon="5.876443">
        <ele>1874.6661753350709</ele>
      </trkpt>
      <trkpt lat="45.335871" lon="5.876443">
        <ele>1874.6661753350709</ele>
      </trkpt>
      <trkpt lat="45.335871" lon="5.876443">
        <ele>1874.6661753350709</ele>
      </trkpt>
      <trkpt lat="45.335865" lon="5.876441">
        <ele>1874.3982987440081</ele>
      </trkpt>
      <trkpt lat="45.335865" lon="5.876441">
        <ele>1874.3982987440081</ele>
      </trkpt>
      <trkpt lat="45.335859" lon="5.876439">
        <ele>1874.131829726441</ele>
      </trkpt>
      <trkpt lat="45.335853" lon="5.876436">
        <ele>1873.8917690607714</ele>
      </trkpt>
      <trkpt lat="45.33584" lon="5.876432">
        <ele>1873.4103231993058</ele>
      </trkpt>
      <trkpt lat="45.335828" lon="5.876428">
        <ele>1872.9704447314994</ele>
      </trkpt>
      <trkpt lat="45.335822" lon="5.876426">
        <ele>1872.7524946491144</ele>
      </trkpt>
      <trkpt lat="45.33581" lon="5.876421">
        <ele>1872.3197236120554</ele>
      </trkpt>
      <trkpt lat="45.335797" lon="5.876417">
        <ele>1871.858556051724</ele>
      </trkpt>
      <trkpt lat="45.335785" lon="5.876413">
        <ele>1871.4381270527151</ele>
      </trkpt>
      <trkpt lat="45.335767" lon="5.876406">
        <ele>1870.8189560149142</ele>
      </trkpt>
      <trkpt lat="45.335755" lon="5.876402">
        <ele>1870.412451047403</ele>
      </trkpt>
      <trkpt lat="45.335736" lon="5.876395">
        <ele>1869.7902631629877</ele>
      </trkpt>
      <trkpt lat="45.335724" lon="5.876391">
        <ele>1869.5771796484298</ele>
      </trkpt>
      <trkpt lat="45.335712" lon="5.876387">
        <ele>1869.3674815221887</ele>
      </trkpt>
      <trkpt lat="45.335693" lon="5.87638">
        <ele>1869.04554620185</ele>
      </trkpt>
      <trkpt lat="45.335681" lon="5.876376">
        <ele>1868.8448757700296</ele>
      </trkpt>
      <trkpt lat="45.335663" lon="5.87637">
        <ele>1868.5502177181888</ele>
      </trkpt>
      <trkpt lat="45.33565" lon="5.876365">
        <ele>1868.3463203361675</ele>
      </trkpt>
      <trkpt lat="45.335632" lon="5.876359">
        <ele>1868.065203808601</ele>
      </trkpt>
      <trkpt lat="45.33562" lon="5.876355">
        <ele>1867.8820245163565</ele>
      </trkpt>
      <trkpt lat="45.335608" lon="5.87635">
        <ele>1867.773828197179</ele>
      </trkpt>
      <trkpt lat="45.335595" lon="5.876346">
        <ele>1867.6847116608628</ele>
      </trkpt>
      <trkpt lat="45.335571" lon="5.876337">
        <ele>1867.5400046623024</ele>
      </trkpt>
      <trkpt lat="45.335552" lon="5.876331">
        <ele>1867.4223104748523</ele>
      </trkpt>
      <trkpt lat="45.335534" lon="5.876325">
        <ele>1867.3184677169331</ele>
      </trkpt>
      <trkpt lat="45.335522" lon="5.87632">
        <ele>1867.261502931914</ele>
      </trkpt>
      <trkpt lat="45.335504" lon="5.876314">
        <ele>1867.1661428136902</ele>
      </trkpt>
      <trkpt lat="45.335491" lon="5.876309">
        <ele>1866.9738756196837</ele>
      </trkpt>
      <trkpt lat="45.335473" lon="5.876303">
        <ele>1866.6345469909356</ele>
      </trkpt>
      <trkpt lat="45.335454" lon="5.876297">
        <ele>1866.2954472870374</ele>
      </trkpt>
      <trkpt lat="45.335442" lon="5.876292">
        <ele>1866.053139183693</ele>
      </trkpt>
      <trkpt lat="45.335424" lon="5.876286">
        <ele>1865.7389290791807</ele>
      </trkpt>
      <trkpt lat="45.335399" lon="5.876277">
        <ele>1865.3005218305289</ele>
      </trkpt>
      <trkpt lat="45.335375" lon="5.876269">
        <ele>1864.9130568677022</ele>
      </trkpt>
      <trkpt lat="45.33535" lon="5.87626">
        <ele>1864.431891170948</ele>
      </trkpt>
      <trkpt lat="45.335325" lon="5.87626">
        <ele>1864.1698166002911</ele>
      </trkpt>
      <trkpt lat="45.335301" lon="5.87626">
        <ele>1863.9182251213356</ele>
      </trkpt>
      <trkpt lat="45.335276" lon="5.87626">
        <ele>1863.6561507774647</ele>
      </trkpt>
      <trkpt lat="45.335257" lon="5.87626">
        <ele>1863.4569743533657</ele>
      </trkpt>
      <trkpt lat="45.335226" lon="5.87626">
        <ele>1863.1110263412102</ele>
      </trkpt>
      <trkpt lat="45.335201" lon="5.87626">
        <ele>1862.8301439188122</ele>
      </trkpt>
      <trkpt lat="45.33517" lon="5.87626">
        <ele>1862.4818498870445</ele>
      </trkpt>
      <trkpt lat="45.335145" lon="5.87626">
        <ele>1862.2009677425897</ele>
      </trkpt>
      <trkpt lat="45.335114" lon="5.87626">
        <ele>1861.9866667501187</ele>
      </trkpt>
      <trkpt lat="45.335089" lon="5.87626">
        <ele>1861.880159082365</ele>
      </trkpt>
      <trkpt lat="45.335064" lon="5.87626">
        <ele>1861.773651461593</ele>
      </trkpt>
      <trkpt lat="45.335033" lon="5.87626">
        <ele>1861.6415820771658</ele>
      </trkpt>
      <trkpt lat="45.335008" lon="5.87626">
        <ele>1861.5977859933678</ele>
      </trkpt>
      <trkpt lat="45.334983" lon="5.87626">
        <ele>1861.836642723315</ele>
      </trkpt>
      <trkpt lat="45.334958" lon="5.87626">
        <ele>1862.0754993479009</ele>
      </trkpt>
      <trkpt lat="45.334933" lon="5.87626">
        <ele>1862.3143558669913</ele>
      </trkpt>
      <trkpt lat="45.334909" lon="5.87626">
        <ele>1862.5436580261203</ele>
      </trkpt>
      <trkpt lat="45.33489" lon="5.87626">
        <ele>1862.7508636038622</ele>
      </trkpt>
      <trkpt lat="45.334865" lon="5.87626">
        <ele>1863.3332838171873</ele>
      </trkpt>
      <trkpt lat="45.33484" lon="5.87626">
        <ele>1863.9157037736031</ele>
      </trkpt>
      <trkpt lat="45.334821" lon="5.87626">
        <ele>1864.3583427684116</ele>
      </trkpt>
      <trkpt lat="45.33479" lon="5.87626">
        <ele>1865.080542914723</ele>
      </trkpt>
      <trkpt lat="45.334767" lon="5.876246">
        <ele>1865.9285550788625</ele>
      </trkpt>
      <trkpt lat="45.334738" lon="5.876229">
        <ele>1866.9083638926272</ele>
      </trkpt>
      <trkpt lat="45.334714" lon="5.876216">
        <ele>1867.6721872526098</ele>
      </trkpt>
      <trkpt lat="45.334691" lon="5.876202">
        <ele>1868.4163823530864</ele>
      </trkpt>
      <trkpt lat="45.334668" lon="5.876188">
        <ele>1869.1394464314626</ele>
      </trkpt>
      <trkpt lat="45.33465" lon="5.876178">
        <ele>1869.6654573669202</ele>
      </trkpt>
      <trkpt lat="45.334638" lon="5.876171">
        <ele>1869.8695313112928</ele>
      </trkpt>
      <trkpt lat="45.334632" lon="5.876168">
        <ele>1869.964811518856</ele>
      </trkpt>
      <trkpt lat="45.334621" lon="5.876161">
        <ele>1870.175154875717</ele>
      </trkpt>
      <trkpt lat="45.334615" lon="5.876157">
        <ele>1870.29702467063</ele>
      </trkpt>
      <trkpt lat="45.334603" lon="5.87615">
        <ele>1870.526684439078</ele>
      </trkpt>
      <trkpt lat="45.334597" lon="5.876147">
        <ele>1870.6338566436782</ele>
      </trkpt>
      <trkpt lat="45.334591" lon="5.876144">
        <ele>1870.7428821459998</ele>
      </trkpt>
      <trkpt lat="45.334591" lon="5.876144">
        <ele>1870.7428821459998</ele>
      </trkpt>
      <trkpt lat="45.33458" lon="5.876137">
        <ele>1870.8657920949115</ele>
      </trkpt>
      <trkpt lat="45.33458" lon="5.876137">
        <ele>1870.8657920949115</ele>
      </trkpt>
      <trkpt lat="45.33458" lon="5.876137">
        <ele>1870.8657920949115</ele>
      </trkpt>
      <trkpt lat="45.33458" lon="5.876137">
        <ele>1870.8657920949115</ele>
      </trkpt>
      <trkpt lat="45.33458" lon="5.876137">
        <ele>1870.8657920949115</ele>
      </trkpt>
      <trkpt lat="45.33458" lon="5.876137">
        <ele>1870.8657920949115</ele>
      </trkpt>
      <trkpt lat="45.33458" lon="5.876137">
        <ele>1870.8657920949115</ele>
      </trkpt>
      <trkpt lat="45.33458" lon="5.876137">
        <ele>1870.8657920949115</ele>
      </trkpt>
      <trkpt lat="45.33458" lon="5.876137">
        <ele>1870.8657920949115</ele>
      </trkpt>
      <trkpt lat="45.33458" lon="5.876137">
        <ele>1870.8657920949115</ele>
      </trkpt>
      <trkpt lat="45.33458" lon="5.876137">
        <ele>1870.8657920949115</ele>
      </trkpt>
      <trkpt lat="45.33458" lon="5.876137">
        <ele>1870.8657920949115</ele>
      </trkpt>
      <trkpt lat="45.33458" lon="5.876137">
        <ele>1870.8657920949115</ele>
      </trkpt>
      <trkpt lat="45.334562" lon="5.876126">
        <ele>1870.9241086724487</ele>
      </trkpt>
      <trkpt lat="45.334539" lon="5.876113">
        <ele>1871.0679935991548</ele>
      </trkpt>
      <trkpt lat="45.334521" lon="5.876102">
        <ele>1871.1065724138716</ele>
      </trkpt>
      <trkpt lat="45.33451" lon="5.876096">
        <ele>1871.0794403014738</ele>
      </trkpt>
      <trkpt lat="45.334492" lon="5.876085">
        <ele>1871.069317100113</ele>
      </trkpt>
      <trkpt lat="45.334474" lon="5.876075">
        <ele>1871.1033707923577</ele>
      </trkpt>
      <trkpt lat="45.334451" lon="5.876061">
        <ele>1871.215381732959</ele>
      </trkpt>
      <trkpt lat="45.334433" lon="5.876051">
        <ele>1871.348989578436</ele>
      </trkpt>
      <trkpt lat="45.33441" lon="5.876037">
        <ele>1871.5941334376382</ele>
      </trkpt>
      <trkpt lat="45.334392" lon="5.876027">
        <ele>1871.7282657887454</ele>
      </trkpt>
      <trkpt lat="45.334375" lon="5.876017">
        <ele>1871.872210587308</ele>
      </trkpt>
      <trkpt lat="45.334363" lon="5.87601">
        <ele>1871.982125299992</ele>
      </trkpt>
      <trkpt lat="45.334352" lon="5.876003">
        <ele>1872.0968777146431</ele>
      </trkpt>
      <trkpt lat="45.334334" lon="5.875993">
        <ele>1872.2794930557855</ele>
      </trkpt>
      <trkpt lat="45.334322" lon="5.875986">
        <ele>1872.4147802130658</ele>
      </trkpt>
      <trkpt lat="45.334305" lon="5.875976">
        <ele>1872.6203690221355</ele>
      </trkpt>
      <trkpt lat="45.334293" lon="5.875969">
        <ele>1872.773615441998</ele>
      </trkpt>
      <trkpt lat="45.334281" lon="5.875962">
        <ele>1872.7643734054047</ele>
      </trkpt>
      <trkpt lat="45.33427" lon="5.875955">
        <ele>1872.7501232877594</ele>
      </trkpt>
      <trkpt lat="45.334252" lon="5.875945">
        <ele>1872.7482691025152</ele>
      </trkpt>
      <trkpt lat="45.334234" lon="5.875934">
        <ele>1872.755785187642</ele>
      </trkpt>
      <trkpt lat="45.334223" lon="5.875928">
        <ele>1872.771396495109</ele>
      </trkpt>
      <trkpt lat="45.334211" lon="5.875921">
        <ele>1872.7925813240804</ele>
      </trkpt>
      <trkpt lat="45.334199" lon="5.875914">
        <ele>1872.8204506537904</ele>
      </trkpt>
      <trkpt lat="45.334188" lon="5.875907">
        <ele>1872.8500477073494</ele>
      </trkpt>
      <trkpt lat="45.334182" lon="5.875904">
        <ele>1872.8711343771158</ele>
      </trkpt>
      <trkpt lat="45.334176" lon="5.8759">
        <ele>1872.891007511831</ele>
      </trkpt>
      <trkpt lat="45.334158" lon="5.87589">
        <ele>1872.8417173250916</ele>
      </trkpt>
      <trkpt lat="45.334146" lon="5.875883">
        <ele>1872.7495119374194</ele>
      </trkpt>
      <trkpt lat="45.334131" lon="5.875868">
        <ele>1872.644202399936</ele>
      </trkpt>
      <trkpt lat="45.334108" lon="5.875838">
        <ele>1872.5342553512435</ele>
      </trkpt>
      <trkpt lat="45.334094" lon="5.87582">
        <ele>1872.5023465589645</ele>
      </trkpt>
      <trkpt lat="45.334075" lon="5.875796">
        <ele>1872.4801720337719</ele>
      </trkpt>
      <trkpt lat="45.334056" lon="5.875772">
        <ele>1872.1431406196957</ele>
      </trkpt>
      <trkpt lat="45.334042" lon="5.875754">
        <ele>1871.8491742648828</ele>
      </trkpt>
      <trkpt lat="45.334024" lon="5.87573">
        <ele>1871.3636602414977</ele>
      </trkpt>
      <trkpt lat="45.334014" lon="5.875718">
        <ele>1871.134464711031</ele>
      </trkpt>
      <trkpt lat="45.334" lon="5.8757">
        <ele>1870.8334212681655</ele>
      </trkpt>
      <trkpt lat="45.333986" lon="5.875683">
        <ele>1870.5773779025626</ele>
      </trkpt>
      <trkpt lat="45.333972" lon="5.875665">
        <ele>1870.3503733866323</ele>
      </trkpt>
      <trkpt lat="45.333958" lon="5.875647">
        <ele>1870.16090971412</ele>
      </trkpt>
      <trkpt lat="45.333949" lon="5.875635">
        <ele>1870.05691982402</ele>
      </trkpt>
      <trkpt lat="45.333939" lon="5.875623">
        <ele>1869.93258646086</ele>
      </trkpt>
      <trkpt lat="45.33393" lon="5.875611">
        <ele>1869.7108510896335</ele>
      </trkpt>
      <trkpt lat="45.333921" lon="5.875599">
        <ele>1869.4201493460878</ele>
      </trkpt>
      <trkpt lat="45.333916" lon="5.875593">
        <ele>1869.2456580055052</ele>
      </trkpt>
      <trkpt lat="45.333906" lon="5.875581">
        <ele>1868.9119496252597</ele>
      </trkpt>
      <trkpt lat="45.333897" lon="5.875569">
        <ele>1868.6133225399467</ele>
      </trkpt>
      <trkpt lat="45.333888" lon="5.875557">
        <ele>1868.3330246044063</ele>
      </trkpt>
      <trkpt lat="45.333878" lon="5.875545">
        <ele>1868.058376822063</ele>
      </trkpt>
      <trkpt lat="45.333869" lon="5.875533">
        <ele>1867.815755458734</ele>
      </trkpt>
      <trkpt lat="45.333864" lon="5.875527">
        <ele>1867.6957424221773</ele>
      </trkpt>
      <trkpt lat="45.33386" lon="5.875521">
        <ele>1867.5914632309916</ele>
      </trkpt>
      <trkpt lat="45.333855" lon="5.875515">
        <ele>1867.4811239042958</ele>
      </trkpt>
      <trkpt lat="45.333846" lon="5.875503">
        <ele>1867.2848345158384</ele>
      </trkpt>
      <trkpt lat="45.333841" lon="5.875497">
        <ele>1867.189260319817</ele>
      </trkpt>
      <trkpt lat="45.333841" lon="5.875497">
        <ele>1867.189260319817</ele>
      </trkpt>
      <trkpt lat="45.333831" lon="5.875485">
        <ele>1867.0133861973197</ele>
      </trkpt>
      <trkpt lat="45.333831" lon="5.875485">
        <ele>1867.0133861973197</ele>
      </trkpt>
      <trkpt lat="45.333817" lon="5.875467">
        <ele>1866.7938208120534</ele>
      </trkpt>
      <trkpt lat="45.333813" lon="5.875461">
        <ele>1866.7338369971421</ele>
      </trkpt>
      <trkpt lat="45.333808" lon="5.875456">
        <ele>1866.6784173937026</ele>
      </trkpt>
      <trkpt lat="45.333799" lon="5.875444">
        <ele>1866.3401912622617</ele>
      </trkpt>
      <trkpt lat="45.333789" lon="5.875432">
        <ele>1865.9332760419502</ele>
      </trkpt>
      <trkpt lat="45.333785" lon="5.875426">
        <ele>1865.7641529706602</ele>
      </trkpt>
      <trkpt lat="45.33378" lon="5.87542">
        <ele>1865.5761461332477</ele>
      </trkpt>
      <trkpt lat="45.333775" lon="5.875414">
        <ele>1865.3945771160943</ele>
      </trkpt>
      <trkpt lat="45.333766" lon="5.875402">
        <ele>1865.072855214718</ele>
      </trkpt>
      <trkpt lat="45.333761" lon="5.875396">
        <ele>1864.9099558722512</ele>
      </trkpt>
      <trkpt lat="45.333752" lon="5.875384">
        <ele>1864.623641965461</ele>
      </trkpt>
      <trkpt lat="45.333747" lon="5.875378">
        <ele>1864.4794122909457</ele>
      </trkpt>
      <trkpt lat="45.333738" lon="5.875366">
        <ele>1864.228506365116</ele>
      </trkpt>
      <trkpt lat="45.333728" lon="5.875354">
        <ele>1863.9838241499078</ele>
      </trkpt>
      <trkpt lat="45.333719" lon="5.875342">
        <ele>1863.7805580336124</ele>
      </trkpt>
      <trkpt lat="45.333714" lon="5.875336">
        <ele>1863.6801054832852</ele>
      </trkpt>
      <trkpt lat="45.333709" lon="5.87533">
        <ele>1863.5860907425836</ele>
      </trkpt>
      <trkpt lat="45.333705" lon="5.875324">
        <ele>1863.5122473178026</ele>
      </trkpt>
      <trkpt lat="45.3337" lon="5.875318">
        <ele>1863.4304644117979</ele>
      </trkpt>
      <trkpt lat="45.333695" lon="5.875312">
        <ele>1863.3551193127241</ele>
      </trkpt>
      <trkpt lat="45.333691" lon="5.875306">
        <ele>1863.298014183829</ele>
      </trkpt>
      <trkpt lat="45.333691" lon="5.875306">
        <ele>1863.298014183829</ele>
      </trkpt>
      <trkpt lat="45.333686" lon="5.8753">
        <ele>1863.2349009151071</ele>
      </trkpt>
      <trkpt lat="45.333677" lon="5.875288">
        <ele>1863.0296614978422</ele>
      </trkpt>
      <trkpt lat="45.333667" lon="5.875276">
        <ele>1862.8010899497522</ele>
      </trkpt>
      <trkpt lat="45.333658" lon="5.875264">
        <ele>1862.6098828266681</ele>
      </trkpt>
      <trkpt lat="45.333644" lon="5.875246">
        <ele>1862.3554526714274</ele>
      </trkpt>
      <trkpt lat="45.333625" lon="5.875223">
        <ele>1862.0877337003672</ele>
      </trkpt>
      <trkpt lat="45.333611" lon="5.875205">
        <ele>1861.9540008187867</ele>
      </trkpt>
      <trkpt lat="45.333597" lon="5.875187">
        <ele>1861.872349604399</ele>
      </trkpt>
      <trkpt lat="45.333578" lon="5.875163">
        <ele>1861.8410422897143</ele>
      </trkpt>
      <trkpt lat="45.333564" lon="5.875145">
        <ele>1861.8802126074045</ele>
      </trkpt>
      <trkpt lat="45.33355" lon="5.875127">
        <ele>1861.925682067161</ele>
      </trkpt>
      <trkpt lat="45.333536" lon="5.875109">
        <ele>1861.9966579353954</ele>
      </trkpt>
      <trkpt lat="45.333522" lon="5.875091">
        <ele>1861.9920898594382</ele>
      </trkpt>
      <trkpt lat="45.333508" lon="5.875073">
        <ele>1862.039888459211</ele>
      </trkpt>
      <trkpt lat="45.333494" lon="5.875055">
        <ele>1862.140053715167</ele>
      </trkpt>
      <trkpt lat="45.33348" lon="5.875037">
        <ele>1862.292585607821</ele>
      </trkpt>
      <trkpt lat="45.33347" lon="5.875025">
        <ele>1862.4234490498823</ele>
      </trkpt>
      <trkpt lat="45.333461" lon="5.875013">
        <ele>1862.5778777250912</ele>
      </trkpt>
      <trkpt lat="45.333452" lon="5.875001">
        <ele>1862.7547492250792</ele>
      </trkpt>
      <trkpt lat="45.333443" lon="5.87499">
        <ele>1862.9395071206989</ele>
      </trkpt>
      <trkpt lat="45.333433" lon="5.874978">
        <ele>1863.1600181058136</ele>
      </trkpt>
      <trkpt lat="45.333424" lon="5.874966">
        <ele>1863.3883450183987</ele>
      </trkpt>
      <trkpt lat="45.333414" lon="5.874954">
        <ele>1863.6341839178212</ele>
      </trkpt>
      <trkpt lat="45.333405" lon="5.874942">
        <ele>1863.8865398716107</ele>
      </trkpt>
      <trkpt lat="45.333396" lon="5.87493">
        <ele>1864.010569818442</ele>
      </trkpt>
      <trkpt lat="45.333381" lon="5.874912">
        <ele>1864.1895444328868</ele>
      </trkpt>
      <trkpt lat="45.333372" lon="5.8749">
        <ele>1864.335696784958</ele>
      </trkpt>
      <trkpt lat="45.333363" lon="5.874888">
        <ele>1864.509546213465</ele>
      </trkpt>
      <trkpt lat="45.333353" lon="5.874876">
        <ele>1864.7258023893273</ele>
      </trkpt>
      <trkpt lat="45.333344" lon="5.874864">
        <ele>1864.956584674955</ele>
      </trkpt>
      <trkpt lat="45.333335" lon="5.874852">
        <ele>1865.2150640169307</ele>
      </trkpt>
      <trkpt lat="45.33333" lon="5.874846">
        <ele>1865.3639683253432</ele>
      </trkpt>
      <trkpt lat="45.333321" lon="5.874834">
        <ele>1865.6808796141693</ele>
      </trkpt>
      <trkpt lat="45.333306" lon="5.874816">
        <ele>1866.3327613968688</ele>
      </trkpt>
      <trkpt lat="45.333297" lon="5.874805">
        <ele>1866.7608696582672</ele>
      </trkpt>
      <trkpt lat="45.333283" lon="5.874787">
        <ele>1867.492978405527</ele>
      </trkpt>
      <trkpt lat="45.333269" lon="5.874768">
        <ele>1868.3094245106367</ele>
      </trkpt>
      <trkpt lat="45.333255" lon="5.874751">
        <ele>1868.5769773233883</ele>
      </trkpt>
      <trkpt lat="45.333241" lon="5.874733">
        <ele>1868.8239469055566</ele>
      </trkpt>
      <trkpt lat="45.333227" lon="5.874715">
        <ele>1869.090399314443</ele>
      </trkpt>
      <trkpt lat="45.333217" lon="5.874703">
        <ele>1869.3048358883213</ele>
      </trkpt>
      <trkpt lat="45.333203" lon="5.874685">
        <ele>1869.6042235349223</ele>
      </trkpt>
      <trkpt lat="45.333194" lon="5.874673">
        <ele>1869.820525439319</ele>
      </trkpt>
      <trkpt lat="45.33318" lon="5.874655">
        <ele>1870.1755568488832</ele>
      </trkpt>
      <trkpt lat="45.333171" lon="5.874643">
        <ele>1870.4028434687011</ele>
      </trkpt>
      <trkpt lat="45.333157" lon="5.874625">
        <ele>1870.7725004139438</ele>
      </trkpt>
      <trkpt lat="45.333138" lon="5.874601">
        <ele>1871.2936817849586</ele>
      </trkpt>
      <trkpt lat="45.333124" lon="5.874583">
        <ele>1871.3796720880825</ele>
      </trkpt>
      <trkpt lat="45.333114" lon="5.874572">
        <ele>1871.410225101949</ele>
      </trkpt>
      <trkpt lat="45.3331" lon="5.874554">
        <ele>1871.3453593942716</ele>
      </trkpt>
      <trkpt lat="45.333086" lon="5.874536">
        <ele>1871.2651923285325</ele>
      </trkpt>
      <trkpt lat="45.333077" lon="5.874524">
        <ele>1871.1576148075021</ele>
      </trkpt>
      <trkpt lat="45.333067" lon="5.874512">
        <ele>1871.0552341306668</ele>
      </trkpt>
      <trkpt lat="45.333053" lon="5.874494">
        <ele>1870.8667358531839</ele>
      </trkpt>
      <trkpt lat="45.333049" lon="5.874488">
        <ele>1870.7806183035339</ele>
      </trkpt>
      <trkpt lat="45.333039" lon="5.874476">
        <ele>1870.6782374544728</ele>
      </trkpt>
      <trkpt lat="45.333035" lon="5.87447">
        <ele>1870.5921198699853</ele>
      </trkpt>
      <trkpt lat="45.333025" lon="5.874458">
        <ele>1870.489738934075</ele>
      </trkpt>
      <trkpt lat="45.333016" lon="5.874446">
        <ele>1870.3524308127087</ele>
      </trkpt>
      <trkpt lat="45.333006" lon="5.874436">
        <ele>1870.3253251380074</ele>
      </trkpt>
      <trkpt lat="45.332989" lon="5.874425">
        <ele>1870.5050714802273</ele>
      </trkpt>
      <trkpt lat="45.332966" lon="5.874409">
        <ele>1870.6723076266553</ele>
      </trkpt>
      <trkpt lat="45.332949" lon="5.874397">
        <ele>1870.7609115219761</ele>
      </trkpt>
      <trkpt lat="45.332927" lon="5.874382">
        <ele>1870.8706026386922</ele>
      </trkpt>
      <trkpt lat="45.332904" lon="5.874366">
        <ele>1870.952364072669</ele>
      </trkpt>
      <trkpt lat="45.332881" lon="5.874351">
        <ele>1871.0557788790452</ele>
      </trkpt>
      <trkpt lat="45.332859" lon="5.874335">
        <ele>1871.0659519886474</ele>
      </trkpt>
      <trkpt lat="45.332842" lon="5.874324">
        <ele>1871.119377575684</ele>
      </trkpt>
      <trkpt lat="45.332825" lon="5.874312">
        <ele>1871.0522323965513</ele>
      </trkpt>
      <trkpt lat="45.332802" lon="5.874297">
        <ele>1870.9888942288785</ele>
      </trkpt>
      <trkpt lat="45.33278" lon="5.874281">
        <ele>1870.835921966237</ele>
      </trkpt>
      <trkpt lat="45.332757" lon="5.874265">
        <ele>1870.6881924230227</ele>
      </trkpt>
      <trkpt lat="45.332729" lon="5.874246">
        <ele>1870.5110773520553</ele>
      </trkpt>
      <trkpt lat="45.332706" lon="5.874231">
        <ele>1870.348833478563</ele>
      </trkpt>
      <trkpt lat="45.332684" lon="5.874215">
        <ele>1870.0901985451235</ele>
      </trkpt>
      <trkpt lat="45.332661" lon="5.8742">
        <ele>1869.9009814900146</ele>
      </trkpt>
      <trkpt lat="45.332638" lon="5.874184">
        <ele>1869.670400870361</ele>
      </trkpt>
      <trkpt lat="45.332616" lon="5.874169">
        <ele>1869.4668074094502</ele>
      </trkpt>
      <trkpt lat="45.332593" lon="5.874153">
        <ele>1869.2284938897128</ele>
      </trkpt>
      <trkpt lat="45.332571" lon="5.874138">
        <ele>1868.9793757518005</ele>
      </trkpt>
      <trkpt lat="45.332554" lon="5.874126">
        <ele>1868.7724628991036</ele>
      </trkpt>
      <trkpt lat="45.332531" lon="5.87411">
        <ele>1868.5081412580303</ele>
      </trkpt>
      <trkpt lat="45.332514" lon="5.874099">
        <ele>1868.35284541277</ele>
      </trkpt>
      <trkpt lat="45.332497" lon="5.874087">
        <ele>1868.156854206848</ele>
      </trkpt>
      <trkpt lat="45.33248" lon="5.874075">
        <ele>1867.9611154827678</ele>
      </trkpt>
      <trkpt lat="45.332457" lon="5.87406">
        <ele>1867.7327868146754</ele>
      </trkpt>
      <trkpt lat="45.332433" lon="5.874055">
        <ele>1867.962184007344</ele>
      </trkpt>
      <trkpt lat="45.332408" lon="5.874049">
        <ele>1868.1646254363495</ele>
      </trkpt>
      <trkpt lat="45.332389" lon="5.874046">
        <ele>1868.387001148872</ele>
      </trkpt>
      <trkpt lat="45.332365" lon="5.874041">
        <ele>1868.6129560880345</ele>
      </trkpt>
      <trkpt lat="45.33234" lon="5.874035">
        <ele>1868.7880174472496</ele>
      </trkpt>
      <trkpt lat="45.332315" lon="5.87403">
        <ele>1868.9942521053522</ele>
      </trkpt>
      <trkpt lat="45.332296" lon="5.874026">
        <ele>1869.1389619721922</ele>
      </trkpt>
      <trkpt lat="45.332271" lon="5.874021">
        <ele>1869.3375603182985</ele>
      </trkpt>
      <trkpt lat="45.332253" lon="5.874017">
        <ele>1869.4592810236877</ele>
      </trkpt>
      <trkpt lat="45.332234" lon="5.874013">
        <ele>1869.5815353524233</ele>
      </trkpt>
      <trkpt lat="45.33221" lon="5.874008">
        <ele>1869.6440482201238</ele>
      </trkpt>
      <trkpt lat="45.332197" lon="5.874005">
        <ele>1869.664045940648</ele>
      </trkpt>
      <trkpt lat="45.332179" lon="5.874001">
        <ele>1869.6987103110719</ele>
      </trkpt>
      <trkpt lat="45.33216" lon="5.873997">
        <ele>1869.7454399198834</ele>
      </trkpt>
      <trkpt lat="45.332141" lon="5.873993">
        <ele>1869.7918828325041</ele>
      </trkpt>
      <trkpt lat="45.332129" lon="5.873991">
        <ele>1869.845810583383</ele>
      </trkpt>
      <trkpt lat="45.33211" lon="5.873987">
        <ele>1869.8634418621334</ele>
      </trkpt>
      <trkpt lat="45.332085" lon="5.873982">
        <ele>1869.8280997926347</ele>
      </trkpt>
      <trkpt lat="45.332067" lon="5.873978">
        <ele>1869.7876241320441</ele>
      </trkpt>
      <trkpt lat="45.332042" lon="5.873972">
        <ele>1869.7164000440212</ele>
      </trkpt>
      <trkpt lat="45.332017" lon="5.873967">
        <ele>1869.6965625056405</ele>
      </trkpt>
      <trkpt lat="45.331992" lon="5.873962">
        <ele>1869.6803140846187</ele>
      </trkpt>
      <trkpt lat="45.331961" lon="5.873955">
        <ele>1869.6257395901798</ele>
      </trkpt>
      <trkpt lat="45.331937" lon="5.87395">
        <ele>1869.614955027359</ele>
      </trkpt>
      <trkpt lat="45.331906" lon="5.873944">
        <ele>1869.6361315013935</ele>
      </trkpt>
      <trkpt lat="45.331874" lon="5.873937">
        <ele>1869.6476883957732</ele>
      </trkpt>
      <trkpt lat="45.33185" lon="5.873932">
        <ele>1869.7413459285938</ele>
      </trkpt>
      <trkpt lat="45.331819" lon="5.873925">
        <ele>1869.8648837498754</ele>
      </trkpt>
      <trkpt lat="45.331788" lon="5.873919">
        <ele>1870.0483737705972</ele>
      </trkpt>
      <trkpt lat="45.331751" lon="5.873911">
        <ele>1870.254313402857</ele>
      </trkpt>
      <trkpt lat="45.331726" lon="5.873906">
        <ele>1870.2710977759964</ele>
      </trkpt>
      <trkpt lat="45.331695" lon="5.873899">
        <ele>1870.2370425378258</ele>
      </trkpt>
      <trkpt lat="45.331664" lon="5.873892">
        <ele>1870.214853484838</ele>
      </trkpt>
      <trkpt lat="45.331634" lon="5.873879">
        <ele>1869.9531511251578</ele>
      </trkpt>
      <trkpt lat="45.331611" lon="5.873864">
        <ele>1869.2705641470639</ele>
      </trkpt>
      <trkpt lat="45.331588" lon="5.873849">
        <ele>1868.6095907967353</ele>
      </trkpt>
      <trkpt lat="45.33156" lon="5.873831">
        <ele>1867.8502058773838</ele>
      </trkpt>
      <trkpt lat="45.331537" lon="5.873816">
        <ele>1867.2472814918237</ele>
      </trkpt>
      <trkpt lat="45.331514" lon="5.873801">
        <ele>1866.6706390920538</ele>
      </trkpt>
      <trkpt lat="45.331491" lon="5.873786">
        <ele>1866.2712611307786</ele>
      </trkpt>
      <trkpt lat="45.331462" lon="5.873768">
        <ele>1865.825280167268</ele>
      </trkpt>
      <trkpt lat="45.331439" lon="5.873753">
        <ele>1865.4588578673718</ele>
      </trkpt>
      <trkpt lat="45.331416" lon="5.873738">
        <ele>1865.1038850558846</ele>
      </trkpt>
      <trkpt lat="45.331399" lon="5.873727">
        <ele>1864.8959831463903</ele>
      </trkpt>
      <trkpt lat="45.331376" lon="5.873712">
        <ele>1864.693462501558</ele>
      </trkpt>
      <trkpt lat="45.331353" lon="5.873697">
        <ele>1864.5209627379968</ele>
      </trkpt>
      <trkpt lat="45.331341" lon="5.87369">
        <ele>1864.4552753894804</ele>
      </trkpt>
      <trkpt lat="45.331324" lon="5.873679">
        <ele>1864.330083801538</ele>
      </trkpt>
      <trkpt lat="45.331307" lon="5.873668">
        <ele>1864.2047511076944</ele>
      </trkpt>
      <trkpt lat="45.331296" lon="5.87366">
        <ele>1864.0974844472898</ele>
      </trkpt>
      <trkpt lat="45.331278" lon="5.873649">
        <ele>1863.9836626591684</ele>
      </trkpt>
      <trkpt lat="45.331267" lon="5.873642">
        <ele>1863.8804572288248</ele>
      </trkpt>
      <trkpt lat="45.331255" lon="5.873634">
        <ele>1863.7171917528449</ele>
      </trkpt>
      <trkpt lat="45.331244" lon="5.873627">
        <ele>1863.5754981297828</ele>
      </trkpt>
      <trkpt lat="45.331233" lon="5.873619">
        <ele>1863.4019341593555</ele>
      </trkpt>
      <trkpt lat="45.331221" lon="5.873612">
        <ele>1863.2623421644432</ele>
      </trkpt>
      <trkpt lat="45.33121" lon="5.873604">
        <ele>1863.0846322463074</ele>
      </trkpt>
      <trkpt lat="45.331198" lon="5.873597">
        <ele>1862.9409893379616</ele>
      </trkpt>
      <trkpt lat="45.331187" lon="5.87359">
        <ele>1862.7897208307318</ele>
      </trkpt>
      <trkpt lat="45.331175" lon="5.873582">
        <ele>1862.6114396550836</ele>
      </trkpt>
      <trkpt lat="45.331164" lon="5.873575">
        <ele>1862.4562984317583</ele>
      </trkpt>
      <trkpt lat="45.331152" lon="5.873567">
        <ele>1862.2736931221255</ele>
      </trkpt>
      <trkpt lat="45.331141" lon="5.87356">
        <ele>1862.0342479377343</ele>
      </trkpt>
      <trkpt lat="45.331124" lon="5.873549">
        <ele>1861.631782562286</ele>
      </trkpt>
      <trkpt lat="45.331112" lon="5.873542">
        <ele>1861.3598242769015</ele>
      </trkpt>
      <trkpt lat="45.331095" lon="5.87353">
        <ele>1860.8924006709385</ele>
      </trkpt>
      <trkpt lat="45.331083" lon="5.873523">
        <ele>1860.5978492988797</ele>
      </trkpt>
      <trkpt lat="45.331066" lon="5.873512">
        <ele>1860.1289675787887</ele>
      </trkpt>
      <trkpt lat="45.331055" lon="5.873504">
        <ele>1859.7848684828818</ele>
      </trkpt>
      <trkpt lat="45.331038" lon="5.873493">
        <ele>1859.282909678828</ele>
      </trkpt>
      <trkpt lat="45.331026" lon="5.873486">
        <ele>1858.9405658732185</ele>
      </trkpt>
      <trkpt lat="45.331015" lon="5.873479">
        <ele>1858.6047771059289</ele>
      </trkpt>
      <trkpt lat="45.330997" lon="5.873467">
        <ele>1858.0602009772117</ele>
      </trkpt>
      <trkpt lat="45.33098" lon="5.873456">
        <ele>1857.5841049593337</ele>
      </trkpt>
      <trkpt lat="45.330969" lon="5.873449">
        <ele>1857.2935589794336</ele>
      </trkpt>
      <trkpt lat="45.330957" lon="5.873441">
        <ele>1856.9776939378035</ele>
      </trkpt>
      <trkpt lat="45.33094" lon="5.87343">
        <ele>1856.562800540028</ele>
      </trkpt>
      <trkpt lat="45.330923" lon="5.873419">
        <ele>1856.1738592533152</ele>
      </trkpt>
      <trkpt lat="45.3309" lon="5.873404">
        <ele>1855.6514228398942</ele>
      </trkpt>
      <trkpt lat="45.330877" lon="5.873389">
        <ele>1855.1152785360464</ele>
      </trkpt>
      <trkpt lat="45.330854" lon="5.873375">
        <ele>1854.6233123450602</ele>
      </trkpt>
      <trkpt lat="45.330831" lon="5.87336">
        <ele>1854.1532644553822</ele>
      </trkpt>
      <trkpt lat="45.330808" lon="5.873345">
        <ele>1853.7331777377265</ele>
      </trkpt>
      <trkpt lat="45.330791" lon="5.873334">
        <ele>1853.456687023382</ele>
      </trkpt>
      <trkpt lat="45.330774" lon="5.873323">
        <ele>1853.1171342993832</ele>
      </trkpt>
      <trkpt lat="45.330762" lon="5.873315">
        <ele>1852.8777598202587</ele>
      </trkpt>
      <trkpt lat="45.330751" lon="5.873308">
        <ele>1852.6751459702296</ele>
      </trkpt>
      <trkpt lat="45.330739" lon="5.8733">
        <ele>1852.45814690167</ele>
      </trkpt>
      <trkpt lat="45.330728" lon="5.873293">
        <ele>1852.2755725621093</ele>
      </trkpt>
      <trkpt lat="45.330716" lon="5.873286">
        <ele>1852.098131393747</ele>
      </trkpt>
      <trkpt lat="45.330711" lon="5.873282">
        <ele>1852.0089640921615</ele>
      </trkpt>
      <trkpt lat="45.330705" lon="5.873278">
        <ele>1851.918414048885</ele>
      </trkpt>
      <trkpt lat="45.330693" lon="5.873271">
        <ele>1851.7619344360292</ele>
      </trkpt>
      <trkpt lat="45.330682" lon="5.873263">
        <ele>1851.6036704049152</ele>
      </trkpt>
      <trkpt lat="45.330665" lon="5.873252">
        <ele>1851.3990020561225</ele>
      </trkpt>
      <trkpt lat="45.330642" lon="5.873237">
        <ele>1851.1576293981093</ele>
      </trkpt>
      <trkpt lat="45.330642" lon="5.873238">
        <ele>1848.91</ele>
      </trkpt>
      <trkpt lat="45.330637" lon="5.873234">
        <ele>1848.86</ele>
      </trkpt>
      <trkpt lat="45.330564" lon="5.873051">
        <ele>1845.93</ele>
      </trkpt>
      <trkpt lat="45.330541" lon="5.873019">
        <ele>1845.82</ele>
      </trkpt>
      <trkpt lat="45.330333" lon="5.872794">
        <ele>1849.03</ele>
      </trkpt>
      <trkpt lat="45.330253" lon="5.87274">
        <ele>1850.81</ele>
      </trkpt>
      <trkpt lat="45.330224" lon="5.872679">
        <ele>1850.35</ele>
      </trkpt>
      <trkpt lat="45.330109" lon="5.872556">
        <ele>1850.46</ele>
      </trkpt>
      <trkpt lat="45.330014" lon="5.872414">
        <ele>1850.2</ele>
      </trkpt>
      <trkpt lat="45.329893" lon="5.872267">
        <ele>1850.78</ele>
      </trkpt>
      <trkpt lat="45.329886" lon="5.872174">
        <ele>1852.7</ele>
      </trkpt>
      <trkpt lat="45.32987" lon="5.872076">
        <ele>1854</ele>
      </trkpt>
      <trkpt lat="45.329774" lon="5.871885">
        <ele>1856.7</ele>
      </trkpt>
      <trkpt lat="45.32975" lon="5.87172">
        <ele>1857.77</ele>
      </trkpt>
      <trkpt lat="45.329517" lon="5.870857">
        <ele>1866.07</ele>
      </trkpt>
      <trkpt lat="45.329472" lon="5.870638">
        <ele>1863.92</ele>
      </trkpt>
      <trkpt lat="45.329383" lon="5.870509">
        <ele>1864.78</ele>
      </trkpt>
      <trkpt lat="45.329345" lon="5.870386">
        <ele>1862</ele>
      </trkpt>
      <trkpt lat="45.329268" lon="5.8703">
        <ele>1863.43</ele>
      </trkpt>
      <trkpt lat="45.329077" lon="5.87016">
        <ele>1868.2</ele>
      </trkpt>
      <trkpt lat="45.328975" lon="5.870069">
        <ele>1869.54</ele>
      </trkpt>
      <trkpt lat="45.328949" lon="5.869992">
        <ele>1866.18</ele>
      </trkpt>
      <trkpt lat="45.328921" lon="5.869965">
        <ele>1866</ele>
      </trkpt>
      <trkpt lat="45.32884" lon="5.86995">
        <ele>1869.61</ele>
      </trkpt>
      <trkpt lat="45.328764" lon="5.869922">
        <ele>1872.44</ele>
      </trkpt>
      <trkpt lat="45.328721" lon="5.869867">
        <ele>1871.69</ele>
      </trkpt>
      <trkpt lat="45.328688" lon="5.869762">
        <ele>1867.47</ele>
      </trkpt>
      <trkpt lat="45.328616" lon="5.869642">
        <ele>1865.99</ele>
      </trkpt>
      <trkpt lat="45.328574" lon="5.869594">
        <ele>1865.99</ele>
      </trkpt>
      <trkpt lat="45.328403" lon="5.869449">
        <ele>1867.2</ele>
      </trkpt>
      <trkpt lat="45.328297" lon="5.869284">
        <ele>1863.93</ele>
      </trkpt>
      <trkpt lat="45.328225" lon="5.869231">
        <ele>1864.29</ele>
      </trkpt>
      <trkpt lat="45.328188" lon="5.869215">
        <ele>1865.05</ele>
      </trkpt>
      <trkpt lat="45.328147" lon="5.869169">
        <ele>1864.34</ele>
      </trkpt>
      <trkpt lat="45.328064" lon="5.869105">
        <ele>1863.81</ele>
      </trkpt>
      <trkpt lat="45.328064" lon="5.869105">
        <ele>1863.81</ele>
      </trkpt>
      <trkpt lat="45.328013" lon="5.869065">
        <ele>1863.48</ele>
      </trkpt>
      <trkpt lat="45.32791" lon="5.86902">
        <ele>1863.58</ele>
      </trkpt>
      <trkpt lat="45.327819" lon="5.868965">
        <ele>1862.16</ele>
      </trkpt>
      <trkpt lat="45.327745" lon="5.868956">
        <ele>1862.88</ele>
      </trkpt>
      <trkpt lat="45.327613" lon="5.868967">
        <ele>1865.52</ele>
      </trkpt>
      <trkpt lat="45.327494" lon="5.86893">
        <ele>1864.32</ele>
      </trkpt>
      <trkpt lat="45.327401" lon="5.868942">
        <ele>1865.56</ele>
      </trkpt>
      <trkpt lat="45.327345" lon="5.868906">
        <ele>1864.11</ele>
      </trkpt>
      <trkpt lat="45.327293" lon="5.868931">
        <ele>1865.84</ele>
      </trkpt>
      <trkpt lat="45.327201" lon="5.868956">
        <ele>1867.71</ele>
      </trkpt>
      <trkpt lat="45.326896" lon="5.868924">
        <ele>1868.68</ele>
      </trkpt>
      <trkpt lat="45.326776" lon="5.868889">
        <ele>1869.04</ele>
      </trkpt>
      <trkpt lat="45.326595" lon="5.868812">
        <ele>1869.19</ele>
      </trkpt>
      <trkpt lat="45.326543" lon="5.86876">
        <ele>1868.41</ele>
      </trkpt>
      <trkpt lat="45.326518" lon="5.868747">
        <ele>1868.39</ele>
      </trkpt>
      <trkpt lat="45.326459" lon="5.868742">
        <ele>1869.18</ele>
      </trkpt>
      <trkpt lat="45.326279" lon="5.868656">
        <ele>1870.74</ele>
      </trkpt>
      <trkpt lat="45.32623" lon="5.868646">
        <ele>1871.66</ele>
      </trkpt>
      <trkpt lat="45.326105" lon="5.868644">
        <ele>1874.05</ele>
      </trkpt>
      <trkpt lat="45.325804" lon="5.86852">
        <ele>1877.85</ele>
      </trkpt>
      <trkpt lat="45.325718" lon="5.868447">
        <ele>1879.01</ele>
      </trkpt>
      <trkpt lat="45.325545" lon="5.868325">
        <ele>1881.66</ele>
      </trkpt>
      <trkpt lat="45.325437" lon="5.868191">
        <ele>1882.26</ele>
      </trkpt>
      <trkpt lat="45.325273" lon="5.868126">
        <ele>1885.5</ele>
      </trkpt>
      <trkpt lat="45.325109" lon="5.868046">
        <ele>1888.81</ele>
      </trkpt>
      <trkpt lat="45.324885" lon="5.86787">
        <ele>1891.42</ele>
      </trkpt>
      <trkpt lat="45.324805" lon="5.867729">
        <ele>1889.37</ele>
      </trkpt>
      <trkpt lat="45.324521" lon="5.867571">
        <ele>1891.34</ele>
      </trkpt>
      <trkpt lat="45.324213" lon="5.867377">
        <ele>1891.32</ele>
      </trkpt>
      <trkpt lat="45.324083" lon="5.867236">
        <ele>1888.34</ele>
      </trkpt>
      <trkpt lat="45.323931" lon="5.867136">
        <ele>1885.26</ele>
      </trkpt>
      <trkpt lat="45.323824" lon="5.867087">
        <ele>1883.01</ele>
      </trkpt>
      <trkpt lat="45.323703" lon="5.867063">
        <ele>1881.04</ele>
      </trkpt>
      <trkpt lat="45.323625" lon="5.866993">
        <ele>1879.5</ele>
      </trkpt>
      <trkpt lat="45.323484" lon="5.867017">
        <ele>1877.17</ele>
      </trkpt>
      <trkpt lat="45.323365" lon="5.866993">
        <ele>1875.34</ele>
      </trkpt>
      <trkpt lat="45.32312" lon="5.866859">
        <ele>1872.08</ele>
      </trkpt>
      <trkpt lat="45.323043" lon="5.866883">
        <ele>1870.19</ele>
      </trkpt>
      <trkpt lat="45.322986" lon="5.866849">
        <ele>1870.23</ele>
      </trkpt>
      <trkpt lat="45.322989" lon="5.866804">
        <ele>1870.87</ele>
      </trkpt>
      <trkpt lat="45.322837" lon="5.86672">
        <ele>1868.21</ele>
      </trkpt>
      <trkpt lat="45.322714" lon="5.866687">
        <ele>1866.78</ele>
      </trkpt>
      <trkpt lat="45.322523" lon="5.866659">
        <ele>1864.08</ele>
      </trkpt>
      <trkpt lat="45.322247" lon="5.866534">
        <ele>1857.61</ele>
      </trkpt>
      <trkpt lat="45.322092" lon="5.866499">
        <ele>1855.78</ele>
      </trkpt>
      <trkpt lat="45.321883" lon="5.866462">
        <ele>1855.62</ele>
      </trkpt>
      <trkpt lat="45.321628" lon="5.866426">
        <ele>1858.21</ele>
      </trkpt>
      <trkpt lat="45.321498" lon="5.866424">
        <ele>1861.2</ele>
      </trkpt>
      <trkpt lat="45.321469" lon="5.866445">
        <ele>1861.93</ele>
      </trkpt>
      <trkpt lat="45.321429" lon="5.866492">
        <ele>1862.03</ele>
      </trkpt>
      <trkpt lat="45.321398" lon="5.866477">
        <ele>1863.12</ele>
      </trkpt>
      <trkpt lat="45.321333" lon="5.866471">
        <ele>1864.11</ele>
      </trkpt>
      <trkpt lat="45.321232" lon="5.866467">
        <ele>1865.03</ele>
      </trkpt>
      <trkpt lat="45.321164" lon="5.866457">
        <ele>1864.32</ele>
      </trkpt>
      <trkpt lat="45.321115" lon="5.866435">
        <ele>1864</ele>
      </trkpt>
      <trkpt lat="45.320968" lon="5.866458">
        <ele>1857.7</ele>
      </trkpt>
      <trkpt lat="45.320942" lon="5.866442">
        <ele>1856.33</ele>
      </trkpt>
      <trkpt lat="45.320906" lon="5.866379">
        <ele>1856.67</ele>
      </trkpt>
      <trkpt lat="45.320837" lon="5.866391">
        <ele>1850.79</ele>
      </trkpt>
      <trkpt lat="45.320837" lon="5.866391">
        <ele>1850.8</ele>
      </trkpt>
      <trkpt lat="45.320826" lon="5.866393">
        <ele>1849.87</ele>
      </trkpt>
      <trkpt lat="45.320887" lon="5.866326">
        <ele>1858.36</ele>
      </trkpt>
      <trkpt lat="45.320928" lon="5.866321">
        <ele>1860.38</ele>
      </trkpt>
      <trkpt lat="45.321029" lon="5.866262">
        <ele>1863.24</ele>
      </trkpt>
      <trkpt lat="45.321012" lon="5.866151">
        <ele>1861.17</ele>
      </trkpt>
      <trkpt lat="45.320851" lon="5.866053">
        <ele>1857.21</ele>
      </trkpt>
      <trkpt lat="45.320875" lon="5.865924">
        <ele>1854.29</ele>
      </trkpt>
      <trkpt lat="45.320799" lon="5.865813">
        <ele>1850.99</ele>
      </trkpt>
      <trkpt lat="45.32072" lon="5.86561">
        <ele>1845.13</ele>
      </trkpt>
      <trkpt lat="45.320686" lon="5.865427">
        <ele>1839.51</ele>
      </trkpt>
      <trkpt lat="45.320782" lon="5.864958">
        <ele>1824.4</ele>
      </trkpt>
      <trkpt lat="45.320807" lon="5.864678">
        <ele>1819.79</ele>
      </trkpt>
      <trkpt lat="45.320756" lon="5.864455">
        <ele>1819.58</ele>
      </trkpt>
      <trkpt lat="45.320686" lon="5.8644">
        <ele>1822.02</ele>
      </trkpt>
      <trkpt lat="45.320621" lon="5.864313">
        <ele>1823.69</ele>
      </trkpt>
      <trkpt lat="45.320568" lon="5.864202">
        <ele>1824.44</ele>
      </trkpt>
      <trkpt lat="45.320527" lon="5.863947">
        <ele>1823.08</ele>
      </trkpt>
      <trkpt lat="45.32043" lon="5.863705">
        <ele>1825.06</ele>
      </trkpt>
      <trkpt lat="45.320446" lon="5.863569">
        <ele>1822.73</ele>
      </trkpt>
      <trkpt lat="45.320395" lon="5.863288">
        <ele>1820.9</ele>
      </trkpt>
      <trkpt lat="45.320172" lon="5.862822">
        <ele>1822.75</ele>
      </trkpt>
      <trkpt lat="45.320079" lon="5.862808">
        <ele>1828.23</ele>
      </trkpt>
      <trkpt lat="45.32001" lon="5.862809">
        <ele>1832.87</ele>
      </trkpt>
      <trkpt lat="45.320024" lon="5.86265">
        <ele>1828.54</ele>
      </trkpt>
      <trkpt lat="45.319949" lon="5.862449">
        <ele>1830.25</ele>
      </trkpt>
      <trkpt lat="45.319832" lon="5.862228">
        <ele>1833.95</ele>
      </trkpt>
      <trkpt lat="45.319653" lon="5.862242">
        <ele>1845.27</ele>
      </trkpt>
      <trkpt lat="45.319394" lon="5.862422">
        <ele>1863.51</ele>
      </trkpt>
      <trkpt lat="45.319291" lon="5.862323">
        <ele>1865.35</ele>
      </trkpt>
      <trkpt lat="45.319218" lon="5.862192">
        <ele>1866.09</ele>
      </trkpt>
      <trkpt lat="45.319032" lon="5.862202">
        <ele>1873.01</ele>
      </trkpt>
      <trkpt lat="45.318838" lon="5.862164">
        <ele>1879.44</ele>
      </trkpt>
      <trkpt lat="45.318638" lon="5.862235">
        <ele>1887.44</ele>
      </trkpt>
      <trkpt lat="45.318501" lon="5.862338">
        <ele>1894.07</ele>
      </trkpt>
      <trkpt lat="45.318403" lon="5.862575">
        <ele>1904.66</ele>
      </trkpt>
      <trkpt lat="45.31826" lon="5.86247">
        <ele>1906.54</ele>
      </trkpt>
      <trkpt lat="45.317938" lon="5.862155">
        <ele>1909.48</ele>
      </trkpt>
      <trkpt lat="45.317868" lon="5.862121">
        <ele>1910.03</ele>
      </trkpt>
      <trkpt lat="45.317822" lon="5.862061">
        <ele>1909.12</ele>
      </trkpt>
      <trkpt lat="45.317681" lon="5.862028">
        <ele>1911.82</ele>
      </trkpt>
      <trkpt lat="45.31763" lon="5.861947">
        <ele>1909.82</ele>
      </trkpt>
      <trkpt lat="45.31746" lon="5.86177">
        <ele>1909.62</ele>
      </trkpt>
      <trkpt lat="45.317296" lon="5.861688">
        <ele>1914.43</ele>
      </trkpt>
      <trkpt lat="45.317144" lon="5.861543">
        <ele>1914.58</ele>
      </trkpt>
      <trkpt lat="45.316867" lon="5.861477">
        <ele>1920.67</ele>
      </trkpt>
      <trkpt lat="45.316423" lon="5.861195">
        <ele>1925.31</ele>
      </trkpt>
      <trkpt lat="45.316105" lon="5.860955">
        <ele>1924.11</ele>
      </trkpt>
      <trkpt lat="45.315761" lon="5.860747">
        <ele>1925.74</ele>
      </trkpt>
      <trkpt lat="45.315605" lon="5.86063">
        <ele>1926.67</ele>
      </trkpt>
      <trkpt lat="45.315309" lon="5.860479">
        <ele>1930.21</ele>
      </trkpt>
      <trkpt lat="45.315058" lon="5.860392">
        <ele>1934.03</ele>
      </trkpt>
      <trkpt lat="45.314779" lon="5.860252">
        <ele>1934.72</ele>
      </trkpt>
      <trkpt lat="45.314463" lon="5.860135">
        <ele>1939.13</ele>
      </trkpt>
      <trkpt lat="45.31433" lon="5.860021">
        <ele>1941.13</ele>
      </trkpt>
      <trkpt lat="45.314289" lon="5.860023">
        <ele>1942.72</ele>
      </trkpt>
      <trkpt lat="45.313894" lon="5.859789">
        <ele>1948.8</ele>
      </trkpt>
      <trkpt lat="45.313856" lon="5.85971">
        <ele>1947.78</ele>
      </trkpt>
      <trkpt lat="45.313557" lon="5.859512">
        <ele>1953.1</ele>
      </trkpt>
      <trkpt lat="45.313464" lon="5.859459">
        <ele>1955.29</ele>
      </trkpt>
      <trkpt lat="45.313088" lon="5.859118">
        <ele>1959.93</ele>
      </trkpt>
      <trkpt lat="45.312785" lon="5.858884">
        <ele>1962.59</ele>
      </trkpt>
      <trkpt lat="45.31195" lon="5.858198">
        <ele>1970.12</ele>
      </trkpt>
      <trkpt lat="45.311877" lon="5.85815">
        <ele>1970.93</ele>
      </trkpt>
      <trkpt lat="45.311809" lon="5.858073">
        <ele>1972.39</ele>
      </trkpt>
      <trkpt lat="45.311715" lon="5.857908">
        <ele>1974.79</ele>
      </trkpt>
      <trkpt lat="45.31165" lon="5.857821">
        <ele>1976.41</ele>
      </trkpt>
      <trkpt lat="45.311531" lon="5.857698">
        <ele>1978.57</ele>
      </trkpt>
      <trkpt lat="45.311003" lon="5.857249">
        <ele>1987.14</ele>
      </trkpt>
      <trkpt lat="45.310795" lon="5.857071">
        <ele>1992.6</ele>
      </trkpt>
      <trkpt lat="45.310731" lon="5.856882">
        <ele>1994.92</ele>
      </trkpt>
      <trkpt lat="45.310659" lon="5.856702">
        <ele>1996.52</ele>
      </trkpt>
      <trkpt lat="45.310559" lon="5.856549">
        <ele>1997.39</ele>
      </trkpt>
      <trkpt lat="45.31041" lon="5.856424">
        <ele>2000.45</ele>
      </trkpt>
      <trkpt lat="45.310379" lon="5.856364">
        <ele>2000.89</ele>
      </trkpt>
      <trkpt lat="45.310318" lon="5.856332">
        <ele>2002.44</ele>
      </trkpt>
      <trkpt lat="45.310092" lon="5.856013">
        <ele>2003.54</ele>
      </trkpt>
      <trkpt lat="45.310035" lon="5.855901">
        <ele>2005.02</ele>
      </trkpt>
      <trkpt lat="45.309999" lon="5.855749">
        <ele>2005.71</ele>
      </trkpt>
      <trkpt lat="45.309922" lon="5.855578">
        <ele>2006.5</ele>
      </trkpt>
      <trkpt lat="45.309868" lon="5.855494">
        <ele>2007.59</ele>
      </trkpt>
      <trkpt lat="45.309864" lon="5.855296">
        <ele>2008.77</ele>
      </trkpt>
      <trkpt lat="45.309838" lon="5.855228">
        <ele>2010.02</ele>
      </trkpt>
      <trkpt lat="45.309798" lon="5.855162">
        <ele>2011.39</ele>
      </trkpt>
      <trkpt lat="45.309733" lon="5.855099">
        <ele>2013.05</ele>
      </trkpt>
      <trkpt lat="45.309697" lon="5.854999">
        <ele>2014.76</ele>
      </trkpt>
      <trkpt lat="45.309664" lon="5.854813">
        <ele>2017.29</ele>
      </trkpt>
      <trkpt lat="45.309634" lon="5.854873">
        <ele>2017.56</ele>
      </trkpt>
      <trkpt lat="45.3096" lon="5.854863">
        <ele>2018.31</ele>
      </trkpt>
      <trkpt lat="45.309508" lon="5.854899">
        <ele>2021.51</ele>
      </trkpt>
      <trkpt lat="45.309478" lon="5.854896">
        <ele>2022.3</ele>
      </trkpt>
      <trkpt lat="45.309432" lon="5.854853">
        <ele>2023.19</ele>
      </trkpt>
      <trkpt lat="45.309357" lon="5.854821">
        <ele>2024.54</ele>
      </trkpt>
      <trkpt lat="45.309284" lon="5.854812">
        <ele>2026.29</ele>
      </trkpt>
      <trkpt lat="45.309217" lon="5.854819">
        <ele>2028.22</ele>
      </trkpt>
      <trkpt lat="45.309137" lon="5.854802">
        <ele>2030.75</ele>
      </trkpt>
      <trkpt lat="45.309069" lon="5.854807">
        <ele>2032.54</ele>
      </trkpt>
      <trkpt lat="45.308967" lon="5.854863">
        <ele>2035.6</ele>
      </trkpt>
      <trkpt lat="45.308915" lon="5.854939">
        <ele>2037.88</ele>
      </trkpt>
      <trkpt lat="45.308882" lon="5.854933">
        <ele>2038.82</ele>
      </trkpt>
      <trkpt lat="45.308842" lon="5.854904">
        <ele>2039.46</ele>
      </trkpt>
      <trkpt lat="45.308793" lon="5.854998">
        <ele>2041.67</ele>
      </trkpt>
      <trkpt lat="45.308743" lon="5.855155">
        <ele>2044.62</ele>
      </trkpt>
      <trkpt lat="45.308665" lon="5.855257">
        <ele>2047.72</ele>
      </trkpt>
      <trkpt lat="45.308626" lon="5.855331">
        <ele>2049.51</ele>
      </trkpt>
      <trkpt lat="45.308571" lon="5.855385">
        <ele>2051.13</ele>
      </trkpt>
      <trkpt lat="45.308475" lon="5.855445">
        <ele>2054.47</ele>
      </trkpt>
      <trkpt lat="45.308437" lon="5.855429">
        <ele>2055.62</ele>
      </trkpt>
      <trkpt lat="45.308391" lon="5.85544">
        <ele>2057.1</ele>
      </trkpt>
      <trkpt lat="45.308336" lon="5.855478">
        <ele>2058.66</ele>
      </trkpt>
      <trkpt lat="45.308295" lon="5.855538">
        <ele>2059.05</ele>
      </trkpt>
      <trkpt lat="45.30832" lon="5.855592">
        <ele>2058.19</ele>
      </trkpt>
      <trkpt lat="45.308321" lon="5.855591">
        <ele>2039.373318767428</ele>
      </trkpt>
      <trkpt lat="45.308324" lon="5.855539">
        <ele>2053.6968655870764</ele>
      </trkpt>
      <trkpt lat="45.308329" lon="5.855479">
        <ele>2056.8159552663315</ele>
      </trkpt>
      <trkpt lat="45.30836" lon="5.855455">
        <ele>2058.866263137874</ele>
      </trkpt>
      <trkpt lat="45.308396" lon="5.855438">
        <ele>2058.2433549405214</ele>
      </trkpt>
      <trkpt lat="45.308427" lon="5.855423">
        <ele>2057.622812920631</ele>
      </trkpt>
      <trkpt lat="45.308457" lon="5.855409">
        <ele>2056.945153917502</ele>
      </trkpt>
      <trkpt lat="45.308475" lon="5.8554">
        <ele>2056.3696565512173</ele>
      </trkpt>
      <trkpt lat="45.308493" lon="5.855391">
        <ele>2055.778995286482</ele>
      </trkpt>
      <trkpt lat="45.308512" lon="5.855382">
        <ele>2055.155160615808</ele>
      </trkpt>
      <trkpt lat="45.30853" lon="5.855374">
        <ele>2054.563829843838</ele>
      </trkpt>
      <trkpt lat="45.308548" lon="5.855365">
        <ele>2053.950832487716</ele>
      </trkpt>
      <trkpt lat="45.30856" lon="5.855359">
        <ele>2053.532547306798</ele>
      </trkpt>
      <trkpt lat="45.308572" lon="5.855353">
        <ele>2053.119256193499</ele>
      </trkpt>
      <trkpt lat="45.308584" lon="5.855348">
        <ele>2052.712352822763</ele>
      </trkpt>
      <trkpt lat="45.308597" lon="5.855342">
        <ele>2052.268834875722</ele>
      </trkpt>
      <trkpt lat="45.308609" lon="5.855336">
        <ele>2051.8596904847846</ele>
      </trkpt>
      <trkpt lat="45.308615" lon="5.855333">
        <ele>2051.655779847575</ele>
      </trkpt>
      <trkpt lat="45.308621" lon="5.85533">
        <ele>2051.452310249799</ele>
      </trkpt>
      <trkpt lat="45.308624" lon="5.855323">
        <ele>2051.334597484156</ele>
      </trkpt>
      <trkpt lat="45.308632" lon="5.855309">
        <ele>2051.0364524234406</ele>
      </trkpt>
      <trkpt lat="45.308635" lon="5.855301">
        <ele>2050.917654484175</ele>
      </trkpt>
      <trkpt lat="45.308639" lon="5.855294">
        <ele>2050.7702604121796</ele>
      </trkpt>
      <trkpt lat="45.308639" lon="5.855294">
        <ele>2050.7702604121796</ele>
      </trkpt>
      <trkpt lat="45.308643" lon="5.855287">
        <ele>2050.623552424622</ele>
      </trkpt>
      <trkpt lat="45.308646" lon="5.85528">
        <ele>2050.5093068434117</ele>
      </trkpt>
      <trkpt lat="45.308646" lon="5.85528">
        <ele>2050.5093068434117</ele>
      </trkpt>
      <trkpt lat="45.308646" lon="5.85528">
        <ele>2050.5093068434117</ele>
      </trkpt>
      <trkpt lat="45.30865" lon="5.855273">
        <ele>2050.363885265694</ele>
      </trkpt>
      <trkpt lat="45.308654" lon="5.855266">
        <ele>2050.2191497723898</ele>
      </trkpt>
      <trkpt lat="45.308654" lon="5.855266">
        <ele>2050.2191497723898</ele>
      </trkpt>
      <trkpt lat="45.308654" lon="5.855266">
        <ele>2050.2191497723898</ele>
      </trkpt>
      <trkpt lat="45.308657" lon="5.855258">
        <ele>2050.1040885562215</ele>
      </trkpt>
      <trkpt lat="45.308657" lon="5.855258">
        <ele>2050.1040885562215</ele>
      </trkpt>
      <trkpt lat="45.308661" lon="5.855251">
        <ele>2049.96068847983</ele>
      </trkpt>
      <trkpt lat="45.308661" lon="5.855251">
        <ele>2049.96068847983</ele>
      </trkpt>
      <trkpt lat="45.308661" lon="5.855251">
        <ele>2049.96068847983</ele>
      </trkpt>
      <trkpt lat="45.308661" lon="5.855251">
        <ele>2049.96068847983</ele>
      </trkpt>
      <trkpt lat="45.308661" lon="5.855251">
        <ele>2049.96068847983</ele>
      </trkpt>
      <trkpt lat="45.308666" lon="5.855243">
        <ele>2049.7842186306248</ele>
      </trkpt>
      <trkpt lat="45.308667" lon="5.855241">
        <ele>2049.7480789414226</ele>
      </trkpt>
      <trkpt lat="45.308667" lon="5.85524">
        <ele>2049.745670607427</ele>
      </trkpt>
      <trkpt lat="45.308668" lon="5.855238">
        <ele>2049.709592176702</ele>
      </trkpt>
      <trkpt lat="45.308669" lon="5.855237">
        <ele>2049.6759465823493</ele>
      </trkpt>
      <trkpt lat="45.308669" lon="5.855237">
        <ele>2049.6759465823493</ele>
      </trkpt>
      <trkpt lat="45.308669" lon="5.855237">
        <ele>2049.6759465823493</ele>
      </trkpt>
      <trkpt lat="45.308669" lon="5.855237">
        <ele>2049.6759465823493</ele>
      </trkpt>
      <trkpt lat="45.308669" lon="5.855237">
        <ele>2049.6759465823493</ele>
      </trkpt>
      <trkpt lat="45.308669" lon="5.855237">
        <ele>2049.6759465823493</ele>
      </trkpt>
      <trkpt lat="45.308665" lon="5.855244">
        <ele>2049.817974488303</ele>
      </trkpt>
      <trkpt lat="45.308665" lon="5.855244">
        <ele>2049.817974488303</ele>
      </trkpt>
      <trkpt lat="45.308661" lon="5.855251">
        <ele>2049.96068847983</ele>
      </trkpt>
      <trkpt lat="45.308657" lon="5.855258">
        <ele>2050.1040885562215</ele>
      </trkpt>
      <trkpt lat="45.308654" lon="5.855266">
        <ele>2050.2191497723898</ele>
      </trkpt>
      <trkpt lat="45.30865" lon="5.855273">
        <ele>2050.363885265694</ele>
      </trkpt>
      <trkpt lat="45.30865" lon="5.855273">
        <ele>2050.363885265694</ele>
      </trkpt>
      <trkpt lat="45.308646" lon="5.85528">
        <ele>2050.5093068434117</ele>
      </trkpt>
      <trkpt lat="45.308643" lon="5.855287">
        <ele>2050.623552424622</ele>
      </trkpt>
      <trkpt lat="45.308643" lon="5.855287">
        <ele>2050.623552424622</ele>
      </trkpt>
      <trkpt lat="45.308643" lon="5.855287">
        <ele>2050.623552424622</ele>
      </trkpt>
      <trkpt lat="45.308639" lon="5.855294">
        <ele>2050.7702604121796</ele>
      </trkpt>
      <trkpt lat="45.308639" lon="5.855294">
        <ele>2050.7702604121796</ele>
      </trkpt>
      <trkpt lat="45.308639" lon="5.855294">
        <ele>2050.7702604121796</ele>
      </trkpt>
      <trkpt lat="45.308635" lon="5.855301">
        <ele>2050.917654484175</ele>
      </trkpt>
      <trkpt lat="45.308635" lon="5.855301">
        <ele>2050.917654484175</ele>
      </trkpt>
      <trkpt lat="45.308639" lon="5.855294">
        <ele>2050.7702604121796</ele>
      </trkpt>
      <trkpt lat="45.308635" lon="5.855301">
        <ele>2050.917654484175</ele>
      </trkpt>
      <trkpt lat="45.308635" lon="5.855301">
        <ele>2050.917654484175</ele>
      </trkpt>
      <trkpt lat="45.308635" lon="5.855301">
        <ele>2050.917654484175</ele>
      </trkpt>
      <trkpt lat="45.308635" lon="5.855301">
        <ele>2050.917654484175</ele>
      </trkpt>
      <trkpt lat="45.308635" lon="5.855301">
        <ele>2050.917654484175</ele>
      </trkpt>
      <trkpt lat="45.308635" lon="5.855301">
        <ele>2050.917654484175</ele>
      </trkpt>
      <trkpt lat="45.308635" lon="5.855301">
        <ele>2050.917654484175</ele>
      </trkpt>
      <trkpt lat="45.308635" lon="5.855301">
        <ele>2050.917654484175</ele>
      </trkpt>
      <trkpt lat="45.308635" lon="5.855301">
        <ele>2050.917654484175</ele>
      </trkpt>
      <trkpt lat="45.308635" lon="5.855301">
        <ele>2050.917654484175</ele>
      </trkpt>
      <trkpt lat="45.308635" lon="5.855301">
        <ele>2050.917654484175</ele>
      </trkpt>
      <trkpt lat="45.308635" lon="5.855301">
        <ele>2050.917654484175</ele>
      </trkpt>
      <trkpt lat="45.308635" lon="5.855301">
        <ele>2050.917654484175</ele>
      </trkpt>
      <trkpt lat="45.308635" lon="5.855301">
        <ele>2050.917654484175</ele>
      </trkpt>
      <trkpt lat="45.308628" lon="5.855316">
        <ele>2051.185181911571</ele>
      </trkpt>
      <trkpt lat="45.308628" lon="5.855316">
        <ele>2051.185181911571</ele>
      </trkpt>
      <trkpt lat="45.308628" lon="5.855316">
        <ele>2051.185181911571</ele>
      </trkpt>
      <trkpt lat="45.308628" lon="5.855316">
        <ele>2051.185181911571</ele>
      </trkpt>
      <trkpt lat="45.308628" lon="5.855316">
        <ele>2051.185181911571</ele>
      </trkpt>
      <trkpt lat="45.308628" lon="5.855316">
        <ele>2051.185181911571</ele>
      </trkpt>
      <trkpt lat="45.308628" lon="5.855316">
        <ele>2051.185181911571</ele>
      </trkpt>
      <trkpt lat="45.308628" lon="5.855316">
        <ele>2051.185181911571</ele>
      </trkpt>
      <trkpt lat="45.308628" lon="5.855316">
        <ele>2051.185181911571</ele>
      </trkpt>
      <trkpt lat="45.308628" lon="5.855316">
        <ele>2051.185181911571</ele>
      </trkpt>
      <trkpt lat="45.308628" lon="5.855316">
        <ele>2051.185181911571</ele>
      </trkpt>
      <trkpt lat="45.308628" lon="5.855316">
        <ele>2051.185181911571</ele>
      </trkpt>
      <trkpt lat="45.308628" lon="5.855316">
        <ele>2051.185181911571</ele>
      </trkpt>
      <trkpt lat="45.308628" lon="5.855316">
        <ele>2051.185181911571</ele>
      </trkpt>
      <trkpt lat="45.308628" lon="5.855316">
        <ele>2051.185181911571</ele>
      </trkpt>
      <trkpt lat="45.308628" lon="5.855316">
        <ele>2051.185181911571</ele>
      </trkpt>
      <trkpt lat="45.308628" lon="5.855316">
        <ele>2051.185181911571</ele>
      </trkpt>
      <trkpt lat="45.308628" lon="5.855316">
        <ele>2051.185181911571</ele>
      </trkpt>
      <trkpt lat="45.308628" lon="5.855316">
        <ele>2051.185181911571</ele>
      </trkpt>
      <trkpt lat="45.308624" lon="5.855323">
        <ele>2051.334597484156</ele>
      </trkpt>
      <trkpt lat="45.308624" lon="5.855323">
        <ele>2051.334597484156</ele>
      </trkpt>
      <trkpt lat="45.308624" lon="5.855323">
        <ele>2051.334597484156</ele>
      </trkpt>
      <trkpt lat="45.308624" lon="5.855323">
        <ele>2051.334597484156</ele>
      </trkpt>
      <trkpt lat="45.308624" lon="5.855323">
        <ele>2051.334597484156</ele>
      </trkpt>
      <trkpt lat="45.308624" lon="5.855323">
        <ele>2051.334597484156</ele>
      </trkpt>
      <trkpt lat="45.308624" lon="5.855323">
        <ele>2051.334597484156</ele>
      </trkpt>
      <trkpt lat="45.308624" lon="5.855323">
        <ele>2051.334597484156</ele>
      </trkpt>
      <trkpt lat="45.308624" lon="5.855323">
        <ele>2051.334597484156</ele>
      </trkpt>
      <trkpt lat="45.308624" lon="5.855323">
        <ele>2051.334597484156</ele>
      </trkpt>
      <trkpt lat="45.308624" lon="5.855323">
        <ele>2051.334597484156</ele>
      </trkpt>
      <trkpt lat="45.308624" lon="5.855323">
        <ele>2051.334597484156</ele>
      </trkpt>
      <trkpt lat="45.308624" lon="5.855323">
        <ele>2051.334597484156</ele>
      </trkpt>
      <trkpt lat="45.308624" lon="5.855323">
        <ele>2051.334597484156</ele>
      </trkpt>
      <trkpt lat="45.308621" lon="5.85533">
        <ele>2051.452310249799</ele>
      </trkpt>
      <trkpt lat="45.308621" lon="5.85533">
        <ele>2051.452310249799</ele>
      </trkpt>
      <trkpt lat="45.308624" lon="5.855323">
        <ele>2051.334597484156</ele>
      </trkpt>
      <trkpt lat="45.308632" lon="5.855309">
        <ele>2051.0364524234406</ele>
      </trkpt>
      <trkpt lat="45.308635" lon="5.855301">
        <ele>2050.917654484175</ele>
      </trkpt>
      <trkpt lat="45.308639" lon="5.855294">
        <ele>2050.7702604121796</ele>
      </trkpt>
      <trkpt lat="45.308646" lon="5.85528">
        <ele>2050.5093068434117</ele>
      </trkpt>
      <trkpt lat="45.308654" lon="5.855266">
        <ele>2050.2191497723898</ele>
      </trkpt>
      <trkpt lat="45.308657" lon="5.855258">
        <ele>2050.1040885562215</ele>
      </trkpt>
      <trkpt lat="45.308661" lon="5.855251">
        <ele>2049.96068847983</ele>
      </trkpt>
      <trkpt lat="45.308669" lon="5.855237">
        <ele>2049.6759465823493</ele>
      </trkpt>
      <trkpt lat="45.308672" lon="5.85523">
        <ele>2049.5657685134556</ele>
      </trkpt>
      <trkpt lat="45.308672" lon="5.85523">
        <ele>2049.5657685134556</ele>
      </trkpt>
      <trkpt lat="45.308676" lon="5.855222">
        <ele>2049.4227289493265</ele>
      </trkpt>
      <trkpt lat="45.30868" lon="5.855215">
        <ele>2049.282722544653</ele>
      </trkpt>
      <trkpt lat="45.30868" lon="5.855215">
        <ele>2049.282722544653</ele>
      </trkpt>
      <trkpt lat="45.308683" lon="5.855208">
        <ele>2049.174296448358</ele>
      </trkpt>
      <trkpt lat="45.308683" lon="5.855208">
        <ele>2049.174296448358</ele>
      </trkpt>
      <trkpt lat="45.308687" lon="5.855201">
        <ele>2049.0355764556703</ele>
      </trkpt>
      <trkpt lat="45.308691" lon="5.855194">
        <ele>2048.874439675867</ele>
      </trkpt>
      <trkpt lat="45.308691" lon="5.855194">
        <ele>2048.874439675867</ele>
      </trkpt>
      <trkpt lat="45.308694" lon="5.855187">
        <ele>2048.727545976712</ele>
      </trkpt>
      <trkpt lat="45.308694" lon="5.855187">
        <ele>2048.727545976712</ele>
      </trkpt>
      <trkpt lat="45.308698" lon="5.85518">
        <ele>2048.552840111149</ele>
      </trkpt>
      <trkpt lat="45.308702" lon="5.855172">
        <ele>2048.36218160538</ele>
      </trkpt>
      <trkpt lat="45.308702" lon="5.855172">
        <ele>2048.36218160538</ele>
      </trkpt>
      <trkpt lat="45.308705" lon="5.855165">
        <ele>2048.203849475012</ele>
      </trkpt>
      <trkpt lat="45.308709" lon="5.855158">
        <ele>2048.011943516479</ele>
      </trkpt>
      <trkpt lat="45.308716" lon="5.855144">
        <ele>2047.6683921789083</ele>
      </trkpt>
      <trkpt lat="45.30872" lon="5.855137">
        <ele>2047.4819789068774</ele>
      </trkpt>
      <trkpt lat="45.308727" lon="5.855122">
        <ele>2047.1420357610505</ele>
      </trkpt>
      <trkpt lat="45.308741" lon="5.855097">
        <ele>2046.5145582226653</ele>
      </trkpt>
      <trkpt lat="45.308746" lon="5.855086">
        <ele>2046.2837921036446</ele>
      </trkpt>
      <trkpt lat="45.308753" lon="5.855072">
        <ele>2045.9751074143808</ele>
      </trkpt>
      <trkpt lat="45.30876" lon="5.855058">
        <ele>2045.6731094846032</ele>
      </trkpt>
      <trkpt lat="45.308772" lon="5.855036">
        <ele>2045.1812067353144</ele>
      </trkpt>
      <trkpt lat="45.308779" lon="5.855022">
        <ele>2044.8787368385379</ele>
      </trkpt>
      <trkpt lat="45.308794" lon="5.854993">
        <ele>2044.182936971405</ele>
      </trkpt>
      <trkpt lat="45.308805" lon="5.854972">
        <ele>2043.70528044056</ele>
      </trkpt>
      <trkpt lat="45.308816" lon="5.85495">
        <ele>2043.2460212659146</ele>
      </trkpt>
      <trkpt lat="45.308827" lon="5.854929">
        <ele>2042.7692340243261</ele>
      </trkpt>
      <trkpt lat="45.308842" lon="5.8549">
        <ele>2042.0856712022198</ele>
      </trkpt>
      <trkpt lat="45.308857" lon="5.854872">
        <ele>2041.4308044630104</ele>
      </trkpt>
      <trkpt lat="45.308869" lon="5.854851">
        <ele>2040.9089564485564</ele>
      </trkpt>
      <trkpt lat="45.30888" lon="5.85483">
        <ele>2040.3326602315274</ele>
      </trkpt>
      <trkpt lat="45.308896" lon="5.854802">
        <ele>2039.5623252909008</ele>
      </trkpt>
      <trkpt lat="45.308907" lon="5.854781">
        <ele>2039.042106757573</ele>
      </trkpt>
      <trkpt lat="45.308923" lon="5.854753">
        <ele>2038.3498546841233</ele>
      </trkpt>
      <trkpt lat="45.308938" lon="5.854726">
        <ele>2037.7360356970294</ele>
      </trkpt>
      <trkpt lat="45.308958" lon="5.854691">
        <ele>2036.887013593413</ele>
      </trkpt>
      <trkpt lat="45.308977" lon="5.854656">
        <ele>2035.8872205751686</ele>
      </trkpt>
      <trkpt lat="45.309" lon="5.854614">
        <ele>2034.7410516758746</ele>
      </trkpt>
      <trkpt lat="45.309019" lon="5.854579">
        <ele>2033.902675269042</ele>
      </trkpt>
      <trkpt lat="45.30905" lon="5.854523">
        <ele>2032.7633076738957</ele>
      </trkpt>
      <trkpt lat="45.309081" lon="5.854467">
        <ele>2031.3804743547096</ele>
      </trkpt>
      <trkpt lat="45.309134" lon="5.854371">
        <ele>2029.5585753034047</ele>
      </trkpt>
      <trkpt lat="45.309156" lon="5.854332">
        <ele>2029.0369098714568</ele>
      </trkpt>
      <trkpt lat="45.309178" lon="5.854292">
        <ele>2028.3915824712344</ele>
      </trkpt>
      <trkpt lat="45.309209" lon="5.854237">
        <ele>2027.1751112433403</ele>
      </trkpt>
      <trkpt lat="45.309229" lon="5.854166">
        <ele>2026.110490151665</ele>
      </trkpt>
      <trkpt lat="45.309219" lon="5.854152">
        <ele>2025.8044649777962</ele>
      </trkpt>
      <trkpt lat="45.309197" lon="5.854123">
        <ele>2024.925323242716</ele>
      </trkpt>
      <trkpt lat="45.309168" lon="5.854103">
        <ele>2023.6157881017546</ele>
      </trkpt>
      <trkpt lat="45.309144" lon="5.854086">
        <ele>2022.1172086188496</ele>
      </trkpt>
      <trkpt lat="45.309117" lon="5.854062">
        <ele>2020.207117713993</ele>
      </trkpt>
      <trkpt lat="45.309106" lon="5.854031">
        <ele>2018.540134676426</ele>
      </trkpt>
      <trkpt lat="45.309098" lon="5.854007">
        <ele>2017.25694313798</ele>
      </trkpt>
      <trkpt lat="45.309089" lon="5.853983">
        <ele>2015.7955051392369</ele>
      </trkpt>
      <trkpt lat="45.309081" lon="5.85396">
        <ele>2014.2729001251046</ele>
      </trkpt>
      <trkpt lat="45.309078" lon="5.853952">
        <ele>2013.7222016072856</ele>
      </trkpt>
      <trkpt lat="45.309073" lon="5.853936">
        <ele>2012.6455401049734</ele>
      </trkpt>
      <trkpt lat="45.30907" lon="5.853928">
        <ele>2012.0761028144252</ele>
      </trkpt>
      <trkpt lat="45.309067" lon="5.85392">
        <ele>2011.5000518390816</ele>
      </trkpt>
      <trkpt lat="45.309064" lon="5.853912">
        <ele>2010.9173871831972</ele>
      </trkpt>
      <trkpt lat="45.309061" lon="5.853904">
        <ele>2010.3323797294704</ele>
      </trkpt>
      <trkpt lat="45.309059" lon="5.853897">
        <ele>2009.854678431449</ele>
      </trkpt>
      <trkpt lat="45.309059" lon="5.853897">
        <ele>2009.854678431449</ele>
      </trkpt>
      <trkpt lat="45.309059" lon="5.853897">
        <ele>2009.854678431449</ele>
      </trkpt>
      <trkpt lat="45.309059" lon="5.853897">
        <ele>2009.854678431449</ele>
      </trkpt>
      <trkpt lat="45.309061" lon="5.853904">
        <ele>2010.3323797294704</ele>
      </trkpt>
      <trkpt lat="45.309061" lon="5.853904">
        <ele>2010.3323797294704</ele>
      </trkpt>
      <trkpt lat="45.309061" lon="5.853904">
        <ele>2010.3323797294704</ele>
      </trkpt>
      <trkpt lat="45.309061" lon="5.853904">
        <ele>2010.3323797294704</ele>
      </trkpt>
      <trkpt lat="45.309064" lon="5.853912">
        <ele>2010.9173871831972</ele>
      </trkpt>
      <trkpt lat="45.309064" lon="5.853912">
        <ele>2010.9173871831972</ele>
      </trkpt>
      <trkpt lat="45.309067" lon="5.85392">
        <ele>2011.5000518390816</ele>
      </trkpt>
      <trkpt lat="45.30907" lon="5.853928">
        <ele>2012.0761028144252</ele>
      </trkpt>
      <trkpt lat="45.309073" lon="5.853936">
        <ele>2012.6455401049734</ele>
      </trkpt>
      <trkpt lat="45.309073" lon="5.853936">
        <ele>2012.6455401049734</ele>
      </trkpt>
      <trkpt lat="45.309067" lon="5.85392">
        <ele>2011.5000518390816</ele>
      </trkpt>
      <trkpt lat="45.309067" lon="5.85392">
        <ele>2011.5000518390816</ele>
      </trkpt>
      <trkpt lat="45.309067" lon="5.85392">
        <ele>2011.5000518390816</ele>
      </trkpt>
      <trkpt lat="45.309064" lon="5.853912">
        <ele>2010.9173871831972</ele>
      </trkpt>
      <trkpt lat="45.309064" lon="5.853912">
        <ele>2010.9173871831972</ele>
      </trkpt>
      <trkpt lat="45.309064" lon="5.853912">
        <ele>2010.9173871831972</ele>
      </trkpt>
      <trkpt lat="45.309061" lon="5.853904">
        <ele>2010.3323797294704</ele>
      </trkpt>
      <trkpt lat="45.309061" lon="5.853904">
        <ele>2010.3323797294704</ele>
      </trkpt>
      <trkpt lat="45.309059" lon="5.853897">
        <ele>2009.854678431449</ele>
      </trkpt>
      <trkpt lat="45.309059" lon="5.853897">
        <ele>2009.854678431449</ele>
      </trkpt>
      <trkpt lat="45.309056" lon="5.853888">
        <ele>2009.2258657089737</ele>
      </trkpt>
      <trkpt lat="45.309053" lon="5.853881">
        <ele>2008.7117620587949</ele>
      </trkpt>
      <trkpt lat="45.30905" lon="5.853873">
        <ele>2008.147754459409</ele>
      </trkpt>
      <trkpt lat="45.30905" lon="5.853873">
        <ele>2008.147754459409</ele>
      </trkpt>
      <trkpt lat="45.309047" lon="5.853865">
        <ele>2007.5887139209492</ele>
      </trkpt>
      <trkpt lat="45.309045" lon="5.853857">
        <ele>2007.0754924425971</ele>
      </trkpt>
      <trkpt lat="45.309042" lon="5.853849">
        <ele>2006.5255581757344</ele>
      </trkpt>
      <trkpt lat="45.309039" lon="5.853841">
        <ele>2005.9805909653749</ele>
      </trkpt>
      <trkpt lat="45.309039" lon="5.853841">
        <ele>2005.9805909653749</ele>
      </trkpt>
      <trkpt lat="45.309033" lon="5.853826">
        <ele>2004.9580486740906</ele>
      </trkpt>
      <trkpt lat="45.309031" lon="5.853818">
        <ele>2004.515030550411</ele>
      </trkpt>
      <trkpt lat="45.309028" lon="5.85381">
        <ele>2004.0443593059892</ele>
      </trkpt>
      <trkpt lat="45.309022" lon="5.853794">
        <ele>2003.0996783247406</ele>
      </trkpt>
      <trkpt lat="45.309019" lon="5.853786">
        <ele>2002.6256685898811</ele>
      </trkpt>
      <trkpt lat="45.309016" lon="5.853778">
        <ele>2002.1505460236165</ele>
      </trkpt>
      <trkpt lat="45.309011" lon="5.853763">
        <ele>2001.2810226154147</ele>
      </trkpt>
      <trkpt lat="45.309008" lon="5.853754">
        <ele>2000.7576393252798</ele>
      </trkpt>
      <trkpt lat="45.309003" lon="5.853739">
        <ele>1999.882551765563</ele>
      </trkpt>
      <trkpt lat="45.309" lon="5.853731">
        <ele>1999.4011927138047</ele>
      </trkpt>
      <trkpt lat="45.308997" lon="5.853723">
        <ele>1998.9187208348355</ele>
      </trkpt>
      <trkpt lat="45.308994" lon="5.853715">
        <ele>1998.435136125121</ele>
      </trkpt>
      <trkpt lat="45.308991" lon="5.853707">
        <ele>1997.9504385872578</ele>
      </trkpt>
      <trkpt lat="45.308989" lon="5.853699">
        <ele>1997.5050413088682</ele>
      </trkpt>
      <trkpt lat="45.308986" lon="5.853692">
        <ele>1997.0639908896221</ele>
      </trkpt>
      <trkpt lat="45.308983" lon="5.853684">
        <ele>1996.5762098877026</ele>
      </trkpt>
      <trkpt lat="45.308983" lon="5.853684">
        <ele>1996.5762098877026</ele>
      </trkpt>
      <trkpt lat="45.308983" lon="5.853684">
        <ele>1996.5762098877026</ele>
      </trkpt>
      <trkpt lat="45.308983" lon="5.853684">
        <ele>1996.5762098877026</ele>
      </trkpt>
      <trkpt lat="45.308983" lon="5.853684">
        <ele>1996.5762098877026</ele>
      </trkpt>
      <trkpt lat="45.308983" lon="5.853684">
        <ele>1996.5762098877026</ele>
      </trkpt>
      <trkpt lat="45.30898" lon="5.853676">
        <ele>1996.087316054878</ele>
      </trkpt>
      <trkpt lat="45.308977" lon="5.853668">
        <ele>1995.5973093948946</ele>
      </trkpt>
      <trkpt lat="45.308977" lon="5.853668">
        <ele>1995.5973093948946</ele>
      </trkpt>
      <trkpt lat="45.308975" lon="5.85366">
        <ele>1995.14750716136</ele>
      </trkpt>
      <trkpt lat="45.308972" lon="5.853652">
        <ele>1994.6599616677415</ele>
      </trkpt>
      <trkpt lat="45.308969" lon="5.853644">
        <ele>1994.2011426736776</ele>
      </trkpt>
      <trkpt lat="45.308963" lon="5.853628">
        <ele>1993.2619265664412</ele>
      </trkpt>
      <trkpt lat="45.308958" lon="5.853613">
        <ele>1992.3849489879963</ele>
      </trkpt>
      <trkpt lat="45.308952" lon="5.853597">
        <ele>1991.391487884615</ele>
      </trkpt>
      <trkpt lat="45.308947" lon="5.853581">
        <ele>1990.421518741366</ele>
      </trkpt>
      <trkpt lat="45.308941" lon="5.853565">
        <ele>1989.3780826077443</ele>
      </trkpt>
      <trkpt lat="45.308938" lon="5.853557">
        <ele>1988.8687355229508</ele>
      </trkpt>
      <trkpt lat="45.308933" lon="5.853542">
        <ele>1987.9209899643342</ele>
      </trkpt>
      <trkpt lat="45.308927" lon="5.853526">
        <ele>1986.844116691953</ele>
      </trkpt>
      <trkpt lat="45.308921" lon="5.85351">
        <ele>1985.731668947346</ele>
      </trkpt>
      <trkpt lat="45.308915" lon="5.853511">
        <ele>1985.446859107922</ele>
      </trkpt>
      <trkpt lat="45.308909" lon="5.853512">
        <ele>1985.1642727107728</ele>
      </trkpt>
      <trkpt lat="45.308897" lon="5.853514">
        <ele>1984.6057702387593</ele>
      </trkpt>
      <trkpt lat="45.308878" lon="5.853518">
        <ele>1983.787690883585</ele>
      </trkpt>
      <trkpt lat="45.308865" lon="5.85352">
        <ele>1983.1999385115844</ele>
      </trkpt>
      <trkpt lat="45.308859" lon="5.853521">
        <ele>1982.936621916026</ele>
      </trkpt>
      <trkpt lat="45.308846" lon="5.853523">
        <ele>1982.3631366233224</ele>
      </trkpt>
      <trkpt lat="45.308834" lon="5.853525">
        <ele>1981.852438072848</ele>
      </trkpt>
      <trkpt lat="45.308828" lon="5.853526">
        <ele>1981.6004239539225</ele>
      </trkpt>
      <trkpt lat="45.308809" lon="5.85353">
        <ele>1980.7472543900324</ele>
      </trkpt>
      <trkpt lat="45.308796" lon="5.853532">
        <ele>1980.058141560136</ele>
      </trkpt>
      <trkpt lat="45.308778" lon="5.853536">
        <ele>1979.172015644233</ele>
      </trkpt>
      <trkpt lat="45.308746" lon="5.853541">
        <ele>1977.4299472823109</ele>
      </trkpt>
      <trkpt lat="45.308715" lon="5.853547">
        <ele>1975.772041945117</ele>
      </trkpt>
      <trkpt lat="45.308684" lon="5.853552">
        <ele>1974.822226898906</ele>
      </trkpt>
      <trkpt lat="45.308652" lon="5.853558">
        <ele>1974.647188698451</ele>
      </trkpt>
      <trkpt lat="45.308634" lon="5.853535">
        <ele>1973.0950173521117</ele>
      </trkpt>
      <trkpt lat="45.308624" lon="5.853492">
        <ele>1970.5558413707763</ele>
      </trkpt>
      <trkpt lat="45.308611" lon="5.853441">
        <ele>1967.5777352280318</ele>
      </trkpt>
      <trkpt lat="45.308601" lon="5.853399">
        <ele>1965.0739499509298</ele>
      </trkpt>
      <trkpt lat="45.308589" lon="5.853348">
        <ele>1961.9330652140313</ele>
      </trkpt>
      <trkpt lat="45.308578" lon="5.853306">
        <ele>1959.1854311571378</ele>
      </trkpt>
      <trkpt lat="45.308564" lon="5.853247">
        <ele>1954.566599937861</ele>
      </trkpt>
      <trkpt lat="45.308535" lon="5.853228">
        <ele>1952.0207516380406</ele>
      </trkpt>
      <trkpt lat="45.308491" lon="5.853224">
        <ele>1949.8861832397454</ele>
      </trkpt>
      <trkpt lat="45.308448" lon="5.85322">
        <ele>1948.1008671084555</ele>
      </trkpt>
      <trkpt lat="45.308474" lon="5.853181">
        <ele>1945.507867547319</ele>
      </trkpt>
      <trkpt lat="45.308505" lon="5.853135">
        <ele>1943.272282854175</ele>
      </trkpt>
      <trkpt lat="45.308526" lon="5.853103">
        <ele>1941.5570769810968</ele>
      </trkpt>
      <trkpt lat="45.308557" lon="5.853057">
        <ele>1939.099611047193</ele>
      </trkpt>
      <trkpt lat="45.308579" lon="5.853024">
        <ele>1937.2974278641404</ele>
      </trkpt>
      <trkpt lat="45.308605" lon="5.852985">
        <ele>1935.5724020784621</ele>
      </trkpt>
      <trkpt lat="45.308631" lon="5.852946">
        <ele>1934.4138312171162</ele>
      </trkpt>
      <trkpt lat="45.308662" lon="5.8529">
        <ele>1933.0570535964068</ele>
      </trkpt>
      <trkpt lat="45.308697" lon="5.852848">
        <ele>1931.023725498881</ele>
      </trkpt>
      <trkpt lat="45.308727" lon="5.852803">
        <ele>1930.9263536951703</ele>
      </trkpt>
      <trkpt lat="45.308737" lon="5.852775">
        <ele>1930.1776212803152</ele>
      </trkpt>
      <trkpt lat="45.308696" lon="5.852794">
        <ele>1926.565268737113</ele>
      </trkpt>
      <trkpt lat="45.308654" lon="5.852814">
        <ele>1926.031391761534</ele>
      </trkpt>
      <trkpt lat="45.308613" lon="5.852832">
        <ele>1925.1862540195566</ele>
      </trkpt>
      <trkpt lat="45.308571" lon="5.852851">
        <ele>1924.279962094666</ele>
      </trkpt>
      <trkpt lat="45.30853" lon="5.85287">
        <ele>1923.795711124243</ele>
      </trkpt>
      <trkpt lat="45.308489" lon="5.852889">
        <ele>1923.135557518519</ele>
      </trkpt>
      <trkpt lat="45.308453" lon="5.852906">
        <ele>1922.5465167757754</ele>
      </trkpt>
      <trkpt lat="45.308418" lon="5.852922">
        <ele>1922.509035236521</ele>
      </trkpt>
      <trkpt lat="45.308381" lon="5.852924">
        <ele>1921.703507132284</ele>
      </trkpt>
      <trkpt lat="45.308344" lon="5.852911">
        <ele>1920.1347468057106</ele>
      </trkpt>
      <trkpt lat="45.3083" lon="5.852897">
        <ele>1918.9102026647672</ele>
      </trkpt>
      <trkpt lat="45.308263" lon="5.852885">
        <ele>1917.9168300486035</ele>
      </trkpt>
      <trkpt lat="45.30822" lon="5.85287">
        <ele>1916.6704801489723</ele>
      </trkpt>
      <trkpt lat="45.308199" lon="5.85285">
        <ele>1915.1315008177369</ele>
      </trkpt>
      <trkpt lat="45.308229" lon="5.852819">
        <ele>1914.001322011216</ele>
      </trkpt>
      <trkpt lat="45.308265" lon="5.852783">
        <ele>1912.5176245755333</ele>
      </trkpt>
      <trkpt lat="45.308301" lon="5.852748">
        <ele>1911.1218223085777</ele>
      </trkpt>
      <trkpt lat="45.308336" lon="5.852712">
        <ele>1909.689905864767</ele>
      </trkpt>
      <trkpt lat="45.308382" lon="5.852666">
        <ele>1908.6029636649555</ele>
      </trkpt>
      <trkpt lat="45.308397" lon="5.852651">
        <ele>1908.2985656333092</ele>
      </trkpt>
      <trkpt lat="45.308439" lon="5.852601">
        <ele>1907.1689793820697</ele>
      </trkpt>
      <trkpt lat="45.308449" lon="5.852582">
        <ele>1906.6726843852878</ele>
      </trkpt>
      <trkpt lat="45.308451" lon="5.852538">
        <ele>1904.7683477142045</ele>
      </trkpt>
      <trkpt lat="45.308453" lon="5.852503">
        <ele>1903.3098568764976</ele>
      </trkpt>
      <trkpt lat="45.308455" lon="5.852467">
        <ele>1901.8419012088739</ele>
      </trkpt>
      <trkpt lat="45.308458" lon="5.852423">
        <ele>1899.705030790983</ele>
      </trkpt>
      <trkpt lat="45.308459" lon="5.852396">
        <ele>1898.1806237373712</ele>
      </trkpt>
      <trkpt lat="45.308467" lon="5.852368">
        <ele>1896.834422325114</ele>
      </trkpt>
      <trkpt lat="45.308486" lon="5.852364">
        <ele>1897.3168303523498</ele>
      </trkpt>
      <trkpt lat="45.308506" lon="5.85236">
        <ele>1897.8451481149077</ele>
      </trkpt>
      <trkpt lat="45.308525" lon="5.852356">
        <ele>1898.3438117345058</ele>
      </trkpt>
      <trkpt lat="45.308544" lon="5.852352">
        <ele>1898.8504975955937</ele>
      </trkpt>
      <trkpt lat="45.308557" lon="5.85235">
        <ele>1899.2413024047642</ele>
      </trkpt>
      <trkpt lat="45.30857" lon="5.852347">
        <ele>1899.5819268856606</ele>
      </trkpt>
      <trkpt lat="45.308589" lon="5.852343">
        <ele>1899.8989148957844</ele>
      </trkpt>
      <trkpt lat="45.308601" lon="5.85234">
        <ele>1899.9449422525827</ele>
      </trkpt>
      <trkpt lat="45.308601" lon="5.852332">
        <ele>1899.5205281802332</ele>
      </trkpt>
      <trkpt lat="45.3086" lon="5.852323">
        <ele>1899.0265405623832</ele>
      </trkpt>
      <trkpt lat="45.308599" lon="5.852314">
        <ele>1898.5330720405996</ele>
      </trkpt>
      <trkpt lat="45.308599" lon="5.852314">
        <ele>1898.5330720405996</ele>
      </trkpt>
      <trkpt lat="45.308599" lon="5.852306">
        <ele>1898.1091193825603</ele>
      </trkpt>
      <trkpt lat="45.308599" lon="5.852306">
        <ele>1898.1091193825603</ele>
      </trkpt>
      <trkpt lat="45.308598" lon="5.852297">
        <ele>1897.616400662684</ele>
      </trkpt>
      <trkpt lat="45.308597" lon="5.852288">
        <ele>1897.124201036275</ele>
      </trkpt>
      <trkpt lat="45.308597" lon="5.852288">
        <ele>1897.124201036275</ele>
      </trkpt>
      <trkpt lat="45.308597" lon="5.852288">
        <ele>1897.124201036275</ele>
      </trkpt>
      <trkpt lat="45.308597" lon="5.852288">
        <ele>1897.124201036275</ele>
      </trkpt>
      <trkpt lat="45.308597" lon="5.852288">
        <ele>1897.124201036275</ele>
      </trkpt>
      <trkpt lat="45.308598" lon="5.852297">
        <ele>1897.616400662684</ele>
      </trkpt>
      <trkpt lat="45.308598" lon="5.852297">
        <ele>1897.616400662684</ele>
      </trkpt>
      <trkpt lat="45.308597" lon="5.852288">
        <ele>1897.124201036275</ele>
      </trkpt>
      <trkpt lat="45.308596" lon="5.852279">
        <ele>1896.624830640918</ele>
      </trkpt>
      <trkpt lat="45.308596" lon="5.852279">
        <ele>1896.624830640918</ele>
      </trkpt>
      <trkpt lat="45.308596" lon="5.852279">
        <ele>1896.624830640918</ele>
      </trkpt>
      <trkpt lat="45.308595" lon="5.852271">
        <ele>1896.0876398243972</ele>
      </trkpt>
      <trkpt lat="45.308595" lon="5.852262">
        <ele>1895.500987627071</ele>
      </trkpt>
      <trkpt lat="45.308593" lon="5.852245">
        <ele>1894.3152551454323</ele>
      </trkpt>
      <trkpt lat="45.308592" lon="5.852236">
        <ele>1893.6714659919865</ele>
      </trkpt>
      <trkpt lat="45.308592" lon="5.852227">
        <ele>1893.0664826747031</ele>
      </trkpt>
      <trkpt lat="45.308591" lon="5.852218">
        <ele>1892.404362400981</ele>
      </trkpt>
      <trkpt lat="45.30859" lon="5.85221">
        <ele>1891.798599609584</ele>
      </trkpt>
      <trkpt lat="45.308589" lon="5.852201">
        <ele>1891.11271677398</ele>
      </trkpt>
      <trkpt lat="45.308589" lon="5.852201">
        <ele>1891.11271677398</ele>
      </trkpt>
      <trkpt lat="45.308588" lon="5.852192">
        <ele>1890.4146131890589</ele>
      </trkpt>
      <trkpt lat="45.308588" lon="5.852184">
        <ele>1889.8551244669798</ele>
      </trkpt>
      <trkpt lat="45.308587" lon="5.852175">
        <ele>1889.1393686937422</ele>
      </trkpt>
      <trkpt lat="45.308587" lon="5.852175">
        <ele>1889.1393686937422</ele>
      </trkpt>
      <trkpt lat="45.308586" lon="5.852166">
        <ele>1888.411392177541</ele>
      </trkpt>
      <trkpt lat="45.308586" lon="5.852166">
        <ele>1888.411392177541</ele>
      </trkpt>
      <trkpt lat="45.308585" lon="5.852158">
        <ele>1887.7431677976042</ele>
      </trkpt>
      <trkpt lat="45.308585" lon="5.852149">
        <ele>1887.09541186171</ele>
      </trkpt>
      <trkpt lat="45.308585" lon="5.852149">
        <ele>1887.09541186171</ele>
      </trkpt>
      <trkpt lat="45.308584" lon="5.85214">
        <ele>1886.3375624133787</ele>
      </trkpt>
      <trkpt lat="45.308584" lon="5.85214">
        <ele>1886.3375624133787</ele>
      </trkpt>
      <trkpt lat="45.308584" lon="5.85214">
        <ele>1886.3375624133787</ele>
      </trkpt>
      <trkpt lat="45.308584" lon="5.85214">
        <ele>1886.3375624133787</ele>
      </trkpt>
      <trkpt lat="45.308584" lon="5.85214">
        <ele>1886.3375624133787</ele>
      </trkpt>
      <trkpt lat="45.308585" lon="5.852149">
        <ele>1887.09541186171</ele>
      </trkpt>
      <trkpt lat="45.308585" lon="5.852158">
        <ele>1887.7431677976042</ele>
      </trkpt>
      <trkpt lat="45.308586" lon="5.852166">
        <ele>1888.411392177541</ele>
      </trkpt>
      <trkpt lat="45.308586" lon="5.852166">
        <ele>1888.411392177541</ele>
      </trkpt>
      <trkpt lat="45.308586" lon="5.852166">
        <ele>1888.411392177541</ele>
      </trkpt>
      <trkpt lat="45.308586" lon="5.852166">
        <ele>1888.411392177541</ele>
      </trkpt>
      <trkpt lat="45.308586" lon="5.852166">
        <ele>1888.411392177541</ele>
      </trkpt>
      <trkpt lat="45.308586" lon="5.852166">
        <ele>1888.411392177541</ele>
      </trkpt>
      <trkpt lat="45.308587" lon="5.852175">
        <ele>1889.1393686937422</ele>
      </trkpt>
      <trkpt lat="45.308588" lon="5.852184">
        <ele>1889.8551244669798</ele>
      </trkpt>
      <trkpt lat="45.308588" lon="5.852192">
        <ele>1890.4146131890589</ele>
      </trkpt>
      <trkpt lat="45.308589" lon="5.852201">
        <ele>1891.11271677398</ele>
      </trkpt>
      <trkpt lat="45.30859" lon="5.85221">
        <ele>1891.798599609584</ele>
      </trkpt>
      <trkpt lat="45.308591" lon="5.852218">
        <ele>1892.404362400981</ele>
      </trkpt>
      <trkpt lat="45.308591" lon="5.852218">
        <ele>1892.404362400981</ele>
      </trkpt>
      <trkpt lat="45.308592" lon="5.852227">
        <ele>1893.0664826747031</ele>
      </trkpt>
      <trkpt lat="45.308592" lon="5.852236">
        <ele>1893.6714659919865</ele>
      </trkpt>
      <trkpt lat="45.308592" lon="5.852236">
        <ele>1893.6714659919865</ele>
      </trkpt>
      <trkpt lat="45.308592" lon="5.852236">
        <ele>1893.6714659919865</ele>
      </trkpt>
      <trkpt lat="45.308592" lon="5.852227">
        <ele>1893.0664826747031</ele>
      </trkpt>
      <trkpt lat="45.308592" lon="5.852227">
        <ele>1893.0664826747031</ele>
      </trkpt>
      <trkpt lat="45.308592" lon="5.852236">
        <ele>1893.6714659919865</ele>
      </trkpt>
      <trkpt lat="45.308592" lon="5.852236">
        <ele>1893.6714659919865</ele>
      </trkpt>
      <trkpt lat="45.308593" lon="5.852245">
        <ele>1894.3152551454323</ele>
      </trkpt>
      <trkpt lat="45.308593" lon="5.852245">
        <ele>1894.3152551454323</ele>
      </trkpt>
      <trkpt lat="45.308592" lon="5.852236">
        <ele>1893.6714659919865</ele>
      </trkpt>
      <trkpt lat="45.308592" lon="5.852227">
        <ele>1893.0664826747031</ele>
      </trkpt>
      <trkpt lat="45.308592" lon="5.852227">
        <ele>1893.0664826747031</ele>
      </trkpt>
      <trkpt lat="45.308592" lon="5.852227">
        <ele>1893.0664826747031</ele>
      </trkpt>
      <trkpt lat="45.308592" lon="5.852227">
        <ele>1893.0664826747031</ele>
      </trkpt>
      <trkpt lat="45.308592" lon="5.852227">
        <ele>1893.0664826747031</ele>
      </trkpt>
      <trkpt lat="45.308592" lon="5.852227">
        <ele>1893.0664826747031</ele>
      </trkpt>
      <trkpt lat="45.308592" lon="5.852227">
        <ele>1893.0664826747031</ele>
      </trkpt>
      <trkpt lat="45.308592" lon="5.852227">
        <ele>1893.0664826747031</ele>
      </trkpt>
      <trkpt lat="45.308592" lon="5.852227">
        <ele>1893.0664826747031</ele>
      </trkpt>
      <trkpt lat="45.308591" lon="5.852218">
        <ele>1892.404362400981</ele>
      </trkpt>
      <trkpt lat="45.308591" lon="5.852218">
        <ele>1892.404362400981</ele>
      </trkpt>
      <trkpt lat="45.30859" lon="5.85221">
        <ele>1891.798599609584</ele>
      </trkpt>
      <trkpt lat="45.308589" lon="5.852201">
        <ele>1891.11271677398</ele>
      </trkpt>
      <trkpt lat="45.308588" lon="5.852192">
        <ele>1890.4146131890589</ele>
      </trkpt>
      <trkpt lat="45.308588" lon="5.852192">
        <ele>1890.4146131890589</ele>
      </trkpt>
      <trkpt lat="45.308588" lon="5.852184">
        <ele>1889.8551244669798</ele>
      </trkpt>
      <trkpt lat="45.308587" lon="5.852175">
        <ele>1889.1393686937422</ele>
      </trkpt>
      <trkpt lat="45.308587" lon="5.852175">
        <ele>1889.1393686937422</ele>
      </trkpt>
      <trkpt lat="45.308588" lon="5.852184">
        <ele>1889.8551244669798</ele>
      </trkpt>
      <trkpt lat="45.308588" lon="5.852184">
        <ele>1889.8551244669798</ele>
      </trkpt>
      <trkpt lat="45.308588" lon="5.852184">
        <ele>1889.8551244669798</ele>
      </trkpt>
      <trkpt lat="45.308588" lon="5.852184">
        <ele>1889.8551244669798</ele>
      </trkpt>
      <trkpt lat="45.308588" lon="5.852184">
        <ele>1889.8551244669798</ele>
      </trkpt>
      <trkpt lat="45.308588" lon="5.852192">
        <ele>1890.4146131890589</ele>
      </trkpt>
      <trkpt lat="45.308588" lon="5.852192">
        <ele>1890.4146131890589</ele>
      </trkpt>
      <trkpt lat="45.308589" lon="5.852201">
        <ele>1891.11271677398</ele>
      </trkpt>
      <trkpt lat="45.30859" lon="5.85221">
        <ele>1891.798599609584</ele>
      </trkpt>
      <trkpt lat="45.308591" lon="5.852218">
        <ele>1892.404362400981</ele>
      </trkpt>
      <trkpt lat="45.308592" lon="5.852227">
        <ele>1893.0664826747031</ele>
      </trkpt>
      <trkpt lat="45.308592" lon="5.852227">
        <ele>1893.0664826747031</ele>
      </trkpt>
      <trkpt lat="45.308592" lon="5.852236">
        <ele>1893.6714659919865</ele>
      </trkpt>
      <trkpt lat="45.308593" lon="5.852245">
        <ele>1894.3152551454323</ele>
      </trkpt>
      <trkpt lat="45.308594" lon="5.852253">
        <ele>1894.8809610410597</ele>
      </trkpt>
      <trkpt lat="45.308595" lon="5.852262">
        <ele>1895.500987627071</ele>
      </trkpt>
      <trkpt lat="45.308595" lon="5.852271">
        <ele>1896.0876398243972</ele>
      </trkpt>
      <trkpt lat="45.308595" lon="5.852271">
        <ele>1896.0876398243972</ele>
      </trkpt>
      <trkpt lat="45.308595" lon="5.852262">
        <ele>1895.500987627071</ele>
      </trkpt>
      <trkpt lat="45.308595" lon="5.852262">
        <ele>1895.500987627071</ele>
      </trkpt>
      <trkpt lat="45.308594" lon="5.852253">
        <ele>1894.8809610410597</ele>
      </trkpt>
      <trkpt lat="45.308593" lon="5.852245">
        <ele>1894.3152551454323</ele>
      </trkpt>
      <trkpt lat="45.308592" lon="5.852236">
        <ele>1893.6714659919865</ele>
      </trkpt>
      <trkpt lat="45.308592" lon="5.852227">
        <ele>1893.0664826747031</ele>
      </trkpt>
      <trkpt lat="45.308591" lon="5.852218">
        <ele>1892.404362400981</ele>
      </trkpt>
      <trkpt lat="45.30859" lon="5.85221">
        <ele>1891.798599609584</ele>
      </trkpt>
      <trkpt lat="45.308589" lon="5.852201">
        <ele>1891.11271677398</ele>
      </trkpt>
      <trkpt lat="45.308588" lon="5.852192">
        <ele>1890.4146131890589</ele>
      </trkpt>
      <trkpt lat="45.308588" lon="5.852184">
        <ele>1889.8551244669798</ele>
      </trkpt>
      <trkpt lat="45.308586" lon="5.852166">
        <ele>1888.411392177541</ele>
      </trkpt>
      <trkpt lat="45.308585" lon="5.852158">
        <ele>1887.7431677976042</ele>
      </trkpt>
      <trkpt lat="45.308585" lon="5.852158">
        <ele>1887.7431677976042</ele>
      </trkpt>
      <trkpt lat="45.308585" lon="5.852149">
        <ele>1887.09541186171</ele>
      </trkpt>
      <trkpt lat="45.308585" lon="5.852149">
        <ele>1887.09541186171</ele>
      </trkpt>
      <trkpt lat="45.308585" lon="5.852158">
        <ele>1887.7431677976042</ele>
      </trkpt>
      <trkpt lat="45.308585" lon="5.852158">
        <ele>1887.7431677976042</ele>
      </trkpt>
      <trkpt lat="45.308585" lon="5.852158">
        <ele>1887.7431677976042</ele>
      </trkpt>
      <trkpt lat="45.308585" lon="5.852158">
        <ele>1887.7431677976042</ele>
      </trkpt>
      <trkpt lat="45.308585" lon="5.852149">
        <ele>1887.09541186171</ele>
      </trkpt>
      <trkpt lat="45.308584" lon="5.85214">
        <ele>1886.3375624133787</ele>
      </trkpt>
      <trkpt lat="45.308584" lon="5.85214">
        <ele>1886.3375624133787</ele>
      </trkpt>
      <trkpt lat="45.308583" lon="5.852131">
        <ele>1885.567492217043</ele>
      </trkpt>
      <trkpt lat="45.308583" lon="5.852131">
        <ele>1885.567492217043</ele>
      </trkpt>
      <trkpt lat="45.308582" lon="5.852123">
        <ele>1884.859210950901</ele>
      </trkpt>
      <trkpt lat="45.308582" lon="5.852114">
        <ele>1884.1931238984976</ele>
      </trkpt>
      <trkpt lat="45.308582" lon="5.852114">
        <ele>1884.1931238984976</ele>
      </trkpt>
      <trkpt lat="45.308582" lon="5.852114">
        <ele>1884.1931238984976</ele>
      </trkpt>
      <trkpt lat="45.308582" lon="5.852123">
        <ele>1884.859210950901</ele>
      </trkpt>
      <trkpt lat="45.308582" lon="5.852123">
        <ele>1884.859210950901</ele>
      </trkpt>
      <trkpt lat="45.308583" lon="5.852131">
        <ele>1885.567492217043</ele>
      </trkpt>
      <trkpt lat="45.308583" lon="5.852131">
        <ele>1885.567492217043</ele>
      </trkpt>
      <trkpt lat="45.308584" lon="5.85214">
        <ele>1886.3375624133787</ele>
      </trkpt>
      <trkpt lat="45.308584" lon="5.85214">
        <ele>1886.3375624133787</ele>
      </trkpt>
      <trkpt lat="45.308585" lon="5.852149">
        <ele>1887.09541186171</ele>
      </trkpt>
      <trkpt lat="45.308585" lon="5.852158">
        <ele>1887.7431677976042</ele>
      </trkpt>
      <trkpt lat="45.308585" lon="5.852158">
        <ele>1887.7431677976042</ele>
      </trkpt>
      <trkpt lat="45.308585" lon="5.852149">
        <ele>1887.09541186171</ele>
      </trkpt>
      <trkpt lat="45.308585" lon="5.852149">
        <ele>1887.09541186171</ele>
      </trkpt>
      <trkpt lat="45.308584" lon="5.85214">
        <ele>1886.3375624133787</ele>
      </trkpt>
      <trkpt lat="45.308584" lon="5.85214">
        <ele>1886.3375624133787</ele>
      </trkpt>
      <trkpt lat="45.308584" lon="5.85214">
        <ele>1886.3375624133787</ele>
      </trkpt>
      <trkpt lat="45.308584" lon="5.85214">
        <ele>1886.3375624133787</ele>
      </trkpt>
      <trkpt lat="45.308585" lon="5.852149">
        <ele>1887.09541186171</ele>
      </trkpt>
      <trkpt lat="45.308585" lon="5.852149">
        <ele>1887.09541186171</ele>
      </trkpt>
      <trkpt lat="45.308585" lon="5.852158">
        <ele>1887.7431677976042</ele>
      </trkpt>
      <trkpt lat="45.308585" lon="5.852158">
        <ele>1887.7431677976042</ele>
      </trkpt>
      <trkpt lat="45.308585" lon="5.852158">
        <ele>1887.7431677976042</ele>
      </trkpt>
      <trkpt lat="45.308586" lon="5.852166">
        <ele>1888.411392177541</ele>
      </trkpt>
      <trkpt lat="45.308586" lon="5.852166">
        <ele>1888.411392177541</ele>
      </trkpt>
      <trkpt lat="45.308586" lon="5.852166">
        <ele>1888.411392177541</ele>
      </trkpt>
      <trkpt lat="45.308586" lon="5.852166">
        <ele>1888.411392177541</ele>
      </trkpt>
      <trkpt lat="45.308586" lon="5.852166">
        <ele>1888.411392177541</ele>
      </trkpt>
      <trkpt lat="45.308586" lon="5.852166">
        <ele>1888.411392177541</ele>
      </trkpt>
      <trkpt lat="45.308585" lon="5.852158">
        <ele>1887.7431677976042</ele>
      </trkpt>
      <trkpt lat="45.308585" lon="5.852149">
        <ele>1887.09541186171</ele>
      </trkpt>
      <trkpt lat="45.308585" lon="5.852149">
        <ele>1887.09541186171</ele>
      </trkpt>
      <trkpt lat="45.308584" lon="5.85214">
        <ele>1886.3375624133787</ele>
      </trkpt>
      <trkpt lat="45.308583" lon="5.852131">
        <ele>1885.567492217043</ele>
      </trkpt>
      <trkpt lat="45.308582" lon="5.852123">
        <ele>1884.859210950901</ele>
      </trkpt>
      <trkpt lat="45.308582" lon="5.852114">
        <ele>1884.1931238984976</ele>
      </trkpt>
      <trkpt lat="45.308581" lon="5.852105">
        <ele>1883.4605542304694</ele>
      </trkpt>
      <trkpt lat="45.308579" lon="5.852088">
        <ele>1882.347632998884</ele>
      </trkpt>
      <trkpt lat="45.308579" lon="5.852079">
        <ele>1881.8815500961505</ele>
      </trkpt>
      <trkpt lat="45.308579" lon="5.852079">
        <ele>1881.8815500961505</ele>
      </trkpt>
      <trkpt lat="45.308579" lon="5.852079">
        <ele>1881.8815500961505</ele>
      </trkpt>
      <trkpt lat="45.308579" lon="5.852079">
        <ele>1881.8815500961505</ele>
      </trkpt>
      <trkpt lat="45.308579" lon="5.852079">
        <ele>1881.8815500961505</ele>
      </trkpt>
      <trkpt lat="45.308579" lon="5.852079">
        <ele>1881.8815500961505</ele>
      </trkpt>
      <trkpt lat="45.308579" lon="5.852079">
        <ele>1881.8815500961505</ele>
      </trkpt>
      <trkpt lat="45.308579" lon="5.852079">
        <ele>1881.8815500961505</ele>
      </trkpt>
      <trkpt lat="45.308579" lon="5.852079">
        <ele>1881.8815500961505</ele>
      </trkpt>
      <trkpt lat="45.308567" lon="5.851923">
        <ele>1873.306153326787</ele>
      </trkpt>
      <trkpt lat="45.308564" lon="5.851863">
        <ele>1870.7721246703659</ele>
      </trkpt>
      <trkpt lat="45.30856" lon="5.85187">
        <ele>1870.8193484769047</ele>
      </trkpt>
      <trkpt lat="45.308561" lon="5.851879">
        <ele>1871.2324956382336</ele>
      </trkpt>
      <trkpt lat="45.30856" lon="5.85187">
        <ele>1870.8193484769047</ele>
      </trkpt>
      <trkpt lat="45.308564" lon="5.851863">
        <ele>1870.7721246703659</ele>
      </trkpt>
      <trkpt lat="45.308568" lon="5.851857">
        <ele>1870.765951853928</ele>
      </trkpt>
      <trkpt lat="45.308581" lon="5.851837">
        <ele>1870.7515173666625</ele>
      </trkpt>
      <trkpt lat="45.308598" lon="5.85181">
        <ele>1870.7675632185496</ele>
      </trkpt>
      <trkpt lat="45.30861" lon="5.85179">
        <ele>1870.649584975847</ele>
      </trkpt>
      <trkpt lat="45.308627" lon="5.851763">
        <ele>1870.4163558684695</ele>
      </trkpt>
      <trkpt lat="45.30864" lon="5.851743">
        <ele>1870.2392882220179</ele>
      </trkpt>
      <trkpt lat="45.30866" lon="5.85171">
        <ele>1869.8417482816114</ele>
      </trkpt>
      <trkpt lat="45.308677" lon="5.851683">
        <ele>1869.5285730716075</ele>
      </trkpt>
      <trkpt lat="45.308698" lon="5.85165">
        <ele>1869.1292433061049</ele>
      </trkpt>
      <trkpt lat="45.308715" lon="5.851623">
        <ele>1868.863511456407</ele>
      </trkpt>
      <trkpt lat="45.308736" lon="5.85159">
        <ele>1868.5094620704247</ele>
      </trkpt>
      <trkpt lat="45.308753" lon="5.851563">
        <ele>1868.262430626763</ele>
      </trkpt>
      <trkpt lat="45.30877" lon="5.851536">
        <ele>1867.9813122387627</ele>
      </trkpt>
      <trkpt lat="45.308786" lon="5.85151">
        <ele>1867.6582835870504</ele>
      </trkpt>
      <trkpt lat="45.308799" lon="5.851489">
        <ele>1867.378938319151</ele>
      </trkpt>
      <trkpt lat="45.308816" lon="5.851463">
        <ele>1867.0525286877842</ele>
      </trkpt>
      <trkpt lat="45.308832" lon="5.851436">
        <ele>1866.5240757741167</ele>
      </trkpt>
      <trkpt lat="45.308845" lon="5.851416">
        <ele>1866.1873623831295</ele>
      </trkpt>
      <trkpt lat="45.308866" lon="5.851383">
        <ele>1865.7109352573405</ele>
      </trkpt>
      <trkpt lat="45.308883" lon="5.851356">
        <ele>1865.3318460432242</ele>
      </trkpt>
      <trkpt lat="45.308899" lon="5.851329">
        <ele>1864.9225093475454</ele>
      </trkpt>
      <trkpt lat="45.30892" lon="5.851296">
        <ele>1864.5134282412248</ele>
      </trkpt>
      <trkpt lat="45.308937" lon="5.851269">
        <ele>1864.1891451629535</ele>
      </trkpt>
      <trkpt lat="45.308958" lon="5.851236">
        <ele>1863.8441834047703</ele>
      </trkpt>
      <trkpt lat="45.308979" lon="5.851202">
        <ele>1863.4997093093666</ele>
      </trkpt>
      <trkpt lat="45.308996" lon="5.851176">
        <ele>1863.2793876344913</ele>
      </trkpt>
      <trkpt lat="45.309017" lon="5.851142">
        <ele>1862.9291419462018</ele>
      </trkpt>
      <trkpt lat="45.309033" lon="5.851116">
        <ele>1862.6563059464381</ele>
      </trkpt>
      <trkpt lat="45.30905" lon="5.851089">
        <ele>1862.3894123442005</ele>
      </trkpt>
      <trkpt lat="45.309067" lon="5.851062">
        <ele>1862.094764621502</ele>
      </trkpt>
      <trkpt lat="45.309084" lon="5.851035">
        <ele>1861.718819121444</ele>
      </trkpt>
      <trkpt lat="45.309101" lon="5.851009">
        <ele>1861.3652122685162</ele>
      </trkpt>
      <trkpt lat="45.309117" lon="5.850982">
        <ele>1860.9119694248843</ele>
      </trkpt>
      <trkpt lat="45.309134" lon="5.850955">
        <ele>1860.4813684566043</ele>
      </trkpt>
      <trkpt lat="45.309151" lon="5.850929">
        <ele>1860.0741145223744</ele>
      </trkpt>
      <trkpt lat="45.309163" lon="5.850908">
        <ele>1859.6644569199232</ele>
      </trkpt>
      <trkpt lat="45.30918" lon="5.850882">
        <ele>1859.1980187565464</ele>
      </trkpt>
      <trkpt lat="45.309193" lon="5.850862">
        <ele>1858.8409769883074</ele>
      </trkpt>
      <trkpt lat="45.30921" lon="5.850835">
        <ele>1858.3401769005511</ele>
      </trkpt>
      <trkpt lat="45.309222" lon="5.850815">
        <ele>1857.9464351789825</ele>
      </trkpt>
      <trkpt lat="45.309235" lon="5.850795">
        <ele>1857.59311031778</ele>
      </trkpt>
      <trkpt lat="45.309247" lon="5.850775">
        <ele>1857.2006618445414</ele>
      </trkpt>
      <trkpt lat="45.309251" lon="5.850768">
        <ele>1857.0554907089702</ele>
      </trkpt>
      <trkpt lat="45.30926" lon="5.850755">
        <ele>1856.8486830246784</ele>
      </trkpt>
      <trkpt lat="45.309268" lon="5.850742">
        <ele>1856.6023307532114</ele>
      </trkpt>
      <trkpt lat="45.309281" lon="5.850722">
        <ele>1856.2238361638026</ele>
      </trkpt>
      <trkpt lat="45.309293" lon="5.850702">
        <ele>1855.7983375081963</ele>
      </trkpt>
      <trkpt lat="45.30931" lon="5.850675">
        <ele>1855.249077751442</ele>
      </trkpt>
      <trkpt lat="45.309323" lon="5.850655">
        <ele>1854.8364368477237</ele>
      </trkpt>
      <trkpt lat="45.30934" lon="5.850628">
        <ele>1854.2703266821986</ele>
      </trkpt>
      <trkpt lat="45.309352" lon="5.850608">
        <ele>1853.8368177714665</ele>
      </trkpt>
      <trkpt lat="45.309373" lon="5.850575">
        <ele>1853.1829877611935</ele>
      </trkpt>
      <trkpt lat="45.30939" lon="5.850548">
        <ele>1852.6077975956903</ele>
      </trkpt>
      <trkpt lat="45.309407" lon="5.850521">
        <ele>1851.9703963147497</ele>
      </trkpt>
      <trkpt lat="45.309419" lon="5.850501">
        <ele>1851.4541890729743</ele>
      </trkpt>
      <trkpt lat="45.30944" lon="5.850468">
        <ele>1850.5899817613274</ele>
      </trkpt>
      <trkpt lat="45.309453" lon="5.850448">
        <ele>1850.0287472305292</ele>
      </trkpt>
      <trkpt lat="45.309474" lon="5.850414">
        <ele>1848.9584831838256</ele>
      </trkpt>
      <trkpt lat="45.30949" lon="5.850388">
        <ele>1848.0824826304965</ele>
      </trkpt>
      <trkpt lat="45.309507" lon="5.850361">
        <ele>1847.22167052959</ele>
      </trkpt>
      <trkpt lat="45.309524" lon="5.850334">
        <ele>1846.3413057392127</ele>
      </trkpt>
      <trkpt lat="45.309545" lon="5.850301">
        <ele>1845.24476599249</ele>
      </trkpt>
      <trkpt lat="45.309562" lon="5.850274">
        <ele>1844.5336251000465</ele>
      </trkpt>
      <trkpt lat="45.309578" lon="5.850247">
        <ele>1843.7835187362493</ele>
      </trkpt>
      <trkpt lat="45.309591" lon="5.850227">
        <ele>1843.2712395922658</ele>
      </trkpt>
      <trkpt lat="45.309599" lon="5.850214">
        <ele>1842.9363341352318</ele>
      </trkpt>
      <trkpt lat="45.309608" lon="5.850201">
        <ele>1842.658255175542</ele>
      </trkpt>
      <trkpt lat="45.30962" lon="5.850181">
        <ele>1842.1519351057389</ele>
      </trkpt>
      <trkpt lat="45.309637" lon="5.850154">
        <ele>1841.4859656955473</ele>
      </trkpt>
      <trkpt lat="45.30965" lon="5.850134">
        <ele>1840.998038395739</ele>
      </trkpt>
      <trkpt lat="45.309662" lon="5.850114">
        <ele>1840.4641394811558</ele>
      </trkpt>
      <trkpt lat="45.309679" lon="5.850087">
        <ele>1839.7817206986756</ele>
      </trkpt>
      <trkpt lat="45.309696" lon="5.85006">
        <ele>1839.1253178574564</ele>
      </trkpt>
      <trkpt lat="45.309713" lon="5.850034">
        <ele>1838.5717830641402</ele>
      </trkpt>
      <trkpt lat="45.309729" lon="5.850007">
        <ele>1838.0005656860626</ele>
      </trkpt>
      <trkpt lat="45.309746" lon="5.84998">
        <ele>1837.5202994918586</ele>
      </trkpt>
      <trkpt lat="45.309763" lon="5.849954">
        <ele>1837.1338640638655</ele>
      </trkpt>
      <trkpt lat="45.30978" lon="5.849927">
        <ele>1836.754057769825</ele>
      </trkpt>
      <trkpt lat="45.309792" lon="5.849907">
        <ele>1836.3538680974912</ele>
      </trkpt>
      <trkpt lat="45.309805" lon="5.849887">
        <ele>1835.8040106500957</ele>
      </trkpt>
      <trkpt lat="45.309813" lon="5.849873">
        <ele>1835.3138093482812</ele>
      </trkpt>
      <trkpt lat="45.309822" lon="5.84986">
        <ele>1834.7301443455917</ele>
      </trkpt>
      <trkpt lat="45.30983" lon="5.849847">
        <ele>1834.1419603335985</ele>
      </trkpt>
      <trkpt lat="45.309834" lon="5.84984">
        <ele>1833.8248732541392</ele>
      </trkpt>
      <trkpt lat="45.309838" lon="5.849833">
        <ele>1833.512536161787</ele>
      </trkpt>
      <trkpt lat="45.309843" lon="5.849827">
        <ele>1833.2895563212926</ele>
      </trkpt>
      <trkpt lat="45.309847" lon="5.84982">
        <ele>1832.9869736666928</ele>
      </trkpt>
      <trkpt lat="45.309855" lon="5.849807">
        <ele>1832.453499321916</ele>
      </trkpt>
      <trkpt lat="45.309859" lon="5.8498">
        <ele>1832.1648273432068</ele>
      </trkpt>
      <trkpt lat="45.309859" lon="5.8498">
        <ele>1832.1648273432068</ele>
      </trkpt>
      <trkpt lat="45.309872" lon="5.84978">
        <ele>1831.4134454064783</ele>
      </trkpt>
      <trkpt lat="45.309872" lon="5.84978">
        <ele>1827.44</ele>
      </trkpt>
      <trkpt lat="45.309888" lon="5.849716">
        <ele>1824.16</ele>
      </trkpt>
      <trkpt lat="45.309988" lon="5.849654">
        <ele>1822.98</ele>
      </trkpt>
      <trkpt lat="45.310008" lon="5.849655">
        <ele>1823.35</ele>
      </trkpt>
      <trkpt lat="45.310061" lon="5.849689">
        <ele>1826.4</ele>
      </trkpt>
      <trkpt lat="45.310095" lon="5.849696">
        <ele>1827.29</ele>
      </trkpt>
      <trkpt lat="45.310123" lon="5.849622">
        <ele>1822.89</ele>
      </trkpt>
      <trkpt lat="45.310176" lon="5.849612">
        <ele>1822.84</ele>
      </trkpt>
      <trkpt lat="45.310236" lon="5.849553">
        <ele>1819.87</ele>
      </trkpt>
      <trkpt lat="45.310305" lon="5.849534">
        <ele>1818.31</ele>
      </trkpt>
      <trkpt lat="45.31035" lon="5.849548">
        <ele>1818.73</ele>
      </trkpt>
      <trkpt lat="45.310441" lon="5.849522">
        <ele>1817.13</ele>
      </trkpt>
      <trkpt lat="45.310495" lon="5.849464">
        <ele>1814.66</ele>
      </trkpt>
      <trkpt lat="45.310598" lon="5.849384">
        <ele>1811.92</ele>
      </trkpt>
      <trkpt lat="45.310651" lon="5.849318">
        <ele>1809.71</ele>
      </trkpt>
      <trkpt lat="45.310662" lon="5.849269">
        <ele>1807.64</ele>
      </trkpt>
      <trkpt lat="45.310707" lon="5.849251">
        <ele>1807.47</ele>
      </trkpt>
      <trkpt lat="45.310792" lon="5.849179">
        <ele>1804.37</ele>
      </trkpt>
      <trkpt lat="45.310839" lon="5.849168">
        <ele>1803.79</ele>
      </trkpt>
      <trkpt lat="45.31087" lon="5.849135">
        <ele>1801.8</ele>
      </trkpt>
      <trkpt lat="45.310884" lon="5.849135">
        <ele>1801.64</ele>
      </trkpt>
      <trkpt lat="45.310884" lon="5.849135">
        <ele>1801.65</ele>
      </trkpt>
      <trkpt lat="45.310906" lon="5.849133">
        <ele>1801.4</ele>
      </trkpt>
      <trkpt lat="45.310909" lon="5.849123">
        <ele>1800.82</ele>
      </trkpt>
      <trkpt lat="45.310745" lon="5.848956">
        <ele>1793.41</ele>
      </trkpt>
      <trkpt lat="45.310743" lon="5.848908">
        <ele>1791.16</ele>
      </trkpt>
      <trkpt lat="45.310724" lon="5.848864">
        <ele>1789.24</ele>
      </trkpt>
      <trkpt lat="45.310698" lon="5.848826">
        <ele>1787.67</ele>
      </trkpt>
      <trkpt lat="45.310679" lon="5.848821">
        <ele>1787.43</ele>
      </trkpt>
      <trkpt lat="45.310642" lon="5.848774">
        <ele>1785.26</ele>
      </trkpt>
      <trkpt lat="45.310653" lon="5.848739">
        <ele>1783.63</ele>
      </trkpt>
      <trkpt lat="45.310648" lon="5.848717">
        <ele>1782.61</ele>
      </trkpt>
      <trkpt lat="45.310625" lon="5.848703">
        <ele>1781.94</ele>
      </trkpt>
      <trkpt lat="45.310603" lon="5.848637">
        <ele>1778.86</ele>
      </trkpt>
      <trkpt lat="45.310689" lon="5.848597">
        <ele>1777.01</ele>
      </trkpt>
      <trkpt lat="45.310491" lon="5.8485">
        <ele>1772.33</ele>
      </trkpt>
      <trkpt lat="45.31047" lon="5.848474">
        <ele>1771.08</ele>
      </trkpt>
      <trkpt lat="45.310471" lon="5.848464">
        <ele>1770.71</ele>
      </trkpt>
      <trkpt lat="45.31054" lon="5.848399">
        <ele>1768.33</ele>
      </trkpt>
      <trkpt lat="45.310482" lon="5.848319">
        <ele>1763.65</ele>
      </trkpt>
      <trkpt lat="45.310504" lon="5.848294">
        <ele>1762.53</ele>
      </trkpt>
      <trkpt lat="45.310557" lon="5.84829">
        <ele>1762.77</ele>
      </trkpt>
      <trkpt lat="45.310679" lon="5.848217">
        <ele>1759.19</ele>
      </trkpt>
      <trkpt lat="45.310751" lon="5.848198">
        <ele>1757.47</ele>
      </trkpt>
      <trkpt lat="45.310734" lon="5.848174">
        <ele>1756.41</ele>
      </trkpt>
      <trkpt lat="45.310733" lon="5.848176">
        <ele>1761.6646660404322</ele>
      </trkpt>
      <trkpt lat="45.31069" lon="5.848139">
        <ele>1760.0711179781433</ele>
      </trkpt>
      <trkpt lat="45.310647" lon="5.848101">
        <ele>1758.3590380681408</ele>
      </trkpt>
      <trkpt lat="45.310605" lon="5.848064">
        <ele>1756.1960633926278</ele>
      </trkpt>
      <trkpt lat="45.310567" lon="5.848031">
        <ele>1753.9742050591403</ele>
      </trkpt>
      <trkpt lat="45.31053" lon="5.847999">
        <ele>1751.7579265693853</ele>
      </trkpt>
      <trkpt lat="45.310498" lon="5.847971">
        <ele>1749.9164985247087</ele>
      </trkpt>
      <trkpt lat="45.310461" lon="5.847938">
        <ele>1747.7099131029017</ele>
      </trkpt>
      <trkpt lat="45.310434" lon="5.847906">
        <ele>1745.7181757891763</ele>
      </trkpt>
      <trkpt lat="45.31044" lon="5.84791">
        <ele>1743.57</ele>
      </trkpt>
      <trkpt lat="45.310448" lon="5.847884">
        <ele>1742.71</ele>
      </trkpt>
      <trkpt lat="45.310486" lon="5.847859">
        <ele>1742.14</ele>
      </trkpt>
      <trkpt lat="45.310506" lon="5.84782">
        <ele>1740.56</ele>
      </trkpt>
      <trkpt lat="45.310552" lon="5.847791">
        <ele>1739.48</ele>
      </trkpt>
      <trkpt lat="45.310694" lon="5.847773">
        <ele>1737.76</ele>
      </trkpt>
      <trkpt lat="45.310721" lon="5.847732">
        <ele>1735.63</ele>
      </trkpt>
      <trkpt lat="45.310768" lon="5.847727">
        <ele>1734.99</ele>
      </trkpt>
      <trkpt lat="45.310782" lon="5.847711">
        <ele>1734.14</ele>
      </trkpt>
      <trkpt lat="45.310784" lon="5.847715">
        <ele>1739.0591293049274</ele>
      </trkpt>
      <trkpt lat="45.310782" lon="5.847711">
        <ele>1734.14</ele>
      </trkpt>
      <trkpt lat="45.310799" lon="5.847692">
        <ele>1733.11</ele>
      </trkpt>
      <trkpt lat="45.310795" lon="5.84768">
        <ele>1732.61</ele>
      </trkpt>
      <trkpt lat="45.310679" lon="5.847657">
        <ele>1732.48</ele>
      </trkpt>
      <trkpt lat="45.310622" lon="5.847593">
        <ele>1729.96</ele>
      </trkpt>
      <trkpt lat="45.310543" lon="5.84757">
        <ele>1729.27</ele>
      </trkpt>
      <trkpt lat="45.310438" lon="5.847566">
        <ele>1728.7</ele>
      </trkpt>
      <trkpt lat="45.310405" lon="5.847522">
        <ele>1726.24</ele>
      </trkpt>
      <trkpt lat="45.310383" lon="5.847518">
        <ele>1725.75</ele>
      </trkpt>
      <trkpt lat="45.310363" lon="5.8475">
        <ele>1724.68</ele>
      </trkpt>
      <trkpt lat="45.310335" lon="5.847498">
        <ele>1724.28</ele>
      </trkpt>
      <trkpt lat="45.310335" lon="5.847489">
        <ele>1723.89</ele>
      </trkpt>
      <trkpt lat="45.310356" lon="5.847472">
        <ele>1723.43</ele>
      </trkpt>
      <trkpt lat="45.310362" lon="5.847441">
        <ele>1722.23</ele>
      </trkpt>
      <trkpt lat="45.310403" lon="5.847395">
        <ele>1720.64</ele>
      </trkpt>
      <trkpt lat="45.310487" lon="5.847373">
        <ele>1720.1</ele>
      </trkpt>
      <trkpt lat="45.310568" lon="5.847332">
        <ele>1718.17</ele>
      </trkpt>
      <trkpt lat="45.310581" lon="5.847301">
        <ele>1716.76</ele>
      </trkpt>
      <trkpt lat="45.310582" lon="5.847275">
        <ele>1715.51</ele>
      </trkpt>
      <trkpt lat="45.31052" lon="5.847255">
        <ele>1714.61</ele>
      </trkpt>
      <trkpt lat="45.310441" lon="5.847202">
        <ele>1711.74</ele>
      </trkpt>
      <trkpt lat="45.310384" lon="5.847204">
        <ele>1710.93</ele>
      </trkpt>
      <trkpt lat="45.310366" lon="5.847186">
        <ele>1709.81</ele>
      </trkpt>
      <trkpt lat="45.310263" lon="5.84716">
        <ele>1707.33</ele>
      </trkpt>
      <trkpt lat="45.310211" lon="5.847096">
        <ele>1703.48</ele>
      </trkpt>
      <trkpt lat="45.310152" lon="5.847056">
        <ele>1701.4</ele>
      </trkpt>
      <trkpt lat="45.310065" lon="5.846973">
        <ele>1697.04</ele>
      </trkpt>
      <trkpt lat="45.310041" lon="5.846961">
        <ele>1696.41</ele>
      </trkpt>
      <trkpt lat="45.310039" lon="5.846947">
        <ele>1695.69</ele>
      </trkpt>
      <trkpt lat="45.310089" lon="5.846937">
        <ele>1695.15</ele>
      </trkpt>
      <trkpt lat="45.310181" lon="5.846942">
        <ele>1694.99</ele>
      </trkpt>
      <trkpt lat="45.310248" lon="5.846908">
        <ele>1693.32</ele>
      </trkpt>
      <trkpt lat="45.310367" lon="5.846658">
        <ele>1682.08</ele>
      </trkpt>
      <trkpt lat="45.310357" lon="5.846628">
        <ele>1680.38</ele>
      </trkpt>
      <trkpt lat="45.310438" lon="5.846532">
        <ele>1677.43</ele>
      </trkpt>
      <trkpt lat="45.310477" lon="5.846451">
        <ele>1673.93</ele>
      </trkpt>
      <trkpt lat="45.310522" lon="5.846389">
        <ele>1671.43</ele>
      </trkpt>
      <trkpt lat="45.31064" lon="5.846274">
        <ele>1666.7</ele>
      </trkpt>
      <trkpt lat="45.310683" lon="5.846265">
        <ele>1666.08</ele>
      </trkpt>
      <trkpt lat="45.310705" lon="5.846247">
        <ele>1665.01</ele>
      </trkpt>
      <trkpt lat="45.310706" lon="5.846235">
        <ele>1664.4</ele>
      </trkpt>
      <trkpt lat="45.31069" lon="5.846219">
        <ele>1663.66</ele>
      </trkpt>
      <trkpt lat="45.31069" lon="5.846219">
        <ele>1663.66</ele>
      </trkpt>
      <trkpt lat="45.310664" lon="5.846201">
        <ele>1662.95</ele>
      </trkpt>
      <trkpt lat="45.31066" lon="5.846182">
        <ele>1662.06</ele>
      </trkpt>
      <trkpt lat="45.310667" lon="5.846135">
        <ele>1660.02</ele>
      </trkpt>
      <trkpt lat="45.310657" lon="5.846112">
        <ele>1659.09</ele>
      </trkpt>
      <trkpt lat="45.310616" lon="5.846093">
        <ele>1658.42</ele>
      </trkpt>
      <trkpt lat="45.310612" lon="5.846042">
        <ele>1656.16</ele>
      </trkpt>
      <trkpt lat="45.310598" lon="5.846025">
        <ele>1655.39</ele>
      </trkpt>
      <trkpt lat="45.310552" lon="5.846002">
        <ele>1654.09</ele>
      </trkpt>
      <trkpt lat="45.310533" lon="5.84596">
        <ele>1652</ele>
      </trkpt>
      <trkpt lat="45.310474" lon="5.845901">
        <ele>1648.73</ele>
      </trkpt>
      <trkpt lat="45.310432" lon="5.845894">
        <ele>1647.62</ele>
      </trkpt>
      <trkpt lat="45.310416" lon="5.84588">
        <ele>1646.55</ele>
      </trkpt>
      <trkpt lat="45.310413" lon="5.845866">
        <ele>1645.84</ele>
      </trkpt>
      <trkpt lat="45.310458" lon="5.845802">
        <ele>1644.2</ele>
      </trkpt>
      <trkpt lat="45.310496" lon="5.845782">
        <ele>1643.63</ele>
      </trkpt>
      <trkpt lat="45.310499" lon="5.845764">
        <ele>1642.91</ele>
      </trkpt>
      <trkpt lat="45.310431" lon="5.845718">
        <ele>1640.12</ele>
      </trkpt>
      <trkpt lat="45.310379" lon="5.845665">
        <ele>1636.76</ele>
      </trkpt>
      <trkpt lat="45.310379" lon="5.845658">
        <ele>1636.49</ele>
      </trkpt>
      <trkpt lat="45.310393" lon="5.845649">
        <ele>1636.5</ele>
      </trkpt>
      <trkpt lat="45.310393" lon="5.845649">
        <ele>1636.5</ele>
      </trkpt>
      <trkpt lat="45.31042" lon="5.845632">
        <ele>1636.51</ele>
      </trkpt>
      <trkpt lat="45.310449" lon="5.845597">
        <ele>1635.75</ele>
      </trkpt>
      <trkpt lat="45.310466" lon="5.845587">
        <ele>1635.5</ele>
      </trkpt>
      <trkpt lat="45.310517" lon="5.845589">
        <ele>1635.39</ele>
      </trkpt>
      <trkpt lat="45.310594" lon="5.845553">
        <ele>1633.16</ele>
      </trkpt>
      <trkpt lat="45.310589" lon="5.84554">
        <ele>1632.64</ele>
      </trkpt>
      <trkpt lat="45.310547" lon="5.845523">
        <ele>1632.3</ele>
      </trkpt>
      <trkpt lat="45.310437" lon="5.84536">
        <ele>1626.38</ele>
      </trkpt>
      <trkpt lat="45.31041" lon="5.845355">
        <ele>1626.35</ele>
      </trkpt>
      <trkpt lat="45.310392" lon="5.84531">
        <ele>1624.83</ele>
      </trkpt>
      <trkpt lat="45.31034" lon="5.845248">
        <ele>1623.18</ele>
      </trkpt>
      <trkpt lat="45.310348" lon="5.845238">
        <ele>1622.67</ele>
      </trkpt>
      <trkpt lat="45.31038" lon="5.845245">
        <ele>1622.41</ele>
      </trkpt>
      <trkpt lat="45.3105" lon="5.845235">
        <ele>1620.18</ele>
      </trkpt>
      <trkpt lat="45.310515" lon="5.84522">
        <ele>1619.31</ele>
      </trkpt>
      <trkpt lat="45.310442" lon="5.845156">
        <ele>1617.43</ele>
      </trkpt>
      <trkpt lat="45.310334" lon="5.844993">
        <ele>1613.29</ele>
      </trkpt>
      <trkpt lat="45.310336" lon="5.844985">
        <ele>1612.98</ele>
      </trkpt>
      <trkpt lat="45.310398" lon="5.84501">
        <ele>1612.97</ele>
      </trkpt>
      <trkpt lat="45.310443" lon="5.845004">
        <ele>1611.97</ele>
      </trkpt>
      <trkpt lat="45.310515" lon="5.844972">
        <ele>1610.05</ele>
      </trkpt>
      <trkpt lat="45.310533" lon="5.844975">
        <ele>1610</ele>
      </trkpt>
      <trkpt lat="45.310541" lon="5.844961">
        <ele>1609.31</ele>
      </trkpt>
      <trkpt lat="45.310439" lon="5.844879">
        <ele>1607.65</ele>
      </trkpt>
      <trkpt lat="45.310402" lon="5.844792">
        <ele>1605.22</ele>
      </trkpt>
      <trkpt lat="45.310354" lon="5.84473">
        <ele>1603.87</ele>
      </trkpt>
      <trkpt lat="45.310258" lon="5.844638">
        <ele>1600.9</ele>
      </trkpt>
      <trkpt lat="45.310203" lon="5.844607">
        <ele>1599.62</ele>
      </trkpt>
      <trkpt lat="45.310156" lon="5.844601">
        <ele>1598.7</ele>
      </trkpt>
      <trkpt lat="45.310158" lon="5.84459">
        <ele>1598.38</ele>
      </trkpt>
      <trkpt lat="45.310158" lon="5.84459">
        <ele>1598.38</ele>
      </trkpt>
      <trkpt lat="45.310203" lon="5.844545">
        <ele>1597.48</ele>
      </trkpt>
      <trkpt lat="45.310324" lon="5.844504">
        <ele>1595.53</ele>
      </trkpt>
      <trkpt lat="45.310415" lon="5.844442">
        <ele>1591.83</ele>
      </trkpt>
      <trkpt lat="45.310246" lon="5.844317">
        <ele>1589.47</ele>
      </trkpt>
      <trkpt lat="45.310119" lon="5.844183">
        <ele>1585.05</ele>
      </trkpt>
      <trkpt lat="45.310091" lon="5.844174">
        <ele>1584.62</ele>
      </trkpt>
      <trkpt lat="45.310088" lon="5.844145">
        <ele>1583.56</ele>
      </trkpt>
      <trkpt lat="45.310088" lon="5.844145">
        <ele>1583.56</ele>
      </trkpt>
      <trkpt lat="45.310139" lon="5.844093">
        <ele>1582.08</ele>
      </trkpt>
      <trkpt lat="45.310185" lon="5.844073">
        <ele>1581.51</ele>
      </trkpt>
      <trkpt lat="45.310266" lon="5.844084">
        <ele>1581</ele>
      </trkpt>
      <trkpt lat="45.31032" lon="5.844057">
        <ele>1579.36</ele>
      </trkpt>
      <trkpt lat="45.31034" lon="5.844038">
        <ele>1578.42</ele>
      </trkpt>
      <trkpt lat="45.310318" lon="5.844018">
        <ele>1578.23</ele>
      </trkpt>
      <trkpt lat="45.310318" lon="5.844017">
        <ele>1578.23</ele>
      </trkpt>
      <trkpt lat="45.310288" lon="5.844002">
        <ele>1578.29</ele>
      </trkpt>
      <trkpt lat="45.310252" lon="5.843964">
        <ele>1577.76</ele>
      </trkpt>
      <trkpt lat="45.310234" lon="5.843877">
        <ele>1575.41</ele>
      </trkpt>
      <trkpt lat="45.310197" lon="5.84381">
        <ele>1573.71</ele>
      </trkpt>
      <trkpt lat="45.310074" lon="5.843779">
        <ele>1571.78</ele>
      </trkpt>
      <trkpt lat="45.309925" lon="5.843705">
        <ele>1567.97</ele>
      </trkpt>
      <trkpt lat="45.309918" lon="5.843675">
        <ele>1566.98</ele>
      </trkpt>
      <trkpt lat="45.310021" lon="5.843582">
        <ele>1565.5</ele>
      </trkpt>
      <trkpt lat="45.310134" lon="5.843398">
        <ele>1560.21</ele>
      </trkpt>
      <trkpt lat="45.310129" lon="5.843379">
        <ele>1559.71</ele>
      </trkpt>
      <trkpt lat="45.310129" lon="5.843379">
        <ele>1559.72</ele>
      </trkpt>
      <trkpt lat="45.310125" lon="5.843367">
        <ele>1559.4</ele>
      </trkpt>
      <trkpt lat="45.309837" lon="5.843236">
        <ele>1553</ele>
      </trkpt>
      <trkpt lat="45.309832" lon="5.843215">
        <ele>1552.4</ele>
      </trkpt>
      <trkpt lat="45.309842" lon="5.843199">
        <ele>1552.14</ele>
      </trkpt>
      <trkpt lat="45.309842" lon="5.843199">
        <ele>1552.14</ele>
      </trkpt>
      <trkpt lat="45.309957" lon="5.843027">
        <ele>1549.25</ele>
      </trkpt>
      <trkpt lat="45.31004" lon="5.84282">
        <ele>1546.3</ele>
      </trkpt>
      <trkpt lat="45.310053" lon="5.842701">
        <ele>1544.61</ele>
      </trkpt>
      <trkpt lat="45.310091" lon="5.842525">
        <ele>1543.26</ele>
      </trkpt>
      <trkpt lat="45.310153" lon="5.84238">
        <ele>1541.05</ele>
      </trkpt>
      <trkpt lat="45.31021" lon="5.842275">
        <ele>1541.45</ele>
      </trkpt>
      <trkpt lat="45.310161" lon="5.842252">
        <ele>1540.78</ele>
      </trkpt>
      <trkpt lat="45.310161" lon="5.842252">
        <ele>1540.78</ele>
      </trkpt>
      <trkpt lat="45.310104" lon="5.842226">
        <ele>1540</ele>
      </trkpt>
      <trkpt lat="45.309955" lon="5.842189">
        <ele>1535.31</ele>
      </trkpt>
      <trkpt lat="45.309836" lon="5.842184">
        <ele>1531.57</ele>
      </trkpt>
      <trkpt lat="45.309695" lon="5.842217">
        <ele>1527.85</ele>
      </trkpt>
      <trkpt lat="45.309548" lon="5.842152">
        <ele>1524.28</ele>
      </trkpt>
      <trkpt lat="45.309207" lon="5.842089">
        <ele>1516.58</ele>
      </trkpt>
      <trkpt lat="45.309077" lon="5.842101">
        <ele>1513.75</ele>
      </trkpt>
      <trkpt lat="45.308836" lon="5.842062">
        <ele>1506.76</ele>
      </trkpt>
      <trkpt lat="45.308566" lon="5.842077">
        <ele>1498.76</ele>
      </trkpt>
      <trkpt lat="45.308523" lon="5.842058">
        <ele>1496.91</ele>
      </trkpt>
      <trkpt lat="45.308487" lon="5.842071">
        <ele>1495.96</ele>
      </trkpt>
      <trkpt lat="45.308453" lon="5.842066">
        <ele>1494.73</ele>
      </trkpt>
      <trkpt lat="45.308402" lon="5.842024">
        <ele>1492.54</ele>
      </trkpt>
      <trkpt lat="45.308374" lon="5.842">
        <ele>1491.57</ele>
      </trkpt>
      <trkpt lat="45.308333" lon="5.842012">
        <ele>1490.68</ele>
      </trkpt>
      <trkpt lat="45.308207" lon="5.842102">
        <ele>1488.85</ele>
      </trkpt>
      <trkpt lat="45.308153" lon="5.842097">
        <ele>1487.48</ele>
      </trkpt>
      <trkpt lat="45.308105" lon="5.842075">
        <ele>1486.28</ele>
      </trkpt>
      <trkpt lat="45.307915" lon="5.842104">
        <ele>1482.38</ele>
      </trkpt>
      <trkpt lat="45.307902" lon="5.842098">
        <ele>1481.97</ele>
      </trkpt>
      <trkpt lat="45.307902" lon="5.842098">
        <ele>1481.98</ele>
      </trkpt>
      <trkpt lat="45.307915" lon="5.842104">
        <ele>1482.38</ele>
      </trkpt>
      <trkpt lat="45.308105" lon="5.842075">
        <ele>1486.28</ele>
      </trkpt>
      <trkpt lat="45.308153" lon="5.842097">
        <ele>1487.48</ele>
      </trkpt>
      <trkpt lat="45.308207" lon="5.842102">
        <ele>1488.85</ele>
      </trkpt>
      <trkpt lat="45.308333" lon="5.842012">
        <ele>1490.68</ele>
      </trkpt>
      <trkpt lat="45.308374" lon="5.842">
        <ele>1491.57</ele>
      </trkpt>
      <trkpt lat="45.308402" lon="5.842024">
        <ele>1492.54</ele>
      </trkpt>
      <trkpt lat="45.308445" lon="5.84195">
        <ele>1492.64</ele>
      </trkpt>
      <trkpt lat="45.308507" lon="5.841751">
        <ele>1491.8</ele>
      </trkpt>
      <trkpt lat="45.308509" lon="5.841677">
        <ele>1491.78</ele>
      </trkpt>
      <trkpt lat="45.308478" lon="5.841568">
        <ele>1491.05</ele>
      </trkpt>
      <trkpt lat="45.308472" lon="5.841501">
        <ele>1490.18</ele>
      </trkpt>
      <trkpt lat="45.308527" lon="5.841351">
        <ele>1490.24</ele>
      </trkpt>
      <trkpt lat="45.308507" lon="5.841293">
        <ele>1489.83</ele>
      </trkpt>
      <trkpt lat="45.308501" lon="5.841221">
        <ele>1489.94</ele>
      </trkpt>
      <trkpt lat="45.308384" lon="5.84104">
        <ele>1488.81</ele>
      </trkpt>
      <trkpt lat="45.308344" lon="5.840868">
        <ele>1489.37</ele>
      </trkpt>
      <trkpt lat="45.308281" lon="5.840768">
        <ele>1489</ele>
      </trkpt>
      <trkpt lat="45.308214" lon="5.840685">
        <ele>1488.19</ele>
      </trkpt>
      <trkpt lat="45.308183" lon="5.840553">
        <ele>1489.2</ele>
      </trkpt>
      <trkpt lat="45.308047" lon="5.840466">
        <ele>1486.28</ele>
      </trkpt>
      <trkpt lat="45.308009" lon="5.840418">
        <ele>1485.61</ele>
      </trkpt>
      <trkpt lat="45.307989" lon="5.840345">
        <ele>1485.97</ele>
      </trkpt>
      <trkpt lat="45.307986" lon="5.840282">
        <ele>1486.82</ele>
      </trkpt>
      <trkpt lat="45.307948" lon="5.840208">
        <ele>1486.34</ele>
      </trkpt>
      <trkpt lat="45.30791" lon="5.840157">
        <ele>1486</ele>
      </trkpt>
      <trkpt lat="45.307875" lon="5.84013">
        <ele>1485.65</ele>
      </trkpt>
      <trkpt lat="45.307765" lon="5.840076">
        <ele>1483.58</ele>
      </trkpt>
      <trkpt lat="45.307722" lon="5.840041">
        <ele>1483.17</ele>
      </trkpt>
      <trkpt lat="45.307633" lon="5.839894">
        <ele>1483.46</ele>
      </trkpt>
      <trkpt lat="45.307604" lon="5.83983">
        <ele>1483.48</ele>
      </trkpt>
      <trkpt lat="45.307508" lon="5.839738">
        <ele>1481.91</ele>
      </trkpt>
      <trkpt lat="45.307466" lon="5.839685">
        <ele>1481.42</ele>
      </trkpt>
      <trkpt lat="45.307417" lon="5.839566">
        <ele>1481.4</ele>
      </trkpt>
      <trkpt lat="45.307268" lon="5.839359">
        <ele>1480.12</ele>
      </trkpt>
      <trkpt lat="45.307268" lon="5.839359">
        <ele>1480.12</ele>
      </trkpt>
      <trkpt lat="45.307136" lon="5.83918">
        <ele>1481.95</ele>
      </trkpt>
      <trkpt lat="45.30695" lon="5.839021">
        <ele>1481.96</ele>
      </trkpt>
      <trkpt lat="45.306531" lon="5.8386">
        <ele>1482.9</ele>
      </trkpt>
      <trkpt lat="45.306425" lon="5.838587">
        <ele>1480.31</ele>
      </trkpt>
      <trkpt lat="45.306152" lon="5.83833">
        <ele>1482.39</ele>
      </trkpt>
      <trkpt lat="45.305878" lon="5.838072">
        <ele>1481.57</ele>
      </trkpt>
      <trkpt lat="45.305784" lon="5.837908">
        <ele>1478.71</ele>
      </trkpt>
      <trkpt lat="45.305627" lon="5.837815">
        <ele>1471.1</ele>
      </trkpt>
      <trkpt lat="45.305556" lon="5.837707">
        <ele>1470.78</ele>
      </trkpt>
      <trkpt lat="45.305399" lon="5.837629">
        <ele>1467.55</ele>
      </trkpt>
      <trkpt lat="45.305228" lon="5.837423">
        <ele>1466.13</ele>
      </trkpt>
      <trkpt lat="45.305174" lon="5.837359">
        <ele>1465.68</ele>
      </trkpt>
      <trkpt lat="45.304965" lon="5.837361">
        <ele>1461.05</ele>
      </trkpt>
      <trkpt lat="45.304875" lon="5.837308">
        <ele>1462.43</ele>
      </trkpt>
      <trkpt lat="45.304605" lon="5.837304">
        <ele>1459.07</ele>
      </trkpt>
      <trkpt lat="45.304326" lon="5.837349">
        <ele>1453.56</ele>
      </trkpt>
      <trkpt lat="45.304058" lon="5.837354">
        <ele>1450.37</ele>
      </trkpt>
      <trkpt lat="45.303973" lon="5.837305">
        <ele>1452.22</ele>
      </trkpt>
      <trkpt lat="45.303807" lon="5.837324">
        <ele>1448.79</ele>
      </trkpt>
      <trkpt lat="45.30376" lon="5.837275">
        <ele>1449.65</ele>
      </trkpt>
      <trkpt lat="45.30349" lon="5.837198">
        <ele>1446.5</ele>
      </trkpt>
      <trkpt lat="45.303246" lon="5.837195">
        <ele>1440.71</ele>
      </trkpt>
      <trkpt lat="45.303128" lon="5.837139">
        <ele>1439.95</ele>
      </trkpt>
      <trkpt lat="45.303003" lon="5.837015">
        <ele>1441.55</ele>
      </trkpt>
      <trkpt lat="45.30289" lon="5.836924">
        <ele>1442.25</ele>
      </trkpt>
      <trkpt lat="45.3028" lon="5.836829">
        <ele>1440.72</ele>
      </trkpt>
      <trkpt lat="45.302762" lon="5.836811">
        <ele>1439.46</ele>
      </trkpt>
      <trkpt lat="45.302654" lon="5.8368">
        <ele>1436.2</ele>
      </trkpt>
      <trkpt lat="45.302538" lon="5.836812">
        <ele>1434.26</ele>
      </trkpt>
      <trkpt lat="45.302445" lon="5.836923">
        <ele>1433.62</ele>
      </trkpt>
      <trkpt lat="45.302461" lon="5.836954">
        <ele>1433.06</ele>
      </trkpt>
      <trkpt lat="45.302634" lon="5.837037">
        <ele>1432.12</ele>
      </trkpt>
      <trkpt lat="45.302778" lon="5.837127">
        <ele>1431.25</ele>
      </trkpt>
      <trkpt lat="45.302816" lon="5.837164">
        <ele>1430.87</ele>
      </trkpt>
      <trkpt lat="45.302806" lon="5.837184">
        <ele>1426.0813552426011</ele>
      </trkpt>
      <trkpt lat="45.302816" lon="5.837164">
        <ele>1430.87</ele>
      </trkpt>
      <trkpt lat="45.303052" lon="5.83742">
        <ele>1427.44</ele>
      </trkpt>
      <trkpt lat="45.30313" lon="5.837495">
        <ele>1427.01</ele>
      </trkpt>
      <trkpt lat="45.303225" lon="5.837568">
        <ele>1426.54</ele>
      </trkpt>
      <trkpt lat="45.3033" lon="5.837619">
        <ele>1425.44</ele>
      </trkpt>
      <trkpt lat="45.30347" lon="5.837702">
        <ele>1424.38</ele>
      </trkpt>
      <trkpt lat="45.303684" lon="5.837793">
        <ele>1421.08</ele>
      </trkpt>
      <trkpt lat="45.303889" lon="5.837916">
        <ele>1418.4</ele>
      </trkpt>
      <trkpt lat="45.303889" lon="5.837916">
        <ele>1418.4</ele>
      </trkpt>
      <trkpt lat="45.303925" lon="5.837944">
        <ele>1417.78</ele>
      </trkpt>
      <trkpt lat="45.303977" lon="5.838016">
        <ele>1417.01</ele>
      </trkpt>
    </trkseg>
  </trk>
</gpx>
