<?xml version="1.0" encoding="UTF-8"?>
<gpx creator="Garmin Connect" version="1.1" schemaLocation="http://www.topografix.com/GPX/1/1 http://www.topografix.com/GPX/11.xsd" xmlns="http://www.topografix.com/GPX/1/1" xmlns:xsi="http://www.w3.org/2001/XMLSchema-instance" xsi:schemaLocation="http://www.topografix.com/GPX/1/1 http://www.topografix.com/GPX/1/1/gpx.xsd http://www.garmin.com/xmlschemas/GpxExtensions/v3 http://www.garmin.com/xmlschemas/GpxExtensionsv3.xsd http://www.garmin.com/xmlschemas/TrackPointExtension/v1 http://www.garmin.com/xmlschemas/TrackPointExtensionv1.xsd http://www.garmin.com/xmlschemas/PowerExtension/v1 http://www.garmin.com/xmlschemas/PowerExtensionv1.xsd http://www.topografix.com/GPX/gpx_style/0/2 http://www.topografix.com/GPX/gpx_style/0/2/gpx_style.xsd" xmlns:gpxtpx="http://www.garmin.com/xmlschemas/TrackPointExtension/v1" xmlns:gpxx="http://www.garmin.com/xmlschemas/GpxExtensions/v3" xmlns:gpxpx="http://www.garmin.com/xmlschemas/PowerExtension/v1" xmlns:gpx_style="http://www.topografix.com/GPX/gpx_style/0/2">
  <metadata>
    <name>Croix de Belledonne</name>
    <author>
      <name>gpx.studio</name>
      <link href="https://gpx.studio"/>
    </author>
    <link href="connect.garmin.com">
      <text>Garmin Connect</text>
    </link>
    <time>2026-05-04T08:32:16.000Z</time>
  </metadata>
  <trk>
    <name>Croix de Belledonne</name>
    <trkseg>
      <trkpt lat="45.204747850075364" lon="5.945153497159481">
        <ele>904.7869994061131</ele>
      </trkpt>
      <trkpt lat="45.2047061920166" lon="5.945084095001221">
        <ele>907.0457224378949</ele>
      </trkpt>
      <trkpt lat="45.204641819000244" lon="5.945062637329102">
        <ele>909.2940686802958</ele>
      </trkpt>
      <trkpt lat="45.20442724227905" lon="5.945084095001221">
        <ele>915.7520473136886</ele>
      </trkpt>
      <trkpt lat="45.204298412427306" lon="5.945223569869995">
        <ele>918.3417038796968</ele>
      </trkpt>
      <trkpt lat="45.20416975021362" lon="5.9453630447387695">
        <ele>921.1824497753794</ele>
      </trkpt>
      <trkpt lat="45.204051565378904" lon="5.945599330589175">
        <ele>922.6141278707939</ele>
      </trkpt>
      <trkpt lat="45.20393371582031" lon="5.945835113525391">
        <ele>923.9350876978201</ele>
      </trkpt>
      <trkpt lat="45.203804802149534" lon="5.946017587557435">
        <ele>926.2246890998917</ele>
      </trkpt>
      <trkpt lat="45.20367622375488" lon="5.946199893951416">
        <ele>928.4072223004405</ele>
      </trkpt>
      <trkpt lat="45.20348293706775" lon="5.946421679109335">
        <ele>932.279374745391</ele>
      </trkpt>
      <trkpt lat="45.20328973419964" lon="5.946643548086286">
        <ele>935.8096061584547</ele>
      </trkpt>
      <trkpt lat="45.203096866607666" lon="5.946865081787109">
        <ele>939.0965109790986</ele>
      </trkpt>
      <trkpt lat="45.20293593406677" lon="5.946972286328673">
        <ele>943.6679340436838</ele>
      </trkpt>
      <trkpt lat="45.20277500152588" lon="5.947079658508301">
        <ele>948.6889112867357</ele>
      </trkpt>
      <trkpt lat="45.202603256329894" lon="5.947265652939677">
        <ele>953.0618446197234</ele>
      </trkpt>
      <trkpt lat="45.20243151113391" lon="5.947451731190085">
        <ele>957.7026131849107</ele>
      </trkpt>
      <trkpt lat="45.20226001739502" lon="5.947637557983398">
        <ele>962.3391647319347</ele>
      </trkpt>
      <trkpt lat="45.20200252532959" lon="5.94785213470459">
        <ele>970.000923106538</ele>
      </trkpt>
      <trkpt lat="45.20175232551992" lon="5.947952130809426">
        <ele>978.9984997689761</ele>
      </trkpt>
      <trkpt lat="45.20150212571025" lon="5.9480522107332945">
        <ele>987.9580301307469</ele>
      </trkpt>
      <trkpt lat="45.20125150680542" lon="5.948152542114258">
        <ele>997.5308883810683</ele>
      </trkpt>
      <trkpt lat="45.2010902389884" lon="5.948528638109565">
        <ele>1002.7541182171537</ele>
      </trkpt>
      <trkpt lat="45.20092964172363" lon="5.948903560638428">
        <ele>1011.9315583913435</ele>
      </trkpt>
      <trkpt lat="45.20086510106921" lon="5.949118556454778">
        <ele>1016.9028652785587</ele>
      </trkpt>
      <trkpt lat="45.20080089569092" lon="5.9493327140808105">
        <ele>1022.352178109253</ele>
      </trkpt>
      <trkpt lat="45.20069360733032" lon="5.949547290802002">
        <ele>1031.4448819246584</ele>
      </trkpt>
      <trkpt lat="45.2006721496582" lon="5.949740409851074">
        <ele>1034.3563064536897</ele>
      </trkpt>
      <trkpt lat="45.20071506500244" lon="5.949912071228027">
        <ele>1032.1828518562793</ele>
      </trkpt>
      <trkpt lat="45.20071506500244" lon="5.950255393981934">
        <ele>1034.6231942857537</ele>
      </trkpt>
      <trkpt lat="45.20069360733032" lon="5.950491428375244">
        <ele>1038.189761459612</ele>
      </trkpt>
      <trkpt lat="45.200607776641846" lon="5.9507060050964355">
        <ele>1046.7573519666705</ele>
      </trkpt>
      <trkpt lat="45.200596963986754" lon="5.950953355059028">
        <ele>1049.3431899509114</ele>
      </trkpt>
      <trkpt lat="45.20058631896973" lon="5.951199531555176">
        <ele>1051.896727661493</ele>
      </trkpt>
      <trkpt lat="45.200371742248535" lon="5.951135158538818">
        <ele>1067.6001496866231</ele>
      </trkpt>
      <trkpt lat="45.20028591156006" lon="5.951070785522461">
        <ele>1074.0220122790129</ele>
      </trkpt>
      <trkpt lat="45.200114250183105" lon="5.950748920440674">
        <ele>1086.3295665683272</ele>
      </trkpt>
      <trkpt lat="45.199963795021176" lon="5.9510712046176195">
        <ele>1099.0902823646138</ele>
      </trkpt>
      <trkpt lat="45.19981384277344" lon="5.951392650604248">
        <ele>1110.5626332172978</ele>
      </trkpt>
      <trkpt lat="45.19966347143054" lon="5.951614519581199">
        <ele>1121.522751179862</ele>
      </trkpt>
      <trkpt lat="45.19951310008764" lon="5.951836472377181">
        <ele>1131.752775458872</ele>
      </trkpt>
      <trkpt lat="45.199363231658936" lon="5.952057838439941">
        <ele>1140.3382174550857</ele>
      </trkpt>
      <trkpt lat="45.199277233332396" lon="5.95230502076447">
        <ele>1141.765274449056</ele>
      </trkpt>
      <trkpt lat="45.19919157028198" lon="5.952551364898682">
        <ele>1141.6876500085066</ele>
      </trkpt>
      <trkpt lat="45.199073385447264" lon="5.952755380421877">
        <ele>1144.8508081994762</ele>
      </trkpt>
      <trkpt lat="45.19895553588867" lon="5.952959060668945">
        <ele>1148.3571310430434</ele>
      </trkpt>
      <trkpt lat="45.19880533218384" lon="5.953044891357422">
        <ele>1159.2617102261938</ele>
      </trkpt>
      <trkpt lat="45.19874095916748" lon="5.953152179718018">
        <ele>1161.5237428103787</ele>
      </trkpt>
      <trkpt lat="45.19871950149536" lon="5.953495502471924">
        <ele>1153.4394942396339</ele>
      </trkpt>
      <trkpt lat="45.198612213134766" lon="5.953731536865234">
        <ele>1157.0188196508366</ele>
      </trkpt>
      <trkpt lat="45.19856929779053" lon="5.953881740570068">
        <ele>1159.4782944763747</ele>
      </trkpt>
      <trkpt lat="45.19844055175781" lon="5.954010486602783">
        <ele>1167.6612507029517</ele>
      </trkpt>
      <trkpt lat="45.19818305969238" lon="5.954182147979736">
        <ele>1184.581885431171</ele>
      </trkpt>
      <trkpt lat="45.19803285598755" lon="5.9543538093566895">
        <ele>1195.3578836833901</ele>
      </trkpt>
      <trkpt lat="45.197904109954834" lon="5.954418182373047">
        <ele>1203.4874130016588</ele>
      </trkpt>
      <trkpt lat="45.19772155210376" lon="5.954654300585389">
        <ele>1217.0392655292183</ele>
      </trkpt>
      <trkpt lat="45.19753932952881" lon="5.954890251159668">
        <ele>1228.1331168836998</ele>
      </trkpt>
      <trkpt lat="45.197410583496094" lon="5.955018997192383">
        <ele>1234.0068034455198</ele>
      </trkpt>
      <trkpt lat="45.19723892211914" lon="5.9551262855529785">
        <ele>1240.61263857103</ele>
      </trkpt>
      <trkpt lat="45.1971960067749" lon="5.955297946929932">
        <ele>1241.3878624498348</ele>
      </trkpt>
      <trkpt lat="45.19706726074219" lon="5.955405235290527">
        <ele>1247.4440223163547</ele>
      </trkpt>
      <trkpt lat="45.19684564322233" lon="5.955498106777668">
        <ele>1256.6718585639749</ele>
      </trkpt>
      <trkpt lat="45.19662402570248" lon="5.95559106208384">
        <ele>1265.0944673303648</ele>
      </trkpt>
      <trkpt lat="45.196402072906494" lon="5.955684185028076">
        <ele>1273.0482695681799</ele>
      </trkpt>
      <trkpt lat="45.19617693498731" lon="5.955705558881164">
        <ele>1281.7343436333624</ele>
      </trkpt>
      <trkpt lat="45.19595146179199" lon="5.9557271003723145">
        <ele>1292.2174006633495</ele>
      </trkpt>
      <trkpt lat="45.195651054382324" lon="5.955855846405029">
        <ele>1305.051491776301</ele>
      </trkpt>
      <trkpt lat="45.19549012184143" lon="5.955984508618712">
        <ele>1310.9040629176413</ele>
      </trkpt>
      <trkpt lat="45.19532918930054" lon="5.956113338470459">
        <ele>1316.8764695609382</ele>
      </trkpt>
      <trkpt lat="45.19513598643243" lon="5.956306457519531">
        <ele>1322.7505676181663</ele>
      </trkpt>
      <trkpt lat="45.19494295120239" lon="5.9564995765686035">
        <ele>1327.132295457946</ele>
      </trkpt>
      <trkpt lat="45.19468545913696" lon="5.956628322601318">
        <ele>1331.4244448340692</ele>
      </trkpt>
      <trkpt lat="45.194685542955995" lon="5.956628322601318">
        <ele>1331.4231788168872</ele>
      </trkpt>
      <trkpt lat="45.19457817077637" lon="5.956714153289795">
        <ele>1333.2210737809078</ele>
      </trkpt>
      <trkpt lat="45.19435303285718" lon="5.956714153289795">
        <ele>1336.6944164013394</ele>
      </trkpt>
      <trkpt lat="45.194127559661865" lon="5.956714153289795">
        <ele>1341.4071674049712</ele>
      </trkpt>
      <trkpt lat="45.193870067596436" lon="5.956821441650391">
        <ele>1347.8565854817134</ele>
      </trkpt>
      <trkpt lat="45.19370913505554" lon="5.956917917355895">
        <ele>1351.434652281504</ele>
      </trkpt>
      <trkpt lat="45.19354820251465" lon="5.957014560699463">
        <ele>1354.4487143144838</ele>
      </trkpt>
      <trkpt lat="45.19344091415405" lon="5.957057476043701">
        <ele>1355.9697234507366</ele>
      </trkpt>
      <trkpt lat="45.19318342208862" lon="5.9569501876831055">
        <ele>1361.064296678961</ele>
      </trkpt>
      <trkpt lat="45.19303321838379" lon="5.9569501876831055">
        <ele>1363.57758747512</ele>
      </trkpt>
      <trkpt lat="45.192850828170776" lon="5.9570573922246695">
        <ele>1366.5447531573832</ele>
      </trkpt>
      <trkpt lat="45.192668437957764" lon="5.957164764404297">
        <ele>1370.2491997443112</ele>
      </trkpt>
      <trkpt lat="45.19245386123657" lon="5.95707893371582">
        <ele>1376.353319574042</ele>
      </trkpt>
      <trkpt lat="45.19224649295211" lon="5.957186138257384">
        <ele>1381.5913253241815</ele>
      </trkpt>
      <trkpt lat="45.192039124667645" lon="5.957293342798948">
        <ele>1386.9213959884714</ele>
      </trkpt>
      <trkpt lat="45.19183158874512" lon="5.957400798797607">
        <ele>1392.254345938998</ele>
      </trkpt>
      <trkpt lat="45.191638469696045" lon="5.957400798797607">
        <ele>1398.1921878619612</ele>
      </trkpt>
      <trkpt lat="45.191402435302734" lon="5.957529544830322">
        <ele>1404.7081290263907</ele>
      </trkpt>
      <trkpt lat="45.19123077392578" lon="5.957465171813965">
        <ele>1411.435113279886</ele>
      </trkpt>
      <trkpt lat="45.191144943237305" lon="5.957508087158203">
        <ele>1413.6429886679716</ele>
      </trkpt>
      <trkpt lat="45.19101619720459" lon="5.957379341125488">
        <ele>1420.1130836252767</ele>
      </trkpt>
      <trkpt lat="45.190908908843994" lon="5.957422256469727">
        <ele>1423.0870868751017</ele>
      </trkpt>
      <trkpt lat="45.190865993499756" lon="5.957379341125488">
        <ele>1425.4435639634041</ele>
      </trkpt>
      <trkpt lat="45.19084453582764" lon="5.957293510437012">
        <ele>1427.930475542133</ele>
      </trkpt>
      <trkpt lat="45.19073724746704" lon="5.957272052764893">
        <ele>1432.1799014895155</ele>
      </trkpt>
      <trkpt lat="45.190672874450684" lon="5.9571003913879395">
        <ele>1438.5653986274383</ele>
      </trkpt>
      <trkpt lat="45.190651416778564" lon="5.956821441650391">
        <ele>1448.0661178531118</ele>
      </trkpt>
      <trkpt lat="45.190608501434326" lon="5.956735610961914">
        <ele>1452.9837410250193</ele>
      </trkpt>
      <trkpt lat="45.19054412841797" lon="5.956735610961914">
        <ele>1455.748181864079</ele>
      </trkpt>
      <trkpt lat="45.19050121307373" lon="5.9566497802734375">
        <ele>1460.9682549993631</ele>
      </trkpt>
      <trkpt lat="45.19052267074585" lon="5.956542491912842">
        <ele>1464.0908158846955</ele>
      </trkpt>
      <trkpt lat="45.19047975540161" lon="5.9564995765686035">
        <ele>1467.8071429783786</ele>
      </trkpt>
      <trkpt lat="45.190415382385254" lon="5.956542491912842">
        <ele>1469.2117825852238</ele>
      </trkpt>
      <trkpt lat="45.1903510093689" lon="5.9563493728637695">
        <ele>1479.8116281757063</ele>
      </trkpt>
      <trkpt lat="45.1902437210083" lon="5.95632791519165">
        <ele>1486.146046415245</ele>
      </trkpt>
      <trkpt lat="45.19020080566406" lon="5.956006050109863">
        <ele>1499.0170228367247</ele>
      </trkpt>
      <trkpt lat="45.190114974975586" lon="5.956070423126221">
        <ele>1501.6012447268265</ele>
      </trkpt>
      <trkpt lat="45.18994331359863" lon="5.956113338470459">
        <ele>1509.4627241300732</ele>
      </trkpt>
      <trkpt lat="45.18973954953253" lon="5.956123983487487">
        <ele>1520.1490238864035</ele>
      </trkpt>
      <trkpt lat="45.18953561782837" lon="5.956134796142578">
        <ele>1530.8804271147183</ele>
      </trkpt>
      <trkpt lat="45.18932104110718" lon="5.956435203552246">
        <ele>1540.759920531913</ele>
      </trkpt>
      <trkpt lat="45.18908500671387" lon="5.956542491912842">
        <ele>1553.4756539143864</ele>
      </trkpt>
      <trkpt lat="45.18887747079134" lon="5.9567714016884565">
        <ele>1559.302781291423</ele>
      </trkpt>
      <trkpt lat="45.18866993486881" lon="5.957000395283103">
        <ele>1567.1977849857303</ele>
      </trkpt>
      <trkpt lat="45.18846273422241" lon="5.957229137420654">
        <ele>1576.1290615310927</ele>
      </trkpt>
      <trkpt lat="45.188355445861816" lon="5.957250595092773">
        <ele>1581.8656285085854</ele>
      </trkpt>
      <trkpt lat="45.188290905207396" lon="5.957508590072393">
        <ele>1579.6429836205837</ele>
      </trkpt>
      <trkpt lat="45.1882266998291" lon="5.957765579223633">
        <ele>1582.822264161503</ele>
      </trkpt>
      <trkpt lat="45.1882266998291" lon="5.95808744430542">
        <ele>1589.1660348696355</ele>
      </trkpt>
      <trkpt lat="45.18818378448486" lon="5.958108901977539">
        <ele>1591.851297648369</ele>
      </trkpt>
      <trkpt lat="45.18820524215698" lon="5.958151817321777">
        <ele>1591.5829969118004</ele>
      </trkpt>
      <trkpt lat="45.188119411468506" lon="5.958194732666016">
        <ele>1596.9819066113623</ele>
      </trkpt>
      <trkpt lat="45.188140869140625" lon="5.958280563354492">
        <ele>1597.4840091379003</ele>
      </trkpt>
      <trkpt lat="45.18809795379639" lon="5.958280563354492">
        <ele>1599.678146038462</ele>
      </trkpt>
      <trkpt lat="45.18809795379639" lon="5.958409309387207">
        <ele>1601.988032525413</ele>
      </trkpt>
      <trkpt lat="45.18801212310791" lon="5.958366394042969">
        <ele>1605.6754680806525</ele>
      </trkpt>
      <trkpt lat="45.18801212310791" lon="5.958430767059326">
        <ele>1606.6797368966409</ele>
      </trkpt>
      <trkpt lat="45.18799066543579" lon="5.958430767059326">
        <ele>1607.7658046986685</ele>
      </trkpt>
      <trkpt lat="45.18794775009155" lon="5.958409309387207">
        <ele>1609.645391334133</ele>
      </trkpt>
      <trkpt lat="45.18794775009155" lon="5.958516597747803">
        <ele>1611.1831310403013</ele>
      </trkpt>
      <trkpt lat="45.187926292419434" lon="5.958495140075684">
        <ele>1611.9529029441687</ele>
      </trkpt>
      <trkpt lat="45.187926292419434" lon="5.958538055419922">
        <ele>1612.549985761702</ele>
      </trkpt>
      <trkpt lat="45.187861919403076" lon="5.95858097076416">
        <ele>1616.2654982730455</ele>
      </trkpt>
      <trkpt lat="45.18779754638672" lon="5.958538055419922">
        <ele>1618.8937209017517</ele>
      </trkpt>
      <trkpt lat="45.18773317337036" lon="5.958666801452637">
        <ele>1623.3775675551587</ele>
      </trkpt>
      <trkpt lat="45.187668800354004" lon="5.958666801452637">
        <ele>1626.3451981311368</ele>
      </trkpt>
      <trkpt lat="45.187625885009766" lon="5.958859920501709">
        <ele>1629.8673688913775</ele>
      </trkpt>
      <trkpt lat="45.18758296966553" lon="5.958881378173828">
        <ele>1631.8231474025051</ele>
      </trkpt>
      <trkpt lat="45.18754005432129" lon="5.959203243255615">
        <ele>1635.3476484158718</ele>
      </trkpt>
      <trkpt lat="45.18747568130493" lon="5.959310531616211">
        <ele>1637.9261354935834</ele>
      </trkpt>
      <trkpt lat="45.18734693527222" lon="5.9593963623046875">
        <ele>1641.8255608834152</ele>
      </trkpt>
      <trkpt lat="45.1872181892395" lon="5.959653854370117">
        <ele>1645.4010829015224</ele>
      </trkpt>
      <trkpt lat="45.18726110458374" lon="5.959954261779785">
        <ele>1647.7301125320914</ele>
      </trkpt>
      <trkpt lat="45.18719673156738" lon="5.960276126861572">
        <ele>1654.412995378233</ele>
      </trkpt>
      <trkpt lat="45.1872181892395" lon="5.960361957550049">
        <ele>1655.3978579462655</ele>
      </trkpt>
      <trkpt lat="45.187175273895264" lon="5.9604692459106445">
        <ele>1657.8005753834132</ele>
      </trkpt>
      <trkpt lat="45.187110900878906" lon="5.96057653427124">
        <ele>1660.6235711261174</ele>
      </trkpt>
      <trkpt lat="45.18702507019043" lon="5.9609198570251465">
        <ele>1664.1273809247077</ele>
      </trkpt>
      <trkpt lat="45.18700361251831" lon="5.960962772369385">
        <ele>1664.873241421958</ele>
      </trkpt>
      <trkpt lat="45.186917781829834" lon="5.960962772369385">
        <ele>1667.7299501638304</ele>
      </trkpt>
      <trkpt lat="45.18685340881348" lon="5.9610700607299805">
        <ele>1669.8678704129939</ele>
      </trkpt>
      <trkpt lat="45.18672466278076" lon="5.9612202644348145">
        <ele>1674.4744192030498</ele>
      </trkpt>
      <trkpt lat="45.186660289764404" lon="5.961370468139648">
        <ele>1677.1986326290921</ele>
      </trkpt>
      <trkpt lat="45.18668174743652" lon="5.961477756500244">
        <ele>1677.738299838391</ele>
      </trkpt>
      <trkpt lat="45.18668174743652" lon="5.961456298828125">
        <ele>1677.4357933872143</ele>
      </trkpt>
      <trkpt lat="45.186767578125" lon="5.961606502532959">
        <ele>1678.570502209684</ele>
      </trkpt>
      <trkpt lat="45.18683195114136" lon="5.961606502532959">
        <ele>1678.3839667930602</ele>
      </trkpt>
      <trkpt lat="45.18683195114136" lon="5.9616923332214355">
        <ele>1679.9367228260892</ele>
      </trkpt>
      <trkpt lat="45.186767578125" lon="5.961670875549316">
        <ele>1679.664403418589</ele>
      </trkpt>
      <trkpt lat="45.186638832092285" lon="5.961799621582031">
        <ele>1682.955216787699</ele>
      </trkpt>
      <trkpt lat="45.18659591674805" lon="5.961906909942627">
        <ele>1685.1918268506024</ele>
      </trkpt>
      <trkpt lat="45.186660289764404" lon="5.962057113647461">
        <ele>1686.636195503363</ele>
      </trkpt>
      <trkpt lat="45.186638832092285" lon="5.962121486663818">
        <ele>1687.6601721275842</ele>
      </trkpt>
      <trkpt lat="45.18668174743652" lon="5.962164402008057">
        <ele>1688.4080962703222</ele>
      </trkpt>
      <trkpt lat="45.18668174743652" lon="5.962357521057129">
        <ele>1691.7945748228226</ele>
      </trkpt>
      <trkpt lat="45.186638832092285" lon="5.962464809417725">
        <ele>1693.4191805657556</ele>
      </trkpt>
      <trkpt lat="45.18670320510864" lon="5.9625935554504395">
        <ele>1696.528420669831</ele>
      </trkpt>
      <trkpt lat="45.18670320510864" lon="5.962700843811035">
        <ele>1699.311484848515</ele>
      </trkpt>
      <trkpt lat="45.186767578125" lon="5.962851047515869">
        <ele>1705.1439555955153</ele>
      </trkpt>
      <trkpt lat="45.18702507019043" lon="5.962936878204346">
        <ele>1714.2648625286015</ele>
      </trkpt>
      <trkpt lat="45.18693923950195" lon="5.963108539581299">
        <ele>1719.673861366474</ele>
      </trkpt>
      <trkpt lat="45.18681049346924" lon="5.963258743286133">
        <ele>1722.7949340769337</ele>
      </trkpt>
      <trkpt lat="45.18674612045288" lon="5.963387489318848">
        <ele>1726.6791428402</ele>
      </trkpt>
      <trkpt lat="45.18685340881348" lon="5.963387489318848">
        <ele>1730.1519813059913</ele>
      </trkpt>
      <trkpt lat="45.186896324157715" lon="5.963473320007324">
        <ele>1735.9331293174228</ele>
      </trkpt>
      <trkpt lat="45.18683195114136" lon="5.963537693023682">
        <ele>1736.7655873425563</ele>
      </trkpt>
      <trkpt lat="45.186874866485596" lon="5.963602066040039">
        <ele>1741.5853109339446</ele>
      </trkpt>
      <trkpt lat="45.18693923950195" lon="5.963623523712158">
        <ele>1745.3981493718325</ele>
      </trkpt>
      <trkpt lat="45.186874866485596" lon="5.96383810043335">
        <ele>1753.6788415196042</ele>
      </trkpt>
      <trkpt lat="45.186735140159726" lon="5.964171197265387">
        <ele>1764.3159286120804</ele>
      </trkpt>
      <trkpt lat="45.18659591674805" lon="5.964503288269043">
        <ele>1783.870725472058</ele>
      </trkpt>
      <trkpt lat="45.18653154373169" lon="5.964503288269043">
        <ele>1781.9731641438084</ele>
      </trkpt>
      <trkpt lat="45.186359882354736" lon="5.964653491973877">
        <ele>1785.819613321044</ele>
      </trkpt>
      <trkpt lat="45.1863169670105" lon="5.964782238006592">
        <ele>1792.818197965998</ele>
      </trkpt>
      <trkpt lat="45.18608093261719" lon="5.9650397300720215">
        <ele>1802.1305493654895</ele>
      </trkpt>
      <trkpt lat="45.18610239028931" lon="5.96508264541626">
        <ele>1805.0789331677354</ele>
      </trkpt>
      <trkpt lat="45.18608093261719" lon="5.965168476104736">
        <ele>1809.4025015250918</ele>
      </trkpt>
      <trkpt lat="45.18601655960083" lon="5.965232849121094">
        <ele>1811.584883409586</ele>
      </trkpt>
      <trkpt lat="45.18605947494507" lon="5.965254306793213">
        <ele>1813.6675409888387</ele>
      </trkpt>
      <trkpt lat="45.18589845858514" lon="5.965425968170166">
        <ele>1819.9767887164383</ele>
      </trkpt>
      <trkpt lat="45.18573760986328" lon="5.965597629547119">
        <ele>1825.4817026695214</ele>
      </trkpt>
      <trkpt lat="45.18580198287964" lon="5.965640544891357">
        <ele>1829.1010593667697</ele>
      </trkpt>
      <trkpt lat="45.18578052520752" lon="5.965726375579834">
        <ele>1833.0740736634948</ele>
      </trkpt>
      <trkpt lat="45.18580198287964" lon="5.9658122062683105">
        <ele>1838.0000808746672</ele>
      </trkpt>
      <trkpt lat="45.18584489822388" lon="5.9658122062683105">
        <ele>1838.9829688349535</ele>
      </trkpt>
      <trkpt lat="45.18582344055176" lon="5.965855121612549">
        <ele>1840.7255275360121</ele>
      </trkpt>
      <trkpt lat="45.18582344055176" lon="5.965919494628906">
        <ele>1844.0765316964462</ele>
      </trkpt>
      <trkpt lat="45.18578052520752" lon="5.966005325317383">
        <ele>1847.7498984903114</ele>
      </trkpt>
      <trkpt lat="45.18582344055176" lon="5.966048240661621">
        <ele>1851.08924649437</ele>
      </trkpt>
      <trkpt lat="45.18578052520752" lon="5.966155529022217">
        <ele>1856.2087571006282</ele>
      </trkpt>
      <trkpt lat="45.18582344055176" lon="5.966176986694336">
        <ele>1858.3985431876936</ele>
      </trkpt>
      <trkpt lat="45.18580198287964" lon="5.966219902038574">
        <ele>1860.4091556808125</ele>
      </trkpt>
      <trkpt lat="45.185673236846924" lon="5.966370105743408">
        <ele>1867.1686699707307</ele>
      </trkpt>
      <trkpt lat="45.18552303314209" lon="5.9664451237767935">
        <ele>1869.7137620236872</ele>
      </trkpt>
      <trkpt lat="45.185372829437256" lon="5.966520309448242">
        <ele>1873.4843838655866</ele>
      </trkpt>
      <trkpt lat="45.185115337371826" lon="5.966756343841553">
        <ele>1889.3785971638506</ele>
      </trkpt>
      <trkpt lat="45.18509387969971" lon="5.966799259185791">
        <ele>1892.4540253510372</ele>
      </trkpt>
      <trkpt lat="45.18498659133911" lon="5.966777801513672">
        <ele>1889.9847546552492</ele>
      </trkpt>
      <trkpt lat="45.18498659133911" lon="5.966842174530029">
        <ele>1894.6057425249194</ele>
      </trkpt>
      <trkpt lat="45.184922218322754" lon="5.96682071685791">
        <ele>1892.512796817729</ele>
      </trkpt>
      <trkpt lat="45.184621810913086" lon="5.966885089874268">
        <ele>1896.6296434752285</ele>
      </trkpt>
      <trkpt lat="45.184385776519775" lon="5.966992378234863">
        <ele>1907.013994065279</ele>
      </trkpt>
      <trkpt lat="45.18421411514282" lon="5.966970920562744">
        <ele>1911.4277348786798</ele>
      </trkpt>
      <trkpt lat="45.18404245376587" lon="5.96707820892334">
        <ele>1923.385392423461</ele>
      </trkpt>
      <trkpt lat="45.18402099609375" lon="5.967056751251221">
        <ele>1923.735037714164</ele>
      </trkpt>
      <trkpt lat="45.18404245376587" lon="5.966928005218506">
        <ele>1918.4591386077682</ele>
      </trkpt>
      <trkpt lat="45.18402099609375" lon="5.966842174530029">
        <ele>1916.502736448963</ele>
      </trkpt>
      <trkpt lat="45.1838493347168" lon="5.966777801513672">
        <ele>1923.9164696592834</ele>
      </trkpt>
      <trkpt lat="45.18369913101196" lon="5.966799259185791">
        <ele>1930.7184738742599</ele>
      </trkpt>
      <trkpt lat="45.18349536694586" lon="5.966702699661255">
        <ele>1933.6094095791227</ele>
      </trkpt>
      <trkpt lat="45.1832914352417" lon="5.966606140136719">
        <ele>1942.1508104543136</ele>
      </trkpt>
      <trkpt lat="45.183119773864746" lon="5.966391563415527">
        <ele>1944.7600176152278</ele>
      </trkpt>
      <trkpt lat="45.18301248550415" lon="5.966241359710693">
        <ele>1943.75280622658</ele>
      </trkpt>
      <trkpt lat="45.182926654815674" lon="5.966219902038574">
        <ele>1946.53020954316</ele>
      </trkpt>
      <trkpt lat="45.182669162750244" lon="5.966176986694336">
        <ele>1957.6633522165805</ele>
      </trkpt>
      <trkpt lat="45.18256187438965" lon="5.966219902038574">
        <ele>1967.2162724294624</ele>
      </trkpt>
      <trkpt lat="45.18249750137329" lon="5.966176986694336">
        <ele>1970.5730535600196</ele>
      </trkpt>
      <trkpt lat="45.18251895904541" lon="5.9662628173828125">
        <ele>1972.2026148183832</ele>
      </trkpt>
      <trkpt lat="45.18245458602905" lon="5.966241359710693">
        <ele>1976.7571754248545</ele>
      </trkpt>
      <trkpt lat="45.18256187438965" lon="5.9665846824646">
        <ele>1980.2059034170793</ele>
      </trkpt>
      <trkpt lat="45.18256187438965" lon="5.966734886169434">
        <ele>1985.3187177062134</ele>
      </trkpt>
      <trkpt lat="45.18260478973389" lon="5.966799259185791">
        <ele>1985.129988779218</ele>
      </trkpt>
      <trkpt lat="45.18258333206177" lon="5.966863632202148">
        <ele>1988.9259744484439</ele>
      </trkpt>
      <trkpt lat="45.18262633122504" lon="5.966906547546387">
        <ele>1988.1619280909385</ele>
      </trkpt>
      <trkpt lat="45.18258333206177" lon="5.966992378234863">
        <ele>1994.419530273863</ele>
      </trkpt>
      <trkpt lat="45.18260478973389" lon="5.96707820892334">
        <ele>1997.3268035128444</ele>
      </trkpt>
      <trkpt lat="45.18254041671753" lon="5.96707820892334">
        <ele>2001.1954374409283</ele>
      </trkpt>
      <trkpt lat="45.18254041671753" lon="5.967142581939697">
        <ele>2004.6120467027076</ele>
      </trkpt>
      <trkpt lat="45.18245458602905" lon="5.967164039611816">
        <ele>2011.520333216735</ele>
      </trkpt>
      <trkpt lat="45.18232583999634" lon="5.967013835906982">
        <ele>2011.918669697355</ele>
      </trkpt>
      <trkpt lat="45.1822829246521" lon="5.966885089874268">
        <ele>2009.1456749476679</ele>
      </trkpt>
      <trkpt lat="45.18224000930786" lon="5.966949462890625">
        <ele>2014.7611390198617</ele>
      </trkpt>
      <trkpt lat="45.18219709396362" lon="5.966928005218506">
        <ele>2017.3492279163243</ele>
      </trkpt>
      <trkpt lat="45.182175636291504" lon="5.967013835906982">
        <ele>2023.4130710630332</ele>
      </trkpt>
      <trkpt lat="45.182132720947266" lon="5.967035293579102">
        <ele>2028.31376530781</ele>
      </trkpt>
      <trkpt lat="45.18211134709418" lon="5.967013835906982">
        <ele>2029.1767332378463</ele>
      </trkpt>
      <trkpt lat="45.18199316225946" lon="5.966852735728025">
        <ele>2034.0938493703088</ele>
      </trkpt>
      <trkpt lat="45.181875228881836" lon="5.966691970825195">
        <ele>2041.303189563579</ele>
      </trkpt>
      <trkpt lat="45.18170356750488" lon="5.9665632247924805">
        <ele>2050.2307122103975</ele>
      </trkpt>
      <trkpt lat="45.181682109832764" lon="5.966498851776123">
        <ele>2047.335289629496</ele>
      </trkpt>
      <trkpt lat="45.181617736816406" lon="5.966434478759766">
        <ele>2046.9591018351985</ele>
      </trkpt>
      <trkpt lat="45.18155336380005" lon="5.966391563415527">
        <ele>2048.8091385785683</ele>
      </trkpt>
      <trkpt lat="45.181403160095215" lon="5.966391563415527">
        <ele>2057.1945561383254</ele>
      </trkpt>
      <trkpt lat="45.18118858337402" lon="5.96632719039917">
        <ele>2064.9926421044784</ele>
      </trkpt>
      <trkpt lat="45.18110275268555" lon="5.966241359710693">
        <ele>2063.9673509643544</ele>
      </trkpt>
      <trkpt lat="45.180931091308594" lon="5.966198444366455">
        <ele>2069.8830694819826</ele>
      </trkpt>
      <trkpt lat="45.18097400665283" lon="5.966391563415527">
        <ele>2080.9323107519967</ele>
      </trkpt>
      <trkpt lat="45.18095254898071" lon="5.9664130210876465">
        <ele>2083.5155534735063</ele>
      </trkpt>
      <trkpt lat="45.180909633636475" lon="5.966391563415527">
        <ele>2084.2285818125983</ele>
      </trkpt>
      <trkpt lat="45.18084526062012" lon="5.9664130210876465">
        <ele>2088.812188207443</ele>
      </trkpt>
      <trkpt lat="45.18078088760376" lon="5.966348648071289">
        <ele>2087.5378094176185</ele>
      </trkpt>
      <trkpt lat="45.1807165145874" lon="5.966434478759766">
        <ele>2095.841045010313</ele>
      </trkpt>
      <trkpt lat="45.180888175964355" lon="5.9667134284973145">
        <ele>2104.262083970174</ele>
      </trkpt>
      <trkpt lat="45.180909633636475" lon="5.96682071685791">
        <ele>2109.0690641887895</ele>
      </trkpt>
      <trkpt lat="45.18099546432495" lon="5.96682071685791">
        <ele>2104.633719879699</ele>
      </trkpt>
      <trkpt lat="45.1811242941767" lon="5.967046273872256">
        <ele>2108.3960702403956</ele>
      </trkpt>
      <trkpt lat="45.18125295639038" lon="5.967271327972412">
        <ele>2108.0634078278827</ele>
      </trkpt>
      <trkpt lat="45.18136024475098" lon="5.9674859046936035">
        <ele>2106.1369195378797</ele>
      </trkpt>
      <trkpt lat="45.181424617767334" lon="5.967807769775391">
        <ele>2112.992223731093</ele>
      </trkpt>
      <trkpt lat="45.18151044845581" lon="5.9679365158081055">
        <ele>2110.1648475756224</ele>
      </trkpt>
      <trkpt lat="45.181617736816406" lon="5.968301296234131">
        <ele>2120.0592872138222</ele>
      </trkpt>
      <trkpt lat="45.181660652160645" lon="5.968387126922607">
        <ele>2120.5455492500855</ele>
      </trkpt>
      <trkpt lat="45.18176794052124" lon="5.968451499938965">
        <ele>2115.5361650028935</ele>
      </trkpt>
      <trkpt lat="45.18181085586548" lon="5.968644618988037">
        <ele>2119.0454866643668</ele>
      </trkpt>
      <trkpt lat="45.18176794052124" lon="5.968644618988037">
        <ele>2121.9356597427327</ele>
      </trkpt>
      <trkpt lat="45.18176794052124" lon="5.968687534332275">
        <ele>2123.3954014595156</ele>
      </trkpt>
      <trkpt lat="45.18178939819336" lon="5.968966484069824">
        <ele>2131.3953097372087</ele>
      </trkpt>
      <trkpt lat="45.18176794052124" lon="5.969138145446777">
        <ele>2136.2132888277456</ele>
      </trkpt>
      <trkpt lat="45.181725025177" lon="5.969223976135254">
        <ele>2139.607140784403</ele>
      </trkpt>
      <trkpt lat="45.18170356750488" lon="5.969202518463135">
        <ele>2140.2606260480907</ele>
      </trkpt>
      <trkpt lat="45.18170356750488" lon="5.969288349151611">
        <ele>2141.309172096674</ele>
      </trkpt>
      <trkpt lat="45.18157482147217" lon="5.969374179840088">
        <ele>2146.0485997572646</ele>
      </trkpt>
      <trkpt lat="45.18153190612793" lon="5.969438552856445">
        <ele>2148.1490543957334</ele>
      </trkpt>
      <trkpt lat="45.18153198994696" lon="5.969438552856445">
        <ele>2148.144205269753</ele>
      </trkpt>
      <trkpt lat="45.181381702423096" lon="5.969696044921875">
        <ele>2155.17753520826</ele>
      </trkpt>
      <trkpt lat="45.18123149871826" lon="5.969803333282471">
        <ele>2160.7190173238832</ele>
      </trkpt>
      <trkpt lat="45.18108129501343" lon="5.969760417938232">
        <ele>2165.859267645322</ele>
      </trkpt>
      <trkpt lat="45.18095254898071" lon="5.969803333282471">
        <ele>2168.8299561808517</ele>
      </trkpt>
      <trkpt lat="45.18073797225952" lon="5.969781875610352">
        <ele>2173.9421813891913</ele>
      </trkpt>
      <trkpt lat="45.18060931004584" lon="5.969631671905518">
        <ele>2175.4016789528896</ele>
      </trkpt>
      <trkpt lat="45.18054485321045" lon="5.969653129577637">
        <ele>2176.5959123509792</ele>
      </trkpt>
      <trkpt lat="45.18043756484985" lon="5.969867706298828">
        <ele>2181.221964687855</ele>
      </trkpt>
      <trkpt lat="45.180437648668885" lon="5.969867706298828">
        <ele>2181.22186727426</ele>
      </trkpt>
      <trkpt lat="45.180373191833496" lon="5.969974994659424">
        <ele>2184.236277550704</ele>
      </trkpt>
      <trkpt lat="45.18028736114502" lon="5.969996452331543">
        <ele>2184.221107791538</ele>
      </trkpt>
      <trkpt lat="45.1802659034729" lon="5.970168113708496">
        <ele>2188.396629701376</ele>
      </trkpt>
      <trkpt lat="45.18033027648926" lon="5.970404148101807">
        <ele>2194.525672448711</ele>
      </trkpt>
      <trkpt lat="45.18033027648926" lon="5.970661640167236">
        <ele>2198.317790599637</ele>
      </trkpt>
      <trkpt lat="45.18035173416138" lon="5.970919132232666">
        <ele>2202.44010145024</ele>
      </trkpt>
      <trkpt lat="45.1802659034729" lon="5.971219539642334">
        <ele>2204.7248914675056</ele>
      </trkpt>
      <trkpt lat="45.18020153045654" lon="5.9714555740356445">
        <ele>2204.224758496367</ele>
      </trkpt>
      <trkpt lat="45.180180072784424" lon="5.971713066101074">
        <ele>2204.608323411353</ele>
      </trkpt>
      <trkpt lat="45.180137157440186" lon="5.971798896789551">
        <ele>2201.53210870786</ele>
      </trkpt>
      <trkpt lat="45.180137157440186" lon="5.971820438280702">
        <ele>2201.231377523833</ele>
      </trkpt>
      <trkpt lat="45.180137157440186" lon="5.971884727478027">
        <ele>2200.3338646127486</ele>
      </trkpt>
      <trkpt lat="45.18022298812866" lon="5.9720778465271">
        <ele>2202.4446693254345</ele>
      </trkpt>
      <trkpt lat="45.18029817380011" lon="5.97233584150672">
        <ele>2200.3770026980055</ele>
      </trkpt>
      <trkpt lat="45.180373191833496" lon="5.972592830657959">
        <ele>2202.0789591250605</ele>
      </trkpt>
      <trkpt lat="45.180373191833496" lon="5.972700119018555">
        <ele>2202.7991635736416</ele>
      </trkpt>
      <trkpt lat="45.18028736114502" lon="5.973021984100342">
        <ele>2199.468750787789</ele>
      </trkpt>
      <trkpt lat="45.18024444580078" lon="5.97306489944458">
        <ele>2196.5585104069896</ele>
      </trkpt>
      <trkpt lat="45.1802659034729" lon="5.973300933837891">
        <ele>2197.710786000699</ele>
      </trkpt>
      <trkpt lat="45.18022298812866" lon="5.9734296798706055">
        <ele>2195.437540461142</ele>
      </trkpt>
      <trkpt lat="45.18022298812866" lon="5.973708629608154">
        <ele>2194.360651494536</ele>
      </trkpt>
      <trkpt lat="45.18030881881714" lon="5.974009037017822">
        <ele>2196.768108750172</ele>
      </trkpt>
      <trkpt lat="45.18033027648926" lon="5.97430944442749">
        <ele>2195.3062884899673</ele>
      </trkpt>
      <trkpt lat="45.18043756484985" lon="5.9746527671813965">
        <ele>2197.760732548883</ele>
      </trkpt>
      <trkpt lat="45.18052339553833" lon="5.974996089935303">
        <ele>2201.797545118815</ele>
      </trkpt>
      <trkpt lat="45.18043731339276" lon="5.975329354405403">
        <ele>2200.4279972583363</ele>
      </trkpt>
      <trkpt lat="45.18035173416138" lon="5.975661277770996">
        <ele>2198.810075376816</ele>
      </trkpt>
      <trkpt lat="45.18031946383417" lon="5.975919356569648">
        <ele>2200.2028575778522</ele>
      </trkpt>
      <trkpt lat="45.18028736114502" lon="5.9761762619018555">
        <ele>2202.952536203774</ele>
      </trkpt>
      <trkpt lat="45.18028744496405" lon="5.9761762619018555">
        <ele>2202.9520518430363</ele>
      </trkpt>
      <trkpt lat="45.18026598729193" lon="5.976219177246094">
        <ele>2203.5475682374527</ele>
      </trkpt>
      <trkpt lat="45.180072700604796" lon="5.976433837786317">
        <ele>2208.8347982766663</ele>
      </trkpt>
      <trkpt lat="45.179879665374756" lon="5.976648330688477">
        <ele>2216.6983575837803</ele>
      </trkpt>
      <trkpt lat="45.179686630144715" lon="5.976734077557921">
        <ele>2221.8961934467916</ele>
      </trkpt>
      <trkpt lat="45.17949342727661" lon="5.97681999206543">
        <ele>2227.5335702359907</ele>
      </trkpt>
      <trkpt lat="45.17935378476977" lon="5.977024007588625">
        <ele>2231.078079187947</ele>
      </trkpt>
      <trkpt lat="45.17921447753906" lon="5.977227687835693">
        <ele>2233.818807702077</ele>
      </trkpt>
      <trkpt lat="45.17921447753906" lon="5.97731351852417">
        <ele>2235.928921975561</ele>
      </trkpt>
      <trkpt lat="45.17908573150635" lon="5.977442264556885">
        <ele>2238.0093224866414</ele>
      </trkpt>
      <trkpt lat="45.178914070129395" lon="5.9776997566223145">
        <ele>2245.1179545745345</ele>
      </trkpt>
      <trkpt lat="45.178678035736084" lon="5.977849960327148">
        <ele>2248.0465732504963</ele>
      </trkpt>
      <trkpt lat="45.17859220504761" lon="5.977828502655029">
        <ele>2245.871160967654</ele>
      </trkpt>
      <trkpt lat="45.17833471298218" lon="5.977978706359863">
        <ele>2250.697415029036</ele>
      </trkpt>
      <trkpt lat="45.178141593933105" lon="5.978021621704102">
        <ele>2256.890139123414</ele>
      </trkpt>
      <trkpt lat="45.17805576324463" lon="5.978000164031982">
        <ele>2258.187490840319</ele>
      </trkpt>
      <trkpt lat="45.17794847488403" lon="5.97806453704834">
        <ele>2262.3702776177734</ele>
      </trkpt>
      <trkpt lat="45.177669525146484" lon="5.978085994720459">
        <ele>2263.3580678519656</ele>
      </trkpt>
      <trkpt lat="45.17747640609741" lon="5.978021621704102">
        <ele>2263.2545405729497</ele>
      </trkpt>
      <trkpt lat="45.17726182937622" lon="5.9781718254089355">
        <ele>2264.9910593941827</ele>
      </trkpt>
      <trkpt lat="45.177133083343506" lon="5.978214740753174">
        <ele>2266.503243711446</ele>
      </trkpt>
      <trkpt lat="45.17701489850879" lon="5.978375757113099">
        <ele>2269.3203195129845</ele>
      </trkpt>
      <trkpt lat="45.176897048950195" lon="5.978536605834961">
        <ele>2271.42547287818</ele>
      </trkpt>
      <trkpt lat="45.17681121826172" lon="5.978600978851318">
        <ele>2272.3561650067386</ele>
      </trkpt>
      <trkpt lat="45.17676838673651" lon="5.978579521179199">
        <ele>2272.370988484781</ele>
      </trkpt>
      <trkpt lat="45.176704013720155" lon="5.97855806350708">
        <ele>2272.6389577958525</ele>
      </trkpt>
      <trkpt lat="45.17659664154053" lon="5.978493690490723">
        <ele>2273.7479141478566</ele>
      </trkpt>
      <trkpt lat="45.17659672535956" lon="5.978493690490723">
        <ele>2273.746662738308</ele>
      </trkpt>
      <trkpt lat="45.17651081085205" lon="5.9786224365234375">
        <ele>2275.651228643277</ele>
      </trkpt>
      <trkpt lat="45.17644643783569" lon="5.97881555557251">
        <ele>2278.5203950110254</ele>
      </trkpt>
      <trkpt lat="45.1763391494751" lon="5.978987216949463">
        <ele>2283.2276507594415</ele>
      </trkpt>
      <trkpt lat="45.176124572753906" lon="5.9790730476379395">
        <ele>2289.1246302845175</ele>
      </trkpt>
      <trkpt lat="45.17608165740967" lon="5.979158878326416">
        <ele>2291.0522830524314</ele>
      </trkpt>
      <trkpt lat="45.17584562301636" lon="5.979201793670654">
        <ele>2296.608521378049</ele>
      </trkpt>
      <trkpt lat="45.17569541931152" lon="5.979394912719727">
        <ele>2301.705060698961</ele>
      </trkpt>
      <trkpt lat="45.17550230026245" lon="5.979523658752441">
        <ele>2308.132828263125</ele>
      </trkpt>
      <trkpt lat="45.1753306388855" lon="5.979738235473633">
        <ele>2316.963311538154</ele>
      </trkpt>
      <trkpt lat="45.1752233505249" lon="5.979974269866943">
        <ele>2324.696957214637</ele>
      </trkpt>
      <trkpt lat="45.175158977508545" lon="5.979952812194824">
        <ele>2326.6863334748195</ele>
      </trkpt>
      <trkpt lat="45.17509460449219" lon="5.980081558227539">
        <ele>2331.338510157002</ele>
      </trkpt>
      <trkpt lat="45.17503023147583" lon="5.980038642883301">
        <ele>2333.487126201426</ele>
      </trkpt>
      <trkpt lat="45.17496585845947" lon="5.980124473571777">
        <ele>2337.7280252814044</ele>
      </trkpt>
      <trkpt lat="45.174922943115234" lon="5.980103015899658">
        <ele>2339.3726240730152</ele>
      </trkpt>
      <trkpt lat="45.174901485443115" lon="5.980360507965088">
        <ele>2343.5242576249234</ele>
      </trkpt>
      <trkpt lat="45.17479419708252" lon="5.9802961349487305">
        <ele>2349.72665264495</ele>
      </trkpt>
      <trkpt lat="45.17479419708252" lon="5.980339050292969">
        <ele>2349.958124820558</ele>
      </trkpt>
      <trkpt lat="45.17475128173828" lon="5.980360507965088">
        <ele>2352.919517890932</ele>
      </trkpt>
      <trkpt lat="45.174686908721924" lon="5.9802961349487305">
        <ele>2358.841360137873</ele>
      </trkpt>
      <trkpt lat="45.174643993377686" lon="5.98031759262085">
        <ele>2362.4049537710234</ele>
      </trkpt>
      <trkpt lat="45.174386501312256" lon="5.980489253997803">
        <ele>2377.2691018055802</ele>
      </trkpt>
      <trkpt lat="45.174386501312256" lon="5.980467796325684">
        <ele>2378.376653321884</ele>
      </trkpt>
      <trkpt lat="45.1743221282959" lon="5.980510711669922">
        <ele>2380.4711870298433</ele>
      </trkpt>
      <trkpt lat="45.17425775527954" lon="5.980489253997803">
        <ele>2385.595856149137</ele>
      </trkpt>
      <trkpt lat="45.1740752812475" lon="5.980639457702637">
        <ele>2390.1183836264613</ele>
      </trkpt>
      <trkpt lat="45.173892974853516" lon="5.980789661407471">
        <ele>2396.2330516464835</ele>
      </trkpt>
      <trkpt lat="45.17385005950928" lon="5.980768203735352">
        <ele>2399.5430100196754</ele>
      </trkpt>
      <trkpt lat="45.17382860183716" lon="5.980703830718994">
        <ele>2402.8008655496833</ele>
      </trkpt>
      <trkpt lat="45.17380714416504" lon="5.980746746063232">
        <ele>2402.812261153974</ele>
      </trkpt>
      <trkpt lat="45.17378568649292" lon="5.980660915374756">
        <ele>2406.608477470687</ele>
      </trkpt>
      <trkpt lat="45.17369985580444" lon="5.980725288391113">
        <ele>2409.9288113217817</ele>
      </trkpt>
      <trkpt lat="45.17372131347656" lon="5.980660915374756">
        <ele>2410.3640452267277</ele>
      </trkpt>
      <trkpt lat="45.173678398132324" lon="5.980618000030518">
        <ele>2413.921904179753</ele>
      </trkpt>
      <trkpt lat="45.173678398132324" lon="5.980532169342041">
        <ele>2415.993804645324</ele>
      </trkpt>
      <trkpt lat="45.17357110977173" lon="5.980381965637207">
        <ele>2424.350495324883</ele>
      </trkpt>
      <trkpt lat="45.17346382141113" lon="5.98031759262085">
        <ele>2430.3912827932245</ele>
      </trkpt>
      <trkpt lat="45.173442363739014" lon="5.980231761932373">
        <ele>2431.9896157796406</ele>
      </trkpt>
      <trkpt lat="45.17335653305054" lon="5.980188846588135">
        <ele>2436.5641063183093</ele>
      </trkpt>
      <trkpt lat="45.17329216003418" lon="5.980081558227539">
        <ele>2440.0834464691134</ele>
      </trkpt>
      <trkpt lat="45.17324924468994" lon="5.980038642883301">
        <ele>2442.623219279778</ele>
      </trkpt>
      <trkpt lat="45.1732063293457" lon="5.980081558227539">
        <ele>2445.222772104541</ele>
      </trkpt>
      <trkpt lat="45.173184871673584" lon="5.979952812194824">
        <ele>2446.9076492855734</ele>
      </trkpt>
      <trkpt lat="45.173141956329346" lon="5.979824066162109">
        <ele>2450.709895980629</ele>
      </trkpt>
      <trkpt lat="45.17307758331299" lon="5.979909896850586">
        <ele>2454.159650834602</ele>
      </trkpt>
      <trkpt lat="45.17301321029663" lon="5.979759693145752">
        <ele>2459.7339430550055</ele>
      </trkpt>
      <trkpt lat="45.172905921936035" lon="5.979909896850586">
        <ele>2465.747810554232</ele>
      </trkpt>
      <trkpt lat="45.1728630065918" lon="5.9798455238342285">
        <ele>2469.0533590638634</ele>
      </trkpt>
      <trkpt lat="45.17284154891968" lon="5.979866981506348">
        <ele>2470.410046168334</ele>
      </trkpt>
      <trkpt lat="45.17279863357544" lon="5.97980260848999">
        <ele>2473.713030026346</ele>
      </trkpt>
      <trkpt lat="45.17277717590332" lon="5.979866981506348">
        <ele>2474.8671168619517</ele>
      </trkpt>
      <trkpt lat="45.17277717590332" lon="5.9798455238342285">
        <ele>2474.948797953758</ele>
      </trkpt>
      <trkpt lat="45.17271280288696" lon="5.979888439178467">
        <ele>2479.2530038275295</ele>
      </trkpt>
      <trkpt lat="45.172626972198486" lon="5.980017185211182">
        <ele>2484.875360070188</ele>
      </trkpt>
      <trkpt lat="45.17260551452637" lon="5.979974269866943">
        <ele>2486.350230879424</ele>
      </trkpt>
      <trkpt lat="45.17251968383789" lon="5.980081558227539">
        <ele>2491.914066658334</ele>
      </trkpt>
      <trkpt lat="45.17249822616577" lon="5.9799957275390625">
        <ele>2493.0968013035636</ele>
      </trkpt>
      <trkpt lat="45.17245531082153" lon="5.980017185211182">
        <ele>2495.717856060155</ele>
      </trkpt>
      <trkpt lat="45.172412395477295" lon="5.979952812194824">
        <ele>2498.301233556802</ele>
      </trkpt>
      <trkpt lat="45.17234802246094" lon="5.980017185211182">
        <ele>2501.8190331515834</ele>
      </trkpt>
      <trkpt lat="45.1723051071167" lon="5.9799957275390625">
        <ele>2503.9236268069835</ele>
      </trkpt>
      <trkpt lat="45.17226219177246" lon="5.980017185211182">
        <ele>2506.02773861126</ele>
      </trkpt>
      <trkpt lat="45.17224073410034" lon="5.979974269866943">
        <ele>2507.201774451477</ele>
      </trkpt>
      <trkpt lat="45.172133445739746" lon="5.9799957275390625">
        <ele>2510.8069384046034</ele>
      </trkpt>
      <trkpt lat="45.17209053039551" lon="5.979952812194824">
        <ele>2512.2724044236074</ele>
      </trkpt>
      <trkpt lat="45.17202615737915" lon="5.9799957275390625">
        <ele>2513.532684098498</ele>
      </trkpt>
      <trkpt lat="45.1718544960022" lon="5.979931354522705">
        <ele>2519.695775574837</ele>
      </trkpt>
      <trkpt lat="45.17183303833008" lon="5.979974269866943">
        <ele>2520.6089897344737</ele>
      </trkpt>
      <trkpt lat="45.17172574996948" lon="5.979909896850586">
        <ele>2525.405552334661</ele>
      </trkpt>
      <trkpt lat="45.17170429229736" lon="5.979931354522705">
        <ele>2526.389742859684</ele>
      </trkpt>
      <trkpt lat="45.171639919281006" lon="5.979888439178467">
        <ele>2529.3043666222675</ele>
      </trkpt>
      <trkpt lat="45.17157554626465" lon="5.979931354522705">
        <ele>2532.6887465932396</ele>
      </trkpt>
      <trkpt lat="45.17153263092041" lon="5.9798455238342285">
        <ele>2535.0592155201316</ele>
      </trkpt>
      <trkpt lat="45.171403884887695" lon="5.979866981506348">
        <ele>2542.5134208280497</ele>
      </trkpt>
      <trkpt lat="45.17136096954346" lon="5.979716777801514">
        <ele>2546.6979848796254</ele>
      </trkpt>
      <trkpt lat="45.17131805419922" lon="5.979824066162109">
        <ele>2547.680067852534</ele>
      </trkpt>
      <trkpt lat="45.17127513885498" lon="5.979759693145752">
        <ele>2551.1689628651693</ele>
      </trkpt>
      <trkpt lat="45.17123222351074" lon="5.9798455238342285">
        <ele>2552.7873257326582</ele>
      </trkpt>
      <trkpt lat="45.171189308166504" lon="5.979738235473633">
        <ele>2556.883954378215</ele>
      </trkpt>
      <trkpt lat="45.17110347747803" lon="5.979759693145752">
        <ele>2562.2227295601515</ele>
      </trkpt>
      <trkpt lat="45.17108201980591" lon="5.979437828063965">
        <ele>2567.0460570899313</ele>
      </trkpt>
      <trkpt lat="45.17095327377319" lon="5.979437828063965">
        <ele>2575.6101145338525</ele>
      </trkpt>
      <trkpt lat="45.170910358428955" lon="5.979287624359131">
        <ele>2581.3395065304794</ele>
      </trkpt>
      <trkpt lat="45.1708459854126" lon="5.979330539703369">
        <ele>2585.4980353743076</ele>
      </trkpt>
      <trkpt lat="45.17082452774048" lon="5.979137420654297">
        <ele>2590.3380920184427</ele>
      </trkpt>
      <trkpt lat="45.17071723937988" lon="5.979158878326416">
        <ele>2596.8718430529893</ele>
      </trkpt>
      <trkpt lat="45.170674324035645" lon="5.979223251342773">
        <ele>2598.7590737815517</ele>
      </trkpt>
      <trkpt lat="45.17056703567505" lon="5.979158878326416">
        <ele>2605.534241390538</ele>
      </trkpt>
      <trkpt lat="45.17052412033081" lon="5.979201793670654">
        <ele>2606.79004102029</ele>
      </trkpt>
      <trkpt lat="45.17052412033081" lon="5.979158878326416">
        <ele>2607.6050537421997</ele>
      </trkpt>
      <trkpt lat="45.17050266265869" lon="5.979201793670654">
        <ele>2607.5649718493505</ele>
      </trkpt>
      <trkpt lat="45.17045974731445" lon="5.979201793670654">
        <ele>2609.1148326323264</ele>
      </trkpt>
      <trkpt lat="45.17037391662598" lon="5.978987216949463">
        <ele>2617.349627768762</ele>
      </trkpt>
      <trkpt lat="45.17030954360962" lon="5.979008674621582">
        <ele>2617.824665319442</ele>
      </trkpt>
      <trkpt lat="45.1702880859375" lon="5.9789228439331055">
        <ele>2620.8735229796775</ele>
      </trkpt>
      <trkpt lat="45.17024517059326" lon="5.9789228439331055">
        <ele>2620.751972519323</ele>
      </trkpt>
      <trkpt lat="45.17020225524902" lon="5.97881555557251">
        <ele>2624.7734157137315</ele>
      </trkpt>
      <trkpt lat="45.17005196772516" lon="5.978643726557493">
        <ele>2629.9985460146668</ele>
      </trkpt>
      <trkpt lat="45.169901847839355" lon="5.9784722328186035">
        <ele>2633.417601765696</ele>
      </trkpt>
      <trkpt lat="45.16962289810181" lon="5.97830057144165">
        <ele>2638.9436662003236</ele>
      </trkpt>
      <trkpt lat="45.16945123672485" lon="5.978000164031982">
        <ele>2646.0717331575606</ele>
      </trkpt>
      <trkpt lat="45.16949415206909" lon="5.977785587310791">
        <ele>2644.22557461466</ele>
      </trkpt>
      <trkpt lat="45.16945106908679" lon="5.977570507675409">
        <ele>2644.344355686625</ele>
      </trkpt>
      <trkpt lat="45.169408321380615" lon="5.977356433868408">
        <ele>2644.2865485526063</ele>
      </trkpt>
      <trkpt lat="45.16940840519965" lon="5.977356433868408">
        <ele>2644.282707547731</ele>
      </trkpt>
      <trkpt lat="45.16936540603638" lon="5.977270603179932">
        <ele>2645.07511652432</ele>
      </trkpt>
      <trkpt lat="45.16925811767578" lon="5.977184772491455">
        <ele>2647.96417226443</ele>
      </trkpt>
      <trkpt lat="45.169022250920534" lon="5.977131128311157">
        <ele>2652.2978685285907</ele>
      </trkpt>
      <trkpt lat="45.16878604888916" lon="5.977077484130859">
        <ele>2647.518264684859</ele>
      </trkpt>
      <trkpt lat="45.16850718297064" lon="5.976959466934204">
        <ele>2638.9938999781466</ele>
      </trkpt>
      <trkpt lat="45.16822814941406" lon="5.976841449737549">
        <ele>2633.5607178290907</ele>
      </trkpt>
      <trkpt lat="45.16801357269287" lon="5.976691246032715">
        <ele>2629.1202898775837</ele>
      </trkpt>
      <trkpt lat="45.16799211502075" lon="5.976605415344238">
        <ele>2625.180090855331</ele>
      </trkpt>
      <trkpt lat="45.16782053746283" lon="5.976433753967285">
        <ele>2620.02799983757</ele>
      </trkpt>
      <trkpt lat="45.16775608062744" lon="5.976369380950928">
        <ele>2621.0575377379446</ele>
      </trkpt>
      <trkpt lat="45.16759514808655" lon="5.976272821426392">
        <ele>2621.7380961765252</ele>
      </trkpt>
      <trkpt lat="45.167434215545654" lon="5.9761762619018555">
        <ele>2623.524739059801</ele>
      </trkpt>
      <trkpt lat="45.16734838485718" lon="5.976154804229736">
        <ele>2626.5860520706524</ele>
      </trkpt>
      <trkpt lat="45.1672625541687" lon="5.976047515869141">
        <ele>2625.37032039304</ele>
      </trkpt>
      <trkpt lat="45.167133808135986" lon="5.975983142852783">
        <ele>2629.5388325562776</ele>
      </trkpt>
      <trkpt lat="45.16698352061212" lon="5.975822126492858">
        <ele>2631.2385826940645</ele>
      </trkpt>
      <trkpt lat="45.16683340072632" lon="5.975661277770996">
        <ele>2633.4782283843806</ele>
      </trkpt>
      <trkpt lat="45.166640281677246" lon="5.975618362426758">
        <ele>2641.5754330592436</ele>
      </trkpt>
      <trkpt lat="45.166425704956055" lon="5.975468158721924">
        <ele>2644.495672709411</ele>
      </trkpt>
      <trkpt lat="45.16621112823486" lon="5.97531795501709">
        <ele>2645.0657749157426</ele>
      </trkpt>
      <trkpt lat="45.16599655151367" lon="5.975232124328613">
        <ele>2644.5088251525376</ele>
      </trkpt>
      <trkpt lat="45.165932178497314" lon="5.975167751312256">
        <ele>2641.777186308422</ele>
      </trkpt>
      <trkpt lat="45.16577132977545" lon="5.975157022476196">
        <ele>2642.6786000470333</ele>
      </trkpt>
      <trkpt lat="45.16561031341553" lon="5.975146293640137">
        <ele>2643.4163463552713</ele>
      </trkpt>
      <trkpt lat="45.16546010971069" lon="5.975103378295898">
        <ele>2641.664192828159</ele>
      </trkpt>
      <trkpt lat="45.16528844833374" lon="5.975167751312256">
        <ele>2639.925331903276</ele>
      </trkpt>
      <trkpt lat="45.16528844833374" lon="5.975275039672852">
        <ele>2641.6075274753093</ele>
      </trkpt>
      <trkpt lat="45.16528844833374" lon="5.975532531738281">
        <ele>2644.448805804299</ele>
      </trkpt>
      <trkpt lat="45.16536363400519" lon="5.97576898522675">
        <ele>2651.985684966692</ele>
      </trkpt>
      <trkpt lat="45.165438652038574" lon="5.976004600524902">
        <ele>2659.7065492402407</ele>
      </trkpt>
      <trkpt lat="45.165438735857606" lon="5.976390838623047">
        <ele>2672.619100707377</ele>
      </trkpt>
      <trkpt lat="45.165395736694336" lon="5.976455211639404">
        <ele>2672.9480040286535</ele>
      </trkpt>
      <trkpt lat="45.16533136367798" lon="5.976455211639404">
        <ele>2673.534229967134</ele>
      </trkpt>
      <trkpt lat="45.16538509167731" lon="5.976670207455754">
        <ele>2681.097329430582</ele>
      </trkpt>
      <trkpt lat="45.165438652038574" lon="5.976884365081787">
        <ele>2686.3085324635313</ele>
      </trkpt>
      <trkpt lat="45.16550302505493" lon="5.97731351852417">
        <ele>2700.2043101704785</ele>
      </trkpt>
      <trkpt lat="45.16549221239984" lon="5.977668408304453">
        <ele>2710.878181317342</ele>
      </trkpt>
      <trkpt lat="45.16548156738281" lon="5.978021621704102">
        <ele>2711.7642595520565</ele>
      </trkpt>
      <trkpt lat="45.16552448272705" lon="5.978214740753174">
        <ele>2711.106437322299</ele>
      </trkpt>
      <trkpt lat="45.16548156738281" lon="5.9784722328186035">
        <ele>2711.1412892191015</ele>
      </trkpt>
      <trkpt lat="45.1655460242182" lon="5.978676415979862">
        <ele>2715.3307333575904</ele>
      </trkpt>
      <trkpt lat="45.16561031341553" lon="5.978879928588867">
        <ele>2720.093952125489</ele>
      </trkpt>
      <trkpt lat="45.165774933993816" lon="5.979116130620241">
        <ele>2725.754995432034</ele>
      </trkpt>
      <trkpt lat="45.165939554572105" lon="5.979352332651615">
        <ele>2736.4071958003224</ele>
      </trkpt>
      <trkpt lat="45.16610383987427" lon="5.979588031768799">
        <ele>2745.188249783902</ele>
      </trkpt>
      <trkpt lat="45.16633987426758" lon="5.979738235473633">
        <ele>2758.8536875726736</ele>
      </trkpt>
      <trkpt lat="45.166447162628174" lon="5.979952812194824">
        <ele>2767.379920731604</ele>
      </trkpt>
      <trkpt lat="45.166640281677246" lon="5.980124473571777">
        <ele>2776.807741753568</ele>
      </trkpt>
      <trkpt lat="45.16674765385687" lon="5.9803070314228535">
        <ele>2782.0793888146395</ele>
      </trkpt>
      <trkpt lat="45.16685485839844" lon="5.980489253997803">
        <ele>2785.805431516864</ele>
      </trkpt>
      <trkpt lat="45.16704797744751" lon="5.980725288391113">
        <ele>2793.2789186583054</ele>
      </trkpt>
      <trkpt lat="45.167198181152344" lon="5.981090068817139">
        <ele>2797.1407849617112</ele>
      </trkpt>
      <trkpt lat="45.167155265808105" lon="5.981326103210449">
        <ele>2796.285299039675</ele>
      </trkpt>
      <trkpt lat="45.16696189530194" lon="5.981626762077212">
        <ele>2794.233574033699</ele>
      </trkpt>
      <trkpt lat="45.16676902770996" lon="5.981926918029785">
        <ele>2792.3960321900395</ele>
      </trkpt>
      <trkpt lat="45.16674757003784" lon="5.982184410095215">
        <ele>2792.3694621131585</ele>
      </trkpt>
      <trkpt lat="45.16674757003784" lon="5.982410218566656">
        <ele>2792.4176876466768</ele>
      </trkpt>
      <trkpt lat="45.16674757003784" lon="5.982635021209717">
        <ele>2790.773985709583</ele>
      </trkpt>
      <trkpt lat="45.16680129803717" lon="5.982903828844428">
        <ele>2789.485237790064</ele>
      </trkpt>
      <trkpt lat="45.16685485839844" lon="5.983171463012695">
        <ele>2789.2538547486283</ele>
      </trkpt>
      <trkpt lat="45.16685485839844" lon="5.983514785766602">
        <ele>2788.624806816456</ele>
      </trkpt>
      <trkpt lat="45.16691931523383" lon="5.983794322237372">
        <ele>2794.5893429376792</ele>
      </trkpt>
      <trkpt lat="45.16698360443115" lon="5.984072685241699">
        <ele>2798.416739119919</ele>
      </trkpt>
      <trkpt lat="45.16702651977539" lon="5.984480381011963">
        <ele>2805.8569527591562</ele>
      </trkpt>
      <trkpt lat="45.16709089279175" lon="5.984652042388916">
        <ele>2809.863984159101</ele>
      </trkpt>
      <trkpt lat="45.16706943511963" lon="5.984823703765869">
        <ele>2814.797708686705</ele>
      </trkpt>
      <trkpt lat="45.16715543344617" lon="5.985113885253668">
        <ele>2820.1448226637</ele>
      </trkpt>
      <trkpt lat="45.16724109649658" lon="5.985403060913086">
        <ele>2822.1803193484902</ele>
      </trkpt>
      <trkpt lat="45.16725182533264" lon="5.9857256803661585">
        <ele>2829.1831518666067</ele>
      </trkpt>
      <trkpt lat="45.1672625541687" lon="5.98604679107666">
        <ele>2837.544125979324</ele>
      </trkpt>
      <trkpt lat="45.1673698425293" lon="5.986154079437256">
        <ele>2840.083403984052</ele>
      </trkpt>
      <trkpt lat="45.1673698425293" lon="5.986422970890999">
        <ele>2848.1783623113834</ele>
      </trkpt>
      <trkpt lat="45.1673698425293" lon="5.986690521240234">
        <ele>2855.9920955917787</ele>
      </trkpt>
      <trkpt lat="45.1675199624151" lon="5.986776268109679">
        <ele>2859.227132582844</ele>
      </trkpt>
      <trkpt lat="45.167670249938965" lon="5.9868621826171875">
        <ele>2861.9772752707777</ele>
      </trkpt>
      <trkpt lat="45.1677131652832" lon="5.987033843994141">
        <ele>2867.2458215946026</ele>
      </trkpt>
      <trkpt lat="45.16775608062744" lon="5.987033843994141">
        <ele>2867.4619016961187</ele>
      </trkpt>
      <trkpt lat="45.1678204536438" lon="5.987141132354736">
        <ele>2871.090633795381</ele>
      </trkpt>
      <trkpt lat="45.16784191131592" lon="5.987548828125">
        <ele>2883.7719405850603</ele>
      </trkpt>
      <trkpt lat="45.167949199676514" lon="5.987656116485596">
        <ele>2887.8954504909616</ele>
      </trkpt>
      <trkpt lat="45.16801357269287" lon="5.98780632019043">
        <ele>2890.5922889031253</ele>
      </trkpt>
      <trkpt lat="45.168185234069824" lon="5.987913608551025">
        <ele>2892.5783361725985</ele>
      </trkpt>
      <trkpt lat="45.16824969090521" lon="5.987999439239502">
        <ele>2891.529714779682</ele>
      </trkpt>
      <trkpt lat="45.168399810791016" lon="5.988106727600098">
        <ele>2888.945693251864</ele>
      </trkpt>
      <trkpt lat="45.16861438751221" lon="5.988128185272217">
        <ele>2882.3926454558405</ele>
      </trkpt>
      <trkpt lat="45.168399810791016" lon="5.988106727600098">
        <ele>2888.945693251864</ele>
      </trkpt>
      <trkpt lat="45.16824960708618" lon="5.987999439239502">
        <ele>2891.5299366187337</ele>
      </trkpt>
      <trkpt lat="45.168185234069824" lon="5.987913608551025">
        <ele>2892.5783361725985</ele>
      </trkpt>
      <trkpt lat="45.16801357269287" lon="5.98780632019043">
        <ele>2890.5922889031253</ele>
      </trkpt>
      <trkpt lat="45.167949199676514" lon="5.987656116485596">
        <ele>2887.8954504909616</ele>
      </trkpt>
      <trkpt lat="45.16784191131592" lon="5.987548828125">
        <ele>2883.7719405850603</ele>
      </trkpt>
      <trkpt lat="45.1678204536438" lon="5.987141132354736">
        <ele>2871.090633795381</ele>
      </trkpt>
      <trkpt lat="45.16775608062744" lon="5.987033843994141">
        <ele>2867.4619016961187</ele>
      </trkpt>
      <trkpt lat="45.1677131652832" lon="5.987033843994141">
        <ele>2867.2458215946026</ele>
      </trkpt>
      <trkpt lat="45.167670249938965" lon="5.9868621826171875">
        <ele>2861.9772752707777</ele>
      </trkpt>
      <trkpt lat="45.16752004623413" lon="5.986776351928711">
        <ele>2859.2295748717843</ele>
      </trkpt>
      <trkpt lat="45.1673698425293" lon="5.986690521240234">
        <ele>2855.9920955917787</ele>
      </trkpt>
      <trkpt lat="45.1673698425293" lon="5.98642154596746">
        <ele>2848.135883335226</ele>
      </trkpt>
      <trkpt lat="45.1673698425293" lon="5.986154079437256">
        <ele>2840.083403984052</ele>
      </trkpt>
      <trkpt lat="45.1672625541687" lon="5.98604679107666">
        <ele>2837.544125979324</ele>
      </trkpt>
      <trkpt lat="45.16725174151361" lon="5.985724087804556">
        <ele>2829.14314740896</ele>
      </trkpt>
      <trkpt lat="45.16724109649658" lon="5.985403060913086">
        <ele>2822.1803193484902</ele>
      </trkpt>
      <trkpt lat="45.16715501435101" lon="5.985112711787224">
        <ele>2820.1381353541883</ele>
      </trkpt>
      <trkpt lat="45.16706943511963" lon="5.984823703765869">
        <ele>2814.797708686705</ele>
      </trkpt>
      <trkpt lat="45.16709089279175" lon="5.984652042388916">
        <ele>2809.863984159101</ele>
      </trkpt>
      <trkpt lat="45.16702651977539" lon="5.984480381011963">
        <ele>2805.8569527591562</ele>
      </trkpt>
      <trkpt lat="45.16698360443115" lon="5.984072685241699">
        <ele>2798.416739119919</ele>
      </trkpt>
      <trkpt lat="45.16691906377673" lon="5.983793064951897">
        <ele>2794.568290776253</ele>
      </trkpt>
      <trkpt lat="45.16685485839844" lon="5.983514785766602">
        <ele>2788.624806816456</ele>
      </trkpt>
      <trkpt lat="45.16685485839844" lon="5.983171463012695">
        <ele>2789.2538547486283</ele>
      </trkpt>
      <trkpt lat="45.166801046580076" lon="5.982902571558952">
        <ele>2789.4917521621546</ele>
      </trkpt>
      <trkpt lat="45.16674757003784" lon="5.982635021209717">
        <ele>2790.773985709583</ele>
      </trkpt>
      <trkpt lat="45.16674757003784" lon="5.982409128919244">
        <ele>2792.4241696949525</ele>
      </trkpt>
      <trkpt lat="45.16674757003784" lon="5.982184410095215">
        <ele>2792.3694621131585</ele>
      </trkpt>
      <trkpt lat="45.16676902770996" lon="5.981926918029785">
        <ele>2792.3960321900395</ele>
      </trkpt>
      <trkpt lat="45.1669623143971" lon="5.98162617534399">
        <ele>2794.2372420655756</ele>
      </trkpt>
      <trkpt lat="45.167155265808105" lon="5.981326103210449">
        <ele>2796.285299039675</ele>
      </trkpt>
      <trkpt lat="45.167198181152344" lon="5.981090068817139">
        <ele>2797.1407849617112</ele>
      </trkpt>
      <trkpt lat="45.16704797744751" lon="5.980725288391113">
        <ele>2793.2789186583054</ele>
      </trkpt>
      <trkpt lat="45.16685485839844" lon="5.980489253997803">
        <ele>2785.805431516864</ele>
      </trkpt>
      <trkpt lat="45.16674740239978" lon="5.980306612327695">
        <ele>2782.0688951042252</ele>
      </trkpt>
      <trkpt lat="45.166640281677246" lon="5.980124473571777">
        <ele>2776.807741753568</ele>
      </trkpt>
      <trkpt lat="45.166447162628174" lon="5.979952812194824">
        <ele>2767.379920731604</ele>
      </trkpt>
      <trkpt lat="45.16633987426758" lon="5.979738235473633">
        <ele>2758.8536875726736</ele>
      </trkpt>
      <trkpt lat="45.16610383987427" lon="5.979588031768799">
        <ele>2745.188249783902</ele>
      </trkpt>
      <trkpt lat="45.16593913547695" lon="5.979351745918393">
        <ele>2736.3841415577385</ele>
      </trkpt>
      <trkpt lat="45.16577451489866" lon="5.979115543887019">
        <ele>2725.7360928706494</ele>
      </trkpt>
      <trkpt lat="45.16561031341553" lon="5.978879928588867">
        <ele>2720.093952125489</ele>
      </trkpt>
      <trkpt lat="45.16554577276111" lon="5.978675661608577">
        <ele>2715.3094271877367</ele>
      </trkpt>
      <trkpt lat="45.165481651201844" lon="5.9784722328186035">
        <ele>2711.1422678331455</ele>
      </trkpt>
      <trkpt lat="45.16552448272705" lon="5.978214740753174">
        <ele>2711.106437322299</ele>
      </trkpt>
      <trkpt lat="45.16548156738281" lon="5.978021621704102">
        <ele>2711.7642595520565</ele>
      </trkpt>
      <trkpt lat="45.16549229621887" lon="5.977666648104787">
        <ele>2710.852321464732</ele>
      </trkpt>
      <trkpt lat="45.16550302505493" lon="5.97731351852417">
        <ele>2700.2043101704785</ele>
      </trkpt>
      <trkpt lat="45.165438652038574" lon="5.976884365081787">
        <ele>2686.3085324635313</ele>
      </trkpt>
      <trkpt lat="45.16538484022021" lon="5.976669285446405">
        <ele>2681.074686228726</ele>
      </trkpt>
      <trkpt lat="45.16533136367798" lon="5.976455211639404">
        <ele>2673.534229967134</ele>
      </trkpt>
      <trkpt lat="45.165395736694336" lon="5.976455211639404">
        <ele>2672.9480040286535</ele>
      </trkpt>
      <trkpt lat="45.165438652038574" lon="5.976390838623047">
        <ele>2672.619741844658</ele>
      </trkpt>
      <trkpt lat="45.16534184105694" lon="5.9761435724794865">
        <ele>2663.611430854555</ele>
      </trkpt>
      <trkpt lat="45.1652455329895" lon="5.975897312164307">
        <ele>2656.4093977751477</ele>
      </trkpt>
      <trkpt lat="45.1652455329895" lon="5.975704193115234">
        <ele>2647.829631299429</ele>
      </trkpt>
      <trkpt lat="45.165138244628906" lon="5.975532531738281">
        <ele>2641.9970305536635</ele>
      </trkpt>
      <trkpt lat="45.16505249775946" lon="5.975210666656494">
        <ele>2632.000838062597</ele>
      </trkpt>
      <trkpt lat="45.16488075256348" lon="5.974845886230469">
        <ele>2622.8333580392027</ele>
      </trkpt>
      <trkpt lat="45.164923667907715" lon="5.974760055541992">
        <ele>2621.5065936223073</ele>
      </trkpt>
      <trkpt lat="45.16485929489136" lon="5.974609851837158">
        <ele>2618.6870355399706</ele>
      </trkpt>
      <trkpt lat="45.16483783721924" lon="5.974395275115967">
        <ele>2615.643031555219</ele>
      </trkpt>
      <trkpt lat="45.16481637954712" lon="5.974330902099609">
        <ele>2614.615695581757</ele>
      </trkpt>
      <trkpt lat="45.16483783721924" lon="5.974245071411133">
        <ele>2613.3537538579735</ele>
      </trkpt>
      <trkpt lat="45.16481637954712" lon="5.97407341003418">
        <ele>2609.5384479369313</ele>
      </trkpt>
      <trkpt lat="45.164644718170166" lon="5.973794460296631">
        <ele>2601.7366918398106</ele>
      </trkpt>
      <trkpt lat="45.164644718170166" lon="5.973751544952393">
        <ele>2600.7111185255276</ele>
      </trkpt>
      <trkpt lat="45.16470909118652" lon="5.973708629608154">
        <ele>2600.139496826048</ele>
      </trkpt>
      <trkpt lat="45.16475200653076" lon="5.973601341247559">
        <ele>2596.621523009216</ele>
      </trkpt>
      <trkpt lat="45.164666175842285" lon="5.973494052886963">
        <ele>2593.8990388811853</ele>
      </trkpt>
      <trkpt lat="45.16458034515381" lon="5.973343849182129">
        <ele>2590.251232923718</ele>
      </trkpt>
      <trkpt lat="45.16460180282593" lon="5.9732794761657715">
        <ele>2588.4578647131066</ele>
      </trkpt>
      <trkpt lat="45.16455888748169" lon="5.973236560821533">
        <ele>2587.848551773344</ele>
      </trkpt>
      <trkpt lat="45.16462326049805" lon="5.973172187805176">
        <ele>2585.1878225935675</ele>
      </trkpt>
      <trkpt lat="45.16460188664496" lon="5.973021984100342">
        <ele>2582.176922624152</ele>
      </trkpt>
      <trkpt lat="45.16460180282593" lon="5.973021984100342">
        <ele>2582.178623844874</ele>
      </trkpt>
      <trkpt lat="45.16460180282593" lon="5.972850322723389">
        <ele>2579.605875913782</ele>
      </trkpt>
      <trkpt lat="45.164644718170166" lon="5.972850322723389">
        <ele>2578.1663249683147</ele>
      </trkpt>
      <trkpt lat="45.164644718170166" lon="5.972785949707031">
        <ele>2577.4543673092394</ele>
      </trkpt>
      <trkpt lat="45.164687633514404" lon="5.97280740737915">
        <ele>2576.0976622231237</ele>
      </trkpt>
      <trkpt lat="45.16470909118652" lon="5.972764492034912">
        <ele>2574.7774140815914</ele>
      </trkpt>
      <trkpt lat="45.16473054885864" lon="5.972592830657959">
        <ele>2571.6753993456705</ele>
      </trkpt>
      <trkpt lat="45.164794921875" lon="5.972657203674316">
        <ele>2569.1104200138006</ele>
      </trkpt>
      <trkpt lat="45.164794921875" lon="5.972549915313721">
        <ele>2567.8114959490686</ele>
      </trkpt>
      <trkpt lat="45.16485929489136" lon="5.972592830657959">
        <ele>2564.7807922466245</ele>
      </trkpt>
      <trkpt lat="45.16488075256348" lon="5.972506999969482">
        <ele>2562.588770032552</ele>
      </trkpt>
      <trkpt lat="45.164902210235596" lon="5.97257137298584">
        <ele>2561.764221116315</ele>
      </trkpt>
      <trkpt lat="45.164923667907715" lon="5.972485542297363">
        <ele>2559.636083728984</ele>
      </trkpt>
      <trkpt lat="45.164945125579834" lon="5.972506999969482">
        <ele>2558.429953510443</ele>
      </trkpt>
      <trkpt lat="45.16496658325195" lon="5.972464084625244">
        <ele>2556.711789086492</ele>
      </trkpt>
      <trkpt lat="45.16498804092407" lon="5.972464084625244">
        <ele>2555.2939404718722</ele>
      </trkpt>
      <trkpt lat="45.16505241394043" lon="5.97231388092041">
        <ele>2551.687562192532</ele>
      </trkpt>
      <trkpt lat="45.16511678695679" lon="5.972356796264648">
        <ele>2546.931696847838</ele>
      </trkpt>
      <trkpt lat="45.165181159973145" lon="5.972292423248291">
        <ele>2542.9222834081643</ele>
      </trkpt>
      <trkpt lat="45.165202617645264" lon="5.972335338592529">
        <ele>2541.186040168459</ele>
      </trkpt>
      <trkpt lat="45.16522407531738" lon="5.972292423248291">
        <ele>2540.054727882991</ele>
      </trkpt>
      <trkpt lat="45.16526699066162" lon="5.972335338592529">
        <ele>2536.844663020288</ele>
      </trkpt>
      <trkpt lat="45.16528844833374" lon="5.972292423248291">
        <ele>2535.9444502645083</ele>
      </trkpt>
      <trkpt lat="45.16533136367798" lon="5.972378253936768">
        <ele>2531.829243871576</ele>
      </trkpt>
      <trkpt lat="45.165417194366455" lon="5.972292423248291">
        <ele>2528.053528840305</ele>
      </trkpt>
      <trkpt lat="45.16546010971069" lon="5.972378253936768">
        <ele>2523.8226600653707</ele>
      </trkpt>
      <trkpt lat="45.16550302505493" lon="5.97231388092041">
        <ele>2523.3444152578354</ele>
      </trkpt>
      <trkpt lat="45.16554594039917" lon="5.972356796264648">
        <ele>2521.2453663603446</ele>
      </trkpt>
      <trkpt lat="45.16563177108765" lon="5.972228050231934">
        <ele>2518.2471385786484</ele>
      </trkpt>
      <trkpt lat="45.165674686431885" lon="5.972270965576172">
        <ele>2516.8575512895713</ele>
      </trkpt>
      <trkpt lat="45.165696144104004" lon="5.9722065925598145">
        <ele>2515.5380153747647</ele>
      </trkpt>
      <trkpt lat="45.16571760177612" lon="5.9720778465271">
        <ele>2513.3531414169493</ele>
      </trkpt>
      <trkpt lat="45.16576051712036" lon="5.972142219543457">
        <ele>2512.0310492007943</ele>
      </trkpt>
      <trkpt lat="45.1658034324646" lon="5.972013473510742">
        <ele>2508.1047792802065</ele>
      </trkpt>
      <trkpt lat="45.16584634780884" lon="5.972034931182861">
        <ele>2506.1300594355034</ele>
      </trkpt>
      <trkpt lat="45.16584634780884" lon="5.971970558166504">
        <ele>2505.000739543375</ele>
      </trkpt>
      <trkpt lat="45.16599655151367" lon="5.971777439117432">
        <ele>2493.456067866321</ele>
      </trkpt>
      <trkpt lat="45.16612529754639" lon="5.97182035446167">
        <ele>2487.732401076145</ele>
      </trkpt>
      <trkpt lat="45.16629695892334" lon="5.971713066101074">
        <ele>2478.9062194027583</ele>
      </trkpt>
      <trkpt lat="45.1663613319397" lon="5.9717559814453125">
        <ele>2477.2968779829953</ele>
      </trkpt>
      <trkpt lat="45.166404247283936" lon="5.971734523773193">
        <ele>2475.5286378415967</ele>
      </trkpt>
      <trkpt lat="45.16649007797241" lon="5.971541404724121">
        <ele>2470.432496681972</ele>
      </trkpt>
      <trkpt lat="45.16655445098877" lon="5.971519947052002">
        <ele>2469.12245735873</ele>
      </trkpt>
      <trkpt lat="45.16661882400513" lon="5.971391201019287">
        <ele>2468.434363280238</ele>
      </trkpt>
      <trkpt lat="45.16661882400513" lon="5.971198081970215">
        <ele>2467.834140885268</ele>
      </trkpt>
      <trkpt lat="45.16657590866089" lon="5.970983505249023">
        <ele>2467.07848583181</ele>
      </trkpt>
      <trkpt lat="45.166661739349365" lon="5.970726013183594">
        <ele>2469.973699392559</ele>
      </trkpt>
      <trkpt lat="45.166683197021484" lon="5.970511436462402">
        <ele>2470.2930262414825</ele>
      </trkpt>
      <trkpt lat="45.16659711487591" lon="5.970199629664421">
        <ele>2468.394968460977</ele>
      </trkpt>
      <trkpt lat="45.16651153564453" lon="5.969889163970947">
        <ele>2461.429192356146</ele>
      </trkpt>
      <trkpt lat="45.16649007797241" lon="5.969738960266113">
        <ele>2459.058053203634</ele>
      </trkpt>
      <trkpt lat="45.16657590866089" lon="5.969524383544922">
        <ele>2454.839511410659</ele>
      </trkpt>
      <trkpt lat="45.166661739349365" lon="5.969138145446777">
        <ele>2451.7636234004185</ele>
      </trkpt>
      <trkpt lat="45.16661882400513" lon="5.9688591957092285">
        <ele>2449.041999498876</ele>
      </trkpt>
      <trkpt lat="45.16659736633301" lon="5.96858024597168">
        <ele>2444.3977791277284</ele>
      </trkpt>
      <trkpt lat="45.16657590866089" lon="5.96858024597168">
        <ele>2444.2703498411793</ele>
      </trkpt>
      <trkpt lat="45.16649007797241" lon="5.968279838562012">
        <ele>2439.505446414055</ele>
      </trkpt>
      <trkpt lat="45.16640433110297" lon="5.968172550201416">
        <ele>2437.9806279685636</ele>
      </trkpt>
      <trkpt lat="45.166404247283936" lon="5.968172550201416">
        <ele>2437.980438938065</ele>
      </trkpt>
      <trkpt lat="45.166425704956055" lon="5.96806526184082">
        <ele>2436.8096658904906</ele>
      </trkpt>
      <trkpt lat="45.16631841659546" lon="5.967850685119629">
        <ele>2434.5011685846857</ele>
      </trkpt>
      <trkpt lat="45.16629695892334" lon="5.967700481414795">
        <ele>2433.1494549338104</ele>
      </trkpt>
      <trkpt lat="45.1662540435791" lon="5.9674859046936035">
        <ele>2430.963833992098</ele>
      </trkpt>
      <trkpt lat="45.16621112823486" lon="5.96731424331665">
        <ele>2429.490888803388</ele>
      </trkpt>
      <trkpt lat="45.166168212890625" lon="5.967249870300293">
        <ele>2428.789478057084</ele>
      </trkpt>
      <trkpt lat="45.16606092453003" lon="5.966928005218506">
        <ele>2424.5400653073343</ele>
      </trkpt>
      <trkpt lat="45.16599655151367" lon="5.9665846824646">
        <ele>2421.063363993371</ele>
      </trkpt>
      <trkpt lat="45.165932178497314" lon="5.966455936431885">
        <ele>2418.8709412320673</ele>
      </trkpt>
      <trkpt lat="45.165899908170104" lon="5.966230044141412">
        <ele>2417.4834516619317</ele>
      </trkpt>
      <trkpt lat="45.16586780548096" lon="5.966005325317383">
        <ele>2417.0360170600525</ele>
      </trkpt>
      <trkpt lat="45.16586780548096" lon="5.965671809390187">
        <ele>2417.529908062212</ele>
      </trkpt>
      <trkpt lat="45.16586780548096" lon="5.9653401374816895">
        <ele>2417.870801155033</ele>
      </trkpt>
      <trkpt lat="45.16578197479248" lon="5.965061187744141">
        <ele>2416.682281744055</ele>
      </trkpt>
      <trkpt lat="45.165696144104004" lon="5.964846611022949">
        <ele>2413.389794577224</ele>
      </trkpt>
      <trkpt lat="45.16563160344958" lon="5.964470179751515">
        <ele>2408.3673051432447</ele>
      </trkpt>
      <trkpt lat="45.16556739807129" lon="5.964095592498779">
        <ele>2404.1200671233714</ele>
      </trkpt>
      <trkpt lat="45.165417194366455" lon="5.964009761810303">
        <ele>2402.5204883113593</ele>
      </trkpt>
      <trkpt lat="45.16537427902222" lon="5.964031219482422">
        <ele>2402.6341703861563</ele>
      </trkpt>
      <trkpt lat="45.165181159973145" lon="5.963881015777588">
        <ele>2400.016673235975</ele>
      </trkpt>
      <trkpt lat="45.16511678695679" lon="5.963752269744873">
        <ele>2400.6848119612114</ele>
      </trkpt>
      <trkpt lat="45.16496658325195" lon="5.963644981384277">
        <ele>2400.8780523389514</ele>
      </trkpt>
      <trkpt lat="45.16493431292474" lon="5.963419089093804">
        <ele>2402.9204990309063</ele>
      </trkpt>
      <trkpt lat="45.164902210235596" lon="5.963194370269775">
        <ele>2405.177769619849</ele>
      </trkpt>
      <trkpt lat="45.16483783721924" lon="5.963001251220703">
        <ele>2406.0125160420093</ele>
      </trkpt>
      <trkpt lat="45.16470900736749" lon="5.962840151041746">
        <ele>2403.648820018869</ele>
      </trkpt>
      <trkpt lat="45.16458034515381" lon="5.962679386138916">
        <ele>2401.570684910207</ele>
      </trkpt>
      <trkpt lat="45.16453742980957" lon="5.9624433517456055">
        <ele>2403.218557217442</ele>
      </trkpt>
      <trkpt lat="45.1643443107605" lon="5.962228775024414">
        <ele>2400.5319609829676</ele>
      </trkpt>
      <trkpt lat="45.164301227778196" lon="5.962013695389032">
        <ele>2401.518561654093</ele>
      </trkpt>
      <trkpt lat="45.16425848007202" lon="5.961799621582031">
        <ele>2401.9513677750692</ele>
      </trkpt>
      <trkpt lat="45.16416175290942" lon="5.961563168093562">
        <ele>2400.0840110104614</ele>
      </trkpt>
      <trkpt lat="45.16406536102295" lon="5.96132755279541">
        <ele>2398.3296252281207</ele>
      </trkpt>
      <trkpt lat="45.16394357196987" lon="5.961055308580399">
        <ele>2395.510339039498</ele>
      </trkpt>
      <trkpt lat="45.163821782916784" lon="5.960783064365387">
        <ele>2393.0859055962924</ele>
      </trkpt>
      <trkpt lat="45.163700580596924" lon="5.960512161254883">
        <ele>2391.971155333276</ele>
      </trkpt>
      <trkpt lat="45.1636360399425" lon="5.960297081619501">
        <ele>2391.684547056984</ele>
      </trkpt>
      <trkpt lat="45.16357183456421" lon="5.9600830078125">
        <ele>2390.7002056778456</ele>
      </trkpt>
      <trkpt lat="45.16351802274585" lon="5.959760304540396">
        <ele>2389.7858406524156</ele>
      </trkpt>
      <trkpt lat="45.16346454620361" lon="5.959439277648926">
        <ele>2387.52416618113</ele>
      </trkpt>
      <trkpt lat="45.16341073438525" lon="5.959224198013544">
        <ele>2385.5110952784353</ele>
      </trkpt>
      <trkpt lat="45.16335725784302" lon="5.959010124206543">
        <ele>2383.4269168994774</ele>
      </trkpt>
      <trkpt lat="45.163400173187256" lon="5.958623886108398">
        <ele>2381.93578146366</ele>
      </trkpt>
      <trkpt lat="45.16350746154785" lon="5.958302021026611">
        <ele>2382.4624058499585</ele>
      </trkpt>
      <trkpt lat="45.163679122924805" lon="5.957980155944824">
        <ele>2379.0821212636038</ele>
      </trkpt>
      <trkpt lat="45.16382932662964" lon="5.957787036895752">
        <ele>2377.2293634133875</ele>
      </trkpt>
      <trkpt lat="45.16403317451477" lon="5.957583105191588">
        <ele>2373.761544068256</ele>
      </trkpt>
      <trkpt lat="45.1642370223999" lon="5.957379341125488">
        <ele>2371.98547563998</ele>
      </trkpt>
      <trkpt lat="45.16429075039923" lon="5.957164261490107">
        <ele>2368.0907208787085</ele>
      </trkpt>
      <trkpt lat="45.1643443107605" lon="5.9569501876831055">
        <ele>2368.6284598177517</ele>
      </trkpt>
      <trkpt lat="45.16447305679321" lon="5.956628322601318">
        <ele>2367.729982845103</ele>
      </trkpt>
      <trkpt lat="45.16447305679321" lon="5.9563378896564245">
        <ele>2364.0147522271127</ele>
      </trkpt>
      <trkpt lat="45.16447305679321" lon="5.956048965454102">
        <ele>2365.7007770819637</ele>
      </trkpt>
      <trkpt lat="45.16450532712042" lon="5.955758532509208">
        <ele>2366.556310418596</ele>
      </trkpt>
      <trkpt lat="45.1645375136286" lon="5.955469608306885">
        <ele>2368.2730798402</ele>
      </trkpt>
      <trkpt lat="45.16458034515381" lon="5.955255031585693">
        <ele>2369.92806083086</ele>
      </trkpt>
      <trkpt lat="45.164666175842285" lon="5.95508337020874">
        <ele>2371.11340245479</ele>
      </trkpt>
      <trkpt lat="45.16475200653076" lon="5.954890251159668">
        <ele>2370.0329477586865</ele>
      </trkpt>
      <trkpt lat="45.16475200653076" lon="5.954654216766357">
        <ele>2365.5218747580666</ele>
      </trkpt>
      <trkpt lat="45.16485929489136" lon="5.954461097717285">
        <ele>2365.7006202313696</ele>
      </trkpt>
      <trkpt lat="45.164945125579834" lon="5.95433235168457">
        <ele>2365.9290065423083</ele>
      </trkpt>
      <trkpt lat="45.16507387161255" lon="5.954267978668213">
        <ele>2367.806173514964</ele>
      </trkpt>
      <trkpt lat="45.165159702301025" lon="5.954182147979736">
        <ele>2368.2538559556006</ele>
      </trkpt>
      <trkpt lat="45.165181243792176" lon="5.9540534019470215">
        <ele>2366.4676631661487</ele>
      </trkpt>
      <trkpt lat="45.16528853215277" lon="5.953946113586426">
        <ele>2366.3893406876423</ele>
      </trkpt>
      <trkpt lat="45.165417194366455" lon="5.953924655914307">
        <ele>2367.3923733289853</ele>
      </trkpt>
      <trkpt lat="45.16552448272705" lon="5.95383882522583">
        <ele>2366.4200047956065</ele>
      </trkpt>
      <trkpt lat="45.165653228759766" lon="5.953795909881592">
        <ele>2365.6072039531573</ele>
      </trkpt>
      <trkpt lat="45.165717685595155" lon="5.953817367553711">
        <ele>2366.624739960771</ele>
      </trkpt>
      <trkpt lat="45.16580351628363" lon="5.9539031982421875">
        <ele>2371.0904528069323</ele>
      </trkpt>
      <trkpt lat="45.16601800918579" lon="5.953795909881592">
        <ele>2366.1572684166654</ele>
      </trkpt>
      <trkpt lat="45.166189670562744" lon="5.953795909881592">
        <ele>2367.0946428191883</ele>
      </trkpt>
      <trkpt lat="45.16627550125122" lon="5.9537529945373535">
        <ele>2364.6634266274373</ele>
      </trkpt>
      <trkpt lat="45.166168212890625" lon="5.9535813331604">
        <ele>2351.4576601964495</ele>
      </trkpt>
      <trkpt lat="45.166168212890625" lon="5.953495502471924">
        <ele>2345.6921742672716</ele>
      </trkpt>
      <trkpt lat="45.16610383987427" lon="5.953495502471924">
        <ele>2346.274171765335</ele>
      </trkpt>
      <trkpt lat="45.166146755218506" lon="5.953431129455566">
        <ele>2341.7172023865405</ele>
      </trkpt>
      <trkpt lat="45.16612529754639" lon="5.953409671783447">
        <ele>2340.6001483692517</ele>
      </trkpt>
      <trkpt lat="45.166146755218506" lon="5.95334529876709">
        <ele>2336.4654549683682</ele>
      </trkpt>
      <trkpt lat="45.16608238220215" lon="5.953323841094971">
        <ele>2336.2026099193126</ele>
      </trkpt>
      <trkpt lat="45.16608238220215" lon="5.953216552734375">
        <ele>2330.1825432237347</ele>
      </trkpt>
      <trkpt lat="45.16610383987427" lon="5.953216552734375">
        <ele>2329.804413942875</ele>
      </trkpt>
      <trkpt lat="45.16610383987427" lon="5.953152179718018">
        <ele>2326.4960863296983</ele>
      </trkpt>
      <trkpt lat="45.166189670562744" lon="5.953152179718018">
        <ele>2325.006659458592</ele>
      </trkpt>
      <trkpt lat="45.16610383987427" lon="5.953001976013184">
        <ele>2318.9379879747703</ele>
      </trkpt>
      <trkpt lat="45.166168212890625" lon="5.952916145324707">
        <ele>2313.65387104597</ele>
      </trkpt>
      <trkpt lat="45.166168212890625" lon="5.9528303146362305">
        <ele>2309.725437422423</ele>
      </trkpt>
      <trkpt lat="45.16629695892334" lon="5.952744483947754">
        <ele>2304.6680670710366</ele>
      </trkpt>
      <trkpt lat="45.16646862030029" lon="5.952744483947754">
        <ele>2305.9265400010745</ele>
      </trkpt>
      <trkpt lat="45.16653299331665" lon="5.95259428024292">
        <ele>2300.9636027887536</ele>
      </trkpt>
      <trkpt lat="45.16649007797241" lon="5.952401161193848">
        <ele>2292.7553537675585</ele>
      </trkpt>
      <trkpt lat="45.16657590866089" lon="5.952250957489014">
        <ele>2288.814494909524</ele>
      </trkpt>
      <trkpt lat="45.16657590866089" lon="5.952057838439941">
        <ele>2282.799083669497</ele>
      </trkpt>
      <trkpt lat="45.16651153564453" lon="5.951886177062988">
        <ele>2278.4025163487545</ele>
      </trkpt>
      <trkpt lat="45.16649007797241" lon="5.951735973358154">
        <ele>2275.9034441451035</ele>
      </trkpt>
      <trkpt lat="45.16629695892334" lon="5.951392650604248">
        <ele>2268.98272633016</ele>
      </trkpt>
      <trkpt lat="45.16627550125122" lon="5.951220989227295">
        <ele>2267.9343284803026</ele>
      </trkpt>
      <trkpt lat="45.166189754381776" lon="5.951135158538818">
        <ele>2266.0996389061083</ele>
      </trkpt>
      <trkpt lat="45.166189670562744" lon="5.951135158538818">
        <ele>2266.0983285474817</ele>
      </trkpt>
      <trkpt lat="45.16621112823486" lon="5.9508562088012695">
        <ele>2264.5215096295005</ele>
      </trkpt>
      <trkpt lat="45.16610358841717" lon="5.9505982138216496">
        <ele>2262.993484206067</ele>
      </trkpt>
      <trkpt lat="45.16599655151367" lon="5.95034122467041">
        <ele>2261.70690691819</ele>
      </trkpt>
      <trkpt lat="45.16606092453003" lon="5.9499335289001465">
        <ele>2258.515374383577</ele>
      </trkpt>
      <trkpt lat="45.16603946685791" lon="5.949761867523193">
        <ele>2258.0104461410147</ele>
      </trkpt>
      <trkpt lat="45.165932178497314" lon="5.949418544769287">
        <ele>2258.2260036000075</ele>
      </trkpt>
      <trkpt lat="45.165953636169434" lon="5.949311256408691">
        <ele>2259.144846089149</ele>
      </trkpt>
      <trkpt lat="45.165910720825195" lon="5.949246883392334">
        <ele>2258.744341515311</ele>
      </trkpt>
      <trkpt lat="45.165889263153076" lon="5.949203968048096">
        <ele>2258.5442740075914</ele>
      </trkpt>
      <trkpt lat="45.165932178497314" lon="5.949118137359619">
        <ele>2259.426727119918</ele>
      </trkpt>
      <trkpt lat="45.165910720825195" lon="5.949053764343262">
        <ele>2258.9905004957604</ele>
      </trkpt>
      <trkpt lat="45.16597509384155" lon="5.948989391326904">
        <ele>2259.91823854903</ele>
      </trkpt>
      <trkpt lat="45.165910720825195" lon="5.948753356933594">
        <ele>2255.4423253129535</ele>
      </trkpt>
      <trkpt lat="45.16597509384155" lon="5.9487104415893555">
        <ele>2255.7405860643958</ele>
      </trkpt>
      <trkpt lat="45.16608238220215" lon="5.948495864868164">
        <ele>2253.778900523076</ele>
      </trkpt>
      <trkpt lat="45.16610383987427" lon="5.9482598304748535">
        <ele>2248.2339324385584</ele>
      </trkpt>
      <trkpt lat="45.16597509384155" lon="5.948324203491211">
        <ele>2244.308027374796</ele>
      </trkpt>
      <trkpt lat="45.165932178497314" lon="5.948302745819092">
        <ele>2241.994387121094</ele>
      </trkpt>
      <trkpt lat="45.165932178497314" lon="5.948216915130615">
        <ele>2238.7418502721416</ele>
      </trkpt>
      <trkpt lat="45.165889263153076" lon="5.948238372802734">
        <ele>2238.309501975177</ele>
      </trkpt>
      <trkpt lat="45.16584634780884" lon="5.948131084442139">
        <ele>2232.1998662163096</ele>
      </trkpt>
      <trkpt lat="45.16586780548096" lon="5.948066711425781">
        <ele>2230.1536626956986</ele>
      </trkpt>
      <trkpt lat="45.1658034324646" lon="5.948002338409424">
        <ele>2225.323306704784</ele>
      </trkpt>
      <trkpt lat="45.165696144104004" lon="5.948002338409424">
        <ele>2222.1490014667133</ele>
      </trkpt>
      <trkpt lat="45.16571760177612" lon="5.947895050048828">
        <ele>2218.164461672608</ele>
      </trkpt>
      <trkpt lat="45.16558885574341" lon="5.947744846343994">
        <ele>2212.4924681130906</ele>
      </trkpt>
      <trkpt lat="45.165417194366455" lon="5.947401523590088">
        <ele>2208.2437370329853</ele>
      </trkpt>
      <trkpt lat="45.165438735857606" lon="5.94735860824585">
        <ele>2208.3333590830994</ele>
      </trkpt>
      <trkpt lat="45.165438652038574" lon="5.94735860824585">
        <ele>2208.332234049484</ele>
      </trkpt>
      <trkpt lat="45.1653528213501" lon="5.947294235229492">
        <ele>2206.6843230304394</ele>
      </trkpt>
      <trkpt lat="45.16530990600586" lon="5.947294235229492">
        <ele>2206.3470363970373</ele>
      </trkpt>
      <trkpt lat="45.165159702301025" lon="5.94710111618042">
        <ele>2204.437453610946</ele>
      </trkpt>
      <trkpt lat="45.16485929489136" lon="5.947079658508301">
        <ele>2198.933149409141</ele>
      </trkpt>
      <trkpt lat="45.16477346420288" lon="5.9470367431640625">
        <ele>2196.0952656595714</ele>
      </trkpt>
      <trkpt lat="45.16465527936816" lon="5.946864914149046">
        <ele>2194.144565959936</ele>
      </trkpt>
      <trkpt lat="45.16453742980957" lon="5.946693420410156">
        <ele>2194.818180519518</ele>
      </trkpt>
      <trkpt lat="45.16449451446533" lon="5.946478843688965">
        <ele>2196.769291396183</ele>
      </trkpt>
      <trkpt lat="45.164387226104736" lon="5.946414470672607">
        <ele>2194.5480468085693</ele>
      </trkpt>
      <trkpt lat="45.164408683776855" lon="5.946264266967773">
        <ele>2193.87768828745</ele>
      </trkpt>
      <trkpt lat="45.16449451446533" lon="5.946199893951416">
        <ele>2193.501947061366</ele>
      </trkpt>
      <trkpt lat="45.16451597213745" lon="5.946156978607178">
        <ele>2192.8862983050312</ele>
      </trkpt>
      <trkpt lat="45.164430141448975" lon="5.946135520935059">
        <ele>2191.6852330295646</ele>
      </trkpt>
      <trkpt lat="45.16432285308838" lon="5.945985317230225">
        <ele>2187.0964167871716</ele>
      </trkpt>
      <trkpt lat="45.16425848007202" lon="5.946006774902344">
        <ele>2187.7462404528233</ele>
      </trkpt>
      <trkpt lat="45.16421556472778" lon="5.945920944213867">
        <ele>2183.9097598603557</ele>
      </trkpt>
      <trkpt lat="45.16404398716986" lon="5.94585657119751">
        <ele>2179.174953891997</ele>
      </trkpt>
      <trkpt lat="45.16387224197388" lon="5.945792198181152">
        <ele>2173.1579451759735</ele>
      </trkpt>
      <trkpt lat="45.16380786895752" lon="5.945620536804199">
        <ele>2170.4317933778966</ele>
      </trkpt>
      <trkpt lat="45.16361474990845" lon="5.945384502410889">
        <ele>2169.361235567314</ele>
      </trkpt>
      <trkpt lat="45.16355037689209" lon="5.9453630447387695">
        <ele>2168.4656797142243</ele>
      </trkpt>
      <trkpt lat="45.163679122924805" lon="5.945320129394531">
        <ele>2168.269216628265</ele>
      </trkpt>
      <trkpt lat="45.16374349594116" lon="5.945320129394531">
        <ele>2167.132798666893</ele>
      </trkpt>
      <trkpt lat="45.16382932662964" lon="5.945384502410889">
        <ele>2166.148456252569</ele>
      </trkpt>
      <trkpt lat="45.16385078430176" lon="5.94534158706665">
        <ele>2164.655104627109</ele>
      </trkpt>
      <trkpt lat="45.16376495361328" lon="5.945127010345459">
        <ele>2162.2632523150887</ele>
      </trkpt>
      <trkpt lat="45.16371114179492" lon="5.944815119728446">
        <ele>2156.3326255113648</ele>
      </trkpt>
      <trkpt lat="45.163657665252686" lon="5.944504737854004">
        <ele>2156.445288997653</ele>
      </trkpt>
      <trkpt lat="45.16372203826904" lon="5.9445905685424805">
        <ele>2153.147211128683</ele>
      </trkpt>
      <trkpt lat="45.16385078430176" lon="5.9446120262146">
        <ele>2147.500243871543</ele>
      </trkpt>
      <trkpt lat="45.163893699645996" lon="5.944654941558838">
        <ele>2146.796031103483</ele>
      </trkpt>
      <trkpt lat="45.16400098800659" lon="5.944569110870361">
        <ele>2141.2367551110333</ele>
      </trkpt>
      <trkpt lat="45.16397953033447" lon="5.944461822509766">
        <ele>2139.716418946833</ele>
      </trkpt>
      <trkpt lat="45.16387224197388" lon="5.9442901611328125">
        <ele>2139.6904418373056</ele>
      </trkpt>
      <trkpt lat="45.163893699645996" lon="5.944010457023978">
        <ele>2134.720901788184</ele>
      </trkpt>
      <trkpt lat="45.163915157318115" lon="5.943732261657715">
        <ele>2130.251235613583</ele>
      </trkpt>
      <trkpt lat="45.16408681869507" lon="5.943882465362549">
        <ele>2124.5882109616637</ele>
      </trkpt>
      <trkpt lat="45.16410827636719" lon="5.943882465362549">
        <ele>2123.721262223047</ele>
      </trkpt>
      <trkpt lat="45.16412973403931" lon="5.943818092346191">
        <ele>2121.789509014491</ele>
      </trkpt>
      <trkpt lat="45.16410827636719" lon="5.943775177001953">
        <ele>2122.0123793289704</ele>
      </trkpt>
      <trkpt lat="45.16406536102295" lon="5.9433674812316895">
        <ele>2119.623268726174</ele>
      </trkpt>
      <trkpt lat="45.164172649383545" lon="5.943517684936523">
        <ele>2115.2162988778537</ele>
      </trkpt>
      <trkpt lat="45.16421556472778" lon="5.943517684936523">
        <ele>2113.475300116629</ele>
      </trkpt>
      <trkpt lat="45.1642370223999" lon="5.943496227264404">
        <ele>2112.1889353408123</ele>
      </trkpt>
      <trkpt lat="45.1642370223999" lon="5.9433674812316895">
        <ele>2109.5596866137926</ele>
      </trkpt>
      <trkpt lat="45.164194107055664" lon="5.943324565887451">
        <ele>2110.8994939785935</ele>
      </trkpt>
      <trkpt lat="45.164194107055664" lon="5.943152904510498">
        <ele>2108.607577707248</ele>
      </trkpt>
      <trkpt lat="45.16430139541626" lon="5.943303108215332">
        <ele>2105.8954570206297</ele>
      </trkpt>
      <trkpt lat="45.164387226104736" lon="5.9433674812316895">
        <ele>2104.456491939821</ele>
      </trkpt>
      <trkpt lat="45.164387226104736" lon="5.943152904510498">
        <ele>2100.7469094349003</ele>
      </trkpt>
      <trkpt lat="45.164408683776855" lon="5.943131446838379">
        <ele>2099.9760154137452</ele>
      </trkpt>
      <trkpt lat="45.16447305679321" lon="5.943174362182617">
        <ele>2099.1678957785944</ele>
      </trkpt>
      <trkpt lat="45.16451597213745" lon="5.943002700805664">
        <ele>2096.279137109605</ele>
      </trkpt>
      <trkpt lat="45.16458034515381" lon="5.942981243133545">
        <ele>2094.0152185876814</ele>
      </trkpt>
      <trkpt lat="45.16466634348035" lon="5.942777059972286">
        <ele>2088.699656454155</ele>
      </trkpt>
      <trkpt lat="45.16475209034979" lon="5.942573547363281">
        <ele>2084.0724760852772</ele>
      </trkpt>
      <trkpt lat="45.164891481399536" lon="5.9424662590026855">
        <ele>2076.0497772221056</ele>
      </trkpt>
      <trkpt lat="45.16503095626831" lon="5.94235897064209">
        <ele>2073.5314490398778</ele>
      </trkpt>
      <trkpt lat="45.16509532928467" lon="5.942423343658447">
        <ele>2074.1016988669335</ele>
      </trkpt>
      <trkpt lat="45.165181159973145" lon="5.942444801330566">
        <ele>2075.1372555693383</ele>
      </trkpt>
      <trkpt lat="45.1653528213501" lon="5.942316055297852">
        <ele>2075.179546756812</ele>
      </trkpt>
      <trkpt lat="45.165395736694336" lon="5.942208766937256">
        <ele>2074.950189601917</ele>
      </trkpt>
      <trkpt lat="45.16561031341553" lon="5.941908359527588">
        <ele>2074.219084286263</ele>
      </trkpt>
      <trkpt lat="45.16578197479248" lon="5.9415435791015625">
        <ele>2070.656143481523</ele>
      </trkpt>
      <trkpt lat="45.166060673072934" lon="5.941629325971007">
        <ele>2071.9784059226845</ele>
      </trkpt>
      <trkpt lat="45.16633987426758" lon="5.941715240478516">
        <ele>2070.338315925832</ele>
      </trkpt>
      <trkpt lat="45.166382789611816" lon="5.941779613494873">
        <ele>2072.2291444145094</ele>
      </trkpt>
      <trkpt lat="45.166447162628174" lon="5.941779613494873">
        <ele>2071.4296365131913</ele>
      </trkpt>
      <trkpt lat="45.16655445098877" lon="5.941629409790039">
        <ele>2066.3280949739765</ele>
      </trkpt>
      <trkpt lat="45.166683197021484" lon="5.9415005799382925">
        <ele>2063.0746335561203</ele>
      </trkpt>
      <trkpt lat="45.1668119430542" lon="5.941371917724609">
        <ele>2059.9576996357973</ele>
      </trkpt>
      <trkpt lat="45.166897773742676" lon="5.941264629364014">
        <ele>2057.9114537834894</ele>
      </trkpt>
      <trkpt lat="45.16698360443115" lon="5.940964221954346">
        <ele>2053.451541499601</ele>
      </trkpt>
      <trkpt lat="45.16698360443115" lon="5.940792560577393">
        <ele>2050.4031961566484</ele>
      </trkpt>
      <trkpt lat="45.166897773742676" lon="5.94059944152832">
        <ele>2046.320809966989</ele>
      </trkpt>
      <trkpt lat="45.166897773742676" lon="5.940535068511963">
        <ele>2045.659689081644</ele>
      </trkpt>
      <trkpt lat="45.1670051459223" lon="5.94036340713501">
        <ele>2045.995042236259</ele>
      </trkpt>
      <trkpt lat="45.16700506210327" lon="5.94036340713501">
        <ele>2045.993876592201</ele>
      </trkpt>
      <trkpt lat="45.167176723480225" lon="5.940449237823486">
        <ele>2047.7671737329642</ele>
      </trkpt>
      <trkpt lat="45.16721963882446" lon="5.940406322479248">
        <ele>2047.037662084547</ele>
      </trkpt>
      <trkpt lat="45.167391300201416" lon="5.940084457397461">
        <ele>2041.9392131498284</ele>
      </trkpt>
      <trkpt lat="45.16745567321777" lon="5.940041542053223">
        <ele>2041.822775284662</ele>
      </trkpt>
      <trkpt lat="45.16748785972595" lon="5.93977265059948">
        <ele>2039.5611535335706</ele>
      </trkpt>
      <trkpt lat="45.16752004623413" lon="5.939505100250244">
        <ele>2037.8849230321014</ele>
      </trkpt>
      <trkpt lat="45.16758441925049" lon="5.939290523529053">
        <ele>2037.598339498471</ele>
      </trkpt>
      <trkpt lat="45.16777753829956" lon="5.939033031463623">
        <ele>2035.4411148589625</ele>
      </trkpt>
      <trkpt lat="45.167906284332275" lon="5.938990116119385">
        <ele>2033.8922009671937</ele>
      </trkpt>
      <trkpt lat="45.167884826660156" lon="5.938882827758789">
        <ele>2030.7121591404448</ele>
      </trkpt>
      <trkpt lat="45.167884826660156" lon="5.938818454742432">
        <ele>2028.7081113788267</ele>
      </trkpt>
      <trkpt lat="45.167906284332275" lon="5.93886137008667">
        <ele>2029.6510252257822</ele>
      </trkpt>
      <trkpt lat="45.16799211502075" lon="5.93886137008667">
        <ele>2028.0785517681618</ele>
      </trkpt>
      <trkpt lat="45.16807794570923" lon="5.9389472007751465">
        <ele>2027.8089425941284</ele>
      </trkpt>
      <trkpt lat="45.168163776397705" lon="5.9389472007751465">
        <ele>2025.0897247719377</ele>
      </trkpt>
      <trkpt lat="45.16824960708618" lon="5.939033031463623">
        <ele>2026.7061621761063</ele>
      </trkpt>
      <trkpt lat="45.16829252243042" lon="5.939033031463623">
        <ele>2025.783830812638</ele>
      </trkpt>
      <trkpt lat="45.16846418380737" lon="5.93886137008667">
        <ele>2017.5247681702995</ele>
      </trkpt>
      <trkpt lat="45.168635845184326" lon="5.938818454742432">
        <ele>2017.7520802800843</ele>
      </trkpt>
      <trkpt lat="45.1687216758728" lon="5.938711166381836">
        <ele>2015.5698176982014</ele>
      </trkpt>
      <trkpt lat="45.1688289642334" lon="5.9384965896606445">
        <ele>2010.8129384549807</ele>
      </trkpt>
      <trkpt lat="45.16895771026611" lon="5.938389301300049">
        <ele>2011.2337225855786</ele>
      </trkpt>
      <trkpt lat="45.1691294554621" lon="5.938131557777524">
        <ele>2007.237458980402</ele>
      </trkpt>
      <trkpt lat="45.16930103302002" lon="5.9378743171691895">
        <ele>2004.0644182346484</ele>
      </trkpt>
      <trkpt lat="45.16936540603638" lon="5.937831401824951">
        <ele>2004.5469928597086</ele>
      </trkpt>
      <trkpt lat="45.16957998275757" lon="5.937552452087402">
        <ele>1998.4969936626771</ele>
      </trkpt>
      <trkpt lat="45.16975164413452" lon="5.937466621398926">
        <ele>1998.2211085569224</ele>
      </trkpt>
      <trkpt lat="45.16977310180664" lon="5.937402248382568">
        <ele>1995.3611055728775</ele>
      </trkpt>
      <trkpt lat="45.16985893249512" lon="5.937337875366211">
        <ele>1993.5482696627998</ele>
      </trkpt>
      <trkpt lat="45.170073341578245" lon="5.937252044677734">
        <ele>1991.5190861857263</ele>
      </trkpt>
      <trkpt lat="45.1702880859375" lon="5.937166213989258">
        <ele>1988.459491406873</ele>
      </trkpt>
      <trkpt lat="45.17054557800293" lon="5.9372735023498535">
        <ele>2001.9687320232388</ele>
      </trkpt>
      <trkpt lat="45.17060995101929" lon="5.937230587005615">
        <ele>1999.5288211129796</ele>
      </trkpt>
      <trkpt lat="45.170674324035645" lon="5.937166213989258">
        <ele>1995.5024282562863</ele>
      </trkpt>
      <trkpt lat="45.17080307006836" lon="5.936844348907471">
        <ele>1978.3615583960275</ele>
      </trkpt>
      <trkpt lat="45.17101764678955" lon="5.936629772186279">
        <ele>1978.3754655700855</ele>
      </trkpt>
      <trkpt lat="45.17111429013312" lon="5.93640404753387">
        <ele>1978.206143536466</ele>
      </trkpt>
      <trkpt lat="45.17121076583862" lon="5.936179161071777">
        <ele>1979.996845712848</ele>
      </trkpt>
      <trkpt lat="45.171281760558486" lon="5.936155524104834">
        <ele>1981.8761166533086</ele>
      </trkpt>
      <trkpt lat="45.17133951187134" lon="5.936136245727539">
        <ele>1982.87687588267</ele>
      </trkpt>
      <trkpt lat="45.171446800231934" lon="5.936157703399658">
        <ele>1984.271192690029</ele>
      </trkpt>
      <trkpt lat="45.17146825790405" lon="5.936286449432373">
        <ele>1985.8853380245387</ele>
      </trkpt>
      <trkpt lat="45.17146825790405" lon="5.9365010261535645">
        <ele>1988.9608523701768</ele>
      </trkpt>
      <trkpt lat="45.17153263092041" lon="5.936672687530518">
        <ele>1993.110344558007</ele>
      </trkpt>
      <trkpt lat="45.171446800231934" lon="5.936951637268066">
        <ele>2000.3486299845003</ele>
      </trkpt>
      <trkpt lat="45.17148971557617" lon="5.937016010284424">
        <ele>2003.676366868604</ele>
      </trkpt>
      <trkpt lat="45.17159700393677" lon="5.937016010284424">
        <ele>2005.9470641771247</ele>
      </trkpt>
      <trkpt lat="45.17157554626465" lon="5.937058925628662">
        <ele>2007.1404461358288</ele>
      </trkpt>
      <trkpt lat="45.17170429229736" lon="5.937209129333496">
        <ele>2015.477938849941</ele>
      </trkpt>
      <trkpt lat="45.17176866531372" lon="5.937337875366211">
        <ele>2022.248845380379</ele>
      </trkpt>
      <trkpt lat="45.1718544960022" lon="5.937595367431641">
        <ele>2035.3097201755945</ele>
      </trkpt>
      <trkpt lat="45.171972597017884" lon="5.937777925282717">
        <ele>2047.353933074001</ele>
      </trkpt>
      <trkpt lat="45.17209053039551" lon="5.937960147857666">
        <ele>2059.9121789231917</ele>
      </trkpt>
      <trkpt lat="45.17226219177246" lon="5.938174724578857">
        <ele>2072.0455801553476</ele>
      </trkpt>
      <trkpt lat="45.1723051071167" lon="5.938174724578857">
        <ele>2072.5851309358136</ele>
      </trkpt>
      <trkpt lat="45.17236948013306" lon="5.9381103515625">
        <ele>2072.1719867110223</ele>
      </trkpt>
      <trkpt lat="45.172390937805176" lon="5.938024520874023">
        <ele>2070.8855472039327</ele>
      </trkpt>
      <trkpt lat="45.17247676849365" lon="5.938003063201904">
        <ele>2072.085973279925</ele>
      </trkpt>
      <trkpt lat="45.17261624336243" lon="5.93812108039856">
        <ele>2075.9096620663377</ele>
      </trkpt>
      <trkpt lat="45.1727557182312" lon="5.938239097595215">
        <ele>2079.540648822661</ele>
      </trkpt>
      <trkpt lat="45.172927463427186" lon="5.938486028462648">
        <ele>2084.6530783893086</ele>
      </trkpt>
      <trkpt lat="45.17309904098511" lon="5.938732624053955">
        <ele>2089.0982522934937</ele>
      </trkpt>
      <trkpt lat="45.17322778701782" lon="5.938839912414551">
        <ele>2092.686418962735</ele>
      </trkpt>
      <trkpt lat="45.17327070236206" lon="5.938904285430908">
        <ele>2093.621285908494</ele>
      </trkpt>
      <trkpt lat="45.17350673675537" lon="5.939054489135742">
        <ele>2101.5736044794103</ele>
      </trkpt>
      <trkpt lat="45.173656940460205" lon="5.939419269561768">
        <ele>2110.367983749088</ele>
      </trkpt>
      <trkpt lat="45.17361402511597" lon="5.939548015594482">
        <ele>2109.005771894526</ele>
      </trkpt>
      <trkpt lat="45.173656940460205" lon="5.939762592315674">
        <ele>2114.6858984743635</ele>
      </trkpt>
      <trkpt lat="45.173689126968384" lon="5.940171293914318">
        <ele>2120.676836039075</ele>
      </trkpt>
      <trkpt lat="45.17372131347656" lon="5.940577983856201">
        <ele>2132.2310056143824</ele>
      </trkpt>
      <trkpt lat="45.17380714416504" lon="5.940921306610107">
        <ele>2137.0164648461896</ele>
      </trkpt>
      <trkpt lat="45.173892974853516" lon="5.941157341003418">
        <ele>2142.164279504259</ele>
      </trkpt>
      <trkpt lat="45.17395734786987" lon="5.941522121429443">
        <ele>2152.325430713127</ele>
      </trkpt>
      <trkpt lat="45.17391426488757" lon="5.9418124705553055">
        <ele>2157.2351797812744</ele>
      </trkpt>
      <trkpt lat="45.1738715171814" lon="5.94210147857666">
        <ele>2160.596440768254</ele>
      </trkpt>
      <trkpt lat="45.1738715171814" lon="5.942391827702522">
        <ele>2166.6927221414962</ele>
      </trkpt>
      <trkpt lat="45.1738715171814" lon="5.942680835723877">
        <ele>2177.281091050718</ele>
      </trkpt>
      <trkpt lat="45.1737642288208" lon="5.942809581756592">
        <ele>2181.0309267856346</ele>
      </trkpt>
      <trkpt lat="45.1738715171814" lon="5.942938327789307">
        <ele>2182.8575056539426</ele>
      </trkpt>
      <trkpt lat="45.173914432525635" lon="5.943131446838379">
        <ele>2185.3232595838354</ele>
      </trkpt>
      <trkpt lat="45.1738715171814" lon="5.943431854248047">
        <ele>2191.7605102983252</ele>
      </trkpt>
      <trkpt lat="45.17395734786987" lon="5.9438395500183105">
        <ele>2198.3651176050794</ele>
      </trkpt>
      <trkpt lat="45.173892974853516" lon="5.944054126739502">
        <ele>2202.3427081237814</ele>
      </trkpt>
      <trkpt lat="45.173635482788086" lon="5.943968296051025">
        <ele>2205.2286793084113</ele>
      </trkpt>
      <trkpt lat="45.17335653305054" lon="5.94409704208374">
        <ele>2213.4198154865767</ele>
      </trkpt>
      <trkpt lat="45.17329216003418" lon="5.944054126739502">
        <ele>2215.904917335784</ele>
      </trkpt>
      <trkpt lat="45.173163414001465" lon="5.943775177001953">
        <ele>2222.072691572226</ele>
      </trkpt>
      <trkpt lat="45.17299158498645" lon="5.943560432642698">
        <ele>2231.221950942371</ele>
      </trkpt>
      <trkpt lat="45.17282009124756" lon="5.94334602355957">
        <ele>2237.2946201715295</ele>
      </trkpt>
      <trkpt lat="45.17279863357544" lon="5.943431854248047">
        <ele>2238.5118397043534</ele>
      </trkpt>
      <trkpt lat="45.17277717590332" lon="5.943431854248047">
        <ele>2239.1026495770775</ele>
      </trkpt>
      <trkpt lat="45.17273426055908" lon="5.943582057952881">
        <ele>2241.188944666339</ele>
      </trkpt>
      <trkpt lat="45.172626972198486" lon="5.943667888641357">
        <ele>2243.7870289213975</ele>
      </trkpt>
      <trkpt lat="45.17260551452637" lon="5.943882465362549">
        <ele>2244.7032906607174</ele>
      </trkpt>
      <trkpt lat="45.17245531082153" lon="5.944075584411621">
        <ele>2248.1591375081343</ele>
      </trkpt>
      <trkpt lat="45.172294210642576" lon="5.9443010576069355">
        <ele>2252.510071285671</ele>
      </trkpt>
      <trkpt lat="45.172133445739746" lon="5.944526195526123">
        <ele>2257.114994264724</ele>
      </trkpt>
      <trkpt lat="45.17232656478882" lon="5.9446120262146">
        <ele>2254.081923072769</ele>
      </trkpt>
      <trkpt lat="45.172433853149414" lon="5.9447407722473145">
        <ele>2253.155732422008</ele>
      </trkpt>
      <trkpt lat="45.1725519541651" lon="5.94493405893445">
        <ele>2253.423325884524</ele>
      </trkpt>
      <trkpt lat="45.172669887542725" lon="5.945127010345459">
        <ele>2255.091282732012</ele>
      </trkpt>
      <trkpt lat="45.17271280288696" lon="5.945320129394531">
        <ele>2259.7753507231055</ele>
      </trkpt>
      <trkpt lat="45.17273467965424" lon="5.9453456941992044">
        <ele>2260.2693214307806</ele>
      </trkpt>
      <trkpt lat="45.17284154891968" lon="5.945470333099365">
        <ele>2263.0785724304983</ele>
      </trkpt>
      <trkpt lat="45.17284154891968" lon="5.945620536804199">
        <ele>2268.7621854013505</ele>
      </trkpt>
      <trkpt lat="45.172905921936035" lon="5.945706367492676">
        <ele>2271.558923598487</ele>
      </trkpt>
      <trkpt lat="45.17284154891968" lon="5.945792198181152">
        <ele>2275.5225969140993</ele>
      </trkpt>
      <trkpt lat="45.172927379608154" lon="5.94585657119751">
        <ele>2277.56652089649</ele>
      </trkpt>
      <trkpt lat="45.172884464263916" lon="5.9459638595581055">
        <ele>2282.3039697288386</ele>
      </trkpt>
      <trkpt lat="45.172927379608154" lon="5.946006774902344">
        <ele>2283.8561680049606</ele>
      </trkpt>
      <trkpt lat="45.17301321029663" lon="5.946006774902344">
        <ele>2283.427539589915</ele>
      </trkpt>
      <trkpt lat="45.17305612564087" lon="5.946071147918701">
        <ele>2286.074402982878</ele>
      </trkpt>
      <trkpt lat="45.17305612564087" lon="5.946156978607178">
        <ele>2289.8732176832964</ele>
      </trkpt>
      <trkpt lat="45.17312049865723" lon="5.946156978607178">
        <ele>2289.8004227272395</ele>
      </trkpt>
      <trkpt lat="45.17322778701782" lon="5.946264266967773">
        <ele>2295.158586084421</ele>
      </trkpt>
      <trkpt lat="45.17322778701782" lon="5.946307182312012">
        <ele>2297.298591687997</ele>
      </trkpt>
      <trkpt lat="45.1732063293457" lon="5.94635009765625">
        <ele>2299.2245742828554</ele>
      </trkpt>
      <trkpt lat="45.17327070236206" lon="5.946478843688965">
        <ele>2306.4376219957894</ele>
      </trkpt>
      <trkpt lat="45.1733136177063" lon="5.946500301361084">
        <ele>2308.1850712647347</ele>
      </trkpt>
      <trkpt lat="45.1733136177063" lon="5.946671962738037">
        <ele>2316.8464233437426</ele>
      </trkpt>
      <trkpt lat="45.173377990722656" lon="5.946714878082275">
        <ele>2320.505271187258</ele>
      </trkpt>
      <trkpt lat="45.173420906066895" lon="5.946865081787109">
        <ele>2328.722667893144</ele>
      </trkpt>
      <trkpt lat="45.17346382141113" lon="5.94684362411499">
        <ele>2328.9399476142517</ele>
      </trkpt>
      <trkpt lat="45.17348527908325" lon="5.946907997131348">
        <ele>2332.3870983462284</ele>
      </trkpt>
      <trkpt lat="45.17350673675537" lon="5.9468865394592285">
        <ele>2332.192796990822</ele>
      </trkpt>
      <trkpt lat="45.17357110977173" lon="5.947058200836182">
        <ele>2340.968152884213</ele>
      </trkpt>
      <trkpt lat="45.17359256744385" lon="5.9470367431640625">
        <ele>2341.006076272577</ele>
      </trkpt>
      <trkpt lat="45.173656940460205" lon="5.9470367431640625">
        <ele>2343.196191476217</ele>
      </trkpt>
      <trkpt lat="45.173635482788086" lon="5.94710111618042">
        <ele>2344.470808384529</ele>
      </trkpt>
      <trkpt lat="45.17372131347656" lon="5.94710111618042">
        <ele>2347.313277385291</ele>
      </trkpt>
      <trkpt lat="45.17372131347656" lon="5.947208404541016">
        <ele>2350.5176049898328</ele>
      </trkpt>
      <trkpt lat="45.17378568649292" lon="5.947422981262207">
        <ele>2356.703209500264</ele>
      </trkpt>
      <trkpt lat="45.1737642288208" lon="5.9474873542785645">
        <ele>2357.1662276282514</ele>
      </trkpt>
      <trkpt lat="45.17380714416504" lon="5.947616100311279">
        <ele>2359.636466431703</ele>
      </trkpt>
      <trkpt lat="45.17378568649292" lon="5.947980880737305">
        <ele>2362.3745606802286</ele>
      </trkpt>
      <trkpt lat="45.173935890197754" lon="5.9480881690979">
        <ele>2360.782766366613</ele>
      </trkpt>
      <trkpt lat="45.17408609390259" lon="5.948152542114258">
        <ele>2358.1127541861133</ele>
      </trkpt>
      <trkpt lat="45.17420411109924" lon="5.9483028296381235">
        <ele>2353.2700172559657</ele>
      </trkpt>
      <trkpt lat="45.1743221282959" lon="5.948452949523926">
        <ele>2347.0243708398903</ele>
      </trkpt>
      <trkpt lat="45.1743221282959" lon="5.948517322540283">
        <ele>2345.820206423984</ele>
      </trkpt>
      <trkpt lat="45.17436504364014" lon="5.948581695556641">
        <ele>2343.14209387952</ele>
      </trkpt>
      <trkpt lat="45.17427921295166" lon="5.948753356933594">
        <ele>2343.096591836229</ele>
      </trkpt>
      <trkpt lat="45.174129009246826" lon="5.949118137359619">
        <ele>2343.614865679393</ele>
      </trkpt>
      <trkpt lat="45.174171924591064" lon="5.949225425720215">
        <ele>2340.6521613455907</ele>
      </trkpt>
      <trkpt lat="45.174193382263184" lon="5.949440002441406">
        <ele>2338.7819999905732</ele>
      </trkpt>
      <trkpt lat="45.17430067062378" lon="5.949418544769287">
        <ele>2332.2808609920694</ele>
      </trkpt>
      <trkpt lat="45.17436504364014" lon="5.949697494506836">
        <ele>2324.9698098272274</ele>
      </trkpt>
      <trkpt lat="45.174407958984375" lon="5.949740409851074">
        <ele>2321.0313168916728</ele>
      </trkpt>
      <trkpt lat="45.174386501312256" lon="5.949954986572266">
        <ele>2319.69831081719</ele>
      </trkpt>
      <trkpt lat="45.174515414983034" lon="5.95030602067709">
        <ele>2306.308508396987</ele>
      </trkpt>
      <trkpt lat="45.174644412472844" lon="5.9506571386009455">
        <ele>2298.504019887331</ele>
      </trkpt>
      <trkpt lat="45.1747727394104" lon="5.9510064125061035">
        <ele>2295.511520702885</ele>
      </trkpt>
      <trkpt lat="45.17494440078735" lon="5.951242446899414">
        <ele>2289.1756455720056</ele>
      </trkpt>
      <trkpt lat="45.17503031529486" lon="5.9513068199157715">
        <ele>2285.5388791373502</ele>
      </trkpt>
      <trkpt lat="45.175137519836426" lon="5.951371192932129">
        <ele>2280.9215788352453</ele>
      </trkpt>
      <trkpt lat="45.1752233505249" lon="5.951478481292725">
        <ele>2277.3685808529162</ele>
      </trkpt>
      <trkpt lat="45.17528772354126" lon="5.951521396636963">
        <ele>2274.49803447107</ele>
      </trkpt>
      <trkpt lat="45.1753306388855" lon="5.951435565948486">
        <ele>2272.1440188950337</ele>
      </trkpt>
      <trkpt lat="45.17545938491821" lon="5.951499938964844">
        <ele>2265.944797692042</ele>
      </trkpt>
      <trkpt lat="45.17552375793457" lon="5.9516072273254395">
        <ele>2263.337759945705</ele>
      </trkpt>
      <trkpt lat="45.17558813095093" lon="5.95158576965332">
        <ele>2259.94110923496</ele>
      </trkpt>
      <trkpt lat="45.175673961639404" lon="5.951757431030273">
        <ele>2257.9699683783874</ele>
      </trkpt>
      <trkpt lat="45.17584562301636" lon="5.951896905899048">
        <ele>2253.440158095689</ele>
      </trkpt>
      <trkpt lat="45.17601728439331" lon="5.952036380767822">
        <ele>2249.178824991243</ele>
      </trkpt>
      <trkpt lat="45.17603874206543" lon="5.95210075378418">
        <ele>2249.872512344889</ele>
      </trkpt>
      <trkpt lat="45.17610311508179" lon="5.952143669128418">
        <ele>2248.0462868041805</ele>
      </trkpt>
      <trkpt lat="45.1762318611145" lon="5.952272415161133">
        <ele>2245.900561839111</ele>
      </trkpt>
      <trkpt lat="45.17631769180298" lon="5.952315330505371">
        <ele>2243.4210757385263</ele>
      </trkpt>
      <trkpt lat="45.17633923329413" lon="5.9523797035217285">
        <ele>2243.969091601789</ele>
      </trkpt>
      <trkpt lat="45.17647862434387" lon="5.952519178390503">
        <ele>2240.3101140112</ele>
      </trkpt>
      <trkpt lat="45.17661809921265" lon="5.952658653259277">
        <ele>2235.814345732923</ele>
      </trkpt>
      <trkpt lat="45.1767897605896" lon="5.9529805183410645">
        <ele>2233.091593640066</ele>
      </trkpt>
      <trkpt lat="45.176918506622314" lon="5.953109264373779">
        <ele>2229.054182408562</ele>
      </trkpt>
      <trkpt lat="45.17700433731079" lon="5.953130722045898">
        <ele>2224.980871690818</ele>
      </trkpt>
      <trkpt lat="45.17702579498291" lon="5.95308780670166">
        <ele>2222.6776918980318</ele>
      </trkpt>
      <trkpt lat="45.177175998687744" lon="5.953248739242554">
        <ele>2219.598603828025</ele>
      </trkpt>
      <trkpt lat="45.17732620239258" lon="5.953409671783447">
        <ele>2219.0237005307135</ele>
      </trkpt>
      <trkpt lat="45.177433490753174" lon="5.9534525871276855">
        <ele>2217.2069212979904</ele>
      </trkpt>
      <trkpt lat="45.177594255656004" lon="5.953420400619507">
        <ele>2211.2442795670986</ele>
      </trkpt>
      <trkpt lat="45.17775535583496" lon="5.953388214111328">
        <ele>2206.031281788124</ele>
      </trkpt>
      <trkpt lat="45.17793757840991" lon="5.953388130292296">
        <ele>2201.879077850136</ele>
      </trkpt>
      <trkpt lat="45.178120136260986" lon="5.953388214111328">
        <ele>2196.9787691247766</ele>
      </trkpt>
      <trkpt lat="45.178399085998535" lon="5.953559875488281">
        <ele>2202.324344188255</ele>
      </trkpt>
      <trkpt lat="45.17854928970337" lon="5.953495502471924">
        <ele>2195.3327678951964</ele>
      </trkpt>
      <trkpt lat="45.17876386642456" lon="5.9535813331604">
        <ele>2202.996839095824</ele>
      </trkpt>
      <trkpt lat="45.17906427383423" lon="5.9534525871276855">
        <ele>2194.4255602144667</ele>
      </trkpt>
      <trkpt lat="45.17927885055542" lon="5.953259468078613">
        <ele>2180.3320229969668</ele>
      </trkpt>
      <trkpt lat="45.179386138916016" lon="5.95308780670166">
        <ele>2169.278912006819</ele>
      </trkpt>
      <trkpt lat="45.179622173309326" lon="5.952873229980469">
        <ele>2163.388596063401</ele>
      </trkpt>
      <trkpt lat="45.17984756268561" lon="5.952594028785825">
        <ele>2157.809236771058</ele>
      </trkpt>
      <trkpt lat="45.18007278442383" lon="5.952315330505371">
        <ele>2156.3158643745637</ele>
      </trkpt>
      <trkpt lat="45.180158615112305" lon="5.952057838439941">
        <ele>2151.584134847598</ele>
      </trkpt>
      <trkpt lat="45.18020153045654" lon="5.952014923095703">
        <ele>2151.686388184864</ele>
      </trkpt>
      <trkpt lat="45.1802659034729" lon="5.951864719390869">
        <ele>2147.5573774477502</ele>
      </trkpt>
      <trkpt lat="45.18043756484985" lon="5.951757431030273">
        <ele>2146.001833648118</ele>
      </trkpt>
      <trkpt lat="45.18063051626086" lon="5.9516823291778564">
        <ele>2144.0973682633926</ele>
      </trkpt>
      <trkpt lat="45.180823802948" lon="5.9516072273254395">
        <ele>2139.152994517808</ele>
      </trkpt>
      <trkpt lat="45.18095254898071" lon="5.951650142669678">
        <ele>2142.303708234833</ele>
      </trkpt>
      <trkpt lat="45.181167125701904" lon="5.951821804046631">
        <ele>2149.901869551991</ele>
      </trkpt>
      <trkpt lat="45.18123149871826" lon="5.951778888702393">
        <ele>2145.3091001754</ele>
      </trkpt>
      <trkpt lat="45.18131732940674" lon="5.951478481292725">
        <ele>2127.451009175141</ele>
      </trkpt>
      <trkpt lat="45.181403160095215" lon="5.951414108276367">
        <ele>2123.7800415050806</ele>
      </trkpt>
      <trkpt lat="45.18146753311157" lon="5.951263904571533">
        <ele>2117.295029400559</ele>
      </trkpt>
      <trkpt lat="45.181660652160645" lon="5.95105997286737">
        <ele>2114.1635907005216</ele>
      </trkpt>
      <trkpt lat="45.18185377120972" lon="5.9508562088012695">
        <ele>2114.3396281705323</ele>
      </trkpt>
      <trkpt lat="45.18204689025879" lon="5.950770378112793">
        <ele>2118.452705232529</ele>
      </trkpt>
      <trkpt lat="45.18230438232422" lon="5.950641632080078">
        <ele>2126.6765561250104</ele>
      </trkpt>
      <trkpt lat="45.18234738148749" lon="5.950491428375244">
        <ele>2127.7756327688226</ele>
      </trkpt>
      <trkpt lat="45.182433128356934" lon="5.950448513031006">
        <ele>2132.556542618557</ele>
      </trkpt>
      <trkpt lat="45.182433128356934" lon="5.950620174407959">
        <ele>2132.3194624053963</ele>
      </trkpt>
      <trkpt lat="45.18249750137329" lon="5.950577259063721">
        <ele>2135.5962417345263</ele>
      </trkpt>
      <trkpt lat="45.18256195820868" lon="5.9507060050964355">
        <ele>2136.3055731192</ele>
      </trkpt>
      <trkpt lat="45.18256187438965" lon="5.95083475112915">
        <ele>2132.8116820849827</ele>
      </trkpt>
      <trkpt lat="45.18260478973389" lon="5.950920581817627">
        <ele>2130.3410843549536</ele>
      </trkpt>
      <trkpt lat="45.18251895904541" lon="5.951027870178223">
        <ele>2124.216232687451</ele>
      </trkpt>
      <trkpt lat="45.182626247406006" lon="5.95109224319458">
        <ele>2121.9827268399104</ele>
      </trkpt>
      <trkpt lat="45.182669162750244" lon="5.951199531555176">
        <ele>2116.2686686287534</ele>
      </trkpt>
      <trkpt lat="45.18260478973389" lon="5.951220989227295">
        <ele>2114.351241617933</ele>
      </trkpt>
      <trkpt lat="45.182626247406006" lon="5.951263904571533">
        <ele>2111.734392606924</ele>
      </trkpt>
      <trkpt lat="45.18251895904541" lon="5.951414108276367">
        <ele>2103.1284099434597</ele>
      </trkpt>
      <trkpt lat="45.18234729766846" lon="5.951542854309082">
        <ele>2098.522048500332</ele>
      </trkpt>
      <trkpt lat="45.18230438232422" lon="5.951628684997559">
        <ele>2094.4828370009045</ele>
      </trkpt>
      <trkpt lat="45.18230438232422" lon="5.951714515686035">
        <ele>2089.7651144580504</ele>
      </trkpt>
      <trkpt lat="45.18247604370117" lon="5.951864719390869">
        <ele>2080.940410406403</ele>
      </trkpt>
      <trkpt lat="45.18245458602905" lon="5.951929092407227">
        <ele>2077.626634627243</ele>
      </trkpt>
      <trkpt lat="45.182433128356934" lon="5.9520792961120605">
        <ele>2069.7743489062645</ele>
      </trkpt>
      <trkpt lat="45.18254041671753" lon="5.952250957489014">
        <ele>2059.7757415954834</ele>
      </trkpt>
      <trkpt lat="45.18245458602905" lon="5.952315330505371">
        <ele>2056.717362213968</ele>
      </trkpt>
      <trkpt lat="45.182433128356934" lon="5.952358245849609">
        <ele>2054.5765719750343</ele>
      </trkpt>
      <trkpt lat="45.18260478973389" lon="5.9525299072265625">
        <ele>2042.68819535072</ele>
      </trkpt>
      <trkpt lat="45.18251895904541" lon="5.952615737915039">
        <ele>2039.5346112035586</ele>
      </trkpt>
      <trkpt lat="45.182626247406006" lon="5.952701568603516">
        <ele>2034.0129747263609</ele>
      </trkpt>
      <trkpt lat="45.1827335357666" lon="5.95285177230835">
        <ele>2026.8845424528004</ele>
      </trkpt>
      <trkpt lat="45.18269062042236" lon="5.952959060668945">
        <ele>2022.5745752706703</ele>
      </trkpt>
      <trkpt lat="45.18277645111084" lon="5.95308780670166">
        <ele>2016.4108324137314</ele>
      </trkpt>
      <trkpt lat="45.1827335357666" lon="5.953173637390137">
        <ele>2013.0427497767705</ele>
      </trkpt>
      <trkpt lat="45.182862281799316" lon="5.953431129455566">
        <ele>2002.322832924012</ele>
      </trkpt>
      <trkpt lat="45.18281936645508" lon="5.953495502471924">
        <ele>2000.1014717498902</ele>
      </trkpt>
      <trkpt lat="45.182862281799316" lon="5.953516960144043">
        <ele>1999.1993767855238</ele>
      </trkpt>
      <trkpt lat="45.18279790878296" lon="5.953624248504639">
        <ele>1995.8187384272062</ele>
      </trkpt>
      <trkpt lat="45.18279790878296" lon="5.953731536865234">
        <ele>1992.3542537541853</ele>
      </trkpt>
      <trkpt lat="45.18269062042236" lon="5.953924655914307">
        <ele>1986.0923867691354</ele>
      </trkpt>
      <trkpt lat="45.18271207809448" lon="5.953989028930664">
        <ele>1983.721533080868</ele>
      </trkpt>
      <trkpt lat="45.182669162750244" lon="5.95409631729126">
        <ele>1980.5460124341016</ele>
      </trkpt>
      <trkpt lat="45.18269062042236" lon="5.954139232635498">
        <ele>1978.8474114161525</ele>
      </trkpt>
      <trkpt lat="45.18269062042236" lon="5.954246520996094">
        <ele>1975.2232980455583</ele>
      </trkpt>
      <trkpt lat="45.182647705078125" lon="5.9543538093566895">
        <ele>1971.1184811932612</ele>
      </trkpt>
      <trkpt lat="45.182647705078125" lon="5.954396724700928">
        <ele>1969.2720558092733</ele>
      </trkpt>
      <trkpt lat="45.1827335357666" lon="5.954418182373047">
        <ele>1967.5120055360094</ele>
      </trkpt>
      <trkpt lat="45.18281936645508" lon="5.954804420471191">
        <ele>1950.092572600905</ele>
      </trkpt>
      <trkpt lat="45.18299102783203" lon="5.9551262855529785">
        <ele>1938.8964091040027</ele>
      </trkpt>
      <trkpt lat="45.18309831619263" lon="5.955212116241455">
        <ele>1936.151872740811</ele>
      </trkpt>
      <trkpt lat="45.183141231536865" lon="5.955297946929932">
        <ele>1933.266388683343</ele>
      </trkpt>
      <trkpt lat="45.18324851989746" lon="5.955362319946289">
        <ele>1930.7572727262277</ele>
      </trkpt>
      <trkpt lat="45.18324851989746" lon="5.955512523651123">
        <ele>1925.6301530362048</ele>
      </trkpt>
      <trkpt lat="45.1831841468811" lon="5.955662727355957">
        <ele>1919.439767097701</ele>
      </trkpt>
      <trkpt lat="45.18324851989746" lon="5.955705642700195">
        <ele>1918.1887803276622</ele>
      </trkpt>
      <trkpt lat="45.183141231536865" lon="5.95583438873291">
        <ele>1911.649210746139</ele>
      </trkpt>
      <trkpt lat="45.182926654815674" lon="5.955898761749268">
        <ele>1904.9946116568308</ele>
      </trkpt>
      <trkpt lat="45.18296957015991" lon="5.956134796142578">
        <ele>1897.3858374741103</ele>
      </trkpt>
      <trkpt lat="45.18303394317627" lon="5.956242084503174">
        <ele>1894.454950720794</ele>
      </trkpt>
      <trkpt lat="45.18303394317627" lon="5.956413745880127">
        <ele>1889.3038906099755</ele>
      </trkpt>
      <trkpt lat="45.18301248550415" lon="5.956435203552246">
        <ele>1888.574380368409</ele>
      </trkpt>
      <trkpt lat="45.18305540084839" lon="5.956563949584961">
        <ele>1885.3827457436714</ele>
      </trkpt>
      <trkpt lat="45.18301248550415" lon="5.9566497802734375">
        <ele>1883.0633719569523</ele>
      </trkpt>
      <trkpt lat="45.18303394317627" lon="5.9567999839782715">
        <ele>1879.8296426709148</ele>
      </trkpt>
      <trkpt lat="45.18298013135791" lon="5.9570579789578915">
        <ele>1873.818449793615</ele>
      </trkpt>
      <trkpt lat="45.182926654815674" lon="5.957314968109131">
        <ele>1866.0534425320996</ele>
      </trkpt>
      <trkpt lat="45.182883739471436" lon="5.95733642578125">
        <ele>1865.5661542655957</ele>
      </trkpt>
      <trkpt lat="45.182883739471436" lon="5.957422256469727">
        <ele>1862.0641923759208</ele>
      </trkpt>
      <trkpt lat="45.18279790878296" lon="5.957529544830322">
        <ele>1857.263715281216</ele>
      </trkpt>
      <trkpt lat="45.18256187438965" lon="5.957658290863037">
        <ele>1851.7495156160394</ele>
      </trkpt>
      <trkpt lat="45.18234729766846" lon="5.957937240600586">
        <ele>1844.5502605255933</ele>
      </trkpt>
      <trkpt lat="45.18225057050586" lon="5.958173610270023">
        <ele>1839.710844148833</ele>
      </trkpt>
      <trkpt lat="45.182154178619385" lon="5.958409309387207">
        <ele>1834.5755195214265</ele>
      </trkpt>
      <trkpt lat="45.18210036680102" lon="5.958635034039617">
        <ele>1828.680088234747</ele>
      </trkpt>
      <trkpt lat="45.18204689025879" lon="5.958859920501709">
        <ele>1824.8326256622058</ele>
      </trkpt>
      <trkpt lat="45.182175636291504" lon="5.95883846282959">
        <ele>1819.0101169425834</ele>
      </trkpt>
      <trkpt lat="45.18221855163574" lon="5.958881378173828">
        <ele>1815.6491515031248</ele>
      </trkpt>
      <trkpt lat="45.182433128356934" lon="5.958817005157471">
        <ele>1807.3058303040957</ele>
      </trkpt>
      <trkpt lat="45.182647705078125" lon="5.958859920501709">
        <ele>1796.786637742308</ele>
      </trkpt>
      <trkpt lat="45.182647705078125" lon="5.9589457511901855">
        <ele>1794.127259619671</ele>
      </trkpt>
      <trkpt lat="45.18271207809448" lon="5.958881378173828">
        <ele>1793.5021715167568</ele>
      </trkpt>
      <trkpt lat="45.18271207809448" lon="5.958988666534424">
        <ele>1790.2610815688763</ele>
      </trkpt>
      <trkpt lat="45.18281936645508" lon="5.959010124206543">
        <ele>1785.1961178358742</ele>
      </trkpt>
      <trkpt lat="45.18296957015991" lon="5.958924293518066">
        <ele>1780.230852094037</ele>
      </trkpt>
      <trkpt lat="45.18301248550415" lon="5.958795547485352">
        <ele>1781.3606728131326</ele>
      </trkpt>
      <trkpt lat="45.183119773864746" lon="5.958709716796875">
        <ele>1774.2762437014635</ele>
      </trkpt>
      <trkpt lat="45.18342529423535" lon="5.958634614944458">
        <ele>1761.3297506472277</ele>
      </trkpt>
      <trkpt lat="45.18373081460595" lon="5.958559596911073">
        <ele>1750.0879278370135</ele>
      </trkpt>
      <trkpt lat="45.184036418795586" lon="5.958484495058656">
        <ele>1741.0922317797301</ele>
      </trkpt>
      <trkpt lat="45.18434286117554" lon="5.958409309387207">
        <ele>1731.9391829705155</ele>
      </trkpt>
      <trkpt lat="45.18447160720825" lon="5.9582804795354605">
        <ele>1730.06093675165</ele>
      </trkpt>
      <trkpt lat="45.18460035324097" lon="5.958151817321777">
        <ele>1726.023537137468</ele>
      </trkpt>
      <trkpt lat="45.18460035324097" lon="5.958237648010254">
        <ele>1723.3417625144207</ele>
      </trkpt>
      <trkpt lat="45.18453598022461" lon="5.958559513092041">
        <ele>1721.6789232070255</ele>
      </trkpt>
      <trkpt lat="45.18463262356818" lon="5.958774341270328">
        <ele>1719.1011906553258</ele>
      </trkpt>
      <trkpt lat="45.18472909927368" lon="5.958988666534424">
        <ele>1719.1916652372022</ele>
      </trkpt>
      <trkpt lat="45.18479347229004" lon="5.959010124206543">
        <ele>1719.598380485484</ele>
      </trkpt>
      <trkpt lat="45.18481492996216" lon="5.959117412567139">
        <ele>1720.6188445763296</ele>
      </trkpt>
      <trkpt lat="45.18483638763428" lon="5.959138870239258">
        <ele>1720.8961081886855</ele>
      </trkpt>
      <trkpt lat="45.184879302978516" lon="5.9590959548950195">
        <ele>1720.6284790836544</ele>
      </trkpt>
      <trkpt lat="45.18494367599487" lon="5.959138870239258">
        <ele>1721.2879135478397</ele>
      </trkpt>
      <trkpt lat="45.185158252716064" lon="5.959374904632568">
        <ele>1722.433061786265</ele>
      </trkpt>
      <trkpt lat="45.185179710388184" lon="5.959439277648926">
        <ele>1722.968746502909</ele>
      </trkpt>
      <trkpt lat="45.1853084564209" lon="5.959525108337402">
        <ele>1721.8361487562083</ele>
      </trkpt>
      <trkpt lat="45.185415744781494" lon="5.959675312042236">
        <ele>1719.3113685237126</ele>
      </trkpt>
      <trkpt lat="45.18556594848633" lon="5.960018634796143">
        <ele>1711.1456760863894</ele>
      </trkpt>
      <trkpt lat="45.18556594848633" lon="5.960147380828857">
        <ele>1710.7093911405718</ele>
      </trkpt>
      <trkpt lat="45.185630321502686" lon="5.9600830078125">
        <ele>1708.22433486117</ele>
      </trkpt>
      <trkpt lat="45.18571615219116" lon="5.960168838500977">
        <ele>1704.9334225974453</ele>
      </trkpt>
      <trkpt lat="45.18578052520752" lon="5.96034049987793">
        <ele>1701.8199790696867</ele>
      </trkpt>
      <trkpt lat="45.18597364425659" lon="5.960404872894287">
        <ele>1693.3784731868423</ele>
      </trkpt>
      <trkpt lat="45.18610239028931" lon="5.960597991943359">
        <ele>1690.1044365275557</ele>
      </trkpt>
      <trkpt lat="45.1862096786499" lon="5.960962772369385">
        <ele>1689.7030113163232</ele>
      </trkpt>
      <trkpt lat="45.18625259399414" lon="5.961005687713623">
        <ele>1688.9947130353244</ele>
      </trkpt>
      <trkpt lat="45.186359882354736" lon="5.960984230041504">
        <ele>1685.9608342712186</ele>
      </trkpt>
      <trkpt lat="45.18651008605957" lon="5.961306095123291">
        <ele>1681.640252297113</ele>
      </trkpt>
      <trkpt lat="45.18657445907593" lon="5.961284637451172">
        <ele>1679.3502658992802</ele>
      </trkpt>
      <trkpt lat="45.18668174743652" lon="5.961477756500244">
        <ele>1677.738299838391</ele>
      </trkpt>
      <trkpt lat="45.186660289764404" lon="5.961370468139648">
        <ele>1677.1986326290921</ele>
      </trkpt>
      <trkpt lat="45.18672466278076" lon="5.9612202644348145">
        <ele>1674.4744192030498</ele>
      </trkpt>
      <trkpt lat="45.18685340881348" lon="5.9610700607299805">
        <ele>1669.8678704129939</ele>
      </trkpt>
      <trkpt lat="45.186917781829834" lon="5.960962772369385">
        <ele>1667.7299501638304</ele>
      </trkpt>
      <trkpt lat="45.18700361251831" lon="5.960962772369385">
        <ele>1664.873241421958</ele>
      </trkpt>
      <trkpt lat="45.18702507019043" lon="5.9609198570251465">
        <ele>1664.1273809247077</ele>
      </trkpt>
      <trkpt lat="45.187110900878906" lon="5.96057653427124">
        <ele>1660.6235711261174</ele>
      </trkpt>
      <trkpt lat="45.187175273895264" lon="5.9604692459106445">
        <ele>1657.8005753834132</ele>
      </trkpt>
      <trkpt lat="45.1872181892395" lon="5.960361957550049">
        <ele>1655.3978579462655</ele>
      </trkpt>
      <trkpt lat="45.18719673156738" lon="5.960276126861572">
        <ele>1654.412995378233</ele>
      </trkpt>
      <trkpt lat="45.18726110458374" lon="5.959954261779785">
        <ele>1647.7301125320914</ele>
      </trkpt>
      <trkpt lat="45.1872181892395" lon="5.959653854370117">
        <ele>1645.4010829015224</ele>
      </trkpt>
      <trkpt lat="45.18734693527222" lon="5.9593963623046875">
        <ele>1641.8255608834152</ele>
      </trkpt>
      <trkpt lat="45.18747568130493" lon="5.959310531616211">
        <ele>1637.9261354935834</ele>
      </trkpt>
      <trkpt lat="45.18754005432129" lon="5.959203243255615">
        <ele>1635.3476484158718</ele>
      </trkpt>
      <trkpt lat="45.18758296966553" lon="5.958881378173828">
        <ele>1631.8231474025051</ele>
      </trkpt>
      <trkpt lat="45.187625885009766" lon="5.958859920501709">
        <ele>1629.8673688913775</ele>
      </trkpt>
      <trkpt lat="45.187668800354004" lon="5.958666801452637">
        <ele>1626.3451981311368</ele>
      </trkpt>
      <trkpt lat="45.18773317337036" lon="5.958666801452637">
        <ele>1623.3775675551587</ele>
      </trkpt>
      <trkpt lat="45.18779754638672" lon="5.958538055419922">
        <ele>1618.8937209017517</ele>
      </trkpt>
      <trkpt lat="45.187861919403076" lon="5.95858097076416">
        <ele>1616.2654982730455</ele>
      </trkpt>
      <trkpt lat="45.187926292419434" lon="5.958538055419922">
        <ele>1612.549985761702</ele>
      </trkpt>
      <trkpt lat="45.187926292419434" lon="5.958495140075684">
        <ele>1611.9529029441687</ele>
      </trkpt>
      <trkpt lat="45.18794775009155" lon="5.958516597747803">
        <ele>1611.1831310403013</ele>
      </trkpt>
      <trkpt lat="45.18794775009155" lon="5.958409309387207">
        <ele>1609.645391334133</ele>
      </trkpt>
      <trkpt lat="45.18799066543579" lon="5.958430767059326">
        <ele>1607.7658046986685</ele>
      </trkpt>
      <trkpt lat="45.18801212310791" lon="5.958430767059326">
        <ele>1606.6797368966409</ele>
      </trkpt>
      <trkpt lat="45.18801212310791" lon="5.958366394042969">
        <ele>1605.6754680806525</ele>
      </trkpt>
      <trkpt lat="45.18809795379639" lon="5.958409309387207">
        <ele>1601.988032525413</ele>
      </trkpt>
      <trkpt lat="45.18809795379639" lon="5.958280563354492">
        <ele>1599.678146038462</ele>
      </trkpt>
      <trkpt lat="45.188140869140625" lon="5.958280563354492">
        <ele>1597.4840091379003</ele>
      </trkpt>
      <trkpt lat="45.188119411468506" lon="5.958194732666016">
        <ele>1596.9819066113623</ele>
      </trkpt>
      <trkpt lat="45.18820524215698" lon="5.958151817321777">
        <ele>1591.5829969118004</ele>
      </trkpt>
      <trkpt lat="45.18818378448486" lon="5.958108901977539">
        <ele>1591.851297648369</ele>
      </trkpt>
      <trkpt lat="45.1882266998291" lon="5.95808744430542">
        <ele>1589.1660348696355</ele>
      </trkpt>
      <trkpt lat="45.1882266998291" lon="5.957765579223633">
        <ele>1582.822264161503</ele>
      </trkpt>
      <trkpt lat="45.18829115666449" lon="5.957507500424981">
        <ele>1579.6487459762552</ele>
      </trkpt>
      <trkpt lat="45.188355445861816" lon="5.957250595092773">
        <ele>1581.8656285085854</ele>
      </trkpt>
      <trkpt lat="45.18846273422241" lon="5.957229137420654">
        <ele>1576.1290615310927</ele>
      </trkpt>
      <trkpt lat="45.18867018632591" lon="5.957000143826008">
        <ele>1567.184131233504</ele>
      </trkpt>
      <trkpt lat="45.188877722248435" lon="5.956771150231361">
        <ele>1559.2970661661948</ele>
      </trkpt>
      <trkpt lat="45.18908500671387" lon="5.956542491912842">
        <ele>1553.4756539143864</ele>
      </trkpt>
      <trkpt lat="45.18932104110718" lon="5.956435203552246">
        <ele>1540.759920531913</ele>
      </trkpt>
      <trkpt lat="45.18953561782837" lon="5.956134796142578">
        <ele>1530.8804271147183</ele>
      </trkpt>
      <trkpt lat="45.18973929807544" lon="5.9561240673065186">
        <ele>1520.159610621743</ele>
      </trkpt>
      <trkpt lat="45.18994331359863" lon="5.956113338470459">
        <ele>1509.4627241300732</ele>
      </trkpt>
      <trkpt lat="45.190114974975586" lon="5.956070423126221">
        <ele>1501.6012447268265</ele>
      </trkpt>
      <trkpt lat="45.19020080566406" lon="5.956006050109863">
        <ele>1499.0170228367247</ele>
      </trkpt>
      <trkpt lat="45.1902437210083" lon="5.95632791519165">
        <ele>1486.146046415245</ele>
      </trkpt>
      <trkpt lat="45.1903510093689" lon="5.9563493728637695">
        <ele>1479.8116281757063</ele>
      </trkpt>
      <trkpt lat="45.190415382385254" lon="5.956542491912842">
        <ele>1469.2117825852238</ele>
      </trkpt>
      <trkpt lat="45.19047975540161" lon="5.9564995765686035">
        <ele>1467.8071429783786</ele>
      </trkpt>
      <trkpt lat="45.19052267074585" lon="5.956542491912842">
        <ele>1464.0908158846955</ele>
      </trkpt>
      <trkpt lat="45.19050121307373" lon="5.9566497802734375">
        <ele>1460.9682549993631</ele>
      </trkpt>
      <trkpt lat="45.19054412841797" lon="5.956735610961914">
        <ele>1455.748181864079</ele>
      </trkpt>
      <trkpt lat="45.190608501434326" lon="5.956735610961914">
        <ele>1452.9837410250193</ele>
      </trkpt>
      <trkpt lat="45.190651416778564" lon="5.956821441650391">
        <ele>1448.0661178531118</ele>
      </trkpt>
      <trkpt lat="45.190672874450684" lon="5.9571003913879395">
        <ele>1438.5653986274383</ele>
      </trkpt>
      <trkpt lat="45.19073724746704" lon="5.957272052764893">
        <ele>1432.1799014895155</ele>
      </trkpt>
      <trkpt lat="45.19084453582764" lon="5.957293510437012">
        <ele>1427.930475542133</ele>
      </trkpt>
      <trkpt lat="45.190865993499756" lon="5.957379341125488">
        <ele>1425.4435639634041</ele>
      </trkpt>
      <trkpt lat="45.190908908843994" lon="5.957422256469727">
        <ele>1423.0870868751017</ele>
      </trkpt>
      <trkpt lat="45.19101619720459" lon="5.957379341125488">
        <ele>1420.1130836252767</ele>
      </trkpt>
      <trkpt lat="45.191144943237305" lon="5.957508087158203">
        <ele>1413.6429886679716</ele>
      </trkpt>
      <trkpt lat="45.19123077392578" lon="5.957465171813965">
        <ele>1411.435113279886</ele>
      </trkpt>
      <trkpt lat="45.191402435302734" lon="5.957529544830322">
        <ele>1404.7081290263907</ele>
      </trkpt>
      <trkpt lat="45.191638469696045" lon="5.957400798797607">
        <ele>1398.1921878619612</ele>
      </trkpt>
      <trkpt lat="45.19183158874512" lon="5.957400798797607">
        <ele>1392.254345938998</ele>
      </trkpt>
      <trkpt lat="45.19203887321055" lon="5.957293510437012">
        <ele>1386.9275259868573</ele>
      </trkpt>
      <trkpt lat="45.19224624149501" lon="5.957186305895448">
        <ele>1381.597810773873</ele>
      </trkpt>
      <trkpt lat="45.19245386123657" lon="5.95707893371582">
        <ele>1376.353319574042</ele>
      </trkpt>
      <trkpt lat="45.192668437957764" lon="5.957164764404297">
        <ele>1370.2491997443112</ele>
      </trkpt>
      <trkpt lat="45.192850744351745" lon="5.957057476043701">
        <ele>1366.546100701208</ele>
      </trkpt>
      <trkpt lat="45.19303321838379" lon="5.9569501876831055">
        <ele>1363.57758747512</ele>
      </trkpt>
      <trkpt lat="45.19318342208862" lon="5.9569501876831055">
        <ele>1361.064296678961</ele>
      </trkpt>
      <trkpt lat="45.19344091415405" lon="5.957057476043701">
        <ele>1355.9697234507366</ele>
      </trkpt>
      <trkpt lat="45.19354820251465" lon="5.957014560699463">
        <ele>1354.4487143144838</ele>
      </trkpt>
      <trkpt lat="45.19370905123651" lon="5.956918001174927">
        <ele>1351.4362203089527</ele>
      </trkpt>
      <trkpt lat="45.193870067596436" lon="5.956821441650391">
        <ele>1347.8565854817134</ele>
      </trkpt>
      <trkpt lat="45.194127559661865" lon="5.956714153289795">
        <ele>1341.4071674049712</ele>
      </trkpt>
      <trkpt lat="45.19435261376202" lon="5.956714153289795">
        <ele>1336.7023230415205</ele>
      </trkpt>
      <trkpt lat="45.19457817077637" lon="5.956714153289795">
        <ele>1333.2210737809078</ele>
      </trkpt>
      <trkpt lat="45.194685542955995" lon="5.956628322601318">
        <ele>1331.4231788168872</ele>
      </trkpt>
      <trkpt lat="45.19468545913696" lon="5.956628322601318">
        <ele>1331.4244448340692</ele>
      </trkpt>
      <trkpt lat="45.19494295120239" lon="5.9564995765686035">
        <ele>1327.132295457946</ele>
      </trkpt>
      <trkpt lat="45.195136070251465" lon="5.9563063737004995">
        <ele>1322.7489543498275</ele>
      </trkpt>
      <trkpt lat="45.19532918930054" lon="5.956113338470459">
        <ele>1316.8764695609382</ele>
      </trkpt>
      <trkpt lat="45.1954900380224" lon="5.955984592437744">
        <ele>1310.9076129522011</ele>
      </trkpt>
      <trkpt lat="45.195651054382324" lon="5.955855846405029">
        <ele>1305.051491776301</ele>
      </trkpt>
      <trkpt lat="45.19595146179199" lon="5.9557271003723145">
        <ele>1292.2174006633495</ele>
      </trkpt>
      <trkpt lat="45.19617651589215" lon="5.955705642700195">
        <ele>1281.752788856672</ele>
      </trkpt>
      <trkpt lat="45.196402072906494" lon="5.955684185028076">
        <ele>1273.0482695681799</ele>
      </trkpt>
      <trkpt lat="45.19662360660732" lon="5.955591229721904">
        <ele>1265.1083665989281</ele>
      </trkpt>
      <trkpt lat="45.19684522412717" lon="5.955498274415731">
        <ele>1256.6895385196174</ele>
      </trkpt>
      <trkpt lat="45.19706726074219" lon="5.955405235290527">
        <ele>1247.4440223163547</ele>
      </trkpt>
      <trkpt lat="45.1971960067749" lon="5.955297946929932">
        <ele>1241.3878624498348</ele>
      </trkpt>
      <trkpt lat="45.19723892211914" lon="5.9551262855529785">
        <ele>1240.61263857103</ele>
      </trkpt>
      <trkpt lat="45.197410583496094" lon="5.955018997192383">
        <ele>1234.0068034455198</ele>
      </trkpt>
      <trkpt lat="45.19753932952881" lon="5.954890251159668">
        <ele>1228.1331168836998</ele>
      </trkpt>
      <trkpt lat="45.19772180356085" lon="5.954654049128294">
        <ele>1217.021446747692</ele>
      </trkpt>
      <trkpt lat="45.197904109954834" lon="5.954418182373047">
        <ele>1203.4874130016588</ele>
      </trkpt>
      <trkpt lat="45.19803285598755" lon="5.9543538093566895">
        <ele>1195.3578836833901</ele>
      </trkpt>
      <trkpt lat="45.19818305969238" lon="5.954182147979736">
        <ele>1184.581885431171</ele>
      </trkpt>
      <trkpt lat="45.19844055175781" lon="5.954010486602783">
        <ele>1167.6612507029517</ele>
      </trkpt>
      <trkpt lat="45.19856929779053" lon="5.953881740570068">
        <ele>1159.4782944763747</ele>
      </trkpt>
      <trkpt lat="45.198612213134766" lon="5.953731536865234">
        <ele>1157.0188196508366</ele>
      </trkpt>
      <trkpt lat="45.19871950149536" lon="5.953495502471924">
        <ele>1153.4394942396339</ele>
      </trkpt>
      <trkpt lat="45.19874095916748" lon="5.953152179718018">
        <ele>1161.5237428103787</ele>
      </trkpt>
      <trkpt lat="45.19880533218384" lon="5.953044891357422">
        <ele>1159.2617102261938</ele>
      </trkpt>
      <trkpt lat="45.19895553588867" lon="5.952959060668945">
        <ele>1148.3571310430434</ele>
      </trkpt>
      <trkpt lat="45.19907363690436" lon="5.952754961326718">
        <ele>1144.8429387566023</ele>
      </trkpt>
      <trkpt lat="45.19919157028198" lon="5.952551364898682">
        <ele>1141.6876500085066</ele>
      </trkpt>
      <trkpt lat="45.19927748478949" lon="5.952304098755121">
        <ele>1141.7678128621203</ele>
      </trkpt>
      <trkpt lat="45.199363231658936" lon="5.952057838439941">
        <ele>1140.3382174550857</ele>
      </trkpt>
      <trkpt lat="45.1995135191828" lon="5.951835885643959">
        <ele>1131.724589805353</ele>
      </trkpt>
      <trkpt lat="45.1996638905257" lon="5.951613932847977">
        <ele>1121.4925703753458</ele>
      </trkpt>
      <trkpt lat="45.19981384277344" lon="5.951392650604248">
        <ele>1110.5626332172978</ele>
      </trkpt>
      <trkpt lat="45.199964214116335" lon="5.951070282608271">
        <ele>1099.0563753900733</ele>
      </trkpt>
      <trkpt lat="45.200114250183105" lon="5.950748920440674">
        <ele>1086.3295665683272</ele>
      </trkpt>
      <trkpt lat="45.20028591156006" lon="5.951070785522461">
        <ele>1074.0220122790129</ele>
      </trkpt>
      <trkpt lat="45.200371742248535" lon="5.951135158538818">
        <ele>1067.6001496866231</ele>
      </trkpt>
      <trkpt lat="45.20058631896973" lon="5.951199531555176">
        <ele>1051.896727661493</ele>
      </trkpt>
      <trkpt lat="45.200597047805786" lon="5.950952097773552">
        <ele>1049.3280834566965</ele>
      </trkpt>
      <trkpt lat="45.200607776641846" lon="5.9507060050964355">
        <ele>1046.7573519666705</ele>
      </trkpt>
      <trkpt lat="45.20069360733032" lon="5.950491428375244">
        <ele>1038.189761459612</ele>
      </trkpt>
      <trkpt lat="45.20071506500244" lon="5.950255393981934">
        <ele>1034.6231942857537</ele>
      </trkpt>
      <trkpt lat="45.20071506500244" lon="5.949912071228027">
        <ele>1032.1828518562793</ele>
      </trkpt>
      <trkpt lat="45.2006721496582" lon="5.949740409851074">
        <ele>1034.3563064536897</ele>
      </trkpt>
      <trkpt lat="45.20069360733032" lon="5.949547290802002">
        <ele>1031.4448819246584</ele>
      </trkpt>
      <trkpt lat="45.20080089569092" lon="5.9493327140808105">
        <ele>1022.352178109253</ele>
      </trkpt>
      <trkpt lat="45.20086535252631" lon="5.949117634445429">
        <ele>1016.8817930088819</ele>
      </trkpt>
      <trkpt lat="45.20092964172363" lon="5.948903560638428">
        <ele>1011.9315583913435</ele>
      </trkpt>
      <trkpt lat="45.20109082572162" lon="5.948527380824089">
        <ele>1002.727646710834</ele>
      </trkpt>
      <trkpt lat="45.20125150680542" lon="5.948152542114258">
        <ele>997.5308883810683</ele>
      </trkpt>
      <trkpt lat="45.20150162279606" lon="5.94805246219039">
        <ele>987.9754140771303</ele>
      </trkpt>
      <trkpt lat="45.20175182260573" lon="5.9479523822665215">
        <ele>979.0155986011815</ele>
      </trkpt>
      <trkpt lat="45.20200252532959" lon="5.94785213470459">
        <ele>970.000923106538</ele>
      </trkpt>
      <trkpt lat="45.20226001739502" lon="5.947637557983398">
        <ele>962.3391647319347</ele>
      </trkpt>
      <trkpt lat="45.20243167877197" lon="5.94745147973299">
        <ele>957.6992914162443</ele>
      </trkpt>
      <trkpt lat="45.20260342396796" lon="5.947265401482582">
        <ele>953.0587109240304</ele>
      </trkpt>
      <trkpt lat="45.20277500152588" lon="5.947079658508301">
        <ele>948.6889112867357</ele>
      </trkpt>
      <trkpt lat="45.20293585024774" lon="5.946972370147705">
        <ele>943.6699410007677</ele>
      </trkpt>
      <trkpt lat="45.203096866607666" lon="5.946865081787109">
        <ele>939.0965109790986</ele>
      </trkpt>
      <trkpt lat="45.20329006947577" lon="5.946643212810159">
        <ele>935.802802624188</ele>
      </trkpt>
      <trkpt lat="45.203483272343874" lon="5.946421343833208">
        <ele>932.272196513293</ele>
      </trkpt>
      <trkpt lat="45.20367622375488" lon="5.946199893951416">
        <ele>928.4072223004405</ele>
      </trkpt>
      <trkpt lat="45.20380505360663" lon="5.94601733610034">
        <ele>926.2188161469074</ele>
      </trkpt>
      <trkpt lat="45.20393371582031" lon="5.945835113525391">
        <ele>923.9350876978201</ele>
      </trkpt>
      <trkpt lat="45.204051816836" lon="5.945598743855953">
        <ele>922.6120664120585</ele>
      </trkpt>
      <trkpt lat="45.20416975021362" lon="5.9453630447387695">
        <ele>921.1824497753794</ele>
      </trkpt>
      <trkpt lat="45.20429849624634" lon="5.945223486050963">
        <ele>918.3398730480826</ele>
      </trkpt>
      <trkpt lat="45.20442724227905" lon="5.945084095001221">
        <ele>915.7520473136886</ele>
      </trkpt>
      <trkpt lat="45.204641819000244" lon="5.945062637329102">
        <ele>909.2940686802958</ele>
      </trkpt>
      <trkpt lat="45.2047061920166" lon="5.945084095001221">
        <ele>907.0457224378949</ele>
      </trkpt>
      <trkpt lat="45.20477056503296" lon="5.945191383361816">
        <ele>903.5751235834288</ele>
      </trkpt>
      <trkpt lat="45.204721027985215" lon="5.94524092040956">
        <ele>904.4171619211816</ele>
      </trkpt>
    </trkseg>
  </trk>
</gpx>
