<?xml version='1.0' encoding='UTF-8'?>
<gpx version="1.1" creator="https://www.komoot.de" xmlns="http://www.topografix.com/GPX/1/1" xmlns:xsi="http://www.w3.org/2001/XMLSchema-instance" xsi:schemaLocation="http://www.topografix.com/GPX/1/1 http://www.topografix.com/GPX/1/1/gpx.xsd">
  <metadata>
    <name>OFF Rapace Lolo</name>
    <author>
      <link href="https://www.komoot.de">
        <text>komoot</text>
        <type>text/html</type>
      </link>
    </author>
  </metadata>
  <trk>
    <name>OFF Rapace Lolo</name>
    <trkseg>
      <trkpt lat="45.738523" lon="4.656973">
        <ele>429.286697</ele>
        <time>2026-03-13T20:00:37.833Z</time>
      </trkpt>
      <trkpt lat="45.738860" lon="4.657072">
        <ele>429.286697</ele>
        <time>2026-03-13T20:00:57.021Z</time>
      </trkpt>
      <trkpt lat="45.738996" lon="4.657110">
        <ele>429.286697</ele>
        <time>2026-03-13T20:01:05.047Z</time>
      </trkpt>
      <trkpt lat="45.739283" lon="4.657136">
        <ele>429.286697</ele>
        <time>2026-03-13T20:01:22.518Z</time>
      </trkpt>
      <trkpt lat="45.739619" lon="4.656839">
        <ele>431.762130</ele>
        <time>2026-03-13T20:01:50.864Z</time>
      </trkpt>
      <trkpt lat="45.740052" lon="4.656626">
        <ele>436.028685</ele>
        <time>2026-03-13T20:02:22.200Z</time>
      </trkpt>
      <trkpt lat="45.740095" lon="4.656599">
        <ele>436.466215</ele>
        <time>2026-03-13T20:02:24.936Z</time>
      </trkpt>
      <trkpt lat="45.740236" lon="4.656736">
        <ele>438.053906</ele>
        <time>2026-03-13T20:02:37.260Z</time>
      </trkpt>
      <trkpt lat="45.740583" lon="4.656858">
        <ele>441.383717</ele>
        <time>2026-03-13T20:03:02.279Z</time>
      </trkpt>
      <trkpt lat="45.740580" lon="4.655977">
        <ele>447.200823</ele>
        <time>2026-03-13T20:03:45.208Z</time>
      </trkpt>
      <trkpt lat="45.740664" lon="4.655977">
        <ele>448.047522</ele>
        <time>2026-03-13T20:03:50.505Z</time>
      </trkpt>
      <trkpt lat="45.740842" lon="4.655676">
        <ele>450.822901</ele>
        <time>2026-03-13T20:04:07.806Z</time>
      </trkpt>
      <trkpt lat="45.740926" lon="4.655724">
        <ele>451.734447</ele>
        <time>2026-03-13T20:04:13.254Z</time>
      </trkpt>
      <trkpt lat="45.741228" lon="4.656012">
        <ele>455.391094</ele>
        <time>2026-03-13T20:04:34.536Z</time>
      </trkpt>
      <trkpt lat="45.741609" lon="4.656283">
        <ele>459.678617</ele>
        <time>2026-03-13T20:05:04.302Z</time>
      </trkpt>
      <trkpt lat="45.741763" lon="4.656398">
        <ele>461.429052</ele>
        <time>2026-03-13T20:05:17.282Z</time>
      </trkpt>
      <trkpt lat="45.741872" lon="4.656479">
        <ele>462.666710</ele>
        <time>2026-03-13T20:05:26.545Z</time>
      </trkpt>
      <trkpt lat="45.742236" lon="4.656763">
        <ele>466.371066</ele>
        <time>2026-03-13T20:05:56.811Z</time>
      </trkpt>
      <trkpt lat="45.742458" lon="4.656782">
        <ele>468.214659</ele>
        <time>2026-03-13T20:06:12.496Z</time>
      </trkpt>
      <trkpt lat="45.742722" lon="4.656805">
        <ele>470.407182</ele>
        <time>2026-03-13T20:06:29.783Z</time>
      </trkpt>
      <trkpt lat="45.743708" lon="4.657049">
        <ele>478.701824</ele>
        <time>2026-03-13T20:07:25.094Z</time>
      </trkpt>
      <trkpt lat="45.744028" lon="4.656685">
        <ele>480.278866</ele>
        <time>2026-03-13T20:07:44.039Z</time>
      </trkpt>
      <trkpt lat="45.744493" lon="4.655945">
        <ele>482.563524</ele>
        <time>2026-03-13T20:08:15.472Z</time>
      </trkpt>
      <trkpt lat="45.744494" lon="4.655944">
        <ele>482.567534</ele>
        <time>2026-03-13T20:08:15.498Z</time>
      </trkpt>
      <trkpt lat="45.745056" lon="4.654867">
        <ele>485.940062</ele>
        <time>2026-03-13T20:08:58.423Z</time>
      </trkpt>
      <trkpt lat="45.745348" lon="4.654335">
        <ele>488.178621</ele>
        <time>2026-03-13T20:09:21.055Z</time>
      </trkpt>
      <trkpt lat="45.745443" lon="4.654178">
        <ele>488.865898</ele>
        <time>2026-03-13T20:09:28.112Z</time>
      </trkpt>
      <trkpt lat="45.745469" lon="4.654135">
        <ele>489.054073</ele>
        <time>2026-03-13T20:09:30.046Z</time>
      </trkpt>
      <trkpt lat="45.745966" lon="4.653339">
        <ele>492.586663</ele>
        <time>2026-03-13T20:10:08.292Z</time>
      </trkpt>
      <trkpt lat="45.746020" lon="4.652988">
        <ele>493.771683</ele>
        <time>2026-03-13T20:10:22.391Z</time>
      </trkpt>
      <trkpt lat="45.746098" lon="4.652226">
        <ele>496.280524</ele>
        <time>2026-03-13T20:10:51.684Z</time>
      </trkpt>
      <trkpt lat="45.746147" lon="4.651375">
        <ele>499.062146</ele>
        <time>2026-03-13T20:11:21.520Z</time>
      </trkpt>
      <trkpt lat="45.746578" lon="4.651385">
        <ele>501.074360</ele>
        <time>2026-03-13T20:11:41.938Z</time>
      </trkpt>
      <trkpt lat="45.746721" lon="4.651283">
        <ele>501.820021</ele>
        <time>2026-03-13T20:11:49.246Z</time>
      </trkpt>
      <trkpt lat="45.746846" lon="4.651058">
        <ele>502.229954</ele>
        <time>2026-03-13T20:11:58.217Z</time>
      </trkpt>
      <trkpt lat="45.747144" lon="4.650296">
        <ele>503.276589</ele>
        <time>2026-03-13T20:12:24.514Z</time>
      </trkpt>
      <trkpt lat="45.747303" lon="4.650022">
        <ele>503.703579</ele>
        <time>2026-03-13T20:12:35.558Z</time>
      </trkpt>
      <trkpt lat="45.747502" lon="4.649533">
        <ele>504.381851</ele>
        <time>2026-03-13T20:12:53.223Z</time>
      </trkpt>
      <trkpt lat="45.747548" lon="4.649349">
        <ele>504.616040</ele>
        <time>2026-03-13T20:12:59.196Z</time>
      </trkpt>
      <trkpt lat="45.747496" lon="4.648897">
        <ele>504.471969</ele>
        <time>2026-03-13T20:13:12.901Z</time>
      </trkpt>
      <trkpt lat="45.747520" lon="4.648752">
        <ele>503.842902</ele>
        <time>2026-03-13T20:13:17.268Z</time>
      </trkpt>
      <trkpt lat="45.747772" lon="4.648655">
        <ele>502.264464</ele>
        <time>2026-03-13T20:13:28.045Z</time>
      </trkpt>
      <trkpt lat="45.747845" lon="4.648585">
        <ele>501.733129</ele>
        <time>2026-03-13T20:13:31.604Z</time>
      </trkpt>
      <trkpt lat="45.747896" lon="4.648507">
        <ele>501.281920</ele>
        <time>2026-03-13T20:13:34.587Z</time>
      </trkpt>
      <trkpt lat="45.747969" lon="4.648306">
        <ele>500.325413</ele>
        <time>2026-03-13T20:13:40.736Z</time>
      </trkpt>
      <trkpt lat="45.748188" lon="4.648064">
        <ele>498.652518</ele>
        <time>2026-03-13T20:13:50.775Z</time>
      </trkpt>
      <trkpt lat="45.748481" lon="4.647651">
        <ele>496.166399</ele>
        <time>2026-03-13T20:14:04.127Z</time>
      </trkpt>
      <trkpt lat="45.748575" lon="4.647549">
        <ele>495.453153</ele>
        <time>2026-03-13T20:14:07.902Z</time>
      </trkpt>
      <trkpt lat="45.748708" lon="4.647468">
        <ele>494.578966</ele>
        <time>2026-03-13T20:14:12.565Z</time>
      </trkpt>
      <trkpt lat="45.748771" lon="4.647456">
        <ele>494.194514</ele>
        <time>2026-03-13T20:14:14.592Z</time>
      </trkpt>
      <trkpt lat="45.748923" lon="4.647470">
        <ele>492.750523</ele>
        <time>2026-03-13T20:14:19.469Z</time>
      </trkpt>
      <trkpt lat="45.749017" lon="4.647512">
        <ele>491.792188</ele>
        <time>2026-03-13T20:14:22.649Z</time>
      </trkpt>
      <trkpt lat="45.749068" lon="4.647575">
        <ele>491.136847</ele>
        <time>2026-03-13T20:14:24.799Z</time>
      </trkpt>
      <trkpt lat="45.749189" lon="4.647976">
        <ele>488.169663</ele>
        <time>2026-03-13T20:14:34.620Z</time>
      </trkpt>
      <trkpt lat="45.749390" lon="4.648354">
        <ele>484.941978</ele>
        <time>2026-03-13T20:14:45.292Z</time>
      </trkpt>
      <trkpt lat="45.749520" lon="4.648454">
        <ele>483.505939</ele>
        <time>2026-03-13T20:14:50.055Z</time>
      </trkpt>
      <trkpt lat="45.749700" lon="4.648520">
        <ele>481.697572</ele>
        <time>2026-03-13T20:14:56.139Z</time>
      </trkpt>
      <trkpt lat="45.750374" lon="4.648644">
        <ele>476.537150</ele>
        <time>2026-03-13T20:15:20.905Z</time>
      </trkpt>
      <trkpt lat="45.750657" lon="4.648775">
        <ele>476.371775</ele>
        <time>2026-03-13T20:15:34.048Z</time>
      </trkpt>
      <trkpt lat="45.750743" lon="4.648775">
        <ele>476.323953</ele>
        <time>2026-03-13T20:15:37.830Z</time>
      </trkpt>
      <trkpt lat="45.750973" lon="4.648644">
        <ele>476.186326</ele>
        <time>2026-03-13T20:15:48.534Z</time>
      </trkpt>
      <trkpt lat="45.751085" lon="4.648485">
        <ele>476.098661</ele>
        <time>2026-03-13T20:15:55.274Z</time>
      </trkpt>
      <trkpt lat="45.751205" lon="4.648182">
        <ele>475.963476</ele>
        <time>2026-03-13T20:16:05.541Z</time>
      </trkpt>
      <trkpt lat="45.751349" lon="4.648013">
        <ele>475.859978</ele>
        <time>2026-03-13T20:16:13.168Z</time>
      </trkpt>
      <trkpt lat="45.751751" lon="4.647917">
        <ele>475.633354</ele>
        <time>2026-03-13T20:16:29.837Z</time>
      </trkpt>
      <trkpt lat="45.751952" lon="4.647834">
        <ele>475.171074</ele>
        <time>2026-03-13T20:16:38.415Z</time>
      </trkpt>
      <trkpt lat="45.752366" lon="4.647533">
        <ele>474.086052</ele>
        <time>2026-03-13T20:16:56.707Z</time>
      </trkpt>
      <trkpt lat="45.752831" lon="4.647329">
        <ele>472.949444</ele>
        <time>2026-03-13T20:17:14.837Z</time>
      </trkpt>
      <trkpt lat="45.753144" lon="4.647227">
        <ele>472.199207</ele>
        <time>2026-03-13T20:17:26.692Z</time>
      </trkpt>
      <trkpt lat="45.753309" lon="4.647214">
        <ele>471.812977</ele>
        <time>2026-03-13T20:17:32.963Z</time>
      </trkpt>
      <trkpt lat="45.753540" lon="4.647243">
        <ele>471.514670</ele>
        <time>2026-03-13T20:17:42.104Z</time>
      </trkpt>
      <trkpt lat="45.753661" lon="4.647332">
        <ele>471.712693</ele>
        <time>2026-03-13T20:17:47.542Z</time>
      </trkpt>
      <trkpt lat="45.753855" lon="4.647575">
        <ele>472.087832</ele>
        <time>2026-03-13T20:17:58.036Z</time>
      </trkpt>
      <trkpt lat="45.753915" lon="4.647431">
        <ele>472.258222</ele>
        <time>2026-03-13T20:18:02.919Z</time>
      </trkpt>
      <trkpt lat="45.753988" lon="4.647016">
        <ele>472.693016</ele>
        <time>2026-03-13T20:18:15.717Z</time>
      </trkpt>
      <trkpt lat="45.753996" lon="4.646798">
        <ele>472.914790</ele>
        <time>2026-03-13T20:18:22.309Z</time>
      </trkpt>
      <trkpt lat="45.753964" lon="4.646391">
        <ele>473.330882</ele>
        <time>2026-03-13T20:18:35.074Z</time>
      </trkpt>
      <trkpt lat="45.753883" lon="4.646000">
        <ele>473.745241</ele>
        <time>2026-03-13T20:18:48.703Z</time>
      </trkpt>
      <trkpt lat="45.753887" lon="4.645916">
        <ele>473.830776</ele>
        <time>2026-03-13T20:18:51.658Z</time>
      </trkpt>
      <trkpt lat="45.753913" lon="4.645825">
        <ele>473.930674</ele>
        <time>2026-03-13T20:18:55.222Z</time>
      </trkpt>
      <trkpt lat="45.754059" lon="4.645691">
        <ele>474.489258</ele>
        <time>2026-03-13T20:19:04.119Z</time>
      </trkpt>
      <trkpt lat="45.754187" lon="4.645465">
        <ele>475.417454</ele>
        <time>2026-03-13T20:19:14.333Z</time>
      </trkpt>
      <trkpt lat="45.754288" lon="4.644988">
        <ele>477.006984</ele>
        <time>2026-03-13T20:19:31.498Z</time>
      </trkpt>
      <trkpt lat="45.754543" lon="4.644230">
        <ele>479.690328</ele>
        <time>2026-03-13T20:19:59.940Z</time>
      </trkpt>
      <trkpt lat="45.754733" lon="4.643867">
        <ele>481.137331</ele>
        <time>2026-03-13T20:20:15.330Z</time>
      </trkpt>
      <trkpt lat="45.754948" lon="4.643719">
        <ele>482.227367</ele>
        <time>2026-03-13T20:20:27.294Z</time>
      </trkpt>
      <trkpt lat="45.755169" lon="4.643700">
        <ele>483.977364</ele>
        <time>2026-03-13T20:20:38.647Z</time>
      </trkpt>
      <trkpt lat="45.755628" lon="4.644033">
        <ele>488.100950</ele>
        <time>2026-03-13T20:21:06.310Z</time>
      </trkpt>
      <trkpt lat="45.755813" lon="4.644253">
        <ele>490.027774</ele>
        <time>2026-03-13T20:21:20.723Z</time>
      </trkpt>
      <trkpt lat="45.755765" lon="4.643677">
        <ele>493.271963</ele>
        <time>2026-03-13T20:21:46.688Z</time>
      </trkpt>
      <trkpt lat="45.755796" lon="4.643001">
        <ele>497.032036</ele>
        <time>2026-03-13T20:22:18.660Z</time>
      </trkpt>
      <trkpt lat="45.755912" lon="4.642964">
        <ele>497.913502</ele>
        <time>2026-03-13T20:22:26.660Z</time>
      </trkpt>
      <trkpt lat="45.756009" lon="4.642996">
        <ele>498.651802</ele>
        <time>2026-03-13T20:22:33.277Z</time>
      </trkpt>
      <trkpt lat="45.756523" lon="4.643169">
        <ele>502.568051</ele>
        <time>2026-03-13T20:23:06.284Z</time>
      </trkpt>
      <trkpt lat="45.756531" lon="4.642710">
        <ele>504.944197</ele>
        <time>2026-03-13T20:23:27.833Z</time>
      </trkpt>
      <trkpt lat="45.756466" lon="4.642236">
        <ele>507.444162</ele>
        <time>2026-03-13T20:23:48.635Z</time>
      </trkpt>
      <trkpt lat="45.756419" lon="4.641602">
        <ele>510.203377</ele>
        <time>2026-03-13T20:24:14.085Z</time>
      </trkpt>
      <trkpt lat="45.756411" lon="4.641384">
        <ele>510.491777</ele>
        <time>2026-03-13T20:24:22.549Z</time>
      </trkpt>
      <trkpt lat="45.756430" lon="4.641195">
        <ele>510.744045</ele>
        <time>2026-03-13T20:24:30.013Z</time>
      </trkpt>
      <trkpt lat="45.756529" lon="4.640896">
        <ele>511.181278</ele>
        <time>2026-03-13T20:24:42.920Z</time>
      </trkpt>
      <trkpt lat="45.756681" lon="4.640597">
        <ele>511.670020</ele>
        <time>2026-03-13T20:24:57.278Z</time>
      </trkpt>
      <trkpt lat="45.757180" lon="4.640118">
        <ele>512.807203</ele>
        <time>2026-03-13T20:25:28.582Z</time>
      </trkpt>
      <trkpt lat="45.757528" lon="4.639843">
        <ele>513.056410</ele>
        <time>2026-03-13T20:25:47.288Z</time>
      </trkpt>
      <trkpt lat="45.757647" lon="4.639795">
        <ele>512.422875</ele>
        <time>2026-03-13T20:25:52.883Z</time>
      </trkpt>
      <trkpt lat="45.757677" lon="4.639843">
        <ele>512.192459</ele>
        <time>2026-03-13T20:25:54.891Z</time>
      </trkpt>
      <trkpt lat="45.757499" lon="4.640126">
        <ele>510.830109</ele>
        <time>2026-03-13T20:26:06.433Z</time>
      </trkpt>
      <trkpt lat="45.757329" lon="4.640553">
        <ele>509.072280</ele>
        <time>2026-03-13T20:26:20.728Z</time>
      </trkpt>
      <trkpt lat="45.757262" lon="4.640867">
        <ele>507.898232</ele>
        <time>2026-03-13T20:26:30.003Z</time>
      </trkpt>
      <trkpt lat="45.757285" lon="4.641090">
        <ele>507.092223</ele>
        <time>2026-03-13T20:26:36.313Z</time>
      </trkpt>
      <trkpt lat="45.757348" lon="4.641227">
        <ele>506.505547</ele>
        <time>2026-03-13T20:26:40.953Z</time>
      </trkpt>
      <trkpt lat="45.757463" lon="4.641347">
        <ele>505.776559</ele>
        <time>2026-03-13T20:26:46.829Z</time>
      </trkpt>
      <trkpt lat="45.757628" lon="4.641446">
        <ele>504.859875</ele>
        <time>2026-03-13T20:26:54.364Z</time>
      </trkpt>
      <trkpt lat="45.757989" lon="4.641580">
        <ele>504.183396</ele>
        <time>2026-03-13T20:27:10.451Z</time>
      </trkpt>
      <trkpt lat="45.758249" lon="4.641720">
        <ele>504.157481</ele>
        <time>2026-03-13T20:27:22.901Z</time>
      </trkpt>
      <trkpt lat="45.758353" lon="4.641738">
        <ele>504.147707</ele>
        <time>2026-03-13T20:27:27.740Z</time>
      </trkpt>
      <trkpt lat="45.758479" lon="4.641703">
        <ele>504.135732</ele>
        <time>2026-03-13T20:27:33.735Z</time>
      </trkpt>
      <trkpt lat="45.758626" lon="4.641706">
        <ele>504.122014</ele>
        <time>2026-03-13T20:27:40.664Z</time>
      </trkpt>
      <trkpt lat="45.758762" lon="4.641764">
        <ele>504.108775</ele>
        <time>2026-03-13T20:27:47.491Z</time>
      </trkpt>
      <trkpt lat="45.758884" lon="4.641892">
        <ele>504.094668</ele>
        <time>2026-03-13T20:27:54.986Z</time>
      </trkpt>
      <trkpt lat="45.758923" lon="4.641965">
        <ele>504.088683</ele>
        <time>2026-03-13T20:27:58.232Z</time>
      </trkpt>
      <trkpt lat="45.758972" lon="4.642192">
        <ele>504.073215</ele>
        <time>2026-03-13T20:28:07.062Z</time>
      </trkpt>
      <trkpt lat="45.759039" lon="4.642367">
        <ele>504.060220</ele>
        <time>2026-03-13T20:28:14.912Z</time>
      </trkpt>
      <trkpt lat="45.759128" lon="4.642531">
        <ele>504.046695</ele>
        <time>2026-03-13T20:28:23.509Z</time>
      </trkpt>
      <trkpt lat="45.759234" lon="4.642641">
        <ele>504.530117</ele>
        <time>2026-03-13T20:28:31.476Z</time>
      </trkpt>
      <trkpt lat="45.759392" lon="4.643119">
        <ele>508.779844</ele>
        <time>2026-03-13T20:28:54.318Z</time>
      </trkpt>
      <trkpt lat="45.759607" lon="4.643452">
        <ele>512.425202</ele>
        <time>2026-03-13T20:29:16.500Z</time>
      </trkpt>
      <trkpt lat="45.760211" lon="4.643948">
        <ele>520.441639</ele>
        <time>2026-03-13T20:30:17.323Z</time>
      </trkpt>
      <trkpt lat="45.760250" lon="4.643855">
        <ele>521.313431</ele>
        <time>2026-03-13T20:30:24.860Z</time>
      </trkpt>
      <trkpt lat="45.760183" lon="4.643389">
        <ele>525.447159</ele>
        <time>2026-03-13T20:30:59.874Z</time>
      </trkpt>
      <trkpt lat="45.760200" lon="4.643010">
        <ele>530.968424</ele>
        <time>2026-03-13T20:31:29.498Z</time>
      </trkpt>
      <trkpt lat="45.760185" lon="4.642634">
        <ele>536.443629</ele>
        <time>2026-03-13T20:32:00.132Z</time>
      </trkpt>
      <trkpt lat="45.760228" lon="4.642554">
        <ele>537.911805</ele>
        <time>2026-03-13T20:32:08.577Z</time>
      </trkpt>
      <trkpt lat="45.760266" lon="4.642535">
        <ele>538.750447</ele>
        <time>2026-03-13T20:32:13.451Z</time>
      </trkpt>
      <trkpt lat="45.760446" lon="4.642486">
        <ele>542.568349</ele>
        <time>2026-03-13T20:32:36.105Z</time>
      </trkpt>
      <trkpt lat="45.760685" lon="4.642520">
        <ele>547.573122</ele>
        <time>2026-03-13T20:33:06.656Z</time>
      </trkpt>
      <trkpt lat="45.760728" lon="4.642470">
        <ele>548.726922</ele>
        <time>2026-03-13T20:33:13.788Z</time>
      </trkpt>
      <trkpt lat="45.760686" lon="4.642041">
        <ele>555.024761</ele>
        <time>2026-03-13T20:33:53.154Z</time>
      </trkpt>
      <trkpt lat="45.760684" lon="4.641490">
        <ele>563.053622</ele>
        <time>2026-03-13T20:34:43.449Z</time>
      </trkpt>
      <trkpt lat="45.760668" lon="4.641340">
        <ele>565.310195</ele>
        <time>2026-03-13T20:34:57.311Z</time>
      </trkpt>
      <trkpt lat="45.760599" lon="4.641075">
        <ele>569.516532</ele>
        <time>2026-03-13T20:35:23.027Z</time>
      </trkpt>
      <trkpt lat="45.760624" lon="4.641008">
        <ele>570.646446</ele>
        <time>2026-03-13T20:35:29.927Z</time>
      </trkpt>
      <trkpt lat="45.760774" lon="4.640882">
        <ele>574.352381</ele>
        <time>2026-03-13T20:35:52.455Z</time>
      </trkpt>
      <trkpt lat="45.760865" lon="4.640711">
        <ele>577.550671</ele>
        <time>2026-03-13T20:36:11.749Z</time>
      </trkpt>
      <trkpt lat="45.760884" lon="4.640616">
        <ele>579.020318</ele>
        <time>2026-03-13T20:36:20.532Z</time>
      </trkpt>
      <trkpt lat="45.760874" lon="4.640522">
        <ele>580.434346</ele>
        <time>2026-03-13T20:36:28.977Z</time>
      </trkpt>
      <trkpt lat="45.760786" lon="4.640268">
        <ele>584.651689</ele>
        <time>2026-03-13T20:36:53.863Z</time>
      </trkpt>
      <trkpt lat="45.760807" lon="4.640124">
        <ele>586.839395</ele>
        <time>2026-03-13T20:37:06.599Z</time>
      </trkpt>
      <trkpt lat="45.760939" lon="4.639645">
        <ele>594.498152</ele>
        <time>2026-03-13T20:37:49.951Z</time>
      </trkpt>
      <trkpt lat="45.761058" lon="4.638900">
        <ele>604.872058</ele>
        <time>2026-03-13T20:38:50.662Z</time>
      </trkpt>
      <trkpt lat="45.761186" lon="4.638523">
        <ele>609.938795</ele>
        <time>2026-03-13T20:39:22.106Z</time>
      </trkpt>
      <trkpt lat="45.761266" lon="4.638387">
        <ele>612.088525</ele>
        <time>2026-03-13T20:39:35.131Z</time>
      </trkpt>
      <trkpt lat="45.761374" lon="4.638311">
        <ele>614.172557</ele>
        <time>2026-03-13T20:39:47.622Z</time>
      </trkpt>
      <trkpt lat="45.761442" lon="4.638312">
        <ele>615.350497</ele>
        <time>2026-03-13T20:39:54.624Z</time>
      </trkpt>
      <trkpt lat="45.761702" lon="4.638396">
        <ele>619.967127</ele>
        <time>2026-03-13T20:40:21.757Z</time>
      </trkpt>
      <trkpt lat="45.761974" lon="4.638437">
        <ele>624.704617</ele>
        <time>2026-03-13T20:40:48.942Z</time>
      </trkpt>
      <trkpt lat="45.762523" lon="4.638358">
        <ele>633.808315</ele>
        <time>2026-03-13T20:41:42.094Z</time>
      </trkpt>
      <trkpt lat="45.762767" lon="4.638280">
        <ele>637.363573</ele>
        <time>2026-03-13T20:42:05.677Z</time>
      </trkpt>
      <trkpt lat="45.762508" lon="4.637575">
        <ele>645.268642</ele>
        <time>2026-03-13T20:42:49.798Z</time>
      </trkpt>
      <trkpt lat="45.762414" lon="4.637149">
        <ele>649.701498</ele>
        <time>2026-03-13T20:43:14.314Z</time>
      </trkpt>
      <trkpt lat="45.762381" lon="4.636753">
        <ele>653.658276</ele>
        <time>2026-03-13T20:43:35.441Z</time>
      </trkpt>
      <trkpt lat="45.762321" lon="4.636378">
        <ele>657.444089</ele>
        <time>2026-03-13T20:43:55.247Z</time>
      </trkpt>
      <trkpt lat="45.762323" lon="4.635709">
        <ele>662.853952</ele>
        <time>2026-03-13T20:44:28.828Z</time>
      </trkpt>
      <trkpt lat="45.762261" lon="4.635513">
        <ele>664.594208</ele>
        <time>2026-03-13T20:44:39.438Z</time>
      </trkpt>
      <trkpt lat="45.762160" lon="4.635033">
        <ele>668.648404</ele>
        <time>2026-03-13T20:45:04.057Z</time>
      </trkpt>
      <trkpt lat="45.762149" lon="4.634714">
        <ele>671.231128</ele>
        <time>2026-03-13T20:45:19.605Z</time>
      </trkpt>
      <trkpt lat="45.762167" lon="4.634181">
        <ele>675.546248</ele>
        <time>2026-03-13T20:45:45.912Z</time>
      </trkpt>
      <trkpt lat="45.762201" lon="4.633877">
        <ele>678.035915</ele>
        <time>2026-03-13T20:46:00.937Z</time>
      </trkpt>
      <trkpt lat="45.762203" lon="4.633087">
        <ele>683.827425</ele>
        <time>2026-03-13T20:46:39.240Z</time>
      </trkpt>
      <trkpt lat="45.762309" lon="4.633005">
        <ele>685.090694</ele>
        <time>2026-03-13T20:46:47.482Z</time>
      </trkpt>
      <trkpt lat="45.762338" lon="4.632899">
        <ele>685.923766</ele>
        <time>2026-03-13T20:46:52.761Z</time>
      </trkpt>
      <trkpt lat="45.762335" lon="4.632722">
        <ele>687.219197</ele>
        <time>2026-03-13T20:47:00.870Z</time>
      </trkpt>
      <trkpt lat="45.762280" lon="4.632305">
        <ele>690.324294</ele>
        <time>2026-03-13T20:47:20.475Z</time>
      </trkpt>
      <trkpt lat="45.762254" lon="4.631866">
        <ele>693.547866</ele>
        <time>2026-03-13T20:47:40.909Z</time>
      </trkpt>
      <trkpt lat="45.762255" lon="4.631860">
        <ele>693.593001</ele>
        <time>2026-03-13T20:47:41.180Z</time>
      </trkpt>
      <trkpt lat="45.762263" lon="4.631627">
        <ele>695.299849</ele>
        <time>2026-03-13T20:47:52.055Z</time>
      </trkpt>
      <trkpt lat="45.762295" lon="4.631188">
        <ele>698.306939</ele>
        <time>2026-03-13T20:48:12.171Z</time>
      </trkpt>
      <trkpt lat="45.762397" lon="4.630654">
        <ele>701.761554</ele>
        <time>2026-03-13T20:48:37.857Z</time>
      </trkpt>
      <trkpt lat="45.762678" lon="4.629380">
        <ele>710.098696</ele>
        <time>2026-03-13T20:49:36.298Z</time>
      </trkpt>
      <trkpt lat="45.762793" lon="4.628987">
        <ele>712.757845</ele>
        <time>2026-03-13T20:49:53.240Z</time>
      </trkpt>
      <trkpt lat="45.762827" lon="4.628909">
        <ele>713.213096</ele>
        <time>2026-03-13T20:49:56.811Z</time>
      </trkpt>
      <trkpt lat="45.762956" lon="4.629301">
        <ele>714.499595</ele>
        <time>2026-03-13T20:50:13.001Z</time>
      </trkpt>
      <trkpt lat="45.763154" lon="4.629435">
        <ele>715.431204</ele>
        <time>2026-03-13T20:50:24.215Z</time>
      </trkpt>
      <trkpt lat="45.763324" lon="4.629615">
        <ele>716.330437</ele>
        <time>2026-03-13T20:50:34.788Z</time>
      </trkpt>
      <trkpt lat="45.763720" lon="4.629941">
        <ele>718.273399</ele>
        <time>2026-03-13T20:50:56.074Z</time>
      </trkpt>
      <trkpt lat="45.763723" lon="4.629943">
        <ele>718.287476</ele>
        <time>2026-03-13T20:50:56.209Z</time>
      </trkpt>
      <trkpt lat="45.764220" lon="4.630452">
        <ele>720.653875</ele>
        <time>2026-03-13T20:51:24.523Z</time>
      </trkpt>
      <trkpt lat="45.764311" lon="4.630545">
        <ele>720.266754</ele>
        <time>2026-03-13T20:51:29.624Z</time>
      </trkpt>
      <trkpt lat="45.764449" lon="4.630639">
        <ele>719.737514</ele>
        <time>2026-03-13T20:51:36.394Z</time>
      </trkpt>
      <trkpt lat="45.764825" lon="4.630705">
        <ele>718.425366</ele>
        <time>2026-03-13T20:51:52.199Z</time>
      </trkpt>
      <trkpt lat="45.765620" lon="4.630669">
        <ele>715.670205</ele>
        <time>2026-03-13T20:52:21.593Z</time>
      </trkpt>
      <trkpt lat="45.766087" lon="4.630985">
        <ele>712.086298</ele>
        <time>2026-03-13T20:52:41.955Z</time>
      </trkpt>
      <trkpt lat="45.766226" lon="4.631112">
        <ele>709.929950</ele>
        <time>2026-03-13T20:52:48.228Z</time>
      </trkpt>
      <trkpt lat="45.766302" lon="4.631290">
        <ele>708.025432</ele>
        <time>2026-03-13T20:52:53.759Z</time>
      </trkpt>
      <trkpt lat="45.766733" lon="4.631891">
        <ele>700.159552</ele>
        <time>2026-03-13T20:53:16.482Z</time>
      </trkpt>
      <trkpt lat="45.766853" lon="4.632129">
        <ele>697.479682</ele>
        <time>2026-03-13T20:53:24.194Z</time>
      </trkpt>
      <trkpt lat="45.766882" lon="4.632218">
        <ele>696.583253</ele>
        <time>2026-03-13T20:53:26.780Z</time>
      </trkpt>
      <trkpt lat="45.766838" lon="4.632268">
        <ele>695.848729</ele>
        <time>2026-03-13T20:53:28.916Z</time>
      </trkpt>
      <trkpt lat="45.766717" lon="4.632132">
        <ele>693.837263</ele>
        <time>2026-03-13T20:53:34.706Z</time>
      </trkpt>
      <trkpt lat="45.766690" lon="4.632124">
        <ele>693.476582</ele>
        <time>2026-03-13T20:53:35.719Z</time>
      </trkpt>
      <trkpt lat="45.766679" lon="4.632172">
        <ele>693.015512</ele>
        <time>2026-03-13T20:53:37.055Z</time>
      </trkpt>
      <trkpt lat="45.766750" lon="4.632455">
        <ele>690.203207</ele>
        <time>2026-03-13T20:53:44.956Z</time>
      </trkpt>
      <trkpt lat="45.766774" lon="4.632820">
        <ele>686.545704</ele>
        <time>2026-03-13T20:53:54.576Z</time>
      </trkpt>
      <trkpt lat="45.766933" lon="4.633416">
        <ele>680.179839</ele>
        <time>2026-03-13T20:54:11.366Z</time>
      </trkpt>
      <trkpt lat="45.766933" lon="4.633459">
        <ele>679.750858</ele>
        <time>2026-03-13T20:54:12.492Z</time>
      </trkpt>
      <trkpt lat="45.766899" lon="4.633469">
        <ele>679.254484</ele>
        <time>2026-03-13T20:54:13.769Z</time>
      </trkpt>
      <trkpt lat="45.766889" lon="4.633515">
        <ele>678.773806</ele>
        <time>2026-03-13T20:54:15.046Z</time>
      </trkpt>
      <trkpt lat="45.766968" lon="4.633685">
        <ele>676.735969</ele>
        <time>2026-03-13T20:54:20.431Z</time>
      </trkpt>
      <trkpt lat="45.767206" lon="4.634195">
        <ele>670.614529</ele>
        <time>2026-03-13T20:54:36.618Z</time>
      </trkpt>
      <trkpt lat="45.767202" lon="4.634254">
        <ele>670.023156</ele>
        <time>2026-03-13T20:54:38.167Z</time>
      </trkpt>
      <trkpt lat="45.767176" lon="4.634271">
        <ele>669.614471</ele>
        <time>2026-03-13T20:54:39.260Z</time>
      </trkpt>
      <trkpt lat="45.767088" lon="4.634197">
        <ele>668.155406</ele>
        <time>2026-03-13T20:54:43.103Z</time>
      </trkpt>
      <trkpt lat="45.767085" lon="4.634240">
        <ele>667.724286</ele>
        <time>2026-03-13T20:54:44.241Z</time>
      </trkpt>
      <trkpt lat="45.767180" lon="4.634621">
        <ele>663.721161</ele>
        <time>2026-03-13T20:54:54.914Z</time>
      </trkpt>
      <trkpt lat="45.767189" lon="4.634906">
        <ele>660.934822</ele>
        <time>2026-03-13T20:55:02.451Z</time>
      </trkpt>
      <trkpt lat="45.767250" lon="4.635406">
        <ele>655.977393</ele>
        <time>2026-03-13T20:55:15.866Z</time>
      </trkpt>
      <trkpt lat="45.767168" lon="4.635839">
        <ele>651.595379</ele>
        <time>2026-03-13T20:55:27.717Z</time>
      </trkpt>
      <trkpt lat="45.767068" lon="4.636176">
        <ele>648.018613</ele>
        <time>2026-03-13T20:55:37.351Z</time>
      </trkpt>
      <trkpt lat="45.767009" lon="4.636540">
        <ele>644.368844</ele>
        <time>2026-03-13T20:55:47.201Z</time>
      </trkpt>
      <trkpt lat="45.766837" lon="4.637087">
        <ele>638.351837</ele>
        <time>2026-03-13T20:56:02.945Z</time>
      </trkpt>
      <trkpt lat="45.766808" lon="4.637100">
        <ele>637.884260</ele>
        <time>2026-03-13T20:56:04.088Z</time>
      </trkpt>
      <trkpt lat="45.766762" lon="4.636803">
        <ele>634.618413</ele>
        <time>2026-03-13T20:56:12.068Z</time>
      </trkpt>
      <trkpt lat="45.766743" lon="4.636790">
        <ele>634.294436</ele>
        <time>2026-03-13T20:56:12.859Z</time>
      </trkpt>
      <trkpt lat="45.766638" lon="4.636995">
        <ele>631.564324</ele>
        <time>2026-03-13T20:56:19.505Z</time>
      </trkpt>
      <trkpt lat="45.766557" lon="4.636917">
        <ele>630.062735</ele>
        <time>2026-03-13T20:56:23.197Z</time>
      </trkpt>
      <trkpt lat="45.766484" lon="4.637090">
        <ele>627.892295</ele>
        <time>2026-03-13T20:56:28.482Z</time>
      </trkpt>
      <trkpt lat="45.766429" lon="4.637308">
        <ele>625.403765</ele>
        <time>2026-03-13T20:56:34.579Z</time>
      </trkpt>
      <trkpt lat="45.766254" lon="4.637462">
        <ele>622.243843</ele>
        <time>2026-03-13T20:56:42.320Z</time>
      </trkpt>
      <trkpt lat="45.766179" lon="4.638288">
        <ele>613.302085</ele>
        <time>2026-03-13T20:57:00.921Z</time>
      </trkpt>
      <trkpt lat="45.766229" lon="4.639185">
        <ele>604.416467</ele>
        <time>2026-03-13T20:57:21.083Z</time>
      </trkpt>
      <trkpt lat="45.766575" lon="4.640277">
        <ele>592.677887</ele>
        <time>2026-03-13T20:57:48.022Z</time>
      </trkpt>
      <trkpt lat="45.766522" lon="4.640401">
        <ele>591.254568</ele>
        <time>2026-03-13T20:57:51.858Z</time>
      </trkpt>
      <trkpt lat="45.766359" lon="4.640531">
        <ele>588.637516</ele>
        <time>2026-03-13T20:57:58.903Z</time>
      </trkpt>
      <trkpt lat="45.766299" lon="4.640607">
        <ele>587.514149</ele>
        <time>2026-03-13T20:58:01.916Z</time>
      </trkpt>
      <trkpt lat="45.766288" lon="4.640662">
        <ele>586.910781</ele>
        <time>2026-03-13T20:58:03.423Z</time>
      </trkpt>
      <trkpt lat="45.766351" lon="4.640979">
        <ele>583.061371</ele>
        <time>2026-03-13T20:58:12.090Z</time>
      </trkpt>
      <trkpt lat="45.766463" lon="4.641356">
        <ele>578.275928</ele>
        <time>2026-03-13T20:58:22.844Z</time>
      </trkpt>
      <trkpt lat="45.766461" lon="4.641702">
        <ele>574.235020</ele>
        <time>2026-03-13T20:58:31.907Z</time>
      </trkpt>
      <trkpt lat="45.766520" lon="4.641898">
        <ele>571.742009</ele>
        <time>2026-03-13T20:58:37.490Z</time>
      </trkpt>
      <trkpt lat="45.766563" lon="4.642330">
        <ele>566.645794</ele>
        <time>2026-03-13T20:58:48.906Z</time>
      </trkpt>
      <trkpt lat="45.766540" lon="4.643151">
        <ele>557.052649</ele>
        <time>2026-03-13T20:59:10.333Z</time>
      </trkpt>
      <trkpt lat="45.766445" lon="4.643770">
        <ele>550.806843</ele>
        <time>2026-03-13T20:59:26.897Z</time>
      </trkpt>
      <trkpt lat="45.766427" lon="4.644379">
        <ele>544.800075</ele>
        <time>2026-03-13T20:59:42.906Z</time>
      </trkpt>
      <trkpt lat="45.766336" lon="4.644614">
        <ele>542.151392</ele>
        <time>2026-03-13T20:59:49.982Z</time>
      </trkpt>
      <trkpt lat="45.766129" lon="4.644851">
        <ele>538.408983</ele>
        <time>2026-03-13T21:00:00.026Z</time>
      </trkpt>
      <trkpt lat="45.766114" lon="4.644953">
        <ele>537.381727</ele>
        <time>2026-03-13T21:00:02.786Z</time>
      </trkpt>
      <trkpt lat="45.766133" lon="4.645063">
        <ele>536.264992</ele>
        <time>2026-03-13T21:00:05.787Z</time>
      </trkpt>
      <trkpt lat="45.766393" lon="4.645205">
        <ele>532.334543</ele>
        <time>2026-03-13T21:00:16.449Z</time>
      </trkpt>
      <trkpt lat="45.766545" lon="4.645401">
        <ele>530.095301</ele>
        <time>2026-03-13T21:00:24.388Z</time>
      </trkpt>
      <trkpt lat="45.766685" lon="4.645726">
        <ele>527.435469</ele>
        <time>2026-03-13T21:00:34.893Z</time>
      </trkpt>
      <trkpt lat="45.766764" lon="4.645849">
        <ele>526.271222</ele>
        <time>2026-03-13T21:00:39.570Z</time>
      </trkpt>
      <trkpt lat="45.766792" lon="4.645944">
        <ele>525.553075</ele>
        <time>2026-03-13T21:00:42.457Z</time>
      </trkpt>
      <trkpt lat="45.766785" lon="4.646092">
        <ele>524.520126</ele>
        <time>2026-03-13T21:00:46.632Z</time>
      </trkpt>
      <trkpt lat="45.767123" lon="4.646730">
        <ele>518.941524</ele>
        <time>2026-03-13T21:01:08.979Z</time>
      </trkpt>
      <trkpt lat="45.767210" lon="4.647201">
        <ele>515.548754</ele>
        <time>2026-03-13T21:01:22.090Z</time>
      </trkpt>
      <trkpt lat="45.767339" lon="4.647381">
        <ele>513.751756</ele>
        <time>2026-03-13T21:01:28.964Z</time>
      </trkpt>
      <trkpt lat="45.767354" lon="4.647465">
        <ele>512.973097</ele>
        <time>2026-03-13T21:01:31.244Z</time>
      </trkpt>
      <trkpt lat="45.767335" lon="4.647657">
        <ele>511.197872</ele>
        <time>2026-03-13T21:01:36.367Z</time>
      </trkpt>
      <trkpt lat="45.767080" lon="4.648078">
        <ele>506.093814</ele>
        <time>2026-03-13T21:01:51.101Z</time>
      </trkpt>
      <trkpt lat="45.766977" lon="4.648386">
        <ele>502.967018</ele>
        <time>2026-03-13T21:02:00.086Z</time>
      </trkpt>
      <trkpt lat="45.766940" lon="4.648572">
        <ele>501.196426</ele>
        <time>2026-03-13T21:02:05.165Z</time>
      </trkpt>
      <trkpt lat="45.766909" lon="4.648948">
        <ele>497.730422</ele>
        <time>2026-03-13T21:02:15.131Z</time>
      </trkpt>
      <trkpt lat="45.766829" lon="4.649160">
        <ele>495.523929</ele>
        <time>2026-03-13T21:02:21.484Z</time>
      </trkpt>
      <trkpt lat="45.766846" lon="4.649357">
        <ele>493.706767</ele>
        <time>2026-03-13T21:02:26.721Z</time>
      </trkpt>
      <trkpt lat="45.766812" lon="4.649470">
        <ele>492.580196</ele>
        <time>2026-03-13T21:02:29.952Z</time>
      </trkpt>
      <trkpt lat="45.766687" lon="4.649589">
        <ele>490.611034</ele>
        <time>2026-03-13T21:02:35.638Z</time>
      </trkpt>
      <trkpt lat="45.766682" lon="4.649590">
        <ele>490.544784</ele>
        <time>2026-03-13T21:02:35.820Z</time>
      </trkpt>
      <trkpt lat="45.766610" lon="4.649617">
        <ele>489.857324</ele>
        <time>2026-03-13T21:02:38.648Z</time>
      </trkpt>
      <trkpt lat="45.766496" lon="4.649608">
        <ele>489.173641</ele>
        <time>2026-03-13T21:02:42.982Z</time>
      </trkpt>
      <trkpt lat="45.766493" lon="4.649951">
        <ele>487.740735</ele>
        <time>2026-03-13T21:02:50.730Z</time>
      </trkpt>
      <trkpt lat="45.766578" lon="4.650504">
        <ele>485.375312</ele>
        <time>2026-03-13T21:03:04.025Z</time>
      </trkpt>
      <trkpt lat="45.766619" lon="4.651058">
        <ele>483.048139</ele>
        <time>2026-03-13T21:03:18.400Z</time>
      </trkpt>
      <trkpt lat="45.766685" lon="4.651727">
        <ele>480.225766</ele>
        <time>2026-03-13T21:03:37.227Z</time>
      </trkpt>
      <trkpt lat="45.766820" lon="4.651419">
        <ele>479.580577</ele>
        <time>2026-03-13T21:03:49.607Z</time>
      </trkpt>
      <trkpt lat="45.766919" lon="4.651193">
        <ele>480.029702</ele>
        <time>2026-03-13T21:03:58.664Z</time>
      </trkpt>
      <trkpt lat="45.767024" lon="4.650884">
        <ele>480.608154</ele>
        <time>2026-03-13T21:04:10.331Z</time>
      </trkpt>
      <trkpt lat="45.767090" lon="4.650525">
        <ele>481.232966</ele>
        <time>2026-03-13T21:04:23.239Z</time>
      </trkpt>
      <trkpt lat="45.767177" lon="4.650420">
        <ele>481.507342</ele>
        <time>2026-03-13T21:04:29.253Z</time>
      </trkpt>
      <trkpt lat="45.767329" lon="4.650421">
        <ele>481.874057</ele>
        <time>2026-03-13T21:04:37.661Z</time>
      </trkpt>
      <trkpt lat="45.767817" lon="4.650551">
        <ele>483.071550</ele>
        <time>2026-03-13T21:05:05.715Z</time>
      </trkpt>
      <trkpt lat="45.767924" lon="4.650569">
        <ele>483.331467</ele>
        <time>2026-03-13T21:05:12.157Z</time>
      </trkpt>
      <trkpt lat="45.768132" lon="4.650518">
        <ele>484.195110</ele>
        <time>2026-03-13T21:05:24.935Z</time>
      </trkpt>
      <trkpt lat="45.768338" lon="4.650396">
        <ele>485.843108</ele>
        <time>2026-03-13T21:05:38.557Z</time>
      </trkpt>
      <trkpt lat="45.768673" lon="4.650025">
        <ele>488.973085</ele>
        <time>2026-03-13T21:06:04.825Z</time>
      </trkpt>
      <trkpt lat="45.768799" lon="4.649837">
        <ele>490.317752</ele>
        <time>2026-03-13T21:06:16.716Z</time>
      </trkpt>
      <trkpt lat="45.768908" lon="4.649739">
        <ele>491.269071</ele>
        <time>2026-03-13T21:06:25.471Z</time>
      </trkpt>
      <trkpt lat="45.769078" lon="4.649710">
        <ele>492.534899</ele>
        <time>2026-03-13T21:06:37.617Z</time>
      </trkpt>
      <trkpt lat="45.769280" lon="4.649740">
        <ele>494.036456</ele>
        <time>2026-03-13T21:06:52.311Z</time>
      </trkpt>
      <trkpt lat="45.769393" lon="4.649795">
        <ele>494.918807</ele>
        <time>2026-03-13T21:07:01.105Z</time>
      </trkpt>
      <trkpt lat="45.769483" lon="4.649893">
        <ele>495.754448</ele>
        <time>2026-03-13T21:07:09.324Z</time>
      </trkpt>
      <trkpt lat="45.769595" lon="4.650019">
        <ele>496.807104</ele>
        <time>2026-03-13T21:07:19.857Z</time>
      </trkpt>
      <trkpt lat="45.769694" lon="4.650057">
        <ele>498.008948</ele>
        <time>2026-03-13T21:07:27.570Z</time>
      </trkpt>
      <trkpt lat="45.769926" lon="4.650028">
        <ele>501.011485</ele>
        <time>2026-03-13T21:07:44.968Z</time>
      </trkpt>
      <trkpt lat="45.770083" lon="4.649908">
        <ele>503.305417</ele>
        <time>2026-03-13T21:07:58.411Z</time>
      </trkpt>
      <trkpt lat="45.770029" lon="4.649848">
        <ele>504.186270</ele>
        <time>2026-03-13T21:08:03.665Z</time>
      </trkpt>
      <trkpt lat="45.770023" lon="4.649834">
        <ele>504.334044</ele>
        <time>2026-03-13T21:08:04.581Z</time>
      </trkpt>
      <trkpt lat="45.769953" lon="4.649680">
        <ele>505.987139</ele>
        <time>2026-03-13T21:08:14.862Z</time>
      </trkpt>
      <trkpt lat="45.769853" lon="4.649363">
        <ele>509.116046</ele>
        <time>2026-03-13T21:08:35.431Z</time>
      </trkpt>
      <trkpt lat="45.769715" lon="4.648835">
        <ele>514.186983</ele>
        <time>2026-03-13T21:09:11.584Z</time>
      </trkpt>
      <trkpt lat="45.769708" lon="4.648751">
        <ele>514.947806</ele>
        <time>2026-03-13T21:09:17.348Z</time>
      </trkpt>
      <trkpt lat="45.769687" lon="4.648572">
        <ele>516.580248</ele>
        <time>2026-03-13T21:09:29.843Z</time>
      </trkpt>
      <trkpt lat="45.769494" lon="4.647687">
        <ele>526.553506</ele>
        <time>2026-03-13T21:10:35.862Z</time>
      </trkpt>
      <trkpt lat="45.769488" lon="4.647550">
        <ele>528.211719</ele>
        <time>2026-03-13T21:10:45.740Z</time>
      </trkpt>
      <trkpt lat="45.769892" lon="4.646547">
        <ele>542.202801</ele>
        <time>2026-03-13T21:12:09.726Z</time>
      </trkpt>
      <trkpt lat="45.770092" lon="4.646206">
        <ele>547.584645</ele>
        <time>2026-03-13T21:12:41.925Z</time>
      </trkpt>
      <trkpt lat="45.770592" lon="4.645337">
        <ele>561.584665</ele>
        <time>2026-03-13T21:14:04.716Z</time>
      </trkpt>
      <trkpt lat="45.770824" lon="4.645015">
        <ele>567.398669</ele>
        <time>2026-03-13T21:14:39.954Z</time>
      </trkpt>
      <trkpt lat="45.770901" lon="4.644861">
        <ele>569.778323</ele>
        <time>2026-03-13T21:14:54.336Z</time>
      </trkpt>
      <trkpt lat="45.770928" lon="4.644756">
        <ele>571.183770</ele>
        <time>2026-03-13T21:15:02.841Z</time>
      </trkpt>
      <trkpt lat="45.770899" lon="4.644629">
        <ele>572.862053</ele>
        <time>2026-03-13T21:15:12.842Z</time>
      </trkpt>
      <trkpt lat="45.770757" lon="4.644495">
        <ele>575.922924</ele>
        <time>2026-03-13T21:15:30.954Z</time>
      </trkpt>
      <trkpt lat="45.770701" lon="4.644403">
        <ele>577.456432</ele>
        <time>2026-03-13T21:15:39.923Z</time>
      </trkpt>
      <trkpt lat="45.770564" lon="4.644147">
        <ele>581.508778</ele>
        <time>2026-03-13T21:16:03.542Z</time>
      </trkpt>
      <trkpt lat="45.770481" lon="4.643939">
        <ele>584.547611</ele>
        <time>2026-03-13T21:16:20.937Z</time>
      </trkpt>
      <trkpt lat="45.770408" lon="4.643754">
        <ele>587.311550</ele>
        <time>2026-03-13T21:16:36.328Z</time>
      </trkpt>
      <trkpt lat="45.770273" lon="4.643569">
        <ele>590.793106</ele>
        <time>2026-03-13T21:16:55.824Z</time>
      </trkpt>
      <trkpt lat="45.770105" lon="4.643446">
        <ele>594.309810</ele>
        <time>2026-03-13T21:17:16.030Z</time>
      </trkpt>
      <trkpt lat="45.769947" lon="4.643277">
        <ele>597.984804</ele>
        <time>2026-03-13T21:17:37.186Z</time>
      </trkpt>
      <trkpt lat="45.769579" lon="4.642701">
        <ele>608.141997</ele>
        <time>2026-03-13T21:18:36.281Z</time>
      </trkpt>
      <trkpt lat="45.769670" lon="4.642550">
        <ele>610.736924</ele>
        <time>2026-03-13T21:18:51.582Z</time>
      </trkpt>
      <trkpt lat="45.769658" lon="4.642134">
        <ele>616.151166</ele>
        <time>2026-03-13T21:19:24.558Z</time>
      </trkpt>
      <trkpt lat="45.769720" lon="4.641948">
        <ele>618.964668</ele>
        <time>2026-03-13T21:19:41.438Z</time>
      </trkpt>
      <trkpt lat="45.769696" lon="4.641620">
        <ele>623.607087</ele>
        <time>2026-03-13T21:20:08.958Z</time>
      </trkpt>
      <trkpt lat="45.769634" lon="4.641498">
        <ele>625.731856</ele>
        <time>2026-03-13T21:20:21.659Z</time>
      </trkpt>
      <trkpt lat="45.769632" lon="4.641438">
        <ele>626.577410</ele>
        <time>2026-03-13T21:20:26.764Z</time>
      </trkpt>
      <trkpt lat="45.769698" lon="4.641193">
        <ele>630.274399</ele>
        <time>2026-03-13T21:20:49.208Z</time>
      </trkpt>
      <trkpt lat="45.769687" lon="4.641126">
        <ele>631.243295</ele>
        <time>2026-03-13T21:20:55.085Z</time>
      </trkpt>
      <trkpt lat="45.769605" lon="4.640931">
        <ele>634.448419</ele>
        <time>2026-03-13T21:21:14.620Z</time>
      </trkpt>
      <trkpt lat="45.769484" lon="4.640829">
        <ele>637.281062</ele>
        <time>2026-03-13T21:21:31.662Z</time>
      </trkpt>
      <trkpt lat="45.769462" lon="4.640768">
        <ele>638.247713</ele>
        <time>2026-03-13T21:21:37.421Z</time>
      </trkpt>
      <trkpt lat="45.769434" lon="4.640657">
        <ele>639.909239</ele>
        <time>2026-03-13T21:21:47.084Z</time>
      </trkpt>
      <trkpt lat="45.769436" lon="4.640513">
        <ele>641.936664</ele>
        <time>2026-03-13T21:21:58.943Z</time>
      </trkpt>
      <trkpt lat="45.769410" lon="4.640405">
        <ele>643.544926</ele>
        <time>2026-03-13T21:22:08.119Z</time>
      </trkpt>
      <trkpt lat="45.769263" lon="4.640089">
        <ele>648.891552</ele>
        <time>2026-03-13T21:22:38.407Z</time>
      </trkpt>
      <trkpt lat="45.769255" lon="4.639908">
        <ele>651.444526</ele>
        <time>2026-03-13T21:22:52.748Z</time>
      </trkpt>
      <trkpt lat="45.769014" lon="4.639658">
        <ele>657.049204</ele>
        <time>2026-03-13T21:23:26.193Z</time>
      </trkpt>
      <trkpt lat="45.769006" lon="4.639550">
        <ele>658.423006</ele>
        <time>2026-03-13T21:23:34.728Z</time>
      </trkpt>
      <trkpt lat="45.769060" lon="4.639462">
        <ele>659.905554</ele>
        <time>2026-03-13T21:23:43.801Z</time>
      </trkpt>
      <trkpt lat="45.769260" lon="4.639389">
        <ele>663.648015</ele>
        <time>2026-03-13T21:24:06.586Z</time>
      </trkpt>
      <trkpt lat="45.769332" lon="4.639271">
        <ele>665.631080</ele>
        <time>2026-03-13T21:24:18.639Z</time>
      </trkpt>
      <trkpt lat="45.769328" lon="4.639214">
        <ele>666.355723</ele>
        <time>2026-03-13T21:24:23.000Z</time>
      </trkpt>
      <trkpt lat="45.769211" lon="4.638968">
        <ele>670.121904</ele>
        <time>2026-03-13T21:24:45.876Z</time>
      </trkpt>
      <trkpt lat="45.769193" lon="4.638854">
        <ele>671.600396</ele>
        <time>2026-03-13T21:24:54.851Z</time>
      </trkpt>
      <trkpt lat="45.769213" lon="4.638755">
        <ele>672.904130</ele>
        <time>2026-03-13T21:25:02.733Z</time>
      </trkpt>
      <trkpt lat="45.769423" lon="4.638541">
        <ele>677.576285</ele>
        <time>2026-03-13T21:25:30.771Z</time>
      </trkpt>
      <trkpt lat="45.769528" lon="4.638394">
        <ele>680.237650</ele>
        <time>2026-03-13T21:25:46.560Z</time>
      </trkpt>
      <trkpt lat="45.769545" lon="4.638249">
        <ele>682.097502</ele>
        <time>2026-03-13T21:25:57.533Z</time>
      </trkpt>
      <trkpt lat="45.769489" lon="4.637985">
        <ele>685.587869</ele>
        <time>2026-03-13T21:26:17.945Z</time>
      </trkpt>
      <trkpt lat="45.769440" lon="4.637584">
        <ele>687.488581</ele>
        <time>2026-03-13T21:26:45.407Z</time>
      </trkpt>
      <trkpt lat="45.769473" lon="4.637456">
        <ele>687.996305</ele>
        <time>2026-03-13T21:26:53.899Z</time>
      </trkpt>
      <trkpt lat="45.769567" lon="4.637278">
        <ele>688.826955</ele>
        <time>2026-03-13T21:27:07.135Z</time>
      </trkpt>
      <trkpt lat="45.769730" lon="4.637064">
        <ele>690.005865</ele>
        <time>2026-03-13T21:27:23.913Z</time>
      </trkpt>
      <trkpt lat="45.769833" lon="4.636690">
        <ele>691.501889</ele>
        <time>2026-03-13T21:27:41.971Z</time>
      </trkpt>
      <trkpt lat="45.770041" lon="4.636854">
        <ele>692.768051</ele>
        <time>2026-03-13T21:27:52.963Z</time>
      </trkpt>
      <trkpt lat="45.770258" lon="4.636871">
        <ele>693.927221</ele>
        <time>2026-03-13T21:28:01.907Z</time>
      </trkpt>
      <trkpt lat="45.770666" lon="4.636839">
        <ele>694.812292</ele>
        <time>2026-03-13T21:28:16.936Z</time>
      </trkpt>
      <trkpt lat="45.770770" lon="4.636853">
        <ele>693.462813</ele>
        <time>2026-03-13T21:28:20.523Z</time>
      </trkpt>
      <trkpt lat="45.770773" lon="4.636853">
        <ele>693.424057</ele>
        <time>2026-03-13T21:28:20.634Z</time>
      </trkpt>
      <trkpt lat="45.771059" lon="4.636975">
        <ele>689.569153</ele>
        <time>2026-03-13T21:28:30.283Z</time>
      </trkpt>
      <trkpt lat="45.771847" lon="4.637085">
        <ele>679.340896</ele>
        <time>2026-03-13T21:28:55.691Z</time>
      </trkpt>
      <trkpt lat="45.772216" lon="4.637321">
        <ele>674.120969</ele>
        <time>2026-03-13T21:29:08.585Z</time>
      </trkpt>
      <trkpt lat="45.772115" lon="4.637461">
        <ele>672.217916</ele>
        <time>2026-03-13T21:29:13.836Z</time>
      </trkpt>
      <trkpt lat="45.772024" lon="4.637676">
        <ele>668.877687</ele>
        <time>2026-03-13T21:29:20.444Z</time>
      </trkpt>
      <trkpt lat="45.772011" lon="4.637785">
        <ele>667.408945</ele>
        <time>2026-03-13T21:29:23.335Z</time>
      </trkpt>
      <trkpt lat="45.772038" lon="4.637912">
        <ele>665.645527</ele>
        <time>2026-03-13T21:29:26.789Z</time>
      </trkpt>
      <trkpt lat="45.772220" lon="4.638060">
        <ele>661.661247</ele>
        <time>2026-03-13T21:29:34.627Z</time>
      </trkpt>
      <trkpt lat="45.772343" lon="4.638246">
        <ele>658.257038</ele>
        <time>2026-03-13T21:29:41.308Z</time>
      </trkpt>
      <trkpt lat="45.772340" lon="4.638327">
        <ele>657.179692</ele>
        <time>2026-03-13T21:29:43.411Z</time>
      </trkpt>
      <trkpt lat="45.772296" lon="4.638450">
        <ele>655.343705</ele>
        <time>2026-03-13T21:29:47.031Z</time>
      </trkpt>
      <trkpt lat="45.772285" lon="4.638614">
        <ele>653.155430</ele>
        <time>2026-03-13T21:29:51.333Z</time>
      </trkpt>
      <trkpt lat="45.772336" lon="4.638833">
        <ele>650.088868</ele>
        <time>2026-03-13T21:29:57.345Z</time>
      </trkpt>
      <trkpt lat="45.772322" lon="4.639120">
        <ele>646.267663</ele>
        <time>2026-03-13T21:30:04.834Z</time>
      </trkpt>
      <trkpt lat="45.772409" lon="4.639516">
        <ele>640.753320</ele>
        <time>2026-03-13T21:30:15.594Z</time>
      </trkpt>
      <trkpt lat="45.772412" lon="4.639610">
        <ele>639.503521</ele>
        <time>2026-03-13T21:30:18.048Z</time>
      </trkpt>
      <trkpt lat="45.772260" lon="4.639801">
        <ele>635.949211</ele>
        <time>2026-03-13T21:30:25.557Z</time>
      </trkpt>
      <trkpt lat="45.772233" lon="4.639976">
        <ele>633.839553</ele>
        <time>2026-03-13T21:30:30.216Z</time>
      </trkpt>
      <trkpt lat="45.772267" lon="4.640358">
        <ele>629.306697</ele>
        <time>2026-03-13T21:30:40.174Z</time>
      </trkpt>
      <trkpt lat="45.772357" lon="4.640606">
        <ele>626.016113</ele>
        <time>2026-03-13T21:30:47.452Z</time>
      </trkpt>
      <trkpt lat="45.772348" lon="4.640719">
        <ele>624.677387</ele>
        <time>2026-03-13T21:30:50.398Z</time>
      </trkpt>
      <trkpt lat="45.772270" lon="4.640864">
        <ele>622.522035</ele>
        <time>2026-03-13T21:30:55.175Z</time>
      </trkpt>
      <trkpt lat="45.772304" lon="4.641042">
        <ele>620.349716</ele>
        <time>2026-03-13T21:31:00.005Z</time>
      </trkpt>
      <trkpt lat="45.772253" lon="4.641249">
        <ele>617.765657</ele>
        <time>2026-03-13T21:31:05.755Z</time>
      </trkpt>
      <trkpt lat="45.772258" lon="4.641585">
        <ele>613.809811</ele>
        <time>2026-03-13T21:31:14.592Z</time>
      </trkpt>
      <trkpt lat="45.772290" lon="4.641841">
        <ele>610.748516</ele>
        <time>2026-03-13T21:31:21.446Z</time>
      </trkpt>
      <trkpt lat="45.772373" lon="4.641865">
        <ele>609.319668</ele>
        <time>2026-03-13T21:31:24.663Z</time>
      </trkpt>
      <trkpt lat="45.772842" lon="4.642032">
        <ele>607.751160</ele>
        <time>2026-03-13T21:31:44.510Z</time>
      </trkpt>
      <trkpt lat="45.772930" lon="4.642038">
        <ele>607.720466</ele>
        <time>2026-03-13T21:31:48.440Z</time>
      </trkpt>
      <trkpt lat="45.773109" lon="4.641973">
        <ele>607.656131</ele>
        <time>2026-03-13T21:31:57.025Z</time>
      </trkpt>
      <trkpt lat="45.773228" lon="4.641888">
        <ele>607.609810</ele>
        <time>2026-03-13T21:32:03.604Z</time>
      </trkpt>
      <trkpt lat="45.773562" lon="4.641474">
        <ele>607.455981</ele>
        <time>2026-03-13T21:32:28.667Z</time>
      </trkpt>
      <trkpt lat="45.773922" lon="4.640757">
        <ele>607.316626</ele>
        <time>2026-03-13T21:33:06.136Z</time>
      </trkpt>
      <trkpt lat="45.774281" lon="4.640041">
        <ele>607.834183</ele>
        <time>2026-03-13T21:33:39.480Z</time>
      </trkpt>
      <trkpt lat="45.774572" lon="4.639760">
        <ele>608.129418</ele>
        <time>2026-03-13T21:33:56.710Z</time>
      </trkpt>
      <trkpt lat="45.775002" lon="4.639636">
        <ele>608.498506</ele>
        <time>2026-03-13T21:34:17.266Z</time>
      </trkpt>
      <trkpt lat="45.775374" lon="4.639371">
        <ele>608.998998</ele>
        <time>2026-03-13T21:34:36.060Z</time>
      </trkpt>
      <trkpt lat="45.775741" lon="4.638909">
        <ele>610.281767</ele>
        <time>2026-03-13T21:34:58.869Z</time>
      </trkpt>
      <trkpt lat="45.775883" lon="4.638536">
        <ele>611.060238</ele>
        <time>2026-03-13T21:35:13.344Z</time>
      </trkpt>
      <trkpt lat="45.775727" lon="4.638189">
        <ele>611.816528</ele>
        <time>2026-03-13T21:35:28.391Z</time>
      </trkpt>
      <trkpt lat="45.775525" lon="4.637614">
        <ele>612.995963</ele>
        <time>2026-03-13T21:35:54.298Z</time>
      </trkpt>
      <trkpt lat="45.775409" lon="4.637378">
        <ele>613.624884</ele>
        <time>2026-03-13T21:36:08.722Z</time>
      </trkpt>
      <trkpt lat="45.775119" lon="4.636990">
        <ele>619.050338</ele>
        <time>2026-03-13T21:36:42.979Z</time>
      </trkpt>
      <trkpt lat="45.774816" lon="4.636673">
        <ele>624.180861</ele>
        <time>2026-03-13T21:37:14.794Z</time>
      </trkpt>
      <trkpt lat="45.774603" lon="4.636609">
        <ele>627.157569</ele>
        <time>2026-03-13T21:37:33.754Z</time>
      </trkpt>
      <trkpt lat="45.774485" lon="4.636538">
        <ele>628.907947</ele>
        <time>2026-03-13T21:37:45.059Z</time>
      </trkpt>
      <trkpt lat="45.774348" lon="4.636349">
        <ele>631.508452</ele>
        <time>2026-03-13T21:38:02.667Z</time>
      </trkpt>
      <trkpt lat="45.774097" lon="4.635485">
        <ele>640.634245</ele>
        <time>2026-03-13T21:39:15.010Z</time>
      </trkpt>
      <trkpt lat="45.773938" lon="4.635093">
        <ele>645.324774</ele>
        <time>2026-03-13T21:39:49.717Z</time>
      </trkpt>
      <trkpt lat="45.773663" lon="4.634594">
        <ele>651.903055</ele>
        <time>2026-03-13T21:40:34.911Z</time>
      </trkpt>
      <trkpt lat="45.773438" lon="4.634286">
        <ele>656.516500</ele>
        <time>2026-03-13T21:41:05.285Z</time>
      </trkpt>
      <trkpt lat="45.773213" lon="4.633627">
        <ele>664.105985</ele>
        <time>2026-03-13T21:41:49.537Z</time>
      </trkpt>
      <trkpt lat="45.773237" lon="4.633292">
        <ele>666.471597</ele>
        <time>2026-03-13T21:42:03.739Z</time>
      </trkpt>
      <trkpt lat="45.773334" lon="4.633044">
        <ele>668.243794</ele>
        <time>2026-03-13T21:42:15.438Z</time>
      </trkpt>
      <trkpt lat="45.773465" lon="4.632878">
        <ele>669.806118</ele>
        <time>2026-03-13T21:42:26.255Z</time>
      </trkpt>
      <trkpt lat="45.773645" lon="4.632856">
        <ele>671.420437</ele>
        <time>2026-03-13T21:42:37.847Z</time>
      </trkpt>
      <trkpt lat="45.774037" lon="4.632604">
        <ele>675.259376</ele>
        <time>2026-03-13T21:43:05.954Z</time>
      </trkpt>
      <trkpt lat="45.773686" lon="4.632314">
        <ele>678.879460</ele>
        <time>2026-03-13T21:43:36.439Z</time>
      </trkpt>
      <trkpt lat="45.773443" lon="4.632218">
        <ele>681.248346</ele>
        <time>2026-03-13T21:43:57.112Z</time>
      </trkpt>
      <trkpt lat="45.773054" lon="4.632186">
        <ele>686.167037</ele>
        <time>2026-03-13T21:44:31.604Z</time>
      </trkpt>
      <trkpt lat="45.772848" lon="4.632255">
        <ele>688.837544</ele>
        <time>2026-03-13T21:44:53.533Z</time>
      </trkpt>
      <trkpt lat="45.772694" lon="4.632207">
        <ele>690.827004</ele>
        <time>2026-03-13T21:45:08.773Z</time>
      </trkpt>
      <trkpt lat="45.772536" lon="4.632218">
        <ele>692.823897</ele>
        <time>2026-03-13T21:45:23.229Z</time>
      </trkpt>
      <trkpt lat="45.772498" lon="4.632000">
        <ele>694.802448</ele>
        <time>2026-03-13T21:45:34.938Z</time>
      </trkpt>
      <trkpt lat="45.772241" lon="4.632076">
        <ele>698.115033</ele>
        <time>2026-03-13T21:45:54.045Z</time>
      </trkpt>
      <trkpt lat="45.772025" lon="4.632181">
        <ele>700.994229</ele>
        <time>2026-03-13T21:46:10.132Z</time>
      </trkpt>
      <trkpt lat="45.771968" lon="4.632218">
        <ele>701.784098</ele>
        <time>2026-03-13T21:46:14.469Z</time>
      </trkpt>
      <trkpt lat="45.771940" lon="4.632344">
        <ele>702.948501</ele>
        <time>2026-03-13T21:46:20.608Z</time>
      </trkpt>
      <trkpt lat="45.772022" lon="4.632525">
        <ele>704.623971</ele>
        <time>2026-03-13T21:46:30.575Z</time>
      </trkpt>
      <trkpt lat="45.771997" lon="4.632584">
        <ele>705.126151</ele>
        <time>2026-03-13T21:46:33.760Z</time>
      </trkpt>
      <trkpt lat="45.771751" lon="4.632808">
        <ele>708.165439</ele>
        <time>2026-03-13T21:46:52.865Z</time>
      </trkpt>
      <trkpt lat="45.771680" lon="4.632988">
        <ele>709.669711</ele>
        <time>2026-03-13T21:47:02.866Z</time>
      </trkpt>
      <trkpt lat="45.771681" lon="4.633071">
        <ele>710.273583</ele>
        <time>2026-03-13T21:47:06.939Z</time>
      </trkpt>
      <trkpt lat="45.771654" lon="4.633133">
        <ele>710.805286</ele>
        <time>2026-03-13T21:47:10.454Z</time>
      </trkpt>
      <trkpt lat="45.771536" lon="4.633259">
        <ele>712.339752</ele>
        <time>2026-03-13T21:47:20.781Z</time>
      </trkpt>
      <trkpt lat="45.771162" lon="4.633414">
        <ele>716.399935</ele>
        <time>2026-03-13T21:47:48.777Z</time>
      </trkpt>
      <trkpt lat="45.771107" lon="4.633538">
        <ele>717.468908</ele>
        <time>2026-03-13T21:47:56.166Z</time>
      </trkpt>
      <trkpt lat="45.771092" lon="4.633652">
        <ele>718.312834</ele>
        <time>2026-03-13T21:48:01.961Z</time>
      </trkpt>
      <trkpt lat="45.771117" lon="4.633725">
        <ele>718.904429</ele>
        <time>2026-03-13T21:48:05.978Z</time>
      </trkpt>
      <trkpt lat="45.771195" lon="4.633817">
        <ele>719.957823</ele>
        <time>2026-03-13T21:48:12.885Z</time>
      </trkpt>
      <trkpt lat="45.771191" lon="4.633896">
        <ele>720.534024</ele>
        <time>2026-03-13T21:48:16.502Z</time>
      </trkpt>
      <trkpt lat="45.771155" lon="4.633917">
        <ele>720.939361</ele>
        <time>2026-03-13T21:48:19.106Z</time>
      </trkpt>
      <trkpt lat="45.770939" lon="4.633908">
        <ele>722.433493</ele>
        <time>2026-03-13T21:48:32.198Z</time>
      </trkpt>
      <trkpt lat="45.770895" lon="4.633942">
        <ele>722.504746</ele>
        <time>2026-03-13T21:48:35.050Z</time>
      </trkpt>
      <trkpt lat="45.770651" lon="4.634369">
        <ele>723.053612</ele>
        <time>2026-03-13T21:48:55.224Z</time>
      </trkpt>
      <trkpt lat="45.770577" lon="4.634458">
        <ele>723.191305</ele>
        <time>2026-03-13T21:49:00.616Z</time>
      </trkpt>
      <trkpt lat="45.770521" lon="4.634483">
        <ele>723.274915</ele>
        <time>2026-03-13T21:49:03.811Z</time>
      </trkpt>
      <trkpt lat="45.770415" lon="4.634441">
        <ele>723.431685</ele>
        <time>2026-03-13T21:49:09.602Z</time>
      </trkpt>
      <trkpt lat="45.770334" lon="4.634316">
        <ele>723.601336</ele>
        <time>2026-03-13T21:49:15.642Z</time>
      </trkpt>
      <trkpt lat="45.770218" lon="4.634005">
        <ele>723.952013</ele>
        <time>2026-03-13T21:49:25.840Z</time>
      </trkpt>
      <trkpt lat="45.769970" lon="4.633546">
        <ele>724.529326</ele>
        <time>2026-03-13T21:49:41.883Z</time>
      </trkpt>
      <trkpt lat="45.769969" lon="4.633541">
        <ele>724.534498</ele>
        <time>2026-03-13T21:49:42.011Z</time>
      </trkpt>
      <trkpt lat="45.769933" lon="4.633436">
        <ele>724.650836</ele>
        <time>2026-03-13T21:49:45.060Z</time>
      </trkpt>
      <trkpt lat="45.769751" lon="4.633264">
        <ele>724.359789</ele>
        <time>2026-03-13T21:49:52.922Z</time>
      </trkpt>
      <trkpt lat="45.769711" lon="4.633158">
        <ele>723.624601</ele>
        <time>2026-03-13T21:49:55.885Z</time>
      </trkpt>
      <trkpt lat="45.769583" lon="4.632908">
        <ele>721.732795</ele>
        <time>2026-03-13T21:50:03.425Z</time>
      </trkpt>
      <trkpt lat="45.769500" lon="4.632802">
        <ele>720.760676</ele>
        <time>2026-03-13T21:50:07.232Z</time>
      </trkpt>
      <trkpt lat="45.769421" lon="4.632703">
        <ele>719.843040</ele>
        <time>2026-03-13T21:50:10.834Z</time>
      </trkpt>
      <trkpt lat="45.769492" lon="4.632681">
        <ele>719.207779</ele>
        <time>2026-03-13T21:50:13.752Z</time>
      </trkpt>
      <trkpt lat="45.769633" lon="4.632542">
        <ele>717.711270</ele>
        <time>2026-03-13T21:50:20.507Z</time>
      </trkpt>
      <trkpt lat="45.770209" lon="4.632230">
        <ele>712.326357</ele>
        <time>2026-03-13T21:50:44.486Z</time>
      </trkpt>
      <trkpt lat="45.770345" lon="4.632179">
        <ele>711.096968</ele>
        <time>2026-03-13T21:50:49.893Z</time>
      </trkpt>
      <trkpt lat="45.770945" lon="4.632089">
        <ele>705.878528</ele>
        <time>2026-03-13T21:51:12.816Z</time>
      </trkpt>
      <trkpt lat="45.771211" lon="4.631960">
        <ele>703.465166</ele>
        <time>2026-03-13T21:51:23.484Z</time>
      </trkpt>
      <trkpt lat="45.771491" lon="4.631585">
        <ele>700.172054</ele>
        <time>2026-03-13T21:51:38.661Z</time>
      </trkpt>
      <trkpt lat="45.771812" lon="4.630960">
        <ele>695.519220</ele>
        <time>2026-03-13T21:52:01.336Z</time>
      </trkpt>
      <trkpt lat="45.772059" lon="4.630445">
        <ele>691.379522</ele>
        <time>2026-03-13T21:52:20.026Z</time>
      </trkpt>
      <trkpt lat="45.772147" lon="4.630316">
        <ele>690.076049</ele>
        <time>2026-03-13T21:52:24.547Z</time>
      </trkpt>
      <trkpt lat="45.772582" lon="4.630796">
        <ele>684.390997</ele>
        <time>2026-03-13T21:52:47.304Z</time>
      </trkpt>
      <trkpt lat="45.772702" lon="4.630866">
        <ele>683.049259</ele>
        <time>2026-03-13T21:52:52.473Z</time>
      </trkpt>
      <trkpt lat="45.773016" lon="4.631338">
        <ele>678.337442</ele>
        <time>2026-03-13T21:53:09.776Z</time>
      </trkpt>
      <trkpt lat="45.773237" lon="4.631515">
        <ele>675.715691</ele>
        <time>2026-03-13T21:53:19.296Z</time>
      </trkpt>
      <trkpt lat="45.773633" lon="4.631263">
        <ele>666.555805</ele>
        <time>2026-03-13T21:53:35.483Z</time>
      </trkpt>
      <trkpt lat="45.773847" lon="4.631258">
        <ele>661.636630</ele>
        <time>2026-03-13T21:53:43.462Z</time>
      </trkpt>
      <trkpt lat="45.774016" lon="4.631384">
        <ele>657.258568</ele>
        <time>2026-03-13T21:53:50.719Z</time>
      </trkpt>
      <trkpt lat="45.774034" lon="4.631397">
        <ele>656.795335</ele>
        <time>2026-03-13T21:53:51.485Z</time>
      </trkpt>
      <trkpt lat="45.774644" lon="4.631681">
        <ele>642.054561</ele>
        <time>2026-03-13T21:54:16.151Z</time>
      </trkpt>
      <trkpt lat="45.775014" lon="4.631928">
        <ele>632.572802</ele>
        <time>2026-03-13T21:54:32.026Z</time>
      </trkpt>
      <trkpt lat="45.775164" lon="4.631928">
        <ele>628.792441</ele>
        <time>2026-03-13T21:54:37.872Z</time>
      </trkpt>
      <trkpt lat="45.775403" lon="4.631858">
        <ele>622.644672</ele>
        <time>2026-03-13T21:54:47.425Z</time>
      </trkpt>
      <trkpt lat="45.775815" lon="4.632127">
        <ele>611.235327</ele>
        <time>2026-03-13T21:55:05.291Z</time>
      </trkpt>
      <trkpt lat="45.775998" lon="4.632422">
        <ele>604.295593</ele>
        <time>2026-03-13T21:55:16.244Z</time>
      </trkpt>
      <trkpt lat="45.776181" lon="4.632577">
        <ele>598.938905</ele>
        <time>2026-03-13T21:55:24.444Z</time>
      </trkpt>
      <trkpt lat="45.776357" lon="4.632631">
        <ele>594.402858</ele>
        <time>2026-03-13T21:55:31.274Z</time>
      </trkpt>
      <trkpt lat="45.777016" lon="4.632593">
        <ele>585.185944</ele>
        <time>2026-03-13T21:55:55.758Z</time>
      </trkpt>
      <trkpt lat="45.777124" lon="4.632304">
        <ele>583.444820</ele>
        <time>2026-03-13T21:56:03.048Z</time>
      </trkpt>
      <trkpt lat="45.777154" lon="4.632005">
        <ele>581.840667</ele>
        <time>2026-03-13T21:56:09.823Z</time>
      </trkpt>
      <trkpt lat="45.777152" lon="4.631709">
        <ele>580.268718</ele>
        <time>2026-03-13T21:56:17.076Z</time>
      </trkpt>
      <trkpt lat="45.777089" lon="4.630856">
        <ele>575.713626</ele>
        <time>2026-03-13T21:56:44.465Z</time>
      </trkpt>
      <trkpt lat="45.776998" lon="4.630980">
        <ele>574.757758</ele>
        <time>2026-03-13T21:56:53.604Z</time>
      </trkpt>
      <trkpt lat="45.776950" lon="4.631092">
        <ele>575.907056</ele>
        <time>2026-03-13T21:57:00.544Z</time>
      </trkpt>
      <trkpt lat="45.776884" lon="4.631475">
        <ele>579.888178</ele>
        <time>2026-03-13T21:57:22.657Z</time>
      </trkpt>
      <trkpt lat="45.776838" lon="4.631526">
        <ele>580.729499</ele>
        <time>2026-03-13T21:57:27.753Z</time>
      </trkpt>
      <trkpt lat="45.776778" lon="4.631526">
        <ele>581.597611</ele>
        <time>2026-03-13T21:57:32.857Z</time>
      </trkpt>
      <trkpt lat="45.776533" lon="4.631343">
        <ele>585.594579</ele>
        <time>2026-03-13T21:58:00.037Z</time>
      </trkpt>
      <trkpt lat="45.776124" lon="4.631121">
        <ele>591.922060</ele>
        <time>2026-03-13T21:58:51.393Z</time>
      </trkpt>
      <trkpt lat="45.775859" lon="4.631118">
        <ele>595.756337</ele>
        <time>2026-03-13T21:59:19.161Z</time>
      </trkpt>
      <trkpt lat="45.775515" lon="4.630566">
        <ele>602.749867</ele>
        <time>2026-03-13T22:00:07.083Z</time>
      </trkpt>
      <trkpt lat="45.775388" lon="4.630435">
        <ele>604.583061</ele>
        <time>2026-03-13T22:00:21.220Z</time>
      </trkpt>
      <trkpt lat="45.774831" lon="4.629664">
        <ele>613.654909</ele>
        <time>2026-03-13T22:01:30.946Z</time>
      </trkpt>
      <trkpt lat="45.774709" lon="4.629336">
        <ele>616.692859</ele>
        <time>2026-03-13T22:01:50.527Z</time>
      </trkpt>
      <trkpt lat="45.774554" lon="4.628860">
        <ele>620.986090</ele>
        <time>2026-03-13T22:02:14.050Z</time>
      </trkpt>
      <trkpt lat="45.774510" lon="4.628535">
        <ele>623.354114</ele>
        <time>2026-03-13T22:02:29.758Z</time>
      </trkpt>
      <trkpt lat="45.774528" lon="4.628308">
        <ele>624.888774</ele>
        <time>2026-03-13T22:02:40.312Z</time>
      </trkpt>
      <trkpt lat="45.774625" lon="4.628007">
        <ele>627.116074</ele>
        <time>2026-03-13T22:02:55.154Z</time>
      </trkpt>
      <trkpt lat="45.774666" lon="4.627870">
        <ele>628.117484</ele>
        <time>2026-03-13T22:03:01.678Z</time>
      </trkpt>
      <trkpt lat="45.774667" lon="4.627861">
        <ele>628.178702</ele>
        <time>2026-03-13T22:03:02.080Z</time>
      </trkpt>
      <trkpt lat="45.774682" lon="4.627668">
        <ele>629.483170</ele>
        <time>2026-03-13T22:03:10.261Z</time>
      </trkpt>
      <trkpt lat="45.774669" lon="4.627566">
        <ele>630.179683</ele>
        <time>2026-03-13T22:03:14.767Z</time>
      </trkpt>
      <trkpt lat="45.774642" lon="4.627524">
        <ele>630.563366</ele>
        <time>2026-03-13T22:03:17.331Z</time>
      </trkpt>
      <trkpt lat="45.774431" lon="4.627494">
        <ele>632.605438</ele>
        <time>2026-03-13T22:03:31.322Z</time>
      </trkpt>
      <trkpt lat="45.774256" lon="4.627433">
        <ele>634.339928</ele>
        <time>2026-03-13T22:03:43.803Z</time>
      </trkpt>
      <trkpt lat="45.773762" lon="4.627041">
        <ele>640.306437</ele>
        <time>2026-03-13T22:04:33.053Z</time>
      </trkpt>
      <trkpt lat="45.773660" lon="4.627047">
        <ele>642.077698</ele>
        <time>2026-03-13T22:04:44.471Z</time>
      </trkpt>
      <trkpt lat="45.773525" lon="4.627127">
        <ele>644.612244</ele>
        <time>2026-03-13T22:05:01.724Z</time>
      </trkpt>
      <trkpt lat="45.773209" lon="4.627411">
        <ele>651.083279</ele>
        <time>2026-03-13T22:05:46.730Z</time>
      </trkpt>
      <trkpt lat="45.773016" lon="4.627470">
        <ele>654.507244</ele>
        <time>2026-03-13T22:06:12.570Z</time>
      </trkpt>
      <trkpt lat="45.772913" lon="4.627631">
        <ele>657.151156</ele>
        <time>2026-03-13T22:06:32.422Z</time>
      </trkpt>
      <trkpt lat="45.772784" lon="4.628087">
        <ele>663.106382</ele>
        <time>2026-03-13T22:07:14.965Z</time>
      </trkpt>
      <trkpt lat="45.772767" lon="4.628385">
        <ele>666.724885</ele>
        <time>2026-03-13T22:07:36.512Z</time>
      </trkpt>
      <trkpt lat="45.772623" lon="4.628576">
        <ele>670.128658</ele>
        <time>2026-03-13T22:07:54.220Z</time>
      </trkpt>
      <trkpt lat="45.772590" lon="4.628736">
        <ele>670.261228</ele>
        <time>2026-03-13T22:08:03.821Z</time>
      </trkpt>
      <trkpt lat="45.772307" lon="4.628999">
        <ele>670.054119</ele>
        <time>2026-03-13T22:08:25.609Z</time>
      </trkpt>
      <trkpt lat="45.772099" lon="4.628726">
        <ele>669.880942</ele>
        <time>2026-03-13T22:08:40.297Z</time>
      </trkpt>
      <trkpt lat="45.771932" lon="4.628439">
        <ele>669.720847</ele>
        <time>2026-03-13T22:08:52.377Z</time>
      </trkpt>
      <trkpt lat="45.771834" lon="4.628373">
        <ele>669.654355</ele>
        <time>2026-03-13T22:08:57.127Z</time>
      </trkpt>
      <trkpt lat="45.771820" lon="4.627997">
        <ele>669.493068</ele>
        <time>2026-03-13T22:09:07.964Z</time>
      </trkpt>
      <trkpt lat="45.771735" lon="4.627863">
        <ele>669.415484</ele>
        <time>2026-03-13T22:09:12.974Z</time>
      </trkpt>
      <trkpt lat="45.771666" lon="4.627768">
        <ele>669.356735</ele>
        <time>2026-03-13T22:09:16.727Z</time>
      </trkpt>
      <trkpt lat="45.771664" lon="4.627758">
        <ele>669.352279</ele>
        <time>2026-03-13T22:09:17.014Z</time>
      </trkpt>
      <trkpt lat="45.771647" lon="4.627693">
        <ele>669.322544</ele>
        <time>2026-03-13T22:09:18.901Z</time>
      </trkpt>
      <trkpt lat="45.771654" lon="4.627411">
        <ele>668.945964</ele>
        <time>2026-03-13T22:09:26.434Z</time>
      </trkpt>
      <trkpt lat="45.771568" lon="4.627139">
        <ele>667.140451</ele>
        <time>2026-03-13T22:09:34.368Z</time>
      </trkpt>
      <trkpt lat="45.771517" lon="4.626979">
        <ele>666.076905</ele>
        <time>2026-03-13T22:09:39.058Z</time>
      </trkpt>
      <trkpt lat="45.771532" lon="4.626776">
        <ele>664.842738</ele>
        <time>2026-03-13T22:09:44.496Z</time>
      </trkpt>
      <trkpt lat="45.771479" lon="4.626636">
        <ele>663.879698</ele>
        <time>2026-03-13T22:09:48.742Z</time>
      </trkpt>
      <trkpt lat="45.771428" lon="4.626243">
        <ele>661.462921</ele>
        <time>2026-03-13T22:09:59.558Z</time>
      </trkpt>
      <trkpt lat="45.771329" lon="4.625931">
        <ele>659.390619</ele>
        <time>2026-03-13T22:10:09.012Z</time>
      </trkpt>
      <trkpt lat="45.771351" lon="4.625480">
        <ele>656.657290</ele>
        <time>2026-03-13T22:10:21.702Z</time>
      </trkpt>
      <trkpt lat="45.771445" lon="4.625115">
        <ele>654.304960</ele>
        <time>2026-03-13T22:10:32.755Z</time>
      </trkpt>
      <trkpt lat="45.771523" lon="4.624917">
        <ele>653.628316</ele>
        <time>2026-03-13T22:10:39.339Z</time>
      </trkpt>
      <trkpt lat="45.771700" lon="4.624498">
        <ele>653.615634</ele>
        <time>2026-03-13T22:10:54.251Z</time>
      </trkpt>
      <trkpt lat="45.771852" lon="4.624289">
        <ele>653.607818</ele>
        <time>2026-03-13T22:11:04.254Z</time>
      </trkpt>
      <trkpt lat="45.771980" lon="4.624203">
        <ele>653.602572</ele>
        <time>2026-03-13T22:11:11.238Z</time>
      </trkpt>
      <trkpt lat="45.772269" lon="4.624248">
        <ele>653.591783</ele>
        <time>2026-03-13T22:11:26.870Z</time>
      </trkpt>
      <trkpt lat="45.772277" lon="4.624249">
        <ele>653.591485</ele>
        <time>2026-03-13T22:11:27.344Z</time>
      </trkpt>
      <trkpt lat="45.772406" lon="4.624300">
        <ele>653.586518</ele>
        <time>2026-03-13T22:11:35.125Z</time>
      </trkpt>
      <trkpt lat="45.772309" lon="4.624566">
        <ele>653.578748</ele>
        <time>2026-03-13T22:11:47.933Z</time>
      </trkpt>
      <trkpt lat="45.772301" lon="4.624734">
        <ele>653.574389</ele>
        <time>2026-03-13T22:11:55.232Z</time>
      </trkpt>
      <trkpt lat="45.772357" lon="4.625091">
        <ele>653.564916</ele>
        <time>2026-03-13T22:12:09.945Z</time>
      </trkpt>
      <trkpt lat="45.772350" lon="4.625217">
        <ele>652.721458</ele>
        <time>2026-03-13T22:12:14.759Z</time>
      </trkpt>
      <trkpt lat="45.772380" lon="4.625472">
        <ele>650.788056</ele>
        <time>2026-03-13T22:12:23.573Z</time>
      </trkpt>
      <trkpt lat="45.772288" lon="4.625909">
        <ele>647.375307</ele>
        <time>2026-03-13T22:12:37.643Z</time>
      </trkpt>
      <trkpt lat="45.772292" lon="4.626277">
        <ele>644.623665</ele>
        <time>2026-03-13T22:12:47.911Z</time>
      </trkpt>
      <trkpt lat="45.772466" lon="4.626389">
        <ele>642.579271</ele>
        <time>2026-03-13T22:12:55.145Z</time>
      </trkpt>
      <trkpt lat="45.772541" lon="4.626304">
        <ele>641.554527</ele>
        <time>2026-03-13T22:12:58.761Z</time>
      </trkpt>
      <trkpt lat="45.772659" lon="4.626274">
        <ele>640.269994</ele>
        <time>2026-03-13T22:13:03.259Z</time>
      </trkpt>
      <trkpt lat="45.772722" lon="4.626237">
        <ele>639.540257</ele>
        <time>2026-03-13T22:13:05.451Z</time>
      </trkpt>
      <trkpt lat="45.772762" lon="4.626159">
        <ele>638.816454</ele>
        <time>2026-03-13T22:13:07.582Z</time>
      </trkpt>
      <trkpt lat="45.772810" lon="4.625944">
        <ele>637.128715</ele>
        <time>2026-03-13T22:13:12.582Z</time>
      </trkpt>
      <trkpt lat="45.772889" lon="4.625764">
        <ele>635.538739</ele>
        <time>2026-03-13T22:13:17.264Z</time>
      </trkpt>
      <trkpt lat="45.773211" lon="4.625333">
        <ele>626.747874</ele>
        <time>2026-03-13T22:13:31.299Z</time>
      </trkpt>
      <trkpt lat="45.773360" lon="4.624847">
        <ele>618.122841</ele>
        <time>2026-03-13T22:13:43.390Z</time>
      </trkpt>
      <trkpt lat="45.773426" lon="4.624048">
        <ele>605.050969</ele>
        <time>2026-03-13T22:14:01.232Z</time>
      </trkpt>
      <trkpt lat="45.773525" lon="4.623721">
        <ele>599.259406</ele>
        <time>2026-03-13T22:14:09.093Z</time>
      </trkpt>
      <trkpt lat="45.773762" lon="4.623265">
        <ele>589.829636</ele>
        <time>2026-03-13T22:14:21.781Z</time>
      </trkpt>
      <trkpt lat="45.774327" lon="4.622473">
        <ele>569.942942</ele>
        <time>2026-03-13T22:14:48.952Z</time>
      </trkpt>
      <trkpt lat="45.774664" lon="4.621704">
        <ele>554.000754</ele>
        <time>2026-03-13T22:15:11.146Z</time>
      </trkpt>
      <trkpt lat="45.774937" lon="4.621390">
        <ele>547.477275</ele>
        <time>2026-03-13T22:15:22.244Z</time>
      </trkpt>
      <trkpt lat="45.775146" lon="4.620989">
        <ele>549.090250</ele>
        <time>2026-03-13T22:15:33.499Z</time>
      </trkpt>
      <trkpt lat="45.774814" lon="4.620515">
        <ele>551.254734</ele>
        <time>2026-03-13T22:15:55.537Z</time>
      </trkpt>
      <trkpt lat="45.774560" lon="4.620328">
        <ele>552.573801</ele>
        <time>2026-03-13T22:16:16.880Z</time>
      </trkpt>
      <trkpt lat="45.774441" lon="4.620287">
        <ele>553.139196</ele>
        <time>2026-03-13T22:16:28.763Z</time>
      </trkpt>
      <trkpt lat="45.774400" lon="4.620296">
        <ele>553.330811</ele>
        <time>2026-03-13T22:16:32.798Z</time>
      </trkpt>
      <trkpt lat="45.774395" lon="4.620361">
        <ele>553.541523</ele>
        <time>2026-03-13T22:16:38.438Z</time>
      </trkpt>
      <trkpt lat="45.774395" lon="4.620365">
        <ele>553.554411</ele>
        <time>2026-03-13T22:16:38.805Z</time>
      </trkpt>
      <trkpt lat="45.774471" lon="4.620515">
        <ele>554.151800</ele>
        <time>2026-03-13T22:16:55.712Z</time>
      </trkpt>
      <trkpt lat="45.774461" lon="4.620561">
        <ele>554.307052</ele>
        <time>2026-03-13T22:17:00.652Z</time>
      </trkpt>
      <trkpt lat="45.774335" lon="4.620568">
        <ele>554.889572</ele>
        <time>2026-03-13T22:17:19.316Z</time>
      </trkpt>
      <trkpt lat="45.774245" lon="4.620540">
        <ele>555.315021</ele>
        <time>2026-03-13T22:17:33.243Z</time>
      </trkpt>
      <trkpt lat="45.774023" lon="4.620668">
        <ele>560.315229</ele>
        <time>2026-03-13T22:18:09.391Z</time>
      </trkpt>
      <trkpt lat="45.773908" lon="4.620774">
        <ele>563.435821</ele>
        <time>2026-03-13T22:18:30.102Z</time>
      </trkpt>
      <trkpt lat="45.773708" lon="4.620811">
        <ele>568.038743</ele>
        <time>2026-03-13T22:19:00.296Z</time>
      </trkpt>
      <trkpt lat="45.773615" lon="4.620879">
        <ele>570.421625</ele>
        <time>2026-03-13T22:19:15.799Z</time>
      </trkpt>
      <trkpt lat="45.773448" lon="4.620826">
        <ele>574.325737</ele>
        <time>2026-03-13T22:19:40.854Z</time>
      </trkpt>
      <trkpt lat="45.773316" lon="4.620831">
        <ele>577.339737</ele>
        <time>2026-03-13T22:19:59.951Z</time>
      </trkpt>
      <trkpt lat="45.773203" lon="4.620976">
        <ele>580.801209</ele>
        <time>2026-03-13T22:20:21.198Z</time>
      </trkpt>
      <trkpt lat="45.773125" lon="4.621022">
        <ele>582.726330</ele>
        <time>2026-03-13T22:20:32.820Z</time>
      </trkpt>
      <trkpt lat="45.773004" lon="4.620983">
        <ele>585.557134</ele>
        <time>2026-03-13T22:20:49.461Z</time>
      </trkpt>
      <trkpt lat="45.772787" lon="4.620973">
        <ele>590.512798</ele>
        <time>2026-03-13T22:21:17.691Z</time>
      </trkpt>
      <trkpt lat="45.772604" lon="4.620864">
        <ele>595.035983</ele>
        <time>2026-03-13T22:21:41.067Z</time>
      </trkpt>
      <trkpt lat="45.772539" lon="4.620869">
        <ele>596.485188</ele>
        <time>2026-03-13T22:21:48.394Z</time>
      </trkpt>
      <trkpt lat="45.772532" lon="4.620912">
        <ele>596.452606</ele>
        <time>2026-03-13T22:21:51.582Z</time>
      </trkpt>
      <trkpt lat="45.772578" lon="4.621047">
        <ele>596.341737</ele>
        <time>2026-03-13T22:22:01.530Z</time>
      </trkpt>
      <trkpt lat="45.772754" lon="4.621349">
        <ele>596.051343</ele>
        <time>2026-03-13T22:22:22.215Z</time>
      </trkpt>
      <trkpt lat="45.772777" lon="4.621505">
        <ele>595.933687</ele>
        <time>2026-03-13T22:22:28.936Z</time>
      </trkpt>
      <trkpt lat="45.772664" lon="4.621628">
        <ele>595.783591</ele>
        <time>2026-03-13T22:22:36.749Z</time>
      </trkpt>
      <trkpt lat="45.772577" lon="4.621649">
        <ele>595.690257</ele>
        <time>2026-03-13T22:22:41.073Z</time>
      </trkpt>
      <trkpt lat="45.772273" lon="4.621441">
        <ele>595.333903</ele>
        <time>2026-03-13T22:22:56.129Z</time>
      </trkpt>
      <trkpt lat="45.772200" lon="4.621173">
        <ele>595.121598</ele>
        <time>2026-03-13T22:23:04.234Z</time>
      </trkpt>
      <trkpt lat="45.772227" lon="4.620840">
        <ele>594.874220</ele>
        <time>2026-03-13T22:23:13.113Z</time>
      </trkpt>
      <trkpt lat="45.772114" lon="4.620545">
        <ele>594.625871</ele>
        <time>2026-03-13T22:23:21.974Z</time>
      </trkpt>
      <trkpt lat="45.772107" lon="4.620271">
        <ele>592.222043</ele>
        <time>2026-03-13T22:23:29.143Z</time>
      </trkpt>
      <trkpt lat="45.772058" lon="4.620014">
        <ele>589.327863</ele>
        <time>2026-03-13T22:23:36.110Z</time>
      </trkpt>
      <trkpt lat="45.771983" lon="4.619874">
        <ele>587.410275</ele>
        <time>2026-03-13T22:23:40.696Z</time>
      </trkpt>
      <trkpt lat="45.771923" lon="4.619853">
        <ele>586.448409</ele>
        <time>2026-03-13T22:23:42.997Z</time>
      </trkpt>
      <trkpt lat="45.771852" lon="4.619912">
        <ele>585.170357</ele>
        <time>2026-03-13T22:23:46.069Z</time>
      </trkpt>
      <trkpt lat="45.771766" lon="4.619912">
        <ele>583.831017</ele>
        <time>2026-03-13T22:23:49.289Z</time>
      </trkpt>
      <trkpt lat="45.771153" lon="4.619619">
        <ele>573.767724</ele>
        <time>2026-03-13T22:24:13.589Z</time>
      </trkpt>
      <trkpt lat="45.771307" lon="4.619448">
        <ele>570.734128</ele>
        <time>2026-03-13T22:24:19.854Z</time>
      </trkpt>
      <trkpt lat="45.771488" lon="4.619127">
        <ele>566.285789</ele>
        <time>2026-03-13T22:24:29.108Z</time>
      </trkpt>
      <trkpt lat="45.771605" lon="4.618563">
        <ele>560.599114</ele>
        <time>2026-03-13T22:24:42.320Z</time>
      </trkpt>
      <trkpt lat="45.771768" lon="4.618181">
        <ele>556.271320</ele>
        <time>2026-03-13T22:24:52.341Z</time>
      </trkpt>
      <trkpt lat="45.771899" lon="4.618030">
        <ele>553.942367</ele>
        <time>2026-03-13T22:24:57.689Z</time>
      </trkpt>
      <trkpt lat="45.772264" lon="4.617906">
        <ele>548.745116</ele>
        <time>2026-03-13T22:25:09.673Z</time>
      </trkpt>
      <trkpt lat="45.772129" lon="4.617326">
        <ele>542.835977</ele>
        <time>2026-03-13T22:25:25.849Z</time>
      </trkpt>
      <trkpt lat="45.772137" lon="4.617090">
        <ele>540.714404</ele>
        <time>2026-03-13T22:25:32.272Z</time>
      </trkpt>
      <trkpt lat="45.772058" lon="4.616811">
        <ele>538.233007</ele>
        <time>2026-03-13T22:25:40.478Z</time>
      </trkpt>
      <trkpt lat="45.771950" lon="4.616715">
        <ele>536.731692</ele>
        <time>2026-03-13T22:25:45.514Z</time>
      </trkpt>
      <trkpt lat="45.771572" lon="4.616865">
        <ele>532.097902</ele>
        <time>2026-03-13T22:26:00.643Z</time>
      </trkpt>
      <trkpt lat="45.771441" lon="4.616801">
        <ele>530.462808</ele>
        <time>2026-03-13T22:26:05.908Z</time>
      </trkpt>
      <trkpt lat="45.771385" lon="4.616731">
        <ele>529.585028</ele>
        <time>2026-03-13T22:26:08.729Z</time>
      </trkpt>
      <trkpt lat="45.771323" lon="4.616538">
        <ele>527.833969</ele>
        <time>2026-03-13T22:26:14.366Z</time>
      </trkpt>
      <trkpt lat="45.771252" lon="4.616166">
        <ele>524.655669</ele>
        <time>2026-03-13T22:26:24.679Z</time>
      </trkpt>
      <trkpt lat="45.771216" lon="4.615687">
        <ele>520.685434</ele>
        <time>2026-03-13T22:26:37.444Z</time>
      </trkpt>
      <trkpt lat="45.771217" lon="4.615408">
        <ele>518.020405</ele>
        <time>2026-03-13T22:26:44.762Z</time>
      </trkpt>
      <trkpt lat="45.771260" lon="4.615141">
        <ele>515.352338</ele>
        <time>2026-03-13T22:26:51.925Z</time>
      </trkpt>
      <trkpt lat="45.771193" lon="4.614538">
        <ele>509.407138</ele>
        <time>2026-03-13T22:27:07.808Z</time>
      </trkpt>
      <trkpt lat="45.771189" lon="4.613612">
        <ele>500.390857</ele>
        <time>2026-03-13T22:27:31.997Z</time>
      </trkpt>
      <trkpt lat="45.771230" lon="4.613373">
        <ele>497.994462</ele>
        <time>2026-03-13T22:27:38.523Z</time>
      </trkpt>
      <trkpt lat="45.771465" lon="4.612792">
        <ele>497.805752</ele>
        <time>2026-03-13T22:27:58.859Z</time>
      </trkpt>
      <trkpt lat="45.771075" lon="4.612897">
        <ele>501.428461</ele>
        <time>2026-03-13T22:28:17.931Z</time>
      </trkpt>
      <trkpt lat="45.770761" lon="4.613078">
        <ele>504.518139</ele>
        <time>2026-03-13T22:28:41.694Z</time>
      </trkpt>
      <trkpt lat="45.770232" lon="4.613803">
        <ele>511.199382</ele>
        <time>2026-03-13T22:29:48.343Z</time>
      </trkpt>
      <trkpt lat="45.770187" lon="4.614041">
        <ele>514.000405</ele>
        <time>2026-03-13T22:30:05.785Z</time>
      </trkpt>
      <trkpt lat="45.770103" lon="4.614317">
        <ele>518.156150</ele>
        <time>2026-03-13T22:30:26.375Z</time>
      </trkpt>
      <trkpt lat="45.769858" lon="4.614834">
        <ele>526.781884</ele>
        <time>2026-03-13T22:31:08.680Z</time>
      </trkpt>
      <trkpt lat="45.769528" lon="4.615412">
        <ele>537.089989</ele>
        <time>2026-03-13T22:31:58.406Z</time>
      </trkpt>
      <trkpt lat="45.769496" lon="4.615822">
        <ele>542.783615</ele>
        <time>2026-03-13T22:32:25.860Z</time>
      </trkpt>
      <trkpt lat="45.769364" lon="4.616251">
        <ele>549.607945</ele>
        <time>2026-03-13T22:32:58.726Z</time>
      </trkpt>
      <trkpt lat="45.769235" lon="4.616468">
        <ele>554.254466</ele>
        <time>2026-03-13T22:33:20.089Z</time>
      </trkpt>
      <trkpt lat="45.769097" lon="4.617116">
        <ele>565.296238</ele>
        <time>2026-03-13T22:34:14.166Z</time>
      </trkpt>
      <trkpt lat="45.768979" lon="4.618099">
        <ele>581.551878</ele>
        <time>2026-03-13T22:35:36.432Z</time>
      </trkpt>
      <trkpt lat="45.768915" lon="4.618333">
        <ele>585.648094</ele>
        <time>2026-03-13T22:35:57.199Z</time>
      </trkpt>
      <trkpt lat="45.768808" lon="4.618537">
        <ele>589.711838</ele>
        <time>2026-03-13T22:36:18.102Z</time>
      </trkpt>
      <trkpt lat="45.768683" lon="4.618704">
        <ele>592.913501</ele>
        <time>2026-03-13T22:36:37.716Z</time>
      </trkpt>
      <trkpt lat="45.768619" lon="4.618848">
        <ele>595.145256</ele>
        <time>2026-03-13T22:36:51.161Z</time>
      </trkpt>
      <trkpt lat="45.768613" lon="4.619155">
        <ele>599.159536</ele>
        <time>2026-03-13T22:37:14.782Z</time>
      </trkpt>
      <trkpt lat="45.768573" lon="4.619263">
        <ele>600.757812</ele>
        <time>2026-03-13T22:37:23.851Z</time>
      </trkpt>
      <trkpt lat="45.768338" lon="4.619598">
        <ele>606.967706</ele>
        <time>2026-03-13T22:37:57.643Z</time>
      </trkpt>
      <trkpt lat="45.768299" lon="4.619810">
        <ele>609.833451</ele>
        <time>2026-03-13T22:38:12.361Z</time>
      </trkpt>
      <trkpt lat="45.768316" lon="4.621307">
        <ele>626.133964</ele>
        <time>2026-03-13T22:39:33.888Z</time>
      </trkpt>
      <trkpt lat="45.768249" lon="4.622165">
        <ele>631.633867</ele>
        <time>2026-03-13T22:40:08.835Z</time>
      </trkpt>
      <trkpt lat="45.768077" lon="4.622937">
        <ele>636.796544</ele>
        <time>2026-03-13T22:40:39.497Z</time>
      </trkpt>
      <trkpt lat="45.767931" lon="4.623261">
        <ele>639.253748</ele>
        <time>2026-03-13T22:40:54.488Z</time>
      </trkpt>
      <trkpt lat="45.767931" lon="4.623262">
        <ele>639.260118</ele>
        <time>2026-03-13T22:40:54.528Z</time>
      </trkpt>
      <trkpt lat="45.767749" lon="4.623511">
        <ele>641.610482</ele>
        <time>2026-03-13T22:41:09.333Z</time>
      </trkpt>
      <trkpt lat="45.767564" lon="4.623632">
        <ele>643.514087</ele>
        <time>2026-03-13T22:41:21.909Z</time>
      </trkpt>
      <trkpt lat="45.767394" lon="4.623627">
        <ele>645.105866</ele>
        <time>2026-03-13T22:41:33.038Z</time>
      </trkpt>
      <trkpt lat="45.767255" lon="4.623527">
        <ele>646.561774</ele>
        <time>2026-03-13T22:41:43.569Z</time>
      </trkpt>
      <trkpt lat="45.767126" lon="4.623345">
        <ele>648.256156</ele>
        <time>2026-03-13T22:41:56.291Z</time>
      </trkpt>
      <trkpt lat="45.767029" lon="4.623077">
        <ele>650.227833</ele>
        <time>2026-03-13T22:42:11.107Z</time>
      </trkpt>
      <trkpt lat="45.766939" lon="4.622605">
        <ele>653.423225</ele>
        <time>2026-03-13T22:42:34.926Z</time>
      </trkpt>
      <trkpt lat="45.766797" lon="4.622380">
        <ele>655.404644</ele>
        <time>2026-03-13T22:42:48.819Z</time>
      </trkpt>
      <trkpt lat="45.766625" lon="4.622304">
        <ele>656.782456</ele>
        <time>2026-03-13T22:42:59.722Z</time>
      </trkpt>
      <trkpt lat="45.766505" lon="4.622347">
        <ele>657.495845</ele>
        <time>2026-03-13T22:43:06.765Z</time>
      </trkpt>
      <trkpt lat="45.766026" lon="4.622680">
        <ele>660.566181</ele>
        <time>2026-03-13T22:43:34.151Z</time>
      </trkpt>
      <trkpt lat="45.765899" lon="4.622691">
        <ele>661.299983</ele>
        <time>2026-03-13T22:43:40.144Z</time>
      </trkpt>
      <trkpt lat="45.765540" lon="4.622943">
        <ele>663.605409</ele>
        <time>2026-03-13T22:43:58.820Z</time>
      </trkpt>
      <trkpt lat="45.765237" lon="4.623270">
        <ele>665.792827</ele>
        <time>2026-03-13T22:44:17.044Z</time>
      </trkpt>
      <trkpt lat="45.765064" lon="4.623506">
        <ele>667.525449</ele>
        <time>2026-03-13T22:44:29.101Z</time>
      </trkpt>
      <trkpt lat="45.764758" lon="4.624595">
        <ele>675.558984</ele>
        <time>2026-03-13T22:45:19.656Z</time>
      </trkpt>
      <trkpt lat="45.764742" lon="4.625046">
        <ele>678.649057</ele>
        <time>2026-03-13T22:45:42.654Z</time>
      </trkpt>
      <trkpt lat="45.764630" lon="4.625469">
        <ele>681.745022</ele>
        <time>2026-03-13T22:46:06.126Z</time>
      </trkpt>
      <trkpt lat="45.764323" lon="4.626124">
        <ele>687.612258</ele>
        <time>2026-03-13T22:46:44.927Z</time>
      </trkpt>
      <trkpt lat="45.764181" lon="4.626596">
        <ele>691.708908</ele>
        <time>2026-03-13T22:47:10.088Z</time>
      </trkpt>
      <trkpt lat="45.764140" lon="4.626891">
        <ele>694.106213</ele>
        <time>2026-03-13T22:47:25.049Z</time>
      </trkpt>
      <trkpt lat="45.764141" lon="4.627294">
        <ele>697.318075</ele>
        <time>2026-03-13T22:47:45.436Z</time>
      </trkpt>
      <trkpt lat="45.764031" lon="4.627700">
        <ele>700.789296</ele>
        <time>2026-03-13T22:48:07.063Z</time>
      </trkpt>
      <trkpt lat="45.763748" lon="4.628016">
        <ele>704.878140</ele>
        <time>2026-03-13T22:48:31.972Z</time>
      </trkpt>
      <trkpt lat="45.763649" lon="4.628065">
        <ele>705.734721</ele>
        <time>2026-03-13T22:48:39.056Z</time>
      </trkpt>
      <trkpt lat="45.763584" lon="4.628036">
        <ele>706.291479</ele>
        <time>2026-03-13T22:48:43.800Z</time>
      </trkpt>
      <trkpt lat="45.763517" lon="4.627950">
        <ele>707.027021</ele>
        <time>2026-03-13T22:48:49.713Z</time>
      </trkpt>
      <trkpt lat="45.763472" lon="4.627826">
        <ele>707.824506</ele>
        <time>2026-03-13T22:48:56.355Z</time>
      </trkpt>
      <trkpt lat="45.763458" lon="4.627659">
        <ele>708.784183</ele>
        <time>2026-03-13T22:49:04.147Z</time>
      </trkpt>
      <trkpt lat="45.763190" lon="4.628397">
        <ele>713.531188</ele>
        <time>2026-03-13T22:49:40.762Z</time>
      </trkpt>
      <trkpt lat="45.763109" lon="4.628540">
        <ele>714.582157</ele>
        <time>2026-03-13T22:49:47.818Z</time>
      </trkpt>
      <trkpt lat="45.762827" lon="4.628909">
        <ele>717.704936</ele>
        <time>2026-03-13T22:50:06.296Z</time>
      </trkpt>
      <trkpt lat="45.762700" lon="4.628661">
        <ele>719.460222</ele>
        <time>2026-03-13T22:50:16.877Z</time>
      </trkpt>
      <trkpt lat="45.762373" lon="4.628662">
        <ele>721.972066</ele>
        <time>2026-03-13T22:50:34.382Z</time>
      </trkpt>
      <trkpt lat="45.762020" lon="4.628615">
        <ele>724.688133</ele>
        <time>2026-03-13T22:50:54.778Z</time>
      </trkpt>
      <trkpt lat="45.761851" lon="4.628507">
        <ele>726.105733</ele>
        <time>2026-03-13T22:51:06.027Z</time>
      </trkpt>
      <trkpt lat="45.761547" lon="4.627873">
        <ele>730.217561</ele>
        <time>2026-03-13T22:51:38.588Z</time>
      </trkpt>
      <trkpt lat="45.761442" lon="4.627698">
        <ele>731.451251</ele>
        <time>2026-03-13T22:51:47.870Z</time>
      </trkpt>
      <trkpt lat="45.761286" lon="4.627559">
        <ele>732.858501</ele>
        <time>2026-03-13T22:51:58.203Z</time>
      </trkpt>
      <trkpt lat="45.761165" lon="4.627529">
        <ele>733.720557</ele>
        <time>2026-03-13T22:52:06.115Z</time>
      </trkpt>
      <trkpt lat="45.761071" lon="4.627546">
        <ele>734.320767</ele>
        <time>2026-03-13T22:52:11.995Z</time>
      </trkpt>
      <trkpt lat="45.760998" lon="4.627618">
        <ele>734.882125</ele>
        <time>2026-03-13T22:52:17.417Z</time>
      </trkpt>
      <trkpt lat="45.760849" lon="4.628001">
        <ele>736.820233</ele>
        <time>2026-03-13T22:52:36.017Z</time>
      </trkpt>
      <trkpt lat="45.760845" lon="4.628007">
        <ele>736.856912</ele>
        <time>2026-03-13T22:52:36.346Z</time>
      </trkpt>
      <trkpt lat="45.760525" lon="4.628460">
        <ele>739.706109</ele>
        <time>2026-03-13T22:53:00.657Z</time>
      </trkpt>
      <trkpt lat="45.760477" lon="4.628341">
        <ele>740.313626</ele>
        <time>2026-03-13T22:53:06.771Z</time>
      </trkpt>
      <trkpt lat="45.760611" lon="4.628160">
        <ele>741.480050</ele>
        <time>2026-03-13T22:53:15.894Z</time>
      </trkpt>
      <trkpt lat="45.760682" lon="4.627867">
        <ele>742.850896</ele>
        <time>2026-03-13T22:53:26.425Z</time>
      </trkpt>
      <trkpt lat="45.760699" lon="4.627653">
        <ele>743.802812</ele>
        <time>2026-03-13T22:53:33.546Z</time>
      </trkpt>
      <trkpt lat="45.760650" lon="4.627132">
        <ele>745.591514</ele>
        <time>2026-03-13T22:53:51.285Z</time>
      </trkpt>
      <trkpt lat="45.760691" lon="4.627041">
        <ele>745.885738</ele>
        <time>2026-03-13T22:53:55.041Z</time>
      </trkpt>
      <trkpt lat="45.760828" lon="4.626896">
        <ele>746.548743</ele>
        <time>2026-03-13T22:54:03.912Z</time>
      </trkpt>
      <trkpt lat="45.761260" lon="4.626781">
        <ele>748.259337</ele>
        <time>2026-03-13T22:54:25.784Z</time>
      </trkpt>
      <trkpt lat="45.761370" lon="4.626776">
        <ele>748.687798</ele>
        <time>2026-03-13T22:54:30.976Z</time>
      </trkpt>
      <trkpt lat="45.761260" lon="4.626781">
        <ele>749.116259</ele>
        <time>2026-03-13T22:54:36.294Z</time>
      </trkpt>
      <trkpt lat="45.761239" lon="4.626639">
        <ele>749.510508</ele>
        <time>2026-03-13T22:54:41.972Z</time>
      </trkpt>
      <trkpt lat="45.760806" lon="4.626633">
        <ele>751.196316</ele>
        <time>2026-03-13T22:55:01.915Z</time>
      </trkpt>
      <trkpt lat="45.760541" lon="4.626523">
        <ele>751.827856</ele>
        <time>2026-03-13T22:55:14.437Z</time>
      </trkpt>
      <trkpt lat="45.760471" lon="4.626524">
        <ele>751.872447</ele>
        <time>2026-03-13T22:55:17.768Z</time>
      </trkpt>
      <trkpt lat="45.760386" lon="4.626572">
        <ele>751.930641</ele>
        <time>2026-03-13T22:55:21.936Z</time>
      </trkpt>
      <trkpt lat="45.760265" lon="4.626722">
        <ele>752.032542</ele>
        <time>2026-03-13T22:55:29.543Z</time>
      </trkpt>
      <trkpt lat="45.760160" lon="4.626966">
        <ele>752.159943</ele>
        <time>2026-03-13T22:55:38.658Z</time>
      </trkpt>
      <trkpt lat="45.760064" lon="4.627288">
        <ele>752.315557</ele>
        <time>2026-03-13T22:55:49.293Z</time>
      </trkpt>
      <trkpt lat="45.760020" lon="4.627529">
        <ele>752.426263</ele>
        <time>2026-03-13T22:55:56.578Z</time>
      </trkpt>
      <trkpt lat="45.759986" lon="4.627602">
        <ele>752.465269</ele>
        <time>2026-03-13T22:55:59.061Z</time>
      </trkpt>
      <trkpt lat="45.759943" lon="4.627610">
        <ele>752.492889</ele>
        <time>2026-03-13T22:56:00.823Z</time>
      </trkpt>
      <trkpt lat="45.759895" lon="4.627666">
        <ele>752.532311</ele>
        <time>2026-03-13T22:56:03.340Z</time>
      </trkpt>
      <trkpt lat="45.759801" lon="4.627833">
        <ele>752.627668</ele>
        <time>2026-03-13T22:56:09.337Z</time>
      </trkpt>
      <trkpt lat="45.759668" lon="4.627999">
        <ele>752.740003</ele>
        <time>2026-03-13T22:56:16.304Z</time>
      </trkpt>
      <trkpt lat="45.759442" lon="4.628129">
        <ele>752.858273</ele>
        <time>2026-03-13T22:56:25.755Z</time>
      </trkpt>
      <trkpt lat="45.759108" lon="4.628228">
        <ele>752.091711</ele>
        <time>2026-03-13T22:56:38.865Z</time>
      </trkpt>
      <trkpt lat="45.758293" lon="4.628122">
        <ele>750.252439</ele>
        <time>2026-03-13T22:57:09.930Z</time>
      </trkpt>
      <trkpt lat="45.758072" lon="4.628062">
        <ele>749.746900</ele>
        <time>2026-03-13T22:57:18.613Z</time>
      </trkpt>
      <trkpt lat="45.757867" lon="4.627969">
        <ele>749.263626</ele>
        <time>2026-03-13T22:57:27.078Z</time>
      </trkpt>
      <trkpt lat="45.757636" lon="4.627806">
        <ele>748.959004</ele>
        <time>2026-03-13T22:57:37.375Z</time>
      </trkpt>
      <trkpt lat="45.757392" lon="4.627500">
        <ele>749.482249</ele>
        <time>2026-03-13T22:57:50.649Z</time>
      </trkpt>
      <trkpt lat="45.757323" lon="4.627334">
        <ele>749.699822</ele>
        <time>2026-03-13T22:57:56.387Z</time>
      </trkpt>
      <trkpt lat="45.757211" lon="4.626813">
        <ele>750.313683</ele>
        <time>2026-03-13T22:58:13.098Z</time>
      </trkpt>
      <trkpt lat="45.757153" lon="4.626400">
        <ele>750.788048</ele>
        <time>2026-03-13T22:58:26.614Z</time>
      </trkpt>
      <trkpt lat="45.757085" lon="4.625707">
        <ele>751.576048</ele>
        <time>2026-03-13T22:58:49.588Z</time>
      </trkpt>
      <trkpt lat="45.757057" lon="4.624847">
        <ele>752.697545</ele>
        <time>2026-03-13T22:59:17.170Z</time>
      </trkpt>
      <trkpt lat="45.756948" lon="4.623087">
        <ele>755.066164</ele>
        <time>2026-03-13T23:00:10.778Z</time>
      </trkpt>
      <trkpt lat="45.756827" lon="4.622130">
        <ele>755.368686</ele>
        <time>2026-03-13T23:00:39.915Z</time>
      </trkpt>
      <trkpt lat="45.756811" lon="4.621284">
        <ele>755.529701</ele>
        <time>2026-03-13T23:01:04.757Z</time>
      </trkpt>
      <trkpt lat="45.756798" lon="4.620934">
        <ele>755.596385</ele>
        <time>2026-03-13T23:01:14.778Z</time>
      </trkpt>
      <trkpt lat="45.756720" lon="4.620124">
        <ele>755.383773</ele>
        <time>2026-03-13T23:01:37.562Z</time>
      </trkpt>
      <trkpt lat="45.756735" lon="4.619941">
        <ele>755.197849</ele>
        <time>2026-03-13T23:01:42.530Z</time>
      </trkpt>
      <trkpt lat="45.756687" lon="4.619772">
        <ele>755.013734</ele>
        <time>2026-03-13T23:01:47.479Z</time>
      </trkpt>
      <trkpt lat="45.756639" lon="4.619443">
        <ele>754.674579</ele>
        <time>2026-03-13T23:01:56.660Z</time>
      </trkpt>
      <trkpt lat="45.756601" lon="4.619180">
        <ele>754.403571</ele>
        <time>2026-03-13T23:02:04.111Z</time>
      </trkpt>
      <trkpt lat="45.756506" lon="4.618838">
        <ele>754.032134</ele>
        <time>2026-03-13T23:02:14.209Z</time>
      </trkpt>
      <trkpt lat="45.756344" lon="4.618541">
        <ele>753.651736</ele>
        <time>2026-03-13T23:02:24.570Z</time>
      </trkpt>
      <trkpt lat="45.756313" lon="4.618340">
        <ele>753.444022</ele>
        <time>2026-03-13T23:02:30.236Z</time>
      </trkpt>
      <trkpt lat="45.756319" lon="4.618203">
        <ele>753.305511</ele>
        <time>2026-03-13T23:02:34.040Z</time>
      </trkpt>
      <trkpt lat="45.756296" lon="4.618140">
        <ele>753.233764</ele>
        <time>2026-03-13T23:02:36.014Z</time>
      </trkpt>
      <trkpt lat="45.756280" lon="4.618017">
        <ele>753.107513</ele>
        <time>2026-03-13T23:02:39.502Z</time>
      </trkpt>
      <trkpt lat="45.756191" lon="4.617742">
        <ele>752.400521</ele>
        <time>2026-03-13T23:02:47.969Z</time>
      </trkpt>
      <trkpt lat="45.756061" lon="4.617885">
        <ele>751.836494</ele>
        <time>2026-03-13T23:02:54.557Z</time>
      </trkpt>
      <trkpt lat="45.756061" lon="4.617885">
        <ele>751.836494</ele>
        <time>2026-03-13T23:02:54.574Z</time>
      </trkpt>
      <trkpt lat="45.756292" lon="4.616921">
        <ele>749.388806</ele>
        <time>2026-03-13T23:03:23.771Z</time>
      </trkpt>
      <trkpt lat="45.756524" lon="4.615956">
        <ele>746.937737</ele>
        <time>2026-03-13T23:03:53.051Z</time>
      </trkpt>
      <trkpt lat="45.756394" lon="4.615455">
        <ele>741.420834</ele>
        <time>2026-03-13T23:04:07.208Z</time>
      </trkpt>
      <trkpt lat="45.756727" lon="4.614825">
        <ele>733.082354</ele>
        <time>2026-03-13T23:04:27.914Z</time>
      </trkpt>
      <trkpt lat="45.756767" lon="4.614750">
        <ele>732.086409</ele>
        <time>2026-03-13T23:04:30.393Z</time>
      </trkpt>
      <trkpt lat="45.756949" lon="4.614518">
        <ele>728.403434</ele>
        <time>2026-03-13T23:04:39.481Z</time>
      </trkpt>
      <trkpt lat="45.757039" lon="4.614325">
        <ele>725.954377</ele>
        <time>2026-03-13T23:04:45.527Z</time>
      </trkpt>
      <trkpt lat="45.757245" lon="4.613660">
        <ele>718.736535</ele>
        <time>2026-03-13T23:05:04.501Z</time>
      </trkpt>
      <trkpt lat="45.757046" lon="4.613092">
        <ele>714.185738</ele>
        <time>2026-03-13T23:05:18.746Z</time>
      </trkpt>
      <trkpt lat="45.756966" lon="4.612929">
        <ele>712.758831</ele>
        <time>2026-03-13T23:05:23.256Z</time>
      </trkpt>
      <trkpt lat="45.756477" lon="4.612184">
        <ele>705.435159</ele>
        <time>2026-03-13T23:05:48.046Z</time>
      </trkpt>
      <trkpt lat="45.756338" lon="4.612019">
        <ele>703.583007</ele>
        <time>2026-03-13T23:05:54.550Z</time>
      </trkpt>
      <trkpt lat="45.755855" lon="4.611599">
        <ele>699.085855</ele>
        <time>2026-03-13T23:06:14.645Z</time>
      </trkpt>
      <trkpt lat="45.755665" lon="4.611306">
        <ele>697.297903</ele>
        <time>2026-03-13T23:06:24.316Z</time>
      </trkpt>
      <trkpt lat="45.755378" lon="4.611046">
        <ele>695.122792</ele>
        <time>2026-03-13T23:06:36.048Z</time>
      </trkpt>
      <trkpt lat="45.755037" lon="4.610842">
        <ele>692.755568</ele>
        <time>2026-03-13T23:06:49.152Z</time>
      </trkpt>
      <trkpt lat="45.754609" lon="4.610476">
        <ele>689.586135</ele>
        <time>2026-03-13T23:07:06.890Z</time>
      </trkpt>
      <trkpt lat="45.754263" lon="4.610284">
        <ele>687.555250</ele>
        <time>2026-03-13T23:07:20.835Z</time>
      </trkpt>
      <trkpt lat="45.753917" lon="4.609823">
        <ele>684.969392</ele>
        <time>2026-03-13T23:07:38.983Z</time>
      </trkpt>
      <trkpt lat="45.753504" lon="4.609541">
        <ele>682.465322</ele>
        <time>2026-03-13T23:07:56.263Z</time>
      </trkpt>
      <trkpt lat="45.753396" lon="4.609314">
        <ele>681.415993</ele>
        <time>2026-03-13T23:08:03.048Z</time>
      </trkpt>
      <trkpt lat="45.753192" lon="4.608607">
        <ele>676.348049</ele>
        <time>2026-03-13T23:08:21.081Z</time>
      </trkpt>
      <trkpt lat="45.752969" lon="4.607451">
        <ele>664.667648</ele>
        <time>2026-03-13T23:08:47.955Z</time>
      </trkpt>
      <trkpt lat="45.752956" lon="4.606143">
        <ele>651.384896</ele>
        <time>2026-03-13T23:09:17.050Z</time>
      </trkpt>
      <trkpt lat="45.752595" lon="4.604744">
        <ele>634.086681</ele>
        <time>2026-03-13T23:09:50.232Z</time>
      </trkpt>
      <trkpt lat="45.752607" lon="4.604226">
        <ele>628.076068</ele>
        <time>2026-03-13T23:10:01.775Z</time>
      </trkpt>
      <trkpt lat="45.752737" lon="4.603933">
        <ele>624.184148</ele>
        <time>2026-03-13T23:10:09.534Z</time>
      </trkpt>
      <trkpt lat="45.752927" lon="4.603678">
        <ele>620.560090</ele>
        <time>2026-03-13T23:10:17.877Z</time>
      </trkpt>
      <trkpt lat="45.752912" lon="4.603478">
        <ele>618.606016</ele>
        <time>2026-03-13T23:10:22.385Z</time>
      </trkpt>
      <trkpt lat="45.752707" lon="4.603330">
        <ele>615.410249</ele>
        <time>2026-03-13T23:10:29.754Z</time>
      </trkpt>
      <trkpt lat="45.752348" lon="4.603425">
        <ele>610.327619</ele>
        <time>2026-03-13T23:10:41.495Z</time>
      </trkpt>
      <trkpt lat="45.752117" lon="4.603592">
        <ele>606.725525</ele>
        <time>2026-03-13T23:10:49.839Z</time>
      </trkpt>
      <trkpt lat="45.751885" lon="4.603569">
        <ele>603.487808</ele>
        <time>2026-03-13T23:10:57.320Z</time>
      </trkpt>
      <trkpt lat="45.750907" lon="4.602994">
        <ele>593.937573</ele>
        <time>2026-03-13T23:11:31.296Z</time>
      </trkpt>
      <trkpt lat="45.750744" lon="4.602959">
        <ele>592.714183</ele>
        <time>2026-03-13T23:11:36.622Z</time>
      </trkpt>
      <trkpt lat="45.750565" lon="4.602964">
        <ele>591.385283</ele>
        <time>2026-03-13T23:11:42.672Z</time>
      </trkpt>
      <trkpt lat="45.750445" lon="4.603017">
        <ele>590.453229</ele>
        <time>2026-03-13T23:11:47.127Z</time>
      </trkpt>
      <trkpt lat="45.750271" lon="4.603154">
        <ele>588.979608</ele>
        <time>2026-03-13T23:11:54.549Z</time>
      </trkpt>
      <trkpt lat="45.750223" lon="4.603155">
        <ele>588.623285</ele>
        <time>2026-03-13T23:11:56.466Z</time>
      </trkpt>
      <trkpt lat="45.750198" lon="4.603125">
        <ele>588.381256</ele>
        <time>2026-03-13T23:11:57.756Z</time>
      </trkpt>
      <trkpt lat="45.750200" lon="4.603080">
        <ele>588.147710</ele>
        <time>2026-03-13T23:11:59.025Z</time>
      </trkpt>
      <trkpt lat="45.750233" lon="4.603034">
        <ele>587.806004</ele>
        <time>2026-03-13T23:12:00.886Z</time>
      </trkpt>
      <trkpt lat="45.750217" lon="4.602997">
        <ele>587.580550</ele>
        <time>2026-03-13T23:12:02.168Z</time>
      </trkpt>
      <trkpt lat="45.750150" lon="4.603068">
        <ele>586.962041</ele>
        <time>2026-03-13T23:12:06.444Z</time>
      </trkpt>
      <trkpt lat="45.749947" lon="4.603097">
        <ele>588.304492</ele>
        <time>2026-03-13T23:12:17.602Z</time>
      </trkpt>
      <trkpt lat="45.749319" lon="4.603821">
        <ele>598.756303</ele>
        <time>2026-03-13T23:13:23.015Z</time>
      </trkpt>
      <trkpt lat="45.749235" lon="4.604128">
        <ele>601.740234</ele>
        <time>2026-03-13T23:13:46.955Z</time>
      </trkpt>
      <trkpt lat="45.748991" lon="4.604517">
        <ele>606.473333</ele>
        <time>2026-03-13T23:14:27.652Z</time>
      </trkpt>
      <trkpt lat="45.748753" lon="4.604762">
        <ele>610.470345</ele>
        <time>2026-03-13T23:15:02.039Z</time>
      </trkpt>
      <trkpt lat="45.748646" lon="4.604940">
        <ele>613.503853</ele>
        <time>2026-03-13T23:15:22.044Z</time>
      </trkpt>
      <trkpt lat="45.748435" lon="4.605617">
        <ele>623.077500</ele>
        <time>2026-03-13T23:16:22.358Z</time>
      </trkpt>
      <trkpt lat="45.748405" lon="4.605900">
        <ele>626.773506</ele>
        <time>2026-03-13T23:16:45.263Z</time>
      </trkpt>
      <trkpt lat="45.748291" lon="4.606246">
        <ele>631.714001</ele>
        <time>2026-03-13T23:17:15.900Z</time>
      </trkpt>
      <trkpt lat="45.748224" lon="4.606299">
        <ele>633.130074</ele>
        <time>2026-03-13T23:17:24.461Z</time>
      </trkpt>
      <trkpt lat="45.748009" lon="4.606207">
        <ele>637.281900</ele>
        <time>2026-03-13T23:17:48.127Z</time>
      </trkpt>
      <trkpt lat="45.747825" lon="4.606222">
        <ele>640.692054</ele>
        <time>2026-03-13T23:18:06.454Z</time>
      </trkpt>
      <trkpt lat="45.747637" lon="4.606260">
        <ele>643.820000</ele>
        <time>2026-03-13T23:18:24.687Z</time>
      </trkpt>
      <trkpt lat="45.747470" lon="4.606246">
        <ele>645.843173</ele>
        <time>2026-03-13T23:18:40.237Z</time>
      </trkpt>
      <trkpt lat="45.747267" lon="4.606161">
        <ele>648.400940</ele>
        <time>2026-03-13T23:18:59.090Z</time>
      </trkpt>
      <trkpt lat="45.747148" lon="4.606078">
        <ele>650.001560</ele>
        <time>2026-03-13T23:19:10.434Z</time>
      </trkpt>
      <trkpt lat="45.746984" lon="4.605857">
        <ele>652.724210</ele>
        <time>2026-03-13T23:19:29.051Z</time>
      </trkpt>
      <trkpt lat="45.746361" lon="4.605458">
        <ele>660.977116</ele>
        <time>2026-03-13T23:20:24.730Z</time>
      </trkpt>
      <trkpt lat="45.746358" lon="4.605454">
        <ele>661.026675</ele>
        <time>2026-03-13T23:20:25.046Z</time>
      </trkpt>
      <trkpt lat="45.745939" lon="4.604954">
        <ele>667.177098</ele>
        <time>2026-03-13T23:21:07.087Z</time>
      </trkpt>
      <trkpt lat="45.745788" lon="4.604892">
        <ele>668.772832</ele>
        <time>2026-03-13T23:21:19.275Z</time>
      </trkpt>
      <trkpt lat="45.745697" lon="4.604776">
        <ele>670.010139</ele>
        <time>2026-03-13T23:21:28.481Z</time>
      </trkpt>
      <trkpt lat="45.745460" lon="4.604724">
        <ele>672.445875</ele>
        <time>2026-03-13T23:21:47.427Z</time>
      </trkpt>
      <trkpt lat="45.744818" lon="4.603922">
        <ele>681.098328</ele>
        <time>2026-03-13T23:22:57.320Z</time>
      </trkpt>
      <trkpt lat="45.744452" lon="4.603210">
        <ele>684.764330</ele>
        <time>2026-03-13T23:23:41.790Z</time>
      </trkpt>
      <trkpt lat="45.744383" lon="4.602894">
        <ele>685.673499</ele>
        <time>2026-03-13T23:23:55.579Z</time>
      </trkpt>
      <trkpt lat="45.744415" lon="4.602671">
        <ele>686.298635</ele>
        <time>2026-03-13T23:24:04.586Z</time>
      </trkpt>
      <trkpt lat="45.744557" lon="4.602343">
        <ele>687.358501</ele>
        <time>2026-03-13T23:24:19.510Z</time>
      </trkpt>
      <trkpt lat="45.744815" lon="4.601579">
        <ele>689.689028</ele>
        <time>2026-03-13T23:24:49.435Z</time>
      </trkpt>
      <trkpt lat="45.744939" lon="4.601250">
        <ele>690.058070</ele>
        <time>2026-03-13T23:25:01.681Z</time>
      </trkpt>
      <trkpt lat="45.745056" lon="4.600836">
        <ele>689.733466</ele>
        <time>2026-03-13T23:25:15.953Z</time>
      </trkpt>
      <trkpt lat="45.745191" lon="4.599941">
        <ele>689.068017</ele>
        <time>2026-03-13T23:25:45.572Z</time>
      </trkpt>
      <trkpt lat="45.745228" lon="4.599483">
        <ele>688.732950</ele>
        <time>2026-03-13T23:26:00.751Z</time>
      </trkpt>
      <trkpt lat="45.745016" lon="4.598358">
        <ele>689.312272</ele>
        <time>2026-03-13T23:26:39.082Z</time>
      </trkpt>
      <trkpt lat="45.744786" lon="4.597808">
        <ele>690.368689</ele>
        <time>2026-03-13T23:27:02.667Z</time>
      </trkpt>
      <trkpt lat="45.744715" lon="4.597537">
        <ele>690.845615</ele>
        <time>2026-03-13T23:27:13.821Z</time>
      </trkpt>
      <trkpt lat="45.744526" lon="4.596822">
        <ele>692.105325</ele>
        <time>2026-03-13T23:27:44.481Z</time>
      </trkpt>
      <trkpt lat="45.744583" lon="4.596105">
        <ele>692.696597</ele>
        <time>2026-03-13T23:28:14.545Z</time>
      </trkpt>
      <trkpt lat="45.744561" lon="4.595892">
        <ele>692.758970</ele>
        <time>2026-03-13T23:28:23.757Z</time>
      </trkpt>
      <trkpt lat="45.744784" lon="4.594743">
        <ele>693.104436</ele>
        <time>2026-03-13T23:29:06.140Z</time>
      </trkpt>
      <trkpt lat="45.744966" lon="4.594334">
        <ele>693.244949</ele>
        <time>2026-03-13T23:29:21.182Z</time>
      </trkpt>
      <trkpt lat="45.745241" lon="4.593841">
        <ele>691.541078</ele>
        <time>2026-03-13T23:29:39.741Z</time>
      </trkpt>
      <trkpt lat="45.745510" lon="4.593595">
        <ele>689.443733</ele>
        <time>2026-03-13T23:29:52.895Z</time>
      </trkpt>
      <trkpt lat="45.745652" lon="4.593133">
        <ele>687.128316</ele>
        <time>2026-03-13T23:30:07.045Z</time>
      </trkpt>
      <trkpt lat="45.745832" lon="4.592865">
        <ele>685.422294</ele>
        <time>2026-03-13T23:30:17.453Z</time>
      </trkpt>
      <trkpt lat="45.746199" lon="4.592028">
        <ele>680.983690</ele>
        <time>2026-03-13T23:30:46.083Z</time>
      </trkpt>
      <trkpt lat="45.746206" lon="4.591781">
        <ele>680.028119</ele>
        <time>2026-03-13T23:30:53.470Z</time>
      </trkpt>
      <trkpt lat="45.746311" lon="4.591352">
        <ele>678.270772</ele>
        <time>2026-03-13T23:31:07.270Z</time>
      </trkpt>
      <trkpt lat="45.746356" lon="4.590837">
        <ele>676.264488</ele>
        <time>2026-03-13T23:31:23.117Z</time>
      </trkpt>
      <trkpt lat="45.746326" lon="4.590408">
        <ele>674.597878</ele>
        <time>2026-03-13T23:31:36.216Z</time>
      </trkpt>
      <trkpt lat="45.746349" lon="4.589207">
        <ele>669.060879</ele>
        <time>2026-03-13T23:32:11.414Z</time>
      </trkpt>
      <trkpt lat="45.746719" lon="4.587275">
        <ele>656.933367</ele>
        <time>2026-03-13T23:33:07.012Z</time>
      </trkpt>
      <trkpt lat="45.746798" lon="4.586750">
        <ele>651.888326</ele>
        <time>2026-03-13T23:33:21.368Z</time>
      </trkpt>
      <trkpt lat="45.746757" lon="4.586224">
        <ele>646.125772</ele>
        <time>2026-03-13T23:33:35.360Z</time>
      </trkpt>
      <trkpt lat="45.746596" lon="4.585687">
        <ele>639.762281</ele>
        <time>2026-03-13T23:33:50.696Z</time>
      </trkpt>
      <trkpt lat="45.746266" lon="4.585044">
        <ele>631.071981</ele>
        <time>2026-03-13T23:34:11.486Z</time>
      </trkpt>
      <trkpt lat="45.745973" lon="4.583963">
        <ele>622.492327</ele>
        <time>2026-03-13T23:34:41.666Z</time>
      </trkpt>
      <trkpt lat="45.745673" lon="4.583417">
        <ele>618.176339</ele>
        <time>2026-03-13T23:35:00.162Z</time>
      </trkpt>
      <trkpt lat="45.745504" lon="4.583737">
        <ele>615.683930</ele>
        <time>2026-03-13T23:35:10.582Z</time>
      </trkpt>
      <trkpt lat="45.745306" lon="4.583909">
        <ele>613.623254</ele>
        <time>2026-03-13T23:35:20.102Z</time>
      </trkpt>
      <trkpt lat="45.744997" lon="4.584084">
        <ele>612.721060</ele>
        <time>2026-03-13T23:35:36.477Z</time>
      </trkpt>
      <trkpt lat="45.744650" lon="4.584214">
        <ele>615.031838</ele>
        <time>2026-03-13T23:35:59.231Z</time>
      </trkpt>
      <trkpt lat="45.744105" lon="4.584297">
        <ele>618.562912</ele>
        <time>2026-03-13T23:36:34.412Z</time>
      </trkpt>
      <trkpt lat="45.743427" lon="4.584354">
        <ele>622.938609</ele>
        <time>2026-03-13T23:37:09.019Z</time>
      </trkpt>
      <trkpt lat="45.742983" lon="4.584563">
        <ele>626.289810</ele>
        <time>2026-03-13T23:37:32.825Z</time>
      </trkpt>
      <trkpt lat="45.742917" lon="4.584648">
        <ele>626.939249</ele>
        <time>2026-03-13T23:37:37.441Z</time>
      </trkpt>
      <trkpt lat="45.742849" lon="4.584800">
        <ele>627.861383</ele>
        <time>2026-03-13T23:37:44.164Z</time>
      </trkpt>
      <trkpt lat="45.742815" lon="4.585018">
        <ele>629.002257</ele>
        <time>2026-03-13T23:37:52.850Z</time>
      </trkpt>
      <trkpt lat="45.742867" lon="4.585754">
        <ele>632.780503</ele>
        <time>2026-03-13T23:38:23.970Z</time>
      </trkpt>
      <trkpt lat="45.742920" lon="4.586503">
        <ele>636.617308</ele>
        <time>2026-03-13T23:38:57.132Z</time>
      </trkpt>
      <trkpt lat="45.742894" lon="4.586832">
        <ele>637.434187</ele>
        <time>2026-03-13T23:39:11.140Z</time>
      </trkpt>
      <trkpt lat="45.742758" lon="4.587076">
        <ele>638.204604</ele>
        <time>2026-03-13T23:39:22.908Z</time>
      </trkpt>
      <trkpt lat="45.742517" lon="4.587306">
        <ele>639.228261</ele>
        <time>2026-03-13T23:39:37.224Z</time>
      </trkpt>
      <trkpt lat="45.742320" lon="4.587428">
        <ele>639.986957</ele>
        <time>2026-03-13T23:39:47.130Z</time>
      </trkpt>
      <trkpt lat="45.741739" lon="4.587623">
        <ele>642.096504</ele>
        <time>2026-03-13T23:40:12.455Z</time>
      </trkpt>
      <trkpt lat="45.741132" lon="4.587997">
        <ele>643.910800</ele>
        <time>2026-03-13T23:40:39.408Z</time>
      </trkpt>
      <trkpt lat="45.740936" lon="4.588207">
        <ele>644.467799</ele>
        <time>2026-03-13T23:40:49.971Z</time>
      </trkpt>
      <trkpt lat="45.740091" lon="4.589528">
        <ele>647.555868</ele>
        <time>2026-03-13T23:41:48.595Z</time>
      </trkpt>
      <trkpt lat="45.739792" lon="4.590116">
        <ele>649.819005</ele>
        <time>2026-03-13T23:42:12.482Z</time>
      </trkpt>
      <trkpt lat="45.739275" lon="4.591674">
        <ele>655.234342</ele>
        <time>2026-03-13T23:43:12.945Z</time>
      </trkpt>
      <trkpt lat="45.739138" lon="4.592294">
        <ele>658.181544</ele>
        <time>2026-03-13T23:43:36.876Z</time>
      </trkpt>
      <trkpt lat="45.739042" lon="4.592612">
        <ele>659.751711</ele>
        <time>2026-03-13T23:43:48.540Z</time>
      </trkpt>
      <trkpt lat="45.738754" lon="4.593108">
        <ele>662.675714</ele>
        <time>2026-03-13T23:44:10.279Z</time>
      </trkpt>
      <trkpt lat="45.738230" lon="4.593917">
        <ele>669.060311</ele>
        <time>2026-03-13T23:44:55.970Z</time>
      </trkpt>
      <trkpt lat="45.737668" lon="4.594909">
        <ele>683.555366</ele>
        <time>2026-03-13T23:46:05.477Z</time>
      </trkpt>
      <trkpt lat="45.737426" lon="4.595163">
        <ele>688.431569</ele>
        <time>2026-03-13T23:46:36.944Z</time>
      </trkpt>
      <trkpt lat="45.737355" lon="4.595250">
        <ele>689.950160</ele>
        <time>2026-03-13T23:46:47.383Z</time>
      </trkpt>
      <trkpt lat="45.736819" lon="4.595463">
        <ele>698.964697</ele>
        <time>2026-03-13T23:47:48.067Z</time>
      </trkpt>
      <trkpt lat="45.736190" lon="4.595460">
        <ele>709.097145</ele>
        <time>2026-03-13T23:48:48.330Z</time>
      </trkpt>
      <trkpt lat="45.735629" lon="4.595008">
        <ele>719.465078</ele>
        <time>2026-03-13T23:49:39.748Z</time>
      </trkpt>
      <trkpt lat="45.734877" lon="4.593625">
        <ele>729.719868</ele>
        <time>2026-03-13T23:50:57.199Z</time>
      </trkpt>
      <trkpt lat="45.734519" lon="4.593237">
        <ele>732.138173</ele>
        <time>2026-03-13T23:51:19.849Z</time>
      </trkpt>
      <trkpt lat="45.734232" lon="4.593214">
        <ele>733.686731</ele>
        <time>2026-03-13T23:51:32.178Z</time>
      </trkpt>
      <trkpt lat="45.733991" lon="4.593343">
        <ele>734.087170</ele>
        <time>2026-03-13T23:51:42.300Z</time>
      </trkpt>
      <trkpt lat="45.733836" lon="4.593595">
        <ele>732.349144</ele>
        <time>2026-03-13T23:51:50.993Z</time>
      </trkpt>
      <trkpt lat="45.733917" lon="4.592897">
        <ele>728.687764</ele>
        <time>2026-03-13T23:52:11.257Z</time>
      </trkpt>
      <trkpt lat="45.733903" lon="4.592768">
        <ele>728.012233</ele>
        <time>2026-03-13T23:52:14.878Z</time>
      </trkpt>
      <trkpt lat="45.733784" lon="4.592409">
        <ele>725.955749</ele>
        <time>2026-03-13T23:52:25.670Z</time>
      </trkpt>
      <trkpt lat="45.733772" lon="4.592277">
        <ele>725.266944</ele>
        <time>2026-03-13T23:52:29.187Z</time>
      </trkpt>
      <trkpt lat="45.733784" lon="4.592148">
        <ele>724.593530</ele>
        <time>2026-03-13T23:52:32.627Z</time>
      </trkpt>
      <trkpt lat="45.733864" lon="4.591867">
        <ele>723.023193</ele>
        <time>2026-03-13T23:52:40.693Z</time>
      </trkpt>
      <trkpt lat="45.733890" lon="4.591389">
        <ele>720.431246</ele>
        <time>2026-03-13T23:52:53.564Z</time>
      </trkpt>
      <trkpt lat="45.733834" lon="4.590917">
        <ele>717.601891</ele>
        <time>2026-03-13T23:53:06.995Z</time>
      </trkpt>
      <trkpt lat="45.733819" lon="4.590477">
        <ele>714.998552</ele>
        <time>2026-03-13T23:53:19.885Z</time>
      </trkpt>
      <trkpt lat="45.733890" lon="4.589876">
        <ele>711.396351</ele>
        <time>2026-03-13T23:53:38.134Z</time>
      </trkpt>
      <trkpt lat="45.734048" lon="4.589219">
        <ele>707.289741</ele>
        <time>2026-03-13T23:53:58.156Z</time>
      </trkpt>
      <trkpt lat="45.734098" lon="4.588644">
        <ele>700.837027</ele>
        <time>2026-03-13T23:54:13.513Z</time>
      </trkpt>
      <trkpt lat="45.734057" lon="4.588514">
        <ele>698.849114</ele>
        <time>2026-03-13T23:54:17.264Z</time>
      </trkpt>
      <trkpt lat="45.733911" lon="4.588355">
        <ele>695.187754</ele>
        <time>2026-03-13T23:54:24.137Z</time>
      </trkpt>
      <trkpt lat="45.733730" lon="4.588298">
        <ele>691.487883</ele>
        <time>2026-03-13T23:54:31.066Z</time>
      </trkpt>
      <trkpt lat="45.733427" lon="4.588377">
        <ele>685.339236</ele>
        <time>2026-03-13T23:54:42.610Z</time>
      </trkpt>
      <trkpt lat="45.733421" lon="4.588369">
        <ele>685.175597</ele>
        <time>2026-03-13T23:54:42.941Z</time>
      </trkpt>
      <trkpt lat="45.733212" lon="4.588112">
        <ele>679.676785</ele>
        <time>2026-03-13T23:54:53.609Z</time>
      </trkpt>
      <trkpt lat="45.733075" lon="4.587887">
        <ele>675.515996</ele>
        <time>2026-03-13T23:55:01.813Z</time>
      </trkpt>
      <trkpt lat="45.733016" lon="4.587628">
        <ele>671.719385</ele>
        <time>2026-03-13T23:55:09.272Z</time>
      </trkpt>
      <trkpt lat="45.732961" lon="4.587512">
        <ele>669.952560</ele>
        <time>2026-03-13T23:55:13.081Z</time>
      </trkpt>
      <trkpt lat="45.732938" lon="4.587158">
        <ele>667.203273</ele>
        <time>2026-03-13T23:55:22.509Z</time>
      </trkpt>
      <trkpt lat="45.732878" lon="4.587031">
        <ele>666.017384</ele>
        <time>2026-03-13T23:55:26.506Z</time>
      </trkpt>
      <trkpt lat="45.732999" lon="4.586598">
        <ele>662.410660</ele>
        <time>2026-03-13T23:55:38.710Z</time>
      </trkpt>
      <trkpt lat="45.733127" lon="4.586435">
        <ele>660.513380</ele>
        <time>2026-03-13T23:55:45.212Z</time>
      </trkpt>
      <trkpt lat="45.733312" lon="4.586347">
        <ele>658.353818</ele>
        <time>2026-03-13T23:55:52.947Z</time>
      </trkpt>
      <trkpt lat="45.733509" lon="4.586326">
        <ele>656.165296</ele>
        <time>2026-03-13T23:56:01.429Z</time>
      </trkpt>
      <trkpt lat="45.733690" lon="4.586210">
        <ele>653.968576</ele>
        <time>2026-03-13T23:56:10.584Z</time>
      </trkpt>
      <trkpt lat="45.733891" lon="4.586214">
        <ele>651.741558</ele>
        <time>2026-03-13T23:56:20.789Z</time>
      </trkpt>
      <trkpt lat="45.734151" lon="4.586121">
        <ele>650.526426</ele>
        <time>2026-03-13T23:56:34.387Z</time>
      </trkpt>
      <trkpt lat="45.734250" lon="4.586029">
        <ele>650.760970</ele>
        <time>2026-03-13T23:56:40.275Z</time>
      </trkpt>
      <trkpt lat="45.734620" lon="4.585928">
        <ele>651.509618</ele>
        <time>2026-03-13T23:56:58.644Z</time>
      </trkpt>
      <trkpt lat="45.734621" lon="4.585928">
        <ele>651.511606</ele>
        <time>2026-03-13T23:56:58.671Z</time>
      </trkpt>
      <trkpt lat="45.734939" lon="4.585883">
        <ele>652.146744</ele>
        <time>2026-03-13T23:57:16.349Z</time>
      </trkpt>
      <trkpt lat="45.735279" lon="4.585123">
        <ele>653.399086</ele>
        <time>2026-03-13T23:57:52.526Z</time>
      </trkpt>
      <trkpt lat="45.735379" lon="4.585250">
        <ele>653.664696</ele>
        <time>2026-03-13T23:57:59.586Z</time>
      </trkpt>
      <trkpt lat="45.735401" lon="4.585566">
        <ele>653.419225</ele>
        <time>2026-03-13T23:58:10.709Z</time>
      </trkpt>
      <trkpt lat="45.735497" lon="4.585915">
        <ele>652.620227</ele>
        <time>2026-03-13T23:58:23.317Z</time>
      </trkpt>
      <trkpt lat="45.735613" lon="4.585851">
        <ele>652.240899</ele>
        <time>2026-03-13T23:58:29.376Z</time>
      </trkpt>
      <trkpt lat="45.735806" lon="4.585931">
        <ele>651.627781</ele>
        <time>2026-03-13T23:58:39.549Z</time>
      </trkpt>
      <trkpt lat="45.736176" lon="4.586266">
        <ele>650.292119</ele>
        <time>2026-03-13T23:59:01.980Z</time>
      </trkpt>
      <trkpt lat="45.736294" lon="4.586443">
        <ele>649.770782</ele>
        <time>2026-03-13T23:59:09.564Z</time>
      </trkpt>
      <trkpt lat="45.736388" lon="4.586618">
        <ele>649.300445</ele>
        <time>2026-03-13T23:59:15.879Z</time>
      </trkpt>
      <trkpt lat="45.736519" lon="4.587661">
        <ele>639.971192</ele>
        <time>2026-03-13T23:59:43.886Z</time>
      </trkpt>
      <trkpt lat="45.736617" lon="4.588533">
        <ele>627.876688</ele>
        <time>2026-03-14T00:00:06.829Z</time>
      </trkpt>
      <trkpt lat="45.736834" lon="4.588780">
        <ele>622.439302</ele>
        <time>2026-03-14T00:00:17.586Z</time>
      </trkpt>
      <trkpt lat="45.736992" lon="4.589106">
        <ele>617.004531</ele>
        <time>2026-03-14T00:00:28.232Z</time>
      </trkpt>
      <trkpt lat="45.737158" lon="4.589258">
        <ele>613.139436</ele>
        <time>2026-03-14T00:00:35.636Z</time>
      </trkpt>
      <trkpt lat="45.737207" lon="4.589399">
        <ele>611.350734</ele>
        <time>2026-03-14T00:00:39.776Z</time>
      </trkpt>
      <trkpt lat="45.737468" lon="4.589541">
        <ele>606.845075</ele>
        <time>2026-03-14T00:00:50.145Z</time>
      </trkpt>
      <trkpt lat="45.737529" lon="4.588735">
        <ele>597.713117</ele>
        <time>2026-03-14T00:01:11.295Z</time>
      </trkpt>
      <trkpt lat="45.737508" lon="4.588485">
        <ele>594.876811</ele>
        <time>2026-03-14T00:01:17.892Z</time>
      </trkpt>
      <trkpt lat="45.737656" lon="4.587304">
        <ele>582.657576</ele>
        <time>2026-03-14T00:01:50.534Z</time>
      </trkpt>
      <trkpt lat="45.737656" lon="4.587304">
        <ele>582.657576</ele>
        <time>2026-03-14T00:01:50.537Z</time>
      </trkpt>
      <trkpt lat="45.737984" lon="4.586161">
        <ele>575.498578</ele>
        <time>2026-03-14T00:02:25.650Z</time>
      </trkpt>
      <trkpt lat="45.738037" lon="4.585463">
        <ele>571.431351</ele>
        <time>2026-03-14T00:02:45.332Z</time>
      </trkpt>
      <trkpt lat="45.738145" lon="4.584500">
        <ele>565.236030</ele>
        <time>2026-03-14T00:03:12.886Z</time>
      </trkpt>
      <trkpt lat="45.738132" lon="4.584183">
        <ele>563.094435</ele>
        <time>2026-03-14T00:03:21.846Z</time>
      </trkpt>
      <trkpt lat="45.738018" lon="4.583847">
        <ele>560.574820</ele>
        <time>2026-03-14T00:03:32.168Z</time>
      </trkpt>
      <trkpt lat="45.737596" lon="4.583165">
        <ele>554.427925</ele>
        <time>2026-03-14T00:03:57.606Z</time>
      </trkpt>
      <trkpt lat="45.737575" lon="4.582983">
        <ele>553.183810</ele>
        <time>2026-03-14T00:04:02.552Z</time>
      </trkpt>
      <trkpt lat="45.737636" lon="4.582771">
        <ele>551.533231</ele>
        <time>2026-03-14T00:04:08.591Z</time>
      </trkpt>
      <trkpt lat="45.737596" lon="4.582541">
        <ele>547.953254</ele>
        <time>2026-03-14T00:04:14.853Z</time>
      </trkpt>
      <trkpt lat="45.737391" lon="4.582095">
        <ele>539.887642</ele>
        <time>2026-03-14T00:04:28.823Z</time>
      </trkpt>
      <trkpt lat="45.737374" lon="4.581907">
        <ele>537.024479</ele>
        <time>2026-03-14T00:04:33.761Z</time>
      </trkpt>
      <trkpt lat="45.737455" lon="4.581350">
        <ele>528.431248</ele>
        <time>2026-03-14T00:04:48.536Z</time>
      </trkpt>
      <trkpt lat="45.737529" lon="4.581139">
        <ele>524.864739</ele>
        <time>2026-03-14T00:04:54.920Z</time>
      </trkpt>
      <trkpt lat="45.737508" lon="4.580352">
        <ele>512.969741</ele>
        <time>2026-03-14T00:05:17.142Z</time>
      </trkpt>
      <trkpt lat="45.737428" lon="4.579478">
        <ele>498.977691</ele>
        <time>2026-03-14T00:05:41.795Z</time>
      </trkpt>
      <trkpt lat="45.737582" lon="4.578719">
        <ele>486.423215</ele>
        <time>2026-03-14T00:06:02.924Z</time>
      </trkpt>
      <trkpt lat="45.737648" lon="4.578053">
        <ele>475.738883</ele>
        <time>2026-03-14T00:06:20.448Z</time>
      </trkpt>
      <trkpt lat="45.737663" lon="4.577884">
        <ele>473.033000</ele>
        <time>2026-03-14T00:06:24.927Z</time>
      </trkpt>
      <trkpt lat="45.737878" lon="4.577715">
        <ele>470.742978</ele>
        <time>2026-03-14T00:06:34.185Z</time>
      </trkpt>
      <trkpt lat="45.738173" lon="4.577267">
        <ele>468.251797</ele>
        <time>2026-03-14T00:06:48.320Z</time>
      </trkpt>
      <trkpt lat="45.738539" lon="4.576815">
        <ele>465.451627</ele>
        <time>2026-03-14T00:07:06.049Z</time>
      </trkpt>
      <trkpt lat="45.738643" lon="4.576646">
        <ele>464.540327</ele>
        <time>2026-03-14T00:07:12.396Z</time>
      </trkpt>
      <trkpt lat="45.738757" lon="4.576314">
        <ele>463.043800</ele>
        <time>2026-03-14T00:07:23.943Z</time>
      </trkpt>
      <trkpt lat="45.738796" lon="4.576090">
        <ele>462.110044</ele>
        <time>2026-03-14T00:07:30.888Z</time>
      </trkpt>
      <trkpt lat="45.738755" lon="4.575897">
        <ele>461.428274</ele>
        <time>2026-03-14T00:07:36.743Z</time>
      </trkpt>
      <trkpt lat="45.738623" lon="4.575717">
        <ele>461.318261</ele>
        <time>2026-03-14T00:07:44.460Z</time>
      </trkpt>
      <trkpt lat="45.738513" lon="4.575571">
        <ele>461.227738</ele>
        <time>2026-03-14T00:07:50.865Z</time>
      </trkpt>
      <trkpt lat="45.738401" lon="4.575305">
        <ele>461.096842</ele>
        <time>2026-03-14T00:08:00.260Z</time>
      </trkpt>
      <trkpt lat="45.738405" lon="4.575078">
        <ele>461.001164</ele>
        <time>2026-03-14T00:08:07.184Z</time>
      </trkpt>
      <trkpt lat="45.738621" lon="4.574690">
        <ele>460.792042</ele>
        <time>2026-03-14T00:08:22.015Z</time>
      </trkpt>
      <trkpt lat="45.738625" lon="4.574492">
        <ele>460.708579</ele>
        <time>2026-03-14T00:08:27.779Z</time>
      </trkpt>
      <trkpt lat="45.738485" lon="4.573617">
        <ele>460.246957</ele>
        <time>2026-03-14T00:08:51.501Z</time>
      </trkpt>
      <trkpt lat="45.738497" lon="4.573413">
        <ele>459.900883</ele>
        <time>2026-03-14T00:08:56.741Z</time>
      </trkpt>
      <trkpt lat="45.738575" lon="4.573186">
        <ele>459.473167</ele>
        <time>2026-03-14T00:09:03.351Z</time>
      </trkpt>
      <trkpt lat="45.738963" lon="4.572848">
        <ele>458.373341</ele>
        <time>2026-03-14T00:09:19.998Z</time>
      </trkpt>
      <trkpt lat="45.738966" lon="4.572845">
        <ele>458.364480</ele>
        <time>2026-03-14T00:09:20.137Z</time>
      </trkpt>
      <trkpt lat="45.739129" lon="4.572600">
        <ele>457.792300</ele>
        <time>2026-03-14T00:09:28.686Z</time>
      </trkpt>
      <trkpt lat="45.739154" lon="4.572332">
        <ele>457.335237</ele>
        <time>2026-03-14T00:09:35.633Z</time>
      </trkpt>
      <trkpt lat="45.739129" lon="4.572094">
        <ele>456.928384</ele>
        <time>2026-03-14T00:09:42.073Z</time>
      </trkpt>
      <trkpt lat="45.739007" lon="4.571799">
        <ele>456.348733</ele>
        <time>2026-03-14T00:09:51.691Z</time>
      </trkpt>
      <trkpt lat="45.738871" lon="4.571586">
        <ele>456.575657</ele>
        <time>2026-03-14T00:10:00.572Z</time>
      </trkpt>
      <trkpt lat="45.738720" lon="4.571466">
        <ele>458.280357</ele>
        <time>2026-03-14T00:10:08.935Z</time>
      </trkpt>
      <trkpt lat="45.738448" lon="4.571429">
        <ele>460.977757</ele>
        <time>2026-03-14T00:10:24.252Z</time>
      </trkpt>
      <trkpt lat="45.737583" lon="4.571583">
        <ele>469.583161</ele>
        <time>2026-03-14T00:11:27.365Z</time>
      </trkpt>
      <trkpt lat="45.737408" lon="4.571411">
        <ele>471.678282</ele>
        <time>2026-03-14T00:11:44.187Z</time>
      </trkpt>
      <trkpt lat="45.737327" lon="4.571061">
        <ele>474.399495</ele>
        <time>2026-03-14T00:12:04.759Z</time>
      </trkpt>
      <trkpt lat="45.737345" lon="4.570981">
        <ele>475.205641</ele>
        <time>2026-03-14T00:12:09.125Z</time>
      </trkpt>
      <trkpt lat="45.737266" lon="4.571026">
        <ele>476.373857</ele>
        <time>2026-03-14T00:12:16.932Z</time>
      </trkpt>
      <trkpt lat="45.737208" lon="4.571105">
        <ele>477.473530</ele>
        <time>2026-03-14T00:12:23.844Z</time>
      </trkpt>
      <trkpt lat="45.737183" lon="4.571209">
        <ele>478.528476</ele>
        <time>2026-03-14T00:12:30.705Z</time>
      </trkpt>
      <trkpt lat="45.737215" lon="4.571527">
        <ele>481.609891</ele>
        <time>2026-03-14T00:12:50.295Z</time>
      </trkpt>
      <trkpt lat="45.737253" lon="4.571731">
        <ele>483.634897</ele>
        <time>2026-03-14T00:13:03.099Z</time>
      </trkpt>
      <trkpt lat="45.737489" lon="4.572297">
        <ele>489.958203</ele>
        <time>2026-03-14T00:13:42.337Z</time>
      </trkpt>
      <trkpt lat="45.737558" lon="4.572644">
        <ele>493.418627</ele>
        <time>2026-03-14T00:14:04.346Z</time>
      </trkpt>
      <trkpt lat="45.737562" lon="4.572882">
        <ele>495.701887</ele>
        <time>2026-03-14T00:14:19.128Z</time>
      </trkpt>
      <trkpt lat="45.737568" lon="4.573050">
        <ele>497.315241</ele>
        <time>2026-03-14T00:14:29.981Z</time>
      </trkpt>
      <trkpt lat="45.737364" lon="4.574033">
        <ele>510.658003</ele>
        <time>2026-03-14T00:15:44.606Z</time>
      </trkpt>
      <trkpt lat="45.737270" lon="4.574300">
        <ele>514.685401</ele>
        <time>2026-03-14T00:16:09.561Z</time>
      </trkpt>
      <trkpt lat="45.736532" lon="4.575049">
        <ele>532.136495</ele>
        <time>2026-03-14T00:18:00.477Z</time>
      </trkpt>
      <trkpt lat="45.736304" lon="4.575325">
        <ele>537.282336</ele>
        <time>2026-03-14T00:18:37.639Z</time>
      </trkpt>
      <trkpt lat="45.736025" lon="4.575454">
        <ele>542.203004</ele>
        <time>2026-03-14T00:19:11.722Z</time>
      </trkpt>
      <trkpt lat="45.735920" lon="4.575430">
        <ele>543.987657</ele>
        <time>2026-03-14T00:19:23.347Z</time>
      </trkpt>
      <trkpt lat="45.735740" lon="4.575287">
        <ele>547.442232</ele>
        <time>2026-03-14T00:19:45.199Z</time>
      </trkpt>
      <trkpt lat="45.735266" lon="4.575404">
        <ele>555.515266</ele>
        <time>2026-03-14T00:20:31.291Z</time>
      </trkpt>
      <trkpt lat="45.734536" lon="4.575774">
        <ele>566.815977</ele>
        <time>2026-03-14T00:21:39.280Z</time>
      </trkpt>
      <trkpt lat="45.734204" lon="4.575977">
        <ele>570.876183</ele>
        <time>2026-03-14T00:22:09.138Z</time>
      </trkpt>
      <trkpt lat="45.733584" lon="4.576008">
        <ele>577.854187</ele>
        <time>2026-03-14T00:22:56.093Z</time>
      </trkpt>
      <trkpt lat="45.733508" lon="4.576052">
        <ele>578.776195</ele>
        <time>2026-03-14T00:23:02.581Z</time>
      </trkpt>
      <trkpt lat="45.733430" lon="4.576096">
        <ele>579.719098</ele>
        <time>2026-03-14T00:23:08.808Z</time>
      </trkpt>
      <trkpt lat="45.733356" lon="4.576218">
        <ele>580.988054</ele>
        <time>2026-03-14T00:23:17.835Z</time>
      </trkpt>
      <trkpt lat="45.733363" lon="4.576741">
        <ele>585.521522</ele>
        <time>2026-03-14T00:23:48.591Z</time>
      </trkpt>
      <trkpt lat="45.733272" lon="4.577608">
        <ele>594.370969</ele>
        <time>2026-03-14T00:24:40.548Z</time>
      </trkpt>
      <trkpt lat="45.733246" lon="4.578261">
        <ele>600.972743</ele>
        <time>2026-03-14T00:25:22.203Z</time>
      </trkpt>
      <trkpt lat="45.733194" lon="4.578540">
        <ele>603.887499</ele>
        <time>2026-03-14T00:25:43.087Z</time>
      </trkpt>
      <trkpt lat="45.733121" lon="4.578711">
        <ele>605.910713</ele>
        <time>2026-03-14T00:25:58.106Z</time>
      </trkpt>
      <trkpt lat="45.732810" lon="4.579272">
        <ele>613.357861</ele>
        <time>2026-03-14T00:26:53.199Z</time>
      </trkpt>
      <trkpt lat="45.732699" lon="4.579415">
        <ele>615.648588</ele>
        <time>2026-03-14T00:27:09.081Z</time>
      </trkpt>
      <trkpt lat="45.732407" lon="4.579613">
        <ele>620.605985</ele>
        <time>2026-03-14T00:27:41.834Z</time>
      </trkpt>
      <trkpt lat="45.732099" lon="4.579939">
        <ele>626.482348</ele>
        <time>2026-03-14T00:28:18.400Z</time>
      </trkpt>
      <trkpt lat="45.732056" lon="4.580060">
        <ele>627.936715</ele>
        <time>2026-03-14T00:28:26.983Z</time>
      </trkpt>
      <trkpt lat="45.731879" lon="4.580990">
        <ele>638.386460</ele>
        <time>2026-03-14T00:29:25.273Z</time>
      </trkpt>
      <trkpt lat="45.731628" lon="4.581462">
        <ele>645.496217</ele>
        <time>2026-03-14T00:30:01.381Z</time>
      </trkpt>
      <trkpt lat="45.731451" lon="4.581666">
        <ele>649.395734</ele>
        <time>2026-03-14T00:30:22.103Z</time>
      </trkpt>
      <trkpt lat="45.731455" lon="4.581569">
        <ele>650.560019</ele>
        <time>2026-03-14T00:30:28.679Z</time>
      </trkpt>
      <trkpt lat="45.731366" lon="4.581002">
        <ele>657.523504</ele>
        <time>2026-03-14T00:31:11.461Z</time>
      </trkpt>
      <trkpt lat="45.731330" lon="4.580997">
        <ele>658.144367</ele>
        <time>2026-03-14T00:31:15.811Z</time>
      </trkpt>
      <trkpt lat="45.731199" lon="4.581167">
        <ele>661.178486</ele>
        <time>2026-03-14T00:31:37.081Z</time>
      </trkpt>
      <trkpt lat="45.731035" lon="4.581199">
        <ele>664.019654</ele>
        <time>2026-03-14T00:31:58.152Z</time>
      </trkpt>
      <trkpt lat="45.730584" lon="4.581223">
        <ele>671.748254</ele>
        <time>2026-03-14T00:32:56.839Z</time>
      </trkpt>
      <trkpt lat="45.730254" lon="4.581177">
        <ele>677.411116</ele>
        <time>2026-03-14T00:33:36.165Z</time>
      </trkpt>
      <trkpt lat="45.730099" lon="4.581207">
        <ele>680.082495</ele>
        <time>2026-03-14T00:33:53.511Z</time>
      </trkpt>
      <trkpt lat="45.729930" lon="4.581402">
        <ele>683.788756</ele>
        <time>2026-03-14T00:34:16.657Z</time>
      </trkpt>
      <trkpt lat="45.729218" lon="4.582861">
        <ele>703.739325</ele>
        <time>2026-03-14T00:36:09.034Z</time>
      </trkpt>
      <trkpt lat="45.729028" lon="4.582952">
        <ele>706.458954</ele>
        <time>2026-03-14T00:36:26.522Z</time>
      </trkpt>
      <trkpt lat="45.728823" lon="4.582993">
        <ele>709.268867</ele>
        <time>2026-03-14T00:36:44.837Z</time>
      </trkpt>
      <trkpt lat="45.728460" lon="4.582982">
        <ele>714.197779</ele>
        <time>2026-03-14T00:37:17.585Z</time>
      </trkpt>
      <trkpt lat="45.727969" lon="4.582909">
        <ele>720.899020</ele>
        <time>2026-03-14T00:38:03.088Z</time>
      </trkpt>
      <trkpt lat="45.727042" lon="4.582574">
        <ele>733.145749</ele>
        <time>2026-03-14T00:39:26.097Z</time>
      </trkpt>
      <trkpt lat="45.726799" lon="4.582620">
        <ele>736.244661</ele>
        <time>2026-03-14T00:39:47.656Z</time>
      </trkpt>
      <trkpt lat="45.726793" lon="4.582848">
        <ele>738.258350</ele>
        <time>2026-03-14T00:40:01.592Z</time>
      </trkpt>
      <trkpt lat="45.726688" lon="4.583093">
        <ele>740.795628</ele>
        <time>2026-03-14T00:40:18.992Z</time>
      </trkpt>
      <trkpt lat="45.726484" lon="4.583439">
        <ele>744.792758</ele>
        <time>2026-03-14T00:40:46.095Z</time>
      </trkpt>
      <trkpt lat="45.726321" lon="4.584080">
        <ele>750.181661</ele>
        <time>2026-03-14T00:41:25.302Z</time>
      </trkpt>
      <trkpt lat="45.726373" lon="4.584783">
        <ele>755.607835</ele>
        <time>2026-03-14T00:42:07.330Z</time>
      </trkpt>
      <trkpt lat="45.726678" lon="4.585601">
        <ele>762.725959</ele>
        <time>2026-03-14T00:42:56.620Z</time>
      </trkpt>
      <trkpt lat="45.726891" lon="4.586100">
        <ele>767.723204</ele>
        <time>2026-03-14T00:43:27.400Z</time>
      </trkpt>
      <trkpt lat="45.726960" lon="4.586546">
        <ele>772.436569</ele>
        <time>2026-03-14T00:43:53.734Z</time>
      </trkpt>
      <trkpt lat="45.726981" lon="4.586997">
        <ele>777.100205</ele>
        <time>2026-03-14T00:44:21.701Z</time>
      </trkpt>
      <trkpt lat="45.726934" lon="4.587263">
        <ele>779.931272</ele>
        <time>2026-03-14T00:44:39.799Z</time>
      </trkpt>
      <trkpt lat="45.726831" lon="4.587378">
        <ele>781.861416</ele>
        <time>2026-03-14T00:44:52.502Z</time>
      </trkpt>
      <trkpt lat="45.726582" lon="4.587367">
        <ele>785.543434</ele>
        <time>2026-03-14T00:45:17.567Z</time>
      </trkpt>
      <trkpt lat="45.726317" lon="4.587167">
        <ele>789.970536</ele>
        <time>2026-03-14T00:45:49.315Z</time>
      </trkpt>
      <trkpt lat="45.726061" lon="4.587324">
        <ele>794.393251</ele>
        <time>2026-03-14T00:46:20.441Z</time>
      </trkpt>
      <trkpt lat="45.725802" lon="4.587653">
        <ele>800.400465</ele>
        <time>2026-03-14T00:47:00.127Z</time>
      </trkpt>
      <trkpt lat="45.725638" lon="4.587723">
        <ele>803.370111</ele>
        <time>2026-03-14T00:47:19.717Z</time>
      </trkpt>
      <trkpt lat="45.725480" lon="4.587646">
        <ele>806.266315</ele>
        <time>2026-03-14T00:47:38.405Z</time>
      </trkpt>
      <trkpt lat="45.725285" lon="4.587744">
        <ele>809.852489</ele>
        <time>2026-03-14T00:48:00.893Z</time>
      </trkpt>
      <trkpt lat="45.724675" lon="4.587933">
        <ele>820.682986</ele>
        <time>2026-03-14T00:49:04.473Z</time>
      </trkpt>
      <trkpt lat="45.723868" lon="4.589155">
        <ele>833.229500</ele>
        <time>2026-03-14T00:50:46.275Z</time>
      </trkpt>
      <trkpt lat="45.723209" lon="4.589855">
        <ele>840.818512</ele>
        <time>2026-03-14T00:51:37.146Z</time>
      </trkpt>
      <trkpt lat="45.722971" lon="4.590044">
        <ele>840.975165</ele>
        <time>2026-03-14T00:51:51.724Z</time>
      </trkpt>
      <trkpt lat="45.722658" lon="4.590279">
        <ele>841.178598</ele>
        <time>2026-03-14T00:52:09.656Z</time>
      </trkpt>
      <trkpt lat="45.722445" lon="4.590380">
        <ele>841.307758</ele>
        <time>2026-03-14T00:52:20.732Z</time>
      </trkpt>
      <trkpt lat="45.722226" lon="4.590380">
        <ele>841.433828</ele>
        <time>2026-03-14T00:52:31.332Z</time>
      </trkpt>
      <trkpt lat="45.722025" lon="4.590310">
        <ele>841.552906</ele>
        <time>2026-03-14T00:52:41.242Z</time>
      </trkpt>
      <trkpt lat="45.721864" lon="4.590221">
        <ele>841.652250</ele>
        <time>2026-03-14T00:52:49.357Z</time>
      </trkpt>
      <trkpt lat="45.721721" lon="4.590069">
        <ele>841.754760</ele>
        <time>2026-03-14T00:52:57.555Z</time>
      </trkpt>
      <trkpt lat="45.721218" lon="4.589409">
        <ele>840.737504</ele>
        <time>2026-03-14T00:53:28.144Z</time>
      </trkpt>
      <trkpt lat="45.721138" lon="4.589344">
        <ele>840.550974</ele>
        <time>2026-03-14T00:53:32.361Z</time>
      </trkpt>
      <trkpt lat="45.721131" lon="4.589436">
        <ele>840.419940</ele>
        <time>2026-03-14T00:53:34.855Z</time>
      </trkpt>
      <trkpt lat="45.720879" lon="4.589916">
        <ele>839.569590</ele>
        <time>2026-03-14T00:53:51.372Z</time>
      </trkpt>
      <trkpt lat="45.720842" lon="4.590058">
        <ele>839.354985</ele>
        <time>2026-03-14T00:53:55.547Z</time>
      </trkpt>
      <trkpt lat="45.720733" lon="4.589879">
        <ele>839.018678</ele>
        <time>2026-03-14T00:54:02.070Z</time>
      </trkpt>
      <trkpt lat="45.720475" lon="4.589292">
        <ele>837.945597</ele>
        <time>2026-03-14T00:54:20.967Z</time>
      </trkpt>
      <trkpt lat="45.720301" lon="4.588890">
        <ele>836.873561</ele>
        <time>2026-03-14T00:54:34.114Z</time>
      </trkpt>
      <trkpt lat="45.719949" lon="4.588444">
        <ele>835.347878</ele>
        <time>2026-03-14T00:54:53.114Z</time>
      </trkpt>
      <trkpt lat="45.719664" lon="4.588036">
        <ele>834.039746</ele>
        <time>2026-03-14T00:55:08.571Z</time>
      </trkpt>
      <trkpt lat="45.719216" lon="4.587311">
        <ele>831.293006</ele>
        <time>2026-03-14T00:55:32.796Z</time>
      </trkpt>
      <trkpt lat="45.718630" lon="4.586491">
        <ele>825.715999</ele>
        <time>2026-03-14T00:56:00.511Z</time>
      </trkpt>
      <trkpt lat="45.718076" lon="4.585933">
        <ele>821.105479</ele>
        <time>2026-03-14T00:56:23.933Z</time>
      </trkpt>
      <trkpt lat="45.717694" lon="4.585720">
        <ele>820.918377</ele>
        <time>2026-03-14T00:56:39.224Z</time>
      </trkpt>
      <trkpt lat="45.717560" lon="4.585594">
        <ele>821.414613</ele>
        <time>2026-03-14T00:56:45.575Z</time>
      </trkpt>
      <trkpt lat="45.716985" lon="4.585120">
        <ele>823.468437</ele>
        <time>2026-03-14T00:57:20.861Z</time>
      </trkpt>
      <trkpt lat="45.716773" lon="4.584986">
        <ele>824.185800</ele>
        <time>2026-03-14T00:57:35.788Z</time>
      </trkpt>
      <trkpt lat="45.716251" lon="4.584513">
        <ele>826.895676</ele>
        <time>2026-03-14T00:58:21.673Z</time>
      </trkpt>
      <trkpt lat="45.715885" lon="4.584279">
        <ele>830.463160</ele>
        <time>2026-03-14T00:58:52.441Z</time>
      </trkpt>
      <trkpt lat="45.715642" lon="4.584007">
        <ele>833.208214</ele>
        <time>2026-03-14T00:59:16.237Z</time>
      </trkpt>
      <trkpt lat="45.715476" lon="4.583872">
        <ele>834.907305</ele>
        <time>2026-03-14T00:59:31.013Z</time>
      </trkpt>
      <trkpt lat="45.715018" lon="4.583543">
        <ele>839.467825</ele>
        <time>2026-03-14T01:00:08.633Z</time>
      </trkpt>
      <trkpt lat="45.714898" lon="4.583555">
        <ele>840.538504</ele>
        <time>2026-03-14T01:00:16.853Z</time>
      </trkpt>
      <trkpt lat="45.714651" lon="4.583482">
        <ele>841.871024</ele>
        <time>2026-03-14T01:00:33.551Z</time>
      </trkpt>
      <trkpt lat="45.714622" lon="4.583553">
        <ele>841.958862</ele>
        <time>2026-03-14T01:00:37.179Z</time>
      </trkpt>
      <trkpt lat="45.714617" lon="4.583799">
        <ele>842.221668</ele>
        <time>2026-03-14T01:00:47.829Z</time>
      </trkpt>
      <trkpt lat="45.714585" lon="4.583906">
        <ele>842.345969</ele>
        <time>2026-03-14T01:00:52.748Z</time>
      </trkpt>
      <trkpt lat="45.714088" lon="4.584656">
        <ele>843.450141</ele>
        <time>2026-03-14T01:01:32.543Z</time>
      </trkpt>
      <trkpt lat="45.713788" lon="4.585096">
        <ele>844.106862</ele>
        <time>2026-03-14T01:01:49.583Z</time>
      </trkpt>
      <trkpt lat="45.713481" lon="4.585420">
        <ele>841.991210</ele>
        <time>2026-03-14T01:02:03.452Z</time>
      </trkpt>
      <trkpt lat="45.713113" lon="4.585615">
        <ele>836.302537</ele>
        <time>2026-03-14T01:02:16.523Z</time>
      </trkpt>
      <trkpt lat="45.713036" lon="4.585656">
        <ele>835.111545</ele>
        <time>2026-03-14T01:02:19.161Z</time>
      </trkpt>
      <trkpt lat="45.712956" lon="4.585761">
        <ele>833.538327</ele>
        <time>2026-03-14T01:02:23.278Z</time>
      </trkpt>
      <trkpt lat="45.712895" lon="4.585897">
        <ele>831.902007</ele>
        <time>2026-03-14T01:02:27.555Z</time>
      </trkpt>
      <trkpt lat="45.712819" lon="4.585927">
        <ele>830.759085</ele>
        <time>2026-03-14T01:02:30.514Z</time>
      </trkpt>
      <trkpt lat="45.712780" lon="4.586138">
        <ele>828.549527</ele>
        <time>2026-03-14T01:02:36.229Z</time>
      </trkpt>
      <trkpt lat="45.712459" lon="4.587082">
        <ele>817.598288</ele>
        <time>2026-03-14T01:03:03.560Z</time>
      </trkpt>
      <trkpt lat="45.712358" lon="4.587216">
        <ele>814.127714</ele>
        <time>2026-03-14T01:03:08.738Z</time>
      </trkpt>
      <trkpt lat="45.712165" lon="4.587631">
        <ele>805.351258</ele>
        <time>2026-03-14T01:03:22.010Z</time>
      </trkpt>
      <trkpt lat="45.711826" lon="4.588037">
        <ele>794.211606</ele>
        <time>2026-03-14T01:03:39.069Z</time>
      </trkpt>
      <trkpt lat="45.711821" lon="4.588038">
        <ele>794.084345</ele>
        <time>2026-03-14T01:03:39.284Z</time>
      </trkpt>
      <trkpt lat="45.711596" lon="4.588106">
        <ele>788.287728</ele>
        <time>2026-03-14T01:03:48.288Z</time>
      </trkpt>
      <trkpt lat="45.711459" lon="4.588270">
        <ele>783.786713</ele>
        <time>2026-03-14T01:03:55.330Z</time>
      </trkpt>
      <trkpt lat="45.711283" lon="4.588412">
        <ele>778.694558</ele>
        <time>2026-03-14T01:04:03.416Z</time>
      </trkpt>
      <trkpt lat="45.711130" lon="4.588455">
        <ele>774.764236</ele>
        <time>2026-03-14T01:04:09.743Z</time>
      </trkpt>
      <trkpt lat="45.710999" lon="4.588442">
        <ele>771.656481</ele>
        <time>2026-03-14T01:04:15.051Z</time>
      </trkpt>
      <trkpt lat="45.710735" lon="4.588256">
        <ele>765.200343</ele>
        <time>2026-03-14T01:04:26.754Z</time>
      </trkpt>
      <trkpt lat="45.710585" lon="4.588208">
        <ele>761.827676</ele>
        <time>2026-03-14T01:04:32.742Z</time>
      </trkpt>
      <trkpt lat="45.710036" lon="4.588266">
        <ele>749.748063</ele>
        <time>2026-03-14T01:04:53.437Z</time>
      </trkpt>
      <trkpt lat="45.709929" lon="4.587857">
        <ele>743.055648</ele>
        <time>2026-03-14T01:05:04.819Z</time>
      </trkpt>
      <trkpt lat="45.709804" lon="4.586816">
        <ele>729.594739</ele>
        <time>2026-03-14T01:05:32.578Z</time>
      </trkpt>
      <trkpt lat="45.709752" lon="4.586753">
        <ele>728.709837</ele>
        <time>2026-03-14T01:05:35.128Z</time>
      </trkpt>
      <trkpt lat="45.709670" lon="4.586800">
        <ele>727.562354</ele>
        <time>2026-03-14T01:05:37.961Z</time>
      </trkpt>
      <trkpt lat="45.709375" lon="4.587617">
        <ele>719.218217</ele>
        <time>2026-03-14T01:05:58.605Z</time>
      </trkpt>
      <trkpt lat="45.709271" lon="4.587720">
        <ele>717.575434</ele>
        <time>2026-03-14T01:06:02.660Z</time>
      </trkpt>
      <trkpt lat="45.709191" lon="4.587738">
        <ele>716.523345</ele>
        <time>2026-03-14T01:06:05.257Z</time>
      </trkpt>
      <trkpt lat="45.709088" lon="4.587703">
        <ele>715.148040</ele>
        <time>2026-03-14T01:06:08.660Z</time>
      </trkpt>
      <trkpt lat="45.708966" lon="4.587588">
        <ele>713.250497</ele>
        <time>2026-03-14T01:06:13.365Z</time>
      </trkpt>
      <trkpt lat="45.708241" lon="4.587433">
        <ele>710.167235</ele>
        <time>2026-03-14T01:06:42.909Z</time>
      </trkpt>
      <trkpt lat="45.708208" lon="4.587334">
        <ele>710.165099</ele>
        <time>2026-03-14T01:06:46.349Z</time>
      </trkpt>
      <trkpt lat="45.708168" lon="4.587324">
        <ele>710.163966</ele>
        <time>2026-03-14T01:06:48.160Z</time>
      </trkpt>
      <trkpt lat="45.708143" lon="4.587554">
        <ele>710.159434</ele>
        <time>2026-03-14T01:06:54.667Z</time>
      </trkpt>
      <trkpt lat="45.707898" lon="4.587551">
        <ele>710.152602</ele>
        <time>2026-03-14T01:07:05.939Z</time>
      </trkpt>
      <trkpt lat="45.707794" lon="4.587595">
        <ele>710.149578</ele>
        <time>2026-03-14T01:07:11.334Z</time>
      </trkpt>
      <trkpt lat="45.707720" lon="4.587705">
        <ele>710.146604</ele>
        <time>2026-03-14T01:07:16.622Z</time>
      </trkpt>
      <trkpt lat="45.707414" lon="4.588488">
        <ele>710.427508</ele>
        <time>2026-03-14T01:07:50.407Z</time>
      </trkpt>
      <trkpt lat="45.707323" lon="4.588986">
        <ele>712.078105</ele>
        <time>2026-03-14T01:08:09.696Z</time>
      </trkpt>
      <trkpt lat="45.707362" lon="4.589196">
        <ele>712.774873</ele>
        <time>2026-03-14T01:08:18.068Z</time>
      </trkpt>
      <trkpt lat="45.707604" lon="4.590235">
        <ele>716.286838</ele>
        <time>2026-03-14T01:08:57.378Z</time>
      </trkpt>
      <trkpt lat="45.707484" lon="4.590242">
        <ele>716.838299</ele>
        <time>2026-03-14T01:09:02.816Z</time>
      </trkpt>
      <trkpt lat="45.707368" lon="4.590184">
        <ele>717.402471</ele>
        <time>2026-03-14T01:09:08.118Z</time>
      </trkpt>
      <trkpt lat="45.707270" lon="4.590299">
        <ele>717.984246</ele>
        <time>2026-03-14T01:09:13.612Z</time>
      </trkpt>
      <trkpt lat="45.707217" lon="4.590321">
        <ele>718.237624</ele>
        <time>2026-03-14T01:09:16.037Z</time>
      </trkpt>
      <trkpt lat="45.706986" lon="4.590178">
        <ele>717.541464</ele>
        <time>2026-03-14T01:09:27.160Z</time>
      </trkpt>
      <trkpt lat="45.706842" lon="4.589968">
        <ele>716.743621</ele>
        <time>2026-03-14T01:09:36.068Z</time>
      </trkpt>
      <trkpt lat="45.706400" lon="4.590017">
        <ele>715.022683</ele>
        <time>2026-03-14T01:09:53.696Z</time>
      </trkpt>
      <trkpt lat="45.706403" lon="4.590103">
        <ele>714.789257</ele>
        <time>2026-03-14T01:09:55.988Z</time>
      </trkpt>
      <trkpt lat="45.706328" lon="4.590757">
        <ele>712.992598</ele>
        <time>2026-03-14T01:10:12.540Z</time>
      </trkpt>
      <trkpt lat="45.706046" lon="4.590785">
        <ele>711.895271</ele>
        <time>2026-03-14T01:10:22.128Z</time>
      </trkpt>
      <trkpt lat="45.704886" lon="4.591157">
        <ele>697.521704</ele>
        <time>2026-03-14T01:11:00.561Z</time>
      </trkpt>
      <trkpt lat="45.704065" lon="4.591307">
        <ele>686.433141</ele>
        <time>2026-03-14T01:11:26.992Z</time>
      </trkpt>
      <trkpt lat="45.703210" lon="4.591646">
        <ele>672.167578</ele>
        <time>2026-03-14T01:11:55.307Z</time>
      </trkpt>
      <trkpt lat="45.703221" lon="4.591542">
        <ele>670.986367</ele>
        <time>2026-03-14T01:11:57.665Z</time>
      </trkpt>
      <trkpt lat="45.703558" lon="4.590529">
        <ele>658.441625</ele>
        <time>2026-03-14T01:12:22.698Z</time>
      </trkpt>
      <trkpt lat="45.703638" lon="4.590193">
        <ele>654.821171</ele>
        <time>2026-03-14T01:12:30.667Z</time>
      </trkpt>
      <trkpt lat="45.703615" lon="4.589987">
        <ele>652.693552</ele>
        <time>2026-03-14T01:12:36.176Z</time>
      </trkpt>
      <trkpt lat="45.703686" lon="4.589775">
        <ele>650.295662</ele>
        <time>2026-03-14T01:12:42.372Z</time>
      </trkpt>
      <trkpt lat="45.703791" lon="4.589608">
        <ele>648.003917</ele>
        <time>2026-03-14T01:12:48.271Z</time>
      </trkpt>
      <trkpt lat="45.703840" lon="4.589396">
        <ele>645.726456</ele>
        <time>2026-03-14T01:12:54.147Z</time>
      </trkpt>
      <trkpt lat="45.703862" lon="4.588833">
        <ele>639.975612</ele>
        <time>2026-03-14T01:13:08.993Z</time>
      </trkpt>
      <trkpt lat="45.703909" lon="4.588560">
        <ele>637.108017</ele>
        <time>2026-03-14T01:13:16.385Z</time>
      </trkpt>
      <trkpt lat="45.703896" lon="4.588364">
        <ele>635.100080</ele>
        <time>2026-03-14T01:13:21.568Z</time>
      </trkpt>
      <trkpt lat="45.703853" lon="4.588211">
        <ele>633.418065</ele>
        <time>2026-03-14T01:13:25.919Z</time>
      </trkpt>
      <trkpt lat="45.703379" lon="4.587594">
        <ele>625.328445</ele>
        <time>2026-03-14T01:13:50.212Z</time>
      </trkpt>
      <trkpt lat="45.703295" lon="4.587508">
        <ele>624.040684</ele>
        <time>2026-03-14T01:13:54.147Z</time>
      </trkpt>
      <trkpt lat="45.703218" lon="4.587508">
        <ele>623.080439</ele>
        <time>2026-03-14T01:13:57.083Z</time>
      </trkpt>
      <trkpt lat="45.702989" lon="4.587656">
        <ele>619.947231</ele>
        <time>2026-03-14T01:14:06.741Z</time>
      </trkpt>
      <trkpt lat="45.702884" lon="4.587693">
        <ele>618.598739</ele>
        <time>2026-03-14T01:14:10.889Z</time>
      </trkpt>
      <trkpt lat="45.702326" lon="4.587634">
        <ele>611.621136</ele>
        <time>2026-03-14T01:14:32.156Z</time>
      </trkpt>
      <trkpt lat="45.702058" lon="4.587699">
        <ele>607.757849</ele>
        <time>2026-03-14T01:14:42.433Z</time>
      </trkpt>
      <trkpt lat="45.701540" lon="4.587938">
        <ele>599.413925</ele>
        <time>2026-03-14T01:15:02.906Z</time>
      </trkpt>
      <trkpt lat="45.700728" lon="4.588297">
        <ele>586.384662</ele>
        <time>2026-03-14T01:15:34.728Z</time>
      </trkpt>
      <trkpt lat="45.700484" lon="4.588302">
        <ele>582.666310</ele>
        <time>2026-03-14T01:15:43.956Z</time>
      </trkpt>
      <trkpt lat="45.700217" lon="4.588187">
        <ele>579.683278</ele>
        <time>2026-03-14T01:15:54.539Z</time>
      </trkpt>
      <trkpt lat="45.700163" lon="4.588195">
        <ele>579.102457</ele>
        <time>2026-03-14T01:15:56.651Z</time>
      </trkpt>
      <trkpt lat="45.700121" lon="4.588273">
        <ele>578.366516</ele>
        <time>2026-03-14T01:15:59.307Z</time>
      </trkpt>
      <trkpt lat="45.700101" lon="4.588487">
        <ele>576.753210</ele>
        <time>2026-03-14T01:16:05.253Z</time>
      </trkpt>
      <trkpt lat="45.700127" lon="4.588581">
        <ele>575.997745</ele>
        <time>2026-03-14T01:16:08.052Z</time>
      </trkpt>
      <trkpt lat="45.700454" lon="4.588783">
        <ele>572.187516</ele>
        <time>2026-03-14T01:16:22.375Z</time>
      </trkpt>
      <trkpt lat="45.700676" lon="4.589030">
        <ele>569.179593</ele>
        <time>2026-03-14T01:16:33.777Z</time>
      </trkpt>
      <trkpt lat="45.700865" lon="4.589125">
        <ele>567.036537</ele>
        <time>2026-03-14T01:16:41.791Z</time>
      </trkpt>
      <trkpt lat="45.700877" lon="4.589179">
        <ele>566.613110</ele>
        <time>2026-03-14T01:16:43.350Z</time>
      </trkpt>
      <trkpt lat="45.700855" lon="4.589226">
        <ele>566.190340</ele>
        <time>2026-03-14T01:16:44.912Z</time>
      </trkpt>
      <trkpt lat="45.700316" lon="4.589364">
        <ele>559.327658</ele>
        <time>2026-03-14T01:17:05.706Z</time>
      </trkpt>
      <trkpt lat="45.700171" lon="4.589477">
        <ele>556.997050</ele>
        <time>2026-03-14T01:17:11.937Z</time>
      </trkpt>
      <trkpt lat="45.699940" lon="4.589565">
        <ele>553.622450</ele>
        <time>2026-03-14T01:17:20.942Z</time>
      </trkpt>
      <trkpt lat="45.699870" lon="4.589643">
        <ele>552.370226</ele>
        <time>2026-03-14T01:17:24.248Z</time>
      </trkpt>
      <trkpt lat="45.699747" lon="4.589705">
        <ele>550.529308</ele>
        <time>2026-03-14T01:17:29.162Z</time>
      </trkpt>
      <trkpt lat="45.699621" lon="4.589726">
        <ele>548.738490</ele>
        <time>2026-03-14T01:17:33.906Z</time>
      </trkpt>
      <trkpt lat="45.699453" lon="4.589659">
        <ele>546.276462</ele>
        <time>2026-03-14T01:17:40.479Z</time>
      </trkpt>
      <trkpt lat="45.699333" lon="4.589654">
        <ele>544.581643</ele>
        <time>2026-03-14T01:17:44.989Z</time>
      </trkpt>
      <trkpt lat="45.699265" lon="4.589713">
        <ele>543.459143</ele>
        <time>2026-03-14T01:17:47.962Z</time>
      </trkpt>
      <trkpt lat="45.699213" lon="4.589810">
        <ele>542.253464</ele>
        <time>2026-03-14T01:17:51.179Z</time>
      </trkpt>
      <trkpt lat="45.699102" lon="4.590241">
        <ele>537.909649</ele>
        <time>2026-03-14T01:18:03.307Z</time>
      </trkpt>
      <trkpt lat="45.698812" lon="4.590971">
        <ele>533.903494</ele>
        <time>2026-03-14T01:18:25.616Z</time>
      </trkpt>
      <trkpt lat="45.698531" lon="4.591526">
        <ele>530.633544</ele>
        <time>2026-03-14T01:18:45.321Z</time>
      </trkpt>
      <trkpt lat="45.698167" lon="4.592138">
        <ele>526.799011</ele>
        <time>2026-03-14T01:19:06.899Z</time>
      </trkpt>
      <trkpt lat="45.698173" lon="4.591895">
        <ele>525.785567</ele>
        <time>2026-03-14T01:19:15.102Z</time>
      </trkpt>
      <trkpt lat="45.698308" lon="4.591573">
        <ele>525.635676</ele>
        <time>2026-03-14T01:19:27.836Z</time>
      </trkpt>
      <trkpt lat="45.698433" lon="4.591125">
        <ele>525.443133</ele>
        <time>2026-03-14T01:19:44.324Z</time>
      </trkpt>
      <trkpt lat="45.698376" lon="4.590810">
        <ele>525.313261</ele>
        <time>2026-03-14T01:19:55.859Z</time>
      </trkpt>
      <trkpt lat="45.698396" lon="4.590645">
        <ele>525.246423</ele>
        <time>2026-03-14T01:20:01.904Z</time>
      </trkpt>
      <trkpt lat="45.698454" lon="4.590550">
        <ele>525.196063</ele>
        <time>2026-03-14T01:20:06.591Z</time>
      </trkpt>
      <trkpt lat="45.698414" lon="4.590496">
        <ele>525.164647</ele>
        <time>2026-03-14T01:20:09.547Z</time>
      </trkpt>
      <trkpt lat="45.698306" lon="4.590526">
        <ele>525.101781</ele>
        <time>2026-03-14T01:20:15.357Z</time>
      </trkpt>
      <trkpt lat="45.698267" lon="4.590529">
        <ele>525.079463</ele>
        <time>2026-03-14T01:20:17.393Z</time>
      </trkpt>
      <trkpt lat="45.698171" lon="4.590631">
        <ele>525.011150</ele>
        <time>2026-03-14T01:20:22.536Z</time>
      </trkpt>
      <trkpt lat="45.698120" lon="4.590814">
        <ele>524.932512</ele>
        <time>2026-03-14T01:20:29.138Z</time>
      </trkpt>
      <trkpt lat="45.697854" lon="4.591110">
        <ele>524.390083</ele>
        <time>2026-03-14T01:20:44.504Z</time>
      </trkpt>
      <trkpt lat="45.697799" lon="4.591224">
        <ele>523.713114</ele>
        <time>2026-03-14T01:20:48.703Z</time>
      </trkpt>
      <trkpt lat="45.697694" lon="4.591220">
        <ele>522.978322</ele>
        <time>2026-03-14T01:20:53.141Z</time>
      </trkpt>
      <trkpt lat="45.697454" lon="4.591220">
        <ele>521.299393</ele>
        <time>2026-03-14T01:21:02.903Z</time>
      </trkpt>
      <trkpt lat="45.697450" lon="4.591221">
        <ele>521.270987</ele>
        <time>2026-03-14T01:21:03.067Z</time>
      </trkpt>
      <trkpt lat="45.697364" lon="4.591252">
        <ele>520.650596</ele>
        <time>2026-03-14T01:21:06.644Z</time>
      </trkpt>
      <trkpt lat="45.697160" lon="4.592001">
        <ele>516.722552</ele>
        <time>2026-03-14T01:21:28.563Z</time>
      </trkpt>
      <trkpt lat="45.696798" lon="4.592235">
        <ele>513.944027</ele>
        <time>2026-03-14T01:21:43.699Z</time>
      </trkpt>
      <trkpt lat="45.696767" lon="4.592268">
        <ele>513.673791</ele>
        <time>2026-03-14T01:21:45.208Z</time>
      </trkpt>
      <trkpt lat="45.696749" lon="4.592304">
        <ele>513.457467</ele>
        <time>2026-03-14T01:21:46.236Z</time>
      </trkpt>
      <trkpt lat="45.696692" lon="4.592367">
        <ele>512.953728</ele>
        <time>2026-03-14T01:21:49.165Z</time>
      </trkpt>
      <trkpt lat="45.696758" lon="4.592655">
        <ele>512.842407</ele>
        <time>2026-03-14T01:21:58.175Z</time>
      </trkpt>
      <trkpt lat="45.696776" lon="4.592829">
        <ele>513.627251</ele>
        <time>2026-03-14T01:22:02.856Z</time>
      </trkpt>
      <trkpt lat="45.696793" lon="4.592834">
        <ele>513.738119</ele>
        <time>2026-03-14T01:22:03.657Z</time>
      </trkpt>
      <trkpt lat="45.696829" lon="4.592868">
        <ele>514.013626</ele>
        <time>2026-03-14T01:22:05.620Z</time>
      </trkpt>
      <trkpt lat="45.696825" lon="4.593110">
        <ele>515.093713</ele>
        <time>2026-03-14T01:22:13.623Z</time>
      </trkpt>
      <trkpt lat="45.696927" lon="4.593234">
        <ele>515.948524</ele>
        <time>2026-03-14T01:22:20.232Z</time>
      </trkpt>
      <trkpt lat="45.697141" lon="4.593537">
        <ele>517.871209</ele>
        <time>2026-03-14T01:22:34.017Z</time>
      </trkpt>
      <trkpt lat="45.697166" lon="4.593515">
        <ele>518.058671</ele>
        <time>2026-03-14T01:22:35.524Z</time>
      </trkpt>
      <trkpt lat="45.697290" lon="4.593648">
        <ele>519.048446</ele>
        <time>2026-03-14T01:22:44.140Z</time>
      </trkpt>
      <trkpt lat="45.697317" lon="4.593625">
        <ele>519.249150</ele>
        <time>2026-03-14T01:22:46.225Z</time>
      </trkpt>
      <trkpt lat="45.697512" lon="4.593436">
        <ele>520.753458</ele>
        <time>2026-03-14T01:23:02.821Z</time>
      </trkpt>
      <trkpt lat="45.697781" lon="4.593303">
        <ele>522.571480</ele>
        <time>2026-03-14T01:23:27.162Z</time>
      </trkpt>
      <trkpt lat="45.697783" lon="4.593302">
        <ele>522.585013</ele>
        <time>2026-03-14T01:23:27.407Z</time>
      </trkpt>
      <trkpt lat="45.697872" lon="4.593229">
        <ele>523.240258</ele>
        <time>2026-03-14T01:23:37.483Z</time>
      </trkpt>
      <trkpt lat="45.697922" lon="4.593099">
        <ele>524.256806</ele>
        <time>2026-03-14T01:23:47.793Z</time>
      </trkpt>
      <trkpt lat="45.698089" lon="4.593318">
        <ele>527.996654</ele>
        <time>2026-03-14T01:24:16.055Z</time>
      </trkpt>
      <trkpt lat="45.698355" lon="4.593543">
        <ele>533.098757</ele>
        <time>2026-03-14T01:24:52.530Z</time>
      </trkpt>
      <trkpt lat="45.698602" lon="4.593715">
        <ele>537.634616</ele>
        <time>2026-03-14T01:25:23.206Z</time>
      </trkpt>
      <trkpt lat="45.698760" lon="4.593782">
        <ele>540.355892</ele>
        <time>2026-03-14T01:25:41.030Z</time>
      </trkpt>
      <trkpt lat="45.698862" lon="4.593889">
        <ele>542.444065</ele>
        <time>2026-03-14T01:25:54.491Z</time>
      </trkpt>
      <trkpt lat="45.698990" lon="4.594393">
        <ele>548.629591</ele>
        <time>2026-03-14T01:26:31.657Z</time>
      </trkpt>
      <trkpt lat="45.699037" lon="4.594463">
        <ele>549.749544</ele>
        <time>2026-03-14T01:26:37.566Z</time>
      </trkpt>
      <trkpt lat="45.699095" lon="4.594482">
        <ele>550.732118</ele>
        <time>2026-03-14T01:26:42.694Z</time>
      </trkpt>
      <trkpt lat="45.699267" lon="4.594436">
        <ele>553.562107</ele>
        <time>2026-03-14T01:26:56.529Z</time>
      </trkpt>
      <trkpt lat="45.699335" lon="4.594342">
        <ele>554.735015</ele>
        <time>2026-03-14T01:27:03.447Z</time>
      </trkpt>
      <trkpt lat="45.699342" lon="4.594223">
        <ele>555.770009</ele>
        <time>2026-03-14T01:27:09.416Z</time>
      </trkpt>
      <trkpt lat="45.699284" lon="4.593667">
        <ele>560.642171</ele>
        <time>2026-03-14T01:27:36.194Z</time>
      </trkpt>
      <trkpt lat="45.699046" lon="4.593015">
        <ele>567.018143</ele>
        <time>2026-03-14T01:28:13.087Z</time>
      </trkpt>
      <trkpt lat="45.699084" lon="4.592819">
        <ele>568.781066</ele>
        <time>2026-03-14T01:28:24.685Z</time>
      </trkpt>
      <trkpt lat="45.699318" lon="4.592615">
        <ele>572.180685</ele>
        <time>2026-03-14T01:28:48.959Z</time>
      </trkpt>
      <trkpt lat="45.699557" lon="4.592455">
        <ele>575.454605</ele>
        <time>2026-03-14T01:29:15.744Z</time>
      </trkpt>
      <trkpt lat="45.699597" lon="4.592461">
        <ele>576.102595</ele>
        <time>2026-03-14T01:29:20.166Z</time>
      </trkpt>
      <trkpt lat="45.699770" lon="4.592720">
        <ele>581.041804</ele>
        <time>2026-03-14T01:29:50.914Z</time>
      </trkpt>
      <trkpt lat="45.699914" lon="4.593044">
        <ele>586.334616</ele>
        <time>2026-03-14T01:30:27.660Z</time>
      </trkpt>
      <trkpt lat="45.700118" lon="4.593396">
        <ele>592.638544</ele>
        <time>2026-03-14T01:31:11.798Z</time>
      </trkpt>
      <trkpt lat="45.700380" lon="4.593672">
        <ele>599.057149</ele>
        <time>2026-03-14T01:31:54.414Z</time>
      </trkpt>
      <trkpt lat="45.700507" lon="4.593768">
        <ele>601.891056</ele>
        <time>2026-03-14T01:32:11.806Z</time>
      </trkpt>
      <trkpt lat="45.700723" lon="4.593819">
        <ele>606.210971</ele>
        <time>2026-03-14T01:32:36.216Z</time>
      </trkpt>
      <trkpt lat="45.700758" lon="4.593957">
        <ele>608.234371</ele>
        <time>2026-03-14T01:32:47.035Z</time>
      </trkpt>
      <trkpt lat="45.700839" lon="4.594067">
        <ele>610.437334</ele>
        <time>2026-03-14T01:32:58.082Z</time>
      </trkpt>
      <trkpt lat="45.700863" lon="4.594407">
        <ele>613.429675</ele>
        <time>2026-03-14T01:33:19.277Z</time>
      </trkpt>
      <trkpt lat="45.700849" lon="4.594637">
        <ele>615.229126</ele>
        <time>2026-03-14T01:33:32.772Z</time>
      </trkpt>
      <trkpt lat="45.700726" lon="4.595258">
        <ele>620.260181</ele>
        <time>2026-03-14T01:34:06.308Z</time>
      </trkpt>
      <trkpt lat="45.700764" lon="4.595368">
        <ele>621.216688</ele>
        <time>2026-03-14T01:34:12.319Z</time>
      </trkpt>
      <trkpt lat="45.700884" lon="4.594853">
        <ele>625.448183</ele>
        <time>2026-03-14T01:34:35.094Z</time>
      </trkpt>
      <trkpt lat="45.701150" lon="4.594204">
        <ele>631.318582</ele>
        <time>2026-03-14T01:35:10.263Z</time>
      </trkpt>
      <trkpt lat="45.701233" lon="4.593825">
        <ele>634.767386</ele>
        <time>2026-03-14T01:35:29.219Z</time>
      </trkpt>
      <trkpt lat="45.701273" lon="4.593857">
        <ele>635.337043</ele>
        <time>2026-03-14T01:35:33.036Z</time>
      </trkpt>
      <trkpt lat="45.701404" lon="4.594087">
        <ele>637.914012</ele>
        <time>2026-03-14T01:35:50.799Z</time>
      </trkpt>
      <trkpt lat="45.701461" lon="4.594321">
        <ele>640.065834</ele>
        <time>2026-03-14T01:36:06.667Z</time>
      </trkpt>
      <trkpt lat="45.701457" lon="4.594453">
        <ele>641.213047</ele>
        <time>2026-03-14T01:36:14.776Z</time>
      </trkpt>
      <trkpt lat="45.701342" lon="4.595106">
        <ele>647.060430</ele>
        <time>2026-03-14T01:36:57.239Z</time>
      </trkpt>
      <trkpt lat="45.701381" lon="4.595373">
        <ele>649.428913</ele>
        <time>2026-03-14T01:37:14.739Z</time>
      </trkpt>
      <trkpt lat="45.701610" lon="4.595055">
        <ele>653.394965</ele>
        <time>2026-03-14T01:37:42.171Z</time>
      </trkpt>
      <trkpt lat="45.701703" lon="4.594867">
        <ele>655.102029</ele>
        <time>2026-03-14T01:37:55.637Z</time>
      </trkpt>
      <trkpt lat="45.701640" lon="4.595143">
        <ele>657.204668</ele>
        <time>2026-03-14T01:38:09.963Z</time>
      </trkpt>
      <trkpt lat="45.701591" lon="4.595711">
        <ele>661.348992</ele>
        <time>2026-03-14T01:38:36.948Z</time>
      </trkpt>
      <trkpt lat="45.701491" lon="4.595878">
        <ele>662.941934</ele>
        <time>2026-03-14T01:38:47.053Z</time>
      </trkpt>
      <trkpt lat="45.701356" lon="4.596382">
        <ele>666.850785</ele>
        <time>2026-03-14T01:39:10.788Z</time>
      </trkpt>
      <trkpt lat="45.701323" lon="4.596730">
        <ele>669.393897</ele>
        <time>2026-03-14T01:39:26.556Z</time>
      </trkpt>
      <trkpt lat="45.701251" lon="4.596945">
        <ele>671.120517</ele>
        <time>2026-03-14T01:39:37.057Z</time>
      </trkpt>
      <trkpt lat="45.700989" lon="4.597524">
        <ele>675.430976</ele>
        <time>2026-03-14T01:40:07.310Z</time>
      </trkpt>
      <trkpt lat="45.700989" lon="4.597526">
        <ele>675.442873</ele>
        <time>2026-03-14T01:40:07.381Z</time>
      </trkpt>
      <trkpt lat="45.700847" lon="4.597937">
        <ele>678.170439</ele>
        <time>2026-03-14T01:40:28.261Z</time>
      </trkpt>
      <trkpt lat="45.700783" lon="4.598345">
        <ele>680.657833</ele>
        <time>2026-03-14T01:40:46.816Z</time>
      </trkpt>
      <trkpt lat="45.700816" lon="4.598575">
        <ele>682.054529</ele>
        <time>2026-03-14T01:40:56.876Z</time>
      </trkpt>
      <trkpt lat="45.701179" lon="4.597971">
        <ele>686.794444</ele>
        <time>2026-03-14T01:41:29.796Z</time>
      </trkpt>
      <trkpt lat="45.700874" lon="4.598723">
        <ele>690.013580</ele>
        <time>2026-03-14T01:42:06.535Z</time>
      </trkpt>
      <trkpt lat="45.700873" lon="4.598726">
        <ele>690.024514</ele>
        <time>2026-03-14T01:42:06.692Z</time>
      </trkpt>
      <trkpt lat="45.700536" lon="4.599471">
        <ele>692.944110</ele>
        <time>2026-03-14T01:42:39.145Z</time>
      </trkpt>
      <trkpt lat="45.700250" lon="4.600027">
        <ele>695.215448</ele>
        <time>2026-03-14T01:43:06.286Z</time>
      </trkpt>
      <trkpt lat="45.700039" lon="4.600706">
        <ele>699.651181</ele>
        <time>2026-03-14T01:43:39.311Z</time>
      </trkpt>
      <trkpt lat="45.699981" lon="4.601074">
        <ele>702.444205</ele>
        <time>2026-03-14T01:43:57.772Z</time>
      </trkpt>
      <trkpt lat="45.699500" lon="4.602526">
        <ele>714.342165</ele>
        <time>2026-03-14T01:45:33.773Z</time>
      </trkpt>
      <trkpt lat="45.699350" lon="4.602848">
        <ele>719.020009</ele>
        <time>2026-03-14T01:45:58.619Z</time>
      </trkpt>
      <trkpt lat="45.699274" lon="4.603106">
        <ele>722.905273</ele>
        <time>2026-03-14T01:46:16.702Z</time>
      </trkpt>
      <trkpt lat="45.699217" lon="4.603455">
        <ele>727.878471</ele>
        <time>2026-03-14T01:46:41.032Z</time>
      </trkpt>
      <trkpt lat="45.699210" lon="4.603652">
        <ele>730.615485</ele>
        <time>2026-03-14T01:46:55.371Z</time>
      </trkpt>
      <trkpt lat="45.699323" lon="4.603937">
        <ele>735.162800</ele>
        <time>2026-03-14T01:47:20.617Z</time>
      </trkpt>
      <trkpt lat="45.699385" lon="4.603953">
        <ele>736.414393</ele>
        <time>2026-03-14T01:47:28.069Z</time>
      </trkpt>
      <trkpt lat="45.699550" lon="4.603676">
        <ele>741.465930</ele>
        <time>2026-03-14T01:48:00.707Z</time>
      </trkpt>
      <trkpt lat="45.699694" lon="4.603663">
        <ele>744.332442</ele>
        <time>2026-03-14T01:48:20.524Z</time>
      </trkpt>
      <trkpt lat="45.699754" lon="4.603693">
        <ele>745.595045</ele>
        <time>2026-03-14T01:48:29.541Z</time>
      </trkpt>
      <trkpt lat="45.699818" lon="4.603816">
        <ele>747.723282</ele>
        <time>2026-03-14T01:48:44.930Z</time>
      </trkpt>
      <trkpt lat="45.699955" lon="4.603851">
        <ele>750.488030</ele>
        <time>2026-03-14T01:49:05.320Z</time>
      </trkpt>
      <trkpt lat="45.700009" lon="4.603902">
        <ele>752.111127</ele>
        <time>2026-03-14T01:49:15.137Z</time>
      </trkpt>
      <trkpt lat="45.700071" lon="4.603880">
        <ele>753.853874</ele>
        <time>2026-03-14T01:49:24.775Z</time>
      </trkpt>
      <trkpt lat="45.700105" lon="4.603776">
        <ele>756.041978</ele>
        <time>2026-03-14T01:49:37.317Z</time>
      </trkpt>
      <trkpt lat="45.700303" lon="4.603599">
        <ele>762.410532</ele>
        <time>2026-03-14T01:50:15.221Z</time>
      </trkpt>
      <trkpt lat="45.700436" lon="4.603618">
        <ele>766.057251</ele>
        <time>2026-03-14T01:50:37.170Z</time>
      </trkpt>
      <trkpt lat="45.700578" lon="4.603625">
        <ele>769.933801</ele>
        <time>2026-03-14T01:51:00.222Z</time>
      </trkpt>
      <trkpt lat="45.700695" lon="4.603703">
        <ele>773.455020</ele>
        <time>2026-03-14T01:51:21.003Z</time>
      </trkpt>
      <trkpt lat="45.701167" lon="4.603545">
        <ele>786.680068</ele>
        <time>2026-03-14T01:52:41.083Z</time>
      </trkpt>
      <trkpt lat="45.701334" lon="4.603384">
        <ele>792.172950</ele>
        <time>2026-03-14T01:53:13.346Z</time>
      </trkpt>
      <trkpt lat="45.701423" lon="4.603298">
        <ele>795.102397</ele>
        <time>2026-03-14T01:53:29.949Z</time>
      </trkpt>
      <trkpt lat="45.701701" lon="4.603328">
        <ele>800.619798</ele>
        <time>2026-03-14T01:54:09.042Z</time>
      </trkpt>
      <trkpt lat="45.701882" lon="4.603233">
        <ele>801.909373</ele>
        <time>2026-03-14T01:54:31.723Z</time>
      </trkpt>
      <trkpt lat="45.701955" lon="4.603235">
        <ele>802.397793</ele>
        <time>2026-03-14T01:54:38.956Z</time>
      </trkpt>
      <trkpt lat="45.702193" lon="4.603580">
        <ele>804.663322</ele>
        <time>2026-03-14T01:55:08.126Z</time>
      </trkpt>
      <trkpt lat="45.702380" lon="4.603739">
        <ele>806.118180</ele>
        <time>2026-03-14T01:55:22.454Z</time>
      </trkpt>
      <trkpt lat="45.702505" lon="4.603864">
        <ele>807.138097</ele>
        <time>2026-03-14T01:55:31.421Z</time>
      </trkpt>
      <trkpt lat="45.702351" lon="4.603896">
        <ele>808.179066</ele>
        <time>2026-03-14T01:55:39.934Z</time>
      </trkpt>
      <trkpt lat="45.702297" lon="4.604002">
        <ele>808.792030</ele>
        <time>2026-03-14T01:55:44.494Z</time>
      </trkpt>
      <trkpt lat="45.702169" lon="4.604048">
        <ele>809.674838</ele>
        <time>2026-03-14T01:55:50.647Z</time>
      </trkpt>
      <trkpt lat="45.702153" lon="4.604084">
        <ele>809.874193</ele>
        <time>2026-03-14T01:55:52.015Z</time>
      </trkpt>
      <trkpt lat="45.702153" lon="4.604690">
        <ele>810.631649</ele>
        <time>2026-03-14T01:56:09.030Z</time>
      </trkpt>
      <trkpt lat="45.702319" lon="4.604967">
        <ele>807.506840</ele>
        <time>2026-03-14T01:56:18.635Z</time>
      </trkpt>
      <trkpt lat="45.702427" lon="4.605042">
        <ele>806.035449</ele>
        <time>2026-03-14T01:56:23.164Z</time>
      </trkpt>
      <trkpt lat="45.702452" lon="4.605224">
        <ele>804.447483</ele>
        <time>2026-03-14T01:56:28.034Z</time>
      </trkpt>
      <trkpt lat="45.702635" lon="4.605524">
        <ele>801.037416</ele>
        <time>2026-03-14T01:56:38.529Z</time>
      </trkpt>
      <trkpt lat="45.702439" lon="4.605879">
        <ele>797.163237</ele>
        <time>2026-03-14T01:56:50.496Z</time>
      </trkpt>
      <trkpt lat="45.702291" lon="4.605962">
        <ele>795.214809</ele>
        <time>2026-03-14T01:56:56.539Z</time>
      </trkpt>
      <trkpt lat="45.702261" lon="4.606037">
        <ele>794.474869</ele>
        <time>2026-03-14T01:56:58.835Z</time>
      </trkpt>
      <trkpt lat="45.702287" lon="4.606136">
        <ele>793.569376</ele>
        <time>2026-03-14T01:57:01.645Z</time>
      </trkpt>
      <trkpt lat="45.702543" lon="4.606455">
        <ele>789.527285</ele>
        <time>2026-03-14T01:57:14.542Z</time>
      </trkpt>
      <trkpt lat="45.702682" lon="4.606477">
        <ele>788.205360</ele>
        <time>2026-03-14T01:57:19.840Z</time>
      </trkpt>
      <trkpt lat="45.702879" lon="4.606638">
        <ele>786.061214</ele>
        <time>2026-03-14T01:57:28.455Z</time>
      </trkpt>
      <trkpt lat="45.702969" lon="4.606630">
        <ele>785.208835</ele>
        <time>2026-03-14T01:57:31.870Z</time>
      </trkpt>
      <trkpt lat="45.703062" lon="4.606713">
        <ele>784.172959</ele>
        <time>2026-03-14T01:57:36.050Z</time>
      </trkpt>
      <trkpt lat="45.703602" lon="4.606734">
        <ele>779.066630</ele>
        <time>2026-03-14T01:57:57.015Z</time>
      </trkpt>
      <trkpt lat="45.703641" lon="4.606799">
        <ele>778.500919</ele>
        <time>2026-03-14T01:57:59.436Z</time>
      </trkpt>
      <trkpt lat="45.703649" lon="4.606919">
        <ele>777.705142</ele>
        <time>2026-03-14T01:58:02.899Z</time>
      </trkpt>
      <trkpt lat="45.703673" lon="4.606925">
        <ele>777.474845</ele>
        <time>2026-03-14T01:58:03.886Z</time>
      </trkpt>
      <trkpt lat="45.703772" lon="4.606949">
        <ele>776.525713</ele>
        <time>2026-03-14T01:58:08.065Z</time>
      </trkpt>
      <trkpt lat="45.703913" lon="4.607190">
        <ele>774.450251</ele>
        <time>2026-03-14T01:58:17.072Z</time>
      </trkpt>
      <trkpt lat="45.703795" lon="4.607260">
        <ele>773.242902</ele>
        <time>2026-03-14T01:58:22.371Z</time>
      </trkpt>
      <trkpt lat="45.703034" lon="4.607397">
        <ele>770.961629</ele>
        <time>2026-03-14T01:58:55.011Z</time>
      </trkpt>
      <trkpt lat="45.701763" lon="4.607466">
        <ele>768.023337</ele>
        <time>2026-03-14T01:59:55.723Z</time>
      </trkpt>
      <trkpt lat="45.701707" lon="4.607497">
        <ele>767.997746</ele>
        <time>2026-03-14T01:59:58.643Z</time>
      </trkpt>
      <trkpt lat="45.701631" lon="4.607534">
        <ele>767.963532</ele>
        <time>2026-03-14T02:00:02.561Z</time>
      </trkpt>
      <trkpt lat="45.701636" lon="4.607634">
        <ele>767.933688</ele>
        <time>2026-03-14T02:00:06.006Z</time>
      </trkpt>
      <trkpt lat="45.701764" lon="4.607894">
        <ele>767.838995</ele>
        <time>2026-03-14T02:00:17.009Z</time>
      </trkpt>
      <trkpt lat="45.701788" lon="4.607990">
        <ele>767.808643</ele>
        <time>2026-03-14T02:00:20.532Z</time>
      </trkpt>
      <trkpt lat="45.701783" lon="4.608054">
        <ele>767.789473</ele>
        <time>2026-03-14T02:00:22.795Z</time>
      </trkpt>
      <trkpt lat="45.701691" lon="4.608152">
        <ele>767.740598</ele>
        <time>2026-03-14T02:00:28.459Z</time>
      </trkpt>
      <trkpt lat="45.701663" lon="4.608232">
        <ele>767.713961</ele>
        <time>2026-03-14T02:00:31.523Z</time>
      </trkpt>
      <trkpt lat="45.701660" lon="4.608240">
        <ele>767.711258</ele>
        <time>2026-03-14T02:00:31.815Z</time>
      </trkpt>
      <trkpt lat="45.701636" lon="4.608511">
        <ele>767.629942</ele>
        <time>2026-03-14T02:00:41.063Z</time>
      </trkpt>
      <trkpt lat="45.701669" lon="4.608598">
        <ele>767.600471</ele>
        <time>2026-03-14T02:00:44.388Z</time>
      </trkpt>
      <trkpt lat="45.701678" lon="4.608796">
        <ele>767.541406</ele>
        <time>2026-03-14T02:00:50.932Z</time>
      </trkpt>
      <trkpt lat="45.701519" lon="4.608859">
        <ele>767.471088</ele>
        <time>2026-03-14T02:00:58.758Z</time>
      </trkpt>
      <trkpt lat="45.701472" lon="4.608919">
        <ele>767.444250</ele>
        <time>2026-03-14T02:01:01.767Z</time>
      </trkpt>
      <trkpt lat="45.701378" lon="4.609234">
        <ele>767.337065</ele>
        <time>2026-03-14T02:01:12.962Z</time>
      </trkpt>
      <trkpt lat="45.701216" lon="4.609469">
        <ele>767.024533</ele>
        <time>2026-03-14T02:01:23.573Z</time>
      </trkpt>
      <trkpt lat="45.700826" lon="4.610057">
        <ele>766.257002</ele>
        <time>2026-03-14T02:01:49.175Z</time>
      </trkpt>
      <trkpt lat="45.700725" lon="4.610103">
        <ele>766.113365</ele>
        <time>2026-03-14T02:01:53.899Z</time>
      </trkpt>
      <trkpt lat="45.700655" lon="4.610185">
        <ele>765.990794</ele>
        <time>2026-03-14T02:01:57.885Z</time>
      </trkpt>
      <trkpt lat="45.700567" lon="4.610433">
        <ele>765.727499</ele>
        <time>2026-03-14T02:02:06.467Z</time>
      </trkpt>
      <trkpt lat="45.700309" lon="4.612459">
        <ele>768.726790</ele>
        <time>2026-03-14T02:03:18.697Z</time>
      </trkpt>
      <trkpt lat="45.700331" lon="4.612992">
        <ele>770.436868</ele>
        <time>2026-03-14T02:03:44.049Z</time>
      </trkpt>
      <trkpt lat="45.700365" lon="4.613226">
        <ele>771.202373</ele>
        <time>2026-03-14T02:03:56.016Z</time>
      </trkpt>
      <trkpt lat="45.700336" lon="4.613485">
        <ele>772.042494</ele>
        <time>2026-03-14T02:04:09.076Z</time>
      </trkpt>
      <trkpt lat="45.700541" lon="4.613642">
        <ele>773.108625</ele>
        <time>2026-03-14T02:04:25.558Z</time>
      </trkpt>
      <trkpt lat="45.700567" lon="4.613693">
        <ele>773.116705</ele>
        <time>2026-03-14T02:04:28.624Z</time>
      </trkpt>
      <trkpt lat="45.700578" lon="4.613798">
        <ele>773.032092</ele>
        <time>2026-03-14T02:04:33.704Z</time>
      </trkpt>
      <trkpt lat="45.700641" lon="4.613877">
        <ele>772.936535</ele>
        <time>2026-03-14T02:04:39.521Z</time>
      </trkpt>
      <trkpt lat="45.700687" lon="4.614011">
        <ele>772.817546</ele>
        <time>2026-03-14T02:04:46.424Z</time>
      </trkpt>
      <trkpt lat="45.700695" lon="4.614432">
        <ele>772.481918</ele>
        <time>2026-03-14T02:05:03.974Z</time>
      </trkpt>
      <trkpt lat="45.700780" lon="4.614582">
        <ele>772.327983</ele>
        <time>2026-03-14T02:05:11.186Z</time>
      </trkpt>
      <trkpt lat="45.701101" lon="4.614780">
        <ele>771.929163</ele>
        <time>2026-03-14T02:05:27.775Z</time>
      </trkpt>
      <trkpt lat="45.701270" lon="4.614934">
        <ele>771.700586</ele>
        <time>2026-03-14T02:05:36.483Z</time>
      </trkpt>
      <trkpt lat="45.701476" lon="4.614982">
        <ele>771.462437</ele>
        <time>2026-03-14T02:05:45.151Z</time>
      </trkpt>
      <trkpt lat="45.701828" lon="4.615121">
        <ele>770.257492</ele>
        <time>2026-03-14T02:05:59.451Z</time>
      </trkpt>
      <trkpt lat="45.702124" lon="4.615136">
        <ele>765.265991</ele>
        <time>2026-03-14T02:06:10.682Z</time>
      </trkpt>
      <trkpt lat="45.702354" lon="4.615046">
        <ele>761.247753</ele>
        <time>2026-03-14T02:06:19.698Z</time>
      </trkpt>
      <trkpt lat="45.702571" lon="4.615125">
        <ele>757.474382</ele>
        <time>2026-03-14T02:06:28.105Z</time>
      </trkpt>
      <trkpt lat="45.702681" lon="4.615166">
        <ele>755.558816</ele>
        <time>2026-03-14T02:06:32.373Z</time>
      </trkpt>
      <trkpt lat="45.702803" lon="4.615128">
        <ele>753.454714</ele>
        <time>2026-03-14T02:06:37.028Z</time>
      </trkpt>
      <trkpt lat="45.702868" lon="4.615038">
        <ele>751.930911</ele>
        <time>2026-03-14T02:06:40.402Z</time>
      </trkpt>
      <trkpt lat="45.702864" lon="4.614915">
        <ele>750.481690</ele>
        <time>2026-03-14T02:06:43.612Z</time>
      </trkpt>
      <trkpt lat="45.703148" lon="4.614303">
        <ele>741.833600</ele>
        <time>2026-03-14T02:07:02.690Z</time>
      </trkpt>
      <trkpt lat="45.703180" lon="4.614130">
        <ele>739.592096</ele>
        <time>2026-03-14T02:07:07.338Z</time>
      </trkpt>
      <trkpt lat="45.703221" lon="4.614081">
        <ele>738.577736</ele>
        <time>2026-03-14T02:07:09.312Z</time>
      </trkpt>
      <trkpt lat="45.703262" lon="4.614075">
        <ele>737.794929</ele>
        <time>2026-03-14T02:07:10.853Z</time>
      </trkpt>
      <trkpt lat="45.703315" lon="4.614102">
        <ele>736.726438</ele>
        <time>2026-03-14T02:07:12.961Z</time>
      </trkpt>
      <trkpt lat="45.703683" lon="4.614633">
        <ele>726.803268</ele>
        <time>2026-03-14T02:07:32.438Z</time>
      </trkpt>
      <trkpt lat="45.704015" lon="4.615507">
        <ele>713.605854</ele>
        <time>2026-03-14T02:07:58.363Z</time>
      </trkpt>
      <trkpt lat="45.704242" lon="4.615783">
        <ele>707.949589</ele>
        <time>2026-03-14T02:08:09.558Z</time>
      </trkpt>
      <trkpt lat="45.704454" lon="4.615891">
        <ele>704.436835</ele>
        <time>2026-03-14T02:08:18.030Z</time>
      </trkpt>
      <trkpt lat="45.704667" lon="4.616095">
        <ele>700.824551</ele>
        <time>2026-03-14T02:08:27.687Z</time>
      </trkpt>
      <trkpt lat="45.704956" lon="4.616435">
        <ele>695.551992</ele>
        <time>2026-03-14T02:08:41.792Z</time>
      </trkpt>
      <trkpt lat="45.705197" lon="4.616558">
        <ele>691.945377</ele>
        <time>2026-03-14T02:08:51.439Z</time>
      </trkpt>
      <trkpt lat="45.705338" lon="4.616373">
        <ele>689.249564</ele>
        <time>2026-03-14T02:08:57.591Z</time>
      </trkpt>
      <trkpt lat="45.705480" lon="4.616271">
        <ele>687.010117</ele>
        <time>2026-03-14T02:09:02.679Z</time>
      </trkpt>
      <trkpt lat="45.705661" lon="4.616207">
        <ele>684.381999</ele>
        <time>2026-03-14T02:09:08.715Z</time>
      </trkpt>
      <trkpt lat="45.705994" lon="4.616204">
        <ele>679.928816</ele>
        <time>2026-03-14T02:09:19.478Z</time>
      </trkpt>
      <trkpt lat="45.706053" lon="4.616227">
        <ele>679.197916</ele>
        <time>2026-03-14T02:09:21.445Z</time>
      </trkpt>
      <trkpt lat="45.706592" lon="4.616675">
        <ele>671.748536</ele>
        <time>2026-03-14T02:09:41.948Z</time>
      </trkpt>
      <trkpt lat="45.706680" lon="4.616659">
        <ele>670.688217</ele>
        <time>2026-03-14T02:09:45.425Z</time>
      </trkpt>
      <trkpt lat="45.706706" lon="4.616519">
        <ele>669.478985</ele>
        <time>2026-03-14T02:09:49.333Z</time>
      </trkpt>
      <trkpt lat="45.707272" lon="4.615342">
        <ele>656.789155</ele>
        <time>2026-03-14T02:10:27.143Z</time>
      </trkpt>
      <trkpt lat="45.707492" lon="4.614590">
        <ele>647.654093</ele>
        <time>2026-03-14T02:10:48.556Z</time>
      </trkpt>
      <trkpt lat="45.707505" lon="4.614148">
        <ele>642.697457</ele>
        <time>2026-03-14T02:11:00.159Z</time>
      </trkpt>
      <trkpt lat="45.707581" lon="4.613727">
        <ele>637.825441</ele>
        <time>2026-03-14T02:11:11.546Z</time>
      </trkpt>
      <trkpt lat="45.707761" lon="4.613254">
        <ele>631.790057</ele>
        <time>2026-03-14T02:11:25.636Z</time>
      </trkpt>
      <trkpt lat="45.707864" lon="4.612830">
        <ele>627.147797</ele>
        <time>2026-03-14T02:11:37.400Z</time>
      </trkpt>
      <trkpt lat="45.708026" lon="4.612498">
        <ele>623.033109</ele>
        <time>2026-03-14T02:11:48.026Z</time>
      </trkpt>
      <trkpt lat="45.708222" lon="4.612183">
        <ele>618.746902</ele>
        <time>2026-03-14T02:11:59.072Z</time>
      </trkpt>
      <trkpt lat="45.708290" lon="4.612139">
        <ele>617.661327</ele>
        <time>2026-03-14T02:12:01.888Z</time>
      </trkpt>
      <trkpt lat="45.708523" lon="4.612312">
        <ele>613.843070</ele>
        <time>2026-03-14T02:12:11.729Z</time>
      </trkpt>
      <trkpt lat="45.708598" lon="4.612435">
        <ele>612.184172</ele>
        <time>2026-03-14T02:12:16.048Z</time>
      </trkpt>
      <trkpt lat="45.708639" lon="4.612415">
        <ele>611.554042</ele>
        <time>2026-03-14T02:12:17.687Z</time>
      </trkpt>
      <trkpt lat="45.708685" lon="4.612336">
        <ele>610.509073</ele>
        <time>2026-03-14T02:12:20.406Z</time>
      </trkpt>
      <trkpt lat="45.708971" lon="4.612046">
        <ele>605.410874</ele>
        <time>2026-03-14T02:12:33.850Z</time>
      </trkpt>
      <trkpt lat="45.709166" lon="4.611723">
        <ele>602.475248</ele>
        <time>2026-03-14T02:12:45.912Z</time>
      </trkpt>
      <trkpt lat="45.709247" lon="4.611542">
        <ele>601.124377</ele>
        <time>2026-03-14T02:12:52.141Z</time>
      </trkpt>
      <trkpt lat="45.709272" lon="4.611387">
        <ele>600.124757</ele>
        <time>2026-03-14T02:12:56.778Z</time>
      </trkpt>
      <trkpt lat="45.709256" lon="4.611246">
        <ele>599.227130</ele>
        <time>2026-03-14T02:13:00.952Z</time>
      </trkpt>
      <trkpt lat="45.709205" lon="4.611110">
        <ele>598.257112</ele>
        <time>2026-03-14T02:13:05.459Z</time>
      </trkpt>
      <trkpt lat="45.708942" lon="4.610870">
        <ele>595.450813</ele>
        <time>2026-03-14T02:13:18.444Z</time>
      </trkpt>
      <trkpt lat="45.708939" lon="4.610775">
        <ele>594.853246</ele>
        <time>2026-03-14T02:13:21.165Z</time>
      </trkpt>
      <trkpt lat="45.709011" lon="4.610597">
        <ele>593.560638</ele>
        <time>2026-03-14T02:13:27.079Z</time>
      </trkpt>
      <trkpt lat="45.709122" lon="4.610401">
        <ele>591.974900</ele>
        <time>2026-03-14T02:13:34.184Z</time>
      </trkpt>
      <trkpt lat="45.709229" lon="4.610355">
        <ele>590.969598</ele>
        <time>2026-03-14T02:13:38.636Z</time>
      </trkpt>
      <trkpt lat="45.709238" lon="4.610232">
        <ele>590.192469</ele>
        <time>2026-03-14T02:13:42.091Z</time>
      </trkpt>
      <trkpt lat="45.709319" lon="4.610082">
        <ele>589.000960</ele>
        <time>2026-03-14T02:13:47.249Z</time>
      </trkpt>
      <trkpt lat="45.709549" lon="4.609867">
        <ele>584.135256</ele>
        <time>2026-03-14T02:13:57.657Z</time>
      </trkpt>
      <trkpt lat="45.709834" lon="4.609502">
        <ele>576.644960</ele>
        <time>2026-03-14T02:14:11.975Z</time>
      </trkpt>
      <trkpt lat="45.710010" lon="4.609355">
        <ele>572.653472</ele>
        <time>2026-03-14T02:14:19.585Z</time>
      </trkpt>
      <trkpt lat="45.710471" lon="4.608799">
        <ele>560.846159</ele>
        <time>2026-03-14T02:14:42.509Z</time>
      </trkpt>
      <trkpt lat="45.710655" lon="4.608536">
        <ele>555.753297</ele>
        <time>2026-03-14T02:14:52.717Z</time>
      </trkpt>
      <trkpt lat="45.710871" lon="4.608413">
        <ele>552.132877</ele>
        <time>2026-03-14T02:15:01.506Z</time>
      </trkpt>
      <trkpt lat="45.711002" lon="4.608434">
        <ele>550.683344</ele>
        <time>2026-03-14T02:15:06.436Z</time>
      </trkpt>
      <trkpt lat="45.711192" lon="4.608628">
        <ele>548.117351</ele>
        <time>2026-03-14T02:15:13.849Z</time>
      </trkpt>
      <trkpt lat="45.711295" lon="4.608608">
        <ele>546.974352</ele>
        <time>2026-03-14T02:15:17.179Z</time>
      </trkpt>
      <trkpt lat="45.711346" lon="4.608631">
        <ele>546.386383</ele>
        <time>2026-03-14T02:15:18.873Z</time>
      </trkpt>
      <trkpt lat="45.711514" lon="4.608793">
        <ele>544.159222</ele>
        <time>2026-03-14T02:15:25.409Z</time>
      </trkpt>
      <trkpt lat="45.711600" lon="4.608608">
        <ele>542.452698</ele>
        <time>2026-03-14T02:15:30.416Z</time>
      </trkpt>
      <trkpt lat="45.711631" lon="4.608392">
        <ele>540.759472</ele>
        <time>2026-03-14T02:15:35.478Z</time>
      </trkpt>
      <trkpt lat="45.711623" lon="4.608019">
        <ele>537.894042</ele>
        <time>2026-03-14T02:15:44.604Z</time>
      </trkpt>
      <trkpt lat="45.711696" lon="4.607596">
        <ele>534.548312</ele>
        <time>2026-03-14T02:15:56.821Z</time>
      </trkpt>
      <trkpt lat="45.711731" lon="4.607187">
        <ele>533.758276</ele>
        <time>2026-03-14T02:16:11.375Z</time>
      </trkpt>
      <trkpt lat="45.711954" lon="4.605637">
        <ele>534.936325</ele>
        <time>2026-03-14T02:17:05.208Z</time>
      </trkpt>
      <trkpt lat="45.712316" lon="4.604175">
        <ele>534.053912</ele>
        <time>2026-03-14T02:17:45.723Z</time>
      </trkpt>
      <trkpt lat="45.712478" lon="4.602824">
        <ele>531.748947</ele>
        <time>2026-03-14T02:18:21.793Z</time>
      </trkpt>
      <trkpt lat="45.712209" lon="4.602068">
        <ele>531.588694</ele>
        <time>2026-03-14T02:18:46.981Z</time>
      </trkpt>
      <trkpt lat="45.712071" lon="4.601523">
        <ele>532.133641</ele>
        <time>2026-03-14T02:19:07.777Z</time>
      </trkpt>
      <trkpt lat="45.711749" lon="4.600975">
        <ele>532.806883</ele>
        <time>2026-03-14T02:19:32.925Z</time>
      </trkpt>
      <trkpt lat="45.711350" lon="4.600474">
        <ele>533.521239</ele>
        <time>2026-03-14T02:19:53.775Z</time>
      </trkpt>
      <trkpt lat="45.711377" lon="4.600389">
        <ele>533.391632</ele>
        <time>2026-03-14T02:19:56.677Z</time>
      </trkpt>
      <trkpt lat="45.711376" lon="4.600224">
        <ele>532.911978</ele>
        <time>2026-03-14T02:20:01.821Z</time>
      </trkpt>
      <trkpt lat="45.711315" lon="4.599935">
        <ele>532.034346</ele>
        <time>2026-03-14T02:20:11.258Z</time>
      </trkpt>
      <trkpt lat="45.711362" lon="4.599770">
        <ele>531.516337</ele>
        <time>2026-03-14T02:20:16.783Z</time>
      </trkpt>
      <trkpt lat="45.711542" lon="4.599521">
        <ele>530.474509</ele>
        <time>2026-03-14T02:20:27.872Z</time>
      </trkpt>
      <trkpt lat="45.711595" lon="4.599496">
        <ele>530.242212</ele>
        <time>2026-03-14T02:20:30.266Z</time>
      </trkpt>
      <trkpt lat="45.711639" lon="4.599487">
        <ele>530.057183</ele>
        <time>2026-03-14T02:20:32.176Z</time>
      </trkpt>
      <trkpt lat="45.711835" lon="4.599604">
        <ele>529.173198</ele>
        <time>2026-03-14T02:20:41.131Z</time>
      </trkpt>
      <trkpt lat="45.712147" lon="4.599736">
        <ele>527.818862</ele>
        <time>2026-03-14T02:20:54.631Z</time>
      </trkpt>
      <trkpt lat="45.712374" lon="4.599869">
        <ele>526.797844</ele>
        <time>2026-03-14T02:21:04.915Z</time>
      </trkpt>
      <trkpt lat="45.712550" lon="4.600030">
        <ele>526.002200</ele>
        <time>2026-03-14T02:21:14.015Z</time>
      </trkpt>
      <trkpt lat="45.712998" lon="4.600606">
        <ele>524.818402</ele>
        <time>2026-03-14T02:21:41.756Z</time>
      </trkpt>
      <trkpt lat="45.713313" lon="4.601222">
        <ele>523.770117</ele>
        <time>2026-03-14T02:22:04.675Z</time>
      </trkpt>
      <trkpt lat="45.713399" lon="4.601496">
        <ele>523.357670</ele>
        <time>2026-03-14T02:22:14.433Z</time>
      </trkpt>
      <trkpt lat="45.713441" lon="4.601714">
        <ele>523.047183</ele>
        <time>2026-03-14T02:22:22.006Z</time>
      </trkpt>
      <trkpt lat="45.713449" lon="4.602232">
        <ele>523.501714</ele>
        <time>2026-03-14T02:22:40.701Z</time>
      </trkpt>
      <trkpt lat="45.713475" lon="4.602425">
        <ele>524.839063</ele>
        <time>2026-03-14T02:22:48.546Z</time>
      </trkpt>
      <trkpt lat="45.713523" lon="4.602522">
        <ele>525.647961</ele>
        <time>2026-03-14T02:22:53.594Z</time>
      </trkpt>
      <trkpt lat="45.713583" lon="4.602587">
        <ele>526.381032</ele>
        <time>2026-03-14T02:22:58.166Z</time>
      </trkpt>
      <trkpt lat="45.713751" lon="4.602649">
        <ele>528.071519</ele>
        <time>2026-03-14T02:23:09.602Z</time>
      </trkpt>
      <trkpt lat="45.714087" lon="4.602938">
        <ele>531.890611</ele>
        <time>2026-03-14T02:23:37.273Z</time>
      </trkpt>
      <trkpt lat="45.714471" lon="4.603167">
        <ele>535.943771</ele>
        <time>2026-03-14T02:24:15.822Z</time>
      </trkpt>
      <trkpt lat="45.714545" lon="4.603154">
        <ele>536.670239</ele>
        <time>2026-03-14T02:24:23.711Z</time>
      </trkpt>
      <trkpt lat="45.715337" lon="4.602748">
        <ele>544.156430</ele>
        <time>2026-03-14T02:25:43.400Z</time>
      </trkpt>
      <trkpt lat="45.715518" lon="4.602556">
        <ele>546.026898</ele>
        <time>2026-03-14T02:26:02.999Z</time>
      </trkpt>
      <trkpt lat="45.716138" lon="4.602007">
        <ele>552.080173</ele>
        <time>2026-03-14T02:26:49.240Z</time>
      </trkpt>
      <trkpt lat="45.716497" lon="4.601756">
        <ele>555.034096</ele>
        <time>2026-03-14T02:27:09.698Z</time>
      </trkpt>
      <trkpt lat="45.716622" lon="4.601875">
        <ele>555.156959</ele>
        <time>2026-03-14T02:27:15.862Z</time>
      </trkpt>
      <trkpt lat="45.716768" lon="4.602303">
        <ele>555.429210</ele>
        <time>2026-03-14T02:27:29.362Z</time>
      </trkpt>
      <trkpt lat="45.716867" lon="4.602874">
        <ele>555.765467</ele>
        <time>2026-03-14T02:27:45.923Z</time>
      </trkpt>
      <trkpt lat="45.716910" lon="4.602975">
        <ele>555.833077</ele>
        <time>2026-03-14T02:27:49.223Z</time>
      </trkpt>
      <trkpt lat="45.717264" lon="4.603470">
        <ele>556.238054</ele>
        <time>2026-03-14T02:28:10.144Z</time>
      </trkpt>
      <trkpt lat="45.717598" lon="4.603832">
        <ele>556.751245</ele>
        <time>2026-03-14T02:28:29.070Z</time>
      </trkpt>
      <trkpt lat="45.717879" lon="4.604204">
        <ele>557.531417</ele>
        <time>2026-03-14T02:28:45.774Z</time>
      </trkpt>
      <trkpt lat="45.717920" lon="4.604358">
        <ele>557.766037</ele>
        <time>2026-03-14T02:28:51.012Z</time>
      </trkpt>
      <trkpt lat="45.717846" lon="4.604513">
        <ele>558.033336</ele>
        <time>2026-03-14T02:28:57.006Z</time>
      </trkpt>
      <trkpt lat="45.717753" lon="4.604614">
        <ele>558.271298</ele>
        <time>2026-03-14T02:29:02.268Z</time>
      </trkpt>
      <trkpt lat="45.717389" lon="4.604844">
        <ele>559.082461</ele>
        <time>2026-03-14T02:29:19.790Z</time>
      </trkpt>
      <trkpt lat="45.717365" lon="4.604922">
        <ele>559.203802</ele>
        <time>2026-03-14T02:29:22.419Z</time>
      </trkpt>
      <trkpt lat="45.717498" lon="4.605311">
        <ele>559.820389</ele>
        <time>2026-03-14T02:29:35.208Z</time>
      </trkpt>
      <trkpt lat="45.717501" lon="4.605318">
        <ele>559.832081</ele>
        <time>2026-03-14T02:29:35.470Z</time>
      </trkpt>
      <trkpt lat="45.717569" lon="4.605608">
        <ele>560.659363</ele>
        <time>2026-03-14T02:29:44.778Z</time>
      </trkpt>
      <trkpt lat="45.717792" lon="4.605792">
        <ele>562.721775</ele>
        <time>2026-03-14T02:29:56.296Z</time>
      </trkpt>
      <trkpt lat="45.717808" lon="4.605841">
        <ele>563.024440</ele>
        <time>2026-03-14T02:29:58.195Z</time>
      </trkpt>
      <trkpt lat="45.717912" lon="4.606153">
        <ele>564.958880</ele>
        <time>2026-03-14T02:30:10.376Z</time>
      </trkpt>
      <trkpt lat="45.717981" lon="4.606117">
        <ele>565.547377</ele>
        <time>2026-03-14T02:30:14.943Z</time>
      </trkpt>
      <trkpt lat="45.717912" lon="4.606153">
        <ele>566.135874</ele>
        <time>2026-03-14T02:30:18.877Z</time>
      </trkpt>
      <trkpt lat="45.717808" lon="4.605841">
        <ele>568.070314</ele>
        <time>2026-03-14T02:30:33.206Z</time>
      </trkpt>
      <trkpt lat="45.717831" lon="4.605825">
        <ele>568.275222</ele>
        <time>2026-03-14T02:30:34.857Z</time>
      </trkpt>
      <trkpt lat="45.717860" lon="4.605760">
        <ele>568.706820</ele>
        <time>2026-03-14T02:30:37.880Z</time>
      </trkpt>
      <trkpt lat="45.717916" lon="4.605780">
        <ele>569.169334</ele>
        <time>2026-03-14T02:30:42.232Z</time>
      </trkpt>
      <trkpt lat="45.717958" lon="4.605614">
        <ele>570.157236</ele>
        <time>2026-03-14T02:30:49.753Z</time>
      </trkpt>
      <trkpt lat="45.718045" lon="4.605465">
        <ele>571.244024</ele>
        <time>2026-03-14T02:30:58.440Z</time>
      </trkpt>
      <trkpt lat="45.718075" lon="4.605533">
        <ele>571.694087</ele>
        <time>2026-03-14T02:31:03.166Z</time>
      </trkpt>
      <trkpt lat="45.718046" lon="4.605671">
        <ele>572.500434</ele>
        <time>2026-03-14T02:31:10.958Z</time>
      </trkpt>
      <trkpt lat="45.718608" lon="4.606138">
        <ele>581.698027</ele>
        <time>2026-03-14T02:32:11.599Z</time>
      </trkpt>
      <trkpt lat="45.718646" lon="4.606109">
        <ele>582.478926</ele>
        <time>2026-03-14T02:32:16.034Z</time>
      </trkpt>
      <trkpt lat="45.718772" lon="4.606068">
        <ele>584.822317</ele>
        <time>2026-03-14T02:32:29.454Z</time>
      </trkpt>
      <trkpt lat="45.718829" lon="4.605994">
        <ele>586.217543</ele>
        <time>2026-03-14T02:32:37.460Z</time>
      </trkpt>
      <trkpt lat="45.718958" lon="4.605979">
        <ele>588.564809</ele>
        <time>2026-03-14T02:32:50.906Z</time>
      </trkpt>
      <trkpt lat="45.719428" lon="4.606097">
        <ele>597.218778</ele>
        <time>2026-03-14T02:33:43.205Z</time>
      </trkpt>
      <trkpt lat="45.719670" lon="4.606163">
        <ele>601.686590</ele>
        <time>2026-03-14T02:34:12.056Z</time>
      </trkpt>
      <trkpt lat="45.719884" lon="4.606396">
        <ele>606.561770</ele>
        <time>2026-03-14T02:34:45.033Z</time>
      </trkpt>
      <trkpt lat="45.719944" lon="4.606586">
        <ele>609.723845</ele>
        <time>2026-03-14T02:35:03.761Z</time>
      </trkpt>
      <trkpt lat="45.720134" lon="4.606755">
        <ele>614.820411</ele>
        <time>2026-03-14T02:35:33.344Z</time>
      </trkpt>
      <trkpt lat="45.720283" lon="4.606787">
        <ele>618.253721</ele>
        <time>2026-03-14T02:35:53.831Z</time>
      </trkpt>
      <trkpt lat="45.720444" lon="4.606916">
        <ele>622.457544</ele>
        <time>2026-03-14T02:36:19.410Z</time>
      </trkpt>
      <trkpt lat="45.720597" lon="4.606922">
        <ele>625.945355</ele>
        <time>2026-03-14T02:36:40.908Z</time>
      </trkpt>
      <trkpt lat="45.720720" lon="4.606821">
        <ele>629.176154</ele>
        <time>2026-03-14T02:37:01.360Z</time>
      </trkpt>
      <trkpt lat="45.720895" lon="4.606500">
        <ele>635.655587</ele>
        <time>2026-03-14T02:37:42.577Z</time>
      </trkpt>
      <trkpt lat="45.721031" lon="4.606413">
        <ele>639.049738</ele>
        <time>2026-03-14T02:38:02.800Z</time>
      </trkpt>
      <trkpt lat="45.721439" lon="4.606346">
        <ele>648.353031</ele>
        <time>2026-03-14T02:38:53.937Z</time>
      </trkpt>
      <trkpt lat="45.721467" lon="4.606342">
        <ele>648.854880</ele>
        <time>2026-03-14T02:38:57.189Z</time>
      </trkpt>
      <trkpt lat="45.721772" lon="4.606111">
        <ele>655.008070</ele>
        <time>2026-03-14T02:39:32.632Z</time>
      </trkpt>
      <trkpt lat="45.721698" lon="4.606013">
        <ele>656.805488</ele>
        <time>2026-03-14T02:39:41.902Z</time>
      </trkpt>
      <trkpt lat="45.721574" lon="4.605671">
        <ele>661.603817</ele>
        <time>2026-03-14T02:40:07.432Z</time>
      </trkpt>
      <trkpt lat="45.721353" lon="4.604611">
        <ele>675.378094</ele>
        <time>2026-03-14T02:41:20.949Z</time>
      </trkpt>
      <trkpt lat="45.722489" lon="4.604993">
        <ele>701.514268</ele>
        <time>2026-03-14T02:43:50.188Z</time>
      </trkpt>
      <trkpt lat="45.723207" lon="4.605326">
        <ele>719.466230</ele>
        <time>2026-03-14T02:45:43.526Z</time>
      </trkpt>
      <trkpt lat="45.723560" lon="4.605334">
        <ele>727.213863</ele>
        <time>2026-03-14T02:46:33.586Z</time>
      </trkpt>
      <trkpt lat="45.724111" lon="4.604794">
        <ele>740.963952</ele>
        <time>2026-03-14T02:48:02.193Z</time>
      </trkpt>
      <trkpt lat="45.724215" lon="4.604589">
        <ele>744.607544</ele>
        <time>2026-03-14T02:48:24.009Z</time>
      </trkpt>
      <trkpt lat="45.724219" lon="4.604356">
        <ele>747.958652</ele>
        <time>2026-03-14T02:48:42.990Z</time>
      </trkpt>
      <trkpt lat="45.724022" lon="4.603918">
        <ele>755.450113</ele>
        <time>2026-03-14T02:49:22.147Z</time>
      </trkpt>
      <trkpt lat="45.724017" lon="4.603638">
        <ele>759.477310</ele>
        <time>2026-03-14T02:49:41.103Z</time>
      </trkpt>
      <trkpt lat="45.724050" lon="4.603460">
        <ele>760.725282</ele>
        <time>2026-03-14T02:49:52.740Z</time>
      </trkpt>
      <trkpt lat="45.724191" lon="4.603302">
        <ele>761.910700</ele>
        <time>2026-03-14T02:50:08.014Z</time>
      </trkpt>
      <trkpt lat="45.724641" lon="4.603114">
        <ele>765.014645</ele>
        <time>2026-03-14T02:50:42.430Z</time>
      </trkpt>
      <trkpt lat="45.724924" lon="4.602877">
        <ele>767.185365</ele>
        <time>2026-03-14T02:51:03.134Z</time>
      </trkpt>
      <trkpt lat="45.725266" lon="4.602832">
        <ele>769.459545</ele>
        <time>2026-03-14T02:51:22.792Z</time>
      </trkpt>
      <trkpt lat="45.725493" lon="4.602857">
        <ele>770.967123</ele>
        <time>2026-03-14T02:51:34.771Z</time>
      </trkpt>
      <trkpt lat="45.726210" lon="4.603145">
        <ele>769.079515</ele>
        <time>2026-03-14T02:52:08.534Z</time>
      </trkpt>
      <trkpt lat="45.726407" lon="4.603599">
        <ele>767.258948</ele>
        <time>2026-03-14T02:52:21.920Z</time>
      </trkpt>
      <trkpt lat="45.726440" lon="4.603691">
        <ele>766.906679</ele>
        <time>2026-03-14T02:52:24.553Z</time>
      </trkpt>
      <trkpt lat="45.726422" lon="4.604248">
        <ele>765.007655</ele>
        <time>2026-03-14T02:52:38.240Z</time>
      </trkpt>
      <trkpt lat="45.726441" lon="4.604640">
        <ele>763.669394</ele>
        <time>2026-03-14T02:52:47.740Z</time>
      </trkpt>
      <trkpt lat="45.726518" lon="4.605071">
        <ele>761.340281</ele>
        <time>2026-03-14T02:52:58.368Z</time>
      </trkpt>
      <trkpt lat="45.726737" lon="4.606037">
        <ele>755.181394</ele>
        <time>2026-03-14T02:53:22.982Z</time>
      </trkpt>
      <trkpt lat="45.726739" lon="4.606045">
        <ele>755.129866</ele>
        <time>2026-03-14T02:53:23.192Z</time>
      </trkpt>
      <trkpt lat="45.726847" lon="4.606361">
        <ele>752.996351</ele>
        <time>2026-03-14T02:53:31.779Z</time>
      </trkpt>
      <trkpt lat="45.727062" lon="4.606806">
        <ele>749.714675</ele>
        <time>2026-03-14T02:53:44.487Z</time>
      </trkpt>
      <trkpt lat="45.727067" lon="4.607074">
        <ele>748.088982</ele>
        <time>2026-03-14T02:53:50.562Z</time>
      </trkpt>
      <trkpt lat="45.727047" lon="4.607231">
        <ele>746.932961</ele>
        <time>2026-03-14T02:53:54.153Z</time>
      </trkpt>
      <trkpt lat="45.726948" lon="4.607736">
        <ele>742.427038</ele>
        <time>2026-03-14T02:54:05.951Z</time>
      </trkpt>
      <trkpt lat="45.726863" lon="4.608062">
        <ele>739.437626</ele>
        <time>2026-03-14T02:54:13.783Z</time>
      </trkpt>
      <trkpt lat="45.726811" lon="4.608176">
        <ele>738.267801</ele>
        <time>2026-03-14T02:54:16.825Z</time>
      </trkpt>
      <trkpt lat="45.726639" lon="4.608383">
        <ele>735.503404</ele>
        <time>2026-03-14T02:54:24.016Z</time>
      </trkpt>
      <trkpt lat="45.726502" lon="4.608617">
        <ele>732.879880</ele>
        <time>2026-03-14T02:54:30.861Z</time>
      </trkpt>
      <trkpt lat="45.726173" lon="4.609770">
        <ele>722.915345</ele>
        <time>2026-03-14T02:54:58.948Z</time>
      </trkpt>
      <trkpt lat="45.726160" lon="4.609910">
        <ele>721.975892</ele>
        <time>2026-03-14T02:55:02.269Z</time>
      </trkpt>
      <trkpt lat="45.726182" lon="4.609988">
        <ele>721.416304</ele>
        <time>2026-03-14T02:55:04.265Z</time>
      </trkpt>
      <trkpt lat="45.726233" lon="4.610052">
        <ele>720.770248</ele>
        <time>2026-03-14T02:55:06.561Z</time>
      </trkpt>
      <trkpt lat="45.726489" lon="4.610187">
        <ele>718.170893</ele>
        <time>2026-03-14T02:55:15.918Z</time>
      </trkpt>
      <trkpt lat="45.726587" lon="4.610159">
        <ele>717.218699</ele>
        <time>2026-03-14T02:55:19.348Z</time>
      </trkpt>
      <trkpt lat="45.727276" lon="4.609513">
        <ele>709.372303</ele>
        <time>2026-03-14T02:55:47.006Z</time>
      </trkpt>
      <trkpt lat="45.727471" lon="4.609401">
        <ele>707.953015</ele>
        <time>2026-03-14T02:55:53.847Z</time>
      </trkpt>
      <trkpt lat="45.727549" lon="4.609385">
        <ele>707.672194</ele>
        <time>2026-03-14T02:55:56.466Z</time>
      </trkpt>
      <trkpt lat="45.727778" lon="4.609428">
        <ele>706.849075</ele>
        <time>2026-03-14T02:56:04.170Z</time>
      </trkpt>
      <trkpt lat="45.727977" lon="4.609566">
        <ele>706.061126</ele>
        <time>2026-03-14T02:56:11.800Z</time>
      </trkpt>
      <trkpt lat="45.728221" lon="4.609967">
        <ele>704.737702</ele>
        <time>2026-03-14T02:56:25.197Z</time>
      </trkpt>
      <trkpt lat="45.728393" lon="4.610151">
        <ele>703.972648</ele>
        <time>2026-03-14T02:56:33.336Z</time>
      </trkpt>
      <trkpt lat="45.728889" lon="4.610288">
        <ele>702.172387</ele>
        <time>2026-03-14T02:56:54.697Z</time>
      </trkpt>
      <trkpt lat="45.728890" lon="4.610289">
        <ele>702.168041</ele>
        <time>2026-03-14T02:56:54.752Z</time>
      </trkpt>
      <trkpt lat="45.729154" lon="4.610476">
        <ele>703.903098</ele>
        <time>2026-03-14T02:57:09.655Z</time>
      </trkpt>
      <trkpt lat="45.729363" lon="4.610566">
        <ele>705.929191</ele>
        <time>2026-03-14T02:57:22.316Z</time>
      </trkpt>
      <trkpt lat="45.729703" lon="4.610581">
        <ele>709.087200</ele>
        <time>2026-03-14T02:57:44.009Z</time>
      </trkpt>
      <trkpt lat="45.730386" lon="4.610297">
        <ele>715.689776</ele>
        <time>2026-03-14T02:58:32.887Z</time>
      </trkpt>
      <trkpt lat="45.730523" lon="4.610229">
        <ele>717.035842</ele>
        <time>2026-03-14T02:58:43.328Z</time>
      </trkpt>
      <trkpt lat="45.730675" lon="4.610105">
        <ele>718.695764</ele>
        <time>2026-03-14T02:58:56.213Z</time>
      </trkpt>
      <trkpt lat="45.730775" lon="4.609952">
        <ele>720.747938</ele>
        <time>2026-03-14T02:59:07.166Z</time>
      </trkpt>
      <trkpt lat="45.731021" lon="4.609242">
        <ele>728.508689</ele>
        <time>2026-03-14T02:59:50.009Z</time>
      </trkpt>
      <trkpt lat="45.730866" lon="4.608326">
        <ele>737.736851</ele>
        <time>2026-03-14T03:00:52.334Z</time>
      </trkpt>
      <trkpt lat="45.730528" lon="4.607635">
        <ele>745.973942</ele>
        <time>2026-03-14T03:01:46.895Z</time>
      </trkpt>
      <trkpt lat="45.730247" lon="4.606817">
        <ele>754.801306</ele>
        <time>2026-03-14T03:02:42.366Z</time>
      </trkpt>
      <trkpt lat="45.729990" lon="4.605836">
        <ele>764.946734</ele>
        <time>2026-03-14T03:03:47.551Z</time>
      </trkpt>
      <trkpt lat="45.729857" lon="4.605548">
        <ele>768.290311</ele>
        <time>2026-03-14T03:04:10.090Z</time>
      </trkpt>
      <trkpt lat="45.729821" lon="4.605377">
        <ele>770.078397</ele>
        <time>2026-03-14T03:04:21.935Z</time>
      </trkpt>
      <trkpt lat="45.729649" lon="4.604892">
        <ele>775.592538</ele>
        <time>2026-03-14T03:04:58.615Z</time>
      </trkpt>
      <trkpt lat="45.729515" lon="4.604628">
        <ele>778.901159</ele>
        <time>2026-03-14T03:05:20.940Z</time>
      </trkpt>
      <trkpt lat="45.729249" lon="4.604274">
        <ele>784.173246</ele>
        <time>2026-03-14T03:05:56.459Z</time>
      </trkpt>
      <trkpt lat="45.729017" lon="4.604078">
        <ele>788.084285</ele>
        <time>2026-03-14T03:06:22.210Z</time>
      </trkpt>
      <trkpt lat="45.728724" lon="4.603770">
        <ele>793.361479</ele>
        <time>2026-03-14T03:06:55.043Z</time>
      </trkpt>
      <trkpt lat="45.728363" lon="4.603345">
        <ele>798.491002</ele>
        <time>2026-03-14T03:07:34.009Z</time>
      </trkpt>
      <trkpt lat="45.727927" lon="4.602762">
        <ele>804.426710</ele>
        <time>2026-03-14T03:08:18.785Z</time>
      </trkpt>
      <trkpt lat="45.727692" lon="4.602403">
        <ele>807.845804</ele>
        <time>2026-03-14T03:08:44.092Z</time>
      </trkpt>
      <trkpt lat="45.727321" lon="4.602006">
        <ele>812.454467</ele>
        <time>2026-03-14T03:09:18.542Z</time>
      </trkpt>
      <trkpt lat="45.727282" lon="4.601852">
        <ele>813.140058</ele>
        <time>2026-03-14T03:09:26.587Z</time>
      </trkpt>
      <trkpt lat="45.727294" lon="4.601670">
        <ele>813.698451</ele>
        <time>2026-03-14T03:09:35.321Z</time>
      </trkpt>
      <trkpt lat="45.727498" lon="4.601229">
        <ele>815.314392</ele>
        <time>2026-03-14T03:09:59.423Z</time>
      </trkpt>
      <trkpt lat="45.727715" lon="4.600923">
        <ele>816.646747</ele>
        <time>2026-03-14T03:10:18.057Z</time>
      </trkpt>
      <trkpt lat="45.728221" lon="4.600850">
        <ele>818.872002</ele>
        <time>2026-03-14T03:10:46.615Z</time>
      </trkpt>
      <trkpt lat="45.728673" lon="4.600675">
        <ele>820.282036</ele>
        <time>2026-03-14T03:11:10.545Z</time>
      </trkpt>
      <trkpt lat="45.729134" lon="4.600562">
        <ele>817.407280</ele>
        <time>2026-03-14T03:11:31.593Z</time>
      </trkpt>
      <trkpt lat="45.729414" lon="4.600454">
        <ele>815.624945</ele>
        <time>2026-03-14T03:11:43.791Z</time>
      </trkpt>
      <trkpt lat="45.729770" lon="4.600463">
        <ele>813.436421</ele>
        <time>2026-03-14T03:11:58.227Z</time>
      </trkpt>
      <trkpt lat="45.730069" lon="4.600624">
        <ele>811.473059</ele>
        <time>2026-03-14T03:12:10.858Z</time>
      </trkpt>
      <trkpt lat="45.730326" lon="4.600847">
        <ele>809.626219</ele>
        <time>2026-03-14T03:12:22.495Z</time>
      </trkpt>
      <trkpt lat="45.730536" lon="4.601087">
        <ele>807.857215</ele>
        <time>2026-03-14T03:12:32.735Z</time>
      </trkpt>
      <trkpt lat="45.730664" lon="4.601291">
        <ele>806.594977</ele>
        <time>2026-03-14T03:12:39.991Z</time>
      </trkpt>
      <trkpt lat="45.731094" lon="4.601814">
        <ele>802.876458</ele>
        <time>2026-03-14T03:13:02.067Z</time>
      </trkpt>
      <trkpt lat="45.731140" lon="4.601942">
        <ele>802.213975</ele>
        <time>2026-03-14T03:13:06.225Z</time>
      </trkpt>
      <trkpt lat="45.731219" lon="4.602062">
        <ele>801.454937</ele>
        <time>2026-03-14T03:13:11.021Z</time>
      </trkpt>
      <trkpt lat="45.731221" lon="4.602065">
        <ele>801.435848</ele>
        <time>2026-03-14T03:13:11.137Z</time>
      </trkpt>
      <trkpt lat="45.731317" lon="4.602298">
        <ele>800.190834</ele>
        <time>2026-03-14T03:13:19.318Z</time>
      </trkpt>
      <trkpt lat="45.731828" lon="4.603308">
        <ele>800.577466</ele>
        <time>2026-03-14T03:14:01.568Z</time>
      </trkpt>
      <trkpt lat="45.732329" lon="4.603841">
        <ele>804.120622</ele>
        <time>2026-03-14T03:14:40.737Z</time>
      </trkpt>
      <trkpt lat="45.733262" lon="4.604444">
        <ele>810.411241</ele>
        <time>2026-03-14T03:16:01.035Z</time>
      </trkpt>
      <trkpt lat="45.733897" lon="4.604611">
        <ele>814.965095</ele>
        <time>2026-03-14T03:16:51.969Z</time>
      </trkpt>
      <trkpt lat="45.734409" lon="4.604570">
        <ele>818.582159</ele>
        <time>2026-03-14T03:17:24.128Z</time>
      </trkpt>
      <trkpt lat="45.734671" lon="4.604517">
        <ele>820.448523</ele>
        <time>2026-03-14T03:17:38.180Z</time>
      </trkpt>
      <trkpt lat="45.735052" lon="4.604440">
        <ele>819.252822</ele>
        <time>2026-03-14T03:17:56.438Z</time>
      </trkpt>
      <trkpt lat="45.735584" lon="4.604500">
        <ele>817.178944</ele>
        <time>2026-03-14T03:18:19.465Z</time>
      </trkpt>
      <trkpt lat="45.736225" lon="4.604666">
        <ele>814.647495</ele>
        <time>2026-03-14T03:18:45.891Z</time>
      </trkpt>
      <trkpt lat="45.736613" lon="4.604407">
        <ele>813.669595</ele>
        <time>2026-03-14T03:19:04.226Z</time>
      </trkpt>
      <trkpt lat="45.736726" lon="4.604389">
        <ele>813.681412</ele>
        <time>2026-03-14T03:19:09.398Z</time>
      </trkpt>
      <trkpt lat="45.736812" lon="4.604540">
        <ele>813.695550</ele>
        <time>2026-03-14T03:19:15.686Z</time>
      </trkpt>
      <trkpt lat="45.737016" lon="4.604626">
        <ele>813.717651</ele>
        <time>2026-03-14T03:19:25.828Z</time>
      </trkpt>
      <trkpt lat="45.737395" lon="4.604311">
        <ele>813.763189</ele>
        <time>2026-03-14T03:19:48.016Z</time>
      </trkpt>
      <trkpt lat="45.737667" lon="4.603974">
        <ele>813.800562</ele>
        <time>2026-03-14T03:20:07.358Z</time>
      </trkpt>
      <trkpt lat="45.737791" lon="4.603604">
        <ele>813.830335</ele>
        <time>2026-03-14T03:20:23.315Z</time>
      </trkpt>
      <trkpt lat="45.737963" lon="4.602150">
        <ele>814.113247</ele>
        <time>2026-03-14T03:21:17.762Z</time>
      </trkpt>
      <trkpt lat="45.738079" lon="4.602272">
        <ele>814.154879</ele>
        <time>2026-03-14T03:21:23.724Z</time>
      </trkpt>
      <trkpt lat="45.738095" lon="4.602160">
        <ele>814.177963</ele>
        <time>2026-03-14T03:21:27.572Z</time>
      </trkpt>
      <trkpt lat="45.738642" lon="4.601802">
        <ele>814.351948</ele>
        <time>2026-03-14T03:21:55.382Z</time>
      </trkpt>
      <trkpt lat="45.738887" lon="4.601721">
        <ele>813.634361</ele>
        <time>2026-03-14T03:22:06.318Z</time>
      </trkpt>
      <trkpt lat="45.739001" lon="4.601625">
        <ele>813.212001</ele>
        <time>2026-03-14T03:22:12.061Z</time>
      </trkpt>
      <trkpt lat="45.739074" lon="4.601496">
        <ele>812.841777</ele>
        <time>2026-03-14T03:22:17.030Z</time>
      </trkpt>
      <trkpt lat="45.739095" lon="4.601327">
        <ele>812.459109</ele>
        <time>2026-03-14T03:22:22.214Z</time>
      </trkpt>
      <trkpt lat="45.738995" lon="4.600748">
        <ele>811.129441</ele>
        <time>2026-03-14T03:22:40.270Z</time>
      </trkpt>
      <trkpt lat="45.738997" lon="4.600490">
        <ele>810.554259</ele>
        <time>2026-03-14T03:22:48.201Z</time>
      </trkpt>
      <trkpt lat="45.739068" lon="4.599933">
        <ele>809.292027</ele>
        <time>2026-03-14T03:23:05.896Z</time>
      </trkpt>
      <trkpt lat="45.739219" lon="4.599443">
        <ele>808.744655</ele>
        <time>2026-03-14T03:23:23.118Z</time>
      </trkpt>
      <trkpt lat="45.739473" lon="4.598881">
        <ele>809.122521</ele>
        <time>2026-03-14T03:23:46.920Z</time>
      </trkpt>
      <trkpt lat="45.739949" lon="4.598132">
        <ele>809.694214</ele>
        <time>2026-03-14T03:24:24.955Z</time>
      </trkpt>
      <trkpt lat="45.740393" lon="4.597715">
        <ele>810.271191</ele>
        <time>2026-03-14T03:24:51.083Z</time>
      </trkpt>
      <trkpt lat="45.740574" lon="4.597537">
        <ele>810.924919</ele>
        <time>2026-03-14T03:25:01.174Z</time>
      </trkpt>
      <trkpt lat="45.740579" lon="4.597532">
        <ele>810.943075</ele>
        <time>2026-03-14T03:25:01.467Z</time>
      </trkpt>
      <trkpt lat="45.740710" lon="4.597354">
        <ele>811.480686</ele>
        <time>2026-03-14T03:25:10.090Z</time>
      </trkpt>
      <trkpt lat="45.741035" lon="4.597038">
        <ele>812.650271</ele>
        <time>2026-03-14T03:25:30.028Z</time>
      </trkpt>
      <trkpt lat="45.741112" lon="4.597095">
        <ele>812.908358</ele>
        <time>2026-03-14T03:25:34.759Z</time>
      </trkpt>
      <trkpt lat="45.741147" lon="4.596656">
        <ele>813.826641</ele>
        <time>2026-03-14T03:25:52.103Z</time>
      </trkpt>
      <trkpt lat="45.741112" lon="4.597095">
        <ele>814.744924</ele>
        <time>2026-03-14T03:26:10.230Z</time>
      </trkpt>
      <trkpt lat="45.741038" lon="4.597683">
        <ele>816.481141</ele>
        <time>2026-03-14T03:26:36.615Z</time>
      </trkpt>
      <trkpt lat="45.741021" lon="4.597815">
        <ele>817.005508</ele>
        <time>2026-03-14T03:26:42.947Z</time>
      </trkpt>
      <trkpt lat="45.741048" lon="4.598243">
        <ele>818.684313</ele>
        <time>2026-03-14T03:27:04.718Z</time>
      </trkpt>
      <trkpt lat="45.740988" lon="4.598579">
        <ele>820.039187</ele>
        <time>2026-03-14T03:27:23.588Z</time>
      </trkpt>
      <trkpt lat="45.740767" lon="4.599068">
        <ele>822.315040</ele>
        <time>2026-03-14T03:27:50.574Z</time>
      </trkpt>
      <trkpt lat="45.740723" lon="4.599299">
        <ele>823.250455</ele>
        <time>2026-03-14T03:28:00.460Z</time>
      </trkpt>
      <trkpt lat="45.740713" lon="4.599645">
        <ele>824.603275</ele>
        <time>2026-03-14T03:28:13.460Z</time>
      </trkpt>
      <trkpt lat="45.740663" lon="4.600005">
        <ele>825.036417</ele>
        <time>2026-03-14T03:28:26.168Z</time>
      </trkpt>
      <trkpt lat="45.740737" lon="4.600451">
        <ele>823.537227</ele>
        <time>2026-03-14T03:28:41.195Z</time>
      </trkpt>
      <trkpt lat="45.740727" lon="4.600787">
        <ele>822.437419</ele>
        <time>2026-03-14T03:28:51.859Z</time>
      </trkpt>
      <trkpt lat="45.740845" lon="4.601271">
        <ele>820.760813</ele>
        <time>2026-03-14T03:29:07.053Z</time>
      </trkpt>
      <trkpt lat="45.740934" lon="4.601632">
        <ele>819.508756</ele>
        <time>2026-03-14T03:29:17.954Z</time>
      </trkpt>
      <trkpt lat="45.741276" lon="4.601979">
        <ele>817.545115</ele>
        <time>2026-03-14T03:29:34.800Z</time>
      </trkpt>
      <trkpt lat="45.741460" lon="4.602165">
        <ele>815.719445</ele>
        <time>2026-03-14T03:29:43.726Z</time>
      </trkpt>
      <trkpt lat="45.741526" lon="4.602385">
        <ele>813.885811</ele>
        <time>2026-03-14T03:29:50.383Z</time>
      </trkpt>
      <trkpt lat="45.741551" lon="4.602607">
        <ele>812.163924</ele>
        <time>2026-03-14T03:29:56.650Z</time>
      </trkpt>
      <trkpt lat="45.741467" lon="4.603164">
        <ele>807.800417</ele>
        <time>2026-03-14T03:30:12.373Z</time>
      </trkpt>
      <trkpt lat="45.741487" lon="4.603735">
        <ele>803.422646</ele>
        <time>2026-03-14T03:30:27.558Z</time>
      </trkpt>
      <trkpt lat="45.741614" lon="4.604287">
        <ele>798.972111</ele>
        <time>2026-03-14T03:30:42.965Z</time>
      </trkpt>
      <trkpt lat="45.742120" lon="4.605157">
        <ele>786.454848</ele>
        <time>2026-03-14T03:31:12.717Z</time>
      </trkpt>
      <trkpt lat="45.742570" lon="4.605613">
        <ele>777.099617</ele>
        <time>2026-03-14T03:31:33.301Z</time>
      </trkpt>
      <trkpt lat="45.743157" lon="4.605825">
        <ele>766.824390</ele>
        <time>2026-03-14T03:31:55.961Z</time>
      </trkpt>
      <trkpt lat="45.743933" lon="4.606448">
        <ele>751.963828</ele>
        <time>2026-03-14T03:32:29.241Z</time>
      </trkpt>
      <trkpt lat="45.744918" lon="4.607102">
        <ele>735.245638</ele>
        <time>2026-03-14T03:33:10.127Z</time>
      </trkpt>
      <trkpt lat="45.744982" lon="4.607144">
        <ele>734.640010</ele>
        <time>2026-03-14T03:33:12.788Z</time>
      </trkpt>
      <trkpt lat="45.745364" lon="4.607687">
        <ele>730.010699</ele>
        <time>2026-03-14T03:33:33.160Z</time>
      </trkpt>
      <trkpt lat="45.745518" lon="4.608038">
        <ele>727.521384</ele>
        <time>2026-03-14T03:33:44.651Z</time>
      </trkpt>
      <trkpt lat="45.746016" lon="4.608945">
        <ele>721.541585</ele>
        <time>2026-03-14T03:34:20.115Z</time>
      </trkpt>
      <trkpt lat="45.746085" lon="4.609192">
        <ele>722.160097</ele>
        <time>2026-03-14T03:34:27.519Z</time>
      </trkpt>
      <trkpt lat="45.746388" lon="4.609822">
        <ele>723.938832</ele>
        <time>2026-03-14T03:34:50.498Z</time>
      </trkpt>
      <trkpt lat="45.746390" lon="4.609828">
        <ele>723.954290</ele>
        <time>2026-03-14T03:34:50.708Z</time>
      </trkpt>
      <trkpt lat="45.746702" lon="4.610351">
        <ele>725.553841</ele>
        <time>2026-03-14T03:35:15.599Z</time>
      </trkpt>
      <trkpt lat="45.747492" lon="4.611218">
        <ele>732.751189</ele>
        <time>2026-03-14T03:36:11.711Z</time>
      </trkpt>
      <trkpt lat="45.747596" lon="4.611303">
        <ele>734.117726</ele>
        <time>2026-03-14T03:36:19.308Z</time>
      </trkpt>
      <trkpt lat="45.747640" lon="4.611373">
        <ele>734.868104</ele>
        <time>2026-03-14T03:36:23.706Z</time>
      </trkpt>
      <trkpt lat="45.747677" lon="4.611431">
        <ele>735.494010</ele>
        <time>2026-03-14T03:36:27.302Z</time>
      </trkpt>
      <trkpt lat="45.747596" lon="4.611431">
        <ele>736.418536</ele>
        <time>2026-03-14T03:36:33.762Z</time>
      </trkpt>
      <trkpt lat="45.747365" lon="4.611314">
        <ele>739.214987</ele>
        <time>2026-03-14T03:36:54.232Z</time>
      </trkpt>
      <trkpt lat="45.747238" lon="4.611295">
        <ele>740.672431</ele>
        <time>2026-03-14T03:37:05.337Z</time>
      </trkpt>
      <trkpt lat="45.746711" lon="4.611417">
        <ele>746.765541</ele>
        <time>2026-03-14T03:37:54.348Z</time>
      </trkpt>
      <trkpt lat="45.746291" lon="4.611574">
        <ele>752.907170</ele>
        <time>2026-03-14T03:38:37.706Z</time>
      </trkpt>
      <trkpt lat="45.745262" lon="4.611655">
        <ele>768.231110</ele>
        <time>2026-03-14T03:40:20.912Z</time>
      </trkpt>
      <trkpt lat="45.744756" lon="4.611498">
        <ele>775.094556</ele>
        <time>2026-03-14T03:41:06.231Z</time>
      </trkpt>
      <trkpt lat="45.744370" lon="4.611279">
        <ele>777.549579</ele>
        <time>2026-03-14T03:41:36.617Z</time>
      </trkpt>
      <trkpt lat="45.744126" lon="4.611272">
        <ele>778.992766</ele>
        <time>2026-03-14T03:41:51.982Z</time>
      </trkpt>
      <trkpt lat="45.743901" lon="4.611079">
        <ele>780.543482</ele>
        <time>2026-03-14T03:42:07.233Z</time>
      </trkpt>
      <trkpt lat="45.743762" lon="4.611058">
        <ele>781.370017</ele>
        <time>2026-03-14T03:42:14.954Z</time>
      </trkpt>
      <trkpt lat="45.743309" lon="4.611078">
        <ele>784.050110</ele>
        <time>2026-03-14T03:42:39.055Z</time>
      </trkpt>
      <trkpt lat="45.743160" lon="4.611211">
        <ele>785.088199</ele>
        <time>2026-03-14T03:42:48.228Z</time>
      </trkpt>
      <trkpt lat="45.742901" lon="4.611345">
        <ele>786.488402</ele>
        <time>2026-03-14T03:43:02.782Z</time>
      </trkpt>
      <trkpt lat="45.742560" lon="4.611429">
        <ele>788.230743</ele>
        <time>2026-03-14T03:43:20.500Z</time>
      </trkpt>
      <trkpt lat="45.741968" lon="4.611630">
        <ele>791.294385</ele>
        <time>2026-03-14T03:43:51.892Z</time>
      </trkpt>
      <trkpt lat="45.741960" lon="4.611630">
        <ele>791.334671</ele>
        <time>2026-03-14T03:43:52.350Z</time>
      </trkpt>
      <trkpt lat="45.741824" lon="4.611638">
        <ele>792.020094</ele>
        <time>2026-03-14T03:44:00.931Z</time>
      </trkpt>
      <trkpt lat="45.741670" lon="4.611982">
        <ele>793.456373</ele>
        <time>2026-03-14T03:44:21.453Z</time>
      </trkpt>
      <trkpt lat="45.741544" lon="4.612196">
        <ele>795.023987</ele>
        <time>2026-03-14T03:44:37.834Z</time>
      </trkpt>
      <trkpt lat="45.741473" lon="4.612295">
        <ele>796.953897</ele>
        <time>2026-03-14T03:44:46.561Z</time>
      </trkpt>
      <trkpt lat="45.741544" lon="4.612196">
        <ele>798.883808</ele>
        <time>2026-03-14T03:44:55.514Z</time>
      </trkpt>
      <trkpt lat="45.741465" lon="4.611428">
        <ele>809.437842</ele>
        <time>2026-03-14T03:45:50.883Z</time>
      </trkpt>
      <trkpt lat="45.741378" lon="4.611203">
        <ele>812.934923</ele>
        <time>2026-03-14T03:46:12.555Z</time>
      </trkpt>
      <trkpt lat="45.741384" lon="4.610998">
        <ele>815.724426</ele>
        <time>2026-03-14T03:46:31.596Z</time>
      </trkpt>
      <trkpt lat="45.741187" lon="4.610793">
        <ele>820.467342</ele>
        <time>2026-03-14T03:47:06.555Z</time>
      </trkpt>
      <trkpt lat="45.740983" lon="4.610886">
        <ele>824.637647</ele>
        <time>2026-03-14T03:47:38.432Z</time>
      </trkpt>
      <trkpt lat="45.740787" lon="4.610726">
        <ele>829.031992</ele>
        <time>2026-03-14T03:48:10.591Z</time>
      </trkpt>
      <trkpt lat="45.740683" lon="4.610553">
        <ele>831.268251</ele>
        <time>2026-03-14T03:48:32.162Z</time>
      </trkpt>
      <trkpt lat="45.740748" lon="4.610454">
        <ele>832.555540</ele>
        <time>2026-03-14T03:48:44.580Z</time>
      </trkpt>
      <trkpt lat="45.740296" lon="4.610016">
        <ele>839.960230</ele>
        <time>2026-03-14T03:49:47.133Z</time>
      </trkpt>
      <trkpt lat="45.740201" lon="4.609691">
        <ele>843.297290</ele>
        <time>2026-03-14T03:50:10.131Z</time>
      </trkpt>
      <trkpt lat="45.740092" lon="4.608857">
        <ele>851.333211</ele>
        <time>2026-03-14T03:50:51.381Z</time>
      </trkpt>
      <trkpt lat="45.740193" lon="4.608611">
        <ele>853.568854</ele>
        <time>2026-03-14T03:51:01.986Z</time>
      </trkpt>
      <trkpt lat="45.740080" lon="4.608170">
        <ele>852.130251</ele>
        <time>2026-03-14T03:51:17.294Z</time>
      </trkpt>
      <trkpt lat="45.739978" lon="4.607771">
        <ele>850.829015</ele>
        <time>2026-03-14T03:51:30.074Z</time>
      </trkpt>
      <trkpt lat="45.739962" lon="4.607526">
        <ele>850.075479</ele>
        <time>2026-03-14T03:51:37.207Z</time>
      </trkpt>
      <trkpt lat="45.739860" lon="4.607180">
        <ele>848.925285</ele>
        <time>2026-03-14T03:51:47.878Z</time>
      </trkpt>
      <trkpt lat="45.739712" lon="4.606888">
        <ele>847.820171</ele>
        <time>2026-03-14T03:51:58.047Z</time>
      </trkpt>
      <trkpt lat="45.739480" lon="4.607128">
        <ele>846.564627</ele>
        <time>2026-03-14T03:52:09.741Z</time>
      </trkpt>
      <trkpt lat="45.739282" lon="4.607435">
        <ele>845.054032</ele>
        <time>2026-03-14T03:52:21.995Z</time>
      </trkpt>
      <trkpt lat="45.739207" lon="4.607703">
        <ele>843.767414</ele>
        <time>2026-03-14T03:52:30.578Z</time>
      </trkpt>
      <trkpt lat="45.739227" lon="4.607980">
        <ele>842.526530</ele>
        <time>2026-03-14T03:52:38.923Z</time>
      </trkpt>
      <trkpt lat="45.739227" lon="4.608657">
        <ele>839.509855</ele>
        <time>2026-03-14T03:52:59.272Z</time>
      </trkpt>
      <trkpt lat="45.739188" lon="4.609061">
        <ele>837.692514</ele>
        <time>2026-03-14T03:53:11.469Z</time>
      </trkpt>
      <trkpt lat="45.739044" lon="4.609408">
        <ele>835.893615</ele>
        <time>2026-03-14T03:53:23.305Z</time>
      </trkpt>
      <trkpt lat="45.738788" lon="4.609578">
        <ele>833.841053</ele>
        <time>2026-03-14T03:53:34.765Z</time>
      </trkpt>
      <trkpt lat="45.738654" lon="4.609727">
        <ele>831.495440</ele>
        <time>2026-03-14T03:53:41.464Z</time>
      </trkpt>
      <trkpt lat="45.738653" lon="4.609728">
        <ele>831.478576</ele>
        <time>2026-03-14T03:53:41.518Z</time>
      </trkpt>
      <trkpt lat="45.738453" lon="4.610487">
        <ele>823.648311</ele>
        <time>2026-03-14T03:54:03.030Z</time>
      </trkpt>
      <trkpt lat="45.738544" lon="4.610894">
        <ele>819.523466</ele>
        <time>2026-03-14T03:54:14.322Z</time>
      </trkpt>
      <trkpt lat="45.738410" lon="4.611302">
        <ele>815.171400</ele>
        <time>2026-03-14T03:54:26.178Z</time>
      </trkpt>
      <trkpt lat="45.738378" lon="4.611466">
        <ele>813.527842</ele>
        <time>2026-03-14T03:54:30.628Z</time>
      </trkpt>
      <trkpt lat="45.738406" lon="4.611655">
        <ele>811.663046</ele>
        <time>2026-03-14T03:54:35.688Z</time>
      </trkpt>
      <trkpt lat="45.738374" lon="4.611871">
        <ele>809.531851</ele>
        <time>2026-03-14T03:54:41.441Z</time>
      </trkpt>
      <trkpt lat="45.738379" lon="4.612114">
        <ele>806.034268</ele>
        <time>2026-03-14T03:54:47.787Z</time>
      </trkpt>
      <trkpt lat="45.738543" lon="4.612337">
        <ele>801.307131</ele>
        <time>2026-03-14T03:54:56.186Z</time>
      </trkpt>
      <trkpt lat="45.738574" lon="4.612422">
        <ele>799.907668</ele>
        <time>2026-03-14T03:54:58.669Z</time>
      </trkpt>
      <trkpt lat="45.738557" lon="4.612557">
        <ele>797.905924</ele>
        <time>2026-03-14T03:55:02.244Z</time>
      </trkpt>
      <trkpt lat="45.738473" lon="4.612721">
        <ele>794.937533</ele>
        <time>2026-03-14T03:55:07.518Z</time>
      </trkpt>
      <trkpt lat="45.738423" lon="4.613105">
        <ele>789.237468</ele>
        <time>2026-03-14T03:55:17.656Z</time>
      </trkpt>
      <trkpt lat="45.738312" lon="4.613253">
        <ele>786.067309</ele>
        <time>2026-03-14T03:55:23.306Z</time>
      </trkpt>
      <trkpt lat="45.738047" lon="4.613403">
        <ele>780.110103</ele>
        <time>2026-03-14T03:55:33.903Z</time>
      </trkpt>
      <trkpt lat="45.737988" lon="4.613525">
        <ele>777.944243</ele>
        <time>2026-03-14T03:55:37.758Z</time>
      </trkpt>
      <trkpt lat="45.738071" lon="4.613952">
        <ele>771.541913</ele>
        <time>2026-03-14T03:55:49.267Z</time>
      </trkpt>
      <trkpt lat="45.738198" lon="4.614301">
        <ele>766.867771</ele>
        <time>2026-03-14T03:55:59.517Z</time>
      </trkpt>
      <trkpt lat="45.738213" lon="4.614395">
        <ele>765.722650</ele>
        <time>2026-03-14T03:56:02.035Z</time>
      </trkpt>
      <trkpt lat="45.738133" lon="4.614703">
        <ele>761.819853</ele>
        <time>2026-03-14T03:56:10.611Z</time>
      </trkpt>
      <trkpt lat="45.738312" lon="4.615013">
        <ele>757.041800</ele>
        <time>2026-03-14T03:56:21.145Z</time>
      </trkpt>
      <trkpt lat="45.738019" lon="4.615145">
        <ele>751.815648</ele>
        <time>2026-03-14T03:56:32.680Z</time>
      </trkpt>
      <trkpt lat="45.737347" lon="4.615207">
        <ele>740.753804</ele>
        <time>2026-03-14T03:56:58.028Z</time>
      </trkpt>
      <trkpt lat="45.737207" lon="4.615425">
        <ele>738.843516</ele>
        <time>2026-03-14T03:57:05.858Z</time>
      </trkpt>
      <trkpt lat="45.737162" lon="4.615556">
        <ele>737.902004</ele>
        <time>2026-03-14T03:57:09.713Z</time>
      </trkpt>
      <trkpt lat="45.737160" lon="4.615637">
        <ele>737.379356</ele>
        <time>2026-03-14T03:57:11.864Z</time>
      </trkpt>
      <trkpt lat="45.736924" lon="4.616113">
        <ele>733.614284</ele>
        <time>2026-03-14T03:57:25.154Z</time>
      </trkpt>
      <trkpt lat="45.736768" lon="4.616326">
        <ele>731.623332</ele>
        <time>2026-03-14T03:57:32.397Z</time>
      </trkpt>
      <trkpt lat="45.736695" lon="4.616378">
        <ele>730.870123</ele>
        <time>2026-03-14T03:57:35.180Z</time>
      </trkpt>
      <trkpt lat="45.736712" lon="4.616519">
        <ele>729.947423</ele>
        <time>2026-03-14T03:57:38.642Z</time>
      </trkpt>
      <trkpt lat="45.736707" lon="4.616640">
        <ele>729.165792</ele>
        <time>2026-03-14T03:57:41.587Z</time>
      </trkpt>
      <trkpt lat="45.736652" lon="4.616886">
        <ele>727.500067</ele>
        <time>2026-03-14T03:57:47.990Z</time>
      </trkpt>
      <trkpt lat="45.736371" lon="4.617286">
        <ele>724.266882</ele>
        <time>2026-03-14T03:58:02.503Z</time>
      </trkpt>
      <trkpt lat="45.735925" lon="4.617786">
        <ele>721.946683</ele>
        <time>2026-03-14T03:58:23.988Z</time>
      </trkpt>
      <trkpt lat="45.735874" lon="4.617871">
        <ele>721.626149</ele>
        <time>2026-03-14T03:58:26.968Z</time>
      </trkpt>
      <trkpt lat="45.735721" lon="4.618414">
        <ele>719.951619</ele>
        <time>2026-03-14T03:58:42.540Z</time>
      </trkpt>
      <trkpt lat="45.735573" lon="4.619755">
        <ele>715.484064</ele>
        <time>2026-03-14T03:59:17.858Z</time>
      </trkpt>
      <trkpt lat="45.735268" lon="4.622387">
        <ele>703.125654</ele>
        <time>2026-03-14T04:00:23.657Z</time>
      </trkpt>
      <trkpt lat="45.735298" lon="4.622765">
        <ele>700.801774</ele>
        <time>2026-03-14T04:00:32.797Z</time>
      </trkpt>
      <trkpt lat="45.735420" lon="4.623697">
        <ele>695.009432</ele>
        <time>2026-03-14T04:00:55.211Z</time>
      </trkpt>
      <trkpt lat="45.735440" lon="4.624146">
        <ele>692.261157</ele>
        <time>2026-03-14T04:01:05.679Z</time>
      </trkpt>
      <trkpt lat="45.735617" lon="4.624940">
        <ele>685.503315</ele>
        <time>2026-03-14T04:01:24.501Z</time>
      </trkpt>
      <trkpt lat="45.735730" lon="4.625720">
        <ele>678.155014</ele>
        <time>2026-03-14T04:01:42.399Z</time>
      </trkpt>
      <trkpt lat="45.735744" lon="4.626032">
        <ele>675.271096</ele>
        <time>2026-03-14T04:01:49.410Z</time>
      </trkpt>
      <trkpt lat="45.735679" lon="4.626284">
        <ele>672.792924</ele>
        <time>2026-03-14T04:01:55.416Z</time>
      </trkpt>
      <trkpt lat="45.735508" lon="4.626511">
        <ele>669.712060</ele>
        <time>2026-03-14T04:02:02.883Z</time>
      </trkpt>
      <trkpt lat="45.735446" lon="4.626690">
        <ele>667.868774</ele>
        <time>2026-03-14T04:02:07.340Z</time>
      </trkpt>
      <trkpt lat="45.735135" lon="4.627012">
        <ele>662.504219</ele>
        <time>2026-03-14T04:02:19.611Z</time>
      </trkpt>
      <trkpt lat="45.735061" lon="4.627028">
        <ele>661.440122</ele>
        <time>2026-03-14T04:02:22.038Z</time>
      </trkpt>
      <trkpt lat="45.734841" lon="4.626929">
        <ele>658.161344</ele>
        <time>2026-03-14T04:02:29.403Z</time>
      </trkpt>
      <trkpt lat="45.734738" lon="4.626929">
        <ele>656.696820</ele>
        <time>2026-03-14T04:02:32.706Z</time>
      </trkpt>
      <trkpt lat="45.734409" lon="4.627045">
        <ele>651.879301</ele>
        <time>2026-03-14T04:02:43.600Z</time>
      </trkpt>
      <trkpt lat="45.734164" lon="4.627266">
        <ele>647.762764</ele>
        <time>2026-03-14T04:02:52.927Z</time>
      </trkpt>
      <trkpt lat="45.733932" lon="4.627418">
        <ele>644.135467</ele>
        <time>2026-03-14T04:03:01.136Z</time>
      </trkpt>
      <trkpt lat="45.733533" lon="4.627576">
        <ele>638.096065</ele>
        <time>2026-03-14T04:03:14.429Z</time>
      </trkpt>
      <trkpt lat="45.732879" lon="4.627819">
        <ele>627.970769</ele>
        <time>2026-03-14T04:03:39.879Z</time>
      </trkpt>
      <trkpt lat="45.732677" lon="4.627969">
        <ele>624.561054</ele>
        <time>2026-03-14T04:03:48.435Z</time>
      </trkpt>
      <trkpt lat="45.732312" lon="4.628366">
        <ele>617.693226</ele>
        <time>2026-03-14T04:04:05.618Z</time>
      </trkpt>
      <trkpt lat="45.732237" lon="4.628377">
        <ele>616.563378</ele>
        <time>2026-03-14T04:04:08.448Z</time>
      </trkpt>
      <trkpt lat="45.732012" lon="4.627249">
        <ele>608.604528</ele>
        <time>2026-03-14T04:04:39.449Z</time>
      </trkpt>
      <trkpt lat="45.731952" lon="4.627225">
        <ele>608.079955</ele>
        <time>2026-03-14T04:04:41.829Z</time>
      </trkpt>
      <trkpt lat="45.731833" lon="4.627829">
        <ele>604.391006</ele>
        <time>2026-03-14T04:04:56.820Z</time>
      </trkpt>
      <trkpt lat="45.731644" lon="4.628366">
        <ele>600.856035</ele>
        <time>2026-03-14T04:05:12.335Z</time>
      </trkpt>
      <trkpt lat="45.731586" lon="4.628701">
        <ele>598.935200</ele>
        <time>2026-03-14T04:05:21.783Z</time>
      </trkpt>
      <trkpt lat="45.731534" lon="4.629300">
        <ele>597.734503</ele>
        <time>2026-03-14T04:05:38.888Z</time>
      </trkpt>
      <trkpt lat="45.731532" lon="4.630294">
        <ele>595.757252</ele>
        <time>2026-03-14T04:06:06.660Z</time>
      </trkpt>
      <trkpt lat="45.732099" lon="4.631103">
        <ele>593.453161</ele>
        <time>2026-03-14T04:06:41.391Z</time>
      </trkpt>
      <trkpt lat="45.732734" lon="4.631459">
        <ele>591.391541</ele>
        <time>2026-03-14T04:07:09.461Z</time>
      </trkpt>
      <trkpt lat="45.733194" lon="4.631593">
        <ele>589.972322</ele>
        <time>2026-03-14T04:07:30.038Z</time>
      </trkpt>
      <trkpt lat="45.733495" lon="4.631550">
        <ele>589.057768</ele>
        <time>2026-03-14T04:07:42.248Z</time>
      </trkpt>
      <trkpt lat="45.733754" lon="4.631427">
        <ele>588.753484</ele>
        <time>2026-03-14T04:07:54.642Z</time>
      </trkpt>
      <trkpt lat="45.734171" lon="4.630947">
        <ele>591.478318</ele>
        <time>2026-03-14T04:08:22.509Z</time>
      </trkpt>
      <trkpt lat="45.734490" lon="4.630490">
        <ele>593.776287</ele>
        <time>2026-03-14T04:08:47.346Z</time>
      </trkpt>
      <trkpt lat="45.734632" lon="4.630351">
        <ele>594.652336</ele>
        <time>2026-03-14T04:08:56.543Z</time>
      </trkpt>
      <trkpt lat="45.734766" lon="4.630303">
        <ele>595.355933</ele>
        <time>2026-03-14T04:09:03.805Z</time>
      </trkpt>
      <trkpt lat="45.735538" lon="4.630426">
        <ele>601.153324</ele>
        <time>2026-03-14T04:09:42.634Z</time>
      </trkpt>
      <trkpt lat="45.735799" lon="4.630409">
        <ele>603.905314</ele>
        <time>2026-03-14T04:09:58.488Z</time>
      </trkpt>
      <trkpt lat="45.736282" lon="4.630472">
        <ele>609.013860</ele>
        <time>2026-03-14T04:10:32.545Z</time>
      </trkpt>
      <trkpt lat="45.736610" lon="4.629979">
        <ele>614.021091</ele>
        <time>2026-03-14T04:11:15.889Z</time>
      </trkpt>
      <trkpt lat="45.736418" lon="4.629900">
        <ele>616.125197</ele>
        <time>2026-03-14T04:11:36.763Z</time>
      </trkpt>
      <trkpt lat="45.736309" lon="4.629745">
        <ele>618.459114</ele>
        <time>2026-03-14T04:11:53.599Z</time>
      </trkpt>
      <trkpt lat="45.736287" lon="4.629568">
        <ele>620.564229</ele>
        <time>2026-03-14T04:12:07.958Z</time>
      </trkpt>
      <trkpt lat="45.736137" lon="4.629434">
        <ele>623.529728</ele>
        <time>2026-03-14T04:12:28.901Z</time>
      </trkpt>
      <trkpt lat="45.735957" lon="4.629090">
        <ele>628.563904</ele>
        <time>2026-03-14T04:13:04.020Z</time>
      </trkpt>
      <trkpt lat="45.735759" lon="4.628844">
        <ele>632.960555</ele>
        <time>2026-03-14T04:13:33.365Z</time>
      </trkpt>
      <trkpt lat="45.735360" lon="4.628476">
        <ele>640.921254</ele>
        <time>2026-03-14T04:14:21.796Z</time>
      </trkpt>
      <trkpt lat="45.735699" lon="4.628302">
        <ele>646.818763</ele>
        <time>2026-03-14T04:14:49.486Z</time>
      </trkpt>
      <trkpt lat="45.736156" lon="4.627910">
        <ele>650.700818</ele>
        <time>2026-03-14T04:15:25.746Z</time>
      </trkpt>
      <trkpt lat="45.736453" lon="4.627722">
        <ele>653.067292</ele>
        <time>2026-03-14T04:15:44.343Z</time>
      </trkpt>
      <trkpt lat="45.736569" lon="4.627605">
        <ele>654.101218</ele>
        <time>2026-03-14T04:15:51.910Z</time>
      </trkpt>
      <trkpt lat="45.736689" lon="4.627425">
        <ele>655.367444</ele>
        <time>2026-03-14T04:16:00.698Z</time>
      </trkpt>
      <trkpt lat="45.736858" lon="4.627097">
        <ele>657.441342</ele>
        <time>2026-03-14T04:16:14.324Z</time>
      </trkpt>
      <trkpt lat="45.737000" lon="4.626931">
        <ele>658.777064</ele>
        <time>2026-03-14T04:16:22.832Z</time>
      </trkpt>
      <trkpt lat="45.737217" lon="4.626778">
        <ele>660.462581</ele>
        <time>2026-03-14T04:16:33.689Z</time>
      </trkpt>
      <trkpt lat="45.737434" lon="4.626671">
        <ele>661.956450</ele>
        <time>2026-03-14T04:16:44.032Z</time>
      </trkpt>
      <trkpt lat="45.737668" lon="4.626617">
        <ele>663.499300</ele>
        <time>2026-03-14T04:16:54.990Z</time>
      </trkpt>
      <trkpt lat="45.738207" lon="4.626631">
        <ele>667.008489</ele>
        <time>2026-03-14T04:17:22.592Z</time>
      </trkpt>
      <trkpt lat="45.738325" lon="4.626585">
        <ele>667.804531</ele>
        <time>2026-03-14T04:17:29.593Z</time>
      </trkpt>
      <trkpt lat="45.738370" lon="4.626510">
        <ele>668.253875</ele>
        <time>2026-03-14T04:17:33.654Z</time>
      </trkpt>
      <trkpt lat="45.738453" lon="4.626183">
        <ele>669.834696</ele>
        <time>2026-03-14T04:17:48.671Z</time>
      </trkpt>
      <trkpt lat="45.738496" lon="4.625824">
        <ele>671.489546</ele>
        <time>2026-03-14T04:18:05.998Z</time>
      </trkpt>
      <trkpt lat="45.738458" lon="4.625577">
        <ele>673.354803</ele>
        <time>2026-03-14T04:18:18.690Z</time>
      </trkpt>
      <trkpt lat="45.738535" lon="4.625174">
        <ele>676.474658</ele>
        <time>2026-03-14T04:18:40.512Z</time>
      </trkpt>
      <trkpt lat="45.738532" lon="4.624934">
        <ele>678.266984</ele>
        <time>2026-03-14T04:18:53.505Z</time>
      </trkpt>
      <trkpt lat="45.738563" lon="4.624289">
        <ele>683.094491</ele>
        <time>2026-03-14T04:19:27.963Z</time>
      </trkpt>
      <trkpt lat="45.738338" lon="4.622519">
        <ele>690.699616</ele>
        <time>2026-03-14T04:20:42.633Z</time>
      </trkpt>
      <trkpt lat="45.738297" lon="4.622031">
        <ele>690.655703</ele>
        <time>2026-03-14T04:20:57.062Z</time>
      </trkpt>
      <trkpt lat="45.738316" lon="4.621725">
        <ele>690.628256</ele>
        <time>2026-03-14T04:21:05.098Z</time>
      </trkpt>
      <trkpt lat="45.738297" lon="4.621296">
        <ele>690.589851</ele>
        <time>2026-03-14T04:21:15.504Z</time>
      </trkpt>
      <trkpt lat="45.738309" lon="4.621049">
        <ele>690.567730</ele>
        <time>2026-03-14T04:21:21.512Z</time>
      </trkpt>
      <trkpt lat="45.738342" lon="4.620824">
        <ele>690.547189</ele>
        <time>2026-03-14T04:21:27.203Z</time>
      </trkpt>
      <trkpt lat="45.738417" lon="4.620663">
        <ele>690.085917</ele>
        <time>2026-03-14T04:21:32.123Z</time>
      </trkpt>
      <trkpt lat="45.738667" lon="4.620443">
        <ele>688.061949</ele>
        <time>2026-03-14T04:21:43.134Z</time>
      </trkpt>
      <trkpt lat="45.738858" lon="4.620274">
        <ele>686.513316</ele>
        <time>2026-03-14T04:21:51.468Z</time>
      </trkpt>
      <trkpt lat="45.738673" lon="4.619826">
        <ele>684.007023</ele>
        <time>2026-03-14T04:22:06.530Z</time>
      </trkpt>
      <trkpt lat="45.738453" lon="4.619410">
        <ele>681.494016</ele>
        <time>2026-03-14T04:22:21.373Z</time>
      </trkpt>
      <trkpt lat="45.738453" lon="4.619409">
        <ele>681.489202</ele>
        <time>2026-03-14T04:22:21.411Z</time>
      </trkpt>
      <trkpt lat="45.738396" lon="4.619137">
        <ele>680.121819</ele>
        <time>2026-03-14T04:22:29.681Z</time>
      </trkpt>
      <trkpt lat="45.738908" lon="4.619279">
        <ele>674.290668</ele>
        <time>2026-03-14T04:22:51.190Z</time>
      </trkpt>
      <trkpt lat="45.739196" lon="4.619547">
        <ele>668.626878</ele>
        <time>2026-03-14T04:23:04.194Z</time>
      </trkpt>
      <trkpt lat="45.739387" lon="4.619786">
        <ele>664.444565</ele>
        <time>2026-03-14T04:23:13.662Z</time>
      </trkpt>
      <trkpt lat="45.739523" lon="4.619936">
        <ele>661.613956</ele>
        <time>2026-03-14T04:23:20.047Z</time>
      </trkpt>
      <trkpt lat="45.739523" lon="4.619936">
        <ele>661.613956</ele>
        <time>2026-03-14T04:23:20.059Z</time>
      </trkpt>
      <trkpt lat="45.739520" lon="4.619930">
        <ele>661.528997</ele>
        <time>2026-03-14T04:23:20.274Z</time>
      </trkpt>
      <trkpt lat="45.739580" lon="4.619880">
        <ele>660.384230</ele>
        <time>2026-03-14T04:23:23.173Z</time>
      </trkpt>
      <trkpt lat="45.739630" lon="4.619910">
        <ele>659.490205</ele>
        <time>2026-03-14T04:23:25.436Z</time>
      </trkpt>
      <trkpt lat="45.739740" lon="4.620210">
        <ele>655.589438</ele>
        <time>2026-03-14T04:23:35.302Z</time>
      </trkpt>
      <trkpt lat="45.739900" lon="4.620400">
        <ele>652.162102</ele>
        <time>2026-03-14T04:23:43.965Z</time>
      </trkpt>
      <trkpt lat="45.740000" lon="4.620450">
        <ele>650.415283</ele>
        <time>2026-03-14T04:23:48.382Z</time>
      </trkpt>
      <trkpt lat="45.740480" lon="4.620540">
        <ele>641.231117</ele>
        <time>2026-03-14T04:24:08.574Z</time>
      </trkpt>
      <trkpt lat="45.740690" lon="4.620620">
        <ele>636.934529</ele>
        <time>2026-03-14T04:24:17.634Z</time>
      </trkpt>
      <trkpt lat="45.741150" lon="4.620895">
        <ele>627.079015</ele>
        <time>2026-03-14T04:24:38.423Z</time>
      </trkpt>
      <trkpt lat="45.741610" lon="4.621170">
        <ele>617.223512</ele>
        <time>2026-03-14T04:24:59.190Z</time>
      </trkpt>
      <trkpt lat="45.741770" lon="4.621320">
        <ele>613.442840</ele>
        <time>2026-03-14T04:25:07.158Z</time>
      </trkpt>
      <trkpt lat="45.741780" lon="4.621328">
        <ele>613.216380</ele>
        <time>2026-03-14T04:25:07.654Z</time>
      </trkpt>
      <trkpt lat="45.741881" lon="4.621409">
        <ele>610.811215</ele>
        <time>2026-03-14T04:25:11.974Z</time>
      </trkpt>
      <trkpt lat="45.742019" lon="4.621629">
        <ele>606.488117</ele>
        <time>2026-03-14T04:25:19.654Z</time>
      </trkpt>
      <trkpt lat="45.742122" lon="4.621917">
        <ele>601.758604</ele>
        <time>2026-03-14T04:25:28.081Z</time>
      </trkpt>
      <trkpt lat="45.742195" lon="4.622205">
        <ele>597.280572</ele>
        <time>2026-03-14T04:25:36.056Z</time>
      </trkpt>
      <trkpt lat="45.742406" lon="4.622696">
        <ele>588.853491</ele>
        <time>2026-03-14T04:25:51.035Z</time>
      </trkpt>
      <trkpt lat="45.742354" lon="4.622872">
        <ele>586.060314</ele>
        <time>2026-03-14T04:25:55.267Z</time>
      </trkpt>
      <trkpt lat="45.742429" lon="4.623111">
        <ele>582.230562</ele>
        <time>2026-03-14T04:26:01.055Z</time>
      </trkpt>
      <trkpt lat="45.742429" lon="4.623111">
        <ele>582.230562</ele>
        <time>2026-03-14T04:26:01.104Z</time>
      </trkpt>
      <trkpt lat="45.742429" lon="4.623111">
        <ele>582.230562</ele>
        <time>2026-03-14T04:26:01.104Z</time>
      </trkpt>
      <trkpt lat="45.742430" lon="4.623110">
        <ele>582.205025</ele>
        <time>2026-03-14T04:26:01.154Z</time>
      </trkpt>
      <trkpt lat="45.742580" lon="4.623250">
        <ele>578.456252</ele>
        <time>2026-03-14T04:26:08.647Z</time>
      </trkpt>
      <trkpt lat="45.742670" lon="4.623280">
        <ele>576.521217</ele>
        <time>2026-03-14T04:26:12.520Z</time>
      </trkpt>
      <trkpt lat="45.742940" lon="4.623440">
        <ele>570.219737</ele>
        <time>2026-03-14T04:26:24.759Z</time>
      </trkpt>
      <trkpt lat="45.743230" lon="4.624070">
        <ele>558.772708</ele>
        <time>2026-03-14T04:26:46.815Z</time>
      </trkpt>
      <trkpt lat="45.743520" lon="4.624700">
        <ele>547.325720</ele>
        <time>2026-03-14T04:27:08.867Z</time>
      </trkpt>
      <trkpt lat="45.743520" lon="4.624870">
        <ele>544.747253</ele>
        <time>2026-03-14T04:27:13.833Z</time>
      </trkpt>
      <trkpt lat="45.743580" lon="4.625200">
        <ele>539.574914</ele>
        <time>2026-03-14T04:27:23.786Z</time>
      </trkpt>
      <trkpt lat="45.743580" lon="4.625200">
        <ele>539.574914</ele>
        <time>2026-03-14T04:27:23.800Z</time>
      </trkpt>
      <trkpt lat="45.743581" lon="4.625209">
        <ele>539.436688</ele>
        <time>2026-03-14T04:27:24.004Z</time>
      </trkpt>
      <trkpt lat="45.743882" lon="4.626304">
        <ele>524.457057</ele>
        <time>2026-03-14T04:27:50.035Z</time>
      </trkpt>
      <trkpt lat="45.744051" lon="4.626772">
        <ele>518.040815</ele>
        <time>2026-03-14T04:28:01.739Z</time>
      </trkpt>
      <trkpt lat="45.744114" lon="4.627044">
        <ele>514.551206</ele>
        <time>2026-03-14T04:28:08.130Z</time>
      </trkpt>
      <trkpt lat="45.744084" lon="4.627333">
        <ele>510.993531</ele>
        <time>2026-03-14T04:28:14.644Z</time>
      </trkpt>
      <trkpt lat="45.743956" lon="4.627914">
        <ele>504.178894</ele>
        <time>2026-03-14T04:28:28.279Z</time>
      </trkpt>
      <trkpt lat="45.744050" lon="4.628082">
        <ele>502.892333</ele>
        <time>2026-03-14T04:28:33.108Z</time>
      </trkpt>
      <trkpt lat="45.744097" lon="4.628234">
        <ele>501.899006</ele>
        <time>2026-03-14T04:28:36.868Z</time>
      </trkpt>
      <trkpt lat="45.744176" lon="4.628788">
        <ele>498.520564</ele>
        <time>2026-03-14T04:28:49.622Z</time>
      </trkpt>
      <trkpt lat="45.744183" lon="4.628796">
        <ele>498.443906</ele>
        <time>2026-03-14T04:28:49.937Z</time>
      </trkpt>
      <trkpt lat="45.744228" lon="4.628849">
        <ele>497.945198</ele>
        <time>2026-03-14T04:28:51.848Z</time>
      </trkpt>
      <trkpt lat="45.744270" lon="4.628950">
        <ele>497.242731</ele>
        <time>2026-03-14T04:28:54.533Z</time>
      </trkpt>
      <trkpt lat="45.744277" lon="4.629076">
        <ele>496.487524</ele>
        <time>2026-03-14T04:28:57.504Z</time>
      </trkpt>
      <trkpt lat="45.744258" lon="4.629315">
        <ele>495.050312</ele>
        <time>2026-03-14T04:29:03.172Z</time>
      </trkpt>
      <trkpt lat="45.744094" lon="4.630311">
        <ele>489.574708</ele>
        <time>2026-03-14T04:29:29.204Z</time>
      </trkpt>
      <trkpt lat="45.744055" lon="4.630714">
        <ele>490.792187</ele>
        <time>2026-03-14T04:29:40.870Z</time>
      </trkpt>
      <trkpt lat="45.744022" lon="4.631638">
        <ele>493.560790</ele>
        <time>2026-03-14T04:30:09.756Z</time>
      </trkpt>
      <trkpt lat="45.743927" lon="4.632038">
        <ele>494.825171</ele>
        <time>2026-03-14T04:30:25.183Z</time>
      </trkpt>
      <trkpt lat="45.744001" lon="4.632128">
        <ele>495.241364</ele>
        <time>2026-03-14T04:30:30.897Z</time>
      </trkpt>
      <trkpt lat="45.744070" lon="4.632288">
        <ele>495.804190</ele>
        <time>2026-03-14T04:30:39.063Z</time>
      </trkpt>
      <trkpt lat="45.744199" lon="4.632680">
        <ele>497.168152</ele>
        <time>2026-03-14T04:30:59.801Z</time>
      </trkpt>
      <trkpt lat="45.744257" lon="4.632821">
        <ele>498.872735</ele>
        <time>2026-03-14T04:31:08.034Z</time>
      </trkpt>
      <trkpt lat="45.744444" lon="4.633119">
        <ele>503.046484</ele>
        <time>2026-03-14T04:31:29.002Z</time>
      </trkpt>
      <trkpt lat="45.744521" lon="4.633196">
        <ele>504.447754</ele>
        <time>2026-03-14T04:31:36.396Z</time>
      </trkpt>
      <trkpt lat="45.744657" lon="4.633176">
        <ele>506.488028</ele>
        <time>2026-03-14T04:31:47.204Z</time>
      </trkpt>
      <trkpt lat="45.744852" lon="4.633006">
        <ele>509.894391</ele>
        <time>2026-03-14T04:32:05.311Z</time>
      </trkpt>
      <trkpt lat="45.745152" lon="4.632623">
        <ele>515.890597</ele>
        <time>2026-03-14T04:32:39.153Z</time>
      </trkpt>
      <trkpt lat="45.745227" lon="4.632510">
        <ele>517.514700</ele>
        <time>2026-03-14T04:32:48.811Z</time>
      </trkpt>
      <trkpt lat="45.745430" lon="4.632085">
        <ele>522.878332</ele>
        <time>2026-03-14T04:33:21.249Z</time>
      </trkpt>
      <trkpt lat="45.745546" lon="4.631830">
        <ele>526.121340</ele>
        <time>2026-03-14T04:33:40.012Z</time>
      </trkpt>
      <trkpt lat="45.745572" lon="4.631716">
        <ele>527.413097</ele>
        <time>2026-03-14T04:33:47.228Z</time>
      </trkpt>
      <trkpt lat="45.745597" lon="4.631629">
        <ele>528.426471</ele>
        <time>2026-03-14T04:33:52.745Z</time>
      </trkpt>
      <trkpt lat="45.745670" lon="4.631516">
        <ele>530.084991</ele>
        <time>2026-03-14T04:34:01.858Z</time>
      </trkpt>
      <trkpt lat="45.745927" lon="4.631382">
        <ele>534.305948</ele>
        <time>2026-03-14T04:34:24.509Z</time>
      </trkpt>
      <trkpt lat="45.746033" lon="4.631008">
        <ele>538.653667</ele>
        <time>2026-03-14T04:34:47.467Z</time>
      </trkpt>
      <trkpt lat="45.746401" lon="4.630501">
        <ele>546.532606</ele>
        <time>2026-03-14T04:35:28.435Z</time>
      </trkpt>
      <trkpt lat="45.746593" lon="4.630166">
        <ele>551.201614</ele>
        <time>2026-03-14T04:35:51.887Z</time>
      </trkpt>
      <trkpt lat="45.746646" lon="4.629944">
        <ele>553.419910</ele>
        <time>2026-03-14T04:36:04.306Z</time>
      </trkpt>
      <trkpt lat="45.746704" lon="4.629439">
        <ele>558.102656</ele>
        <time>2026-03-14T04:36:31.251Z</time>
      </trkpt>
      <trkpt lat="45.746818" lon="4.629236">
        <ele>560.486780</ele>
        <time>2026-03-14T04:36:44.996Z</time>
      </trkpt>
      <trkpt lat="45.746904" lon="4.629243">
        <ele>561.616192</ele>
        <time>2026-03-14T04:36:51.448Z</time>
      </trkpt>
      <trkpt lat="45.747063" lon="4.629104">
        <ele>564.058241</ele>
        <time>2026-03-14T04:37:05.515Z</time>
      </trkpt>
      <trkpt lat="45.747325" lon="4.628787">
        <ele>568.554155</ele>
        <time>2026-03-14T04:37:31.206Z</time>
      </trkpt>
      <trkpt lat="45.747531" lon="4.628602">
        <ele>571.741697</ele>
        <time>2026-03-14T04:37:49.144Z</time>
      </trkpt>
      <trkpt lat="45.747842" lon="4.628396">
        <ele>576.190882</ele>
        <time>2026-03-14T04:38:14.059Z</time>
      </trkpt>
      <trkpt lat="45.748194" lon="4.628106">
        <ele>581.279318</ele>
        <time>2026-03-14T04:38:43.268Z</time>
      </trkpt>
      <trkpt lat="45.748456" lon="4.627983">
        <ele>584.734491</ele>
        <time>2026-03-14T04:39:03.227Z</time>
      </trkpt>
      <trkpt lat="45.748735" lon="4.627929">
        <ele>588.262756</ele>
        <time>2026-03-14T04:39:23.735Z</time>
      </trkpt>
      <trkpt lat="45.749221" lon="4.627768">
        <ele>594.514085</ele>
        <time>2026-03-14T04:40:00.693Z</time>
      </trkpt>
      <trkpt lat="45.749685" lon="4.627468">
        <ele>600.244253</ele>
        <time>2026-03-14T04:40:38.937Z</time>
      </trkpt>
      <trkpt lat="45.750077" lon="4.627116">
        <ele>604.824563</ele>
        <time>2026-03-14T04:41:13.787Z</time>
      </trkpt>
      <trkpt lat="45.750614" lon="4.626537">
        <ele>611.478373</ele>
        <time>2026-03-14T04:42:01.221Z</time>
      </trkpt>
      <trkpt lat="45.750848" lon="4.626218">
        <ele>614.676110</ele>
        <time>2026-03-14T04:42:18.981Z</time>
      </trkpt>
      <trkpt lat="45.751069" lon="4.625687">
        <ele>615.325790</ele>
        <time>2026-03-14T04:42:37.652Z</time>
      </trkpt>
      <trkpt lat="45.751155" lon="4.625593">
        <ele>615.234654</ele>
        <time>2026-03-14T04:42:41.982Z</time>
      </trkpt>
      <trkpt lat="45.751271" lon="4.625590">
        <ele>615.136895</ele>
        <time>2026-03-14T04:42:46.600Z</time>
      </trkpt>
      <trkpt lat="45.751353" lon="4.625636">
        <ele>615.062696</ele>
        <time>2026-03-14T04:42:50.088Z</time>
      </trkpt>
      <trkpt lat="45.751433" lon="4.625754">
        <ele>614.965962</ele>
        <time>2026-03-14T04:42:54.496Z</time>
      </trkpt>
      <trkpt lat="45.751482" lon="4.626003">
        <ele>614.813850</ele>
        <time>2026-03-14T04:43:01.344Z</time>
      </trkpt>
      <trkpt lat="45.751506" lon="4.626309">
        <ele>614.632803</ele>
        <time>2026-03-14T04:43:09.311Z</time>
      </trkpt>
      <trkpt lat="45.751484" lon="4.626366">
        <ele>614.594505</ele>
        <time>2026-03-14T04:43:10.962Z</time>
      </trkpt>
      <trkpt lat="45.751492" lon="4.626573">
        <ele>614.472611</ele>
        <time>2026-03-14T04:43:16.322Z</time>
      </trkpt>
      <trkpt lat="45.751361" lon="4.627032">
        <ele>614.181038</ele>
        <time>2026-03-14T04:43:29.392Z</time>
      </trkpt>
      <trkpt lat="45.751256" lon="4.627514">
        <ele>615.168234</ele>
        <time>2026-03-14T04:43:43.290Z</time>
      </trkpt>
      <trkpt lat="45.751213" lon="4.627926">
        <ele>616.420048</ele>
        <time>2026-03-14T04:43:56.595Z</time>
      </trkpt>
      <trkpt lat="45.751246" lon="4.628186">
        <ele>617.214157</ele>
        <time>2026-03-14T04:44:05.903Z</time>
      </trkpt>
      <trkpt lat="45.751458" lon="4.629107">
        <ele>620.128417</ele>
        <time>2026-03-14T04:44:41.774Z</time>
      </trkpt>
      <trkpt lat="45.751506" lon="4.629247">
        <ele>620.597151</ele>
        <time>2026-03-14T04:44:47.818Z</time>
      </trkpt>
      <trkpt lat="45.751528" lon="4.629259">
        <ele>620.698524</ele>
        <time>2026-03-14T04:44:49.240Z</time>
      </trkpt>
      <trkpt lat="45.751558" lon="4.629183">
        <ele>620.960910</ele>
        <time>2026-03-14T04:44:52.708Z</time>
      </trkpt>
      <trkpt lat="45.751574" lon="4.628693">
        <ele>622.960888</ele>
        <time>2026-03-14T04:45:12.712Z</time>
      </trkpt>
      <trkpt lat="45.751692" lon="4.628214">
        <ele>625.836995</ele>
        <time>2026-03-14T04:45:34.070Z</time>
      </trkpt>
      <trkpt lat="45.751843" lon="4.627798">
        <ele>628.491971</ele>
        <time>2026-03-14T04:45:53.714Z</time>
      </trkpt>
      <trkpt lat="45.752076" lon="4.627425">
        <ele>631.326488</ele>
        <time>2026-03-14T04:46:13.801Z</time>
      </trkpt>
      <trkpt lat="45.752333" lon="4.627205">
        <ele>633.755540</ele>
        <time>2026-03-14T04:46:31.450Z</time>
      </trkpt>
      <trkpt lat="45.752553" lon="4.627080">
        <ele>635.675854</ele>
        <time>2026-03-14T04:46:45.443Z</time>
      </trkpt>
      <trkpt lat="45.752674" lon="4.627106">
        <ele>636.715923</ele>
        <time>2026-03-14T04:46:52.680Z</time>
      </trkpt>
      <trkpt lat="45.752737" lon="4.627257">
        <ele>637.913370</ele>
        <time>2026-03-14T04:46:59.855Z</time>
      </trkpt>
      <trkpt lat="45.752702" lon="4.627424">
        <ele>639.100168</ele>
        <time>2026-03-14T04:47:06.999Z</time>
      </trkpt>
      <trkpt lat="45.752479" lon="4.627866">
        <ele>642.812542</ele>
        <time>2026-03-14T04:47:30.152Z</time>
      </trkpt>
      <trkpt lat="45.752419" lon="4.628156">
        <ele>644.871286</ele>
        <time>2026-03-14T04:47:43.270Z</time>
      </trkpt>
      <trkpt lat="45.752406" lon="4.628664">
        <ele>648.331170</ele>
        <time>2026-03-14T04:48:06.017Z</time>
      </trkpt>
      <trkpt lat="45.752435" lon="4.628849">
        <ele>649.621704</ele>
        <time>2026-03-14T04:48:14.782Z</time>
      </trkpt>
      <trkpt lat="45.752476" lon="4.628951">
        <ele>650.422894</ele>
        <time>2026-03-14T04:48:20.321Z</time>
      </trkpt>
      <trkpt lat="45.753014" lon="4.629963">
        <ele>660.571426</ele>
        <time>2026-03-14T04:49:23.800Z</time>
      </trkpt>
      <trkpt lat="45.753131" lon="4.630571">
        <ele>666.116909</ele>
        <time>2026-03-14T04:49:57.594Z</time>
      </trkpt>
      <trkpt lat="45.753182" lon="4.630634">
        <ele>666.965357</ele>
        <time>2026-03-14T04:50:02.750Z</time>
      </trkpt>
      <trkpt lat="45.753265" lon="4.630532">
        <ele>668.343129</ele>
        <time>2026-03-14T04:50:11.135Z</time>
      </trkpt>
      <trkpt lat="45.753402" lon="4.630266">
        <ele>671.250099</ele>
        <time>2026-03-14T04:50:28.632Z</time>
      </trkpt>
      <trkpt lat="45.753686" lon="4.629641">
        <ele>677.287202</ele>
        <time>2026-03-14T04:51:07.430Z</time>
      </trkpt>
      <trkpt lat="45.753849" lon="4.629452">
        <ele>678.746376</ele>
        <time>2026-03-14T04:51:22.449Z</time>
      </trkpt>
      <trkpt lat="45.754019" lon="4.629350">
        <ele>680.028992</ele>
        <time>2026-03-14T04:51:35.025Z</time>
      </trkpt>
      <trkpt lat="45.754204" lon="4.629300">
        <ele>681.339199</ele>
        <time>2026-03-14T04:51:46.934Z</time>
      </trkpt>
      <trkpt lat="45.754413" lon="4.629313">
        <ele>682.795111</ele>
        <time>2026-03-14T04:51:59.233Z</time>
      </trkpt>
      <trkpt lat="45.754621" lon="4.629371">
        <ele>684.269837</ele>
        <time>2026-03-14T04:52:10.967Z</time>
      </trkpt>
      <trkpt lat="45.754217" lon="4.630649">
        <ele>688.421435</ele>
        <time>2026-03-14T04:52:56.000Z</time>
      </trkpt>
      <trkpt lat="45.754024" lon="4.631108">
        <ele>687.417309</ele>
        <time>2026-03-14T04:53:10.781Z</time>
      </trkpt>
      <trkpt lat="45.753228" lon="4.632550">
        <ele>683.190615</ele>
        <time>2026-03-14T04:53:58.518Z</time>
      </trkpt>
      <trkpt lat="45.752482" lon="4.634072">
        <ele>672.146310</ele>
        <time>2026-03-14T04:54:41.956Z</time>
      </trkpt>
      <trkpt lat="45.752432" lon="4.634447">
        <ele>669.879315</ele>
        <time>2026-03-14T04:54:50.713Z</time>
      </trkpt>
      <trkpt lat="45.752435" lon="4.634710">
        <ele>668.353768</ele>
        <time>2026-03-14T04:54:56.776Z</time>
      </trkpt>
      <trkpt lat="45.752698" lon="4.636834">
        <ele>656.201291</ele>
        <time>2026-03-14T04:55:48.135Z</time>
      </trkpt>
      <trkpt lat="45.752673" lon="4.637119">
        <ele>654.583113</ele>
        <time>2026-03-14T04:55:55.254Z</time>
      </trkpt>
      <trkpt lat="45.752412" lon="4.637678">
        <ele>652.125399</ele>
        <time>2026-03-14T04:56:12.188Z</time>
      </trkpt>
      <trkpt lat="45.752282" lon="4.637925">
        <ele>651.007884</ele>
        <time>2026-03-14T04:56:20.084Z</time>
      </trkpt>
      <trkpt lat="45.752148" lon="4.638118">
        <ele>650.024447</ele>
        <time>2026-03-14T04:56:27.140Z</time>
      </trkpt>
      <trkpt lat="45.751933" lon="4.638285">
        <ele>648.758524</ele>
        <time>2026-03-14T04:56:36.278Z</time>
      </trkpt>
      <trkpt lat="45.751310" lon="4.638516">
        <ele>645.427316</ele>
        <time>2026-03-14T04:57:00.264Z</time>
      </trkpt>
      <trkpt lat="45.751077" lon="4.638704">
        <ele>643.501479</ele>
        <time>2026-03-14T04:57:09.983Z</time>
      </trkpt>
      <trkpt lat="45.750436" lon="4.639175">
        <ele>638.016768</ele>
        <time>2026-03-14T04:57:35.132Z</time>
      </trkpt>
      <trkpt lat="45.750106" lon="4.639566">
        <ele>634.756591</ele>
        <time>2026-03-14T04:57:49.585Z</time>
      </trkpt>
      <trkpt lat="45.749675" lon="4.640228">
        <ele>629.660639</ele>
        <time>2026-03-14T04:58:10.646Z</time>
      </trkpt>
      <trkpt lat="45.748592" lon="4.642093">
        <ele>614.210464</ele>
        <time>2026-03-14T04:59:07.989Z</time>
      </trkpt>
      <trkpt lat="45.747874" lon="4.643153">
        <ele>602.949067</ele>
        <time>2026-03-14T04:59:41.831Z</time>
      </trkpt>
      <trkpt lat="45.747874" lon="4.643153">
        <ele>602.949067</ele>
        <time>2026-03-14T04:59:41.846Z</time>
      </trkpt>
      <trkpt lat="45.747131" lon="4.644131">
        <ele>591.195768</ele>
        <time>2026-03-14T05:00:14.354Z</time>
      </trkpt>
      <trkpt lat="45.746974" lon="4.644426">
        <ele>587.809093</ele>
        <time>2026-03-14T05:00:22.688Z</time>
      </trkpt>
      <trkpt lat="45.746780" lon="4.644679">
        <ele>584.377763</ele>
        <time>2026-03-14T05:00:31.106Z</time>
      </trkpt>
      <trkpt lat="45.746672" lon="4.644770">
        <ele>582.738867</ele>
        <time>2026-03-14T05:00:35.149Z</time>
      </trkpt>
      <trkpt lat="45.746613" lon="4.644816">
        <ele>581.860237</ele>
        <time>2026-03-14T05:00:37.306Z</time>
      </trkpt>
      <trkpt lat="45.746198" lon="4.644874">
        <ele>576.405767</ele>
        <time>2026-03-14T05:00:50.688Z</time>
      </trkpt>
      <trkpt lat="45.745979" lon="4.644952">
        <ele>573.453816</ele>
        <time>2026-03-14T05:00:57.940Z</time>
      </trkpt>
      <trkpt lat="45.745905" lon="4.644937">
        <ele>572.476168</ele>
        <time>2026-03-14T05:01:00.374Z</time>
      </trkpt>
      <trkpt lat="45.745600" lon="4.644753">
        <ele>568.749633</ele>
        <time>2026-03-14T05:01:11.026Z</time>
      </trkpt>
      <trkpt lat="45.745450" lon="4.644611">
        <ele>566.755682</ele>
        <time>2026-03-14T05:01:16.827Z</time>
      </trkpt>
      <trkpt lat="45.745310" lon="4.644401">
        <ele>564.507781</ele>
        <time>2026-03-14T05:01:23.368Z</time>
      </trkpt>
      <trkpt lat="45.745186" lon="4.644101">
        <ele>561.809033</ele>
        <time>2026-03-14T05:01:31.230Z</time>
      </trkpt>
      <trkpt lat="45.745058" lon="4.643918">
        <ele>559.803597</ele>
        <time>2026-03-14T05:01:37.091Z</time>
      </trkpt>
      <trkpt lat="45.744953" lon="4.643826">
        <ele>558.438562</ele>
        <time>2026-03-14T05:01:41.094Z</time>
      </trkpt>
      <trkpt lat="45.744906" lon="4.643922">
        <ele>557.530893</ele>
        <time>2026-03-14T05:01:43.787Z</time>
      </trkpt>
      <trkpt lat="45.744911" lon="4.644092">
        <ele>556.213910</ele>
        <time>2026-03-14T05:01:47.739Z</time>
      </trkpt>
      <trkpt lat="45.744995" lon="4.645054">
        <ele>549.247369</ele>
        <time>2026-03-14T05:02:10.361Z</time>
      </trkpt>
      <trkpt lat="45.745330" lon="4.646461">
        <ele>539.534382</ele>
        <time>2026-03-14T05:02:45.623Z</time>
      </trkpt>
      <trkpt lat="45.745486" lon="4.646796">
        <ele>536.903101</ele>
        <time>2026-03-14T05:02:54.991Z</time>
      </trkpt>
      <trkpt lat="45.745565" lon="4.647025">
        <ele>535.206830</ele>
        <time>2026-03-14T05:03:00.838Z</time>
      </trkpt>
      <trkpt lat="45.745227" lon="4.647207">
        <ele>530.732334</ele>
        <time>2026-03-14T05:03:12.505Z</time>
      </trkpt>
      <trkpt lat="45.744974" lon="4.647303">
        <ele>527.489065</ele>
        <time>2026-03-14T05:03:20.957Z</time>
      </trkpt>
      <trkpt lat="45.744692" lon="4.647272">
        <ele>523.984211</ele>
        <time>2026-03-14T05:03:30.076Z</time>
      </trkpt>
      <trkpt lat="45.744585" lon="4.647129">
        <ele>522.171066</ele>
        <time>2026-03-14T05:03:34.771Z</time>
      </trkpt>
      <trkpt lat="45.744523" lon="4.647087">
        <ele>521.321225</ele>
        <time>2026-03-14T05:03:37.000Z</time>
      </trkpt>
      <trkpt lat="45.744112" lon="4.647244">
        <ele>516.050184</ele>
        <time>2026-03-14T05:03:50.694Z</time>
      </trkpt>
      <trkpt lat="45.743906" lon="4.647360">
        <ele>513.307364</ele>
        <time>2026-03-14T05:03:57.793Z</time>
      </trkpt>
      <trkpt lat="45.743706" lon="4.647340">
        <ele>510.383047</ele>
        <time>2026-03-14T05:04:04.251Z</time>
      </trkpt>
      <trkpt lat="45.743714" lon="4.647718">
        <ele>506.460572</ele>
        <time>2026-03-14T05:04:12.727Z</time>
      </trkpt>
      <trkpt lat="45.743698" lon="4.647819">
        <ele>505.386333</ele>
        <time>2026-03-14T05:04:15.050Z</time>
      </trkpt>
      <trkpt lat="45.743662" lon="4.647905">
        <ele>504.346162</ele>
        <time>2026-03-14T05:04:17.300Z</time>
      </trkpt>
      <trkpt lat="45.743564" lon="4.647994">
        <ele>502.621735</ele>
        <time>2026-03-14T05:04:20.999Z</time>
      </trkpt>
      <trkpt lat="45.743656" lon="4.648906">
        <ele>493.064003</ele>
        <time>2026-03-14T05:04:45.195Z</time>
      </trkpt>
      <trkpt lat="45.743671" lon="4.649245">
        <ele>489.540781</ele>
        <time>2026-03-14T05:04:54.105Z</time>
      </trkpt>
      <trkpt lat="45.743605" lon="4.649896">
        <ele>483.465174</ele>
        <time>2026-03-14T05:05:11.376Z</time>
      </trkpt>
      <trkpt lat="45.743537" lon="4.650238">
        <ele>480.547101</ele>
        <time>2026-03-14T05:05:20.727Z</time>
      </trkpt>
      <trkpt lat="45.743531" lon="4.650432">
        <ele>478.953607</ele>
        <time>2026-03-14T05:05:25.839Z</time>
      </trkpt>
      <trkpt lat="45.743748" lon="4.650913">
        <ele>474.253682</ele>
        <time>2026-03-14T05:05:40.996Z</time>
      </trkpt>
      <trkpt lat="45.743698" lon="4.651117">
        <ele>472.479458</ele>
        <time>2026-03-14T05:05:46.826Z</time>
      </trkpt>
      <trkpt lat="45.743724" lon="4.651229">
        <ele>471.510893</ele>
        <time>2026-03-14T05:05:49.571Z</time>
      </trkpt>
      <trkpt lat="45.743776" lon="4.651841">
        <ele>466.451858</ele>
        <time>2026-03-14T05:06:04.438Z</time>
      </trkpt>
      <trkpt lat="45.743935" lon="4.652202">
        <ele>463.839144</ele>
        <time>2026-03-14T05:06:14.845Z</time>
      </trkpt>
      <trkpt lat="45.744007" lon="4.652425">
        <ele>462.639227</ele>
        <time>2026-03-14T05:06:20.734Z</time>
      </trkpt>
      <trkpt lat="45.743979" lon="4.652646">
        <ele>461.542339</ele>
        <time>2026-03-14T05:06:26.069Z</time>
      </trkpt>
      <trkpt lat="45.743866" lon="4.652838">
        <ele>460.315792</ele>
        <time>2026-03-14T05:06:32.106Z</time>
      </trkpt>
      <trkpt lat="45.743685" lon="4.653025">
        <ele>458.754319</ele>
        <time>2026-03-14T05:06:39.907Z</time>
      </trkpt>
      <trkpt lat="45.742990" lon="4.652963">
        <ele>453.881489</ele>
        <time>2026-03-14T05:07:04.529Z</time>
      </trkpt>
      <trkpt lat="45.742856" lon="4.653016">
        <ele>452.908728</ele>
        <time>2026-03-14T05:07:09.445Z</time>
      </trkpt>
      <trkpt lat="45.742717" lon="4.653145">
        <ele>452.233550</ele>
        <time>2026-03-14T05:07:15.248Z</time>
      </trkpt>
      <trkpt lat="45.742565" lon="4.653360">
        <ele>451.629902</ele>
        <time>2026-03-14T05:07:22.955Z</time>
      </trkpt>
      <trkpt lat="45.742232" lon="4.654016">
        <ele>450.029902</ele>
        <time>2026-03-14T05:07:44.366Z</time>
      </trkpt>
      <trkpt lat="45.742160" lon="4.654122">
        <ele>449.738142</ele>
        <time>2026-03-14T05:07:48.479Z</time>
      </trkpt>
      <trkpt lat="45.741478" lon="4.654831">
        <ele>447.341161</ele>
        <time>2026-03-14T05:08:22.331Z</time>
      </trkpt>
      <trkpt lat="45.740974" lon="4.655437">
        <ele>445.242413</ele>
        <time>2026-03-14T05:08:48.954Z</time>
      </trkpt>
      <trkpt lat="45.740842" lon="4.655676">
        <ele>444.563890</ele>
        <time>2026-03-14T05:08:57.496Z</time>
      </trkpt>
      <trkpt lat="45.740664" lon="4.655977">
        <ele>443.685582</ele>
        <time>2026-03-14T05:09:07.941Z</time>
      </trkpt>
      <trkpt lat="45.740580" lon="4.655977">
        <ele>443.417631</ele>
        <time>2026-03-14T05:09:11.013Z</time>
      </trkpt>
      <trkpt lat="45.740583" lon="4.656858">
        <ele>441.740306</ele>
        <time>2026-03-14T05:09:36.869Z</time>
      </trkpt>
      <trkpt lat="45.740236" lon="4.656736">
        <ele>441.740306</ele>
        <time>2026-03-14T05:09:51.250Z</time>
      </trkpt>
      <trkpt lat="45.740095" lon="4.656599">
        <ele>441.740306</ele>
        <time>2026-03-14T05:09:58.002Z</time>
      </trkpt>
      <trkpt lat="45.740052" lon="4.656626">
        <ele>441.740306</ele>
        <time>2026-03-14T05:09:59.600Z</time>
      </trkpt>
      <trkpt lat="45.739619" lon="4.656839">
        <ele>441.740306</ele>
        <time>2026-03-14T05:10:14.504Z</time>
      </trkpt>
      <trkpt lat="45.739283" lon="4.657136">
        <ele>441.740306</ele>
        <time>2026-03-14T05:10:27.254Z</time>
      </trkpt>
      <trkpt lat="45.738996" lon="4.657110">
        <ele>441.740306</ele>
        <time>2026-03-14T05:10:37.011Z</time>
      </trkpt>
      <trkpt lat="45.738860" lon="4.657072">
        <ele>441.740306</ele>
        <time>2026-03-14T05:10:41.797Z</time>
      </trkpt>
      <trkpt lat="45.738523" lon="4.656973">
        <ele>441.740306</ele>
        <time>2026-03-14T05:10:53.797Z</time>
      </trkpt>
    </trkseg>
  </trk>
</gpx>