<?xml version="1.0" encoding="UTF-8"?>
<gpx creator="Garmin Connect" version="1.1" schemaLocation="http://www.topografix.com/GPX/1/1 http://www.topografix.com/GPX/11.xsd" xmlns="http://www.topografix.com/GPX/1/1" xmlns:xsi="http://www.w3.org/2001/XMLSchema-instance" xsi:schemaLocation="http://www.topografix.com/GPX/1/1 http://www.topografix.com/GPX/1/1/gpx.xsd http://www.garmin.com/xmlschemas/GpxExtensions/v3 http://www.garmin.com/xmlschemas/GpxExtensionsv3.xsd http://www.garmin.com/xmlschemas/TrackPointExtension/v1 http://www.garmin.com/xmlschemas/TrackPointExtensionv1.xsd http://www.garmin.com/xmlschemas/PowerExtension/v1 http://www.garmin.com/xmlschemas/PowerExtensionv1.xsd http://www.topografix.com/GPX/gpx_style/0/2 http://www.topografix.com/GPX/gpx_style/0/2/gpx_style.xsd" xmlns:gpxtpx="http://www.garmin.com/xmlschemas/TrackPointExtension/v1" xmlns:gpxx="http://www.garmin.com/xmlschemas/GpxExtensions/v3" xmlns:gpxpx="http://www.garmin.com/xmlschemas/PowerExtension/v1" xmlns:gpx_style="http://www.topografix.com/GPX/gpx_style/0/2">
  <metadata>
    <name>100M Auron-Nice par Collelongue-Venanson et baisse Combe</name>
    <author>
      <name>gpx.studio</name>
      <link href="https://gpx.studio"/>
    </author>
    <link href="connect.garmin.com">
      <text>Garmin Connect</text>
    </link>
    <time>2025-11-02T17:25:21.000Z</time>
  </metadata>
  <trk>
    <name>100M Auron-Nice par Collelongue-Venanson et baisse Combe</name>
    <trkseg>
      <trkpt lat="44.224869925528765" lon="6.931589925661683">
        <ele>1591.0074414333883</ele>
      </trkpt>
      <trkpt lat="44.22500001266599" lon="6.9314248859882355">
        <ele>1592.0656786326892</ele>
      </trkpt>
      <trkpt lat="44.225129932165146" lon="6.93125993013382">
        <ele>1593.0422368078678</ele>
      </trkpt>
      <trkpt lat="44.22517997212708" lon="6.931159934028983">
        <ele>1593.60377299957</ele>
      </trkpt>
      <trkpt lat="44.22528994269669" lon="6.9307999312877655">
        <ele>1596.276772950744</ele>
      </trkpt>
      <trkpt lat="44.22536998987198" lon="6.930699935182929">
        <ele>1597.3848299937395</ele>
      </trkpt>
      <trkpt lat="44.22543997876346" lon="6.930429954081774">
        <ele>1598.1512484077882</ele>
      </trkpt>
      <trkpt lat="44.22552010975778" lon="6.930229626595974">
        <ele>1598.7504008617966</ele>
      </trkpt>
      <trkpt lat="44.225599989295006" lon="6.930029969662428">
        <ele>1598.8753415784445</ele>
      </trkpt>
      <trkpt lat="44.22575019299984" lon="6.929714474827051">
        <ele>1599.4175662762768</ele>
      </trkpt>
      <trkpt lat="44.225899977609515" lon="6.929399985820055">
        <ele>1599.8121731236251</ele>
      </trkpt>
      <trkpt lat="44.2260199226439" lon="6.929269982501864">
        <ele>1600.183882177577</ele>
      </trkpt>
      <trkpt lat="44.226159984245896" lon="6.929209968075156">
        <ele>1600.5677833727807</ele>
      </trkpt>
      <trkpt lat="44.22624992206693" lon="6.929209968075156">
        <ele>1600.8037588927384</ele>
      </trkpt>
      <trkpt lat="44.22641999088228" lon="6.929339971393347">
        <ele>1602.2790945644506</ele>
      </trkpt>
      <trkpt lat="44.226439939811826" lon="6.929409960284829">
        <ele>1602.89327259055</ele>
      </trkpt>
      <trkpt lat="44.22650992870331" lon="6.9294799491763115">
        <ele>1603.6382624800651</ele>
      </trkpt>
      <trkpt lat="44.226519986987114" lon="6.929549938067794">
        <ele>1603.794027985864</ele>
      </trkpt>
      <trkpt lat="44.22661998309195" lon="6.929759988561273">
        <ele>1604.8253936478716</ele>
      </trkpt>
      <trkpt lat="44.22670992091298" lon="6.930009936913848">
        <ele>1605.743079078521</ele>
      </trkpt>
      <trkpt lat="44.22681997530162" lon="6.93009995855391">
        <ele>1606.0165267146776</ele>
      </trkpt>
      <trkpt lat="44.226950062438846" lon="6.9303251802921295">
        <ele>1606.2211177171855</ele>
      </trkpt>
      <trkpt lat="44.227079981938004" lon="6.93054998293519">
        <ele>1606.5113746838952</ele>
      </trkpt>
      <trkpt lat="44.22712993808091" lon="6.930689960718155">
        <ele>1606.4582506407587</ele>
      </trkpt>
      <trkpt lat="44.22717503271997" lon="6.9311009254306555">
        <ele>1606.2631508181694</ele>
      </trkpt>
      <trkpt lat="44.22721995972097" lon="6.931509962305427">
        <ele>1607.5553453680413</ele>
      </trkpt>
      <trkpt lat="44.2272599413991" lon="6.931699980050325">
        <ele>1608.2100192390146</ele>
      </trkpt>
      <trkpt lat="44.227339988574386" lon="6.9317099545150995">
        <ele>1609.7764313157245</ele>
      </trkpt>
      <trkpt lat="44.22740997746587" lon="6.931569976732135">
        <ele>1610.8512012727424</ele>
      </trkpt>
      <trkpt lat="44.22743001021445" lon="6.931259175762534">
        <ele>1611.5777358416167</ele>
      </trkpt>
      <trkpt lat="44.227449959143996" lon="6.930949967354536">
        <ele>1612.6635806522993</ele>
      </trkpt>
      <trkpt lat="44.227489940822124" lon="6.930789956822991">
        <ele>1614.289854133324</ele>
      </trkpt>
      <trkpt lat="44.22753998078406" lon="6.930699935182929">
        <ele>1614.8730002558723</ele>
      </trkpt>
      <trkpt lat="44.227619944140315" lon="6.930679986253381">
        <ele>1616.3684461678831</ele>
      </trkpt>
      <trkpt lat="44.22783996909857" lon="6.930719967931509">
        <ele>1619.4760906490592</ele>
      </trkpt>
      <trkpt lat="44.22790995799005" lon="6.930669927969575">
        <ele>1619.905075500193</ele>
      </trkpt>
      <trkpt lat="44.22796997241676" lon="6.9303699396550655">
        <ele>1621.1072875497941</ele>
      </trkpt>
      <trkpt lat="44.22797994688153" lon="6.930249994620681">
        <ele>1622.3534454191968</ele>
      </trkpt>
      <trkpt lat="44.228049935773015" lon="6.930149998515844">
        <ele>1623.3707786480877</ele>
      </trkpt>
      <trkpt lat="44.22815999016166" lon="6.930109933018684">
        <ele>1624.1292863719113</ele>
      </trkpt>
      <trkpt lat="44.22829996794462" lon="6.930189980193973">
        <ele>1624.3157500328737</ele>
      </trkpt>
      <trkpt lat="44.22835998237133" lon="6.930309925228357">
        <ele>1624.6725028587978</ele>
      </trkpt>
      <trkpt lat="44.228369956836104" lon="6.930449986830354">
        <ele>1624.8056704030212</ele>
      </trkpt>
      <trkpt lat="44.228349924087524" lon="6.930589964613318">
        <ele>1625.6329770490643</ele>
      </trkpt>
      <trkpt lat="44.228259986266494" lon="6.930889952927828">
        <ele>1626.8366152474985</ele>
      </trkpt>
      <trkpt lat="44.228239953517914" lon="6.931109977886081">
        <ele>1627.0134406464458</ele>
      </trkpt>
      <trkpt lat="44.228259986266494" lon="6.9312299229204655">
        <ele>1626.5444519592286</ele>
      </trkpt>
      <trkpt lat="44.22829996794462" lon="6.9312999956309795">
        <ele>1626.7048927462893</ele>
      </trkpt>
      <trkpt lat="44.22835998237133" lon="6.931329919025302">
        <ele>1627.7351205186037</ele>
      </trkpt>
      <trkpt lat="44.22843994572759" lon="6.931319944560528">
        <ele>1628.630695323362</ele>
      </trkpt>
      <trkpt lat="44.22850993461907" lon="6.9312499556690454">
        <ele>1629.706188380061</ele>
      </trkpt>
      <trkpt lat="44.22865997068584" lon="6.931019956246018">
        <ele>1632.8095343464972</ele>
      </trkpt>
      <trkpt lat="44.228779999539256" lon="6.930869836360216">
        <ele>1634.366563392792</ele>
      </trkpt>
      <trkpt lat="44.22889994457364" lon="6.930719967931509">
        <ele>1635.5233156465372</ele>
      </trkpt>
      <trkpt lat="44.228949984535575" lon="6.930559957399964">
        <ele>1635.3920260543816</ele>
      </trkpt>
      <trkpt lat="44.22900010831654" lon="6.930319396778941">
        <ele>1636.4606853421988</ele>
      </trkpt>
      <trkpt lat="44.22904998064041" lon="6.93007992580533">
        <ele>1638.4638302404906</ele>
      </trkpt>
      <trkpt lat="44.22908996231854" lon="6.930029969662428">
        <ele>1639.4149631404514</ele>
      </trkpt>
      <trkpt lat="44.229169925674796" lon="6.9299899879843">
        <ele>1640.7442022971147</ele>
      </trkpt>
      <trkpt lat="44.22931996174157" lon="6.930039944127202">
        <ele>1643.6408678090593</ele>
      </trkpt>
      <trkpt lat="44.22950495034456" lon="6.930199954658747">
        <ele>1646.5646300294034</ele>
      </trkpt>
      <trkpt lat="44.22968993894756" lon="6.930359965190291">
        <ele>1648.626802469336</ele>
      </trkpt>
      <trkpt lat="44.22977996058762" lon="6.930409921333194">
        <ele>1649.3481435828912</ele>
      </trkpt>
      <trkpt lat="44.22985992394388" lon="6.930429954081774">
        <ele>1649.68000115155</ele>
      </trkpt>
      <trkpt lat="44.22992999665439" lon="6.930409921333194">
        <ele>1649.7558719071144</ele>
      </trkpt>
      <trkpt lat="44.23000996001065" lon="6.930309925228357">
        <ele>1650.2500122055071</ele>
      </trkpt>
      <trkpt lat="44.23009998165071" lon="6.930149998515844">
        <ele>1650.36861089171</ele>
      </trkpt>
      <trkpt lat="44.23020014539361" lon="6.929869456216693">
        <ele>1652.7451206951282</ele>
      </trkpt>
      <trkpt lat="44.23029997386038" lon="6.929589919745922">
        <ele>1655.9519581592413</ele>
      </trkpt>
      <trkpt lat="44.23030994832516" lon="6.929179960861802">
        <ele>1658.7530593095491</ele>
      </trkpt>
      <trkpt lat="44.230369962751865" lon="6.928829932585359">
        <ele>1661.0317712487545</ele>
      </trkpt>
      <trkpt lat="44.230450093746185" lon="6.928579481318593">
        <ele>1663.1455082297896</ele>
      </trkpt>
      <trkpt lat="44.23052997328341" lon="6.928329952061176">
        <ele>1665.337539826543</ele>
      </trkpt>
      <trkpt lat="44.230559980496764" lon="6.928309919312596">
        <ele>1666.7636918574037</ele>
      </trkpt>
      <trkpt lat="44.23059996217489" lon="6.928309919312596">
        <ele>1667.8840557413903</ele>
      </trkpt>
      <trkpt lat="44.23063994385302" lon="6.92837999202311">
        <ele>1669.2176918151856</ele>
      </trkpt>
      <trkpt lat="44.23058998771012" lon="6.9286399986594915">
        <ele>1668.745544170018</ele>
      </trkpt>
      <trkpt lat="44.23062996938825" lon="6.928939986974001">
        <ele>1669.9215999638886</ele>
      </trkpt>
      <trkpt lat="44.23069995827973" lon="6.929179960861802">
        <ele>1673.6139166685925</ele>
      </trkpt>
      <trkpt lat="44.23076508566737" lon="6.929525714367628">
        <ele>1674.2646225128608</ele>
      </trkpt>
      <trkpt lat="44.23082996159792" lon="6.929869959130883">
        <ele>1677.0587079400689</ele>
      </trkpt>
      <trkpt lat="44.23078997991979" lon="6.930029969662428">
        <ele>1678.4828372291602</ele>
      </trkpt>
      <trkpt lat="44.230669951066375" lon="6.9301599729806185">
        <ele>1677.7541201071672</ele>
      </trkpt>
      <trkpt lat="44.23059996217489" lon="6.930329957976937">
        <ele>1675.9238842147101</ele>
      </trkpt>
      <trkpt lat="44.23058998771012" lon="6.930539924651384">
        <ele>1674.757725666727</ele>
      </trkpt>
      <trkpt lat="44.2306599766016" lon="6.930939992889762">
        <ele>1677.7780937947389</ele>
      </trkpt>
      <trkpt lat="44.230689983814955" lon="6.931239981204271">
        <ele>1676.431665777005</ele>
      </trkpt>
      <trkpt lat="44.23078997991979" lon="6.931359926238656">
        <ele>1679.0772488012753</ele>
      </trkpt>
      <trkpt lat="44.2309898044914" lon="6.931374929845333">
        <ele>1682.2311398686727</ele>
      </trkpt>
      <trkpt lat="44.23118996433914" lon="6.93138993345201">
        <ele>1684.747176032065</ele>
      </trkpt>
      <trkpt lat="44.23142993822694" lon="6.931619932875037">
        <ele>1682.7095034983492</ele>
      </trkpt>
      <trkpt lat="44.231549967080355" lon="6.931639965623617">
        <ele>1685.3808742571273</ele>
      </trkpt>
      <trkpt lat="44.23162993043661" lon="6.931579951196909">
        <ele>1687.8470656105533</ele>
      </trkpt>
      <trkpt lat="44.23182011581957" lon="6.9312896858900785">
        <ele>1692.3039516150802</ele>
      </trkpt>
      <trkpt lat="44.23200996592641" lon="6.930999923497438">
        <ele>1694.2194267083303</ele>
      </trkpt>
      <trkpt lat="44.232219932600856" lon="6.930759949609637">
        <ele>1694.192976124939</ele>
      </trkpt>
      <trkpt lat="44.23247993923724" lon="6.930579990148544">
        <ele>1693.663807540982</ele>
      </trkpt>
      <trkpt lat="44.23254992812872" lon="6.930499942973256">
        <ele>1694.4370053448147</ele>
      </trkpt>
      <trkpt lat="44.232665095478296" lon="6.930284695699811">
        <ele>1696.7916729732608</ele>
      </trkpt>
      <trkpt lat="44.232779927551746" lon="6.930069951340556">
        <ele>1697.967960491561</ele>
      </trkpt>
      <trkpt lat="44.23293993808329" lon="6.9299099408090115">
        <ele>1698.7465790801693</ele>
      </trkpt>
      <trkpt lat="44.233189886435866" lon="6.929725036025047">
        <ele>1699.5360770810462</ele>
      </trkpt>
      <trkpt lat="44.23343991860747" lon="6.92953996360302">
        <ele>1699.9293408378553</ele>
      </trkpt>
      <trkpt lat="44.23364996910095" lon="6.929469974711537">
        <ele>1698.3109333266316</ele>
      </trkpt>
      <trkpt lat="44.23382665961981" lon="6.92929663695395">
        <ele>1701.3549267948006</ele>
      </trkpt>
      <trkpt lat="44.234003350138664" lon="6.929123215377331">
        <ele>1701.7790871818522</ele>
      </trkpt>
      <trkpt lat="44.23417995683849" lon="6.928949961438775">
        <ele>1701.9871741601817</ele>
      </trkpt>
      <trkpt lat="44.23435991629958" lon="6.928729936480522">
        <ele>1703.6678729225657</ele>
      </trkpt>
      <trkpt lat="44.234494948759675" lon="6.928599933162332">
        <ele>1702.9855794506232</ele>
      </trkpt>
      <trkpt lat="44.23462998121977" lon="6.928469929844141">
        <ele>1704.1193346695013</ele>
      </trkpt>
      <trkpt lat="44.23482494428754" lon="6.928325006738305">
        <ele>1705.7586782601566</ele>
      </trkpt>
      <trkpt lat="44.23501999117434" lon="6.9281799998134375">
        <ele>1708.0584217394544</ele>
      </trkpt>
      <trkpt lat="44.23512996174395" lon="6.928149992600083">
        <ele>1707.4653855680153</ele>
      </trkpt>
      <trkpt lat="44.23521998338401" lon="6.9281799998134375">
        <ele>1706.7180450894084</ele>
      </trkpt>
      <trkpt lat="44.23548996448517" lon="6.928349984809756">
        <ele>1705.8966303699922</ele>
      </trkpt>
      <trkpt lat="44.23561996780336" lon="6.9283699337393045">
        <ele>1709.2522480522036</ele>
      </trkpt>
      <trkpt lat="44.23577989451587" lon="6.928279995918274">
        <ele>1711.3759504026168</ele>
      </trkpt>
      <trkpt lat="44.23593998886645" lon="6.928189974278212">
        <ele>1713.920006430726</ele>
      </trkpt>
      <trkpt lat="44.23607996664941" lon="6.928089978173375">
        <ele>1711.9469707016497</ele>
      </trkpt>
      <trkpt lat="44.236279958859086" lon="6.927999956533313">
        <ele>1712.703707174033</ele>
      </trkpt>
      <trkpt lat="44.23635992221534" lon="6.927919993177056">
        <ele>1713.2174552140846</ele>
      </trkpt>
      <trkpt lat="44.23649998381734" lon="6.927539957687259">
        <ele>1718.203320646149</ele>
      </trkpt>
      <trkpt lat="44.236595118418336" lon="6.927339714020491">
        <ele>1718.0454562399668</ele>
      </trkpt>
      <trkpt lat="44.236689917743206" lon="6.927139973267913">
        <ele>1719.1625779014962</ele>
      </trkpt>
      <trkpt lat="44.23672000877559" lon="6.926759015768766">
        <ele>1725.00789399905</ele>
      </trkpt>
      <trkpt lat="44.236749932169914" lon="6.926379986107349">
        <ele>1728.1991317751563</ele>
      </trkpt>
      <trkpt lat="44.23686996102333" lon="6.926069939509034">
        <ele>1727.0992474831946</ele>
      </trkpt>
      <trkpt lat="44.23697993159294" lon="6.925859972834587">
        <ele>1725.407592475686</ele>
      </trkpt>
      <trkpt lat="44.23701002262533" lon="6.925639444962144">
        <ele>1729.6532459259738</ele>
      </trkpt>
      <trkpt lat="44.23703994601965" lon="6.925419922918081">
        <ele>1730.3648768629296</ele>
      </trkpt>
      <trkpt lat="44.237049920484424" lon="6.925029996782541">
        <ele>1732.9907261717383</ele>
      </trkpt>
      <trkpt lat="44.23716994933784" lon="6.924689942970872">
        <ele>1730.4560519300776</ele>
      </trkpt>
      <trkpt lat="44.237305149436" lon="6.924454662948847">
        <ele>1728.7015710905766</ele>
      </trkpt>
      <trkpt lat="44.237439930438995" lon="6.924219969660044">
        <ele>1727.886519751698</ele>
      </trkpt>
      <trkpt lat="44.237455017864704" lon="6.9239994417876005">
        <ele>1731.2252800460785</ele>
      </trkpt>
      <trkpt lat="44.23746993765235" lon="6.923779919743538">
        <ele>1732.3697290825341</ele>
      </trkpt>
      <trkpt lat="44.23746490851045" lon="6.923544388264418">
        <ele>1733.563641708738</ele>
      </trkpt>
      <trkpt lat="44.237459963187575" lon="6.92330994643271">
        <ele>1733.5793504316316</ele>
      </trkpt>
      <trkpt lat="44.23733473755419" lon="6.922909207642078">
        <ele>1736.8583138231734</ele>
      </trkpt>
      <trkpt lat="44.23720993101597" lon="6.922509977594018">
        <ele>1737.8574417491222</ele>
      </trkpt>
      <trkpt lat="44.23705997876823" lon="6.9221799820661545">
        <ele>1738.91949672163</ele>
      </trkpt>
      <trkpt lat="44.23691991716623" lon="6.921949982643127">
        <ele>1740.6196406619383</ele>
      </trkpt>
      <trkpt lat="44.23692997545004" lon="6.921729454770684">
        <ele>1739.3654350013444</ele>
      </trkpt>
      <trkpt lat="44.23693994991481" lon="6.921509932726622">
        <ele>1740.9919678211188</ele>
      </trkpt>
      <trkpt lat="44.23707012087107" lon="6.9212746527045965">
        <ele>1738.235434458086</ele>
      </trkpt>
      <trkpt lat="44.237199956551194" lon="6.921039959415793">
        <ele>1737.9166694076368</ele>
      </trkpt>
      <trkpt lat="44.23728997819126" lon="6.920809959992766">
        <ele>1740.6772580071886</ele>
      </trkpt>
      <trkpt lat="44.23736994154751" lon="6.920479964464903">
        <ele>1742.6211528921176</ele>
      </trkpt>
      <trkpt lat="44.237329959869385" lon="6.920219957828522">
        <ele>1746.6038794111985</ele>
      </trkpt>
      <trkpt lat="44.23720993101597" lon="6.919919969514012">
        <ele>1751.20814775902</ele>
      </trkpt>
      <trkpt lat="44.23720993101597" lon="6.919689970090985">
        <ele>1749.9449526143642</ele>
      </trkpt>
      <trkpt lat="44.237309927120805" lon="6.91941998898983">
        <ele>1751.4929580473886</ele>
      </trkpt>
      <trkpt lat="44.237349992617965" lon="6.919079935178161">
        <ele>1757.713987275982</ele>
      </trkpt>
      <trkpt lat="44.2374499887228" lon="6.9188199285417795">
        <ele>1756.223806531075</ele>
      </trkpt>
      <trkpt lat="44.23757999204099" lon="6.918699983507395">
        <ele>1753.5050445589209</ele>
      </trkpt>
      <trkpt lat="44.23780999146402" lon="6.918619936332107">
        <ele>1755.1185482051358</ele>
      </trkpt>
      <trkpt lat="44.23795994371176" lon="6.918459925800562">
        <ele>1759.3004541955456</ele>
      </trkpt>
      <trkpt lat="44.238039990887046" lon="6.918219951912761">
        <ele>1763.6689652017</ele>
      </trkpt>
      <trkpt lat="44.23794477246702" lon="6.917899344116449">
        <ele>1772.127476803245</ele>
      </trkpt>
      <trkpt lat="44.23784997314215" lon="6.917579993605614">
        <ele>1773.2576882041371</ele>
      </trkpt>
      <trkpt lat="44.23785994760692" lon="6.917359968647361">
        <ele>1771.5925200716752</ele>
      </trkpt>
      <trkpt lat="44.237739918753505" lon="6.917259972542524">
        <ele>1776.6948941648561</ele>
      </trkpt>
      <trkpt lat="44.237649980932474" lon="6.916989991441369">
        <ele>1778.4080563440875</ele>
      </trkpt>
      <trkpt lat="44.237649980932474" lon="6.916672484949231">
        <ele>1777.753147564134</ele>
      </trkpt>
      <trkpt lat="44.237649980932474" lon="6.916355062276125">
        <ele>1780.3613241077244</ele>
      </trkpt>
      <trkpt lat="44.237649980932474" lon="6.916039986535907">
        <ele>1781.1035476933832</ele>
      </trkpt>
      <trkpt lat="44.237779984250665" lon="6.916019953787327">
        <ele>1774.5084290196482</ele>
      </trkpt>
      <trkpt lat="44.23794996924698" lon="6.916129924356937">
        <ele>1771.3378614929802</ele>
      </trkpt>
      <trkpt lat="44.238154739141464" lon="6.9161449279636145">
        <ele>1773.8039114885078</ele>
      </trkpt>
      <trkpt lat="44.2383599281311" lon="6.9161599315702915">
        <ele>1774.7658414532398</ele>
      </trkpt>
      <trkpt lat="44.238549945876" lon="6.916069993749261">
        <ele>1779.7453939700524</ele>
      </trkpt>
      <trkpt lat="44.23858003690839" lon="6.915775956586003">
        <ele>1787.6714814688755</ele>
      </trkpt>
      <trkpt lat="44.238610127940774" lon="6.915481919422746">
        <ele>1792.8741475382726</ele>
      </trkpt>
      <trkpt lat="44.238639967516065" lon="6.915189977735281">
        <ele>1792.0801091124722</ele>
      </trkpt>
      <trkpt lat="44.23860996030271" lon="6.914979927241802">
        <ele>1795.9522829582343</ele>
      </trkpt>
      <trkpt lat="44.23866997472942" lon="6.914849923923612">
        <ele>1791.21249575864</ele>
      </trkpt>
      <trkpt lat="44.238769970834255" lon="6.914729978889227">
        <ele>1790.340116638137</ele>
      </trkpt>
      <trkpt lat="44.23886996693909" lon="6.9143599178642035">
        <ele>1797.0106591703593</ele>
      </trkpt>
      <trkpt lat="44.23898999579251" lon="6.914309961721301">
        <ele>1791.1720709407919</ele>
      </trkpt>
      <trkpt lat="44.23918998800218" lon="6.914379950612783">
        <ele>1787.6465005000027</ele>
      </trkpt>
      <trkpt lat="44.23935008235276" lon="6.914590084925294">
        <ele>1786.5390618740348</ele>
      </trkpt>
      <trkpt lat="44.23950992524624" lon="6.914799967780709">
        <ele>1785.409915476021</ele>
      </trkpt>
      <trkpt lat="44.239739924669266" lon="6.9148599822074175">
        <ele>1787.1579917324354</ele>
      </trkpt>
      <trkpt lat="44.23987998627126" lon="6.915019992738962">
        <ele>1786.6565174615773</ele>
      </trkpt>
      <trkpt lat="44.23998995684087" lon="6.915299948304892">
        <ele>1786.8542281247032</ele>
      </trkpt>
      <trkpt lat="44.24009992741048" lon="6.915319981053472">
        <ele>1788.0063080141167</ele>
      </trkpt>
      <trkpt lat="44.240339985117316" lon="6.915199952200055">
        <ele>1788.9773636941245</ele>
      </trkpt>
      <trkpt lat="44.24051994457841" lon="6.915169944986701">
        <ele>1787.6486089511916</ele>
      </trkpt>
      <trkpt lat="44.24062999896705" lon="6.915099956095219">
        <ele>1788.9264773646862</ele>
      </trkpt>
      <trkpt lat="44.240749944001436" lon="6.91505997441709">
        <ele>1788.9074895092213</ele>
      </trkpt>
      <trkpt lat="44.24097994342446" lon="6.915209926664829">
        <ele>1790.7896136407787</ele>
      </trkpt>
      <trkpt lat="44.24103995785117" lon="6.915199952200055">
        <ele>1792.1232542136204</ele>
      </trkpt>
      <trkpt lat="44.24130993895233" lon="6.9150899816304445">
        <ele>1790.1615528912635</ele>
      </trkpt>
      <trkpt lat="44.241349920630455" lon="6.91503994166851">
        <ele>1792.9513740710277</ele>
      </trkpt>
      <trkpt lat="44.241369953379035" lon="6.914919996634126">
        <ele>1795.5145140133145</ele>
      </trkpt>
      <trkpt lat="44.24132997170091" lon="6.914689997211099">
        <ele>1798.4430943716952</ele>
      </trkpt>
      <trkpt lat="44.24131999723613" lon="6.914329994469881">
        <ele>1797.9455545866804</ele>
      </trkpt>
      <trkpt lat="44.24127993173897" lon="6.91404995508492">
        <ele>1798.5514344070916</ele>
      </trkpt>
      <trkpt lat="44.24115998670459" lon="6.913889944553375">
        <ele>1800.842384124699</ele>
      </trkpt>
      <trkpt lat="44.2410799395293" lon="6.913659945130348">
        <ele>1800.5945385988541</ele>
      </trkpt>
      <trkpt lat="44.24101992510259" lon="6.913229953497648">
        <ele>1801.2795950593804</ele>
      </trkpt>
      <trkpt lat="44.24090995453298" lon="6.913029961287975">
        <ele>1804.1155454545433</ele>
      </trkpt>
      <trkpt lat="44.24096996895969" lon="6.91275998018682">
        <ele>1796.4002409586344</ele>
      </trkpt>
      <trkpt lat="44.24105999059975" lon="6.912619918584824">
        <ele>1793.9360062700262</ele>
      </trkpt>
      <trkpt lat="44.241259982809424" lon="6.912469966337085">
        <ele>1791.705631966855</ele>
      </trkpt>
      <trkpt lat="44.24130993895233" lon="6.912349937483668">
        <ele>1795.6817463760199</ele>
      </trkpt>
      <trkpt lat="44.24131999723613" lon="6.912079956382513">
        <ele>1799.742207968378</ele>
      </trkpt>
      <trkpt lat="44.24128999002278" lon="6.911829924210906">
        <ele>1800.9744814555856</ele>
      </trkpt>
      <trkpt lat="44.24133005551994" lon="6.9116145092993975">
        <ele>1799.1273061516424</ele>
      </trkpt>
      <trkpt lat="44.241369953379035" lon="6.911399932578206">
        <ele>1797.9562548845602</ele>
      </trkpt>
      <trkpt lat="44.24142996780574" lon="6.9112699292600155">
        <ele>1795.2161212423753</ele>
      </trkpt>
      <trkpt lat="44.24152996391058" lon="6.911239922046661">
        <ele>1790.9589798967036</ele>
      </trkpt>
      <trkpt lat="44.24163993448019" lon="6.911239922046661">
        <ele>1787.2256756463275</ele>
      </trkpt>
      <trkpt lat="44.24183992668986" lon="6.9112699292600155">
        <ele>1786.8794656580549</ele>
      </trkpt>
      <trkpt lat="44.2419399227947" lon="6.911229947581887">
        <ele>1790.490923546663</ele>
      </trkpt>
      <trkpt lat="44.24207000993192" lon="6.911064824089408">
        <ele>1793.8266957530705</ele>
      </trkpt>
      <trkpt lat="44.24219992943108" lon="6.910899952054024">
        <ele>1793.5110563610856</ele>
      </trkpt>
      <trkpt lat="44.24227511510253" lon="6.910689566284418">
        <ele>1797.5148684667934</ele>
      </trkpt>
      <trkpt lat="44.24234996549785" lon="6.910479934886098">
        <ele>1799.2622079124958</ele>
      </trkpt>
      <trkpt lat="44.24258993938565" lon="6.9104099459946156">
        <ele>1792.9469104450345</ele>
      </trkpt>
      <trkpt lat="44.24268993549049" lon="6.9104099459946156">
        <ele>1793.0929491928332</ele>
      </trkpt>
      <trkpt lat="44.242849946022034" lon="6.910339957103133">
        <ele>1793.752950326967</ele>
      </trkpt>
      <trkpt lat="44.24292999319732" lon="6.910349931567907">
        <ele>1793.2966135486472</ele>
      </trkpt>
      <trkpt lat="44.24301993101835" lon="6.91043995320797">
        <ele>1791.5409621830481</ele>
      </trkpt>
      <trkpt lat="44.24314993433654" lon="6.9106299709528685">
        <ele>1791.3917206274348</ele>
      </trkpt>
      <trkpt lat="44.2431799415499" lon="6.910699959844351">
        <ele>1790.4578361992471</ele>
      </trkpt>
      <trkpt lat="44.243239955976605" lon="6.910709934309125">
        <ele>1791.9178498588672</ele>
      </trkpt>
      <trkpt lat="44.24343994818628" lon="6.910599963739514">
        <ele>1791.2795348519753</ele>
      </trkpt>
      <trkpt lat="44.24354991875589" lon="6.910499967634678">
        <ele>1790.1818501225432</ele>
      </trkpt>
      <trkpt lat="44.243716718629" lon="6.910289833322167">
        <ele>1788.6485570104626</ele>
      </trkpt>
      <trkpt lat="44.243883518502116" lon="6.910079699009657">
        <ele>1786.83770455496</ele>
      </trkpt>
      <trkpt lat="44.2440499830991" lon="6.909869983792305">
        <ele>1784.8398652593648</ele>
      </trkpt>
      <trkpt lat="44.24419993534684" lon="6.909739980474114">
        <ele>1781.5015016184789</ele>
      </trkpt>
      <trkpt lat="44.24435994587839" lon="6.909439992159605">
        <ele>1779.996444784747</ele>
      </trkpt>
      <trkpt lat="44.24453998915851" lon="6.909299930557609">
        <ele>1776.7465173071862</ele>
      </trkpt>
      <trkpt lat="44.244679966941476" lon="6.909139920026064">
        <ele>1775.0834936106721</ele>
      </trkpt>
      <trkpt lat="44.24483997747302" lon="6.9090399239212275">
        <ele>1772.23203044908</ele>
      </trkpt>
      <trkpt lat="44.24503494054079" lon="6.908874968066812">
        <ele>1769.877182690645</ele>
      </trkpt>
      <trkpt lat="44.24522998742759" lon="6.908709928393364">
        <ele>1767.7182676921561</ele>
      </trkpt>
      <trkpt lat="44.2453399579972" lon="6.908579925075173">
        <ele>1766.7656612145756</ele>
      </trkpt>
      <trkpt lat="44.24556995742023" lon="6.908469954505563">
        <ele>1762.2815878730858</ele>
      </trkpt>
      <trkpt lat="44.24575997516513" lon="6.908329976722598">
        <ele>1761.7789780329322</ele>
      </trkpt>
      <trkpt lat="44.24589995294809" lon="6.9081999734044075">
        <ele>1760.530840132667</ele>
      </trkpt>
      <trkpt lat="44.24603993073106" lon="6.908149933442473">
        <ele>1758.5664241871127</ele>
      </trkpt>
      <trkpt lat="44.24616993404925" lon="6.908169966191053">
        <ele>1756.284790911504</ele>
      </trkpt>
      <trkpt lat="44.24640990793705" lon="6.908369958400726">
        <ele>1753.7228909439352</ele>
      </trkpt>
      <trkpt lat="44.24664996564388" lon="6.908569950610399">
        <ele>1753.476732842501</ele>
      </trkpt>
      <trkpt lat="44.24652482382953" lon="6.908770194277167">
        <ele>1752.198431943572</ele>
      </trkpt>
      <trkpt lat="44.246399933472276" lon="6.908969935029745">
        <ele>1748.0763035268337</ele>
      </trkpt>
      <trkpt lat="44.24631997011602" lon="6.9090399239212275">
        <ele>1745.4229496429887</ele>
      </trkpt>
      <trkpt lat="44.24624998122454" lon="6.90912994556129">
        <ele>1743.2838122854803</ele>
      </trkpt>
      <trkpt lat="44.24623992294073" lon="6.909209992736578">
        <ele>1741.898978133305</ele>
      </trkpt>
      <trkpt lat="44.24624998122454" lon="6.909319963306189">
        <ele>1740.2326714754151</ele>
      </trkpt>
      <trkpt lat="44.24629993736744" lon="6.909349970519543">
        <ele>1740.4836118509202</ele>
      </trkpt>
      <trkpt lat="44.24632994458079" lon="6.909399926662445">
        <ele>1739.5273222186743</ele>
      </trkpt>
      <trkpt lat="44.24655994400382" lon="6.909649958834052">
        <ele>1734.943825193062</ele>
      </trkpt>
      <trkpt lat="44.24666010774672" lon="6.909890351817012">
        <ele>1731.2836151169477</ele>
      </trkpt>
      <trkpt lat="44.24675993621349" lon="6.910129990428686">
        <ele>1729.2420775826072</ele>
      </trkpt>
      <trkpt lat="44.24685993231833" lon="6.910449927672744">
        <ele>1720.5729709636175</ele>
      </trkpt>
      <trkpt lat="44.24703000113368" lon="6.910645058378577">
        <ele>1725.0761458846468</ele>
      </trkpt>
      <trkpt lat="44.24719998613" lon="6.9108399376273155">
        <ele>1726.6960632039636</ele>
      </trkpt>
      <trkpt lat="44.24726997502148" lon="6.911009922623634">
        <ele>1725.5042464435667</ele>
      </trkpt>
      <trkpt lat="44.24734993837774" lon="6.911079995334148">
        <ele>1726.251745449461</ele>
      </trkpt>
      <trkpt lat="44.24755982123315" lon="6.911183260381222">
        <ele>1724.5451892926503</ele>
      </trkpt>
      <trkpt lat="44.24776970408857" lon="6.911286525428295">
        <ele>1723.3966096970412</ele>
      </trkpt>
      <trkpt lat="44.24797992222011" lon="6.911389958113432">
        <ele>1720.9959175465785</ele>
      </trkpt>
      <trkpt lat="44.2480599693954" lon="6.91144997254014">
        <ele>1718.301344786487</ele>
      </trkpt>
      <trkpt lat="44.24808997660875" lon="6.9114999286830425">
        <ele>1717.2482129126013</ele>
      </trkpt>
      <trkpt lat="44.24811998382211" lon="6.911629932001233">
        <ele>1713.6642010724713</ele>
      </trkpt>
      <trkpt lat="44.24820992164314" lon="6.9117699936032295">
        <ele>1715.5644359197743</ele>
      </trkpt>
      <trkpt lat="44.24823992885649" lon="6.911889938637614">
        <ele>1717.067754545857</ele>
      </trkpt>
      <trkpt lat="44.2482499871403" lon="6.912069981917739">
        <ele>1717.4455477686436</ele>
      </trkpt>
      <trkpt lat="44.2483501508832" lon="6.912425709888339">
        <ele>1713.246172201562</ele>
      </trkpt>
      <trkpt lat="44.24844997934997" lon="6.912779929116368">
        <ele>1704.7823952131184</ele>
      </trkpt>
      <trkpt lat="44.24825996160507" lon="6.912719998508692">
        <ele>1699.6434806735188</ele>
      </trkpt>
      <trkpt lat="44.248219979926944" lon="6.912809936329722">
        <ele>1695.9835888271828</ele>
      </trkpt>
      <trkpt lat="44.248269936069846" lon="6.912909932434559">
        <ele>1694.6641866892044</ele>
      </trkpt>
      <trkpt lat="44.2480599693954" lon="6.9128399435430765">
        <ele>1686.3356437715897</ele>
      </trkpt>
      <trkpt lat="44.24807991832495" lon="6.9130899757146835">
        <ele>1682.428062054445</ele>
      </trkpt>
      <trkpt lat="44.2482499871403" lon="6.91318997181952">
        <ele>1681.9203996379672</ele>
      </trkpt>
      <trkpt lat="44.24822995439172" lon="6.913219979032874">
        <ele>1680.2287885265882</ele>
      </trkpt>
      <trkpt lat="44.24814999103546" lon="6.913209920749068">
        <ele>1680.1252847970666</ele>
      </trkpt>
      <trkpt lat="44.24811998382211" lon="6.913229953497648">
        <ele>1678.3709663196878</ele>
      </trkpt>
      <trkpt lat="44.24823992885649" lon="6.913319975137711">
        <ele>1675.167974706987</ele>
      </trkpt>
      <trkpt lat="44.24842994660139" lon="6.913429945707321">
        <ele>1671.1184349586229</ele>
      </trkpt>
      <trkpt lat="44.248569924384356" lon="6.913729934021831">
        <ele>1666.2874184770728</ele>
      </trkpt>
      <trkpt lat="44.248679978773" lon="6.913809981197119">
        <ele>1665.85649555264</ele>
      </trkpt>
      <trkpt lat="44.24884996376932" lon="6.913899919018149">
        <ele>1664.6805061706566</ele>
      </trkpt>
      <trkpt lat="44.249039981514215" lon="6.914149951189756">
        <ele>1659.4011437929116</ele>
      </trkpt>
      <trkpt lat="44.249194879084826" lon="6.91422488540411">
        <ele>1653.9696668079202</ele>
      </trkpt>
      <trkpt lat="44.2493499442935" lon="6.914299987256527">
        <ele>1650.1506966485508</ele>
      </trkpt>
      <trkpt lat="44.24935991875827" lon="6.9143599178642035">
        <ele>1647.046177495647</ele>
      </trkpt>
      <trkpt lat="44.24913997761905" lon="6.914459997788072">
        <ele>1639.3139334957702</ele>
      </trkpt>
      <trkpt lat="44.249099995940924" lon="6.914519928395748">
        <ele>1635.31525343883</ele>
      </trkpt>
      <trkpt lat="44.24926998093724" lon="6.914729978889227">
        <ele>1625.586723785047</ele>
      </trkpt>
      <trkpt lat="44.24955999478698" lon="6.914799967780709">
        <ele>1621.092636932797</ele>
      </trkpt>
      <trkpt lat="44.24970994703472" lon="6.9148599822074175">
        <ele>1617.7834615460351</ele>
      </trkpt>
      <trkpt lat="44.24955999478698" lon="6.9149299710989">
        <ele>1614.6051093250321</ele>
      </trkpt>
      <trkpt lat="44.249659990891814" lon="6.914979927241802">
        <ele>1611.978564746046</ele>
      </trkpt>
      <trkpt lat="44.249789994210005" lon="6.915009934455156">
        <ele>1609.5604458693279</ele>
      </trkpt>
      <trkpt lat="44.24973995424807" lon="6.9150899816304445">
        <ele>1605.9575936465887</ele>
      </trkpt>
      <trkpt lat="44.24964993260801" lon="6.915099956095219">
        <ele>1605.7247116224319</ele>
      </trkpt>
      <trkpt lat="44.24962998367846" lon="6.915139937773347">
        <ele>1603.5591804709802</ele>
      </trkpt>
      <trkpt lat="44.24978001974523" lon="6.915300032123923">
        <ele>1596.5912797833844</ele>
      </trkpt>
      <trkpt lat="44.24992997199297" lon="6.915459958836436">
        <ele>1590.353356540964</ele>
      </trkpt>
      <trkpt lat="44.25011998973787" lon="6.91550999879837">
        <ele>1587.885868986451</ele>
      </trkpt>
      <trkpt lat="44.25027002580464" lon="6.915695071220398">
        <ele>1577.072834069023</ele>
      </trkpt>
      <trkpt lat="44.25041997805238" lon="6.915879976004362">
        <ele>1568.0923504327984</ele>
      </trkpt>
      <trkpt lat="44.25050999969244" lon="6.915889950469136">
        <ele>1569.299400340814</ele>
      </trkpt>
      <trkpt lat="44.250654922798276" lon="6.915994891896844">
        <ele>1566.6716895650363</ele>
      </trkpt>
      <trkpt lat="44.250799929723144" lon="6.916099917143583">
        <ele>1563.0378645078554</ele>
      </trkpt>
      <trkpt lat="44.251044848933816" lon="6.916249869391322">
        <ele>1554.3960328350545</ele>
      </trkpt>
      <trkpt lat="44.25128993578255" lon="6.916399989277124">
        <ele>1546.4209567876196</ele>
      </trkpt>
      <trkpt lat="44.25145992077887" lon="6.91636998206377">
        <ele>1544.6888282852449</ele>
      </trkpt>
      <trkpt lat="44.25158992409706" lon="6.9161799643188715">
        <ele>1548.446434606193</ele>
      </trkpt>
      <trkpt lat="44.251659996807575" lon="6.916149957105517">
        <ele>1547.7939682804492</ele>
      </trkpt>
      <trkpt lat="44.251789916306734" lon="6.915959939360619">
        <ele>1552.7000960192509</ele>
      </trkpt>
      <trkpt lat="44.25198999233544" lon="6.916079968214035">
        <ele>1543.6772237545688</ele>
      </trkpt>
      <trkpt lat="44.25228998064995" lon="6.916099917143583">
        <ele>1535.9854717847024</ele>
      </trkpt>
      <trkpt lat="44.25241998396814" lon="6.916079968214035">
        <ele>1533.2496727457226</ele>
      </trkpt>
      <trkpt lat="44.25265995785594" lon="6.915909983217716">
        <ele>1527.5559147842143</ele>
      </trkpt>
      <trkpt lat="44.252799935638905" lon="6.915849968791008">
        <ele>1526.0829290259644</ele>
      </trkpt>
      <trkpt lat="44.25290999002755" lon="6.915849968791008">
        <ele>1523.301003783959</ele>
      </trkpt>
      <trkpt lat="44.25314996391535" lon="6.916039986535907">
        <ele>1511.2113412118736</ele>
      </trkpt>
      <trkpt lat="44.25304980017245" lon="6.916325474157929">
        <ele>1507.9475955201635</ele>
      </trkpt>
      <trkpt lat="44.252949971705675" lon="6.9166099559515715">
        <ele>1498.457639660632</ele>
      </trkpt>
      <trkpt lat="44.252929938957095" lon="6.916619930416346">
        <ele>1498.014977779346</ele>
      </trkpt>
      <trkpt lat="44.2529399972409" lon="6.916729984804988">
        <ele>1494.0117105281429</ele>
      </trkpt>
      <trkpt lat="44.25289993174374" lon="6.916749933734536">
        <ele>1492.7096864054577</ele>
      </trkpt>
      <trkpt lat="44.252759953960776" lon="6.916739959269762">
        <ele>1496.4582041460644</ele>
      </trkpt>
      <trkpt lat="44.252739921212196" lon="6.916889995336533">
        <ele>1489.6779741956823</ele>
      </trkpt>
      <trkpt lat="44.25263992510736" lon="6.917039947584271">
        <ele>1488.8140595976602</ele>
      </trkpt>
      <trkpt lat="44.25248997285962" lon="6.917339935898781">
        <ele>1482.7912618269143</ele>
      </trkpt>
      <trkpt lat="44.25228998064995" lon="6.91763992421329">
        <ele>1476.5490540977241</ele>
      </trkpt>
      <trkpt lat="44.25214991904795" lon="6.917989952489734">
        <ele>1468.4012536107848</ele>
      </trkpt>
      <trkpt lat="44.25197993405163" lon="6.918189944699407">
        <ele>1464.6186663796223</ele>
      </trkpt>
      <trkpt lat="44.25196995958686" lon="6.918229926377535">
        <ele>1462.956656112643</ele>
      </trkpt>
      <trkpt lat="44.25179997459054" lon="6.918379962444305">
        <ele>1459.348238336736</ele>
      </trkpt>
      <trkpt lat="44.25186996348202" lon="6.918429918587208">
        <ele>1454.6942113704808</ele>
      </trkpt>
      <trkpt lat="44.251639964058995" lon="6.918669976294041">
        <ele>1449.9406481026535</ele>
      </trkpt>
      <trkpt lat="44.251619931310415" lon="6.918779946863651">
        <ele>1445.1813491244875</ele>
      </trkpt>
      <trkpt lat="44.25147492438555" lon="6.918950015679002">
        <ele>1441.0090580864708</ele>
      </trkpt>
      <trkpt lat="44.25132991746068" lon="6.919119916856289">
        <ele>1436.3152501114305</ele>
      </trkpt>
      <trkpt lat="44.25134995020926" lon="6.919189989566803">
        <ele>1432.9156598957993</ele>
      </trkpt>
      <trkpt lat="44.25119999796152" lon="6.919279927387834">
        <ele>1433.067820996035</ele>
      </trkpt>
      <trkpt lat="44.25112992525101" lon="6.919489977881312">
        <ele>1427.0389271231056</ele>
      </trkpt>
      <trkpt lat="44.25102992914617" lon="6.919599948450923">
        <ele>1425.8619525644388</ele>
      </trkpt>
      <trkpt lat="44.251079969108105" lon="6.919629955664277">
        <ele>1423.0411084523414</ele>
      </trkpt>
      <trkpt lat="44.25104996189475" lon="6.919709919020534">
        <ele>1420.6968822248873</ele>
      </trkpt>
      <trkpt lat="44.251079969108105" lon="6.919769933447242">
        <ele>1417.5678071810648</ele>
      </trkpt>
      <trkpt lat="44.25115993246436" lon="6.919719977304339">
        <ele>1417.1380109798758</ele>
      </trkpt>
      <trkpt lat="44.25116999074817" lon="6.919779991731048">
        <ele>1414.746752387424</ele>
      </trkpt>
      <trkpt lat="44.25109991803765" lon="6.9199299439787865">
        <ele>1410.8934295780405</ele>
      </trkpt>
      <trkpt lat="44.25115993246436" lon="6.9199299439787865">
        <ele>1409.4252259881675</ele>
      </trkpt>
      <trkpt lat="44.25116999074817" lon="6.919969925656915">
        <ele>1407.629397051694</ele>
      </trkpt>
      <trkpt lat="44.25124995410442" lon="6.919899936765432">
        <ele>1408.1599464035598</ele>
      </trkpt>
      <trkpt lat="44.25130996853113" lon="6.919899936765432">
        <ele>1406.1291082168118</ele>
      </trkpt>
      <trkpt lat="44.25129999406636" lon="6.9199499767273664">
        <ele>1404.6098170673056</ele>
      </trkpt>
      <trkpt lat="44.25122992135584" lon="6.920009991154075">
        <ele>1404.540000291698</ele>
      </trkpt>
      <trkpt lat="44.251209972426295" lon="6.920149968937039">
        <ele>1399.542587661368</ele>
      </trkpt>
      <trkpt lat="44.25117996521294" lon="6.920199925079942">
        <ele>1398.277852347424</ele>
      </trkpt>
      <trkpt lat="44.25115993246436" lon="6.920199925079942">
        <ele>1398.758739176081</ele>
      </trkpt>
      <trkpt lat="44.25116999074817" lon="6.920239990577102">
        <ele>1396.9477702572426</ele>
      </trkpt>
      <trkpt lat="44.251319942995906" lon="6.920199925079942">
        <ele>1393.6646314025406</ele>
      </trkpt>
      <trkpt lat="44.25128993578255" lon="6.920309979468584">
        <ele>1390.0727602604297</ele>
      </trkpt>
      <trkpt lat="44.25142999738455" lon="6.92025993950665">
        <ele>1386.5499895419669</ele>
      </trkpt>
      <trkpt lat="44.25134995020926" lon="6.920429924502969">
        <ele>1383.0263119357921</ele>
      </trkpt>
      <trkpt lat="44.25136998295784" lon="6.920499997213483">
        <ele>1379.7121011776103</ele>
      </trkpt>
      <trkpt lat="44.251319942995906" lon="6.920579960569739">
        <ele>1379.376045374606</ele>
      </trkpt>
      <trkpt lat="44.25134995020926" lon="6.920619942247868">
        <ele>1377.0872878452708</ele>
      </trkpt>
      <trkpt lat="44.25132991746068" lon="6.920679956674576">
        <ele>1376.13813130307</ele>
      </trkpt>
      <trkpt lat="44.25127996131778" lon="6.920719938352704">
        <ele>1376.5074437967053</ele>
      </trkpt>
      <trkpt lat="44.2512599285692" lon="6.920849941670895">
        <ele>1372.6094358618134</ele>
      </trkpt>
      <trkpt lat="44.25130996853113" lon="6.9208399672061205">
        <ele>1371.9006653977099</ele>
      </trkpt>
      <trkpt lat="44.25127996131778" lon="6.920959996059537">
        <ele>1367.783833470302</ele>
      </trkpt>
      <trkpt lat="44.25128993578255" lon="6.920979944989085">
        <ele>1366.7393887046053</ele>
      </trkpt>
      <trkpt lat="44.251379957422614" lon="6.9208599999547005">
        <ele>1368.9182583443398</ele>
      </trkpt>
      <trkpt lat="44.2514499463141" lon="6.920809959992766">
        <ele>1366.6931940319248</ele>
      </trkpt>
      <trkpt lat="44.2514499463141" lon="6.920999977737665">
        <ele>1360.9071595591306</ele>
      </trkpt>
      <trkpt lat="44.251469979062676" lon="6.921029984951019">
        <ele>1359.2515974482722</ele>
      </trkpt>
      <trkpt lat="44.25147995352745" lon="6.920959996059537">
        <ele>1360.8829584177306</ele>
      </trkpt>
      <trkpt lat="44.25155991688371" lon="6.920919930562377">
        <ele>1357.9029469168943</ele>
      </trkpt>
      <trkpt lat="44.25158992409706" lon="6.920959996059537">
        <ele>1355.1493569503136</ele>
      </trkpt>
      <trkpt lat="44.251529993489385" lon="6.921059992164373">
        <ele>1355.051097393835</ele>
      </trkpt>
      <trkpt lat="44.25151993520558" lon="6.92113995552063">
        <ele>1352.0259265598734</ele>
      </trkpt>
      <trkpt lat="44.251489927992225" lon="6.921169962733984">
        <ele>1351.9603658282497</ele>
      </trkpt>
      <trkpt lat="44.25149998627603" lon="6.921179937198758">
        <ele>1351.0839006376086</ele>
      </trkpt>
      <trkpt lat="44.25141993910074" lon="6.921329973265529">
        <ele>1346.602004051232</ele>
      </trkpt>
      <trkpt lat="44.251489927992225" lon="6.9213199988007545">
        <ele>1345.2444271433014</ele>
      </trkpt>
      <trkpt lat="44.25158992409706" lon="6.921209944412112">
        <ele>1346.2080003881204</ele>
      </trkpt>
      <trkpt lat="44.25173996016383" lon="6.921079941093922">
        <ele>1342.1009897564177</ele>
      </trkpt>
      <trkpt lat="44.25179997459054" lon="6.9210899993777275">
        <ele>1338.6537416428002</ele>
      </trkpt>
      <trkpt lat="44.25179997459054" lon="6.921059992164373">
        <ele>1339.5952104052258</ele>
      </trkpt>
      <trkpt lat="44.251829981803894" lon="6.921019926667213">
        <ele>1339.250127902631</ele>
      </trkpt>
      <trkpt lat="44.25197993405163" lon="6.921029984951019">
        <ele>1332.239429966634</ele>
      </trkpt>
      <trkpt lat="44.251939952373505" lon="6.921099973842502">
        <ele>1331.7482316576336</ele>
      </trkpt>
      <trkpt lat="44.25201999954879" lon="6.921129981055856">
        <ele>1328.1769151099077</ele>
      </trkpt>
      <trkpt lat="44.25197993405163" lon="6.921199969947338">
        <ele>1327.4165952532815</ele>
      </trkpt>
      <trkpt lat="44.25200994126499" lon="6.921239951625466">
        <ele>1325.1968085829546</ele>
      </trkpt>
      <trkpt lat="44.251959985122085" lon="6.9213199988007545">
        <ele>1324.5780334909687</ele>
      </trkpt>
      <trkpt lat="44.25199996680021" lon="6.921329973265529">
        <ele>1322.8441802017994</ele>
      </trkpt>
      <trkpt lat="44.25202997401357" lon="6.9215199910104275">
        <ele>1316.280675693151</ele>
      </trkpt>
      <trkpt lat="44.25215997733176" lon="6.921609928831458">
        <ele>1310.0190033035703</ele>
      </trkpt>
      <trkpt lat="44.25209996290505" lon="6.92169995047152">
        <ele>1308.90586975315</ele>
      </trkpt>
      <trkpt lat="44.25214991904795" lon="6.9217299576848745">
        <ele>1306.634983983835</ele>
      </trkpt>
      <trkpt lat="44.25209996290505" lon="6.921809921041131">
        <ele>1305.523594570683</ele>
      </trkpt>
      <trkpt lat="44.252089988440275" lon="6.921889968216419">
        <ele>1303.2450917476567</ele>
      </trkpt>
      <trkpt lat="44.25210993736982" lon="6.921919975429773">
        <ele>1301.9931601898738</ele>
      </trkpt>
      <trkpt lat="44.25213994458318" lon="6.921869935467839">
        <ele>1302.7978220083266</ele>
      </trkpt>
      <trkpt lat="44.25214991904795" lon="6.922039920464158">
        <ele>1298.2168878494163</ele>
      </trkpt>
      <trkpt lat="44.252199959009886" lon="6.922209989279509">
        <ele>1292.9130284498733</ele>
      </trkpt>
      <trkpt lat="44.252179926261306" lon="6.922299927100539">
        <ele>1290.9232092531433</ele>
      </trkpt>
      <trkpt lat="44.25224999897182" lon="6.922399923205376">
        <ele>1287.486291925206</ele>
      </trkpt>
      <trkpt lat="44.2523199878633" lon="6.922809965908527">
        <ele>1280.588252433609</ele>
      </trkpt>
      <trkpt lat="44.252349995076656" lon="6.92285992205143">
        <ele>1279.3817843482743</ele>
      </trkpt>
      <trkpt lat="44.25235996954143" lon="6.922999983653426">
        <ele>1277.4563500215472</ele>
      </trkpt>
      <trkpt lat="44.252389976754785" lon="6.923019932582974">
        <ele>1275.8836911768847</ele>
      </trkpt>
      <trkpt lat="44.25246994011104" lon="6.922999983653426">
        <ele>1272.4873130332044</ele>
      </trkpt>
      <trkpt lat="44.25256993621588" lon="6.922949943691492">
        <ele>1268.959270066999</ele>
      </trkpt>
      <trkpt lat="44.25265995785594" lon="6.922709969803691">
        <ele>1270.4573184640794</ele>
      </trkpt>
      <trkpt lat="44.252779986709356" lon="6.922679962590337">
        <ele>1264.7337965931172</ele>
      </trkpt>
      <trkpt lat="44.25285995006561" lon="6.922709969803691">
        <ele>1259.4547268384922</ele>
      </trkpt>
      <trkpt lat="44.25300998613238" lon="6.922709969803691">
        <ele>1255.8916768035492</ele>
      </trkpt>
      <trkpt lat="44.253079975023866" lon="6.922669988125563">
        <ele>1256.5296889295955</ele>
      </trkpt>
      <trkpt lat="44.2531799711287" lon="6.922669988125563">
        <ele>1252.8102732540403</ele>
      </trkpt>
      <trkpt lat="44.25332992337644" lon="6.922509977594018">
        <ele>1252.2125202746038</ele>
      </trkpt>
      <trkpt lat="44.253359930589795" lon="6.92242993041873">
        <ele>1253.0214917465826</ele>
      </trkpt>
      <trkpt lat="44.25359998829663" lon="6.922219963744283">
        <ele>1244.5065659638399</ele>
      </trkpt>
      <trkpt lat="44.25383996218443" lon="6.922009997069836">
        <ele>1241.9673693417026</ele>
      </trkpt>
      <trkpt lat="44.25401992164552" lon="6.922029945999384">
        <ele>1235.3771326670917</ele>
      </trkpt>
      <trkpt lat="44.25414992496371" lon="6.9221799820661545">
        <ele>1227.692330170411</ele>
      </trkpt>
      <trkpt lat="44.25426995381713" lon="6.922219963744283">
        <ele>1221.9793885518955</ele>
      </trkpt>
      <trkpt lat="44.25448997877538" lon="6.92212994210422">
        <ele>1216.338467030807</ele>
      </trkpt>
      <trkpt lat="44.254519985988736" lon="6.922199930995703">
        <ele>1211.8689629213793</ele>
      </trkpt>
      <trkpt lat="44.25464998930693" lon="6.922199930995703">
        <ele>1207.3109008200386</ele>
      </trkpt>
      <trkpt lat="44.254689970985055" lon="6.922229938209057">
        <ele>1205.5639209919366</ele>
      </trkpt>
      <trkpt lat="44.25476993434131" lon="6.9223899487406015">
        <ele>1200.308040963391</ele>
      </trkpt>
      <trkpt lat="44.25480999983847" lon="6.922419955953956">
        <ele>1199.4696354281725</ele>
      </trkpt>
      <trkpt lat="44.2548499815166" lon="6.922379974275827">
        <ele>1200.3944729170003</ele>
      </trkpt>
      <trkpt lat="44.25486993044615" lon="6.92244996316731">
        <ele>1198.4104127567723</ele>
      </trkpt>
      <trkpt lat="44.2548999376595" lon="6.92246999591589">
        <ele>1197.7262130794982</ele>
      </trkpt>
      <trkpt lat="44.2548999376595" lon="6.9223899487406015">
        <ele>1199.926198371596</ele>
      </trkpt>
      <trkpt lat="44.254929944872856" lon="6.922369999811053">
        <ele>1199.5031712492002</ele>
      </trkpt>
      <trkpt lat="44.25504997372627" lon="6.922399923205376">
        <ele>1195.0522858183813</ele>
      </trkpt>
      <trkpt lat="44.25521501339972" lon="6.922610057517886">
        <ele>1186.9156740853427</ele>
      </trkpt>
      <trkpt lat="44.255379969254136" lon="6.9228199403733015">
        <ele>1179.2061338840754</ele>
      </trkpt>
      <trkpt lat="44.25550997257233" lon="6.922949943691492">
        <ele>1175.4024728545935</ele>
      </trkpt>
      <trkpt lat="44.25563997589052" lon="6.923079947009683">
        <ele>1171.2988605798084</ele>
      </trkpt>
      <trkpt lat="44.25577509216964" lon="6.923320256173611">
        <ele>1166.1681521773817</ele>
      </trkpt>
      <trkpt lat="44.25590995699167" lon="6.923559978604317">
        <ele>1161.540064204826</ele>
      </trkpt>
      <trkpt lat="44.25602520816028" lon="6.923890560865402">
        <ele>1157.9023036207536</ele>
      </trkpt>
      <trkpt lat="44.2561399564147" lon="6.924219969660044">
        <ele>1154.7445801589572</ele>
      </trkpt>
      <trkpt lat="44.25601984374225" lon="6.924395067617297">
        <ele>1153.5878939525182</ele>
      </trkpt>
      <trkpt lat="44.2558999825269" lon="6.924569997936487">
        <ele>1152.6578661264107</ele>
      </trkpt>
      <trkpt lat="44.255709964782" lon="6.924869986250997">
        <ele>1150.6788101440445</ele>
      </trkpt>
      <trkpt lat="44.25553997978568" lon="6.9250499457120895">
        <ele>1149.2924992024077</ele>
      </trkpt>
      <trkpt lat="44.25540997646749" lon="6.9252699706703424">
        <ele>1148.3835571411328</ele>
      </trkpt>
      <trkpt lat="44.25555992871523" lon="6.925405003130436">
        <ele>1147.8591034085348</ele>
      </trkpt>
      <trkpt lat="44.255709964782" lon="6.925539951771498">
        <ele>1147.458643326102</ele>
      </trkpt>
      <trkpt lat="44.25560996867716" lon="6.9257299695163965">
        <ele>1147.0507709336025</ele>
      </trkpt>
      <trkpt lat="44.25574994646013" lon="6.925849914550781">
        <ele>1147.0411568977179</ele>
      </trkpt>
      <trkpt lat="44.25588992424309" lon="6.925969943404198">
        <ele>1146.426689600658</ele>
      </trkpt>
      <trkpt lat="44.25592998974025" lon="6.926019983366132">
        <ele>1146.29691210107</ele>
      </trkpt>
      <trkpt lat="44.25593996420503" lon="6.92607999779284">
        <ele>1145.9537921149388</ele>
      </trkpt>
      <trkpt lat="44.2561399564147" lon="6.926249982789159">
        <ele>1143.8241521300674</ele>
      </trkpt>
      <trkpt lat="44.256189996376634" lon="6.926289964467287">
        <ele>1141.8792983409107</ele>
      </trkpt>
      <trkpt lat="44.25624992698431" lon="6.926299938932061">
        <ele>1140.7149940882389</ele>
      </trkpt>
      <trkpt lat="44.2564697843045" lon="6.926259957253933">
        <ele>1140.5664416698755</ele>
      </trkpt>
      <trkpt lat="44.256689976900816" lon="6.926219975575805">
        <ele>1140.2453961676686</ele>
      </trkpt>
      <trkpt lat="44.2568498197943" lon="6.9261749647557735">
        <ele>1139.7823590865532</ele>
      </trkpt>
      <trkpt lat="44.257009997963905" lon="6.926129953935742">
        <ele>1139.989030200616</ele>
      </trkpt>
      <trkpt lat="44.257159950211644" lon="6.92603993229568">
        <ele>1141.8648986369406</ele>
      </trkpt>
      <trkpt lat="44.25734996795654" lon="6.925829965621233">
        <ele>1142.5666218095005</ele>
      </trkpt>
      <trkpt lat="44.25756672397256" lon="6.92554640583694">
        <ele>1141.911136470342</ele>
      </trkpt>
      <trkpt lat="44.25778356380761" lon="6.925262929871678">
        <ele>1142.091227979677</ele>
      </trkpt>
      <trkpt lat="44.257999984547496" lon="6.924979956820607">
        <ele>1143.6459263756901</ele>
      </trkpt>
      <trkpt lat="44.2581551335752" lon="6.925245244055986">
        <ele>1143.806980898616</ele>
      </trkpt>
      <trkpt lat="44.25830994732678" lon="6.925509944558144">
        <ele>1144.3506414666265</ele>
      </trkpt>
      <trkpt lat="44.25844011828303" lon="6.925750253722072">
        <ele>1140.2173476820171</ele>
      </trkpt>
      <trkpt lat="44.25856995396316" lon="6.925989976152778">
        <ele>1140.6068033294794</ele>
      </trkpt>
      <trkpt lat="44.258599961176515" lon="6.926009925082326">
        <ele>1142.2606884150518</ele>
      </trkpt>
      <trkpt lat="44.25856995396316" lon="6.926129953935742">
        <ele>1143.9724101305267</ele>
      </trkpt>
      <trkpt lat="44.25860993564129" lon="6.926189968362451">
        <ele>1146.9394778681633</ele>
      </trkpt>
      <trkpt lat="44.258434837684035" lon="6.926410077139735">
        <ele>1147.4586574643008</ele>
      </trkpt>
      <trkpt lat="44.25825999118388" lon="6.926629934459925">
        <ele>1145.162758928915</ele>
      </trkpt>
      <trkpt lat="44.258129987865686" lon="6.92691994830966">
        <ele>1146.0474532988906</ele>
      </trkpt>
      <trkpt lat="44.25809998065233" lon="6.927129998803139">
        <ele>1152.5013380971823</ele>
      </trkpt>
      <trkpt lat="44.25800979137421" lon="6.927345329895616">
        <ele>1155.0665197216115</ele>
      </trkpt>
      <trkpt lat="44.25791993737221" lon="6.927559990435839">
        <ele>1158.4134637942243</ele>
      </trkpt>
      <trkpt lat="44.25784483551979" lon="6.927805412560701">
        <ele>1163.6103671967699</ele>
      </trkpt>
      <trkpt lat="44.25776998512447" lon="6.928049996495247">
        <ele>1168.7493386173921</ele>
      </trkpt>
      <trkpt lat="44.25768993794918" lon="6.928089978173375">
        <ele>1166.399931224139</ele>
      </trkpt>
      <trkpt lat="44.257719945162535" lon="6.928319977596402">
        <ele>1172.9577205349904</ele>
      </trkpt>
      <trkpt lat="44.25770997069776" lon="6.9283899664878845">
        <ele>1175.0250892159384</ele>
      </trkpt>
      <trkpt lat="44.25758482888341" lon="6.9286353047937155">
        <ele>1175.5674089272595</ele>
      </trkpt>
      <trkpt lat="44.257459938526154" lon="6.928879972547293">
        <ele>1174.1493258215335</ele>
      </trkpt>
      <trkpt lat="44.2574299313128" lon="6.929139979183674">
        <ele>1177.9940296368318</ele>
      </trkpt>
      <trkpt lat="44.25740998238325" lon="6.92953996360302">
        <ele>1186.4942730896457</ele>
      </trkpt>
      <trkpt lat="44.25736991688609" lon="6.929679941385984">
        <ele>1187.674033843863</ele>
      </trkpt>
      <trkpt lat="44.2573799751699" lon="6.929769963026047">
        <ele>1191.202793942794</ele>
      </trkpt>
      <trkpt lat="44.25736991688609" lon="6.929859984666109">
        <ele>1194.8822970269296</ele>
      </trkpt>
      <trkpt lat="44.25729992799461" lon="6.929899966344237">
        <ele>1194.924027399053</ele>
      </trkpt>
      <trkpt lat="44.25719993188977" lon="6.930129965767264">
        <ele>1203.0102376310294</ele>
      </trkpt>
      <trkpt lat="44.2569999396801" lon="6.930279918015003">
        <ele>1200.1927987233373</ele>
      </trkpt>
      <trkpt lat="44.25693992525339" lon="6.930459961295128">
        <ele>1209.720262060238</ele>
      </trkpt>
      <trkpt lat="44.25671998411417" lon="6.930589964613318">
        <ele>1202.8221482734727</ele>
      </trkpt>
      <trkpt lat="44.25671998411417" lon="6.930869920179248">
        <ele>1214.7208909794028</ele>
      </trkpt>
      <trkpt lat="44.25676994025707" lon="6.93095994181931">
        <ele>1220.9436085670902</ele>
      </trkpt>
      <trkpt lat="44.256709925830364" lon="6.93097997456789">
        <ele>1220.386012260005</ele>
      </trkpt>
      <trkpt lat="44.2565699480474" lon="6.931089945137501">
        <ele>1220.0227242077567</ele>
      </trkpt>
      <trkpt lat="44.25648478791118" lon="6.9313103053718805">
        <ele>1227.4365567191428</ele>
      </trkpt>
      <trkpt lat="44.25639996305108" lon="6.931529995054007">
        <ele>1236.8143633755183</ele>
      </trkpt>
      <trkpt lat="44.25622997805476" lon="6.931629991158843">
        <ele>1238.6569747089256</ele>
      </trkpt>
      <trkpt lat="44.25604314543307" lon="6.931896870955825">
        <ele>1246.2545090707952</ele>
      </trkpt>
      <trkpt lat="44.255856312811375" lon="6.932163750752807">
        <ele>1254.4436190259657</ele>
      </trkpt>
      <trkpt lat="44.25566998310387" lon="6.932429959997535">
        <ele>1260.2120269131444</ele>
      </trkpt>
      <trkpt lat="44.255554815754294" lon="6.932640178129077">
        <ele>1265.4358353954904</ele>
      </trkpt>
      <trkpt lat="44.255439983680844" lon="6.932849977165461">
        <ele>1270.1598233462717</ele>
      </trkpt>
      <trkpt lat="44.25536999478936" lon="6.932879984378815">
        <ele>1268.9878144352178</ele>
      </trkpt>
      <trkpt lat="44.2553299292922" lon="6.933119958266616">
        <ele>1277.096457786932</ele>
      </trkpt>
      <trkpt lat="44.255269998684525" lon="6.933249961584806">
        <ele>1279.5569670719515</ele>
      </trkpt>
      <trkpt lat="44.25519992597401" lon="6.933259936049581">
        <ele>1278.1189109937427</ele>
      </trkpt>
      <trkpt lat="44.25520998425782" lon="6.933409972116351">
        <ele>1285.1163988580151</ele>
      </trkpt>
      <trkpt lat="44.255139995366335" lon="6.933549949899316">
        <ele>1289.3178486594586</ele>
      </trkpt>
      <trkpt lat="44.25505994819105" lon="6.933589931577444">
        <ele>1289.0820805445442</ele>
      </trkpt>
      <trkpt lat="44.25490999594331" lon="6.933849938213825">
        <ele>1295.4846827400909</ele>
      </trkpt>
      <trkpt lat="44.254929944872856" lon="6.933899978175759">
        <ele>1297.146143571436</ele>
      </trkpt>
      <trkpt lat="44.25499993376434" lon="6.933939959853888">
        <ele>1298.921384886808</ele>
      </trkpt>
      <trkpt lat="44.254989959299564" lon="6.934049930423498">
        <ele>1302.4527058742979</ele>
      </trkpt>
      <trkpt lat="44.25485978834331" lon="6.934275235980749">
        <ele>1308.602224628901</ele>
      </trkpt>
      <trkpt lat="44.25472995266318" lon="6.934499954804778">
        <ele>1315.741125462322</ele>
      </trkpt>
      <trkpt lat="44.25459994934499" lon="6.934609925374389">
        <ele>1317.2368316215575</ele>
      </trkpt>
      <trkpt lat="44.25452996045351" lon="6.934739928692579">
        <ele>1321.3280593686402</ele>
      </trkpt>
      <trkpt lat="44.254429964348674" lon="6.934809917584062">
        <ele>1321.268394737981</ele>
      </trkpt>
      <trkpt lat="44.254429964348674" lon="6.934849983081222">
        <ele>1322.8955204822196</ele>
      </trkpt>
      <trkpt lat="44.254539934918284" lon="6.934809917584062">
        <ele>1324.7645123286436</ele>
      </trkpt>
      <trkpt lat="44.254539934918284" lon="6.93486993201077">
        <ele>1327.4179976899095</ele>
      </trkpt>
      <trkpt lat="44.2544699460268" lon="6.934949979186058">
        <ele>1328.4255605615413</ele>
      </trkpt>
      <trkpt lat="44.25458997488022" lon="6.934959953650832">
        <ele>1333.0459520938687</ele>
      </trkpt>
      <trkpt lat="44.25458997488022" lon="6.934989960864186">
        <ele>1334.4229073464262</ele>
      </trkpt>
      <trkpt lat="44.254539934918284" lon="6.935009993612766">
        <ele>1333.7690568319358</ele>
      </trkpt>
      <trkpt lat="44.25452996045351" lon="6.9350499752908945">
        <ele>1335.3111391324028</ele>
      </trkpt>
      <trkpt lat="44.25460992380977" lon="6.9350299425423145">
        <ele>1336.87326278212</ele>
      </trkpt>
      <trkpt lat="44.25454999320209" lon="6.935239993035793">
        <ele>1345.4126683405311</ele>
      </trkpt>
      <trkpt lat="44.25445997156203" lon="6.93529992364347">
        <ele>1346.2254644655852</ele>
      </trkpt>
      <trkpt lat="44.25445997156203" lon="6.93533998914063">
        <ele>1348.587954899537</ele>
      </trkpt>
      <trkpt lat="44.254539934918284" lon="6.93531995639205">
        <ele>1349.4229119751901</ele>
      </trkpt>
      <trkpt lat="44.25459994934499" lon="6.935269916430116">
        <ele>1348.4401705050232</ele>
      </trkpt>
      <trkpt lat="44.25467999652028" lon="6.935269916430116">
        <ele>1350.8934249948602</ele>
      </trkpt>
      <trkpt lat="44.25471997819841" lon="6.935239993035793">
        <ele>1350.8130566675268</ele>
      </trkpt>
      <trkpt lat="44.25482994876802" lon="6.935239993035793">
        <ele>1354.5929768099131</ele>
      </trkpt>
      <trkpt lat="44.2548499815166" lon="6.935209985822439">
        <ele>1353.7168523499813</ele>
      </trkpt>
      <trkpt lat="44.2548999376595" lon="6.9352299347519875">
        <ele>1356.2261216234042</ele>
      </trkpt>
      <trkpt lat="44.255009992048144" lon="6.935189953073859">
        <ele>1356.2125700198096</ele>
      </trkpt>
      <trkpt lat="44.25507998093963" lon="6.935199927538633">
        <ele>1357.9744232789376</ele>
      </trkpt>
      <trkpt lat="44.25514996983111" lon="6.935169920325279">
        <ele>1357.4149118092098</ele>
      </trkpt>
      <trkpt lat="44.25518995150924" lon="6.935179978609085">
        <ele>1358.6575495389118</ele>
      </trkpt>
      <trkpt lat="44.255269998684525" lon="6.93529992364347">
        <ele>1366.9632752286827</ele>
      </trkpt>
      <trkpt lat="44.255359936505556" lon="6.935359938070178">
        <ele>1369.745497528988</ele>
      </trkpt>
      <trkpt lat="44.25534996204078" lon="6.935369996353984">
        <ele>1370.3517893883645</ele>
      </trkpt>
      <trkpt lat="44.25523999147117" lon="6.93533998914063">
        <ele>1368.4954622004825</ele>
      </trkpt>
      <trkpt lat="44.25523999147117" lon="6.935359938070178">
        <ele>1369.4996342852796</ele>
      </trkpt>
      <trkpt lat="44.25538994371891" lon="6.935419952496886">
        <ele>1372.8418208125204</ele>
      </trkpt>
      <trkpt lat="44.25542992539704" lon="6.9354599341750145">
        <ele>1375.0811979384048</ele>
      </trkpt>
      <trkpt lat="44.2554699908942" lon="6.9354599341750145">
        <ele>1375.239885677029</ele>
      </trkpt>
      <trkpt lat="44.25557996146381" lon="6.935599995777011">
        <ele>1382.7940140533851</ele>
      </trkpt>
      <trkpt lat="44.255699990317225" lon="6.935659926384687">
        <ele>1386.5240902431192</ele>
      </trkpt>
      <trkpt lat="44.255789928138256" lon="6.93546999245882">
        <ele>1384.4786641580647</ele>
      </trkpt>
      <trkpt lat="44.25581993535161" lon="6.935659926384687">
        <ele>1391.958218533226</ele>
      </trkpt>
      <trkpt lat="44.25587994977832" lon="6.9354799669235945">
        <ele>1392.3747058249535</ele>
      </trkpt>
      <trkpt lat="44.2559499386698" lon="6.935419952496886">
        <ele>1396.5207484053162</ele>
      </trkpt>
      <trkpt lat="44.255999978631735" lon="6.935419952496886">
        <ele>1400.4030735232818</ele>
      </trkpt>
      <trkpt lat="44.25602998584509" lon="6.935389945283532">
        <ele>1401.5232903051835</ele>
      </trkpt>
      <trkpt lat="44.25611992366612" lon="6.935369996353984">
        <ele>1406.3829157566001</ele>
      </trkpt>
      <trkpt lat="44.25615998916328" lon="6.935309981927276">
        <ele>1406.5868709904755</ele>
      </trkpt>
      <trkpt lat="44.25619997084141" lon="6.935309981927276">
        <ele>1409.1768042356825</ele>
      </trkpt>
      <trkpt lat="44.25636995583773" lon="6.935189953073859">
        <ele>1415.038678131992</ele>
      </trkpt>
      <trkpt lat="44.25646995194256" lon="6.935079982504249">
        <ele>1416.831267065731</ele>
      </trkpt>
      <trkpt lat="44.25663993693888" lon="6.934959953650832">
        <ele>1422.3686830293523</ele>
      </trkpt>
      <trkpt lat="44.256669944152236" lon="6.934959953650832">
        <ele>1424.084500636935</ele>
      </trkpt>
      <trkpt lat="44.256709925830364" lon="6.934919971972704">
        <ele>1424.3844495683352</ele>
      </trkpt>
      <trkpt lat="44.25677999854088" lon="6.93490999750793">
        <ele>1427.9258527227255</ele>
      </trkpt>
      <trkpt lat="44.25688996911049" lon="6.934829950332642">
        <ele>1429.6523650595905</ele>
      </trkpt>
      <trkpt lat="44.25692995078862" lon="6.934849983081222">
        <ele>1432.921491348406</ele>
      </trkpt>
      <trkpt lat="44.25703992135823" lon="6.934789968654513">
        <ele>1435.4392647689458</ele>
      </trkpt>
      <trkpt lat="44.25712994299829" lon="6.934659965336323">
        <ele>1436.4819580095893</ele>
      </trkpt>
      <trkpt lat="44.257269920781255" lon="6.934559969231486">
        <ele>1441.0600464936874</ele>
      </trkpt>
      <trkpt lat="44.25734996795654" lon="6.934579918161035">
        <ele>1445.1214744222748</ele>
      </trkpt>
      <trkpt lat="44.25744996406138" lon="6.934529962018132">
        <ele>1447.0497685951696</ele>
      </trkpt>
      <trkpt lat="44.25757996737957" lon="6.934539936482906">
        <ele>1452.1330341016458</ele>
      </trkpt>
      <trkpt lat="44.257609974592924" lon="6.934509929269552">
        <ele>1451.7036609017014</ele>
      </trkpt>
      <trkpt lat="44.25767996348441" lon="6.934499954804778">
        <ele>1454.347513187644</ele>
      </trkpt>
      <trkpt lat="44.25770997069776" lon="6.934519987553358">
        <ele>1456.79976237775</ele>
      </trkpt>
      <trkpt lat="44.25779999233782" lon="6.934499954804778">
        <ele>1460.163838483723</ele>
      </trkpt>
      <trkpt lat="44.257849948480725" lon="6.93443994037807">
        <ele>1459.0740063986846</ele>
      </trkpt>
      <trkpt lat="44.257869981229305" lon="6.934469947591424">
        <ele>1461.8219203759693</ele>
      </trkpt>
      <trkpt lat="44.25791993737221" lon="6.934449998661876">
        <ele>1462.776694258784</ele>
      </trkpt>
      <trkpt lat="44.25790996290743" lon="6.934539936482906">
        <ele>1467.674331742092</ele>
      </trkpt>
      <trkpt lat="44.258039966225624" lon="6.934469947591424">
        <ele>1469.1635225606628</ele>
      </trkpt>
      <trkpt lat="44.25822998397052" lon="6.934319995343685">
        <ele>1472.9369465380175</ele>
      </trkpt>
      <trkpt lat="44.25826996564865" lon="6.934309937059879">
        <ele>1475.5029065464641</ele>
      </trkpt>
      <trkpt lat="44.25828999839723" lon="6.934269955381751">
        <ele>1475.2296841709328</ele>
      </trkpt>
      <trkpt lat="44.258409943431616" lon="6.934209940955043">
        <ele>1481.0117501189807</ele>
      </trkpt>
      <trkpt lat="44.258449925109744" lon="6.934129977598786">
        <ele>1480.4185439275109</ele>
      </trkpt>
      <trkpt lat="44.258599961176515" lon="6.93402998149395">
        <ele>1485.145798064648</ele>
      </trkpt>
      <trkpt lat="44.25860993564129" lon="6.934039955958724">
        <ele>1486.2543556839514</ele>
      </trkpt>
      <trkpt lat="44.25851999782026" lon="6.934269955381751">
        <ele>1489.6991497006509</ele>
      </trkpt>
      <trkpt lat="44.258539946749806" lon="6.934269955381751">
        <ele>1490.6869376025702</ele>
      </trkpt>
      <trkpt lat="44.25862996838987" lon="6.934129977598786">
        <ele>1491.2964791428958</ele>
      </trkpt>
      <trkpt lat="44.25871999002993" lon="6.934049930423498">
        <ele>1494.2725157849823</ele>
      </trkpt>
      <trkpt lat="44.25881998613477" lon="6.933999974280596">
        <ele>1498.6651954862662</ele>
      </trkpt>
      <trkpt lat="44.25882996059954" lon="6.93400994874537">
        <ele>1499.8130236744107</ele>
      </trkpt>
      <trkpt lat="44.25878997892141" lon="6.9341399520635605">
        <ele>1503.120954696964</ele>
      </trkpt>
      <trkpt lat="44.25879995338619" lon="6.934149926528335">
        <ele>1504.1955259987785</ele>
      </trkpt>
      <trkpt lat="44.25888997502625" lon="6.934059988707304">
        <ele>1505.6291708842577</ele>
      </trkpt>
      <trkpt lat="44.25892995670438" lon="6.934079937636852">
        <ele>1508.7619881457445</ele>
      </trkpt>
      <trkpt lat="44.258989971131086" lon="6.934049930423498">
        <ele>1511.0679095868945</ele>
      </trkpt>
      <trkpt lat="44.259049985557795" lon="6.933979941532016">
        <ele>1512.1741544855638</ele>
      </trkpt>
      <trkpt lat="44.25907999277115" lon="6.933849938213825">
        <ele>1507.5231303247363</ele>
      </trkpt>
      <trkpt lat="44.25911997444928" lon="6.933839963749051">
        <ele>1510.8260570087718</ele>
      </trkpt>
      <trkpt lat="44.259139923378825" lon="6.933859996497631">
        <ele>1513.883944423926</ele>
      </trkpt>
      <trkpt lat="44.25936992280185" lon="6.933669978752732">
        <ele>1521.6496780003413</ele>
      </trkpt>
      <trkpt lat="44.25954996608198" lon="6.9336899276822805">
        <ele>1526.4892115873427</ele>
      </trkpt>
      <trkpt lat="44.25981994718313" lon="6.933639971539378">
        <ele>1530.5375047648015</ele>
      </trkpt>
      <trkpt lat="44.25989999435842" lon="6.933679953217506">
        <ele>1534.5604814164947</ele>
      </trkpt>
      <trkpt lat="44.25993997603655" lon="6.933669978752732">
        <ele>1534.9589015728804</ele>
      </trkpt>
      <trkpt lat="44.2599699832499" lon="6.933639971539378">
        <ele>1534.4401340262464</ele>
      </trkpt>
      <trkpt lat="44.26000996492803" lon="6.933509968221188">
        <ele>1530.8713078113033</ele>
      </trkpt>
      <trkpt lat="44.260019939392805" lon="6.933519942685962">
        <ele>1531.7026459934982</ele>
      </trkpt>
      <trkpt lat="44.25998993217945" lon="6.933719934895635">
        <ele>1539.4459294805938</ele>
      </trkpt>
      <trkpt lat="44.2599699832499" lon="6.933769974857569">
        <ele>1541.4078631558775</ele>
      </trkpt>
      <trkpt lat="44.25997995771468" lon="6.933789923787117">
        <ele>1543.0777242806407</ele>
      </trkpt>
      <trkpt lat="44.260039972141385" lon="6.933739967644215">
        <ele>1542.5653827897684</ele>
      </trkpt>
      <trkpt lat="44.26008992828429" lon="6.933649946004152">
        <ele>1540.9024086684883</ele>
      </trkpt>
      <trkpt lat="44.260209957137704" lon="6.93355992436409">
        <ele>1545.8712132703067</ele>
      </trkpt>
      <trkpt lat="44.26021993160248" lon="6.933509968221188">
        <ele>1544.6651188537744</ele>
      </trkpt>
      <trkpt lat="44.26026997156441" lon="6.933489935472608">
        <ele>1547.4838820934342</ele>
      </trkpt>
      <trkpt lat="44.26036996766925" lon="6.933399997651577">
        <ele>1549.2793735210998</ele>
      </trkpt>
      <trkpt lat="44.26043995656073" lon="6.933299917727709">
        <ele>1549.678602621446</ele>
      </trkpt>
      <trkpt lat="44.2605899926275" lon="6.933239987120032">
        <ele>1555.7739378091183</ele>
      </trkpt>
      <trkpt lat="44.260599967092276" lon="6.933319950476289">
        <ele>1559.0774040147408</ele>
      </trkpt>
      <trkpt lat="44.26066995598376" lon="6.933449953794479">
        <ele>1564.122943078716</ele>
      </trkpt>
      <trkpt lat="44.260709937661886" lon="6.933449953794479">
        <ele>1564.9558972602044</ele>
      </trkpt>
      <trkpt lat="44.260789984837174" lon="6.93355992436409">
        <ele>1569.3423023828082</ele>
      </trkpt>
      <trkpt lat="44.26081999205053" lon="6.933549949899316">
        <ele>1569.960481850869</ele>
      </trkpt>
      <trkpt lat="44.26080993376672" lon="6.933619938790798">
        <ele>1571.27490457383</ele>
      </trkpt>
      <trkpt lat="44.26084999926388" lon="6.933629997074604">
        <ele>1572.9536326456114</ele>
      </trkpt>
      <trkpt lat="44.26086994819343" lon="6.933609964326024">
        <ele>1573.2226328459026</ele>
      </trkpt>
      <trkpt lat="44.26085997372866" lon="6.9337299931794405">
        <ele>1575.6471297605244</ele>
      </trkpt>
      <trkpt lat="44.260879922658205" lon="6.9337299931794405">
        <ele>1576.3514945201664</ele>
      </trkpt>
      <trkpt lat="44.26092996262014" lon="6.933649946004152">
        <ele>1576.3341400765053</ele>
      </trkpt>
      <trkpt lat="44.26095996983349" lon="6.933679953217506">
        <ele>1578.3368321655203</ele>
      </trkpt>
      <trkpt lat="44.261029958724976" lon="6.933699985966086">
        <ele>1582.179467059348</ele>
      </trkpt>
      <trkpt lat="44.261159962043166" lon="6.933659920468926">
        <ele>1586.4951645147291</ele>
      </trkpt>
      <trkpt lat="44.26124998368323" lon="6.93359998986125">
        <ele>1588.0195488777454</ele>
      </trkpt>
      <trkpt lat="44.26146992482245" lon="6.933329924941063">
        <ele>1590.1151070573615</ele>
      </trkpt>
      <trkpt lat="44.261539997532964" lon="6.9332799687981606">
        <ele>1592.4757483363521</ele>
      </trkpt>
      <trkpt lat="44.26180997863412" lon="6.933269994333386">
        <ele>1601.153658336908</ele>
      </trkpt>
      <trkpt lat="44.26200997084379" lon="6.933109983801842">
        <ele>1604.721648829067</ele>
      </trkpt>
      <trkpt lat="44.262209963053465" lon="6.933019962161779">
        <ele>1609.6246499039912</ele>
      </trkpt>
      <trkpt lat="44.262229995802045" lon="6.9330499693751335">
        <ele>1611.2826117954703</ele>
      </trkpt>
      <trkpt lat="44.26238992251456" lon="6.9330499693751335">
        <ele>1616.5398063366893</ele>
      </trkpt>
      <trkpt lat="44.26241992972791" lon="6.933019962161779">
        <ele>1616.3582731902547</ele>
      </trkpt>
      <trkpt lat="44.26255999132991" lon="6.933089951053262">
        <ele>1621.2746752864603</ele>
      </trkpt>
      <trkpt lat="44.26259997300804" lon="6.933079976588488">
        <ele>1621.2417619270436</ele>
      </trkpt>
      <trkpt lat="44.262659987434745" lon="6.93314996547997">
        <ele>1623.9106922246533</ele>
      </trkpt>
      <trkpt lat="44.26270994357765" lon="6.933159939944744">
        <ele>1624.3910558576329</ele>
      </trkpt>
      <trkpt lat="44.26272997632623" lon="6.933189947158098">
        <ele>1625.631419013342</ele>
      </trkpt>
      <trkpt lat="44.262769958004355" lon="6.933199921622872">
        <ele>1626.2562173483796</ele>
      </trkpt>
      <trkpt lat="44.26281999796629" lon="6.933299917727709">
        <ele>1628.1499181205618</ele>
      </trkpt>
      <trkpt lat="44.26286995410919" lon="6.933349957689643">
        <ele>1628.8182310181667</ele>
      </trkpt>
      <trkpt lat="44.262879928573966" lon="6.933389939367771">
        <ele>1629.680379360228</ele>
      </trkpt>
      <trkpt lat="44.262919994071126" lon="6.933439979329705">
        <ele>1630.4016073659136</ele>
      </trkpt>
      <trkpt lat="44.262959975749254" lon="6.933799982070923">
        <ele>1638.8299501309325</ele>
      </trkpt>
      <trkpt lat="44.262919994071126" lon="6.933799982070923">
        <ele>1639.9637220941243</ele>
      </trkpt>
      <trkpt lat="44.26296995021403" lon="6.933879945427179">
        <ele>1640.6126886359482</ele>
      </trkpt>
      <trkpt lat="44.262939943000674" lon="6.934189992025495">
        <ele>1649.419790034176</ele>
      </trkpt>
      <trkpt lat="44.262919994071126" lon="6.934239948168397">
        <ele>1651.352372997646</ele>
      </trkpt>
      <trkpt lat="44.26296995021403" lon="6.934319995343685">
        <ele>1653.2791682103682</ele>
      </trkpt>
      <trkpt lat="44.26296995021403" lon="6.9343499187380075">
        <ele>1654.2034026691465</ele>
      </trkpt>
      <trkpt lat="44.262939943000674" lon="6.934319995343685">
        <ele>1653.44509648727</ele>
      </trkpt>
      <trkpt lat="44.26298998296261" lon="6.934429965913296">
        <ele>1656.8047989509828</ele>
      </trkpt>
      <trkpt lat="44.26296995021403" lon="6.934469947591424">
        <ele>1658.0583364292154</ele>
      </trkpt>
      <trkpt lat="44.2629799246788" lon="6.934489980340004">
        <ele>1658.8515433876407</ele>
      </trkpt>
      <trkpt lat="44.26310992799699" lon="6.934509929269552">
        <ele>1661.6557151706093</ele>
      </trkpt>
      <trkpt lat="44.2629799246788" lon="6.934659965336323">
        <ele>1664.9396898792893</ele>
      </trkpt>
      <trkpt lat="44.26294991746545" lon="6.934749986976385">
        <ele>1667.6875205210642</ele>
      </trkpt>
      <trkpt lat="44.262919994071126" lon="6.934769935905933">
        <ele>1667.828422225477</ele>
      </trkpt>
      <trkpt lat="44.2629299685359" lon="6.934809917584062">
        <ele>1669.5868959284157</ele>
      </trkpt>
      <trkpt lat="44.262959975749254" lon="6.9347999431192875">
        <ele>1669.7873710046033</ele>
      </trkpt>
      <trkpt lat="44.26294991746545" lon="6.934859957545996">
        <ele>1672.0049135123716</ele>
      </trkpt>
      <trkpt lat="44.26310992799699" lon="6.934809917584062">
        <ele>1673.9901080371067</ele>
      </trkpt>
      <trkpt lat="44.26318997517228" lon="6.934809917584062">
        <ele>1675.765467209198</ele>
      </trkpt>
      <trkpt lat="44.263199949637055" lon="6.934829950332642">
        <ele>1676.5751018942688</ele>
      </trkpt>
      <trkpt lat="44.26309475675225" lon="6.935075372457504">
        <ele>1684.54753873132</ele>
      </trkpt>
      <trkpt lat="44.26298998296261" lon="6.93531995639205">
        <ele>1694.749995936214</ele>
      </trkpt>
      <trkpt lat="44.262919994071126" lon="6.93531995639205">
        <ele>1692.5392742741544</ele>
      </trkpt>
      <trkpt lat="44.26285997964442" lon="6.935419952496886">
        <ele>1695.862174320356</ele>
      </trkpt>
      <trkpt lat="44.262739950791" lon="6.935549955815077">
        <ele>1697.062816319501</ele>
      </trkpt>
      <trkpt lat="44.26257994025946" lon="6.935799987986684">
        <ele>1699.7593180435556</ele>
      </trkpt>
      <trkpt lat="44.26260994747281" lon="6.93587995134294">
        <ele>1704.0911908125029</ele>
      </trkpt>
      <trkpt lat="44.26251992583275" lon="6.9359399657696486">
        <ele>1703.307007066023</ele>
      </trkpt>
      <trkpt lat="44.2624999769032" lon="6.936019929125905">
        <ele>1706.4727906321118</ele>
      </trkpt>
      <trkpt lat="44.262449936941266" lon="6.936099976301193">
        <ele>1709.0212542422237</ele>
      </trkpt>
      <trkpt lat="44.26245999522507" lon="6.936149932444096">
        <ele>1711.937379707721</ele>
      </trkpt>
      <trkpt lat="44.26258999854326" lon="6.936049936339259">
        <ele>1711.4700070527406</ele>
      </trkpt>
      <trkpt lat="44.26264992915094" lon="6.936029987409711">
        <ele>1712.8114145361524</ele>
      </trkpt>
      <trkpt lat="44.262749925255775" lon="6.93585991859436">
        <ele>1709.690801437246</ele>
      </trkpt>
      <trkpt lat="44.26285997964442" lon="6.93576998077333">
        <ele>1711.3749080682933</ele>
      </trkpt>
      <trkpt lat="44.26305997185409" lon="6.935779955238104">
        <ele>1716.0185972386655</ele>
      </trkpt>
      <trkpt lat="44.26310992799699" lon="6.935819936916232">
        <ele>1717.2281588366013</ele>
      </trkpt>
      <trkpt lat="44.2631699424237" lon="6.935909958556294">
        <ele>1720.5326735624492</ele>
      </trkpt>
      <trkpt lat="44.2631199862808" lon="6.935929991304874">
        <ele>1721.8752388281341</ele>
      </trkpt>
      <trkpt lat="44.263069946318865" lon="6.935989921912551">
        <ele>1725.0053976849886</ele>
      </trkpt>
      <trkpt lat="44.26303993910551" lon="6.935989921912551">
        <ele>1725.267458193345</ele>
      </trkpt>
      <trkpt lat="44.26301999017596" lon="6.936019929125905">
        <ele>1726.924668798309</ele>
      </trkpt>
      <trkpt lat="44.26312996074557" lon="6.936129983514547">
        <ele>1731.866293526365</ele>
      </trkpt>
      <trkpt lat="44.26322995685041" lon="6.936129983514547">
        <ele>1730.7647834332379</ele>
      </trkpt>
      <trkpt lat="44.26328997127712" lon="6.936109950765967">
        <ele>1729.0811694120011</ele>
      </trkpt>
      <trkpt lat="44.26339994184673" lon="6.936129983514547">
        <ele>1729.1350610930717</ele>
      </trkpt>
      <trkpt lat="44.263519970700145" lon="6.936219921335578">
        <ele>1731.983425898352</ele>
      </trkpt>
      <trkpt lat="44.26352994516492" lon="6.936249928548932">
        <ele>1733.0041344790548</ele>
      </trkpt>
      <trkpt lat="44.26347998902202" lon="6.93632997572422">
        <ele>1737.1123907134445</ele>
      </trkpt>
      <trkpt lat="44.26347998902202" lon="6.9363899901509285">
        <ele>1739.1742152801514</ele>
      </trkpt>
      <trkpt lat="44.26353991962969" lon="6.936429971829057">
        <ele>1739.17016921729</ele>
      </trkpt>
      <trkpt lat="44.26355995237827" lon="6.936479927971959">
        <ele>1740.229858225302</ele>
      </trkpt>
      <trkpt lat="44.26350999623537" lon="6.936519993469119">
        <ele>1742.8874601790883</ele>
      </trkpt>
      <trkpt lat="44.26343992352486" lon="6.936489986255765">
        <ele>1743.452952794802</ele>
      </trkpt>
      <trkpt lat="44.263259964063764" lon="6.9365499168634415">
        <ele>1748.2986601489492</ele>
      </trkpt>
      <trkpt lat="44.26320992410183" lon="6.936499960720539">
        <ele>1747.1934047718214</ele>
      </trkpt>
      <trkpt lat="44.26309995353222" lon="6.936509935185313">
        <ele>1748.4682505351786</ele>
      </trkpt>
      <trkpt lat="44.262939943000674" lon="6.9366199895739555">
        <ele>1752.8105336261563</ele>
      </trkpt>
      <trkpt lat="44.262739950791" lon="6.9368199817836285">
        <ele>1755.7555488831376</ele>
      </trkpt>
      <trkpt lat="44.262739950791" lon="6.936879996210337">
        <ele>1757.6126284587283</ele>
      </trkpt>
      <trkpt lat="44.262639954686165" lon="6.936999941244721">
        <ele>1757.9430450988389</ele>
      </trkpt>
      <trkpt lat="44.26258999854326" lon="6.937149977311492">
        <ele>1760.8232239793101</ele>
      </trkpt>
      <trkpt lat="44.26259997300804" lon="6.9372099917382">
        <ele>1763.1107780175537</ele>
      </trkpt>
      <trkpt lat="44.262619921937585" lon="6.937219966202974">
        <ele>1764.1164952487252</ele>
      </trkpt>
      <trkpt lat="44.262739950791" lon="6.937159951776266">
        <ele>1765.9972766025219</ele>
      </trkpt>
      <trkpt lat="44.26296995021403" lon="6.93718995898962">
        <ele>1770.4915180503779</ele>
      </trkpt>
      <trkpt lat="44.26298998296261" lon="6.9372299406677485">
        <ele>1771.3416471692842</ele>
      </trkpt>
      <trkpt lat="44.26275998353958" lon="6.9374599400907755">
        <ele>1774.1402364228038</ele>
      </trkpt>
      <trkpt lat="44.26264992915094" lon="6.9377099722623825">
        <ele>1778.2542682493317</ele>
      </trkpt>
      <trkpt lat="44.2624999769032" lon="6.93791993893683">
        <ele>1779.9481624188638</ele>
      </trkpt>
      <trkpt lat="44.26251992583275" lon="6.937989927828312">
        <ele>1782.6938886328396</ele>
      </trkpt>
      <trkpt lat="44.26256996579468" lon="6.937999986112118">
        <ele>1784.5616848820293</ele>
      </trkpt>
      <trkpt lat="44.262749925255775" lon="6.937869982793927">
        <ele>1785.6472037925384</ele>
      </trkpt>
      <trkpt lat="44.262829972431064" lon="6.937849950045347">
        <ele>1786.8415371323636</ele>
      </trkpt>
      <trkpt lat="44.26283994689584" lon="6.937879957258701">
        <ele>1787.8931368502413</ele>
      </trkpt>
      <trkpt lat="44.26269996911287" lon="6.9381399638950825">
        <ele>1791.610451281963</ele>
      </trkpt>
      <trkpt lat="44.26270994357765" lon="6.938199978321791">
        <ele>1793.3543213253984</ele>
      </trkpt>
      <trkpt lat="44.262789990752935" lon="6.938219927251339">
        <ele>1795.7968601844618</ele>
      </trkpt>
      <trkpt lat="44.26284992136061" lon="6.9381599966436625">
        <ele>1795.416096965068</ele>
      </trkpt>
      <trkpt lat="44.262919994071126" lon="6.938189920037985">
        <ele>1797.3311143250257</ele>
      </trkpt>
      <trkpt lat="44.262939943000674" lon="6.938269967213273">
        <ele>1799.7265932316886</ele>
      </trkpt>
      <trkpt lat="44.262899961322546" lon="6.938279941678047">
        <ele>1799.8598764916349</ele>
      </trkpt>
      <trkpt lat="44.26283994689584" lon="6.938449926674366">
        <ele>1804.0652919243018</ele>
      </trkpt>
      <trkpt lat="44.26279996521771" lon="6.938719991594553">
        <ele>1813.364912721756</ele>
      </trkpt>
      <trkpt lat="44.262749925255775" lon="6.938829962164164">
        <ele>1816.8958825151876</ele>
      </trkpt>
      <trkpt lat="44.2624999769032" lon="6.939069936051965">
        <ele>1820.2654380556946</ele>
      </trkpt>
      <trkpt lat="44.26245999522507" lon="6.939219972118735">
        <ele>1823.2554968285242</ele>
      </trkpt>
      <trkpt lat="44.26256996579468" lon="6.9392799865454435">
        <ele>1824.6964229239015</ele>
      </trkpt>
      <trkpt lat="44.26238992251456" lon="6.939579974859953">
        <ele>1829.2275862863708</ele>
      </trkpt>
      <trkpt lat="44.26238992251456" lon="6.939949952065945">
        <ele>1843.170539132468</ele>
      </trkpt>
      <trkpt lat="44.26227995194495" lon="6.939989933744073">
        <ele>1842.3651902825202</ele>
      </trkpt>
      <trkpt lat="44.2620699852705" lon="6.940149944275618">
        <ele>1843.2073518097695</ele>
      </trkpt>
      <trkpt lat="44.261929923668504" lon="6.940309954807162">
        <ele>1847.1755023304559</ele>
      </trkpt>
      <trkpt lat="44.26180997863412" lon="6.940499972552061">
        <ele>1852.9542521860467</ele>
      </trkpt>
      <trkpt lat="44.26171995699406" lon="6.940699964761734">
        <ele>1859.4848821650298</ele>
      </trkpt>
      <trkpt lat="44.26157495006919" lon="6.9408550299704075">
        <ele>1863.2420076393169</ele>
      </trkpt>
      <trkpt lat="44.26142994314432" lon="6.9410099275410175">
        <ele>1866.7520152443026</ele>
      </trkpt>
      <trkpt lat="44.26129993982613" lon="6.941059967502952">
        <ele>1865.7792377155295</ele>
      </trkpt>
      <trkpt lat="44.26124998368323" lon="6.941199945285916">
        <ele>1870.7795291148964</ele>
      </trkpt>
      <trkpt lat="44.26135995425284" lon="6.941269934177399">
        <ele>1877.6880690957764</ele>
      </trkpt>
      <trkpt lat="44.261499932035804" lon="6.941189970821142">
        <ele>1877.5231176530515</ele>
      </trkpt>
      <trkpt lat="44.261499932035804" lon="6.941349981352687">
        <ele>1884.9168914638617</ele>
      </trkpt>
      <trkpt lat="44.26142994314432" lon="6.9414399191737175">
        <ele>1887.447385217105</ele>
      </trkpt>
      <trkpt lat="44.26159992814064" lon="6.941449977457523">
        <ele>1891.125615754176</ele>
      </trkpt>
      <trkpt lat="44.26159992814064" lon="6.941609987989068">
        <ele>1896.4053553666602</ele>
      </trkpt>
      <trkpt lat="44.26172993145883" lon="6.9416699185967445">
        <ele>1900.714399117258</ele>
      </trkpt>
      <trkpt lat="44.26198993809521" lon="6.941639995202422">
        <ele>1902.445701248841</ele>
      </trkpt>
      <trkpt lat="44.26214994862676" lon="6.941769998520613">
        <ele>1907.672331388098</ele>
      </trkpt>
      <trkpt lat="44.26196646876633" lon="6.942026820033789">
        <ele>1915.0335423267047</ele>
      </trkpt>
      <trkpt lat="44.26178298890591" lon="6.942283641546965">
        <ele>1921.5550821907525</ele>
      </trkpt>
      <trkpt lat="44.26159992814064" lon="6.94253996014595">
        <ele>1925.7200350845105</ele>
      </trkpt>
      <trkpt lat="44.261484844610095" lon="6.9427552074193954">
        <ele>1929.638929038112</ele>
      </trkpt>
      <trkpt lat="44.26136992871761" lon="6.94296995177865">
        <ele>1932.6264677306056</ele>
      </trkpt>
      <trkpt lat="44.261614764109254" lon="6.943054860457778">
        <ele>1942.3550380024678</ele>
      </trkpt>
      <trkpt lat="44.26185993477702" lon="6.943139936774969">
        <ele>1951.1785423283618</ele>
      </trkpt>
      <trkpt lat="44.26210477016866" lon="6.9432249292731285">
        <ele>1958.0846119945963</ele>
      </trkpt>
      <trkpt lat="44.26234994083643" lon="6.943309921771288">
        <ele>1963.1104020697867</ele>
      </trkpt>
      <trkpt lat="44.262460079044104" lon="6.943490132689476">
        <ele>1975.3279606781844</ele>
      </trkpt>
      <trkpt lat="44.26256996579468" lon="6.9436699245125055">
        <ele>1982.039206412243</ele>
      </trkpt>
      <trkpt lat="44.262729892507195" lon="6.943759946152568">
        <ele>1986.483938277442</ele>
      </trkpt>
      <trkpt lat="44.26288998685777" lon="6.94384996779263">
        <ele>1991.4634880849596</ele>
      </trkpt>
      <trkpt lat="44.2629799246788" lon="6.944009978324175">
        <ele>1996.9140535140598</ele>
      </trkpt>
      <trkpt lat="44.26283994689584" lon="6.944049960002303">
        <ele>1999.1169534339228</ele>
      </trkpt>
      <trkpt lat="44.26286995410919" lon="6.944199996069074">
        <ele>2002.7724399332635</ele>
      </trkpt>
      <trkpt lat="44.262829972431064" lon="6.944239977747202">
        <ele>2004.5390339461696</ele>
      </trkpt>
      <trkpt lat="44.263029880821705" lon="6.944374926388264">
        <ele>2009.2475023255158</ele>
      </trkpt>
      <trkpt lat="44.26322995685041" lon="6.944509958848357">
        <ele>2013.6260832758167</ele>
      </trkpt>
      <trkpt lat="44.2629748955369" lon="6.944765020161867">
        <ele>2022.5926194468375</ele>
      </trkpt>
      <trkpt lat="44.26271991804242" lon="6.945019997656345">
        <ele>2029.1724593157842</ele>
      </trkpt>
      <trkpt lat="44.26272997632623" lon="6.945239938795567">
        <ele>2032.780872519217</ele>
      </trkpt>
      <trkpt lat="44.26256996579468" lon="6.9454399310052395">
        <ele>2035.1166770807279</ele>
      </trkpt>
      <trkpt lat="44.26242998801172" lon="6.945829940959811">
        <ele>2040.746596808514</ele>
      </trkpt>
      <trkpt lat="44.26266476511955" lon="6.945809992030263">
        <ele>2045.0666305489578</ele>
      </trkpt>
      <trkpt lat="44.262899961322546" lon="6.945789959281683">
        <ele>2053.3351259781743</ele>
      </trkpt>
      <trkpt lat="44.2629299685359" lon="6.945859948173165">
        <ele>2055.4046108963544</ele>
      </trkpt>
      <trkpt lat="44.26285997964442" lon="6.945879980921745">
        <ele>2054.385377255533</ele>
      </trkpt>
      <trkpt lat="44.262809939682484" lon="6.94599992595613">
        <ele>2056.508197422029</ele>
      </trkpt>
      <trkpt lat="44.26284992136061" lon="6.9461199548095465">
        <ele>2061.394230728752</ele>
      </trkpt>
      <trkpt lat="44.26294991746545" lon="6.946189943701029">
        <ele>2066.6694910492874</ele>
      </trkpt>
      <trkpt lat="44.26283994689584" lon="6.946489932015538">
        <ele>2074.7095613823444</ele>
      </trkpt>
      <trkpt lat="44.2629799246788" lon="6.946479957550764">
        <ele>2078.1196146427496</ele>
      </trkpt>
      <trkpt lat="44.26290993578732" lon="6.946639968082309">
        <ele>2081.5933754871367</ele>
      </trkpt>
      <trkpt lat="44.26288998685777" lon="6.94689997471869">
        <ele>2089.1712272321274</ele>
      </trkpt>
      <trkpt lat="44.26294991746545" lon="6.947089992463589">
        <ele>2096.643922040239</ele>
      </trkpt>
      <trkpt lat="44.26294991746545" lon="6.947499951347709">
        <ele>2108.602473511815</ele>
      </trkpt>
      <trkpt lat="44.26305997185409" lon="6.947609921917319">
        <ele>2116.3024076110423</ele>
      </trkpt>
      <trkpt lat="44.262959975749254" lon="6.94788996130228">
        <ele>2122.8182942787184</ele>
      </trkpt>
      <trkpt lat="44.262939943000674" lon="6.948009990155697">
        <ele>2125.7197430916335</ele>
      </trkpt>
      <trkpt lat="44.26301999017596" lon="6.948199924081564">
        <ele>2128.9126812939794</ele>
      </trkpt>
      <trkpt lat="44.26319978199899" lon="6.948149967938662">
        <ele>2134.806357057575</ele>
      </trkpt>
      <trkpt lat="44.26337999291718" lon="6.9480999279767275">
        <ele>2140.588030598571</ele>
      </trkpt>
      <trkpt lat="44.263389967381954" lon="6.948159942403436">
        <ele>2142.733730135737</ele>
      </trkpt>
      <trkpt lat="44.263519970700145" lon="6.94818994961679">
        <ele>2147.174176380061</ele>
      </trkpt>
      <trkpt lat="44.26350999623537" lon="6.948309978470206">
        <ele>2150.1924609788657</ele>
      </trkpt>
      <trkpt lat="44.263779977336526" lon="6.94831995293498">
        <ele>2158.201489502355</ele>
      </trkpt>
      <trkpt lat="44.26380998454988" lon="6.948479963466525">
        <ele>2162.237518778005</ele>
      </trkpt>
      <trkpt lat="44.263779977336526" lon="6.948899980634451">
        <ele>2167.2174800292537</ele>
      </trkpt>
      <trkpt lat="44.26380998454988" lon="6.949329972267151">
        <ele>2171.8737452712808</ele>
      </trkpt>
      <trkpt lat="44.26388994790614" lon="6.94947992451489">
        <ele>2178.3161019274185</ele>
      </trkpt>
      <trkpt lat="44.2639300134033" lon="6.94971545599401">
        <ele>2182.3522028363723</ele>
      </trkpt>
      <trkpt lat="44.263969995081425" lon="6.94994998164475">
        <ele>2187.1403165073375</ele>
      </trkpt>
      <trkpt lat="44.263990027830005" lon="6.950175538659096">
        <ele>2189.864250144309</ele>
      </trkpt>
      <trkpt lat="44.26400997675955" lon="6.950399922206998">
        <ele>2190.8652123579577</ele>
      </trkpt>
      <trkpt lat="44.264099998399615" lon="6.950649954378605">
        <ele>2191.1144934695776</ele>
      </trkpt>
      <trkpt lat="44.264219943434" lon="6.950719943270087">
        <ele>2196.4822406979633</ele>
      </trkpt>
      <trkpt lat="44.26414995454252" lon="6.950519951060414">
        <ele>2198.6003587767036</ele>
      </trkpt>
      <trkpt lat="44.26430996507406" lon="6.9505799654871225">
        <ele>2204.7758365165837</ele>
      </trkpt>
      <trkpt lat="44.264529990032315" lon="6.950519951060414">
        <ele>2211.971012666038</ele>
      </trkpt>
      <trkpt lat="44.264680026099086" lon="6.950695049017668">
        <ele>2214.7502932063044</ele>
      </trkpt>
      <trkpt lat="44.264829978346825" lon="6.950869979336858">
        <ele>2219.2734977040473</ele>
      </trkpt>
      <trkpt lat="44.26499996334314" lon="6.9510099571198225">
        <ele>2226.3131937203552</ele>
      </trkpt>
      <trkpt lat="44.265004992485046" lon="6.950734276324511">
        <ele>2232.207184566109</ele>
      </trkpt>
      <trkpt lat="44.26500993780792" lon="6.950459936633706">
        <ele>2237.851811210983</ele>
      </trkpt>
      <trkpt lat="44.26516014151275" lon="6.950735282152891">
        <ele>2241.092610570189</ele>
      </trkpt>
      <trkpt lat="44.26530992612243" lon="6.9510099571198225">
        <ele>2247.128529006649</ele>
      </trkpt>
      <trkpt lat="44.26535996608436" lon="6.950699994340539">
        <ele>2254.6463397886437</ele>
      </trkpt>
      <trkpt lat="44.26551670767367" lon="6.950896717607975">
        <ele>2262.268626632632</ele>
      </trkpt>
      <trkpt lat="44.26567344926298" lon="6.951093524694443">
        <ele>2267.8447588801746</ele>
      </trkpt>
      <trkpt lat="44.26582993939519" lon="6.951289996504784">
        <ele>2272.9115632790845</ele>
      </trkpt>
      <trkpt lat="44.26586505956948" lon="6.95106946863234">
        <ele>2278.000214603854</ele>
      </trkpt>
      <trkpt lat="44.26589992828667" lon="6.950849946588278">
        <ele>2281.9936165625727</ele>
      </trkpt>
      <trkpt lat="44.266079971566796" lon="6.9510299898684025">
        <ele>2289.088155897106</ele>
      </trkpt>
      <trkpt lat="44.26621005870402" lon="6.951235178858042">
        <ele>2293.8262076401143</ele>
      </trkpt>
      <trkpt lat="44.26633997820318" lon="6.9514399487525225">
        <ele>2299.4659418373794</ele>
      </trkpt>
      <trkpt lat="44.266439974308014" lon="6.951629966497421">
        <ele>2304.300621195061</ele>
      </trkpt>
      <trkpt lat="44.26644994877279" lon="6.95177991874516">
        <ele>2304.6410252479595</ele>
      </trkpt>
      <trkpt lat="44.266520105302334" lon="6.952070603147149">
        <ele>2308.327175980238</ele>
      </trkpt>
      <trkpt lat="44.26658992655575" lon="6.952359946444631">
        <ele>2314.700349063023</ele>
      </trkpt>
      <trkpt lat="44.26659998483956" lon="6.952625652775168">
        <ele>2318.3116585587863</ele>
      </trkpt>
      <trkpt lat="44.26660995930433" lon="6.952889934182167">
        <ele>2320.373152172277</ele>
      </trkpt>
      <trkpt lat="44.266699980944395" lon="6.953049944713712">
        <ele>2325.8687958286237</ele>
      </trkpt>
      <trkpt lat="44.26676996983588" lon="6.953299976885319">
        <ele>2329.68629414282</ele>
      </trkpt>
      <trkpt lat="44.26673996262252" lon="6.9535599835217">
        <ele>2327.658432956029</ele>
      </trkpt>
      <trkpt lat="44.2667599953711" lon="6.953599965199828">
        <ele>2329.900689612005</ele>
      </trkpt>
      <trkpt lat="44.266789918765426" lon="6.953609939664602">
        <ele>2333.0768309278083</ele>
      </trkpt>
      <trkpt lat="44.26685999147594" lon="6.953939935192466">
        <ele>2339.9245395512253</ele>
      </trkpt>
      <trkpt lat="44.26690994761884" lon="6.953879920765758">
        <ele>2344.0056149524225</ele>
      </trkpt>
      <trkpt lat="44.26704020239413" lon="6.953549422323704">
        <ele>2351.5183465113832</ele>
      </trkpt>
      <trkpt lat="44.26716995425522" lon="6.9532199297100306">
        <ele>2359.456304208618</ele>
      </trkpt>
      <trkpt lat="44.267239943146706" lon="6.953099984675646">
        <ele>2363.0134269144874</ele>
      </trkpt>
      <trkpt lat="44.267259975895286" lon="6.9532599952071905">
        <ele>2366.15516533183</ele>
      </trkpt>
      <trkpt lat="44.26733993925154" lon="6.95353995077312">
        <ele>2373.160419111956</ele>
      </trkpt>
      <trkpt lat="44.267429960891604" lon="6.9536899868398905">
        <ele>2377.577423498945</ele>
      </trkpt>
      <trkpt lat="44.267575135454535" lon="6.954015456140041">
        <ele>2377.737144412599</ele>
      </trkpt>
      <trkpt lat="44.26771997474134" lon="6.954339919611812">
        <ele>2378.807328192524</ele>
      </trkpt>
      <trkpt lat="44.26782013848424" lon="6.954600429162383">
        <ele>2378.83787713393</ele>
      </trkpt>
      <trkpt lat="44.26792030222714" lon="6.954860854893923">
        <ele>2379.268462024017</ele>
      </trkpt>
      <trkpt lat="44.26801996305585" lon="6.955119939520955">
        <ele>2381.0815032462197</ele>
      </trkpt>
      <trkpt lat="44.26803999580443" lon="6.955349938943982">
        <ele>2379.83168440605</ele>
      </trkpt>
      <trkpt lat="44.26808995194733" lon="6.955469967797399">
        <ele>2382.3752820403142</ele>
      </trkpt>
      <trkpt lat="44.26810998469591" lon="6.955639952793717">
        <ele>2381.058970254817</ele>
      </trkpt>
      <trkpt lat="44.26820998080075" lon="6.95572997443378">
        <ele>2382.8678287413527</ele>
      </trkpt>
      <trkpt lat="44.26832506433129" lon="6.955885039642453">
        <ele>2382.160243747672</ele>
      </trkpt>
      <trkpt lat="44.268439980223775" lon="6.956039937213063">
        <ele>2381.978682106007</ele>
      </trkpt>
      <trkpt lat="44.268605187535286" lon="6.9563954975456">
        <ele>2381.2500615629087</ele>
      </trkpt>
      <trkpt lat="44.26876997575164" lon="6.956749968230724">
        <ele>2384.317868484729</ele>
      </trkpt>
      <trkpt lat="44.26882999017835" lon="6.956949960440397">
        <ele>2384.7983092412173</ele>
      </trkpt>
      <trkpt lat="44.26902998238802" lon="6.957209967076778">
        <ele>2383.7920913398298</ele>
      </trkpt>
      <trkpt lat="44.26907993853092" lon="6.957229999825358">
        <ele>2385.5697307507244</ele>
      </trkpt>
      <trkpt lat="44.26922008395195" lon="6.957410043105483">
        <ele>2385.9954361978607</ele>
      </trkpt>
      <trkpt lat="44.26935997791588" lon="6.957589918747544">
        <ele>2389.5283594046423</ele>
      </trkpt>
      <trkpt lat="44.26941010169685" lon="6.9578505121171474">
        <ele>2390.503553899727</ele>
      </trkpt>
      <trkpt lat="44.26945997402072" lon="6.958109932020307">
        <ele>2392.890684609615</ele>
      </trkpt>
      <trkpt lat="44.269429882988334" lon="6.958360550925136">
        <ele>2393.7896471210183</ele>
      </trkpt>
      <trkpt lat="44.26939995959401" lon="6.958609996363521">
        <ele>2390.9416902160974</ele>
      </trkpt>
      <trkpt lat="44.26952501758933" lon="6.958785094320774">
        <ele>2392.012994821572</ele>
      </trkpt>
      <trkpt lat="44.26964999176562" lon="6.958959940820932">
        <ele>2391.8823847197536</ele>
      </trkpt>
      <trkpt lat="44.26977513357997" lon="6.959205279126763">
        <ele>2392.389935810889</ele>
      </trkpt>
      <trkpt lat="44.269899940118194" lon="6.959449946880341">
        <ele>2396.8912488150004</ele>
      </trkpt>
      <trkpt lat="44.269969929009676" lon="6.95976996794343">
        <ele>2401.474709892749</ele>
      </trkpt>
      <trkpt lat="44.269954925403" lon="6.960110776126385">
        <ele>2398.8211168675175</ele>
      </trkpt>
      <trkpt lat="44.26993992179632" lon="6.960449991747737">
        <ele>2398.2990776908678</ele>
      </trkpt>
      <trkpt lat="44.26994998008013" lon="6.960599943995476">
        <ele>2397.564360946625</ele>
      </trkpt>
      <trkpt lat="44.27001510746777" lon="6.960925664752722">
        <ele>2398.9162237661717</ele>
      </trkpt>
      <trkpt lat="44.27007998339832" lon="6.961249960586429">
        <ele>2397.206486431164</ele>
      </trkpt>
      <trkpt lat="44.27016992121935" lon="6.961319949477911">
        <ele>2397.1954355358494</ele>
      </trkpt>
      <trkpt lat="44.27024996839464" lon="6.9614199455827475">
        <ele>2399.4933023320727</ele>
      </trkpt>
      <trkpt lat="44.270269917324185" lon="6.961579956114292">
        <ele>2400.747966471154</ele>
      </trkpt>
      <trkpt lat="44.27024996839464" lon="6.961779948323965">
        <ele>2403.403097428236</ele>
      </trkpt>
      <trkpt lat="44.27018995396793" lon="6.961909951642156">
        <ele>2400.5548136716216</ele>
      </trkpt>
      <trkpt lat="44.27022993564606" lon="6.962009947746992">
        <ele>2400.4581032537485</ele>
      </trkpt>
      <trkpt lat="44.27029992453754" lon="6.9620799366384745">
        <ele>2400.815923068571</ele>
      </trkpt>
      <trkpt lat="44.270329931750894" lon="6.962199965491891">
        <ele>2402.334998740077</ele>
      </trkpt>
      <trkpt lat="44.270309982821345" lon="6.962359976023436">
        <ele>2398.0985205076176</ele>
      </trkpt>
      <trkpt lat="44.27037997171283" lon="6.9625399354845285">
        <ele>2406.3862878256455</ele>
      </trkpt>
      <trkpt lat="44.270309982821345" lon="6.962679997086525">
        <ele>2397.5084865451</ele>
      </trkpt>
      <trkpt lat="44.2703399900347" lon="6.963019967079163">
        <ele>2396.4976893919684</ele>
      </trkpt>
      <trkpt lat="44.27049991674721" lon="6.963119963183999">
        <ele>2398.6594878076257</ele>
      </trkpt>
      <trkpt lat="44.27068993449211" lon="6.963169919326901">
        <ele>2402.445208390114</ele>
      </trkpt>
      <trkpt lat="44.2707699816674" lon="6.9632399920374155">
        <ele>2404.8951893420294</ele>
      </trkpt>
      <trkpt lat="44.27074994891882" lon="6.963439984247088">
        <ele>2406.5046074931756</ele>
      </trkpt>
      <trkpt lat="44.27066998556256" lon="6.963759921491146">
        <ele>2404.645316336192</ele>
      </trkpt>
      <trkpt lat="44.27065992727876" lon="6.963990507647395">
        <ele>2405.6053966897357</ele>
      </trkpt>
      <trkpt lat="44.27064995281398" lon="6.9642199203372">
        <ele>2405.721110013533</ele>
      </trkpt>
      <trkpt lat="44.27070996724069" lon="6.964289993047714">
        <ele>2405.1482865243274</ele>
      </trkpt>
      <trkpt lat="44.27082999609411" lon="6.964289993047714">
        <ele>2408.1205735512667</ele>
      </trkpt>
      <trkpt lat="44.271019930019975" lon="6.964609930291772">
        <ele>2406.8840649438785</ele>
      </trkpt>
      <trkpt lat="44.27107994444668" lon="6.9647399336099625">
        <ele>2408.950091152819</ele>
      </trkpt>
      <trkpt lat="44.27109997719526" lon="6.964889969676733">
        <ele>2408.9097492106184</ele>
      </trkpt>
      <trkpt lat="44.27115999162197" lon="6.964999940246344">
        <ele>2413.2013024965104</ele>
      </trkpt>
      <trkpt lat="44.271149933338165" lon="6.96511996909976">
        <ele>2418.463506986266</ele>
      </trkpt>
      <trkpt lat="44.27094994112849" lon="6.965299928560853">
        <ele>2409.9594103782756</ele>
      </trkpt>
      <trkpt lat="44.27098992280662" lon="6.965449964627624">
        <ele>2415.4090743377683</ele>
      </trkpt>
      <trkpt lat="44.27093996666372" lon="6.965639982372522">
        <ele>2420.8548160628643</ele>
      </trkpt>
      <trkpt lat="44.27082999609411" lon="6.965789934620261">
        <ele>2420.46096739294</ele>
      </trkpt>
      <trkpt lat="44.27074994891882" lon="6.96597995236516">
        <ele>2414.442667313493</ele>
      </trkpt>
      <trkpt lat="44.2706748470664" lon="6.966210370883346">
        <ele>2416.3814077520847</ele>
      </trkpt>
      <trkpt lat="44.27059999667108" lon="6.966439951211214">
        <ele>2408.339960171872</ele>
      </trkpt>
      <trkpt lat="44.270589938387275" lon="6.966569954529405">
        <ele>2408.91993598185</ele>
      </trkpt>
      <trkpt lat="44.270609971135855" lon="6.966769946739078">
        <ele>2415.2669684559673</ele>
      </trkpt>
      <trkpt lat="44.27056998945773" lon="6.967009920626879">
        <ele>2417.4948279389455</ele>
      </trkpt>
      <trkpt lat="44.27066998556256" lon="6.967379981651902">
        <ele>2407.716059177682</ele>
      </trkpt>
      <trkpt lat="44.27072999998927" lon="6.967539992183447">
        <ele>2412.6020999291745</ele>
      </trkpt>
      <trkpt lat="44.270739974454045" lon="6.967639988288283">
        <ele>2411.1120885928126</ele>
      </trkpt>
      <trkpt lat="44.2708199378103" lon="6.967759933322668">
        <ele>2406.2036008153455</ele>
      </trkpt>
      <trkpt lat="44.270909959450364" lon="6.967709977179766">
        <ele>2406.6525656607164</ele>
      </trkpt>
      <trkpt lat="44.27096997387707" lon="6.967539992183447">
        <ele>2417.840242374811</ele>
      </trkpt>
      <trkpt lat="44.27107994444668" lon="6.967509984970093">
        <ele>2421.469769157771</ele>
      </trkpt>
      <trkpt lat="44.271039962768555" lon="6.967779966071248">
        <ele>2398.1569796010617</ele>
      </trkpt>
      <trkpt lat="44.27122998051345" lon="6.967889936640859">
        <ele>2411.287616278165</ele>
      </trkpt>
      <trkpt lat="44.271339951083064" lon="6.9678799621760845">
        <ele>2417.460188528866</ele>
      </trkpt>
      <trkpt lat="44.271429972723126" lon="6.967909969389439">
        <ele>2414.215499077829</ele>
      </trkpt>
      <trkpt lat="44.27149996161461" lon="6.967889936640859">
        <ele>2417.6121266466043</ele>
      </trkpt>
      <trkpt lat="44.27154991775751" lon="6.967919943854213">
        <ele>2417.384487333125</ele>
      </trkpt>
      <trkpt lat="44.27163993939757" lon="6.9680799543857574">
        <ele>2420.483589346633</ele>
      </trkpt>
      <trkpt lat="44.27175996825099" lon="6.968069979920983">
        <ele>2420.471833262764</ele>
      </trkpt>
      <trkpt lat="44.27193992771208" lon="6.968099987134337">
        <ele>2421.8497754708014</ele>
      </trkpt>
      <trkpt lat="44.27201997488737" lon="6.968239964917302">
        <ele>2421.6058846681203</ele>
      </trkpt>
      <trkpt lat="44.272029949352145" lon="6.968349935486913">
        <ele>2421.1366266350933</ele>
      </trkpt>
      <trkpt lat="44.272009916603565" lon="6.968469964340329">
        <ele>2415.426146080816</ele>
      </trkpt>
      <trkpt lat="44.27201997488737" lon="6.968499971553683">
        <ele>2415.0372439487223</ele>
      </trkpt>
      <trkpt lat="44.27216992713511" lon="6.968629974871874">
        <ele>2422.729111197473</ele>
      </trkpt>
      <trkpt lat="44.272179985418916" lon="6.96872997097671">
        <ele>2421.8898980314475</ele>
      </trkpt>
      <trkpt lat="44.2722499743104" lon="6.968869948759675">
        <ele>2423.5415286784055</ele>
      </trkpt>
      <trkpt lat="44.272289955988526" lon="6.968909930437803">
        <ele>2426.3821520182983</ele>
      </trkpt>
      <trkpt lat="44.27227998152375" lon="6.96902995929122">
        <ele>2425.762245196446</ele>
      </trkpt>
      <trkpt lat="44.272239999845624" lon="6.96913992986083">
        <ele>2422.8027950276414</ele>
      </trkpt>
      <trkpt lat="44.27225994877517" lon="6.969299940392375">
        <ele>2424.6960307286713</ele>
      </trkpt>
      <trkpt lat="44.27223488688469" lon="6.96958065032959">
        <ele>2426.7406066898307</ele>
      </trkpt>
      <trkpt lat="44.27220999263227" lon="6.9698599353432655">
        <ele>2425.25865943889</ele>
      </trkpt>
      <trkpt lat="44.272309988737106" lon="6.970219938084483">
        <ele>2425.233644071453</ele>
      </trkpt>
      <trkpt lat="44.27239992655814" lon="6.97044993750751">
        <ele>2427.528276705974</ele>
      </trkpt>
      <trkpt lat="44.27236991934478" lon="6.970649929717183">
        <ele>2422.706192026128</ele>
      </trkpt>
      <trkpt lat="44.272349970415235" lon="6.971039939671755">
        <ele>2423.107113012536</ele>
      </trkpt>
      <trkpt lat="44.27236991934478" lon="6.971099954098463">
        <ele>2425.3110053373753</ele>
      </trkpt>
      <trkpt lat="44.27237997762859" lon="6.971269939094782">
        <ele>2428.7708576768105</ele>
      </trkpt>
      <trkpt lat="44.27236991934478" lon="6.971509996801615">
        <ele>2432.3490517906293</ele>
      </trkpt>
      <trkpt lat="44.272329937666655" lon="6.971709989011288">
        <ele>2437.749441865593</ele>
      </trkpt>
      <trkpt lat="44.27216992713511" lon="6.971929930150509">
        <ele>2428.330135449372</ele>
      </trkpt>
      <trkpt lat="44.27208996377885" lon="6.972259925678372">
        <ele>2433.859495282679</ele>
      </trkpt>
      <trkpt lat="44.27198996767402" lon="6.9725199323147535">
        <ele>2432.1126003455024</ele>
      </trkpt>
      <trkpt lat="44.27196993492544" lon="6.972759990021586">
        <ele>2437.286421999522</ele>
      </trkpt>
      <trkpt lat="44.271799782291055" lon="6.973060313612223">
        <ele>2438.6322013940426</ele>
      </trkpt>
      <trkpt lat="44.2716299649328" lon="6.973359966650605">
        <ele>2437.9872796487393</ele>
      </trkpt>
      <trkpt lat="44.27154991775751" lon="6.973599940538406">
        <ele>2439.01846151697</ele>
      </trkpt>
      <trkpt lat="44.27169006317854" lon="6.973434900864959">
        <ele>2444.3290456408804</ele>
      </trkpt>
      <trkpt lat="44.27182995714247" lon="6.973269945010543">
        <ele>2448.3675642792173</ele>
      </trkpt>
      <trkpt lat="44.27199994213879" lon="6.973169948905706">
        <ele>2455.949385586343</ele>
      </trkpt>
      <trkpt lat="44.27191981114447" lon="6.973410425707698">
        <ele>2459.564088712975</ele>
      </trkpt>
      <trkpt lat="44.271839931607246" lon="6.9736499805003405">
        <ele>2461.3349594870056</ele>
      </trkpt>
      <trkpt lat="44.27178486250341" lon="6.973880482837558">
        <ele>2463.1193011494147</ele>
      </trkpt>
      <trkpt lat="44.271729961037636" lon="6.9741099793463945">
        <ele>2467.209361667939</ele>
      </trkpt>
      <trkpt lat="44.271619990468025" lon="6.974349953234196">
        <ele>2473.523198429344</ele>
      </trkpt>
      <trkpt lat="44.27151999436319" lon="6.974409967660904">
        <ele>2471.5350960501733</ele>
      </trkpt>
      <trkpt lat="44.2714399471879" lon="6.974779944866896">
        <ele>2474.4935505608682</ele>
      </trkpt>
      <trkpt lat="44.271339951083064" lon="6.974999969825149">
        <ele>2478.155504414694</ele>
      </trkpt>
      <trkpt lat="44.27132997661829" lon="6.975009944289923">
        <ele>2478.464478144465</ele>
      </trkpt>
      <trkpt lat="44.27121992222965" lon="6.975039951503277">
        <ele>2477.454230891325</ele>
      </trkpt>
      <trkpt lat="44.270970057696104" lon="6.975214881822467">
        <ele>2476.0197201028527</ele>
      </trkpt>
      <trkpt lat="44.270719941705465" lon="6.97538997977972">
        <ele>2485.4642802138633</ele>
      </trkpt>
      <trkpt lat="44.27051341161132" lon="6.975473212078214">
        <ele>2492.9123168917035</ele>
      </trkpt>
      <trkpt lat="44.27030688151717" lon="6.975556528195739">
        <ele>2496.2994175728463</ele>
      </trkpt>
      <trkpt lat="44.27009993232787" lon="6.975639928132296">
        <ele>2492.811559604767</ele>
      </trkpt>
      <trkpt lat="44.26997998729348" lon="6.9758599530905485">
        <ele>2496.0054016499953</ele>
      </trkpt>
      <trkpt lat="44.26982995122671" lon="6.976019963622093">
        <ele>2491.0110093595626</ele>
      </trkpt>
      <trkpt lat="44.26977999508381" lon="6.976169999688864">
        <ele>2492.095870455085</ele>
      </trkpt>
      <trkpt lat="44.26975996233523" lon="6.976349959149957">
        <ele>2495.9288841695493</ele>
      </trkpt>
      <trkpt lat="44.269919972866774" lon="6.976599991321564">
        <ele>2498.2583195514962</ele>
      </trkpt>
      <trkpt lat="44.2699599545449" lon="6.976749943569303">
        <ele>2499.614812731337</ele>
      </trkpt>
      <trkpt lat="44.269889798015356" lon="6.977030569687486">
        <ele>2500.1696350307393</ele>
      </trkpt>
      <trkpt lat="44.26981964148581" lon="6.977311111986637">
        <ele>2503.183988780991</ele>
      </trkpt>
      <trkpt lat="44.269749987870455" lon="6.977589977905154">
        <ele>2503.278169465845</ele>
      </trkpt>
      <trkpt lat="44.269619984552264" lon="6.977819977328181">
        <ele>2502.114091737558</ele>
      </trkpt>
      <trkpt lat="44.26951998844743" lon="6.978049976751208">
        <ele>2501.0344311972403</ele>
      </trkpt>
      <trkpt lat="44.26950993016362" lon="6.978209987282753">
        <ele>2500.905444859777</ele>
      </trkpt>
      <trkpt lat="44.26941999234259" lon="6.978229936212301">
        <ele>2501.136122899744</ele>
      </trkpt>
      <trkpt lat="44.26934991963208" lon="6.97843998670578">
        <ele>2500.788353644312</ele>
      </trkpt>
      <trkpt lat="44.26915998570621" lon="6.978409979492426">
        <ele>2502.249188291707</ele>
      </trkpt>
      <trkpt lat="44.26902998238802" lon="6.9784199539572">
        <ele>2501.5727078708055</ele>
      </trkpt>
      <trkpt lat="44.268979942426085" lon="6.978319957852364">
        <ele>2502.160023970746</ele>
      </trkpt>
      <trkpt lat="44.26894993521273" lon="6.9783099833875895">
        <ele>2502.3464563856305</ele>
      </trkpt>
      <trkpt lat="44.26889997906983" lon="6.978239994496107">
        <ele>2504.1678034855377</ele>
      </trkpt>
      <trkpt lat="44.26887994632125" lon="6.978319957852364">
        <ele>2503.6459820989926</ele>
      </trkpt>
      <trkpt lat="44.268739968538284" lon="6.97846001945436">
        <ele>2505.635630870164</ele>
      </trkpt>
      <trkpt lat="44.26859999075532" lon="6.978599997237325">
        <ele>2507.726641232994</ele>
      </trkpt>
      <trkpt lat="44.26850996911526" lon="6.978599997237325">
        <ele>2510.7267199731814</ele>
      </trkpt>
      <trkpt lat="44.26842992193997" lon="6.978699993342161">
        <ele>2512.59303816687</ele>
      </trkpt>
      <trkpt lat="44.26837996579707" lon="6.978709967806935">
        <ele>2514.2979700544706</ele>
      </trkpt>
      <trkpt lat="44.26837996579707" lon="6.978589938953519">
        <ele>2515.976872885292</ele>
      </trkpt>
      <trkpt lat="44.26840997301042" lon="6.978509975597262">
        <ele>2516.3723187898986</ele>
      </trkpt>
      <trkpt lat="44.26838994026184" lon="6.978469993919134">
        <ele>2517.706916448016</ele>
      </trkpt>
      <trkpt lat="44.268439980223775" lon="6.978379972279072">
        <ele>2518.4145158450574</ele>
      </trkpt>
      <trkpt lat="44.26833998411894" lon="6.978389946743846">
        <ele>2520.15090295101</ele>
      </trkpt>
      <trkpt lat="44.268229929730296" lon="6.978629920631647">
        <ele>2517.2983311179696</ele>
      </trkpt>
      <trkpt lat="44.268229929730296" lon="6.978819938376546">
        <ele>2515.2946590716033</ele>
      </trkpt>
      <trkpt lat="44.26816480234265" lon="6.979060415178537">
        <ele>2512.2750371231714</ele>
      </trkpt>
      <trkpt lat="44.268099926412106" lon="6.97929996997118">
        <ele>2506.3148915113934</ele>
      </trkpt>
      <trkpt lat="44.268159940838814" lon="6.979329977184534">
        <ele>2503.9000944954164</ele>
      </trkpt>
      <trkpt lat="44.26802993752062" lon="6.979459980502725">
        <ele>2505.392135355394</ele>
      </trkpt>
      <trkpt lat="44.26791996695101" lon="6.979769943282008">
        <ele>2504.4788128554355</ele>
      </trkpt>
      <trkpt lat="44.26788995973766" lon="6.980029949918389">
        <ele>2500.968453045225</ele>
      </trkpt>
      <trkpt lat="44.26791996695101" lon="6.980219967663288">
        <ele>2501.759141076329</ele>
      </trkpt>
      <trkpt lat="44.267879985272884" lon="6.9803099893033504">
        <ele>2501.2499499424207</ele>
      </trkpt>
      <trkpt lat="44.26786992698908" lon="6.980389952659607">
        <ele>2501.298155102815</ele>
      </trkpt>
      <trkpt lat="44.26775995641947" lon="6.980529930442572">
        <ele>2501.9161216950506</ele>
      </trkpt>
      <trkpt lat="44.26771997474134" lon="6.9805399887263775">
        <ele>2501.9143149115644</ele>
      </trkpt>
      <trkpt lat="44.2676099203527" lon="6.980709973722696">
        <ele>2503.5219885134193</ele>
      </trkpt>
      <trkpt lat="44.26746994256973" lon="6.980809969827533">
        <ele>2504.2786684376233</ele>
      </trkpt>
      <trkpt lat="44.267389979213476" lon="6.980909965932369">
        <ele>2505.2452860078324</ele>
      </trkpt>
      <trkpt lat="44.26724497228861" lon="6.981014907360077">
        <ele>2506.116303302937</ele>
      </trkpt>
      <trkpt lat="44.26709996536374" lon="6.981119932606816">
        <ele>2508.1538750796244</ele>
      </trkpt>
      <trkpt lat="44.26704992540181" lon="6.981249935925007">
        <ele>2509.1465888968214</ele>
      </trkpt>
      <trkpt lat="44.26690483465791" lon="6.981450095772743">
        <ele>2511.2940750724274</ele>
      </trkpt>
      <trkpt lat="44.2667599953711" lon="6.981649920344353">
        <ele>2515.355988629301</ele>
      </trkpt>
      <trkpt lat="44.26673493348062" lon="6.9814293924719095">
        <ele>2520.114741091548</ele>
      </trkpt>
      <trkpt lat="44.26670995540917" lon="6.981209954246879">
        <ele>2521.4140333707455</ele>
      </trkpt>
      <trkpt lat="44.26659998483956" lon="6.981439953669906">
        <ele>2530.1067191232023</ele>
      </trkpt>
      <trkpt lat="44.266549944877625" lon="6.981589989736676">
        <ele>2531.960102849382</ele>
      </trkpt>
      <trkpt lat="44.2664198577404" lon="6.981775062158704">
        <ele>2536.960482267094</ele>
      </trkpt>
      <trkpt lat="44.26628993824124" lon="6.981959966942668">
        <ele>2544.8599476427166</ele>
      </trkpt>
      <trkpt lat="44.26628993824124" lon="6.982099944725633">
        <ele>2544.277239309264</ele>
      </trkpt>
      <trkpt lat="44.26621994934976" lon="6.982259955257177">
        <ele>2546.2927139126427</ele>
      </trkpt>
      <trkpt lat="44.26599992439151" lon="6.982529936358333">
        <ele>2555.6782092876947</ele>
      </trkpt>
      <trkpt lat="44.266009982675314" lon="6.982159959152341">
        <ele>2560.078961712888</ele>
      </trkpt>
      <trkpt lat="44.26589992828667" lon="6.981939934194088">
        <ele>2563.0530110995005</ele>
      </trkpt>
      <trkpt lat="44.26591501571238" lon="6.98155403137207">
        <ele>2562.0667982283567</ele>
      </trkpt>
      <trkpt lat="44.265929935500026" lon="6.98116997256875">
        <ele>2568.6148932434917</ele>
      </trkpt>
      <trkpt lat="44.26586992107332" lon="6.9809499476104975">
        <ele>2572.946642625051</ele>
      </trkpt>
      <trkpt lat="44.265799932181835" lon="6.980919940397143">
        <ele>2578.042913597676</ele>
      </trkpt>
      <trkpt lat="44.26575995050371" lon="6.980759929865599">
        <ele>2580.6498222951573</ele>
      </trkpt>
      <trkpt lat="44.26573991775513" lon="6.980559937655926">
        <ele>2582.5866277548876</ele>
      </trkpt>
      <trkpt lat="44.265649979934096" lon="6.980429934337735">
        <ele>2585.0588071427446</ele>
      </trkpt>
      <trkpt lat="44.26556993275881" lon="6.980399927124381">
        <ele>2587.2367320346</ele>
      </trkpt>
      <trkpt lat="44.2655099183321" lon="6.980449967086315">
        <ele>2589.229674280077</ele>
      </trkpt>
      <trkpt lat="44.26546993665397" lon="6.980419959872961">
        <ele>2589.661925926598</ele>
      </trkpt>
      <trkpt lat="44.265389973297715" lon="6.980419959872961">
        <ele>2591.025932749584</ele>
      </trkpt>
      <trkpt lat="44.26532995887101" lon="6.980399927124381">
        <ele>2592.037947998806</ele>
      </trkpt>
      <trkpt lat="44.26527991890907" lon="6.980429934337735">
        <ele>2593.61361397912</ele>
      </trkpt>
      <trkpt lat="44.26518998108804" lon="6.980419959872961">
        <ele>2595.649431827709</ele>
      </trkpt>
      <trkpt lat="44.265089984983206" lon="6.980299931019545">
        <ele>2596.5876968703074</ele>
      </trkpt>
      <trkpt lat="44.26499996334314" lon="6.9802899565547705">
        <ele>2597.1916903475217</ele>
      </trkpt>
      <trkpt lat="44.26487993448973" lon="6.980349970981479">
        <ele>2597.618202624567</ele>
      </trkpt>
      <trkpt lat="44.26484992727637" lon="6.980439992621541">
        <ele>2599.3150173414137</ele>
      </trkpt>
      <trkpt lat="44.26479997113347" lon="6.980489948764443">
        <ele>2601.045096165882</ele>
      </trkpt>
      <trkpt lat="44.264699975028634" lon="6.980469999834895">
        <ele>2602.6982053125284</ele>
      </trkpt>
      <trkpt lat="44.2646499350667" lon="6.980429934337735">
        <ele>2603.4592593656894</ele>
      </trkpt>
      <trkpt lat="44.26456997171044" lon="6.980399927124381">
        <ele>2603.3521310738806</ele>
      </trkpt>
      <trkpt lat="44.26449998281896" lon="6.980619952082634">
        <ele>2607.30880550211</ele>
      </trkpt>
      <trkpt lat="44.2645999789238" lon="6.980979954823852">
        <ele>2613.6938829978612</ele>
      </trkpt>
      <trkpt lat="44.26455999724567" lon="6.981249935925007">
        <ele>2618.676274524759</ele>
      </trkpt>
      <trkpt lat="44.26457994617522" lon="6.981289917603135">
        <ele>2619.1410567814696</ele>
      </trkpt>
      <trkpt lat="44.26457994617522" lon="6.981439953669906">
        <ele>2623.7717301931602</ele>
      </trkpt>
      <trkpt lat="44.26442999392748" lon="6.9814299792051315">
        <ele>2622.238846824531</ele>
      </trkpt>
      <trkpt lat="44.264509957283735" lon="6.981589989736676">
        <ele>2629.3066743825802</ele>
      </trkpt>
      <trkpt lat="44.26468991674483" lon="6.981649920344353">
        <ele>2629.9848371128733</ele>
      </trkpt>
      <trkpt lat="44.26472998224199" lon="6.981789981946349">
        <ele>2632.814739516062</ele>
      </trkpt>
      <trkpt lat="44.26479997113347" lon="6.98189995251596">
        <ele>2634.0410177316394</ele>
      </trkpt>
      <trkpt lat="44.2648399528116" lon="6.98200992308557">
        <ele>2634.6447061522485</ele>
      </trkpt>
      <trkpt lat="44.26472998224199" lon="6.981969941407442">
        <ele>2636.3861057386976</ele>
      </trkpt>
      <trkpt lat="44.26451993174851" lon="6.982019981369376">
        <ele>2638.754113295766</ele>
      </trkpt>
      <trkpt lat="44.26427995786071" lon="6.982199940830469">
        <ele>2643.609941936432</ele>
      </trkpt>
      <trkpt lat="44.26415992900729" lon="6.982350060716271">
        <ele>2645.967426144727</ele>
      </trkpt>
      <trkpt lat="44.26403998397291" lon="6.9824999291449785">
        <ele>2644.7587759003104</ele>
      </trkpt>
      <trkpt lat="44.26395993679762" lon="6.982789942994714">
        <ele>2648.5100076382964</ele>
      </trkpt>
      <trkpt lat="44.263779977336526" lon="6.982999993488193">
        <ele>2649.6425107305167</ele>
      </trkpt>
      <trkpt lat="44.26360999234021" lon="6.983089931309223">
        <ele>2650.62780231158</ele>
      </trkpt>
      <trkpt lat="44.26344973035157" lon="6.983380280435085">
        <ele>2655.985486100043</ele>
      </trkpt>
      <trkpt lat="44.26328997127712" lon="6.983669959008694">
        <ele>2660.7239359735486</ele>
      </trkpt>
      <trkpt lat="44.263069946318865" lon="6.9838399440050125">
        <ele>2666.050963001738</ele>
      </trkpt>
      <trkpt lat="44.262899961322546" lon="6.984049994498491">
        <ele>2673.44155990099</ele>
      </trkpt>
      <trkpt lat="44.26279996521771" lon="6.984209921211004">
        <ele>2676.046887708815</ele>
      </trkpt>
      <trkpt lat="44.262769958004355" lon="6.984159965068102">
        <ele>2676.6364684310147</ele>
      </trkpt>
      <trkpt lat="44.262659987434745" lon="6.984109925106168">
        <ele>2678.6459252677405</ele>
      </trkpt>
      <trkpt lat="44.26259997300804" lon="6.984029961749911">
        <ele>2678.9851784090433</ele>
      </trkpt>
      <trkpt lat="44.26243996247649" lon="6.984039936214685">
        <ele>2680.9152976979703</ele>
      </trkpt>
      <trkpt lat="44.262319933623075" lon="6.983999954536557">
        <ele>2679.8819114568223</ele>
      </trkpt>
      <trkpt lat="44.262229995802045" lon="6.984029961749911">
        <ele>2679.250990454534</ele>
      </trkpt>
      <trkpt lat="44.26216998137534" lon="6.984009929001331">
        <ele>2677.624543004944</ele>
      </trkpt>
      <trkpt lat="44.262059926986694" lon="6.983879925683141">
        <ele>2671.3679653886056</ele>
      </trkpt>
      <trkpt lat="44.261969989165664" lon="6.983949998393655">
        <ele>2671.2087921424863</ele>
      </trkpt>
      <trkpt lat="44.26183998584747" lon="6.9838599767535925">
        <ele>2666.679243737366</ele>
      </trkpt>
      <trkpt lat="44.26171995699406" lon="6.983959972858429">
        <ele>2665.3588122547108</ele>
      </trkpt>
      <trkpt lat="44.26156505942345" lon="6.9840549398213625">
        <ele>2664.52363323665</ele>
      </trkpt>
      <trkpt lat="44.26140999421477" lon="6.984149990603328">
        <ele>2664.1368575621846</ele>
      </trkpt>
      <trkpt lat="44.26128996536136" lon="6.984049994498491">
        <ele>2662.777079171589</ele>
      </trkpt>
      <trkpt lat="44.26118996925652" lon="6.984099950641394">
        <ele>2660.856161309893</ele>
      </trkpt>
      <trkpt lat="44.261179994791746" lon="6.98374992236495">
        <ele>2652.556153690654</ele>
      </trkpt>
      <trkpt lat="44.26126993261278" lon="6.983369970694184">
        <ele>2648.301817936913</ele>
      </trkpt>
      <trkpt lat="44.26116993650794" lon="6.9834299851208925">
        <ele>2645.7335212949974</ele>
      </trkpt>
      <trkpt lat="44.261089973151684" lon="6.983519922941923">
        <ele>2643.324157946888</ele>
      </trkpt>
      <trkpt lat="44.26103993318975" lon="6.98361991904676">
        <ele>2641.6493623720808</ele>
      </trkpt>
      <trkpt lat="44.260969776660204" lon="6.983870454132557">
        <ele>2642.031840164744</ele>
      </trkpt>
      <trkpt lat="44.260899955406785" lon="6.984119983389974">
        <ele>2645.0019815406213</ele>
      </trkpt>
      <trkpt lat="44.260749919340014" lon="6.984359957277775">
        <ele>2651.977766707748</ele>
      </trkpt>
      <trkpt lat="44.26054992713034" lon="6.984309917315841">
        <ele>2650.1182952878366</ele>
      </trkpt>
      <trkpt lat="44.26032998599112" lon="6.984329950064421">
        <ele>2652.099239297029</ele>
      </trkpt>
      <trkpt lat="44.26012018695474" lon="6.984300026670098">
        <ele>2653.1791129806584</ele>
      </trkpt>
      <trkpt lat="44.259909968823195" lon="6.9842699356377125">
        <ele>2655.383927061641</ele>
      </trkpt>
      <trkpt lat="44.25975004211068" lon="6.984204975888133">
        <ele>2657.9041571713624</ele>
      </trkpt>
      <trkpt lat="44.259589947760105" lon="6.984139932319522">
        <ele>2660.5256499793277</ele>
      </trkpt>
      <trkpt lat="44.25951995886862" lon="6.984129957854748">
        <ele>2663.7440366512847</ele>
      </trkpt>
      <trkpt lat="44.25931996665895" lon="6.983969947323203">
        <ele>2670.2554988346856</ele>
      </trkpt>
      <trkpt lat="44.25935994833708" lon="6.984099950641394">
        <ele>2672.543542511058</ele>
      </trkpt>
      <trkpt lat="44.25951995886862" lon="6.984429946169257">
        <ele>2681.6414892319917</ele>
      </trkpt>
      <trkpt lat="44.25927998498082" lon="6.984329950064421">
        <ele>2689.6634093077255</ele>
      </trkpt>
      <trkpt lat="44.25918996334076" lon="6.9842699356377125">
        <ele>2691.9019664656994</ele>
      </trkpt>
      <trkpt lat="44.25920999608934" lon="6.984389964491129">
        <ele>2696.30757562636</ele>
      </trkpt>
      <trkpt lat="44.25905996002257" lon="6.984249986708164">
        <ele>2696.089758864367</ele>
      </trkpt>
      <trkpt lat="44.259029952809215" lon="6.984299942851067">
        <ele>2699.44842082776</ele>
      </trkpt>
      <trkpt lat="44.25894998945296" lon="6.984309917315841">
        <ele>2701.6272163719836</ele>
      </trkpt>
      <trkpt lat="44.25888997502625" lon="6.984279993921518">
        <ele>2701.696054728395</ele>
      </trkpt>
      <trkpt lat="44.25871496088803" lon="6.984109925106168">
        <ele>2701.3886900980715</ele>
      </trkpt>
      <trkpt lat="44.258539946749806" lon="6.983939940109849">
        <ele>2702.6385391964377</ele>
      </trkpt>
      <trkpt lat="44.25850993953645" lon="6.983939940109849">
        <ele>2704.0647714952565</ele>
      </trkpt>
      <trkpt lat="44.258469957858324" lon="6.983909932896495">
        <ele>2704.413393795877</ele>
      </trkpt>
      <trkpt lat="44.25837993621826" lon="6.983809936791658">
        <ele>2702.432603711227</ele>
      </trkpt>
      <trkpt lat="44.25830994732678" lon="6.983829969540238">
        <ele>2700.4828821263445</ele>
      </trkpt>
      <trkpt lat="44.25835998728871" lon="6.983879925683141">
        <ele>2705.016266963588</ele>
      </trkpt>
      <trkpt lat="44.25836996175349" lon="6.983949998393655">
        <ele>2707.357722930381</ele>
      </trkpt>
      <trkpt lat="44.25834992900491" lon="6.983979921787977">
        <ele>2708.3439313143467</ele>
      </trkpt>
      <trkpt lat="44.258299972862005" lon="6.983959972858429">
        <ele>2705.265891775204</ele>
      </trkpt>
      <trkpt lat="44.25821992568672" lon="6.984099950641394">
        <ele>2708.7742850567497</ele>
      </trkpt>
      <trkpt lat="44.25808992236853" lon="6.984209921211004">
        <ele>2705.253802049503</ele>
      </trkpt>
      <trkpt lat="44.258059998974204" lon="6.984309917315841">
        <ele>2707.7098264838573</ele>
      </trkpt>
      <trkpt lat="44.25800995901227" lon="6.984369931742549">
        <ele>2706.856493853569</ele>
      </trkpt>
      <trkpt lat="44.25793997012079" lon="6.984509993344545">
        <ele>2706.309972762754</ele>
      </trkpt>
      <trkpt lat="44.25788993015885" lon="6.9847299344837666">
        <ele>2713.236032920692</ele>
      </trkpt>
      <trkpt lat="44.25782999955118" lon="6.984879970550537">
        <ele>2708.6366042366776</ele>
      </trkpt>
      <trkpt lat="44.25794994458556" lon="6.985089937224984">
        <ele>2707.444083966404</ele>
      </trkpt>
      <trkpt lat="44.25794994458556" lon="6.985349943861365">
        <ele>2703.084675791194</ele>
      </trkpt>
      <trkpt lat="44.257979951798916" lon="6.985389925539494">
        <ele>2704.132696979367</ele>
      </trkpt>
      <trkpt lat="44.25793997012079" lon="6.985499979928136">
        <ele>2699.599446805066</ele>
      </trkpt>
      <trkpt lat="44.25800995901227" lon="6.985659990459681">
        <ele>2697.266530716449</ele>
      </trkpt>
      <trkpt lat="44.25811992958188" lon="6.985799968242645">
        <ele>2695.135603420861</ele>
      </trkpt>
      <trkpt lat="44.258270133286715" lon="6.986055197194219">
        <ele>2690.0440544909998</ele>
      </trkpt>
      <trkpt lat="44.25841991789639" lon="6.986309923231602">
        <ele>2684.462776633894</ele>
      </trkpt>
      <trkpt lat="44.258559979498386" lon="6.986549980938435">
        <ele>2680.1730149654577</ele>
      </trkpt>
      <trkpt lat="44.258619993925095" lon="6.986699933186173">
        <ele>2677.96902452178</ele>
      </trkpt>
      <trkpt lat="44.25863994285464" lon="6.986979972571135">
        <ele>2675.0669018910417</ele>
      </trkpt>
      <trkpt lat="44.25860993564129" lon="6.987239979207516">
        <ele>2674.3788552667615</ele>
      </trkpt>
      <trkpt lat="44.25852997228503" lon="6.987439971417189">
        <ele>2674.857122697632</ele>
      </trkpt>
      <trkpt lat="44.25841991789639" lon="6.987529993057251">
        <ele>2673.371229342634</ele>
      </trkpt>
      <trkpt lat="44.25825999118388" lon="6.987539967522025">
        <ele>2668.963652288861</ele>
      </trkpt>
      <trkpt lat="44.25820995122194" lon="6.987519934773445">
        <ele>2666.886569667991</ele>
      </trkpt>
      <trkpt lat="44.258149936795235" lon="6.987689919769764">
        <ele>2668.801677972422</ele>
      </trkpt>
      <trkpt lat="44.258109955117106" lon="6.987719926983118">
        <ele>2668.766369984244</ele>
      </trkpt>
      <trkpt lat="44.258019933477044" lon="6.987719926983118">
        <ele>2665.669362318384</ele>
      </trkpt>
      <trkpt lat="44.25791993737221" lon="6.987749934196472">
        <ele>2662.384290869617</ele>
      </trkpt>
      <trkpt lat="44.2578599229455" lon="6.98782998137176">
        <ele>2659.972524145642</ele>
      </trkpt>
      <trkpt lat="44.25778993405402" lon="6.9878599885851145">
        <ele>2656.14488342389</ele>
      </trkpt>
      <trkpt lat="44.25775992684066" lon="6.9878599885851145">
        <ele>2654.7079640692004</ele>
      </trkpt>
      <trkpt lat="44.257719945162535" lon="6.98780994862318">
        <ele>2654.8516757532902</ele>
      </trkpt>
      <trkpt lat="44.25767996348441" lon="6.98769997805357">
        <ele>2655.0951074622467</ele>
      </trkpt>
      <trkpt lat="44.257739977911115" lon="6.987599981948733">
        <ele>2656.8289050148283</ele>
      </trkpt>
      <trkpt lat="44.2578099668026" lon="6.987539967522025">
        <ele>2657.187073617377</ele>
      </trkpt>
      <trkpt lat="44.257869981229305" lon="6.987439971417189">
        <ele>2655.2634438981277</ele>
      </trkpt>
      <trkpt lat="44.25789998844266" lon="6.987299993634224">
        <ele>2650.7547816239053</ele>
      </trkpt>
      <trkpt lat="44.25781994126737" lon="6.987309968098998">
        <ele>2649.109373632703</ele>
      </trkpt>
      <trkpt lat="44.25776998512447" lon="6.987349949777126">
        <ele>2650.0493464021174</ele>
      </trkpt>
      <trkpt lat="44.25775992684066" lon="6.98726998642087">
        <ele>2646.057875914298</ele>
      </trkpt>
      <trkpt lat="44.25766998901963" lon="6.987339975312352">
        <ele>2647.4199234351454</ele>
      </trkpt>
      <trkpt lat="44.25768993794918" lon="6.987219946458936">
        <ele>2641.456726560894</ele>
      </trkpt>
      <trkpt lat="44.25767996348441" lon="6.987169990316033">
        <ele>2638.3044422807493</ele>
      </trkpt>
      <trkpt lat="44.25759991630912" lon="6.987289935350418">
        <ele>2642.6906872144677</ele>
      </trkpt>
      <trkpt lat="44.25749992020428" lon="6.98724995367229">
        <ele>2635.8644609969824</ele>
      </trkpt>
      <trkpt lat="44.257289953529835" lon="6.987219946458936">
        <ele>2618.7975512015937</ele>
      </trkpt>
      <trkpt lat="44.25714997574687" lon="6.987079968675971">
        <ele>2612.939649205972</ele>
      </trkpt>
      <trkpt lat="44.25712994299829" lon="6.987099917605519">
        <ele>2611.107233865454</ele>
      </trkpt>
      <trkpt lat="44.25719993188977" lon="6.987259928137064">
        <ele>2611.1006009924185</ele>
      </trkpt>
      <trkpt lat="44.257189957425" lon="6.98737995699048">
        <ele>2608.3571342565565</ele>
      </trkpt>
      <trkpt lat="44.25716992467642" lon="6.9873899314552546">
        <ele>2606.6246693016674</ele>
      </trkpt>
      <trkpt lat="44.25714997574687" lon="6.987279960885644">
        <ele>2606.5224747599113</ele>
      </trkpt>
      <trkpt lat="44.25712994299829" lon="6.987299993634224">
        <ele>2604.197714579457</ele>
      </trkpt>
      <trkpt lat="44.257139917463064" lon="6.987349949777126">
        <ele>2604.524665974003</ele>
      </trkpt>
      <trkpt lat="44.257119968533516" lon="6.9873899314552546">
        <ele>2602.7019164979038</ele>
      </trkpt>
      <trkpt lat="44.257099935784936" lon="6.987319942563772">
        <ele>2602.1113638586385</ele>
      </trkpt>
      <trkpt lat="44.25706992857158" lon="6.987319942563772">
        <ele>2600.410846088676</ele>
      </trkpt>
      <trkpt lat="44.25708996132016" lon="6.987479953095317">
        <ele>2600.0171345860176</ele>
      </trkpt>
      <trkpt lat="44.25707998685539" lon="6.987559916451573">
        <ele>2599.1787867057974</ele>
      </trkpt>
      <trkpt lat="44.25701997242868" lon="6.9874299969524145">
        <ele>2596.0205698550667</ele>
      </trkpt>
      <trkpt lat="44.256749991327524" lon="6.987279960885644">
        <ele>2587.11332929195</ele>
      </trkpt>
      <trkpt lat="44.25679994747043" lon="6.987459920346737">
        <ele>2587.1837673666223</ele>
      </trkpt>
      <trkpt lat="44.25673993304372" lon="6.987459920346737">
        <ele>2585.8528888894484</ele>
      </trkpt>
      <trkpt lat="44.25667991861701" lon="6.98737995699048">
        <ele>2583.4879368614256</ele>
      </trkpt>
      <trkpt lat="44.2565699480474" lon="6.987279960885644">
        <ele>2579.513033266132</ele>
      </trkpt>
      <trkpt lat="44.25648998469114" lon="6.987129924818873">
        <ele>2577.1095957638645</ele>
      </trkpt>
      <trkpt lat="44.25641999579966" lon="6.98724995367229">
        <ele>2573.245480587245</ele>
      </trkpt>
      <trkpt lat="44.25636995583773" lon="6.987439971417189">
        <ele>2570.6135672030236</ele>
      </trkpt>
      <trkpt lat="44.256239952519536" lon="6.987289935350418">
        <ele>2565.656117882898</ele>
      </trkpt>
      <trkpt lat="44.256299966946244" lon="6.986899925395846">
        <ele>2563.963989459959</ele>
      </trkpt>
      <trkpt lat="44.25624992698431" lon="6.986859943717718">
        <ele>2561.2899365432695</ele>
      </trkpt>
      <trkpt lat="44.256169963628054" lon="6.986889950931072">
        <ele>2559.1516238558816</ele>
      </trkpt>
      <trkpt lat="44.25615998916328" lon="6.986869918182492">
        <ele>2558.5989867833214</ele>
      </trkpt>
      <trkpt lat="44.256189996376634" lon="6.986769922077656">
        <ele>2558.1498808381066</ele>
      </trkpt>
      <trkpt lat="44.256169963628054" lon="6.9867299403995275">
        <ele>2556.903908789994</ele>
      </trkpt>
      <trkpt lat="44.2561399564147" lon="6.986719965934753">
        <ele>2555.802798055694</ele>
      </trkpt>
      <trkpt lat="44.25607994198799" lon="6.986759947612882">
        <ele>2553.6139099986067</ele>
      </trkpt>
      <trkpt lat="44.25603996030986" lon="6.986699933186173">
        <ele>2550.8791561408793</ele>
      </trkpt>
      <trkpt lat="44.25595999695361" lon="6.986739998683333">
        <ele>2546.678472682126</ele>
      </trkpt>
      <trkpt lat="44.25593996420503" lon="6.986789954826236">
        <ele>2545.3488626434337</ele>
      </trkpt>
      <trkpt lat="44.25591993145645" lon="6.986709991469979">
        <ele>2544.3167681337386</ele>
      </trkpt>
      <trkpt lat="44.25585991702974" lon="6.986659951508045">
        <ele>2541.5501798313585</ele>
      </trkpt>
      <trkpt lat="44.25577995367348" lon="6.986719965934753">
        <ele>2537.2693126718705</ele>
      </trkpt>
      <trkpt lat="44.2557599209249" lon="6.986759947612882">
        <ele>2536.462103633883</ele>
      </trkpt>
      <trkpt lat="44.2557599209249" lon="6.986809987574816">
        <ele>2536.192030491302</ele>
      </trkpt>
      <trkpt lat="44.255679957568645" lon="6.986859943717718">
        <ele>2534.3047411691623</ele>
      </trkpt>
      <trkpt lat="44.25560996867716" lon="6.986939990893006">
        <ele>2533.425616190692</ele>
      </trkpt>
      <trkpt lat="44.25553997978568" lon="6.987089943140745">
        <ele>2531.914147853217</ele>
      </trkpt>
      <trkpt lat="44.2555199470371" lon="6.987169990316033">
        <ele>2531.510315644268</ele>
      </trkpt>
      <trkpt lat="44.25547996535897" lon="6.9871999975293875">
        <ele>2531.0942683465037</ele>
      </trkpt>
      <trkpt lat="44.2553299292922" lon="6.98722992092371">
        <ele>2528.4742019341693</ele>
      </trkpt>
      <trkpt lat="44.255269998684525" lon="6.9871999975293875">
        <ele>2527.032939120278</ele>
      </trkpt>
      <trkpt lat="44.25521995872259" lon="6.987129924818873">
        <ele>2524.6767532657123</ele>
      </trkpt>
      <trkpt lat="44.25506003201008" lon="6.987194884568453">
        <ele>2520.9804487255506</ele>
      </trkpt>
      <trkpt lat="44.2548999376595" lon="6.987259928137064">
        <ele>2518.379298029952</ele>
      </trkpt>
      <trkpt lat="44.254819974303246" lon="6.98726998642087">
        <ele>2517.164122485351</ele>
      </trkpt>
      <trkpt lat="44.25457991659641" lon="6.98722992092371">
        <ele>2511.8245737334687</ele>
      </trkpt>
      <trkpt lat="44.25450992770493" lon="6.987239979207516">
        <ele>2510.7153561465366</ele>
      </trkpt>
      <trkpt lat="44.2544699460268" lon="6.98724995367229">
        <ele>2510.363915982897</ele>
      </trkpt>
      <trkpt lat="44.25443993881345" lon="6.987309968098998">
        <ele>2511.5847578063613</ele>
      </trkpt>
      <trkpt lat="44.25430993549526" lon="6.987339975312352">
        <ele>2511.032695763848</ele>
      </trkpt>
      <trkpt lat="44.254229972139" lon="6.987309968098998">
        <ele>2508.7969911465975</ele>
      </trkpt>
      <trkpt lat="44.253979939967394" lon="6.987479953095317">
        <ele>2506.7931895692245</ele>
      </trkpt>
      <trkpt lat="44.253809954971075" lon="6.987479953095317">
        <ele>2503.2688196665945</ele>
      </trkpt>
      <trkpt lat="44.25374994054437" lon="6.987539967522025">
        <ele>2502.078613843494</ele>
      </trkpt>
      <trkpt lat="44.25370995886624" lon="6.987549941986799">
        <ele>2500.620370699564</ele>
      </trkpt>
      <trkpt lat="44.25364994443953" lon="6.987599981948733">
        <ele>2499.3391872223724</ele>
      </trkpt>
      <trkpt lat="44.253619937226176" lon="6.987649938091636">
        <ele>2499.143643332003</ele>
      </trkpt>
      <trkpt lat="44.25355992279947" lon="6.987569974735379">
        <ele>2497.206140263249</ele>
      </trkpt>
      <trkpt lat="44.25329999998212" lon="6.987469978630543">
        <ele>2491.307661727501</ele>
      </trkpt>
      <trkpt lat="44.25316999666393" lon="6.987439971417189">
        <ele>2487.9544749730762</ele>
      </trkpt>
      <trkpt lat="44.253119956701994" lon="6.9873899314552546">
        <ele>2487.4692149261164</ele>
      </trkpt>
      <trkpt lat="44.25289993174374" lon="6.98737995699048">
        <ele>2481.2762048244203</ele>
      </trkpt>
      <trkpt lat="44.25271997228265" lon="6.987259928137064">
        <ele>2476.2103217676386</ele>
      </trkpt>
      <trkpt lat="44.25261997617781" lon="6.9871599320322275">
        <ele>2476.0041452715755</ele>
      </trkpt>
      <trkpt lat="44.25248997285962" lon="6.987129924818873">
        <ele>2474.4401283786156</ele>
      </trkpt>
      <trkpt lat="44.252369944006205" lon="6.986989947035909">
        <ele>2469.6129836449836</ele>
      </trkpt>
      <trkpt lat="44.25233993679285" lon="6.986869918182492">
        <ele>2468.2219121957232</ele>
      </trkpt>
      <trkpt lat="44.25242006778717" lon="6.986679648980498">
        <ele>2466.6081893415753</ele>
      </trkpt>
      <trkpt lat="44.252499947324395" lon="6.986489966511726">
        <ele>2463.836773154623</ele>
      </trkpt>
      <trkpt lat="44.252389976754785" lon="6.9865199737250805">
        <ele>2461.8619693384912</ele>
      </trkpt>
      <trkpt lat="44.25227992236614" lon="6.986599937081337">
        <ele>2462.131085466954</ele>
      </trkpt>
      <trkpt lat="44.25218998454511" lon="6.986509999260306">
        <ele>2458.39835462706</ele>
      </trkpt>
      <trkpt lat="44.25213994458318" lon="6.9864999409765005">
        <ele>2456.37762211015</ele>
      </trkpt>
      <trkpt lat="44.25205998122692" lon="6.986539922654629">
        <ele>2453.982714218318</ele>
      </trkpt>
      <trkpt lat="44.25196995958686" lon="6.986669925972819">
        <ele>2453.6430428904328</ele>
      </trkpt>
      <trkpt lat="44.25181992352009" lon="6.986669925972819">
        <ele>2453.652638825962</ele>
      </trkpt>
      <trkpt lat="44.25175999291241" lon="6.986639918759465">
        <ele>2451.8433439806604</ele>
      </trkpt>
      <trkpt lat="44.25162998959422" lon="6.986719965934753">
        <ele>2451.578231415199</ele>
      </trkpt>
      <trkpt lat="44.25136998295784" lon="6.986719965934753">
        <ele>2447.5740392737307</ele>
      </trkpt>
      <trkpt lat="44.251269986853" lon="6.986769922077656">
        <ele>2448.058022236025</ele>
      </trkpt>
      <trkpt lat="44.25119999796152" lon="6.986759947612882">
        <ele>2447.9185718467747</ele>
      </trkpt>
      <trkpt lat="44.25114995799959" lon="6.9867299403995275">
        <ele>2447.8572148159174</ele>
      </trkpt>
      <trkpt lat="44.25110997632146" lon="6.986629944294691">
        <ele>2445.99298473015</ele>
      </trkpt>
      <trkpt lat="44.25100998021662" lon="6.986529948189855">
        <ele>2443.3027910145</ele>
      </trkpt>
      <trkpt lat="44.25089992582798" lon="6.986509999260306">
        <ele>2441.733980375485</ele>
      </trkpt>
      <trkpt lat="44.2508299369365" lon="6.986469933763146">
        <ele>2439.498993921641</ele>
      </trkpt>
      <trkpt lat="44.25070999190211" lon="6.986339930444956">
        <ele>2437.2656742935387</ele>
      </trkpt>
      <trkpt lat="44.25054998137057" lon="6.986029967665672">
        <ele>2435.574919380256</ele>
      </trkpt>
      <trkpt lat="44.25041997805238" lon="6.98593994602561">
        <ele>2435.092211997682</ele>
      </trkpt>
      <trkpt lat="44.25040991976857" lon="6.985899964347482">
        <ele>2434.097464283067</ele>
      </trkpt>
      <trkpt lat="44.25029994919896" lon="6.985739953815937">
        <ele>2432.8500895446305</ele>
      </trkpt>
      <trkpt lat="44.25023993477225" lon="6.9853599183261395">
        <ele>2427.700380179114</ele>
      </trkpt>
      <trkpt lat="44.25016994588077" lon="6.985299987718463">
        <ele>2430.109840617973</ele>
      </trkpt>
      <trkpt lat="44.250069949775934" lon="6.9849499594420195">
        <ele>2429.1642136411883</ele>
      </trkpt>
      <trkpt lat="44.250049917027354" lon="6.984619963914156">
        <ele>2426.764138097159</ele>
      </trkpt>
      <trkpt lat="44.249959979206324" lon="6.9842899683862925">
        <ele>2424.8567046010376</ele>
      </trkpt>
      <trkpt lat="44.2499699536711" lon="6.983959972858429">
        <ele>2418.95256975725</ele>
      </trkpt>
      <trkpt lat="44.250009935349226" lon="6.983739947900176">
        <ele>2414.6803075261973</ele>
      </trkpt>
      <trkpt lat="44.249989902600646" lon="6.983449263498187">
        <ele>2414.377673619492</ele>
      </trkpt>
      <trkpt lat="44.2499699536711" lon="6.9831599202007055">
        <ele>2414.4793813717</ele>
      </trkpt>
      <trkpt lat="44.24998998641968" lon="6.982939979061484">
        <ele>2411.2200483229503</ele>
      </trkpt>
      <trkpt lat="44.2499699536711" lon="6.982829924672842">
        <ele>2411.890089029055</ele>
      </trkpt>
      <trkpt lat="44.2499699536711" lon="6.982619957998395">
        <ele>2408.9649485598843</ele>
      </trkpt>
      <trkpt lat="44.250029968097806" lon="6.982199940830469">
        <ele>2401.6162141886275</ele>
      </trkpt>
      <trkpt lat="44.25005502998829" lon="6.981839099898934">
        <ele>2397.2905927488346</ele>
      </trkpt>
      <trkpt lat="44.25007992424071" lon="6.981479935348034">
        <ele>2393.025684950601</ele>
      </trkpt>
      <trkpt lat="44.250069949775934" lon="6.981359990313649">
        <ele>2392.024181998161</ele>
      </trkpt>
      <trkpt lat="44.250009935349226" lon="6.981069976463914">
        <ele>2390.4440250507378</ele>
      </trkpt>
      <trkpt lat="44.24998998641968" lon="6.98071994818747">
        <ele>2388.3386637186154</ele>
      </trkpt>
      <trkpt lat="44.249944891780615" lon="6.980474442243576">
        <ele>2389.8957176601243</ele>
      </trkpt>
      <trkpt lat="44.249899964779615" lon="6.980229942128062">
        <ele>2390.7063293554656</ele>
      </trkpt>
      <trkpt lat="44.24981991760433" lon="6.980049982666969">
        <ele>2392.769611469812</ele>
      </trkpt>
      <trkpt lat="44.24975998699665" lon="6.980019975453615">
        <ele>2395.4204663415494</ele>
      </trkpt>
      <trkpt lat="44.249659990891814" lon="6.979929953813553">
        <ele>2397.3239866098543</ele>
      </trkpt>
      <trkpt lat="44.24951992928982" lon="6.979759968817234">
        <ele>2398.259763520454</ele>
      </trkpt>
      <trkpt lat="44.24941993318498" lon="6.979689979925752">
        <ele>2400.7853748370976</ele>
      </trkpt>
      <trkpt lat="44.249304849654436" lon="6.979529801756144">
        <ele>2403.0062137313253</ele>
      </trkpt>
      <trkpt lat="44.249189933761954" lon="6.979369958862662">
        <ele>2403.0606371124436</ele>
      </trkpt>
      <trkpt lat="44.249079963192344" lon="6.979329977184534">
        <ele>2403.8060960363046</ele>
      </trkpt>
      <trkpt lat="44.24889991991222" lon="6.9791999738663435">
        <ele>2402.8059790748857</ele>
      </trkpt>
      <trkpt lat="44.248609989881516" lon="6.979079945012927">
        <ele>2404.571654179079</ele>
      </trkpt>
      <trkpt lat="44.24851996824145" lon="6.979009956121445">
        <ele>2403.946495404595</ele>
      </trkpt>
      <trkpt lat="44.24833514727652" lon="6.9789849780499935">
        <ele>2404.451280388244</ele>
      </trkpt>
      <trkpt lat="44.24814999103546" lon="6.978959999978542">
        <ele>2404.903905870738</ele>
      </trkpt>
      <trkpt lat="44.24798998050392" lon="6.978899985551834">
        <ele>2405.076822852604</ele>
      </trkpt>
      <trkpt lat="44.24793994054198" lon="6.9788499455899">
        <ele>2403.7120437640633</ele>
      </trkpt>
      <trkpt lat="44.247789988294244" lon="6.978839971125126">
        <ele>2405.866291322803</ele>
      </trkpt>
      <trkpt lat="44.24758010543883" lon="6.978756655007601">
        <ele>2405.868708156168</ele>
      </trkpt>
      <trkpt lat="44.24737022258341" lon="6.978673422709107">
        <ele>2404.5548881703344</ele>
      </trkpt>
      <trkpt lat="44.24715992063284" lon="6.978589938953519">
        <ele>2404.357514515143</ele>
      </trkpt>
      <trkpt lat="44.24685029312968" lon="6.978609971702099">
        <ele>2405.1090338676977</ele>
      </trkpt>
      <trkpt lat="44.24653999507427" lon="6.978629920631647">
        <ele>2397.8359477837125</ele>
      </trkpt>
      <trkpt lat="44.24634997732937" lon="6.978919934481382">
        <ele>2390.683799116808</ele>
      </trkpt>
      <trkpt lat="44.24629993736744" lon="6.979039963334799">
        <ele>2389.657545337912</ele>
      </trkpt>
      <trkpt lat="44.24607999622822" lon="6.979289995506406">
        <ele>2382.303650480638</ele>
      </trkpt>
      <trkpt lat="44.246049989014864" lon="6.9793799333274364">
        <ele>2380.3239069161937</ele>
      </trkpt>
      <trkpt lat="44.24601998180151" lon="6.9796099327504635">
        <ele>2376.8270024953154</ele>
      </trkpt>
      <trkpt lat="44.24587992019951" lon="6.979969935491681">
        <ele>2369.1941877011614</ele>
      </trkpt>
      <trkpt lat="44.24580993130803" lon="6.980259949341416">
        <ele>2363.6703865889654</ele>
      </trkpt>
      <trkpt lat="44.24577992409468" lon="6.980259949341416">
        <ele>2362.095274418427</ele>
      </trkpt>
      <trkpt lat="44.245719993487" lon="6.980139920488">
        <ele>2360.1747964817173</ele>
      </trkpt>
      <trkpt lat="44.245689986273646" lon="6.9801099970936775">
        <ele>2359.045887109305</ele>
      </trkpt>
      <trkpt lat="44.245669953525066" lon="6.9801099970936775">
        <ele>2357.609795049482</ele>
      </trkpt>
      <trkpt lat="44.24565997906029" lon="6.980249974876642">
        <ele>2355.6119766760103</ele>
      </trkpt>
      <trkpt lat="44.245669953525066" lon="6.980489948764443">
        <ele>2353.4032785028094</ele>
      </trkpt>
      <trkpt lat="44.24563491716981" lon="6.980705447494984">
        <ele>2348.862575677765</ele>
      </trkpt>
      <trkpt lat="44.245599964633584" lon="6.980919940397143">
        <ele>2345.3819226075093</ele>
      </trkpt>
      <trkpt lat="44.24550994299352" lon="6.98071994818747">
        <ele>2341.7738798876508</ele>
      </trkpt>
      <trkpt lat="44.24546996131539" lon="6.980689940974116">
        <ele>2340.4980407640496</ele>
      </trkpt>
      <trkpt lat="44.24549996852875" lon="6.980829918757081">
        <ele>2339.8906458821302</ele>
      </trkpt>
      <trkpt lat="44.24548999406397" lon="6.980989929288626">
        <ele>2338.613586364303</ele>
      </trkpt>
      <trkpt lat="44.24540642648935" lon="6.981277177110314">
        <ele>2334.5246871215454</ele>
      </trkpt>
      <trkpt lat="44.245322942733765" lon="6.981564424932003">
        <ele>2328.380537727607</ele>
      </trkpt>
      <trkpt lat="44.245239961892366" lon="6.981849996373057">
        <ele>2326.2455877356706</ele>
      </trkpt>
      <trkpt lat="44.24518992193043" lon="6.981929959729314">
        <ele>2326.132323035483</ele>
      </trkpt>
      <trkpt lat="44.24505991861224" lon="6.9820399302989244">
        <ele>2323.6838200582174</ele>
      </trkpt>
      <trkpt lat="44.24491994082928" lon="6.982129951938987">
        <ele>2320.582123866265</ele>
      </trkpt>
      <trkpt lat="44.24479999579489" lon="6.982319969683886">
        <ele>2316.2481758325403</ele>
      </trkpt>
      <trkpt lat="44.244699999690056" lon="6.9825399946421385">
        <ele>2310.077416760403</ele>
      </trkpt>
      <trkpt lat="44.24465482123196" lon="6.982940901070833">
        <ele>2302.7602233822254</ele>
      </trkpt>
      <trkpt lat="44.24460997804999" lon="6.98333996348083">
        <ele>2298.6853700191195</ele>
      </trkpt>
      <trkpt lat="44.24449992366135" lon="6.983649926260114">
        <ele>2296.4230036736526</ele>
      </trkpt>
      <trkpt lat="44.244355000555515" lon="6.983774984255433">
        <ele>2293.468302414428</ele>
      </trkpt>
      <trkpt lat="44.24420999363065" lon="6.983899958431721">
        <ele>2289.4088814858887</ele>
      </trkpt>
      <trkpt lat="44.244139920920134" lon="6.983989980071783">
        <ele>2286.0613077536805</ele>
      </trkpt>
      <trkpt lat="44.244079822674394" lon="6.984205394983292">
        <ele>2283.40769382539</ele>
      </trkpt>
      <trkpt lat="44.24401997588575" lon="6.984419971704483">
        <ele>2279.7532504895153</ele>
      </trkpt>
      <trkpt lat="44.24397982656956" lon="6.984715685248375">
        <ele>2275.530905174876</ele>
      </trkpt>
      <trkpt lat="44.24393992871046" lon="6.985009973868728">
        <ele>2272.4627670455584</ele>
      </trkpt>
      <trkpt lat="44.24391997978091" lon="6.985019948333502">
        <ele>2271.311010723557</ele>
      </trkpt>
      <trkpt lat="44.24384999088943" lon="6.9847499672323465">
        <ele>2267.016523826956</ele>
      </trkpt>
      <trkpt lat="44.24378980882466" lon="6.984955323860049">
        <ele>2263.0028632529657</ele>
      </trkpt>
      <trkpt lat="44.243729962036014" lon="6.9851599261164665">
        <ele>2262.020009797765</ele>
      </trkpt>
      <trkpt lat="44.24357472918928" lon="6.985455304384232">
        <ele>2256.077515248163</ele>
      </trkpt>
      <trkpt lat="44.24341999925673" lon="6.985749928280711">
        <ele>2254.9937320273</ele>
      </trkpt>
      <trkpt lat="44.24331991933286" lon="6.9858599826693535">
        <ele>2255.6829377608547</ele>
      </trkpt>
      <trkpt lat="44.24322998151183" lon="6.985919997096062">
        <ele>2255.0272114898976</ele>
      </trkpt>
      <trkpt lat="44.24306477420032" lon="6.986205317080021">
        <ele>2253.670080621667</ele>
      </trkpt>
      <trkpt lat="44.24289998598397" lon="6.986489966511726">
        <ele>2252.6228100426733</ele>
      </trkpt>
      <trkpt lat="44.24277987331152" lon="6.9866450317204">
        <ele>2250.856642656685</ele>
      </trkpt>
      <trkpt lat="44.242659928277135" lon="6.98679992929101">
        <ele>2249.572602115054</ele>
      </trkpt>
      <trkpt lat="44.24251492135227" lon="6.986939990893006">
        <ele>2247.824907934991</ele>
      </trkpt>
      <trkpt lat="44.24236999824643" lon="6.987079968675971">
        <ele>2249.516657358064</ele>
      </trkpt>
      <trkpt lat="44.24230998381972" lon="6.987089943140745">
        <ele>2248.118227242269</ele>
      </trkpt>
      <trkpt lat="44.242229936644435" lon="6.9871599320322275">
        <ele>2248.682369477887</ele>
      </trkpt>
      <trkpt lat="44.24210999161005" lon="6.98722992092371">
        <ele>2248.978413387805</ele>
      </trkpt>
      <trkpt lat="44.241989962756634" lon="6.98726998642087">
        <ele>2248.495719206079</ele>
      </trkpt>
      <trkpt lat="44.24182995222509" lon="6.987279960885644">
        <ele>2246.6133535130803</ele>
      </trkpt>
      <trkpt lat="44.24172995612025" lon="6.987309968098998">
        <ele>2247.4625983889073</ele>
      </trkpt>
      <trkpt lat="44.24165996722877" lon="6.9871599320322275">
        <ele>2246.226501797486</ele>
      </trkpt>
      <trkpt lat="44.241539938375354" lon="6.987129924818873">
        <ele>2249.037772235434</ele>
      </trkpt>
      <trkpt lat="44.24144991673529" lon="6.987049961462617">
        <ele>2245.6184301012277</ele>
      </trkpt>
      <trkpt lat="44.24137992784381" lon="6.987079968675971">
        <ele>2247.3601152428832</ele>
      </trkpt>
      <trkpt lat="44.24130993895233" lon="6.987069994211197">
        <ele>2244.5781899696344</ele>
      </trkpt>
      <trkpt lat="44.241109946742654" lon="6.9871599320322275">
        <ele>2246.2693567779565</ele>
      </trkpt>
      <trkpt lat="44.24103995785117" lon="6.9871599320322275">
        <ele>2246.575371815532</ele>
      </trkpt>
      <trkpt lat="44.240809958428144" lon="6.987089943140745">
        <ele>2245.948631400993</ele>
      </trkpt>
      <trkpt lat="44.24070996232331" lon="6.987029928714037">
        <ele>2243.258434403874</ele>
      </trkpt>
      <trkpt lat="44.240659922361374" lon="6.987029928714037">
        <ele>2243.3999178920485</ele>
      </trkpt>
      <trkpt lat="44.24047510139644" lon="6.9869850017130375">
        <ele>2242.344936092085</ele>
      </trkpt>
      <trkpt lat="44.24028994515538" lon="6.986939990893006">
        <ele>2240.64024631041</ele>
      </trkpt>
      <trkpt lat="44.240059945732355" lon="6.986909983679652">
        <ele>2236.0147093956416</ele>
      </trkpt>
      <trkpt lat="44.23996992409229" lon="6.9869299326092005">
        <ele>2234.403556550618</ele>
      </trkpt>
      <trkpt lat="44.239759957417846" lon="6.987059935927391">
        <ele>2231.167414098664</ele>
      </trkpt>
      <trkpt lat="44.23967999406159" lon="6.9871799647808075">
        <ele>2231.812778992896</ele>
      </trkpt>
      <trkpt lat="44.23953993245959" lon="6.987304938957095">
        <ele>2231.2243533374544</ele>
      </trkpt>
      <trkpt lat="44.23939995467663" lon="6.9874299969524145">
        <ele>2231.900853749686</ele>
      </trkpt>
      <trkpt lat="44.239309933036566" lon="6.987539967522025">
        <ele>2232.928771782293</ele>
      </trkpt>
      <trkpt lat="44.239049926400185" lon="6.987749934196472">
        <ele>2228.9209336512886</ele>
      </trkpt>
      <trkpt lat="44.23877994529903" lon="6.987919919192791">
        <ele>2222.8173083399743</ele>
      </trkpt>
      <trkpt lat="44.2387899197638" lon="6.988019999116659">
        <ele>2228.021593814701</ele>
      </trkpt>
      <trkpt lat="44.23871993087232" lon="6.987969959154725">
        <ele>2220.780597335757</ele>
      </trkpt>
      <trkpt lat="44.23864994198084" lon="6.988119995221496">
        <ele>2224.682065646648</ele>
      </trkpt>
      <trkpt lat="44.238619934767485" lon="6.988249998539686">
        <ele>2232.0168508882116</ele>
      </trkpt>
      <trkpt lat="44.23851993866265" lon="6.988249998539686">
        <ele>2233.2633909112815</ele>
      </trkpt>
      <trkpt lat="44.23834509216249" lon="6.988199958577752">
        <ele>2235.205108555313</ele>
      </trkpt>
      <trkpt lat="44.238169994205236" lon="6.988149918615818">
        <ele>2237.2418594133696</ele>
      </trkpt>
      <trkpt lat="44.23800998367369" lon="6.988139944151044">
        <ele>2236.727217578279</ele>
      </trkpt>
      <trkpt lat="44.23779993318021" lon="6.988159976899624">
        <ele>2235.01182560061</ele>
      </trkpt>
      <trkpt lat="44.237629948183894" lon="6.98823994025588">
        <ele>2236.3954032408847</ele>
      </trkpt>
      <trkpt lat="44.23735996708274" lon="6.988319987431169">
        <ele>2238.734692850143</ele>
      </trkpt>
      <trkpt lat="44.237329959869385" lon="6.988349994644523">
        <ele>2240.188023088913</ele>
      </trkpt>
      <trkpt lat="44.2372599709779" lon="6.988329961895943">
        <ele>2239.9840765286517</ele>
      </trkpt>
      <trkpt lat="44.23709996044636" lon="6.98823994025588">
        <ele>2238.3997118939737</ele>
      </trkpt>
      <trkpt lat="44.2368299793452" lon="6.988159976899624">
        <ele>2240.424870987045</ele>
      </trkpt>
      <trkpt lat="44.23671992495656" lon="6.988059980794787">
        <ele>2240.108208200444</ele>
      </trkpt>
      <trkpt lat="44.23651993274689" lon="6.987959984689951">
        <ele>2240.2698273331816</ele>
      </trkpt>
      <trkpt lat="44.236330166459084" lon="6.987929977476597">
        <ele>2241.212062563355</ele>
      </trkpt>
      <trkpt lat="44.23613998107612" lon="6.987899970263243">
        <ele>2241.0351193794277</ele>
      </trkpt>
      <trkpt lat="44.23593998886645" lon="6.987899970263243">
        <ele>2236.9924085023877</ele>
      </trkpt>
      <trkpt lat="44.23591995611787" lon="6.987929977476597">
        <ele>2235.974318036499</ele>
      </trkpt>
      <trkpt lat="44.23589992336929" lon="6.988199958577752">
        <ele>2239.6013532392535</ele>
      </trkpt>
      <trkpt lat="44.23585994169116" lon="6.988279921934009">
        <ele>2237.310792449445</ele>
      </trkpt>
      <trkpt lat="44.23585994169116" lon="6.988569935783744">
        <ele>2241.813148707468</ele>
      </trkpt>
      <trkpt lat="44.23579992726445" lon="6.98866993188858">
        <ele>2241.3663566708356</ele>
      </trkpt>
      <trkpt lat="44.235719963908195" lon="6.988719971850514">
        <ele>2236.2219859572833</ele>
      </trkpt>
      <trkpt lat="44.235699931159616" lon="6.988859949633479">
        <ele>2236.184451853694</ele>
      </trkpt>
      <trkpt lat="44.23570998944342" lon="6.98896992020309">
        <ele>2234.875485403509</ele>
      </trkpt>
      <trkpt lat="44.23579992726445" lon="6.989219952374697">
        <ele>2232.995231846774</ele>
      </trkpt>
      <trkpt lat="44.23568995669484" lon="6.98913998901844">
        <ele>2227.699309702214</ele>
      </trkpt>
      <trkpt lat="44.23574510961771" lon="6.989360433071852">
        <ele>2225.1692953246293</ele>
      </trkpt>
      <trkpt lat="44.23579992726445" lon="6.989579955115914">
        <ele>2223.8125639026043</ele>
      </trkpt>
      <trkpt lat="44.235845021903515" lon="6.9898255448788404">
        <ele>2219.8782126363044</ele>
      </trkpt>
      <trkpt lat="44.235889948904514" lon="6.9900699611753225">
        <ele>2217.0357110611158</ele>
      </trkpt>
      <trkpt lat="44.23589497804642" lon="6.99035570025444">
        <ele>2212.1028192680405</ele>
      </trkpt>
      <trkpt lat="44.23589992336929" lon="6.990639930590987">
        <ele>2209.412726170937</ele>
      </trkpt>
      <trkpt lat="44.235849967226386" lon="6.990869930014014">
        <ele>2203.469188984441</ele>
      </trkpt>
      <trkpt lat="44.235889948904514" lon="6.990899937227368">
        <ele>2207.112051813039</ele>
      </trkpt>
      <trkpt lat="44.235909981653094" lon="6.991259939968586">
        <ele>2206.836335659851</ele>
      </trkpt>
      <trkpt lat="44.23589992336929" lon="6.991509972140193">
        <ele>2205.155300192335</ele>
      </trkpt>
      <trkpt lat="44.23593998886645" lon="6.991879949346185">
        <ele>2210.16975817932</ele>
      </trkpt>
      <trkpt lat="44.23587997443974" lon="6.991939963772893">
        <ele>2206.9631300015717</ele>
      </trkpt>
      <trkpt lat="44.235889948904514" lon="6.9920899998396635">
        <ele>2209.981665268318</ele>
      </trkpt>
      <trkpt lat="44.235829934477806" lon="6.99214993044734">
        <ele>2206.7176465884218</ele>
      </trkpt>
      <trkpt lat="44.23579992726445" lon="6.992399962618947">
        <ele>2206.2940307835797</ele>
      </trkpt>
      <trkpt lat="44.235829934477806" lon="6.992509933188558">
        <ele>2208.3684762080575</ele>
      </trkpt>
      <trkpt lat="44.23574997112155" lon="6.992799947038293">
        <ele>2209.73903815546</ele>
      </trkpt>
      <trkpt lat="44.235699931159616" lon="6.992889968678355">
        <ele>2211.775477462653</ele>
      </trkpt>
      <trkpt lat="44.23550999723375" lon="6.992959957569838">
        <ele>2207.4841132795113</ele>
      </trkpt>
      <trkpt lat="44.23530480824411" lon="6.993270255625248">
        <ele>2206.050993914875</ele>
      </trkpt>
      <trkpt lat="44.2350999545306" lon="6.993579966947436">
        <ele>2202.4458097265087</ele>
      </trkpt>
      <trkpt lat="44.23498478718102" lon="6.993835363537073">
        <ele>2199.3547628216684</ele>
      </trkpt>
      <trkpt lat="44.23486995510757" lon="6.994089921936393">
        <ele>2196.3586562254895</ele>
      </trkpt>
      <trkpt lat="44.23481999896467" lon="6.994279939681292">
        <ele>2197.719297254242</ele>
      </trkpt>
      <trkpt lat="44.23469997011125" lon="6.994459982961416">
        <ele>2197.0176177707945</ele>
      </trkpt>
      <trkpt lat="44.2346699628979" lon="6.994549920782447">
        <ele>2199.1027418491185</ele>
      </trkpt>
      <trkpt lat="44.23450995236635" lon="6.9947149604558945">
        <ele>2199.4838783300115</ele>
      </trkpt>
      <trkpt lat="44.23434994183481" lon="6.99487991631031">
        <ele>2200.6899450966084</ele>
      </trkpt>
      <trkpt lat="44.23406998626888" lon="6.995059959590435">
        <ele>2200.77796724979</ele>
      </trkpt>
      <trkpt lat="44.23396999016404" lon="6.995099941268563">
        <ele>2199.961818902537</ele>
      </trkpt>
      <trkpt lat="44.23377997241914" lon="6.99521997012198">
        <ele>2202.2221689820967</ele>
      </trkpt>
      <trkpt lat="44.23357008956373" lon="6.995140006765723">
        <ele>2200.4856819850665</ele>
      </trkpt>
      <trkpt lat="44.23335995525122" lon="6.995059959590435">
        <ele>2200.7331435988763</ele>
      </trkpt>
      <trkpt lat="44.233309999108315" lon="6.995029952377081">
        <ele>2201.365405274143</ele>
      </trkpt>
      <trkpt lat="44.233229951933026" lon="6.9949299562722445">
        <ele>2200.63711733235</ele>
      </trkpt>
      <trkpt lat="44.2331899702549" lon="6.994849992915988">
        <ele>2199.311142211655</ele>
      </trkpt>
      <trkpt lat="44.23312995582819" lon="6.99478997848928">
        <ele>2200.4492673356212</ele>
      </trkpt>
      <trkpt lat="44.23303482122719" lon="6.99458965100348">
        <ele>2199.155234857318</ele>
      </trkpt>
      <trkpt lat="44.23293993808329" lon="6.994389994069934">
        <ele>2198.416302436165</ele>
      </trkpt>
      <trkpt lat="44.232819993048906" lon="6.994189918041229">
        <ele>2196.7104467920917</ele>
      </trkpt>
      <trkpt lat="44.232729971408844" lon="6.994159994646907">
        <ele>2197.8654634629547</ele>
      </trkpt>
      <trkpt lat="44.23257993534207" lon="6.994009958580136">
        <ele>2196.7686902453893</ele>
      </trkpt>
      <trkpt lat="44.232429983094335" lon="6.993859922513366">
        <ele>2197.4635041783</ele>
      </trkpt>
      <trkpt lat="44.23222999088466" lon="6.993599999696016">
        <ele>2194.273255273585</ele>
      </trkpt>
      <trkpt lat="44.23216997645795" lon="6.993549959734082">
        <ele>2193.135935857159</ele>
      </trkpt>
      <trkpt lat="44.23188993707299" lon="6.993489945307374">
        <ele>2191.6842259376876</ele>
      </trkpt>
      <trkpt lat="44.23172992654145" lon="6.993499919772148">
        <ele>2190.4151990613177</ele>
      </trkpt>
      <trkpt lat="44.231519959867" lon="6.993689937517047">
        <ele>2190.0455217871677</ele>
      </trkpt>
      <trkpt lat="44.23146991990507" lon="6.993709970265627">
        <ele>2188.651257913546</ele>
      </trkpt>
      <trkpt lat="44.23134486190975" lon="6.993900155648589">
        <ele>2188.839386407398</ele>
      </trkpt>
      <trkpt lat="44.23121997155249" lon="6.994089921936393">
        <ele>2188.725058080361</ele>
      </trkpt>
      <trkpt lat="44.231099942699075" lon="6.994229983538389">
        <ele>2186.2791914338945</ele>
      </trkpt>
      <trkpt lat="44.230949990451336" lon="6.99448999017477">
        <ele>2183.915414143683</ele>
      </trkpt>
      <trkpt lat="44.23086483031511" lon="6.994745470583439">
        <ele>2183.785325184864</ele>
      </trkpt>
      <trkpt lat="44.230779921635985" lon="6.994999945163727">
        <ele>2186.6451920061536</ele>
      </trkpt>
      <trkpt lat="44.230669951066375" lon="6.995109999552369">
        <ele>2182.2710697413427</ele>
      </trkpt>
      <trkpt lat="44.23063994385302" lon="6.995189962908626">
        <ele>2181.1552361609183</ele>
      </trkpt>
      <trkpt lat="44.23061999492347" lon="6.995339998975396">
        <ele>2183.377422065343</ele>
      </trkpt>
      <trkpt lat="44.230519998818636" lon="6.995619954541326">
        <ele>2189.9812322003136</ele>
      </trkpt>
      <trkpt lat="44.23039996996522" lon="6.99566999450326">
        <ele>2183.9757196703963</ele>
      </trkpt>
      <trkpt lat="44.23031992278993" lon="6.995829921215773">
        <ele>2187.139668502602</ele>
      </trkpt>
      <trkpt lat="44.230219926685095" lon="6.995939975604415">
        <ele>2184.7421067928867</ele>
      </trkpt>
      <trkpt lat="44.23014993779361" lon="6.995989931747317">
        <ele>2180.2508139817264</ele>
      </trkpt>
      <trkpt lat="44.230089923366904" lon="6.996239963918924">
        <ele>2182.256371921604</ele>
      </trkpt>
      <trkpt lat="44.22998992726207" lon="6.996379941701889">
        <ele>2183.0461508459757</ele>
      </trkpt>
      <trkpt lat="44.22986998222768" lon="6.996489996090531">
        <ele>2181.3689622179118</ele>
      </trkpt>
      <trkpt lat="44.22970997169614" lon="6.996759977191687">
        <ele>2185.731786005289</ele>
      </trkpt>
      <trkpt lat="44.22951995395124" lon="6.996829966083169">
        <ele>2184.418908048204</ele>
      </trkpt>
      <trkpt lat="44.22942993231118" lon="6.99693993665278">
        <ele>2189.100995041742</ele>
      </trkpt>
      <trkpt lat="44.22927998006344" lon="6.99695996940136">
        <ele>2187.098200916688</ele>
      </trkpt>
      <trkpt lat="44.229209991171956" lon="6.996989976614714">
        <ele>2189.274180016409</ele>
      </trkpt>
      <trkpt lat="44.2289899662137" lon="6.997009925544262">
        <ele>2187.0564601227143</ele>
      </trkpt>
      <trkpt lat="44.22891997732222" lon="6.996949994936585">
        <ele>2180.272608431543</ele>
      </trkpt>
      <trkpt lat="44.22885996289551" lon="6.996969943866134">
        <ele>2177.335459329843</ele>
      </trkpt>
      <trkpt lat="44.22880992293358" lon="6.997129954397678">
        <ele>2180.872208671595</ele>
      </trkpt>
      <trkpt lat="44.22872995957732" lon="6.997259957715869">
        <ele>2181.010201757424</ele>
      </trkpt>
      <trkpt lat="44.228689977899194" lon="6.9973699282854795">
        <ele>2183.5281476613463</ele>
      </trkpt>
      <trkpt lat="44.22850993461907" lon="6.997619960457087">
        <ele>2186.837671675678</ele>
      </trkpt>
      <trkpt lat="44.22844992019236" lon="6.997629934921861">
        <ele>2185.1259669002397</ele>
      </trkpt>
      <trkpt lat="44.22831488773227" lon="6.997779970988631">
        <ele>2186.519398811775</ele>
      </trkpt>
      <trkpt lat="44.228179939091206" lon="6.99792992323637">
        <ele>2188.0963813620187</ele>
      </trkpt>
      <trkpt lat="44.22796997241676" lon="6.998109966516495">
        <ele>2186.7936120949325</ele>
      </trkpt>
      <trkpt lat="44.227899983525276" lon="6.998239969834685">
        <ele>2190.5945358271074</ele>
      </trkpt>
      <trkpt lat="44.227809961885214" lon="6.998259918764234">
        <ele>2188.7669040911746</ele>
      </trkpt>
      <trkpt lat="44.22777995467186" lon="6.998309958726168">
        <ele>2190.3280078159946</ele>
      </trkpt>
      <trkpt lat="44.22773997299373" lon="6.998309958726168">
        <ele>2189.029293456863</ele>
      </trkpt>
      <trkpt lat="44.2276899330318" lon="6.998369973152876">
        <ele>2190.8868129021675</ele>
      </trkpt>
      <trkpt lat="44.22745012678206" lon="6.998489918187261">
        <ele>2191.4368632542796</ele>
      </trkpt>
      <trkpt lat="44.227209985256195" lon="6.998609947040677">
        <ele>2193.4701902367888</ele>
      </trkpt>
      <trkpt lat="44.22713999636471" lon="6.998619921505451">
        <ele>2193.0370186651026</ele>
      </trkpt>
      <trkpt lat="44.226949978619814" lon="6.998699968680739">
        <ele>2195.675750478088</ele>
      </trkpt>
      <trkpt lat="44.22680991701782" lon="6.998689994215965">
        <ele>2196.825162067941</ele>
      </trkpt>
      <trkpt lat="44.22667999751866" lon="6.998529983684421">
        <ele>2196.9626793902094</ele>
      </trkpt>
      <trkpt lat="44.226589975878596" lon="6.9984999764710665">
        <ele>2196.9327966330156</ele>
      </trkpt>
      <trkpt lat="44.22646994702518" lon="6.998519925400615">
        <ele>2195.7716490405824</ele>
      </trkpt>
      <trkpt lat="44.22624472528696" lon="6.9987270422279835">
        <ele>2195.882926129804</ele>
      </trkpt>
      <trkpt lat="44.2261182423681" lon="6.998848915100098">
        <ele>2196.336230939234</ele>
      </trkpt>
      <trkpt lat="44.22597885131836" lon="6.9989776611328125">
        <ele>2196.0457981821573</ele>
      </trkpt>
      <trkpt lat="44.225850105285645" lon="6.999170780181885">
        <ele>2195.122115013055</ele>
      </trkpt>
      <trkpt lat="44.22575329430401" lon="6.999493231996894">
        <ele>2193.488572264037</ele>
      </trkpt>
      <trkpt lat="44.22565698623657" lon="6.999814510345459">
        <ele>2190.9006519274244</ele>
      </trkpt>
      <trkpt lat="44.225542321801186" lon="7.000179961323738">
        <ele>2189.275556409446</ele>
      </trkpt>
      <trkpt lat="44.2254276573658" lon="7.000545412302017">
        <ele>2190.266077750768</ele>
      </trkpt>
      <trkpt lat="44.225313663482666" lon="7.000908851623535">
        <ele>2192.5011151409703</ele>
      </trkpt>
      <trkpt lat="44.22522783279419" lon="7.00103759765625">
        <ele>2192.852159339286</ele>
      </trkpt>
      <trkpt lat="44.22520637512207" lon="7.001338005065918">
        <ele>2195.7272430001117</ele>
      </trkpt>
      <trkpt lat="44.225099086761475" lon="7.001638412475586">
        <ele>2198.2875814274366</ele>
      </trkpt>
      <trkpt lat="44.22503471374512" lon="7.0017242431640625">
        <ele>2199.276816217045</ele>
      </trkpt>
      <trkpt lat="44.224841594696045" lon="7.001863634213805">
        <ele>2201.173462710816</ele>
      </trkpt>
      <trkpt lat="44.22464847564697" lon="7.002003192901611">
        <ele>2207.294156003634</ele>
      </trkpt>
      <trkpt lat="44.22462701797485" lon="7.002003192901611">
        <ele>2207.7223155433985</ele>
      </trkpt>
      <trkpt lat="44.22443389892578" lon="7.002089023590088">
        <ele>2215.0927191893097</ele>
      </trkpt>
      <trkpt lat="44.22439098358154" lon="7.002067565917969">
        <ele>2214.5984386048176</ele>
      </trkpt>
      <trkpt lat="44.22413349151611" lon="7.002153396606445">
        <ele>2220.4450312683257</ele>
      </trkpt>
      <trkpt lat="44.2240047454834" lon="7.002131938934326">
        <ele>2224.941031166064</ele>
      </trkpt>
      <trkpt lat="44.22381137497723" lon="7.001798925921321">
        <ele>2227.8487243113173</ele>
      </trkpt>
      <trkpt lat="44.223618507385254" lon="7.001466751098633">
        <ele>2236.2621597558064</ele>
      </trkpt>
      <trkpt lat="44.22353267669678" lon="7.001144886016846">
        <ele>2239.703524853787</ele>
      </trkpt>
      <trkpt lat="44.22353267669678" lon="7.000951766967773">
        <ele>2239.8663150577268</ele>
      </trkpt>
      <trkpt lat="44.2234574072063" lon="7.000704500824213">
        <ele>2243.7467002005646</ele>
      </trkpt>
      <trkpt lat="44.22338247299194" lon="7.000458240509033">
        <ele>2244.6267900301364</ele>
      </trkpt>
      <trkpt lat="44.22329664230347" lon="7.000415325164795">
        <ele>2246.2109663016163</ele>
      </trkpt>
      <trkpt lat="44.22311416827142" lon="7.000586986541748">
        <ele>2248.6845846993047</ele>
      </trkpt>
      <trkpt lat="44.22293186187744" lon="7.000758647918701">
        <ele>2250.2100378826376</ele>
      </trkpt>
      <trkpt lat="44.22280311584473" lon="7.001059055328369">
        <ele>2253.0237135848793</ele>
      </trkpt>
      <trkpt lat="44.22276020050049" lon="7.001252174377441">
        <ele>2256.9084725136013</ele>
      </trkpt>
      <trkpt lat="44.22264201566577" lon="7.0014347322285175">
        <ele>2258.4268342758533</ele>
      </trkpt>
      <trkpt lat="44.22252416610718" lon="7.001616954803467">
        <ele>2259.7451103225276</ele>
      </trkpt>
      <trkpt lat="44.22242735512555" lon="7.0019071362912655">
        <ele>2263.99500453908</ele>
      </trkpt>
      <trkpt lat="44.222331047058105" lon="7.002196311950684">
        <ele>2267.3262544455542</ele>
      </trkpt>
      <trkpt lat="44.222309589385986" lon="7.002604007720947">
        <ele>2271.999323489573</ele>
      </trkpt>
      <trkpt lat="44.22222375869751" lon="7.0027971267700195">
        <ele>2272.6385751521657</ele>
      </trkpt>
      <trkpt lat="44.22215921804309" lon="7.003033580258489">
        <ele>2273.550317772484</ele>
      </trkpt>
      <trkpt lat="44.222095012664795" lon="7.003269195556641">
        <ele>2274.245302114461</ele>
      </trkpt>
      <trkpt lat="44.222073554992676" lon="7.003505229949951">
        <ele>2275.2265432770473</ele>
      </trkpt>
      <trkpt lat="44.221987472847104" lon="7.003892306238413">
        <ele>2277.403049767747</ele>
      </trkpt>
      <trkpt lat="44.22190189361572" lon="7.00427770614624">
        <ele>2279.8029807168678</ele>
      </trkpt>
      <trkpt lat="44.2218545358628" lon="7.004656232893467">
        <ele>2282.0880519256557</ele>
      </trkpt>
      <trkpt lat="44.221807178109884" lon="7.005034759640694">
        <ele>2284.708713127539</ele>
      </trkpt>
      <trkpt lat="44.221759904176" lon="7.00541328638792">
        <ele>2288.4032200847814</ele>
      </trkpt>
      <trkpt lat="44.22171254642308" lon="7.005791896954179">
        <ele>2292.2623424767207</ele>
      </trkpt>
      <trkpt lat="44.22166585922241" lon="7.006165981292725">
        <ele>2295.663346315638</ele>
      </trkpt>
      <trkpt lat="44.221601486206055" lon="7.006487846374512">
        <ele>2297.7501650891672</ele>
      </trkpt>
      <trkpt lat="44.221601486206055" lon="7.006809711456299">
        <ele>2302.01804126117</ele>
      </trkpt>
      <trkpt lat="44.2215371131897" lon="7.007045745849609">
        <ele>2302.7849042598823</ele>
      </trkpt>
      <trkpt lat="44.221515571698546" lon="7.007346823811531">
        <ele>2306.198166305771</ele>
      </trkpt>
      <trkpt lat="44.22149419784546" lon="7.007646560668945">
        <ele>2309.7205025210424</ele>
      </trkpt>
      <trkpt lat="44.2215371131897" lon="7.007989883422852">
        <ele>2315.1077988334337</ele>
      </trkpt>
      <trkpt lat="44.22149419784546" lon="7.008204460144043">
        <ele>2317.5716076148656</ele>
      </trkpt>
      <trkpt lat="44.22147274017334" lon="7.008547782897949">
        <ele>2322.151470789576</ele>
      </trkpt>
      <trkpt lat="44.22151565551758" lon="7.008826732635498">
        <ele>2323.314812928148</ele>
      </trkpt>
      <trkpt lat="44.22149419784546" lon="7.009084224700928">
        <ele>2323.29172188147</ele>
      </trkpt>
      <trkpt lat="44.22151565551758" lon="7.00944984331727">
        <ele>2325.1144722277727</ele>
      </trkpt>
      <trkpt lat="44.2215371131897" lon="7.0098137855529785">
        <ele>2325.594521322229</ele>
      </trkpt>
      <trkpt lat="44.221558570861816" lon="7.0098137855529785">
        <ele>2326.324066205166</ele>
      </trkpt>
      <trkpt lat="44.221601486206055" lon="7.0096635818481445">
        <ele>2327.5366302302787</ele>
      </trkpt>
      <trkpt lat="44.22179460525513" lon="7.009363174438477">
        <ele>2332.4539912132623</ele>
      </trkpt>
      <trkpt lat="44.221837520599365" lon="7.009255886077881">
        <ele>2333.6245622598863</ele>
      </trkpt>
      <trkpt lat="44.22195562161505" lon="7.009073328226805">
        <ele>2337.0425316381147</ele>
      </trkpt>
      <trkpt lat="44.222073554992676" lon="7.0088911056518555">
        <ele>2340.7286835835366</ele>
      </trkpt>
      <trkpt lat="44.222116470336914" lon="7.008976936340332">
        <ele>2342.7080665367375</ele>
      </trkpt>
      <trkpt lat="44.22213792800903" lon="7.009234428405762">
        <ele>2346.152410066052</ele>
      </trkpt>
      <trkpt lat="44.222116470336914" lon="7.009320259094238">
        <ele>2346.2623020881356</ele>
      </trkpt>
      <trkpt lat="44.222116470336914" lon="7.009750418365002">
        <ele>2353.913769521617</ele>
      </trkpt>
      <trkpt lat="44.222116470336914" lon="7.010178565979004">
        <ele>2359.204736100656</ele>
      </trkpt>
      <trkpt lat="44.2220411170274" lon="7.010587099939585">
        <ele>2361.798633387277</ele>
      </trkpt>
      <trkpt lat="44.22196626663208" lon="7.010993957519531">
        <ele>2367.7408859140814</ele>
      </trkpt>
      <trkpt lat="44.22190189361572" lon="7.011229991912842">
        <ele>2369.780801492586</ele>
      </trkpt>
      <trkpt lat="44.221729980781674" lon="7.011580942198634">
        <ele>2373.04702947244</ele>
      </trkpt>
      <trkpt lat="44.221558067947626" lon="7.0119318924844265">
        <ele>2373.6291622476856</ele>
      </trkpt>
      <trkpt lat="44.22138690948486" lon="7.01228141784668">
        <ele>2376.957703506058</ele>
      </trkpt>
      <trkpt lat="44.22127962112427" lon="7.012603282928467">
        <ele>2380.1504384115833</ele>
      </trkpt>
      <trkpt lat="44.221236538141966" lon="7.012872090563178">
        <ele>2385.0725987180404</ele>
      </trkpt>
      <trkpt lat="44.22119379043579" lon="7.013139724731445">
        <ele>2388.708377733139</ele>
      </trkpt>
      <trkpt lat="44.22121524810791" lon="7.013311386108398">
        <ele>2393.3677713920697</ele>
      </trkpt>
      <trkpt lat="44.221322536468506" lon="7.013332843780518">
        <ele>2397.8497506438794</ele>
      </trkpt>
      <trkpt lat="44.221279453486204" lon="7.013590922579169">
        <ele>2401.274303766207</ele>
      </trkpt>
      <trkpt lat="44.22123670578003" lon="7.013847827911377">
        <ele>2399.4124487700574</ele>
      </trkpt>
      <trkpt lat="44.221322536468506" lon="7.014148235321045">
        <ele>2395.3450163463503</ele>
      </trkpt>
      <trkpt lat="44.22147274017334" lon="7.014341354370117">
        <ele>2397.468045872367</ele>
      </trkpt>
      <trkpt lat="44.221580028533936" lon="7.014577388763428">
        <ele>2396.9065792900806</ele>
      </trkpt>
      <trkpt lat="44.22176241874695" lon="7.01473823748529">
        <ele>2398.8365104968807</ele>
      </trkpt>
      <trkpt lat="44.22194480895996" lon="7.014899253845215">
        <ele>2401.2103142182395</ele>
      </trkpt>
      <trkpt lat="44.22213792800903" lon="7.0151567459106445">
        <ele>2403.6248642391784</ele>
      </trkpt>
      <trkpt lat="44.222288047894835" lon="7.015285408124328">
        <ele>2405.6763317727614</ele>
      </trkpt>
      <trkpt lat="44.2224383354187" lon="7.015414237976074">
        <ele>2409.604623458832</ele>
      </trkpt>
      <trkpt lat="44.22253497876227" lon="7.015618337318301">
        <ele>2411.907895586947</ele>
      </trkpt>
      <trkpt lat="44.22263145446777" lon="7.015821933746338">
        <ele>2414.9625526138443</ele>
      </trkpt>
      <trkpt lat="44.222781574353576" lon="7.015950595960021">
        <ele>2417.9298648675763</ele>
      </trkpt>
      <trkpt lat="44.22293186187744" lon="7.016079425811768">
        <ele>2422.6609350403937</ele>
      </trkpt>
      <trkpt lat="44.22297477722168" lon="7.016208171844482">
        <ele>2420.8393533154185</ele>
      </trkpt>
      <trkpt lat="44.22314643859863" lon="7.016422748565674">
        <ele>2421.873291700587</ele>
      </trkpt>
      <trkpt lat="44.22323226928711" lon="7.016658782958984">
        <ele>2421.119503513596</ele>
      </trkpt>
      <trkpt lat="44.223339557647705" lon="7.01676607131958">
        <ele>2425.58628873578</ele>
      </trkpt>
      <trkpt lat="44.22340393066406" lon="7.017002105712891">
        <ele>2425.1894170283113</ele>
      </trkpt>
      <trkpt lat="44.22351121902466" lon="7.017045021057129">
        <ele>2434.0081578042377</ele>
      </trkpt>
      <trkpt lat="44.22353267669678" lon="7.017302513122559">
        <ele>2434.2393799808187</ele>
      </trkpt>
      <trkpt lat="44.22372579574585" lon="7.017581462860107">
        <ele>2446.730233627361</ele>
      </trkpt>
      <trkpt lat="44.22374725341797" lon="7.017946243286133">
        <ele>2448.7569866879558</ele>
      </trkpt>
      <trkpt lat="44.223875999450684" lon="7.018311023712158">
        <ele>2461.1410167987506</ele>
      </trkpt>
      <trkpt lat="44.22394037246704" lon="7.018439769744873">
        <ele>2469.8198429436725</ele>
      </trkpt>
      <trkpt lat="44.22398328781128" lon="7.018311023712158">
        <ele>2469.8483923970216</ele>
      </trkpt>
      <trkpt lat="44.22402620315552" lon="7.0183539390563965">
        <ele>2473.9466960661935</ele>
      </trkpt>
      <trkpt lat="44.224069118499756" lon="7.018589973449707">
        <ele>2483.5343892131878</ele>
      </trkpt>
      <trkpt lat="44.22404766082764" lon="7.018740177154541">
        <ele>2489.4966382419875</ele>
      </trkpt>
      <trkpt lat="44.223833084106445" lon="7.01901912689209">
        <ele>2498.370415954613</ele>
      </trkpt>
      <trkpt lat="44.22372579574585" lon="7.019233703613281">
        <ele>2495.079742408628</ele>
      </trkpt>
      <trkpt lat="44.22372579574585" lon="7.019405364990234">
        <ele>2496.7154258606374</ele>
      </trkpt>
      <trkpt lat="44.223811626434326" lon="7.019383907318115">
        <ele>2502.568838717349</ele>
      </trkpt>
      <trkpt lat="44.223875999450684" lon="7.019555568695068">
        <ele>2505.612866110896</ele>
      </trkpt>
      <trkpt lat="44.22390818595886" lon="7.019770564511418">
        <ele>2508.9487714098345</ele>
      </trkpt>
      <trkpt lat="44.22394037246704" lon="7.019984722137451">
        <ele>2514.751931126353</ele>
      </trkpt>
      <trkpt lat="44.22396183013916" lon="7.02000617980957">
        <ele>2516.275718217213</ele>
      </trkpt>
      <trkpt lat="44.2240047454834" lon="7.0198774337768555">
        <ele>2515.380433135187</ele>
      </trkpt>
      <trkpt lat="44.22402620315552" lon="7.019920349121094">
        <ele>2516.752365406546</ele>
      </trkpt>
      <trkpt lat="44.22402620315552" lon="7.020092010498047">
        <ele>2520.58636528956</ele>
      </trkpt>
      <trkpt lat="44.223854541778564" lon="7.020328044891357">
        <ele>2522.8492585363965</ele>
      </trkpt>
      <trkpt lat="44.22370433807373" lon="7.020435333251953">
        <ele>2519.2779124567114</ele>
      </trkpt>
      <trkpt lat="44.223597049713135" lon="7.02075719833374">
        <ele>2520.6039707824284</ele>
      </trkpt>
      <trkpt lat="44.223575592041016" lon="7.021121978759766">
        <ele>2526.724172738609</ele>
      </trkpt>
      <trkpt lat="44.22353267669678" lon="7.0212507247924805">
        <ele>2527.0849996812044</ele>
      </trkpt>
      <trkpt lat="44.2235541343689" lon="7.02150821685791">
        <ele>2529.73039848193</ele>
      </trkpt>
      <trkpt lat="44.22355421818793" lon="7.02150821685791">
        <ele>2529.731938203246</ele>
      </trkpt>
      <trkpt lat="44.223575592041016" lon="7.021658420562744">
        <ele>2531.2630643985754</ele>
      </trkpt>
      <trkpt lat="44.223457323387265" lon="7.022002330049872">
        <ele>2531.904089393549</ele>
      </trkpt>
      <trkpt lat="44.223339557647705" lon="7.022345066070557">
        <ele>2532.913342451081</ele>
      </trkpt>
      <trkpt lat="44.22329664230347" lon="7.0227742195129395">
        <ele>2533.2133430817485</ele>
      </trkpt>
      <trkpt lat="44.2232034355402" lon="7.023111004382372">
        <ele>2532.3937588772064</ele>
      </trkpt>
      <trkpt lat="44.22311022877693" lon="7.023447873070836">
        <ele>2527.956765827359</ele>
      </trkpt>
      <trkpt lat="44.22301769256592" lon="7.023782730102539">
        <ele>2521.305867826586</ele>
      </trkpt>
      <trkpt lat="44.223060607910156" lon="7.0239973068237305">
        <ele>2520.2901025693013</ele>
      </trkpt>
      <trkpt lat="44.22303185798228" lon="7.024405924603343">
        <ele>2519.8640997616526</ele>
      </trkpt>
      <trkpt lat="44.22300319187343" lon="7.024814626201987">
        <ele>2521.1779582793024</ele>
      </trkpt>
      <trkpt lat="44.22297477722168" lon="7.0252203941345215">
        <ele>2520.5263261448736</ele>
      </trkpt>
      <trkpt lat="44.22298424877226" lon="7.02525551430881">
        <ele>2520.3922655742012</ele>
      </trkpt>
      <trkpt lat="44.22313654795289" lon="7.025638902559876">
        <ele>2521.5079671414524</ele>
      </trkpt>
      <trkpt lat="44.22328884713352" lon="7.026022374629974">
        <ele>2524.8634953343917</ele>
      </trkpt>
      <trkpt lat="44.22333670780063" lon="7.0261430740356445">
        <ele>2526.608713330388</ele>
      </trkpt>
      <trkpt lat="44.22356553375721" lon="7.025841912254691">
        <ele>2545.3705620799838</ele>
      </trkpt>
      <trkpt lat="44.22379427589476" lon="7.025540834292769">
        <ele>2559.008539633933</ele>
      </trkpt>
      <trkpt lat="44.22402301803231" lon="7.025239672511816">
        <ele>2570.1579471389496</ele>
      </trkpt>
      <trkpt lat="44.224251760169864" lon="7.024938594549894">
        <ele>2576.4289579177603</ele>
      </trkpt>
      <trkpt lat="44.224480502307415" lon="7.024637432768941">
        <ele>2581.9579530856586</ele>
      </trkpt>
      <trkpt lat="44.224690133705735" lon="7.024361500516534">
        <ele>2589.0389378568943</ele>
      </trkpt>
      <trkpt lat="44.2246900498867" lon="7.024362087249756">
        <ele>2589.0234647423267</ele>
      </trkpt>
      <trkpt lat="44.224782921373844" lon="7.023943495005369">
        <ele>2602.3753752061493</ele>
      </trkpt>
      <trkpt lat="44.22487587668002" lon="7.023524986580014">
        <ele>2612.451982868775</ele>
      </trkpt>
      <trkpt lat="44.22496874816716" lon="7.0231063943356276">
        <ele>2617.6422098551</ele>
      </trkpt>
      <trkpt lat="44.225028259679675" lon="7.022838089615107">
        <ele>2615.9302415109673</ele>
      </trkpt>
      <trkpt lat="44.22502817586064" lon="7.022838592529297">
        <ele>2615.9379479177733</ele>
      </trkpt>
      <trkpt lat="44.22528147697449" lon="7.023099018260837">
        <ele>2622.900790350465</ele>
      </trkpt>
      <trkpt lat="44.2255346942693" lon="7.023359443992376">
        <ele>2621.538037492641</ele>
      </trkpt>
      <trkpt lat="44.22578799538314" lon="7.023619953542948">
        <ele>2616.921090704712</ele>
      </trkpt>
      <trkpt lat="44.226041212677956" lon="7.0238803792744875">
        <ele>2611.3663624726496</ele>
      </trkpt>
      <trkpt lat="44.2262945137918" lon="7.024140805006027">
        <ele>2593.4784687512565</ele>
      </trkpt>
      <trkpt lat="44.22654773108661" lon="7.024401314556599">
        <ele>2572.8046684835685</ele>
      </trkpt>
      <trkpt lat="44.226780915632844" lon="7.024641120806336">
        <ele>2552.317456318353</ele>
      </trkpt>
      <trkpt lat="44.22694679349661" lon="7.02501361258328">
        <ele>2533.5452996265753</ele>
      </trkpt>
      <trkpt lat="44.22711258754134" lon="7.025386020541191">
        <ele>2522.491851486668</ele>
      </trkpt>
      <trkpt lat="44.227278381586075" lon="7.025758428499103">
        <ele>2520.7598255477656</ele>
      </trkpt>
      <trkpt lat="44.22744417563081" lon="7.026130920276046">
        <ele>2521.7897930623985</ele>
      </trkpt>
      <trkpt lat="44.22761005349457" lon="7.026503328233957">
        <ele>2518.477390504298</ele>
      </trkpt>
      <trkpt lat="44.227775847539306" lon="7.026875736191869">
        <ele>2510.6550806521554</ele>
      </trkpt>
      <trkpt lat="44.22794164158404" lon="7.027248227968812">
        <ele>2512.534319372682</ele>
      </trkpt>
      <trkpt lat="44.228041972965" lon="7.027473449707031">
        <ele>2514.415022126949</ele>
      </trkpt>
      <trkpt lat="44.22796033322811" lon="7.027896484360099">
        <ele>2507.111041671147</ele>
      </trkpt>
      <trkpt lat="44.22787869349122" lon="7.028319602832198">
        <ele>2497.071265220026</ele>
      </trkpt>
      <trkpt lat="44.22779705375433" lon="7.028742637485266">
        <ele>2483.2217302337585</ele>
      </trkpt>
      <trkpt lat="44.22771541401744" lon="7.029165755957365">
        <ele>2470.8560465957626</ele>
      </trkpt>
      <trkpt lat="44.22763385809958" lon="7.029588874429464">
        <ele>2460.0550508067317</ele>
      </trkpt>
      <trkpt lat="44.22755221836269" lon="7.030011909082532">
        <ele>2452.060614628546</ele>
      </trkpt>
      <trkpt lat="44.2274705786258" lon="7.030435027554631">
        <ele>2446.022532369777</ele>
      </trkpt>
      <trkpt lat="44.227396147325635" lon="7.030820846557617">
        <ele>2450.130281475391</ele>
      </trkpt>
      <trkpt lat="44.2271045409143" lon="7.030986389145255">
        <ele>2447.5317715449805</ele>
      </trkpt>
      <trkpt lat="44.22681293450296" lon="7.031151931732893">
        <ele>2440.371921393173</ele>
      </trkpt>
      <trkpt lat="44.22652132809162" lon="7.031317474320531">
        <ele>2437.1532571921734</ele>
      </trkpt>
      <trkpt lat="44.22622963786125" lon="7.031483016908169">
        <ele>2433.6984357962815</ele>
      </trkpt>
      <trkpt lat="44.225938031449914" lon="7.031648559495807">
        <ele>2435.292436187266</ele>
      </trkpt>
      <trkpt lat="44.225646425038576" lon="7.031814102083445">
        <ele>2434.762441198592</ele>
      </trkpt>
      <trkpt lat="44.225581800565124" lon="7.031850814819336">
        <ele>2433.695242992311</ele>
      </trkpt>
      <trkpt lat="44.225393207743764" lon="7.031499948352575">
        <ele>2437.635922870137</ele>
      </trkpt>
      <trkpt lat="44.225204614922404" lon="7.031149081885815">
        <ele>2442.950768901728</ele>
      </trkpt>
      <trkpt lat="44.225016022101045" lon="7.030798215419054">
        <ele>2454.5485301833623</ele>
      </trkpt>
      <trkpt lat="44.224827429279685" lon="7.030447348952293">
        <ele>2465.64635918765</ele>
      </trkpt>
      <trkpt lat="44.22463892027736" lon="7.030096482485533">
        <ele>2483.335882462958</ele>
      </trkpt>
      <trkpt lat="44.224566919729114" lon="7.029962539672852">
        <ele>2491.7491689752337</ele>
      </trkpt>
      <trkpt lat="44.22431361861527" lon="7.03022288158536">
        <ele>2503.437580295741</ele>
      </trkpt>
      <trkpt lat="44.224060317501426" lon="7.030483307316899">
        <ele>2517.799458959087</ele>
      </trkpt>
      <trkpt lat="44.22398270107806" lon="7.030563186854124">
        <ele>2522.2071341388732</ele>
      </trkpt>
      <trkpt lat="44.223982617259026" lon="7.0305633544921875">
        <ele>2522.211259401676</ele>
      </trkpt>
      <trkpt lat="44.223875580355525" lon="7.030975325033069">
        <ele>2526.3616437731735</ele>
      </trkpt>
      <trkpt lat="44.223768627271056" lon="7.03138729557395">
        <ele>2531.086864254254</ele>
      </trkpt>
      <trkpt lat="44.22366167418659" lon="7.031799266114831">
        <ele>2537.3029909180736</ele>
      </trkpt>
      <trkpt lat="44.22355472110212" lon="7.032211320474744">
        <ele>2547.8026506259766</ele>
      </trkpt>
      <trkpt lat="44.22344776801765" lon="7.032623291015625">
        <ele>2556.2641836415182</ele>
      </trkpt>
      <trkpt lat="44.22334081493318" lon="7.033035261556506">
        <ele>2562.737420019477</ele>
      </trkpt>
      <trkpt lat="44.223283901810646" lon="7.0332542806863785">
        <ele>2565.134540347996</ele>
      </trkpt>
      <trkpt lat="44.22328398562968" lon="7.033254113048315">
        <ele>2565.13558732108</ele>
      </trkpt>
      <trkpt lat="44.223232017830014" lon="7.033432060852647">
        <ele>2566.356666832711</ele>
      </trkpt>
      <trkpt lat="44.223146019503474" lon="7.033725930377841">
        <ele>2568.060638166325</ele>
      </trkpt>
      <trkpt lat="44.223060607910156" lon="7.034018039703369">
        <ele>2568.879149500248</ele>
      </trkpt>
      <trkpt lat="44.22297477722168" lon="7.034339904785156">
        <ele>2566.285331962843</ele>
      </trkpt>
      <trkpt lat="44.22293186187744" lon="7.034661769866943">
        <ele>2562.1543030027146</ele>
      </trkpt>
      <trkpt lat="44.22283505089581" lon="7.035016492009163">
        <ele>2558.002054851343</ele>
      </trkpt>
      <trkpt lat="44.22273832373321" lon="7.035371297970414">
        <ele>2558.4099540636953</ele>
      </trkpt>
      <trkpt lat="44.22264159657061" lon="7.035726020112634">
        <ele>2560.849463827471</ele>
      </trkpt>
      <trkpt lat="44.2225456237793" lon="7.036077976226807">
        <ele>2562.1062243819083</ele>
      </trkpt>
      <trkpt lat="44.222438083961606" lon="7.036400428041816">
        <ele>2564.8130351037803</ele>
      </trkpt>
      <trkpt lat="44.222331047058105" lon="7.036721706390381">
        <ele>2569.863864632631</ele>
      </trkpt>
      <trkpt lat="44.22215938568115" lon="7.037043571472168">
        <ele>2571.7239254045107</ele>
      </trkpt>
      <trkpt lat="44.22200918197632" lon="7.0371294021606445">
        <ele>2573.4192842186494</ele>
      </trkpt>
      <trkpt lat="44.22180550172925" lon="7.0371615048497915">
        <ele>2576.032849261261</ele>
      </trkpt>
      <trkpt lat="44.221601570025086" lon="7.037193775177002">
        <ele>2580.8215850396227</ele>
      </trkpt>
      <trkpt lat="44.221601486206055" lon="7.037193775177002">
        <ele>2580.8236363807955</ele>
      </trkpt>
      <trkpt lat="44.221365451812744" lon="7.037215232849121">
        <ele>2590.479707965939</ele>
      </trkpt>
      <trkpt lat="44.22125816345215" lon="7.037107944488525">
        <ele>2590.575743604656</ele>
      </trkpt>
      <trkpt lat="44.22108658589423" lon="7.037150859832764">
        <ele>2595.310893566819</ele>
      </trkpt>
      <trkpt lat="44.221086502075195" lon="7.037150859832764">
        <ele>2595.3127871983806</ele>
      </trkpt>
      <trkpt lat="44.22089338302612" lon="7.037086486816406">
        <ele>2599.1182824307452</ele>
      </trkpt>
      <trkpt lat="44.22072172164917" lon="7.037107944488525">
        <ele>2603.8651898837443</ele>
      </trkpt>
      <trkpt lat="44.220592975616455" lon="7.037022113800049">
        <ele>2606.5891221417837</ele>
      </trkpt>
      <trkpt lat="44.220400024205446" lon="7.037032758817077">
        <ele>2612.5335263639636</ele>
      </trkpt>
      <trkpt lat="44.22020673751831" lon="7.037043571472168">
        <ele>2616.8580476507314</ele>
      </trkpt>
      <trkpt lat="44.22004588879645" lon="7.037118589505553">
        <ele>2619.715659301438</ele>
      </trkpt>
      <trkpt lat="44.21988487243652" lon="7.037193775177002">
        <ele>2621.7021491004707</ele>
      </trkpt>
      <trkpt lat="44.21971321105957" lon="7.037193775177002">
        <ele>2623.3143775053227</ele>
      </trkpt>
      <trkpt lat="44.21952025964856" lon="7.037150859832764">
        <ele>2623.652422686149</ele>
      </trkpt>
      <trkpt lat="44.219326972961426" lon="7.037107944488525">
        <ele>2621.0388103808264</ele>
      </trkpt>
      <trkpt lat="44.21917676925659" lon="7.0369791984558105">
        <ele>2617.11272447574</ele>
      </trkpt>
      <trkpt lat="44.21902656555176" lon="7.036850452423096">
        <ele>2613.4270264750294</ele>
      </trkpt>
      <trkpt lat="44.218819281086326" lon="7.036793204024434">
        <ele>2608.839089207995</ele>
      </trkpt>
      <trkpt lat="44.21861199662089" lon="7.036736039444804">
        <ele>2604.8070401184973</ele>
      </trkpt>
      <trkpt lat="44.2184042930603" lon="7.036678791046143">
        <ele>2599.4469644903</ele>
      </trkpt>
      <trkpt lat="44.218168342486024" lon="7.036560773849487">
        <ele>2596.2401319194632</ele>
      </trkpt>
      <trkpt lat="44.21793222427368" lon="7.036442756652832">
        <ele>2593.722471305891</ele>
      </trkpt>
      <trkpt lat="44.21763198450208" lon="7.0365713350474834">
        <ele>2586.712929285572</ele>
      </trkpt>
      <trkpt lat="44.217331409454346" lon="7.036700248718262">
        <ele>2579.709539798917</ele>
      </trkpt>
      <trkpt lat="44.21717047691345" lon="7.036818182095885">
        <ele>2576.691323283214</ele>
      </trkpt>
      <trkpt lat="44.21700962819159" lon="7.036936283111572">
        <ele>2574.958600474036</ele>
      </trkpt>
      <trkpt lat="44.21700954437256" lon="7.036936283111572">
        <ele>2574.9585086598854</ele>
      </trkpt>
      <trkpt lat="44.21692371368408" lon="7.036957740783691">
        <ele>2574.6057399925767</ele>
      </trkpt>
      <trkpt lat="44.216623306274414" lon="7.036871910095215">
        <ele>2573.854439825907</ele>
      </trkpt>
      <trkpt lat="44.21637671068311" lon="7.036839723587036">
        <ele>2575.828106486928</ele>
      </trkpt>
      <trkpt lat="44.216129779815674" lon="7.036807537078857">
        <ele>2576.604418242848</ele>
      </trkpt>
      <trkpt lat="44.21585099771619" lon="7.036710977554321">
        <ele>2573.5369461701694</ele>
      </trkpt>
      <trkpt lat="44.215572299435735" lon="7.036614501848817">
        <ele>2571.7252230316058</ele>
      </trkpt>
      <trkpt lat="44.21529351733625" lon="7.0365180261433125">
        <ele>2570.0576976769476</ele>
      </trkpt>
      <trkpt lat="44.21501398086548" lon="7.036421298980713">
        <ele>2562.8976639948773</ele>
      </trkpt>
      <trkpt lat="44.2148850671947" lon="7.0362279284745455">
        <ele>2559.203817734629</ele>
      </trkpt>
      <trkpt lat="44.21475648880005" lon="7.036035060882568">
        <ele>2554.5115061011206</ele>
      </trkpt>
      <trkpt lat="44.2146276589483" lon="7.035884773358703">
        <ele>2549.5917755732735</ele>
      </trkpt>
      <trkpt lat="44.21449899673462" lon="7.0357346534729">
        <ele>2542.9975043729855</ele>
      </trkpt>
      <trkpt lat="44.214348793029785" lon="7.0357561111450195">
        <ele>2534.977797229421</ele>
      </trkpt>
      <trkpt lat="44.21404855325818" lon="7.035648822784424">
        <ele>2517.350876080888</ele>
      </trkpt>
      <trkpt lat="44.21374839730561" lon="7.03554161824286">
        <ele>2509.462802886963</ele>
      </trkpt>
      <trkpt lat="44.21344757080078" lon="7.035434246063232">
        <ele>2494.911020016736</ele>
      </trkpt>
      <trkpt lat="44.21325445175171" lon="7.0357561111450195">
        <ele>2474.626513737868</ele>
      </trkpt>
      <trkpt lat="44.21295404434204" lon="7.035884857177734">
        <ele>2451.1585147423593</ele>
      </trkpt>
      <trkpt lat="44.21278246678412" lon="7.035799026489258">
        <ele>2442.2290900669614</ele>
      </trkpt>
      <trkpt lat="44.212610721588135" lon="7.035713195800781">
        <ele>2433.275766927778</ele>
      </trkpt>
      <trkpt lat="44.212410394102335" lon="7.0355128683149815">
        <ele>2424.7944893894173</ele>
      </trkpt>
      <trkpt lat="44.212210066616535" lon="7.035312540829182">
        <ele>2415.069786670764</ele>
      </trkpt>
      <trkpt lat="44.2120099067688" lon="7.035112380981445">
        <ele>2406.207515329608</ele>
      </trkpt>
      <trkpt lat="44.21192407608032" lon="7.034897804260254">
        <ele>2404.0516039822323</ele>
      </trkpt>
      <trkpt lat="44.211645210161805" lon="7.03474760055542">
        <ele>2392.3161655843555</ele>
      </trkpt>
      <trkpt lat="44.21136642806232" lon="7.034597480669618">
        <ele>2384.5796810988345</ele>
      </trkpt>
      <trkpt lat="44.211087226867676" lon="7.034447193145752">
        <ele>2377.069132591499</ele>
      </trkpt>
      <trkpt lat="44.210908357053995" lon="7.034268323332071">
        <ele>2373.3047141530615</ele>
      </trkpt>
      <trkpt lat="44.210729487240314" lon="7.034089453518391">
        <ele>2369.274843103015</ele>
      </trkpt>
      <trkpt lat="44.2105507850647" lon="7.033910751342773">
        <ele>2362.795129289205</ele>
      </trkpt>
      <trkpt lat="44.21035774983466" lon="7.033824920654297">
        <ele>2353.833468086109</ele>
      </trkpt>
      <trkpt lat="44.21016454696655" lon="7.03373908996582">
        <ele>2346.5430451979223</ele>
      </trkpt>
      <trkpt lat="44.209935804829" lon="7.033717632293701">
        <ele>2341.0805620851706</ele>
      </trkpt>
      <trkpt lat="44.20970714651048" lon="7.033696174621582">
        <ele>2332.3557765040637</ele>
      </trkpt>
      <trkpt lat="44.20947790145874" lon="7.033674716949463">
        <ele>2325.2122315055626</ele>
      </trkpt>
      <trkpt lat="44.20925251208246" lon="7.033438598737121">
        <ele>2312.8824286153085</ele>
      </trkpt>
      <trkpt lat="44.20902729034424" lon="7.033202648162842">
        <ele>2298.9723744635567</ele>
      </trkpt>
      <trkpt lat="44.20889854431152" lon="7.032837867736816">
        <ele>2286.542163793582</ele>
      </trkpt>
      <trkpt lat="44.20870525762439" lon="7.032610299065709">
        <ele>2277.3189935688824</ele>
      </trkpt>
      <trkpt lat="44.208512054756284" lon="7.032382730394602">
        <ele>2268.7076397597675</ele>
      </trkpt>
      <trkpt lat="44.20831885188818" lon="7.0321551617234945">
        <ele>2259.811984877942</ele>
      </trkpt>
      <trkpt lat="44.208125649020076" lon="7.031927593052387">
        <ele>2254.384178179921</ele>
      </trkpt>
      <trkpt lat="44.20793294906616" lon="7.031700611114502">
        <ele>2246.2287526065547</ele>
      </trkpt>
      <trkpt lat="44.20771820470691" lon="7.031399952247739">
        <ele>2237.191339226408</ele>
      </trkpt>
      <trkpt lat="44.20750379562378" lon="7.031099796295166">
        <ele>2228.0150771895087</ele>
      </trkpt>
      <trkpt lat="44.20732115395367" lon="7.03078824095428">
        <ele>2216.554618040993</ele>
      </trkpt>
      <trkpt lat="44.207139015197754" lon="7.030477523803711">
        <ele>2202.998954535886</ele>
      </trkpt>
      <trkpt lat="44.20703172683716" lon="7.030391693115234">
        <ele>2196.3842582431566</ele>
      </trkpt>
      <trkpt lat="44.206881523132324" lon="7.030134201049805">
        <ele>2183.1510382255146</ele>
      </trkpt>
      <trkpt lat="44.206806253641844" lon="7.029876122251153">
        <ele>2175.0055976340846</ele>
      </trkpt>
      <trkpt lat="44.20673131942749" lon="7.029619216918945">
        <ele>2167.5758043870737</ele>
      </trkpt>
      <trkpt lat="44.20654901303351" lon="7.029522657394409">
        <ele>2158.4005458421043</ele>
      </trkpt>
      <trkpt lat="44.206366539001465" lon="7.029426097869873">
        <ele>2145.690267570887</ele>
      </trkpt>
      <trkpt lat="44.206366539001465" lon="7.029533386230469">
        <ele>2144.6494104877747</ele>
      </trkpt>
      <trkpt lat="44.2064094543457" lon="7.029705047607422">
        <ele>2143.4390818487846</ele>
      </trkpt>
      <trkpt lat="44.2064094543457" lon="7.029860112816095">
        <ele>2142.99324624415</ele>
      </trkpt>
      <trkpt lat="44.20640995725989" lon="7.030019955709577">
        <ele>2144.633770151094</ele>
      </trkpt>
      <trkpt lat="44.20629998669028" lon="7.030309969559312">
        <ele>2144.738630291599</ele>
      </trkpt>
      <trkpt lat="44.206239972263575" lon="7.030399991199374">
        <ele>2143.884738397743</ele>
      </trkpt>
      <trkpt lat="44.206179957836866" lon="7.030549943447113">
        <ele>2144.369494003052</ele>
      </trkpt>
      <trkpt lat="44.20611994341016" lon="7.03079997561872">
        <ele>2143.6560548077714</ele>
      </trkpt>
      <trkpt lat="44.206069987267256" lon="7.031019916757941">
        <ele>2142.044775287287</ele>
      </trkpt>
      <trkpt lat="44.206049954518676" lon="7.031379919499159">
        <ele>2143.799187108198</ele>
      </trkpt>
      <trkpt lat="44.20599480159581" lon="7.031620480120182">
        <ele>2144.128812513291</ele>
      </trkpt>
      <trkpt lat="44.205939983949065" lon="7.031859951093793">
        <ele>2145.4887872541426</ele>
      </trkpt>
      <trkpt lat="44.20592992566526" lon="7.03206991776824">
        <ele>2149.142495895659</ele>
      </trkpt>
      <trkpt lat="44.205899918451905" lon="7.032189946621656">
        <ele>2146.201610078758</ele>
      </trkpt>
      <trkpt lat="44.205919951200485" lon="7.032269993796945">
        <ele>2144.9282274991147</ele>
      </trkpt>
      <trkpt lat="44.20597996562719" lon="7.032349957153201">
        <ele>2144.8789088643916</ele>
      </trkpt>
      <trkpt lat="44.206125140190125" lon="7.032660422846675">
        <ele>2141.784777279425</ele>
      </trkpt>
      <trkpt lat="44.20626997947693" lon="7.0329699665308">
        <ele>2142.097803800715</ele>
      </trkpt>
      <trkpt lat="44.20629998669028" lon="7.033119918778539">
        <ele>2140.4721678121778</ele>
      </trkpt>
      <trkpt lat="44.206349942833185" lon="7.033229973167181">
        <ele>2141.4819125249833</ele>
      </trkpt>
      <trkpt lat="44.20633996836841" lon="7.033545719459653">
        <ele>2139.0861968939216</ele>
      </trkpt>
      <trkpt lat="44.20632999390364" lon="7.033859957009554">
        <ele>2142.012716389018</ele>
      </trkpt>
      <trkpt lat="44.20627484098077" lon="7.034090459346771">
        <ele>2140.486770702718</ele>
      </trkpt>
      <trkpt lat="44.206219939514995" lon="7.034319955855608">
        <ele>2136.3937141297174</ele>
      </trkpt>
      <trkpt lat="44.206239972263575" lon="7.034579962491989">
        <ele>2138.101412577164</ele>
      </trkpt>
      <trkpt lat="44.206184819340706" lon="7.034985898062587">
        <ele>2133.2183179589883</ele>
      </trkpt>
      <trkpt lat="44.20612991787493" lon="7.035389989614487">
        <ele>2134.006303176866</ele>
      </trkpt>
      <trkpt lat="44.20606981962919" lon="7.035665586590767">
        <ele>2133.7122052404707</ele>
      </trkpt>
      <trkpt lat="44.20600997284055" lon="7.035939926281571">
        <ele>2131.1313697253713</ele>
      </trkpt>
      <trkpt lat="44.20601994730532" lon="7.036225665360689">
        <ele>2129.8734823313075</ele>
      </trkpt>
      <trkpt lat="44.206029921770096" lon="7.036509979516268">
        <ele>2127.8153530266673</ele>
      </trkpt>
      <trkpt lat="44.206085074692965" lon="7.036770489066839">
        <ele>2128.161673483896</ele>
      </trkpt>
      <trkpt lat="44.20613997615874" lon="7.03702999278903">
        <ele>2128.57489073942</ele>
      </trkpt>
      <trkpt lat="44.20624013990164" lon="7.0373856369405985">
        <ele>2130.458083440176</ele>
      </trkpt>
      <trkpt lat="44.20633996836841" lon="7.0377399399876595">
        <ele>2129.476923612402</ele>
      </trkpt>
      <trkpt lat="44.206479946151376" lon="7.038129949942231">
        <ele>2128.7868801214427</ele>
      </trkpt>
      <trkpt lat="44.20654993504286" lon="7.038459945470095">
        <ele>2128.846107457886</ele>
      </trkpt>
      <trkpt lat="44.20668002218008" lon="7.038615010678768">
        <ele>2127.9692101532046</ele>
      </trkpt>
      <trkpt lat="44.20680994167924" lon="7.03876999206841">
        <ele>2126.2039114052486</ele>
      </trkpt>
      <trkpt lat="44.20707472600043" lon="7.038849871605635">
        <ele>2131.2123634951367</ele>
      </trkpt>
      <trkpt lat="44.207339929416776" lon="7.038929918780923">
        <ele>2132.319831211204</ele>
      </trkpt>
      <trkpt lat="44.20740991830826" lon="7.0391099620610476">
        <ele>2131.307904163955</ele>
      </trkpt>
      <trkpt lat="44.20725996606052" lon="7.039219932630658">
        <ele>2123.295250109765</ele>
      </trkpt>
      <trkpt lat="44.20710992999375" lon="7.0393299870193005">
        <ele>2116.04273668286</ele>
      </trkpt>
      <trkpt lat="44.20702996663749" lon="7.039369968697429">
        <ele>2112.2876995889765</ele>
      </trkpt>
      <trkpt lat="44.206949919462204" lon="7.039529979228973">
        <ele>2106.561845583806</ele>
      </trkpt>
      <trkpt lat="44.20685998164117" lon="7.039569960907102">
        <ele>2102.507142120392</ele>
      </trkpt>
      <trkpt lat="44.20686995610595" lon="7.039749920368195">
        <ele>2099.4373298023665</ele>
      </trkpt>
      <trkpt lat="44.206799967214465" lon="7.039799960330129">
        <ele>2096.199944008973</ele>
      </trkpt>
      <trkpt lat="44.20678999274969" lon="7.039909930899739">
        <ele>2092.444884368479</ele>
      </trkpt>
      <trkpt lat="44.20669997110963" lon="7.039889981970191">
        <ele>2090.1438552040627</ele>
      </trkpt>
      <trkpt lat="44.206669963896275" lon="7.040029959753156">
        <ele>2084.456956795441</ele>
      </trkpt>
      <trkpt lat="44.206559993326664" lon="7.0399899780750275">
        <ele>2081.314293812932</ele>
      </trkpt>
      <trkpt lat="44.20654993504286" lon="7.040149988606572">
        <ele>2075.876701057346</ele>
      </trkpt>
      <trkpt lat="44.20643996447325" lon="7.040109923109412">
        <ele>2072.1861770500955</ele>
      </trkpt>
      <trkpt lat="44.20645999722183" lon="7.040289966389537">
        <ele>2066.90095663961</ele>
      </trkpt>
      <trkpt lat="44.20638992451131" lon="7.040299940854311">
        <ele>2062.891066941036</ele>
      </trkpt>
      <trkpt lat="44.20624994672835" lon="7.040149988606572">
        <ele>2061.6146599288486</ele>
      </trkpt>
      <trkpt lat="44.20614995062351" lon="7.040129955857992">
        <ele>2058.4713774975908</ele>
      </trkpt>
      <trkpt lat="44.2060399800539" lon="7.040139930322766">
        <ele>2054.5393398312135</ele>
      </trkpt>
      <trkpt lat="44.20616998337209" lon="7.040389962494373">
        <ele>2048.8494551889094</ele>
      </trkpt>
      <trkpt lat="44.206215078011155" lon="7.040635552257299">
        <ele>2041.4359227141067</ele>
      </trkpt>
      <trkpt lat="44.20625992119312" lon="7.0408799685537815">
        <ele>2034.2430843848335</ele>
      </trkpt>
      <trkpt lat="44.20626997947693" lon="7.0412899274379015">
        <ele>2020.915634320777</ele>
      </trkpt>
      <trkpt lat="44.20620996505022" lon="7.041629981249571">
        <ele>2012.465819511075</ele>
      </trkpt>
      <trkpt lat="44.206049954518676" lon="7.041889987885952">
        <ele>2000.070910632464</ele>
      </trkpt>
      <trkpt lat="44.20596999116242" lon="7.041749926283956">
        <ele>1996.1457948158936</ele>
      </trkpt>
      <trkpt lat="44.20587996952236" lon="7.042139936238527">
        <ele>1986.4689955643532</ele>
      </trkpt>
      <trkpt lat="44.20575994066894" lon="7.042039940133691">
        <ele>1979.9032252245481</ele>
      </trkpt>
      <trkpt lat="44.20568483881652" lon="7.042255355045199">
        <ele>1972.152771652057</ele>
      </trkpt>
      <trkpt lat="44.2056099884212" lon="7.042469931766391">
        <ele>1964.866618499611</ele>
      </trkpt>
      <trkpt lat="44.2056099884212" lon="7.0427405834198">
        <ele>1961.1747487678463</ele>
      </trkpt>
      <trkpt lat="44.2056099884212" lon="7.043009977787733">
        <ele>1957.6790090027796</ele>
      </trkpt>
      <trkpt lat="44.20557998120785" lon="7.04308994114399">
        <ele>1955.0444252803863</ele>
      </trkpt>
      <trkpt lat="44.20556992292404" lon="7.043119948357344">
        <ele>1955.5008505449332</ele>
      </trkpt>
      <trkpt lat="44.205400105565786" lon="7.043184908106923">
        <ele>1947.7852581472885</ele>
      </trkpt>
      <trkpt lat="44.205229952931404" lon="7.043249951675534">
        <ele>1939.861630251116</ele>
      </trkpt>
      <trkpt lat="44.20502996072173" lon="7.043399987742305">
        <ele>1932.9607247756394</ele>
      </trkpt>
      <trkpt lat="44.204779928550124" lon="7.043659994378686">
        <ele>1924.7746076774984</ele>
      </trkpt>
      <trkpt lat="44.20465998351574" lon="7.043749932199717">
        <ele>1924.1400063181911</ele>
      </trkpt>
      <trkpt lat="44.20444993302226" lon="7.0437699649482965">
        <ele>1916.0332172042927</ele>
      </trkpt>
      <trkpt lat="44.204289922490716" lon="7.043889993801713">
        <ele>1912.7188376102363</ele>
      </trkpt>
      <trkpt lat="44.204065119847655" lon="7.043994851410389">
        <ele>1908.7870718762615</ele>
      </trkpt>
      <trkpt lat="44.20383998192847" lon="7.04409996047616">
        <ele>1905.9062662117458</ele>
      </trkpt>
      <trkpt lat="44.203680055215955" lon="7.0441598910838366">
        <ele>1903.5452818133901</ele>
      </trkpt>
      <trkpt lat="44.20351996086538" lon="7.0442199893295765">
        <ele>1901.0886737753233</ele>
      </trkpt>
      <trkpt lat="44.20329339802265" lon="7.044329876080155">
        <ele>1898.097429029012</ele>
      </trkpt>
      <trkpt lat="44.20306691899896" lon="7.044439846649766">
        <ele>1893.7319616724053</ele>
      </trkpt>
      <trkpt lat="44.20283993706107" lon="7.04454998485744">
        <ele>1887.7393874806867</ele>
      </trkpt>
      <trkpt lat="44.20257993042469" lon="7.044769925996661">
        <ele>1879.3830912701687</ele>
      </trkpt>
      <trkpt lat="44.20242997817695" lon="7.0446499809622765">
        <ele>1870.9609719665918</ele>
      </trkpt>
      <trkpt lat="44.20226996764541" lon="7.044709995388985">
        <ele>1862.7196701118694</ele>
      </trkpt>
      <trkpt lat="44.20221992768347" lon="7.045029932633042">
        <ele>1855.7305193106704</ele>
      </trkpt>
      <trkpt lat="44.20209998264909" lon="7.044949969276786">
        <ele>1849.0582549252993</ele>
      </trkpt>
      <trkpt lat="44.2020199354738" lon="7.044699937105179">
        <ele>1845.6307732823743</ele>
      </trkpt>
      <trkpt lat="44.20191993936896" lon="7.044479995965958">
        <ele>1840.683973920615</ele>
      </trkpt>
      <trkpt lat="44.201749954372644" lon="7.044579992070794">
        <ele>1830.973235699406</ele>
      </trkpt>
      <trkpt lat="44.201689939945936" lon="7.04450991936028">
        <ele>1828.2212495228773</ele>
      </trkpt>
      <trkpt lat="44.201689939945936" lon="7.044399948790669">
        <ele>1828.3457495547386</ele>
      </trkpt>
      <trkpt lat="44.201639983803034" lon="7.044349992647767">
        <ele>1825.8980506030707</ele>
      </trkpt>
      <trkpt lat="44.20154996216297" lon="7.044409923255444">
        <ele>1821.4612294250146</ele>
      </trkpt>
      <trkpt lat="44.20147997327149" lon="7.0446299482136965">
        <ele>1816.3339458811029</ele>
      </trkpt>
      <trkpt lat="44.20145994052291" lon="7.044927338138223">
        <ele>1809.7205524860478</ele>
      </trkpt>
      <trkpt lat="44.2014398239553" lon="7.045224728062749">
        <ele>1802.0578059871727</ele>
      </trkpt>
      <trkpt lat="44.20141995884478" lon="7.0455199386924505">
        <ele>1797.831911204097</ele>
      </trkpt>
      <trkpt lat="44.20136991888285" lon="7.045689923688769">
        <ele>1800.7536261294977</ele>
      </trkpt>
      <trkpt lat="44.20122994109988" lon="7.045829985290766">
        <ele>1800.8669193176338</ele>
      </trkpt>
      <trkpt lat="44.20102994889021" lon="7.04583995975554">
        <ele>1795.4834390603469</ele>
      </trkpt>
      <trkpt lat="44.200809923931956" lon="7.045909948647022">
        <ele>1789.8278439551555</ele>
      </trkpt>
      <trkpt lat="44.20062996447086" lon="7.046019919216633">
        <ele>1786.5687101734472</ele>
      </trkpt>
      <trkpt lat="44.20047992840409" lon="7.046089991927147">
        <ele>1783.2611356380426</ele>
      </trkpt>
      <trkpt lat="44.20035998336971" lon="7.046299958601594">
        <ele>1783.6228777383935</ele>
      </trkpt>
      <trkpt lat="44.200249928981066" lon="7.046119999140501">
        <ele>1777.9874604389777</ele>
      </trkpt>
      <trkpt lat="44.20007994398475" lon="7.046099966391921">
        <ele>1773.9516867668094</ele>
      </trkpt>
      <trkpt lat="44.199949940666556" lon="7.046279925853014">
        <ele>1772.1627368376758</ele>
      </trkpt>
      <trkpt lat="44.19979311525822" lon="7.0466037187725306">
        <ele>1770.2788371450872</ele>
      </trkpt>
      <trkpt lat="44.199636206030846" lon="7.046927511692047">
        <ele>1768.3459987014473</ele>
      </trkpt>
      <trkpt lat="44.19947996735573" lon="7.047249963507056">
        <ele>1767.1028658766115</ele>
      </trkpt>
      <trkpt lat="44.19941995292902" lon="7.047489937394857">
        <ele>1768.1881383897837</ele>
      </trkpt>
      <trkpt lat="44.199293134734035" lon="7.047780370339751">
        <ele>1765.6845631526614</ele>
      </trkpt>
      <trkpt lat="44.19916623272002" lon="7.048070887103677">
        <ele>1762.2132861542214</ele>
      </trkpt>
      <trkpt lat="44.19903991743922" lon="7.048359978944063">
        <ele>1759.0667712563245</ele>
      </trkpt>
      <trkpt lat="44.198984848335385" lon="7.048585452139378">
        <ele>1757.4016296721466</ele>
      </trkpt>
      <trkpt lat="44.19892994686961" lon="7.048809919506311">
        <ele>1754.7395172839408</ele>
      </trkpt>
      <trkpt lat="44.19877999462187" lon="7.048939922824502">
        <ele>1748.5867131681214</ele>
      </trkpt>
      <trkpt lat="44.19873992912471" lon="7.048899941146374">
        <ele>1747.6195118133824</ele>
      </trkpt>
      <trkpt lat="44.198719980195165" lon="7.04899993725121">
        <ele>1745.5231922238295</ele>
      </trkpt>
      <trkpt lat="44.19865996576846" lon="7.048919973894954">
        <ele>1744.305725143202</ele>
      </trkpt>
      <trkpt lat="44.19855996966362" lon="7.049099933356047">
        <ele>1737.5122536817832</ele>
      </trkpt>
      <trkpt lat="44.198399959132075" lon="7.0488599594682455">
        <ele>1733.6258089272746</ele>
      </trkpt>
      <trkpt lat="44.198289988562465" lon="7.049029944464564">
        <ele>1727.1444892150325</ele>
      </trkpt>
      <trkpt lat="44.19817993417382" lon="7.0488799922168255">
        <ele>1725.3069244892586</ele>
      </trkpt>
      <trkpt lat="44.198104832321405" lon="7.049130443483591">
        <ele>1720.0816241421746</ele>
      </trkpt>
      <trkpt lat="44.198029981926084" lon="7.049379972741008">
        <ele>1712.22882399007</ele>
      </trkpt>
      <trkpt lat="44.19782998971641" lon="7.049419954419136">
        <ele>1707.7601795719238</ele>
      </trkpt>
      <trkpt lat="44.19778992421925" lon="7.049709968268871">
        <ele>1699.1520743954732</ele>
      </trkpt>
      <trkpt lat="44.19763997197151" lon="7.049779957160354">
        <ele>1692.1490704919115</ele>
      </trkpt>
      <trkpt lat="44.19757987372577" lon="7.050020433962345">
        <ele>1686.5104938112381</ele>
      </trkpt>
      <trkpt lat="44.197519943118095" lon="7.050259988754988">
        <ele>1680.300621337411</ele>
      </trkpt>
      <trkpt lat="44.19746998697519" lon="7.0503799337893724">
        <ele>1676.3183431302587</ele>
      </trkpt>
      <trkpt lat="44.19728994369507" lon="7.050369959324598">
        <ele>1668.287382905059</ele>
      </trkpt>
      <trkpt lat="44.197239987552166" lon="7.050109952688217">
        <ele>1661.3800137347744</ele>
      </trkpt>
      <trkpt lat="44.197149965912104" lon="7.049929993227124">
        <ele>1655.8476523598674</ele>
      </trkpt>
      <trkpt lat="44.19707997702062" lon="7.050109952688217">
        <ele>1645.5145955538396</ele>
      </trkpt>
      <trkpt lat="44.196959948167205" lon="7.050069971010089">
        <ele>1635.935785902474</ele>
      </trkpt>
      <trkpt lat="44.1969549190253" lon="7.04983938485384">
        <ele>1638.0346672653343</ele>
      </trkpt>
      <trkpt lat="44.19694997370243" lon="7.049609972164035">
        <ele>1639.7129032866485</ele>
      </trkpt>
      <trkpt lat="44.196829944849014" lon="7.049279976636171">
        <ele>1639.5427143736201</ele>
      </trkpt>
      <trkpt lat="44.196829944849014" lon="7.049029944464564">
        <ele>1634.0559241928195</ele>
      </trkpt>
      <trkpt lat="44.19672475196421" lon="7.048689303919673">
        <ele>1627.1435451476386</ele>
      </trkpt>
      <trkpt lat="44.19661997817457" lon="7.048349920660257">
        <ele>1621.4288544823612</ele>
      </trkpt>
      <trkpt lat="44.196529956534505" lon="7.048599952831864">
        <ele>1610.4135091818516</ele>
      </trkpt>
      <trkpt lat="44.19644999317825" lon="7.048409935086966">
        <ele>1607.174375471854</ele>
      </trkpt>
      <trkpt lat="44.19636994600296" lon="7.048559971153736">
        <ele>1598.0031057317358</ele>
      </trkpt>
      <trkpt lat="44.196209935471416" lon="7.0484299678355455">
        <ele>1589.3864490843084</ele>
      </trkpt>
      <trkpt lat="44.196229968219995" lon="7.048679916188121">
        <ele>1584.3388001201608</ele>
      </trkpt>
      <trkpt lat="44.19606995768845" lon="7.048559971153736">
        <ele>1575.6951190731145</ele>
      </trkpt>
      <trkpt lat="44.19601991772652" lon="7.048919973894954">
        <ele>1563.276960755234</ele>
      </trkpt>
      <trkpt lat="44.19596987776458" lon="7.049140417948365">
        <ele>1558.498395169362</ele>
      </trkpt>
      <trkpt lat="44.19591992162168" lon="7.049359939992428">
        <ele>1554.7919954478302</ele>
      </trkpt>
      <trkpt lat="44.195799976587296" lon="7.049679961055517">
        <ele>1543.1832134135593</ele>
      </trkpt>
      <trkpt lat="44.195674834772944" lon="7.049444681033492">
        <ele>1533.7964542726136</ele>
      </trkpt>
      <trkpt lat="44.19554994441569" lon="7.049209987744689">
        <ele>1522.162858703947</ele>
      </trkpt>
      <trkpt lat="44.19544994831085" lon="7.049329932779074">
        <ele>1513.1204597430637</ele>
      </trkpt>
      <trkpt lat="44.19525993056595" lon="7.049659928306937">
        <ele>1496.5367920130066</ele>
      </trkpt>
      <trkpt lat="44.19511995278299" lon="7.0493199583143">
        <ele>1486.0363435124198</ele>
      </trkpt>
      <trkpt lat="44.195029931142926" lon="7.049229936674237">
        <ele>1481.8801751574063</ele>
      </trkpt>
      <trkpt lat="44.194899927824736" lon="7.049379972741008">
        <ele>1468.5303881910231</ele>
      </trkpt>
      <trkpt lat="44.19464997947216" lon="7.049229936674237">
        <ele>1460.5785685815974</ele>
      </trkpt>
      <trkpt lat="44.19453992508352" lon="7.049079984426498">
        <ele>1458.4386056420303</ele>
      </trkpt>
      <trkpt lat="44.19460999779403" lon="7.048739930614829">
        <ele>1456.761207312511</ele>
      </trkpt>
      <trkpt lat="44.19458996504545" lon="7.048509931191802">
        <ele>1445.2141168726869</ele>
      </trkpt>
      <trkpt lat="44.19444998726249" lon="7.0486499927937984">
        <ele>1442.6041358738576</ele>
      </trkpt>
      <trkpt lat="44.19449994340539" lon="7.048309938982129">
        <ele>1431.9351817473669</ele>
      </trkpt>
      <trkpt lat="44.19449994340539" lon="7.0480299834162">
        <ele>1427.5705335173982</ele>
      </trkpt>
      <trkpt lat="44.19447999447584" lon="7.047779951244593">
        <ele>1423.3545373302368</ele>
      </trkpt>
      <trkpt lat="44.19437983073294" lon="7.047579707577825">
        <ele>1417.1872585778826</ele>
      </trkpt>
      <trkpt lat="44.19427991844714" lon="7.047379966825247">
        <ele>1414.9589376467009</ele>
      </trkpt>
      <trkpt lat="44.19423993676901" lon="7.047079978510737">
        <ele>1414.3886673066074</ele>
      </trkpt>
      <trkpt lat="44.19427991844714" lon="7.0468399208039045">
        <ele>1411.2663411806861</ele>
      </trkpt>
      <trkpt lat="44.194214791059494" lon="7.046614531427622">
        <ele>1402.2498419861292</ele>
      </trkpt>
      <trkpt lat="44.19414999894798" lon="7.046389980241656">
        <ele>1396.981185405224</ele>
      </trkpt>
      <trkpt lat="44.194059977307916" lon="7.046469943597913">
        <ele>1388.8883108541484</ele>
      </trkpt>
      <trkpt lat="44.19402997009456" lon="7.046659961342812">
        <ele>1385.9581495088632</ele>
      </trkpt>
      <trkpt lat="44.193929973989725" lon="7.04641998745501">
        <ele>1378.1521955251267</ele>
      </trkpt>
      <trkpt lat="44.193909941241145" lon="7.046129973605275">
        <ele>1377.297743910809</ele>
      </trkpt>
      <trkpt lat="44.19381991960108" lon="7.0461999624967575">
        <ele>1371.947133370447</ele>
      </trkpt>
      <trkpt lat="44.19381991960108" lon="7.046109940856695">
        <ele>1371.4621734636435</ele>
      </trkpt>
      <trkpt lat="44.1937499307096" lon="7.046169955283403">
        <ele>1367.2448167366817</ele>
      </trkpt>
      <trkpt lat="44.19370994903147" lon="7.046229969710112">
        <ele>1363.2599211839436</ele>
      </trkpt>
      <trkpt lat="44.19368991628289" lon="7.0461799297481775">
        <ele>1362.9594388019777</ele>
      </trkpt>
      <trkpt lat="44.19370994903147" lon="7.046049926429987">
        <ele>1364.4005913304904</ele>
      </trkpt>
      <trkpt lat="44.193759988993406" lon="7.045939955860376">
        <ele>1364.501404979797</ele>
      </trkpt>
      <trkpt lat="44.19372998178005" lon="7.045749938115478">
        <ele>1356.6243088299864</ele>
      </trkpt>
      <trkpt lat="44.193739956244826" lon="7.045489931479096">
        <ele>1352.3698836114418</ele>
      </trkpt>
      <trkpt lat="44.193649934604764" lon="7.045199917629361">
        <ele>1344.6929501147517</ele>
      </trkpt>
      <trkpt lat="44.193589920178056" lon="7.0448599476367235">
        <ele>1341.3471258277618</ele>
      </trkpt>
      <trkpt lat="44.19354993849993" lon="7.044749977067113">
        <ele>1338.059397117097</ele>
      </trkpt>
      <trkpt lat="44.19354993849993" lon="7.0446299482136965">
        <ele>1336.1965117630784</ele>
      </trkpt>
      <trkpt lat="44.19359997846186" lon="7.0444499887526035">
        <ele>1333.476454812419</ele>
      </trkpt>
      <trkpt lat="44.19346997514367" lon="7.0444499887526035">
        <ele>1326.1347742335684</ele>
      </trkpt>
      <trkpt lat="44.193499982357025" lon="7.044369941577315">
        <ele>1325.995724147617</ele>
      </trkpt>
      <trkpt lat="44.19346997514367" lon="7.044349992647767">
        <ele>1323.7623940716992</ele>
      </trkpt>
      <trkpt lat="44.19338992796838" lon="7.044369941577315">
        <ele>1319.6159432134032</ele>
      </trkpt>
      <trkpt lat="44.19333997182548" lon="7.044499944895506">
        <ele>1319.3502045337154</ele>
      </trkpt>
      <trkpt lat="44.193289931863546" lon="7.044469937682152">
        <ele>1316.2633842510259</ele>
      </trkpt>
      <trkpt lat="44.19318993575871" lon="7.044669929891825">
        <ele>1312.4825533222008</ele>
      </trkpt>
      <trkpt lat="44.193159928545356" lon="7.044639922678471">
        <ele>1310.5591185280823</ele>
      </trkpt>
      <trkpt lat="44.193159928545356" lon="7.04454998485744">
        <ele>1309.991840944193</ele>
      </trkpt>
      <trkpt lat="44.19313997961581" lon="7.044519977644086">
        <ele>1308.442843442866</ele>
      </trkpt>
      <trkpt lat="44.19310997240245" lon="7.04450991936028">
        <ele>1306.3333064472006</ele>
      </trkpt>
      <trkpt lat="44.193159928545356" lon="7.0444299560040236">
        <ele>1308.630364546948</ele>
      </trkpt>
      <trkpt lat="44.193179961293936" lon="7.044349992647767">
        <ele>1307.9316324522028</ele>
      </trkpt>
      <trkpt lat="44.193129921332" lon="7.044359967112541">
        <ele>1305.3749051849168</ele>
      </trkpt>
      <trkpt lat="44.19298994354904" lon="7.044679988175631">
        <ele>1299.5168830879322</ele>
      </trkpt>
      <trkpt lat="44.19294996187091" lon="7.044869922101498">
        <ele>1298.1343131508577</ele>
      </trkpt>
      <trkpt lat="44.192839823663235" lon="7.0451253186911345">
        <ele>1291.2846181532273</ele>
      </trkpt>
      <trkpt lat="44.192729936912656" lon="7.045379960909486">
        <ele>1284.8992462208726</ele>
      </trkpt>
      <trkpt lat="44.19271996244788" lon="7.045239983126521">
        <ele>1282.8798905728063</ele>
      </trkpt>
      <trkpt lat="44.19267998076975" lon="7.045219950377941">
        <ele>1279.599192036574</ele>
      </trkpt>
      <trkpt lat="44.1926499735564" lon="7.045349953696132">
        <ele>1278.8069049939475</ele>
      </trkpt>
      <trkpt lat="44.192639999091625" lon="7.045219950377941">
        <ele>1276.7462451188926</ele>
      </trkpt>
      <trkpt lat="44.192619966343045" lon="7.045209975913167">
        <ele>1275.2750260182258</ele>
      </trkpt>
      <trkpt lat="44.19258995912969" lon="7.0452899392694235">
        <ele>1273.8417548047412</ele>
      </trkpt>
      <trkpt lat="44.19251997023821" lon="7.045399993658066">
        <ele>1269.361396274251</ele>
      </trkpt>
      <trkpt lat="44.19249993748963" lon="7.045489931479096">
        <ele>1268.1809726783426</ele>
      </trkpt>
      <trkpt lat="44.192469930276275" lon="7.045509964227676">
        <ele>1265.7573033797353</ele>
      </trkpt>
      <trkpt lat="44.19247998856008" lon="7.045379960909486">
        <ele>1266.3967478954082</ele>
      </trkpt>
      <trkpt lat="44.1924599558115" lon="7.045349953696132">
        <ele>1264.9565633153015</ele>
      </trkpt>
      <trkpt lat="44.19239994138479" lon="7.045429917052388">
        <ele>1260.5263059063846</ele>
      </trkpt>
      <trkpt lat="44.192379992455244" lon="7.045319946482778">
        <ele>1259.4502397716994</ele>
      </trkpt>
      <trkpt lat="44.192319978028536" lon="7.045469982549548">
        <ele>1254.691480265927</ele>
      </trkpt>
      <trkpt lat="44.19230991974473" lon="7.045569978654385">
        <ele>1253.347364480281</ele>
      </trkpt>
      <trkpt lat="44.19223993085325" lon="7.04540996812284">
        <ele>1248.7508874262628</ele>
      </trkpt>
      <trkpt lat="44.19220992363989" lon="7.04540996812284">
        <ele>1246.3349257804246</ele>
      </trkpt>
      <trkpt lat="44.19215996749699" lon="7.045759996399283">
        <ele>1238.1823231477726</ele>
      </trkpt>
      <trkpt lat="44.192189974710345" lon="7.045849934220314">
        <ele>1240.4644470839135</ele>
      </trkpt>
      <trkpt lat="44.19212996028364" lon="7.045959988608956">
        <ele>1235.5885147520721</ele>
      </trkpt>
      <trkpt lat="44.19206994585693" lon="7.046209936961532">
        <ele>1230.1561685312688</ele>
      </trkpt>
      <trkpt lat="44.19204999692738" lon="7.0461799297481775">
        <ele>1228.9605560455593</ele>
      </trkpt>
      <trkpt lat="44.192039938643575" lon="7.046079933643341">
        <ele>1228.5403635115895</ele>
      </trkpt>
      <trkpt lat="44.19199995696545" lon="7.046129973605275">
        <ele>1225.3368924122035</ele>
      </trkpt>
      <trkpt lat="44.19194991700351" lon="7.046279925853014">
        <ele>1219.9427920765806</ele>
      </trkpt>
      <trkpt lat="44.19193994253874" lon="7.046459969133139">
        <ele>1216.6864491768824</ele>
      </trkpt>
      <trkpt lat="44.19191999360919" lon="7.046479918062687">
        <ele>1214.8002041902748</ele>
      </trkpt>
      <trkpt lat="44.191889986395836" lon="7.046589972451329">
        <ele>1210.4246924338452</ele>
      </trkpt>
      <trkpt lat="44.19191999360919" lon="7.046789964661002">
        <ele>1212.1014810745962</ele>
      </trkpt>
      <trkpt lat="44.19182997196913" lon="7.046909993514419">
        <ele>1206.4253449349958</ele>
      </trkpt>
      <trkpt lat="44.191779932007194" lon="7.046919967979193">
        <ele>1202.2186494700845</ele>
      </trkpt>
      <trkpt lat="44.19172997586429" lon="7.04725993797183">
        <ele>1196.7375570152665</ele>
      </trkpt>
      <trkpt lat="44.191649928689" lon="7.047439981251955">
        <ele>1194.9580855682325</ele>
      </trkpt>
      <trkpt lat="44.19151992537081" lon="7.04755992628634">
        <ele>1188.5764291194491</ele>
      </trkpt>
      <trkpt lat="44.19142998754978" lon="7.04770996235311">
        <ele>1185.1093482932697</ele>
      </trkpt>
      <trkpt lat="44.19139998033643" lon="7.047819932922721">
        <ele>1186.2622274285059</ele>
      </trkpt>
      <trkpt lat="44.191329991444945" lon="7.047869972884655">
        <ele>1183.1114868498223</ele>
      </trkpt>
      <trkpt lat="44.191329991444945" lon="7.0477199368178844">
        <ele>1178.9851880380613</ele>
      </trkpt>
      <trkpt lat="44.191289925947785" lon="7.047739969566464">
        <ele>1176.996337089103</ele>
      </trkpt>
      <trkpt lat="44.19125991873443" lon="7.047829991206527">
        <ele>1177.4914885039375</ele>
      </trkpt>
      <trkpt lat="44.191199988126755" lon="7.047829991206527">
        <ele>1173.6593348990482</ele>
      </trkpt>
      <trkpt lat="44.19112999923527" lon="7.047939961776137">
        <ele>1172.2523093524344</ele>
      </trkpt>
      <trkpt lat="44.19105992652476" lon="7.04798991791904">
        <ele>1169.4372022878297</ele>
      </trkpt>
      <trkpt lat="44.19105992652476" lon="7.047899980098009">
        <ele>1166.9038629786398</ele>
      </trkpt>
      <trkpt lat="44.191029919311404" lon="7.047899980098009">
        <ele>1165.0967489018883</ele>
      </trkpt>
      <trkpt lat="44.190989937633276" lon="7.048019925132394">
        <ele>1165.9464099149952</ele>
      </trkpt>
      <trkpt lat="44.19094995595515" lon="7.04800995066762">
        <ele>1163.204225544203</ele>
      </trkpt>
      <trkpt lat="44.19088994152844" lon="7.048059990629554">
        <ele>1160.7025623083082</ele>
      </trkpt>
      <trkpt lat="44.19086999259889" lon="7.048109946772456">
        <ele>1161.0476180841933</ele>
      </trkpt>
      <trkpt lat="44.190729930996895" lon="7.048219917342067">
        <ele>1156.1944575097484</ele>
      </trkpt>
      <trkpt lat="44.19070998206735" lon="7.048209942877293">
        <ele>1154.5763747164374</ele>
      </trkpt>
      <trkpt lat="44.1907399892807" lon="7.04813995398581">
        <ele>1153.960951647863</ele>
      </trkpt>
      <trkpt lat="44.19071995653212" lon="7.048129979521036">
        <ele>1152.3381286723693</ele>
      </trkpt>
      <trkpt lat="44.190619960427284" lon="7.048249924555421">
        <ele>1149.728620311142</ele>
      </trkpt>
      <trkpt lat="44.190579978749156" lon="7.048269957304001">
        <ele>1147.5076506944604</ele>
      </trkpt>
      <trkpt lat="44.19052993878722" lon="7.048349920660257">
        <ele>1146.159149324041</ele>
      </trkpt>
      <trkpt lat="44.19043991714716" lon="7.048389986157417">
        <ele>1140.4817666617666</ele>
      </trkpt>
      <trkpt lat="44.190309997648" lon="7.048699948936701">
        <ele>1136.4488152107413</ele>
      </trkpt>
      <trkpt lat="44.19020991772413" lon="7.048809919506311">
        <ele>1129.7653242320966</ele>
      </trkpt>
      <trkpt lat="44.19013992883265" lon="7.049009995535016">
        <ele>1128.2828559399804</ele>
      </trkpt>
      <trkpt lat="44.18994999490678" lon="7.049199929460883">
        <ele>1118.774385854566</ele>
      </trkpt>
      <trkpt lat="44.189834827557206" lon="7.049420205876231">
        <ele>1112.8218978515115</ele>
      </trkpt>
      <trkpt lat="44.189719995483756" lon="7.049639979377389">
        <ele>1110.3187932809847</ele>
      </trkpt>
      <trkpt lat="44.18970993719995" lon="7.0494999177753925">
        <ele>1104.5162300398297</ele>
      </trkpt>
      <trkpt lat="44.1896899882704" lon="7.0494999177753925">
        <ele>1103.1191175757026</ele>
      </trkpt>
      <trkpt lat="44.189679929986596" lon="7.049389947205782">
        <ele>1099.9074618756108</ele>
      </trkpt>
      <trkpt lat="44.189629973843694" lon="7.0495399832725525">
        <ele>1100.7744180362256</ele>
      </trkpt>
      <trkpt lat="44.18955998495221" lon="7.049579964950681">
        <ele>1098.139204412021</ele>
      </trkpt>
      <trkpt lat="44.18957993388176" lon="7.049509976059198">
        <ele>1095.8005415382568</ele>
      </trkpt>
      <trkpt lat="44.18951991945505" lon="7.04946999438107">
        <ele>1088.1573167784957</ele>
      </trkpt>
      <trkpt lat="44.189439956098795" lon="7.049219962209463">
        <ele>1080.5729095368204</ele>
      </trkpt>
      <trkpt lat="44.18940994888544" lon="7.049239994958043">
        <ele>1078.0248165914895</ele>
      </trkpt>
      <trkpt lat="44.18938999995589" lon="7.049329932779074">
        <ele>1075.521872419518</ele>
      </trkpt>
      <trkpt lat="44.18933995999396" lon="7.049259943887591">
        <ele>1072.0455630057884</ele>
      </trkpt>
      <trkpt lat="44.18931992724538" lon="7.049349965527654">
        <ele>1069.09122117223</ele>
      </trkpt>
      <trkpt lat="44.18923996388912" lon="7.049229936674237">
        <ele>1063.7181739979965</ele>
      </trkpt>
      <trkpt lat="44.189199982210994" lon="7.049199929460883">
        <ele>1060.59118123116</ele>
      </trkpt>
      <trkpt lat="44.189199982210994" lon="7.048939922824502">
        <ele>1062.0116767669099</ele>
      </trkpt>
      <trkpt lat="44.18909998610616" lon="7.048979988321662">
        <ele>1054.2415988589519</ele>
      </trkpt>
      <trkpt lat="44.18903997167945" lon="7.049049977213144">
        <ele>1047.448589165891</ele>
      </trkpt>
      <trkpt lat="44.189009964466095" lon="7.048899941146374">
        <ele>1048.0613936738691</ele>
      </trkpt>
      <trkpt lat="44.18893997557461" lon="7.04901996999979">
        <ele>1040.4231533703155</ele>
      </trkpt>
      <trkpt lat="44.188899993896484" lon="7.0488799922168255">
        <ele>1039.3131811931785</ele>
      </trkpt>
      <trkpt lat="44.18880997225642" lon="7.049029944464564">
        <ele>1030.2888551722658</ele>
      </trkpt>
      <trkpt lat="44.18877996504307" lon="7.04899993725121">
        <ele>1029.1537542062963</ele>
      </trkpt>
      <trkpt lat="44.188749957829714" lon="7.049009995535016">
        <ele>1026.669313453777</ele>
      </trkpt>
      <trkpt lat="44.18873998336494" lon="7.04886993393302">
        <ele>1027.7285373408836</ele>
      </trkpt>
      <trkpt lat="44.18871995061636" lon="7.0488599594682455">
        <ele>1026.2506926588858</ele>
      </trkpt>
      <trkpt lat="44.18867996893823" lon="7.048939922824502">
        <ele>1023.8613565540983</ele>
      </trkpt>
      <trkpt lat="44.18864996172488" lon="7.048789970576763">
        <ele>1021.17951426303</ele>
      </trkpt>
      <trkpt lat="44.18858994729817" lon="7.04886993393302">
        <ele>1017.3260778274707</ele>
      </trkpt>
      <trkpt lat="44.18853999115527" lon="7.0488799922168255">
        <ele>1013.0754212019815</ele>
      </trkpt>
      <trkpt lat="44.18851995840669" lon="7.04899993725121">
        <ele>1009.1015970781411</ele>
      </trkpt>
      <trkpt lat="44.18848995119333" lon="7.048959955573082">
        <ele>1007.7586790718927</ele>
      </trkpt>
      <trkpt lat="44.18846991844475" lon="7.0486499927937984">
        <ele>1005.113306475317</ele>
      </trkpt>
      <trkpt lat="44.188299933448434" lon="7.048679916188121">
        <ele>994.1189150151554</ele>
      </trkpt>
      <trkpt lat="44.18834997341037" lon="7.048309938982129">
        <ele>985.2403174114179</ele>
      </trkpt>
      <trkpt lat="44.188136737793684" lon="7.048213379457593">
        <ele>972.809282132199</ele>
      </trkpt>
      <trkpt lat="44.18792358599603" lon="7.048116736114025">
        <ele>960.8086423952091</ele>
      </trkpt>
      <trkpt lat="44.18770993128419" lon="7.048019925132394">
        <ele>949.416753887644</ele>
      </trkpt>
      <trkpt lat="44.18751999735832" lon="7.047979943454266">
        <ele>938.2629670980882</ele>
      </trkpt>
      <trkpt lat="44.187419917434454" lon="7.047869972884655">
        <ele>930.7986494021079</ele>
      </trkpt>
      <trkpt lat="44.1873399540782" lon="7.047829991206527">
        <ele>925.6229941033029</ele>
      </trkpt>
      <trkpt lat="44.18729988858104" lon="7.048135679215193">
        <ele>925.3698629213774</ele>
      </trkpt>
      <trkpt lat="44.18725999072194" lon="7.04843994230032">
        <ele>923.3024855378545</ele>
      </trkpt>
      <trkpt lat="44.18717994354665" lon="7.048669941723347">
        <ele>913.5000857824905</ele>
      </trkpt>
      <trkpt lat="44.18711481615901" lon="7.048993147909641">
        <ele>901.8741345428905</ele>
      </trkpt>
      <trkpt lat="44.18704994022846" lon="7.049314929172397">
        <ele>896.9941915769709</ele>
      </trkpt>
      <trkpt lat="44.18698481284082" lon="7.049638135358691">
        <ele>896.2330453004548</ele>
      </trkpt>
      <trkpt lat="44.18691993691027" lon="7.049959916621447">
        <ele>894.4583691376768</ele>
      </trkpt>
      <trkpt lat="44.18677995912731" lon="7.050099978223443">
        <ele>889.278970169156</ele>
      </trkpt>
      <trkpt lat="44.1867199447006" lon="7.050259988754988">
        <ele>889.1249389728999</ele>
      </trkpt>
      <trkpt lat="44.18644996359944" lon="7.050459980964661">
        <ele>882.4955590522727</ele>
      </trkpt>
      <trkpt lat="44.186369916424155" lon="7.050439948216081">
        <ele>880.5391155727668</ele>
      </trkpt>
      <trkpt lat="44.18630998581648" lon="7.050689980387688">
        <ele>879.4454512799812</ele>
      </trkpt>
      <trkpt lat="44.18617998249829" lon="7.050679922103882">
        <ele>876.7068444440908</ele>
      </trkpt>
      <trkpt lat="44.18615994974971" lon="7.0506299659609795">
        <ele>876.5876025379099</ele>
      </trkpt>
      <trkpt lat="44.18594998307526" lon="7.0506099332123995">
        <ele>872.1591588410156</ele>
      </trkpt>
      <trkpt lat="44.18596993200481" lon="7.050779918208718">
        <ele>871.3581967882228</ele>
      </trkpt>
      <trkpt lat="44.18603505939245" lon="7.051005391404033">
        <ele>870.6225975044938</ele>
      </trkpt>
      <trkpt lat="44.186099935323" lon="7.051229942589998">
        <ele>869.785911392812</ele>
      </trkpt>
      <trkpt lat="44.18616992421448" lon="7.051379978656769">
        <ele>869.8203785377945</ele>
      </trkpt>
      <trkpt lat="44.186280062422156" lon="7.051570164039731">
        <ele>871.0344564646516</ele>
      </trkpt>
      <trkpt lat="44.186389949172735" lon="7.051759930327535">
        <ele>872.1747381541295</ele>
      </trkpt>
      <trkpt lat="44.18644996359944" lon="7.051899991929531">
        <ele>872.9223228951589</ele>
      </trkpt>
      <trkpt lat="44.18634477071464" lon="7.052205512300134">
        <ele>873.011348802712</ele>
      </trkpt>
      <trkpt lat="44.186239996924996" lon="7.052509943023324">
        <ele>872.9644285431856</ele>
      </trkpt>
      <trkpt lat="44.18616481125355" lon="7.052805572748184">
        <ele>873.5673342384549</ele>
      </trkpt>
      <trkpt lat="44.186089960858226" lon="7.053099945187569">
        <ele>872.4454840823774</ele>
      </trkpt>
      <trkpt lat="44.18603992089629" lon="7.0530699379742146">
        <ele>871.744231382211</ele>
      </trkpt>
      <trkpt lat="44.18574026785791" lon="7.053004978224635">
        <ele>869.8180493832979</ele>
      </trkpt>
      <trkpt lat="44.18543994426727" lon="7.052939934656024">
        <ele>866.7445373358519</ele>
      </trkpt>
      <trkpt lat="44.18515998870134" lon="7.052849996834993">
        <ele>865.4456553360864</ele>
      </trkpt>
      <trkpt lat="44.1851899959147" lon="7.05245403572917">
        <ele>863.1282791680285</ele>
      </trkpt>
      <trkpt lat="44.18521991930902" lon="7.052059918642044">
        <ele>862.4910621155709</ele>
      </trkpt>
      <trkpt lat="44.185250010341406" lon="7.0516639575362206">
        <ele>862.3983990015777</ele>
      </trkpt>
      <trkpt lat="44.18527993373573" lon="7.0512699242681265">
        <ele>862.619783372434</ele>
      </trkpt>
      <trkpt lat="44.18519997037947" lon="7.051299931481481">
        <ele>862.2843494357517</ele>
      </trkpt>
      <trkpt lat="44.18514993041754" lon="7.051379978656769">
        <ele>862.0613508806118</ele>
      </trkpt>
      <trkpt lat="44.18488992378116" lon="7.0513099897652864">
        <ele>861.8879099674282</ele>
      </trkpt>
      <trkpt lat="44.18482999317348" lon="7.051319964230061">
        <ele>861.769005646354</ele>
      </trkpt>
      <trkpt lat="44.18473997153342" lon="7.051429934799671">
        <ele>861.2803241771105</ele>
      </trkpt>
      <trkpt lat="44.184669982641935" lon="7.051669992506504">
        <ele>862.1635234267449</ele>
      </trkpt>
      <trkpt lat="44.18463997542858" lon="7.051689941436052">
        <ele>861.3444124187649</ele>
      </trkpt>
      <trkpt lat="44.184445179998875" lon="7.051694970577955">
        <ele>857.4320413243935</ele>
      </trkpt>
      <trkpt lat="44.18424996547401" lon="7.051699999719858">
        <ele>864.58744569276</ele>
      </trkpt>
      <trkpt lat="44.18417997658253" lon="7.051689941436052">
        <ele>866.4478072946699</ele>
      </trkpt>
      <trkpt lat="44.18416991829872" lon="7.051559938117862">
        <ele>867.9100104515178</ele>
      </trkpt>
      <trkpt lat="44.184259939938784" lon="7.051229942589998">
        <ele>865.5766198382156</ele>
      </trkpt>
      <trkpt lat="44.18430997990072" lon="7.050829958170652">
        <ele>866.4300665080661</ele>
      </trkpt>
      <trkpt lat="44.18436010368168" lon="7.050604484975338">
        <ele>865.283779211864</ele>
      </trkpt>
      <trkpt lat="44.184409976005554" lon="7.0503799337893724">
        <ele>864.5155383015025</ele>
      </trkpt>
      <trkpt lat="44.18446009978652" lon="7.0500341802835464">
        <ele>865.1417006303232</ele>
      </trkpt>
      <trkpt lat="44.18450997211039" lon="7.049689935520291">
        <ele>865.1241242609196</ele>
      </trkpt>
      <trkpt lat="44.18446999043226" lon="7.049619946628809">
        <ele>866.6026444668893</ele>
      </trkpt>
      <trkpt lat="44.1843799687922" lon="7.049659928306937">
        <ele>869.965471568805</ele>
      </trkpt>
      <trkpt lat="44.184369910508394" lon="7.049389276653528">
        <ele>876.1652683338216</ele>
      </trkpt>
      <trkpt lat="44.18435993604362" lon="7.049119966104627">
        <ele>880.6153502135247</ele>
      </trkpt>
      <trkpt lat="44.18443998321891" lon="7.048989962786436">
        <ele>884.7896620750877</ele>
      </trkpt>
      <trkpt lat="44.18446999043226" lon="7.048789970576763">
        <ele>892.4016831749964</ele>
      </trkpt>
      <trkpt lat="44.18439991772175" lon="7.048709923401475">
        <ele>899.3257927020394</ele>
      </trkpt>
      <trkpt lat="44.18439991772175" lon="7.048519989475608">
        <ele>908.4623796247427</ele>
      </trkpt>
      <trkpt lat="44.18450997211039" lon="7.048339946195483">
        <ele>909.0090017538881</ele>
      </trkpt>
      <trkpt lat="44.18455992825329" lon="7.047979943454266">
        <ele>920.0622441357802</ele>
      </trkpt>
      <trkpt lat="44.184539979323745" lon="7.0477699767798185">
        <ele>927.7539987326553</ele>
      </trkpt>
      <trkpt lat="44.18447996489704" lon="7.047639973461628">
        <ele>936.5902039986715</ele>
      </trkpt>
      <trkpt lat="44.18435993604362" lon="7.047819932922721">
        <ele>941.7465070690059</ele>
      </trkpt>
      <trkpt lat="44.1843799687922" lon="7.047529919072986">
        <ele>950.3216656541792</ele>
      </trkpt>
      <trkpt lat="44.18428994715214" lon="7.047739969566464">
        <ele>952.1999163572598</ele>
      </trkpt>
      <trkpt lat="44.184119794517756" lon="7.048020260408521">
        <ele>959.4521671668836</ele>
      </trkpt>
      <trkpt lat="44.1839499771595" lon="7.048299964517355">
        <ele>966.4830042377924</ele>
      </trkpt>
      <trkpt lat="44.18390999548137" lon="7.0481999684125185">
        <ele>975.8719071198668</ele>
      </trkpt>
      <trkpt lat="44.18374998494983" lon="7.048399960622191">
        <ele>975.4545840768081</ele>
      </trkpt>
      <trkpt lat="44.18374998494983" lon="7.048249924555421">
        <ele>985.6744112103306</ele>
      </trkpt>
      <trkpt lat="44.18366993777454" lon="7.048239950090647">
        <ele>988.3676499322925</ele>
      </trkpt>
      <trkpt lat="44.183509927242994" lon="7.048129979521036">
        <ele>990.503968194502</ele>
      </trkpt>
      <trkpt lat="44.18358997441828" lon="7.048059990629554">
        <ele>998.329608077703</ele>
      </trkpt>
      <trkpt lat="44.18366993777454" lon="7.047929987311363">
        <ele>1007.4526497509344</ele>
      </trkpt>
      <trkpt lat="44.183659963309765" lon="7.047809958457947">
        <ele>1014.9987011384634</ele>
      </trkpt>
      <trkpt lat="44.1835199855268" lon="7.047849940136075">
        <ele>1012.8795786161256</ele>
      </trkpt>
      <trkpt lat="44.1835199855268" lon="7.04770996235311">
        <ele>1025.3034781195108</ele>
      </trkpt>
      <trkpt lat="44.183549992740154" lon="7.047669980674982">
        <ele>1028.3579137771296</ele>
      </trkpt>
      <trkpt lat="44.183529959991574" lon="7.047569984570146">
        <ele>1034.0782456637787</ele>
      </trkpt>
      <trkpt lat="44.18340993113816" lon="7.047569984570146">
        <ele>1034.792778342429</ele>
      </trkpt>
      <trkpt lat="44.18344999663532" lon="7.047489937394857">
        <ele>1038.564536826218</ele>
      </trkpt>
      <trkpt lat="44.18334991671145" lon="7.047369992360473">
        <ele>1049.509834112329</ele>
      </trkpt>
      <trkpt lat="44.18338503688574" lon="7.047134377062321">
        <ele>1055.6809551188949</ele>
      </trkpt>
      <trkpt lat="44.183419989421964" lon="7.046899935230613">
        <ele>1060.2698459625526</ele>
      </trkpt>
      <trkpt lat="44.18349995277822" lon="7.046709917485714">
        <ele>1052.4811089046864</ele>
      </trkpt>
      <trkpt lat="44.18357999995351" lon="7.0466499868780375">
        <ele>1045.2737244167058</ele>
      </trkpt>
      <trkpt lat="44.18357999995351" lon="7.046529958024621">
        <ele>1053.409414841452</ele>
      </trkpt>
      <trkpt lat="44.18347992002964" lon="7.046579997986555">
        <ele>1055.599218231581</ele>
      </trkpt>
      <trkpt lat="44.18349995277822" lon="7.0464299619197845">
        <ele>1060.3611033559607</ele>
      </trkpt>
      <trkpt lat="44.183419989421964" lon="7.046389980241656">
        <ele>1064.01235904294</ele>
      </trkpt>
      <trkpt lat="44.183419989421964" lon="7.046319991350174">
        <ele>1067.098158708618</ele>
      </trkpt>
      <trkpt lat="44.18338998220861" lon="7.046299958601594">
        <ele>1067.9976086459042</ele>
      </trkpt>
      <trkpt lat="44.183379923924804" lon="7.046159980818629">
        <ele>1074.967627202687</ele>
      </trkpt>
      <trkpt lat="44.18331999331713" lon="7.046119999140501">
        <ele>1078.73505720752</ele>
      </trkpt>
      <trkpt lat="44.183059986680746" lon="7.046129973605275">
        <ele>1079.301046728724</ele>
      </trkpt>
      <trkpt lat="44.182929983362556" lon="7.046049926429987">
        <ele>1077.341357406043</ele>
      </trkpt>
      <trkpt lat="44.18286996893585" lon="7.045879941433668">
        <ele>1081.480218345128</ele>
      </trkpt>
      <trkpt lat="44.18286996893585" lon="7.045669974759221">
        <ele>1092.9187250094035</ele>
      </trkpt>
      <trkpt lat="44.18262513354421" lon="7.0455600041896105">
        <ele>1099.7963358698291</ele>
      </trkpt>
      <trkpt lat="44.18237996287644" lon="7.045449949800968">
        <ele>1107.921085819231</ele>
      </trkpt>
      <trkpt lat="44.18231994844973" lon="7.045469982549548">
        <ele>1108.4775007168764</ele>
      </trkpt>
      <trkpt lat="44.1822799667716" lon="7.045869966968894">
        <ele>1110.4808789616964</ele>
      </trkpt>
      <trkpt lat="44.18218994513154" lon="7.04624991863966">
        <ele>1109.30557005835</ele>
      </trkpt>
      <trkpt lat="44.182099755853415" lon="7.046535490080714">
        <ele>1108.758883162323</ele>
      </trkpt>
      <trkpt lat="44.18200998567045" lon="7.046819971874356">
        <ele>1106.9917759826556</ele>
      </trkpt>
      <trkpt lat="44.18188995681703" lon="7.046969924122095">
        <ele>1105.7657905032647</ele>
      </trkpt>
      <trkpt lat="44.18170999735594" lon="7.047114931046963">
        <ele>1105.372451530667</ele>
      </trkpt>
      <trkpt lat="44.18152995407581" lon="7.04725993797183">
        <ele>1104.0470435932136</ele>
      </trkpt>
      <trkpt lat="44.18137991800904" lon="7.047329926863313">
        <ele>1102.5568450622377</ele>
      </trkpt>
      <trkpt lat="44.181189984083176" lon="7.047339985147119">
        <ele>1104.7801014123834</ele>
      </trkpt>
      <trkpt lat="44.1809899918735" lon="7.047429922968149">
        <ele>1105.6249139964507</ele>
      </trkpt>
      <trkpt lat="44.180719926953316" lon="7.047499995678663">
        <ele>1108.915874930573</ele>
      </trkpt>
      <trkpt lat="44.180589923635125" lon="7.0477199368178844">
        <ele>1109.8672488320285</ele>
      </trkpt>
      <trkpt lat="44.18051993474364" lon="7.04800995066762">
        <ele>1111.9615041652185</ele>
      </trkpt>
      <trkpt lat="44.18051993474364" lon="7.048219917342067">
        <ele>1112.474845622049</ele>
      </trkpt>
      <trkpt lat="44.18057005852461" lon="7.048445474356413">
        <ele>1112.4129854797247</ele>
      </trkpt>
      <trkpt lat="44.18061993084848" lon="7.048669941723347">
        <ele>1115.387022162159</ele>
      </trkpt>
      <trkpt lat="44.180799974128604" lon="7.04890999943018">
        <ele>1116.321812842014</ele>
      </trkpt>
      <trkpt lat="44.18104992248118" lon="7.049069926142693">
        <ele>1116.0752248231695</ele>
      </trkpt>
      <trkpt lat="44.18110993690789" lon="7.049079984426498">
        <ele>1115.3165538368594</ele>
      </trkpt>
      <trkpt lat="44.180939784273505" lon="7.049345187842846">
        <ele>1131.02205618139</ele>
      </trkpt>
      <trkpt lat="44.18076963163912" lon="7.049610475078225">
        <ele>1147.8319027318514</ele>
      </trkpt>
      <trkpt lat="44.18059998191893" lon="7.049874924123287">
        <ele>1163.6816246004848</ele>
      </trkpt>
      <trkpt lat="44.18042982928455" lon="7.050140211358666">
        <ele>1180.5462650047039</ele>
      </trkpt>
      <trkpt lat="44.18025967665017" lon="7.050405498594046">
        <ele>1194.9200526401714</ele>
      </trkpt>
      <trkpt lat="44.18008994311094" lon="7.050669947639108">
        <ele>1205.4813731680363</ele>
      </trkpt>
      <trkpt lat="44.180159932002425" lon="7.050979994237423">
        <ele>1206.9580077911783</ele>
      </trkpt>
      <trkpt lat="44.180179964751005" lon="7.051129946485162">
        <ele>1204.9452850010316</ele>
      </trkpt>
      <trkpt lat="44.180159932002425" lon="7.0513099897652864">
        <ele>1202.245135475461</ele>
      </trkpt>
      <trkpt lat="44.18003998696804" lon="7.051549963653088">
        <ele>1200.8020668208783</ele>
      </trkpt>
      <trkpt lat="44.179939990863204" lon="7.051799995824695">
        <ele>1200.8250115219316</ele>
      </trkpt>
      <trkpt lat="44.179879976436496" lon="7.052089925855398">
        <ele>1197.3369281627288</ele>
      </trkpt>
      <trkpt lat="44.179723067209125" lon="7.052430482581258">
        <ele>1194.792156030918</ele>
      </trkpt>
      <trkpt lat="44.17956615798175" lon="7.052770955488086">
        <ele>1192.4551337374264</ele>
      </trkpt>
      <trkpt lat="44.179409919306636" lon="7.053109919652343">
        <ele>1189.6698868489218</ele>
      </trkpt>
      <trkpt lat="44.17921998538077" lon="7.053409991785884">
        <ele>1186.561339243358</ele>
      </trkpt>
      <trkpt lat="44.179084869101644" lon="7.0535750314593315">
        <ele>1184.3843530928339</ele>
      </trkpt>
      <trkpt lat="44.17894992046058" lon="7.053739987313747">
        <ele>1183.8761027114115</ele>
      </trkpt>
      <trkpt lat="44.17875981889665" lon="7.053995132446289">
        <ele>1182.3691767250891</ele>
      </trkpt>
      <trkpt lat="44.178569968789816" lon="7.054249942302704">
        <ele>1180.3107954712877</ele>
      </trkpt>
      <trkpt lat="44.17838975787163" lon="7.05453023314476">
        <ele>1179.5419593612708</ele>
      </trkpt>
      <trkpt lat="44.1782099660486" lon="7.054809937253594">
        <ele>1176.9052101468062</ele>
      </trkpt>
      <trkpt lat="44.17808993719518" lon="7.054959973320365">
        <ele>1175.2736516482569</ele>
      </trkpt>
      <trkpt lat="44.17797996662557" lon="7.055049994960427">
        <ele>1174.092034305839</ele>
      </trkpt>
      <trkpt lat="44.177725072950125" lon="7.0552148669958115">
        <ele>1171.5683049272652</ele>
      </trkpt>
      <trkpt lat="44.17746992781758" lon="7.055379990488291">
        <ele>1169.5486967340112</ele>
      </trkpt>
      <trkpt lat="44.1772099211812" lon="7.055429946631193">
        <ele>1168.5937498497751</ele>
      </trkpt>
      <trkpt lat="44.176999954506755" lon="7.055389964953065">
        <ele>1168.3402353855222</ele>
      </trkpt>
      <trkpt lat="44.17685997672379" lon="7.055389964953065">
        <ele>1170.324647370577</ele>
      </trkpt>
      <trkpt lat="44.17678998783231" lon="7.055429946631193">
        <ele>1171.7965939177277</ele>
      </trkpt>
      <trkpt lat="44.17665998451412" lon="7.055609989911318">
        <ele>1171.1556576437888</ele>
      </trkpt>
      <trkpt lat="44.1765399556607" lon="7.0557299349457026">
        <ele>1170.2853537025808</ele>
      </trkpt>
      <trkpt lat="44.17638991959393" lon="7.055819956585765">
        <ele>1169.8194735712266</ele>
      </trkpt>
      <trkpt lat="44.176205098629" lon="7.0559098944067955">
        <ele>1169.4559671477123</ele>
      </trkpt>
      <trkpt lat="44.17601994238794" lon="7.0559999998658895">
        <ele>1171.0708422476182</ele>
      </trkpt>
      <trkpt lat="44.17580486275256" lon="7.056250032037497">
        <ele>1171.4356080079447</ele>
      </trkpt>
      <trkpt lat="44.17558995075524" lon="7.056499980390072">
        <ele>1170.1272729865746</ele>
      </trkpt>
      <trkpt lat="44.175409991294146" lon="7.056679939851165">
        <ele>1167.142145290284</ele>
      </trkpt>
      <trkpt lat="44.17519675567746" lon="7.056773230433464">
        <ele>1164.762293700082</ele>
      </trkpt>
      <trkpt lat="44.17498360387981" lon="7.056866521015763">
        <ele>1164.2550280012863</ele>
      </trkpt>
      <trkpt lat="44.17476994916797" lon="7.056959979236126">
        <ele>1168.8242481282564</ele>
      </trkpt>
      <trkpt lat="44.17475997470319" lon="7.057059975340962">
        <ele>1171.3858969599394</ele>
      </trkpt>
      <trkpt lat="44.17484345845878" lon="7.057350492104888">
        <ele>1170.4975059248086</ele>
      </trkpt>
      <trkpt lat="44.17492694221437" lon="7.057641092687845">
        <ele>1168.0347394042963</ele>
      </trkpt>
      <trkpt lat="44.17500992305577" lon="7.0579299330711365">
        <ele>1168.9974513193374</ele>
      </trkpt>
      <trkpt lat="44.17509013786912" lon="7.058175439015031">
        <ele>1169.0826204381988</ele>
      </trkpt>
      <trkpt lat="44.17516993358731" lon="7.058419939130545">
        <ele>1169.50775117519</ele>
      </trkpt>
      <trkpt lat="44.17526992969215" lon="7.058629989624023">
        <ele>1168.4394608186558</ele>
      </trkpt>
      <trkpt lat="44.175385097041726" lon="7.05881011672318">
        <ele>1167.2195385028674</ele>
      </trkpt>
      <trkpt lat="44.175499929115176" lon="7.058989992365241">
        <ele>1165.8002802279188</ele>
      </trkpt>
      <trkpt lat="44.17562993243337" lon="7.059349995106459">
        <ele>1163.1422390222303</ele>
      </trkpt>
      <trkpt lat="44.17572682723403" lon="7.059720726683736">
        <ele>1162.155062718316</ele>
      </trkpt>
      <trkpt lat="44.17582372203469" lon="7.060091458261013">
        <ele>1160.3984206510706</ele>
      </trkpt>
      <trkpt lat="44.1759199462831" lon="7.060459926724434">
        <ele>1157.4092350772787</ele>
      </trkpt>
      <trkpt lat="44.17587988078594" lon="7.060750611126423">
        <ele>1158.5877354229326</ele>
      </trkpt>
      <trkpt lat="44.175839982926846" lon="7.061039954423904">
        <ele>1154.8386215263497</ele>
      </trkpt>
      <trkpt lat="44.17569472454488" lon="7.0613353326916695">
        <ele>1153.498476468245</ele>
      </trkpt>
      <trkpt lat="44.17554996907711" lon="7.061629956588149">
        <ele>1150.5205711562337</ele>
      </trkpt>
      <trkpt lat="44.17533991858363" lon="7.061855010688305">
        <ele>1153.4516211564155</ele>
      </trkpt>
      <trkpt lat="44.175129951909184" lon="7.062079980969429">
        <ele>1153.2183800176656</ele>
      </trkpt>
      <trkpt lat="44.17492995969951" lon="7.062219958752394">
        <ele>1155.3373527568733</ele>
      </trkpt>
      <trkpt lat="44.174740109592676" lon="7.062274944037199">
        <ele>1157.6048856109671</ele>
      </trkpt>
      <trkpt lat="44.174549924209714" lon="7.062329929322004">
        <ele>1165.4254068878727</ele>
      </trkpt>
      <trkpt lat="44.17436996474862" lon="7.062509972602129">
        <ele>1165.8778404734876</ele>
      </trkpt>
      <trkpt lat="44.174209954217076" lon="7.062629917636514">
        <ele>1164.1317565817158</ele>
      </trkpt>
      <trkpt lat="44.173920191824436" lon="7.062734859064221">
        <ele>1164.7933076332536</ele>
      </trkpt>
      <trkpt lat="44.173629926517606" lon="7.0628399681299925">
        <ele>1169.0796834899315</ele>
      </trkpt>
      <trkpt lat="44.173416858538985" lon="7.062836615368724">
        <ele>1174.8506161054731</ele>
      </trkpt>
      <trkpt lat="44.17320370674133" lon="7.062833262607455">
        <ele>1173.5731031630567</ele>
      </trkpt>
      <trkpt lat="44.17298996821046" lon="7.062829993665218">
        <ele>1168.484512857769</ele>
      </trkpt>
      <trkpt lat="44.173149978742" lon="7.062999978661537">
        <ele>1163.5078314291795</ele>
      </trkpt>
      <trkpt lat="44.17344996705651" lon="7.062959996983409">
        <ele>1167.2869580141794</ele>
      </trkpt>
      <trkpt lat="44.173507718369365" lon="7.062925212085247">
        <ele>1168.1272049444017</ele>
      </trkpt>
      <trkpt lat="44.173649959266186" lon="7.0628399681299925">
        <ele>1167.8294304509684</ele>
      </trkpt>
      <trkpt lat="44.17392974719405" lon="7.062730081379414">
        <ele>1164.8514388685169</ele>
      </trkpt>
      <trkpt lat="44.174209954217076" lon="7.06261994317174">
        <ele>1164.648728544558</ele>
      </trkpt>
      <trkpt lat="44.173920191824436" lon="7.06272991374135">
        <ele>1165.061403903263</ele>
      </trkpt>
      <trkpt lat="44.173629926517606" lon="7.0628399681299925">
        <ele>1169.0796834899315</ele>
      </trkpt>
      <trkpt lat="44.17344996705651" lon="7.062959996983409">
        <ele>1167.2869580141794</ele>
      </trkpt>
      <trkpt lat="44.173149978742" lon="7.062999978661537">
        <ele>1163.5078314291795</ele>
      </trkpt>
      <trkpt lat="44.172979993745685" lon="7.0628199353814125">
        <ele>1168.8559876447243</ele>
      </trkpt>
      <trkpt lat="44.172809924930334" lon="7.06274994648993">
        <ele>1175.300437489616</ele>
      </trkpt>
      <trkpt lat="44.17268997989595" lon="7.062829993665218">
        <ele>1172.326445908454</ele>
      </trkpt>
      <trkpt lat="44.17258998379111" lon="7.06274994648993">
        <ele>1178.130780402469</ele>
      </trkpt>
      <trkpt lat="44.17240994051099" lon="7.062709964811802">
        <ele>1185.396398433732</ele>
      </trkpt>
      <trkpt lat="44.17220978066325" lon="7.0629851426929235">
        <ele>1186.0384649598122</ele>
      </trkpt>
      <trkpt lat="44.17200995609164" lon="7.063259985297918">
        <ele>1187.3954532452067</ele>
      </trkpt>
      <trkpt lat="44.171799989417195" lon="7.063239952549338">
        <ele>1197.5805853766917</ele>
      </trkpt>
      <trkpt lat="44.17167996056378" lon="7.0633199997246265">
        <ele>1204.4619618727686</ele>
      </trkpt>
      <trkpt lat="44.171649953350425" lon="7.0632499270141125">
        <ele>1207.2990518633126</ele>
      </trkpt>
      <trkpt lat="44.17156998999417" lon="7.063399963080883">
        <ele>1212.9508143445364</ele>
      </trkpt>
      <trkpt lat="44.17161994613707" lon="7.063779998570681">
        <ele>1215.645357363917</ele>
      </trkpt>
      <trkpt lat="44.171459935605526" lon="7.0637499913573265">
        <ele>1228.2296757008965</ele>
      </trkpt>
      <trkpt lat="44.171409979462624" lon="7.063669944182038">
        <ele>1229.2539213130672</ele>
      </trkpt>
      <trkpt lat="44.17127997614443" lon="7.063849987462163">
        <ele>1239.2685276213635</ele>
      </trkpt>
      <trkpt lat="44.1711799800396" lon="7.064129943028092">
        <ele>1242.5830952101887</ele>
      </trkpt>
      <trkpt lat="44.17099993675947" lon="7.064339993521571">
        <ele>1249.1280811346103</ele>
      </trkpt>
      <trkpt lat="44.17092994786799" lon="7.064479971304536">
        <ele>1253.1282486456798</ele>
      </trkpt>
      <trkpt lat="44.17096992954612" lon="7.0648199412971735">
        <ele>1256.1696068583647</ele>
      </trkpt>
      <trkpt lat="44.17094998061657" lon="7.065039966255426">
        <ele>1261.3915931245892</ele>
      </trkpt>
      <trkpt lat="44.17083992622793" lon="7.065259991213679">
        <ele>1267.5364918282776</ele>
      </trkpt>
      <trkpt lat="44.17066994123161" lon="7.065439950674772">
        <ele>1276.7042575001494</ele>
      </trkpt>
      <trkpt lat="44.170599952340126" lon="7.065599961206317">
        <ele>1282.9242089806964</ele>
      </trkpt>
      <trkpt lat="44.17042996734381" lon="7.065599961206317">
        <ele>1292.6458778338495</ele>
      </trkpt>
      <trkpt lat="44.17033977806568" lon="7.065820321440697">
        <ele>1301.645768835054</ele>
      </trkpt>
      <trkpt lat="44.17024992406368" lon="7.066039927303791">
        <ele>1309.1657377435151</ele>
      </trkpt>
      <trkpt lat="44.17015998624265" lon="7.06637998111546">
        <ele>1310.3132723247595</ele>
      </trkpt>
      <trkpt lat="44.16999997571111" lon="7.066519958898425">
        <ele>1320.231875057936</ele>
      </trkpt>
      <trkpt lat="44.169854801148176" lon="7.066800333559513">
        <ele>1327.842843849361</ele>
      </trkpt>
      <trkpt lat="44.16970996186137" lon="7.067079953849316">
        <ele>1337.6867049792124</ele>
      </trkpt>
      <trkpt lat="44.169649947434664" lon="7.067279946058989">
        <ele>1341.9421743632852</ele>
      </trkpt>
      <trkpt lat="44.169779950752854" lon="7.067529978230596">
        <ele>1338.1817138891026</ele>
      </trkpt>
      <trkpt lat="44.169739885255694" lon="7.067885790020227">
        <ele>1342.0651170599244</ele>
      </trkpt>
      <trkpt lat="44.1696999873966" lon="7.068239925429225">
        <ele>1340.0054902870343</ele>
      </trkpt>
      <trkpt lat="44.169603092595935" lon="7.068517114967108">
        <ele>1343.177766637716</ele>
      </trkpt>
      <trkpt lat="44.169506281614304" lon="7.068794304504991">
        <ele>1345.427772802314</ele>
      </trkpt>
      <trkpt lat="44.16940997354686" lon="7.0690699853003025">
        <ele>1349.3127890202031</ele>
      </trkpt>
      <trkpt lat="44.169403268024325" lon="7.06936402246356">
        <ele>1354.9931693776782</ele>
      </trkpt>
      <trkpt lat="44.16939656250179" lon="7.069658059626818">
        <ele>1353.8072996892424</ele>
      </trkpt>
      <trkpt lat="44.16938994079828" lon="7.069949917495251">
        <ele>1350.7590280863828</ele>
      </trkpt>
      <trkpt lat="44.169343169778585" lon="7.070237249135971">
        <ele>1349.4010459369852</ele>
      </trkpt>
      <trkpt lat="44.16929639875889" lon="7.070524580776691">
        <ele>1348.1584950127158</ele>
      </trkpt>
      <trkpt lat="44.16924996301532" lon="7.070809984579682">
        <ele>1349.4023977082886</ele>
      </trkpt>
      <trkpt lat="44.169153068214655" lon="7.071190774440765">
        <ele>1351.9914393959036</ele>
      </trkpt>
      <trkpt lat="44.169056257233024" lon="7.071571564301848">
        <ele>1348.4954310704356</ele>
      </trkpt>
      <trkpt lat="44.16895994916558" lon="7.071949923411012">
        <ele>1342.9613068895212</ele>
      </trkpt>
      <trkpt lat="44.16876322589815" lon="7.072146646678448">
        <ele>1349.0343246206028</ele>
      </trkpt>
      <trkpt lat="44.16856658644974" lon="7.072343369945884">
        <ele>1355.1143069122622</ele>
      </trkpt>
      <trkpt lat="44.16836994700134" lon="7.072539925575256">
        <ele>1361.5748329394014</ele>
      </trkpt>
      <trkpt lat="44.16823307052255" lon="7.072827005758882">
        <ele>1364.165097450463</ele>
      </trkpt>
      <trkpt lat="44.16809627786279" lon="7.073114085942507">
        <ele>1367.8502374756577</ele>
      </trkpt>
      <trkpt lat="44.16795998811722" lon="7.073399992659688">
        <ele>1372.1895728865384</ele>
      </trkpt>
      <trkpt lat="44.167899806052446" lon="7.0736204367130995">
        <ele>1376.4365460979102</ele>
      </trkpt>
      <trkpt lat="44.1678399592638" lon="7.073839958757162">
        <ele>1380.277416968046</ele>
      </trkpt>
      <trkpt lat="44.167585065588355" lon="7.074004914611578">
        <ele>1388.1687544580384</ele>
      </trkpt>
      <trkpt lat="44.16732992045581" lon="7.074169954285026">
        <ele>1393.6140048559546</ele>
      </trkpt>
      <trkpt lat="44.16715985164046" lon="7.074423506855965">
        <ele>1393.0732294564882</ele>
      </trkpt>
      <trkpt lat="44.16698969900608" lon="7.074677059426904">
        <ele>1392.7062706707015</ele>
      </trkpt>
      <trkpt lat="44.16681996546686" lon="7.074929941445589">
        <ele>1392.9212753907295</ele>
      </trkpt>
      <trkpt lat="44.166654758155346" lon="7.075240323320031">
        <ele>1392.3927146150995</ele>
      </trkpt>
      <trkpt lat="44.166489550843835" lon="7.075550705194473">
        <ele>1391.6486089643583</ele>
      </trkpt>
      <trkpt lat="44.166324930265546" lon="7.075859997421503">
        <ele>1395.1041219948609</ele>
      </trkpt>
      <trkpt lat="44.166159722954035" lon="7.076170379295945">
        <ele>1398.1221699479588</ele>
      </trkpt>
      <trkpt lat="44.165994515642524" lon="7.076480761170387">
        <ele>1397.0617464119025</ele>
      </trkpt>
      <trkpt lat="44.16582997888327" lon="7.076789969578385">
        <ele>1392.5997952058117</ele>
      </trkpt>
      <trkpt lat="44.16562998667359" lon="7.076979987323284">
        <ele>1390.5141798397885</ele>
      </trkpt>
      <trkpt lat="44.165365202352405" lon="7.077019885182381">
        <ele>1390.8851826280588</ele>
      </trkpt>
      <trkpt lat="44.16509999893606" lon="7.077059950679541">
        <ele>1388.9636240907676</ele>
      </trkpt>
      <trkpt lat="44.16490327566862" lon="7.077223313972354">
        <ele>1384.7201232835664</ele>
      </trkpt>
      <trkpt lat="44.16470663622022" lon="7.0773865934461355">
        <ele>1379.9759416624393</ele>
      </trkpt>
      <trkpt lat="44.16450999677181" lon="7.077549956738949">
        <ele>1377.082328894057</ele>
      </trkpt>
      <trkpt lat="44.164409916847944" lon="7.077759923413396">
        <ele>1373.1400719488784</ele>
      </trkpt>
      <trkpt lat="44.16411520913243" lon="7.077877353876829">
        <ele>1373.2581072501325</ele>
      </trkpt>
      <trkpt lat="44.16381999850273" lon="7.077994951978326">
        <ele>1368.6400910419827</ele>
      </trkpt>
      <trkpt lat="44.16352520696819" lon="7.078112382441759">
        <ele>1363.858027198268</ele>
      </trkpt>
      <trkpt lat="44.16322999633849" lon="7.078229980543256">
        <ele>1359.974600575989</ele>
      </trkpt>
      <trkpt lat="44.163038302212954" lon="7.078411616384983">
        <ele>1358.6293403125073</ele>
      </trkpt>
      <trkpt lat="44.16284660808742" lon="7.078593336045742">
        <ele>1357.9468535896226</ele>
      </trkpt>
      <trkpt lat="44.16265499778092" lon="7.078774971887469">
        <ele>1357.4081513587598</ele>
      </trkpt>
      <trkpt lat="44.162463303655386" lon="7.0789566077291965">
        <ele>1357.172123863466</ele>
      </trkpt>
      <trkpt lat="44.16227160952985" lon="7.0791383273899555">
        <ele>1356.4936290799008</ele>
      </trkpt>
      <trkpt lat="44.16207999922335" lon="7.079319963231683">
        <ele>1348.0524857628143</ele>
      </trkpt>
      <trkpt lat="44.16181999258697" lon="7.079269923269749">
        <ele>1350.3047949754507</ele>
      </trkpt>
      <trkpt lat="44.16172997094691" lon="7.079429933801293">
        <ele>1332.8029986317513</ele>
      </trkpt>
      <trkpt lat="44.16143693961203" lon="7.079403279349208">
        <ele>1329.2514730555297</ele>
      </trkpt>
      <trkpt lat="44.161143908277154" lon="7.079376708716154">
        <ele>1329.3341599317582</ele>
      </trkpt>
      <trkpt lat="44.16084995493293" lon="7.079349970445037">
        <ele>1339.0373251483886</ele>
      </trkpt>
      <trkpt lat="44.16073998436332" lon="7.07969999872148">
        <ele>1319.8217232304792</ele>
      </trkpt>
      <trkpt lat="44.160519959405065" lon="7.0796799659729">
        <ele>1325.9584965388995</ele>
      </trkpt>
      <trkpt lat="44.160349974408746" lon="7.07997995428741">
        <ele>1318.6648936469376</ele>
      </trkpt>
      <trkpt lat="44.16022994555533" lon="7.07997995428741">
        <ele>1328.6069350500002</ele>
      </trkpt>
      <trkpt lat="44.16024997830391" lon="7.080269968137145">
        <ele>1322.1003670155583</ele>
      </trkpt>
      <trkpt lat="44.160199938341975" lon="7.0805999636650085">
        <ele>1319.302511592528</ele>
      </trkpt>
      <trkpt lat="44.160083094611764" lon="7.080933898687363">
        <ele>1312.1431716400955</ele>
      </trkpt>
      <trkpt lat="44.15996616706252" lon="7.081267833709717">
        <ele>1302.1653785697338</ele>
      </trkpt>
      <trkpt lat="44.15984999388456" lon="7.081599924713373">
        <ele>1294.399389328677</ele>
      </trkpt>
      <trkpt lat="44.15966651402414" lon="7.081853477284312">
        <ele>1286.3381845097224</ele>
      </trkpt>
      <trkpt lat="44.15948303416371" lon="7.082107029855251">
        <ele>1276.7896093045883</ele>
      </trkpt>
      <trkpt lat="44.15929997339845" lon="7.082359995692968">
        <ele>1267.2619107099454</ele>
      </trkpt>
      <trkpt lat="44.15911238640547" lon="7.082580020651221">
        <ele>1257.2463652416066</ele>
      </trkpt>
      <trkpt lat="44.15892496705055" lon="7.0827999617904425">
        <ele>1254.2820289997621</ele>
      </trkpt>
      <trkpt lat="44.15873738005757" lon="7.083020070567727">
        <ele>1253.7757913435687</ele>
      </trkpt>
      <trkpt lat="44.15854996070266" lon="7.083239927887917">
        <ele>1247.7572874268837</ele>
      </trkpt>
      <trkpt lat="44.158519953489304" lon="7.08360998891294">
        <ele>1235.9271841264567</ele>
      </trkpt>
      <trkpt lat="44.15838995017111" lon="7.0836699195206165">
        <ele>1234.6543566557912</ele>
      </trkpt>
      <trkpt lat="44.15820999071002" lon="7.083549974486232">
        <ele>1235.9087040453805</ele>
      </trkpt>
      <trkpt lat="44.158199932426214" lon="7.083909977227449">
        <ele>1224.42349555158</ele>
      </trkpt>
      <trkpt lat="44.15839481167495" lon="7.083875024691224">
        <ele>1226.3497676823654</ele>
      </trkpt>
      <trkpt lat="44.158589942380786" lon="7.083839988335967">
        <ele>1223.2162199418394</ele>
      </trkpt>
      <trkpt lat="44.158816589042544" lon="7.083653323352337">
        <ele>1226.2190102568393</ele>
      </trkpt>
      <trkpt lat="44.1590432357043" lon="7.083466658368707">
        <ele>1226.9924003650292</ele>
      </trkpt>
      <trkpt lat="44.15926996618509" lon="7.0832799933850765">
        <ele>1224.0362113961523</ele>
      </trkpt>
      <trkpt lat="44.159434754401445" lon="7.083269935101271">
        <ele>1216.5985599485577</ele>
      </trkpt>
      <trkpt lat="44.159599961712956" lon="7.0832599606364965">
        <ele>1212.6733504014783</ele>
      </trkpt>
      <trkpt lat="44.1597599722445" lon="7.08315996453166">
        <ele>1215.866978987111</ele>
      </trkpt>
      <trkpt lat="44.15983012877405" lon="7.083390383049846">
        <ele>1205.649776580186</ele>
      </trkpt>
      <trkpt lat="44.159899950027466" lon="7.083619963377714">
        <ele>1196.8654366223716</ele>
      </trkpt>
      <trkpt lat="44.15977983735502" lon="7.083840239793062">
        <ele>1189.0003183917393</ele>
      </trkpt>
      <trkpt lat="44.159659976139665" lon="7.084059929475188">
        <ele>1180.8834575572625</ele>
      </trkpt>
      <trkpt lat="44.15945000946522" lon="7.0842123962938786">
        <ele>1174.0198607540633</ele>
      </trkpt>
      <trkpt lat="44.15923995897174" lon="7.084364946931601">
        <ele>1168.6286294410836</ele>
      </trkpt>
      <trkpt lat="44.15902999229729" lon="7.084517413750291">
        <ele>1165.347275781041</ele>
      </trkpt>
      <trkpt lat="44.15881994180381" lon="7.084669964388013">
        <ele>1165.450559375051</ele>
      </trkpt>
      <trkpt lat="44.15893016383052" lon="7.084960481151938">
        <ele>1142.1820828351865</ele>
      </trkpt>
      <trkpt lat="44.159039966762066" lon="7.085249992087483">
        <ele>1123.3634348096757</ele>
      </trkpt>
      <trkpt lat="44.15894642472267" lon="7.08551712334156">
        <ele>1109.172832932737</ele>
      </trkpt>
      <trkpt lat="44.15885296650231" lon="7.085784254595637">
        <ele>1091.0721874143571</ele>
      </trkpt>
      <trkpt lat="44.158759927377105" lon="7.086049960926175">
        <ele>1071.4779523714724</ele>
      </trkpt>
      <trkpt lat="44.15893502533436" lon="7.086275098845363">
        <ele>1067.9422584264976</ele>
      </trkpt>
      <trkpt lat="44.15910995565355" lon="7.086499985307455">
        <ele>1061.045048129878</ele>
      </trkpt>
      <trkpt lat="44.15899973362684" lon="7.086780443787575">
        <ele>1042.3731484034797</ele>
      </trkpt>
      <trkpt lat="44.158889930695295" lon="7.087059980258346">
        <ele>1022.9148910425355</ele>
      </trkpt>
      <trkpt lat="44.15879974141717" lon="7.087375558912754">
        <ele>1003.648285811683</ele>
      </trkpt>
      <trkpt lat="44.1587099712342" lon="7.0876899641007185">
        <ele>995.054216337767</ele>
      </trkpt>
      <trkpt lat="44.158795131370425" lon="7.087384359911084">
        <ele>1003.0141392673286</ele>
      </trkpt>
      <trkpt lat="44.15887995623052" lon="7.087079929187894">
        <ele>1021.4469239112218</ele>
      </trkpt>
      <trkpt lat="44.1587947960943" lon="7.087385533377528">
        <ele>1002.9850504461767</ele>
      </trkpt>
      <trkpt lat="44.1587099712342" lon="7.0876899641007185">
        <ele>995.054216337767</ele>
      </trkpt>
      <trkpt lat="44.15852498263121" lon="7.087524924427271">
        <ele>981.2251419005652</ele>
      </trkpt>
      <trkpt lat="44.15833999402821" lon="7.087359968572855">
        <ele>979.0223970356335</ele>
      </trkpt>
      <trkpt lat="44.158239997923374" lon="7.087679989635944">
        <ele>957.9567875971663</ele>
      </trkpt>
      <trkpt lat="44.15795995853841" lon="7.087579993531108">
        <ele>949.5958868113753</ele>
      </trkpt>
      <trkpt lat="44.157899944111705" lon="7.0879399962723255">
        <ele>926.4341173680214</ele>
      </trkpt>
      <trkpt lat="44.157666843384504" lon="7.087860032916069">
        <ele>925.2965736040874</ele>
      </trkpt>
      <trkpt lat="44.15743365883827" lon="7.0877800695598125">
        <ele>918.8363964494035</ele>
      </trkpt>
      <trkpt lat="44.15719997137785" lon="7.087699938565493">
        <ele>913.9251361762049</ele>
      </trkpt>
      <trkpt lat="44.15709997527301" lon="7.087829941883683">
        <ele>903.4265875561888</ele>
      </trkpt>
      <trkpt lat="44.156860085204244" lon="7.087976541370153">
        <ele>887.2286603178135</ele>
      </trkpt>
      <trkpt lat="44.156620195135474" lon="7.088123140856624">
        <ele>880.7257464900273</ele>
      </trkpt>
      <trkpt lat="44.15637996979058" lon="7.088269991800189">
        <ele>867.2412128379431</ele>
      </trkpt>
      <trkpt lat="44.156130021438" lon="7.088473252952099">
        <ele>856.4108907365098</ele>
      </trkpt>
      <trkpt lat="44.155879989266396" lon="7.08867659792304">
        <ele>848.2030725937925</ele>
      </trkpt>
      <trkpt lat="44.15562995709479" lon="7.088879942893982">
        <ele>838.9845780283299</ele>
      </trkpt>
      <trkpt lat="44.15552644059062" lon="7.089157132431865">
        <ele>823.3904841395904</ele>
      </trkpt>
      <trkpt lat="44.15542292408645" lon="7.089434238150716">
        <ele>807.7447253105966</ele>
      </trkpt>
      <trkpt lat="44.155319994315505" lon="7.089709918946028">
        <ele>791.9702260494022</ele>
      </trkpt>
      <trkpt lat="44.1553099360317" lon="7.090090876445174">
        <ele>772.6186734778901</ele>
      </trkpt>
      <trkpt lat="44.155308259651065" lon="7.090153321623802">
        <ele>769.4557717967266</ele>
      </trkpt>
      <trkpt lat="44.15532510727644" lon="7.090590186417103">
        <ele>757.1780455358313</ele>
      </trkpt>
      <trkpt lat="44.1553305555135" lon="7.090730667114258">
        <ele>753.1479102682238</ele>
      </trkpt>
      <trkpt lat="44.15531831793487" lon="7.090955888852477">
        <ele>748.8399543924033</ele>
      </trkpt>
      <trkpt lat="44.155279928818345" lon="7.0909899193793535">
        <ele>748.7816451458191</ele>
      </trkpt>
      <trkpt lat="44.15504498407245" lon="7.0911899115890265">
        <ele>747.6895182372793</ele>
      </trkpt>
      <trkpt lat="44.15480995550752" lon="7.091389987617731">
        <ele>746.9489112251129</ele>
      </trkpt>
      <trkpt lat="44.154589930549264" lon="7.0916699431836605">
        <ele>746.3251104876557</ele>
      </trkpt>
      <trkpt lat="44.1544948797673" lon="7.091845208778977">
        <ele>745.7797523500312</ele>
      </trkpt>
      <trkpt lat="44.1543999966234" lon="7.092019971460104">
        <ele>744.9926701917495</ele>
      </trkpt>
      <trkpt lat="44.15426974184811" lon="7.092337980866432">
        <ele>743.9777106055365</ele>
      </trkpt>
      <trkpt lat="44.154139989987016" lon="7.09265498444438">
        <ele>743.0818825840391</ele>
      </trkpt>
      <trkpt lat="44.15400973521173" lon="7.092972993850708">
        <ele>742.2832006278172</ele>
      </trkpt>
      <trkpt lat="44.153879983350635" lon="7.093289997428656">
        <ele>741.4222823114919</ele>
      </trkpt>
      <trkpt lat="44.15378996171057" lon="7.093449924141169">
        <ele>740.6513052044737</ele>
      </trkpt>
      <trkpt lat="44.153669932857156" lon="7.093609934672713">
        <ele>739.9739458879171</ele>
      </trkpt>
      <trkpt lat="44.153539929538965" lon="7.093739937990904">
        <ele>739.7516171869739</ele>
      </trkpt>
      <trkpt lat="44.15337991900742" lon="7.09385996684432">
        <ele>738.1269599293237</ele>
      </trkpt>
      <trkpt lat="44.15319995954633" lon="7.093909922987223">
        <ele>738.3391034390697</ele>
      </trkpt>
      <trkpt lat="44.15300994180143" lon="7.093939930200577">
        <ele>737.6370080277728</ele>
      </trkpt>
      <trkpt lat="44.15283509530127" lon="7.093949988484383">
        <ele>736.9044638321654</ele>
      </trkpt>
      <trkpt lat="44.15265999734402" lon="7.093959962949157">
        <ele>735.8315726983699</ele>
      </trkpt>
      <trkpt lat="44.15244994685054" lon="7.093939930200577">
        <ele>735.4423641295216</ele>
      </trkpt>
      <trkpt lat="44.15228012949228" lon="7.093964908272028">
        <ele>734.5779672380899</ele>
      </trkpt>
      <trkpt lat="44.1521099768579" lon="7.093989970162511">
        <ele>734.9850209164265</ele>
      </trkpt>
      <trkpt lat="44.151929933577776" lon="7.094069933518767">
        <ele>735.4468929148065</ele>
      </trkpt>
      <trkpt lat="44.15175994858146" lon="7.094199936836958">
        <ele>734.9070117607852</ele>
      </trkpt>
      <trkpt lat="44.15159993804991" lon="7.094369921833277">
        <ele>734.8831123523271</ele>
      </trkpt>
      <trkpt lat="44.15138485841453" lon="7.094655157998204">
        <ele>735.1597769948308</ele>
      </trkpt>
      <trkpt lat="44.15116994641721" lon="7.094939975067973">
        <ele>734.5220200794781</ele>
      </trkpt>
      <trkpt lat="44.150989735499024" lon="7.095260331407189">
        <ele>733.8746302342938</ele>
      </trkpt>
      <trkpt lat="44.150809524580836" lon="7.095580687746406">
        <ele>734.151092231994</ele>
      </trkpt>
      <trkpt lat="44.1506299842149" lon="7.0958999544382095">
        <ele>735.2487769489501</ele>
      </trkpt>
      <trkpt lat="44.150464944541454" lon="7.096074968576431">
        <ele>734.8491714825241</ele>
      </trkpt>
      <trkpt lat="44.15029998868704" lon="7.096249982714653">
        <ele>731.9540783608164</ele>
      </trkpt>
      <trkpt lat="44.15013503283262" lon="7.096359953284264">
        <ele>730.8039161605842</ele>
      </trkpt>
      <trkpt lat="44.149969993159175" lon="7.096469923853874">
        <ele>728.9482287290937</ele>
      </trkpt>
      <trkpt lat="44.14973999373615" lon="7.0965599454939365">
        <ele>727.0002272756356</ele>
      </trkpt>
      <trkpt lat="44.14953991770744" lon="7.096599927172065">
        <ele>726.1623076807135</ele>
      </trkpt>
      <trkpt lat="44.14926993660629" lon="7.096589952707291">
        <ele>725.4254036289851</ele>
      </trkpt>
      <trkpt lat="44.14905016310513" lon="7.09653664380312">
        <ele>725.7227837021545</ele>
      </trkpt>
      <trkpt lat="44.14883038960397" lon="7.09648341871798">
        <ele>725.2180117811148</ele>
      </trkpt>
      <trkpt lat="44.14860994555056" lon="7.096429942175746">
        <ele>723.5802190630666</ele>
      </trkpt>
      <trkpt lat="44.148316914215684" lon="7.096389960497618">
        <ele>722.4980296783294</ele>
      </trkpt>
      <trkpt lat="44.14802388288081" lon="7.096350062638521">
        <ele>722.1041369682623</ele>
      </trkpt>
      <trkpt lat="44.14772992953658" lon="7.096309997141361">
        <ele>721.9391042610843</ele>
      </trkpt>
      <trkpt lat="44.14755994454026" lon="7.0963299460709095">
        <ele>721.7655573623231</ele>
      </trkpt>
      <trkpt lat="44.14738995954394" lon="7.096399934962392">
        <ele>723.0159430935158</ele>
      </trkpt>
      <trkpt lat="44.14718007668853" lon="7.096519879996777">
        <ele>721.3134819658112</ele>
      </trkpt>
      <trkpt lat="44.14696994237602" lon="7.096639992669225">
        <ele>722.120855769865</ele>
      </trkpt>
      <trkpt lat="44.1467600595206" lon="7.0967599377036095">
        <ele>722.3288187945243</ele>
      </trkpt>
      <trkpt lat="44.14654992520809" lon="7.096879966557026">
        <ele>721.4861409478071</ele>
      </trkpt>
      <trkpt lat="44.14630995132029" lon="7.097069984301925">
        <ele>721.7397994018992</ele>
      </trkpt>
      <trkpt lat="44.14616486057639" lon="7.097275089472532">
        <ele>721.4898428871704</ele>
      </trkpt>
      <trkpt lat="44.146019937470555" lon="7.097479943186045">
        <ele>720.6696418847002</ele>
      </trkpt>
      <trkpt lat="44.145889934152365" lon="7.097614975646138">
        <ele>721.0699393076927</ele>
      </trkpt>
      <trkpt lat="44.145759930834174" lon="7.0977499242872">
        <ele>718.6738087026342</ele>
      </trkpt>
      <trkpt lat="44.145565051585436" lon="7.0978799276053905">
        <ele>717.6872248098452</ele>
      </trkpt>
      <trkpt lat="44.1453699208796" lon="7.098009930923581">
        <ele>717.7952381979145</ele>
      </trkpt>
      <trkpt lat="44.14520999416709" lon="7.098059970885515">
        <ele>716.8416575843187</ele>
      </trkpt>
      <trkpt lat="44.145049983635545" lon="7.098059970885515">
        <ele>715.7648535294684</ele>
      </trkpt>
      <trkpt lat="44.14479517377913" lon="7.09802501834929">
        <ele>714.99816391259</ele>
      </trkpt>
      <trkpt lat="44.14453994482756" lon="7.097989981994033">
        <ele>715.7107679406438</ele>
      </trkpt>
      <trkpt lat="44.144339952617884" lon="7.097939942032099">
        <ele>714.5570245103315</ele>
      </trkpt>
      <trkpt lat="44.14411012083292" lon="7.097863331437111">
        <ele>714.1787815255038</ele>
      </trkpt>
      <trkpt lat="44.14388037286699" lon="7.097786720842123">
        <ele>713.1968136906687</ele>
      </trkpt>
      <trkpt lat="44.1436499543488" lon="7.097709942609072">
        <ele>713.8780134298179</ele>
      </trkpt>
      <trkpt lat="44.14342992939055" lon="7.097659986466169">
        <ele>713.6277209362413</ele>
      </trkpt>
      <trkpt lat="44.14322993718088" lon="7.097639953717589">
        <ele>713.9254944029419</ele>
      </trkpt>
      <trkpt lat="44.143029944971204" lon="7.097659986466169">
        <ele>714.234621926584</ele>
      </trkpt>
      <trkpt lat="44.14281997829676" lon="7.097729975357652">
        <ele>713.6472282521073</ele>
      </trkpt>
      <trkpt lat="44.142599953338504" lon="7.097839945927262">
        <ele>714.1815951919862</ele>
      </trkpt>
      <trkpt lat="44.14236668497324" lon="7.097989898175001">
        <ele>713.7732951848645</ele>
      </trkpt>
      <trkpt lat="44.14213350042701" lon="7.09813985042274">
        <ele>714.088146482092</ele>
      </trkpt>
      <trkpt lat="44.14189998060465" lon="7.098289970308542">
        <ele>711.6674116786919</ele>
      </trkpt>
      <trkpt lat="44.141670148819685" lon="7.098367419093847">
        <ele>712.4514062932667</ele>
      </trkpt>
      <trkpt lat="44.141439981758595" lon="7.098444951698184">
        <ele>711.9910233924243</ele>
      </trkpt>
      <trkpt lat="44.14121014997363" lon="7.098522400483489">
        <ele>712.8795682517539</ele>
      </trkpt>
      <trkpt lat="44.14097998291254" lon="7.098599933087826">
        <ele>710.5421525477565</ele>
      </trkpt>
      <trkpt lat="44.14078996516764" lon="7.098609991371632">
        <ele>710.0698572714265</ele>
      </trkpt>
      <trkpt lat="44.140479918569326" lon="7.0985799841582775">
        <ele>711.4693514428252</ele>
      </trkpt>
      <trkpt lat="44.14022997021675" lon="7.098619965836406">
        <ele>712.1127857961292</ele>
      </trkpt>
      <trkpt lat="44.14009996689856" lon="7.098699929192662">
        <ele>713.8168152821868</ele>
      </trkpt>
      <trkpt lat="44.13988002575934" lon="7.09886739961803">
        <ele>714.2329925973213</ele>
      </trkpt>
      <trkpt lat="44.139659916982055" lon="7.099034953862429">
        <ele>714.6263089429713</ele>
      </trkpt>
      <trkpt lat="44.13943997584283" lon="7.099202424287796">
        <ele>714.0573383706152</ele>
      </trkpt>
      <trkpt lat="44.13921995088458" lon="7.099369978532195">
        <ele>712.502340014375</ele>
      </trkpt>
      <trkpt lat="44.13901660591364" lon="7.099553290754557">
        <ele>711.9367236003563</ele>
      </trkpt>
      <trkpt lat="44.1388132609427" lon="7.099736602976918">
        <ele>712.4349976984805</ele>
      </trkpt>
      <trkpt lat="44.13860999979079" lon="7.0999199990183115">
        <ele>711.1062717665548</ele>
      </trkpt>
      <trkpt lat="44.13834999315441" lon="7.100119991227984">
        <ele>708.7210063215982</ele>
      </trkpt>
      <trkpt lat="44.13818998262286" lon="7.100179921835661">
        <ele>706.6528842916279</ele>
      </trkpt>
      <trkpt lat="44.13792997598648" lon="7.100209929049015">
        <ele>704.5976634298304</ele>
      </trkpt>
      <trkpt lat="44.13775999099016" lon="7.100189980119467">
        <ele>703.7450140646288</ele>
      </trkpt>
      <trkpt lat="44.13754013366997" lon="7.100133318454027">
        <ele>703.1732648911452</ele>
      </trkpt>
      <trkpt lat="44.137320360168815" lon="7.100076740607619">
        <ele>703.2893639796632</ele>
      </trkpt>
      <trkpt lat="44.137099999934435" lon="7.100019995123148">
        <ele>701.3287244281943</ele>
      </trkpt>
      <trkpt lat="44.13703998550773" lon="7.099929973483086">
        <ele>703.4265241588603</ele>
      </trkpt>
      <trkpt lat="44.13695993833244" lon="7.099849926307797">
        <ele>704.125649742364</ele>
      </trkpt>
      <trkpt lat="44.13678509183228" lon="7.099824948236346">
        <ele>703.2438886349604</ele>
      </trkpt>
      <trkpt lat="44.13660999387503" lon="7.099799970164895">
        <ele>703.36326954793</ele>
      </trkpt>
      <trkpt lat="44.13644998334348" lon="7.099799970164895">
        <ele>703.8376684240185</ele>
      </trkpt>
      <trkpt lat="44.136179918423295" lon="7.099839951843023">
        <ele>704.1727442990348</ele>
      </trkpt>
      <trkpt lat="44.13597992621362" lon="7.0998999662697315">
        <ele>704.5024498282414</ele>
      </trkpt>
      <trkpt lat="44.13572679273784" lon="7.100023180246353">
        <ele>705.2336752551541</ele>
      </trkpt>
      <trkpt lat="44.13547357544303" lon="7.1001464780420065">
        <ele>706.1647345504408</ele>
      </trkpt>
      <trkpt lat="44.13521993905306" lon="7.100269943475723">
        <ele>706.093045034219</ele>
      </trkpt>
      <trkpt lat="44.134993543848395" lon="7.100299950689077">
        <ele>706.3039045685232</ele>
      </trkpt>
      <trkpt lat="44.1347670648247" lon="7.1003298740834">
        <ele>706.0341667839928</ele>
      </trkpt>
      <trkpt lat="44.13453999906778" lon="7.100359965115786">
        <ele>706.852634918631</ele>
      </trkpt>
      <trkpt lat="44.13431352004409" lon="7.100389888510108">
        <ele>709.0567209599014</ele>
      </trkpt>
      <trkpt lat="44.13408704102039" lon="7.100419895723462">
        <ele>710.6681937419007</ele>
      </trkpt>
      <trkpt lat="44.133859975263476" lon="7.100449986755848">
        <ele>710.9102371139538</ele>
      </trkpt>
      <trkpt lat="44.13358999416232" lon="7.100439928472042">
        <ele>711.704648664078</ele>
      </trkpt>
      <trkpt lat="44.13339016959071" lon="7.100395001471043">
        <ele>711.624511469475</ele>
      </trkpt>
      <trkpt lat="44.13318992592394" lon="7.1003499906510115">
        <ele>712.0245721721151</ele>
      </trkpt>
      <trkpt lat="44.13304994814098" lon="7.100359965115786">
        <ele>712.6270231855339</ele>
      </trkpt>
      <trkpt lat="44.1327899415046" lon="7.100429954007268">
        <ele>713.802262759559</ele>
      </trkpt>
      <trkpt lat="44.13267997093499" lon="7.100439928472042">
        <ele>712.658227738446</ele>
      </trkpt>
      <trkpt lat="44.13248509168625" lon="7.100340016186237">
        <ele>712.6666722648035</ele>
      </trkpt>
      <trkpt lat="44.132289960980415" lon="7.100239936262369">
        <ele>712.693810665918</ele>
      </trkpt>
      <trkpt lat="44.1321199759841" lon="7.100109932944179">
        <ele>710.3127884342618</ele>
      </trkpt>
      <trkpt lat="44.13197999820113" lon="7.099869959056377">
        <ele>713.4033763539396</ele>
      </trkpt>
      <trkpt lat="44.131879918277264" lon="7.099809944629669">
        <ele>713.1082363555346</ele>
      </trkpt>
      <trkpt lat="44.131660144776106" lon="7.09974498488009">
        <ele>711.2414075172303</ele>
      </trkpt>
      <trkpt lat="44.13143995217979" lon="7.099679941311479">
        <ele>710.0761901710079</ele>
      </trkpt>
      <trkpt lat="44.13134993053973" lon="7.099609952419996">
        <ele>712.1756197564114</ele>
      </trkpt>
      <trkpt lat="44.13126996718347" lon="7.099499981850386">
        <ele>716.6671348510133</ele>
      </trkpt>
      <trkpt lat="44.13117994554341" lon="7.0994699746370316">
        <ele>717.3076404597471</ele>
      </trkpt>
      <trkpt lat="44.1308799572289" lon="7.09952998906374">
        <ele>716.1103953250474</ele>
      </trkpt>
      <trkpt lat="44.13077996112406" lon="7.09950995631516">
        <ele>715.5717247626853</ele>
      </trkpt>
      <trkpt lat="44.130630008876324" lon="7.099405014887452">
        <ele>717.5609719063548</ele>
      </trkpt>
      <trkpt lat="44.13047997280955" lon="7.099299989640713">
        <ele>714.7835696599547</ele>
      </trkpt>
      <trkpt lat="44.13031996227801" lon="7.099149953573942">
        <ele>715.1972229059887</ele>
      </trkpt>
      <trkpt lat="44.13021996617317" lon="7.099029924720526">
        <ele>714.5607285312095</ele>
      </trkpt>
      <trkpt lat="44.130026679486036" lon="7.098873350769281">
        <ele>708.3658211681773</ele>
      </trkpt>
      <trkpt lat="44.12983330897987" lon="7.098716692999005">
        <ele>704.3221633513715</ele>
      </trkpt>
      <trkpt lat="44.1296399384737" lon="7.0985599514096975">
        <ele>692.6403024531933</ele>
      </trkpt>
      <trkpt lat="44.12957992404699" lon="7.098419973626733">
        <ele>693.0187129707294</ele>
      </trkpt>
      <trkpt lat="44.12956994958222" lon="7.098009930923581">
        <ele>704.264061009046</ele>
      </trkpt>
      <trkpt lat="44.129539942368865" lon="7.097849920392036">
        <ele>706.6126035168078</ele>
      </trkpt>
      <trkpt lat="44.12943994626403" lon="7.097629979252815">
        <ele>705.3898252644113</ele>
      </trkpt>
      <trkpt lat="44.12927985191345" lon="7.097384724766016">
        <ele>708.1833808111545</ele>
      </trkpt>
      <trkpt lat="44.12911992520094" lon="7.097139973193407">
        <ele>705.4349558264236</ele>
      </trkpt>
      <trkpt lat="44.12895983085036" lon="7.096894718706608">
        <ele>702.9925127808632</ele>
      </trkpt>
      <trkpt lat="44.12879998795688" lon="7.096649967133999">
        <ele>703.0871263932846</ele>
      </trkpt>
      <trkpt lat="44.12864492274821" lon="7.096509989351034">
        <ele>702.7271636430754</ele>
      </trkpt>
      <trkpt lat="44.128489941358566" lon="7.096369927749038">
        <ele>701.2559761214546</ele>
      </trkpt>
      <trkpt lat="44.128399919718504" lon="7.096159961074591">
        <ele>700.8858420708294</ele>
      </trkpt>
      <trkpt lat="44.12832993082702" lon="7.096059964969754">
        <ele>701.375397898383</ele>
      </trkpt>
      <trkpt lat="44.12819992750883" lon="7.095959968864918">
        <ele>701.3484505467663</ele>
      </trkpt>
      <trkpt lat="44.128079982474446" lon="7.095809932798147">
        <ele>698.8271546016443</ele>
      </trkpt>
      <trkpt lat="44.12796481512487" lon="7.095544561743736">
        <ele>698.4465856199897</ele>
      </trkpt>
      <trkpt lat="44.12784998305142" lon="7.095279945060611">
        <ele>696.2775369518995</ele>
      </trkpt>
      <trkpt lat="44.12776993587613" lon="7.095139967277646">
        <ele>695.2697151025832</ele>
      </trkpt>
      <trkpt lat="44.12756994366646" lon="7.094929916784167">
        <ele>684.8386775315869</ele>
      </trkpt>
      <trkpt lat="44.127519987523556" lon="7.094809971749783">
        <ele>688.4194647300868</ele>
      </trkpt>
      <trkpt lat="44.1274899803102" lon="7.094479976221919">
        <ele>700.5857126274923</ele>
      </trkpt>
      <trkpt lat="44.12743482738733" lon="7.094254503026605">
        <ele>697.1937744369799</ele>
      </trkpt>
      <trkpt lat="44.12737992592156" lon="7.094029951840639">
        <ele>699.3193111344482</ele>
      </trkpt>
      <trkpt lat="44.127259980887175" lon="7.093769945204258">
        <ele>695.9411200349247</ele>
      </trkpt>
      <trkpt lat="44.12706325761974" lon="7.093574898317456">
        <ele>683.121705421082</ele>
      </trkpt>
      <trkpt lat="44.1268665343523" lon="7.0933798514306545">
        <ele>683.0421833511316</ele>
      </trkpt>
      <trkpt lat="44.12666997872293" lon="7.093184972181916">
        <ele>687.1224686692574</ele>
      </trkpt>
      <trkpt lat="44.126473255455494" lon="7.0929899252951145">
        <ele>680.3295171805989</ele>
      </trkpt>
      <trkpt lat="44.12627653218806" lon="7.092794878408313">
        <ele>678.1165366699158</ele>
      </trkpt>
      <trkpt lat="44.126079976558685" lon="7.0925999991595745">
        <ele>682.4663701530142</ele>
      </trkpt>
      <trkpt lat="44.12589993327856" lon="7.0923699997365475">
        <ele>679.9704171830493</ele>
      </trkpt>
      <trkpt lat="44.12578979507089" lon="7.0921596977859735">
        <ele>681.1088165179165</ele>
      </trkpt>
      <trkpt lat="44.12567999213934" lon="7.091949982568622">
        <ele>680.3312533202354</ele>
      </trkpt>
      <trkpt lat="44.12558997049928" lon="7.091829953715205">
        <ele>679.4188344341794</ele>
      </trkpt>
      <trkpt lat="44.12547999992967" lon="7.091739932075143">
        <ele>678.6546041328206</ele>
      </trkpt>
      <trkpt lat="44.125369945541024" lon="7.091679917648435">
        <ele>678.675157515017</ele>
      </trkpt>
      <trkpt lat="44.12516995333135" lon="7.091659968718886">
        <ele>674.3753256450284</ele>
      </trkpt>
      <trkpt lat="44.12505998276174" lon="7.091629961505532">
        <ele>672.6954025498655</ele>
      </trkpt>
      <trkpt lat="44.12490005604923" lon="7.091529965400696">
        <ele>672.3287046982708</ele>
      </trkpt>
      <trkpt lat="44.12473996169865" lon="7.091429969295859">
        <ele>671.9056379571248</ele>
      </trkpt>
      <trkpt lat="44.1244768537581" lon="7.091326704248786">
        <ele>669.8446816347466</ele>
      </trkpt>
      <trkpt lat="44.12421366199851" lon="7.091223439201713">
        <ele>671.2523785859651</ele>
      </trkpt>
      <trkpt lat="44.123949967324734" lon="7.091119922697544">
        <ele>668.6141264114403</ele>
      </trkpt>
      <trkpt lat="44.12378995679319" lon="7.090999977663159">
        <ele>670.3622976571565</ele>
      </trkpt>
      <trkpt lat="44.12356020882726" lon="7.090979944914579">
        <ele>670.023230242195</ele>
      </trkpt>
      <trkpt lat="44.12333037704229" lon="7.090959995985031">
        <ele>666.5729152739</ele>
      </trkpt>
      <trkpt lat="44.12309995852411" lon="7.090939963236451">
        <ele>668.1251740042612</ele>
      </trkpt>
      <trkpt lat="44.12281991913915" lon="7.090979944914579">
        <ele>664.7106844377265</ele>
      </trkpt>
      <trkpt lat="44.122619926929474" lon="7.090979944914579">
        <ele>661.838036819964</ele>
      </trkpt>
      <trkpt lat="44.12240996025503" lon="7.090820018202066">
        <ele>660.2690324186767</ele>
      </trkpt>
      <trkpt lat="44.12219999358058" lon="7.09065992385149">
        <ele>659.888144271434</ele>
      </trkpt>
      <trkpt lat="44.12197996862233" lon="7.090589934960008">
        <ele>658.5267413755685</ele>
      </trkpt>
      <trkpt lat="44.121779976412654" lon="7.0905799604952335">
        <ele>657.6579626923698</ele>
      </trkpt>
      <trkpt lat="44.121589958667755" lon="7.09065992385149">
        <ele>658.0356875122606</ele>
      </trkpt>
      <trkpt lat="44.12153991870582" lon="7.090499997138977">
        <ele>657.259048340303</ele>
      </trkpt>
      <trkpt lat="44.12146992981434" lon="7.090449957177043">
        <ele>656.980234722516</ele>
      </trkpt>
      <trkpt lat="44.12135995924473" lon="7.090549953281879">
        <ele>653.19484570394</ele>
      </trkpt>
      <trkpt lat="44.12120992317796" lon="7.090629916638136">
        <ele>648.8624387268959</ele>
      </trkpt>
      <trkpt lat="44.121029963716865" lon="7.090669982135296">
        <ele>650.0608620942734</ele>
      </trkpt>
      <trkpt lat="44.12097992375493" lon="7.090789927169681">
        <ele>648.5534509252625</ele>
      </trkpt>
      <trkpt lat="44.1209399420768" lon="7.091059992089868">
        <ele>645.8004909840854</ele>
      </trkpt>
      <trkpt lat="44.120949916541576" lon="7.091349922120571">
        <ele>644.248638592465</ele>
      </trkpt>
      <trkpt lat="44.12092996761203" lon="7.091429969295859">
        <ele>643.081074334227</ele>
      </trkpt>
      <trkpt lat="44.12086995318532" lon="7.0914399437606335">
        <ele>642.6274484011935</ele>
      </trkpt>
      <trkpt lat="44.120729975402355" lon="7.091409936547279">
        <ele>642.4691031801441</ele>
      </trkpt>
      <trkpt lat="44.12047508172691" lon="7.0912449806928635">
        <ele>644.0358609424463</ele>
      </trkpt>
      <trkpt lat="44.12021993659437" lon="7.091079941019416">
        <ele>644.3880925655369</ele>
      </trkpt>
      <trkpt lat="44.11990997381508" lon="7.091069966554642">
        <ele>645.7142358051017</ele>
      </trkpt>
      <trkpt lat="44.1198399849236" lon="7.090899981558323">
        <ele>647.3280249501972</ele>
      </trkpt>
      <trkpt lat="44.11979991942644" lon="7.090519946068525">
        <ele>650.3366923133414</ele>
      </trkpt>
      <trkpt lat="44.11981995217502" lon="7.090239990502596">
        <ele>651.7131118436679</ele>
      </trkpt>
      <trkpt lat="44.11977997049689" lon="7.0900999289005995">
        <ele>652.4621734616458</ele>
      </trkpt>
      <trkpt lat="44.11953999660909" lon="7.089933380484581">
        <ele>657.3123133931524</ele>
      </trkpt>
      <trkpt lat="44.11930010654032" lon="7.089766748249531">
        <ele>662.8043981430383</ele>
      </trkpt>
      <trkpt lat="44.11905996501446" lon="7.089599948376417">
        <ele>665.0554743785387</ele>
      </trkpt>
      <trkpt lat="44.11899995058775" lon="7.089399956166744">
        <ele>666.9058945371114</ele>
      </trkpt>
      <trkpt lat="44.11899995058775" lon="7.089279927313328">
        <ele>668.003568842208</ele>
      </trkpt>
      <trkpt lat="44.11894999444485" lon="7.089279927313328">
        <ele>669.21875715519</ele>
      </trkpt>
      <trkpt lat="44.118841448798776" lon="7.089530378580093">
        <ele>667.8019740892028</ele>
      </trkpt>
      <trkpt lat="44.118732986971736" lon="7.089780746027827">
        <ele>667.2674001394046</ele>
      </trkpt>
      <trkpt lat="44.118624944239855" lon="7.090029940009117">
        <ele>663.3062885792565</ele>
      </trkpt>
      <trkpt lat="44.118516482412815" lon="7.090280307456851">
        <ele>658.9463686371515</ele>
      </trkpt>
      <trkpt lat="44.118407936766744" lon="7.090530758723617">
        <ele>655.5618463590187</ele>
      </trkpt>
      <trkpt lat="44.118299977853894" lon="7.0907799527049065">
        <ele>652.151440664808</ele>
      </trkpt>
      <trkpt lat="44.11802907474339" lon="7.090752208605409">
        <ele>647.8462529900038</ele>
      </trkpt>
      <trkpt lat="44.11775825545192" lon="7.090724464505911">
        <ele>643.3690313685707</ele>
      </trkpt>
      <trkpt lat="44.11748659797013" lon="7.090696636587381">
        <ele>637.9102849844933</ele>
      </trkpt>
      <trkpt lat="44.117215778678656" lon="7.090668892487884">
        <ele>627.4321302294687</ele>
      </trkpt>
      <trkpt lat="44.11694495938718" lon="7.090641148388386">
        <ele>626.3239852360673</ele>
      </trkpt>
      <trkpt lat="44.116673301905394" lon="7.090613320469856">
        <ele>628.1251763477355</ele>
      </trkpt>
      <trkpt lat="44.11640248261392" lon="7.0905855763703585">
        <ele>632.0569350251903</ele>
      </trkpt>
      <trkpt lat="44.11613157950342" lon="7.090557748451829">
        <ele>641.3681183989135</ele>
      </trkpt>
      <trkpt lat="44.11585992202163" lon="7.0905299205332994">
        <ele>651.0734125691451</ele>
      </trkpt>
      <trkpt lat="44.115562699735165" lon="7.090604854747653">
        <ele>651.5991952767466</ele>
      </trkpt>
      <trkpt lat="44.11526497453451" lon="7.09067995660007">
        <ele>655.1808578075411</ele>
      </trkpt>
      <trkpt lat="44.11496775224805" lon="7.090754890814424">
        <ele>643.5499427342509</ele>
      </trkpt>
      <trkpt lat="44.114669943228364" lon="7.0908299926668406">
        <ele>640.8172038646622</ele>
      </trkpt>
      <trkpt lat="44.11449643783271" lon="7.091167028993368">
        <ele>656.8005882711044</ele>
      </trkpt>
      <trkpt lat="44.11432284861803" lon="7.0915041491389275">
        <ele>647.8574162845156</ele>
      </trkpt>
      <trkpt lat="44.1141499299556" lon="7.091839928179979">
        <ele>662.169734745492</ele>
      </trkpt>
      <trkpt lat="44.114037277176976" lon="7.092235721647739">
        <ele>657.9092258594491</ele>
      </trkpt>
      <trkpt lat="44.11392495967448" lon="7.092629922553897">
        <ele>658.228382185952</ele>
      </trkpt>
      <trkpt lat="44.11381222307682" lon="7.093025716021657">
        <ele>663.9121499508869</ele>
      </trkpt>
      <trkpt lat="44.11369998939335" lon="7.0934199169278145">
        <ele>653.0332638887019</ele>
      </trkpt>
      <trkpt lat="44.11376176401973" lon="7.093107607215643">
        <ele>665.0628044067942</ele>
      </trkpt>
      <trkpt lat="44.1138235386461" lon="7.09279521368444">
        <ele>665.3916131024963</ele>
      </trkpt>
      <trkpt lat="44.11388497799635" lon="7.092484999448061">
        <ele>664.2519572097176</ele>
      </trkpt>
      <trkpt lat="44.113946752622724" lon="7.092172605916858">
        <ele>666.3170114097588</ele>
      </trkpt>
      <trkpt lat="44.1140085272491" lon="7.0918602123856544">
        <ele>672.4209925331004</ele>
      </trkpt>
      <trkpt lat="44.114069966599345" lon="7.091549998149276">
        <ele>667.4966487550251</ele>
      </trkpt>
      <trkpt lat="44.11394993774593" lon="7.091289991512895">
        <ele>673.0027221055431</ele>
      </trkpt>
      <trkpt lat="44.113769894465804" lon="7.091500042006373">
        <ele>693.7093666644876</ele>
      </trkpt>
      <trkpt lat="44.11358993500471" lon="7.091709924861789">
        <ele>710.1278384518324</ele>
      </trkpt>
      <trkpt lat="44.11340989172459" lon="7.091920059174299">
        <ele>716.942161519496</ele>
      </trkpt>
      <trkpt lat="44.11322993226349" lon="7.092129942029715">
        <ele>722.8527857490087</ele>
      </trkpt>
      <trkpt lat="44.11302491091192" lon="7.092352565377951">
        <ele>729.3693527242015</ele>
      </trkpt>
      <trkpt lat="44.11281997337937" lon="7.092574937269092">
        <ele>738.1142001734855</ele>
      </trkpt>
      <trkpt lat="44.112614868208766" lon="7.092797560617328">
        <ele>747.8187151503305</ele>
      </trkpt>
      <trkpt lat="44.11240993067622" lon="7.093019932508469">
        <ele>757.5248738052765</ele>
      </trkpt>
      <trkpt lat="44.11231999285519" lon="7.092739976942539">
        <ele>768.690971981134</ele>
      </trkpt>
      <trkpt lat="44.1122848726809" lon="7.0929554756730795">
        <ele>768.4965847750393</ele>
      </trkpt>
      <trkpt lat="44.11224992014468" lon="7.093169968575239">
        <ele>768.0991642044454</ele>
      </trkpt>
      <trkpt lat="44.112069960683584" lon="7.092919936403632">
        <ele>786.9574115110131</ele>
      </trkpt>
      <trkpt lat="44.11192998290062" lon="7.0932399574667215">
        <ele>797.3950841155244</ele>
      </trkpt>
      <trkpt lat="44.11179997958243" lon="7.093049939721823">
        <ele>808.2505354856236</ele>
      </trkpt>
      <trkpt lat="44.111599987372756" lon="7.09327993914485">
        <ele>820.4940884043564</ele>
      </trkpt>
      <trkpt lat="44.111449951305985" lon="7.092899987474084">
        <ele>837.2812108465866</ele>
      </trkpt>
      <trkpt lat="44.11131483502686" lon="7.0930850598961115">
        <ele>846.7490168098062</ele>
      </trkpt>
      <trkpt lat="44.11117997020483" lon="7.093269964680076">
        <ele>849.5231383807668</ele>
      </trkpt>
      <trkpt lat="44.11108994856477" lon="7.093069972470403">
        <ele>863.5279836227319</ele>
      </trkpt>
      <trkpt lat="44.11093999631703" lon="7.093359986320138">
        <ele>845.9802986959555</ele>
      </trkpt>
      <trkpt lat="44.11072994582355" lon="7.093339953571558">
        <ele>841.3004560118939</ele>
      </trkpt>
      <trkpt lat="44.11061997525394" lon="7.09327993914485">
        <ele>840.647622831741</ele>
      </trkpt>
      <trkpt lat="44.11067998968065" lon="7.092949943616986">
        <ele>870.1442428647554</ele>
      </trkpt>
      <trkpt lat="44.110459964722395" lon="7.0929899252951145">
        <ele>869.1953102550681</ele>
      </trkpt>
      <trkpt lat="44.11046993918717" lon="7.092679962515831">
        <ele>895.5665177947479</ele>
      </trkpt>
      <trkpt lat="44.11027992144227" lon="7.092649955302477">
        <ele>895.2496773261394</ele>
      </trkpt>
      <trkpt lat="44.11025997251272" lon="7.09243998862803">
        <ele>913.6343199704878</ele>
      </trkpt>
      <trkpt lat="44.1100899875164" lon="7.092159949243069">
        <ele>929.3407306047461</ele>
      </trkpt>
      <trkpt lat="44.10999996587634" lon="7.092079985886812">
        <ele>931.8232264374749</ele>
      </trkpt>
      <trkpt lat="44.11012996919453" lon="7.091729957610369">
        <ele>942.5846643144122</ele>
      </trkpt>
      <trkpt lat="44.11004992201924" lon="7.091659968718886">
        <ele>947.4716980773169</ele>
      </trkpt>
      <trkpt lat="44.10991991870105" lon="7.091504903510213">
        <ele>959.5526627029917</ele>
      </trkpt>
      <trkpt lat="44.109789999201894" lon="7.091349922120571">
        <ele>966.0439886977041</ele>
      </trkpt>
      <trkpt lat="44.10978497005999" lon="7.091014143079519">
        <ele>970.3960498151721</ele>
      </trkpt>
      <trkpt lat="44.10977994091809" lon="7.09067995660007">
        <ele>966.2722486340062</ele>
      </trkpt>
      <trkpt lat="44.1099898237735" lon="7.090580044314265">
        <ele>958.6872831944419</ele>
      </trkpt>
      <trkpt lat="44.110199958086014" lon="7.090479964390397">
        <ele>956.6750539165754</ele>
      </trkpt>
      <trkpt lat="44.110300121828914" lon="7.090214509516954">
        <ele>959.5353348373967</ele>
      </trkpt>
      <trkpt lat="44.11039995029569" lon="7.089949976652861">
        <ele>958.2357117328144</ele>
      </trkpt>
      <trkpt lat="44.11053992807865" lon="7.089849980548024">
        <ele>954.5762074602158</ele>
      </trkpt>
      <trkpt lat="44.11068007349968" lon="7.089639762416482">
        <ele>954.87578249137</ele>
      </trkpt>
      <trkpt lat="44.11081996746361" lon="7.089429963380098">
        <ele>951.931342389051</ele>
      </trkpt>
      <trkpt lat="44.11083991639316" lon="7.089249920099974">
        <ele>954.8326620986529</ele>
      </trkpt>
      <trkpt lat="44.11082994192839" lon="7.088889917358756">
        <ele>953.665930172914</ele>
      </trkpt>
      <trkpt lat="44.110994981601834" lon="7.088739965111017">
        <ele>946.8864408638892</ele>
      </trkpt>
      <trkpt lat="44.11115993745625" lon="7.088589929044247">
        <ele>946.6124345748001</ele>
      </trkpt>
      <trkpt lat="44.11130016669631" lon="7.0883246418088675">
        <ele>946.0917114750833</ele>
      </trkpt>
      <trkpt lat="44.11143997684121" lon="7.08805994130671">
        <ele>944.8448585393471</ele>
      </trkpt>
      <trkpt lat="44.111505104228854" lon="7.0878596138209105">
        <ele>945.2572485683502</ele>
      </trkpt>
      <trkpt lat="44.1115699801594" lon="7.087659956887364">
        <ele>945.25739096574</ele>
      </trkpt>
      <trkpt lat="44.11162504926324" lon="7.0873091742396355">
        <ele>945.0827908947433</ele>
      </trkpt>
      <trkpt lat="44.11167995072901" lon="7.086959984153509">
        <ele>944.3812658466836</ele>
      </trkpt>
      <trkpt lat="44.11173996515572" lon="7.086869962513447">
        <ele>941.2488488302827</ele>
      </trkpt>
      <trkpt lat="44.111909782513976" lon="7.08687499165535">
        <ele>937.0366513789972</ele>
      </trkpt>
      <trkpt lat="44.11207993514836" lon="7.086879936978221">
        <ele>936.7834856675054</ele>
      </trkpt>
      <trkpt lat="44.11229996010661" lon="7.086849929764867">
        <ele>936.1240019807869</ele>
      </trkpt>
      <trkpt lat="44.112439937889576" lon="7.08676996640861">
        <ele>936.6576379576932</ele>
      </trkpt>
      <trkpt lat="44.112580083310604" lon="7.086529657244682">
        <ele>938.419449910983</ele>
      </trkpt>
      <trkpt lat="44.11271997727454" lon="7.086289934813976">
        <ele>937.1997705230168</ele>
      </trkpt>
      <trkpt lat="44.11297998391092" lon="7.086109975352883">
        <ele>933.1826307729414</ele>
      </trkpt>
      <trkpt lat="44.11319992505014" lon="7.085849968716502">
        <ele>933.3251182475129</ele>
      </trkpt>
      <trkpt lat="44.11334996111691" lon="7.085499940440059">
        <ele>933.0774158076644</ele>
      </trkpt>
      <trkpt lat="44.1133850812912" lon="7.085184194147587">
        <ele>932.5276461726495</ele>
      </trkpt>
      <trkpt lat="44.11341995000839" lon="7.084869956597686">
        <ele>932.0154399227987</ele>
      </trkpt>
      <trkpt lat="44.11362991668284" lon="7.084789993241429">
        <ele>924.6999537758486</ele>
      </trkpt>
      <trkpt lat="44.113769978284836" lon="7.084659989923239">
        <ele>926.1232573242639</ele>
      </trkpt>
      <trkpt lat="44.11389512009919" lon="7.0844497717916965">
        <ele>926.760695948919</ele>
      </trkpt>
      <trkpt lat="44.11401992663741" lon="7.084239972755313">
        <ele>925.9805798513007</ele>
      </trkpt>
      <trkpt lat="44.1140999738127" lon="7.084219940006733">
        <ele>921.5551259922377</ele>
      </trkpt>
      <trkpt lat="44.11416996270418" lon="7.084279954433441">
        <ele>918.7693086933816</ele>
      </trkpt>
      <trkpt lat="44.11422511562705" lon="7.0845254603773355">
        <ele>915.5698120738592</ele>
      </trkpt>
      <trkpt lat="44.11427993327379" lon="7.084769960492849">
        <ele>913.5976827754581</ele>
      </trkpt>
      <trkpt lat="44.11441999487579" lon="7.085099956020713">
        <ele>913.4068788426453</ele>
      </trkpt>
      <trkpt lat="44.114649994298816" lon="7.085199952125549">
        <ele>920.1650727703203</ele>
      </trkpt>
      <trkpt lat="44.11486993543804" lon="7.0854399260133505">
        <ele>924.2693265440846</ele>
      </trkpt>
      <trkpt lat="44.11486993543804" lon="7.085659950971603">
        <ele>923.3633473915348</ele>
      </trkpt>
      <trkpt lat="44.11513304337859" lon="7.085693227127194">
        <ele>923.4796871043616</ele>
      </trkpt>
      <trkpt lat="44.115396151319146" lon="7.085726587101817">
        <ele>924.0222919107134</ele>
      </trkpt>
      <trkpt lat="44.115659929811954" lon="7.08575994707644">
        <ele>922.8608207839638</ele>
      </trkpt>
      <trkpt lat="44.115679962560534" lon="7.085579987615347">
        <ele>928.4294858691188</ele>
      </trkpt>
      <trkpt lat="44.11553998477757" lon="7.085489965975285">
        <ele>932.4511790518834</ele>
      </trkpt>
      <trkpt lat="44.11564517766237" lon="7.085179416462779">
        <ele>940.5682481994799</ele>
      </trkpt>
      <trkpt lat="44.11574995145202" lon="7.084869956597686">
        <ele>948.8173891526884</ele>
      </trkpt>
      <trkpt lat="44.115865118801594" lon="7.084649680182338">
        <ele>951.5109304436228</ele>
      </trkpt>
      <trkpt lat="44.115979950875044" lon="7.084429990500212">
        <ele>954.2739634195068</ele>
      </trkpt>
      <trkpt lat="44.11605010740459" lon="7.084149364382029">
        <ele>958.9691486031326</ele>
      </trkpt>
      <trkpt lat="44.11611992865801" lon="7.083869995549321">
        <ele>965.1156775359377</ele>
      </trkpt>
      <trkpt lat="44.11619511432946" lon="7.083674613386393">
        <ele>966.4288003749523</ele>
      </trkpt>
      <trkpt lat="44.11626996472478" lon="7.0834799855947495">
        <ele>964.8632233126193</ele>
      </trkpt>
      <trkpt lat="44.11630994640291" lon="7.0832099206745625">
        <ele>970.5245016715178</ele>
      </trkpt>
      <trkpt lat="44.116539945825934" lon="7.083349982276559">
        <ele>972.4873354085588</ele>
      </trkpt>
      <trkpt lat="44.11676994524896" lon="7.083289967849851">
        <ele>977.3520936865318</ele>
      </trkpt>
      <trkpt lat="44.11684999242425" lon="7.083289967849851">
        <ele>977.7387858201005</ele>
      </trkpt>
      <trkpt lat="44.116929955780506" lon="7.082999954000115">
        <ele>985.3883110315277</ele>
      </trkpt>
      <trkpt lat="44.11691998131573" lon="7.082739947363734">
        <ele>990.5424413810308</ele>
      </trkpt>
      <trkpt lat="44.116969937458634" lon="7.082649925723672">
        <ele>988.9355272364428</ele>
      </trkpt>
      <trkpt lat="44.11702995188534" lon="7.082679932937026">
        <ele>984.5138639485564</ele>
      </trkpt>
      <trkpt lat="44.11706993356347" lon="7.082569962367415">
        <ele>988.9733452644939</ele>
      </trkpt>
      <trkpt lat="44.117099940776825" lon="7.0825499296188354">
        <ele>990.6841418234785</ele>
      </trkpt>
      <trkpt lat="44.1172100789845" lon="7.082359744235873">
        <ele>1000.2436583745084</ele>
      </trkpt>
      <trkpt lat="44.11731996573508" lon="7.08216997794807">
        <ele>1006.216955310123</ele>
      </trkpt>
      <trkpt lat="44.11734997294843" lon="7.081979960203171">
        <ele>1012.0055850945288</ele>
      </trkpt>
      <trkpt lat="44.11757511086762" lon="7.081704782322049">
        <ele>1020.3166152015222</ele>
      </trkpt>
      <trkpt lat="44.11779999732971" lon="7.081429939717054">
        <ele>1028.1898434967356</ele>
      </trkpt>
      <trkpt lat="44.1175901144743" lon="7.081379983574152">
        <ele>1036.2454900882678</ele>
      </trkpt>
      <trkpt lat="44.117379980161786" lon="7.081329943612218">
        <ele>1042.2116841233342</ele>
      </trkpt>
      <trkpt lat="44.11747997626662" lon="7.081129951402545">
        <ele>1049.6596044547582</ele>
      </trkpt>
      <trkpt lat="44.11720999516547" lon="7.0810299552977085">
        <ele>1058.316261511955</ele>
      </trkpt>
      <trkpt lat="44.117309991270304" lon="7.080919984728098">
        <ele>1062.6361191570245</ele>
      </trkpt>
      <trkpt lat="44.11716992966831" lon="7.080909926444292">
        <ele>1065.3371739644094</ele>
      </trkpt>
      <trkpt lat="44.11719993688166" lon="7.0807999558746815">
        <ele>1070.6472922905741</ele>
      </trkpt>
      <trkpt lat="44.11704998463392" lon="7.0807799231261015">
        <ele>1075.6427061381191</ele>
      </trkpt>
      <trkpt lat="44.117119973525405" lon="7.080679927021265">
        <ele>1078.8707680124462</ele>
      </trkpt>
      <trkpt lat="44.116960130631924" lon="7.0806400291621685">
        <ele>1083.9613523892642</ele>
      </trkpt>
      <trkpt lat="44.116799952462316" lon="7.0805999636650085">
        <ele>1085.481933937775</ele>
      </trkpt>
      <trkpt lat="44.11699994467199" lon="7.0803499314934015">
        <ele>1097.4111543871604</ele>
      </trkpt>
      <trkpt lat="44.11673993803561" lon="7.0803499314934015">
        <ele>1098.5187714724757</ele>
      </trkpt>
      <trkpt lat="44.11690673790872" lon="7.080136528238654">
        <ele>1111.0806735880653</ele>
      </trkpt>
      <trkpt lat="44.1170734539628" lon="7.079923041164875">
        <ele>1116.470489431284</ele>
      </trkpt>
      <trkpt lat="44.11723991855979" lon="7.0797099731862545">
        <ele>1120.9929069473278</ele>
      </trkpt>
      <trkpt lat="44.117379980161786" lon="7.079449966549873">
        <ele>1126.1538009985989</ele>
      </trkpt>
      <trkpt lat="44.11738123744726" lon="7.079448625445366">
        <ele>1126.1681617524966</ele>
      </trkpt>
      <trkpt lat="44.11738132126629" lon="7.0794484578073025">
        <ele>1126.173808579061</ele>
      </trkpt>
      <trkpt lat="44.117569997906685" lon="7.079259948804975">
        <ele>1132.4856801028427</ele>
      </trkpt>
      <trkpt lat="44.11775993183255" lon="7.079069931060076">
        <ele>1141.372821742633</ele>
      </trkpt>
      <trkpt lat="44.11777996458113" lon="7.078989967703819">
        <ele>1144.908614447159</ele>
      </trkpt>
      <trkpt lat="44.11766488105059" lon="7.078799782320857">
        <ele>1150.8076052161794</ele>
      </trkpt>
      <trkpt lat="44.117549965158105" lon="7.078609932214022">
        <ele>1158.0172053995434</ele>
      </trkpt>
      <trkpt lat="44.117419961839914" lon="7.078629964962602">
        <ele>1161.105790057584</ele>
      </trkpt>
      <trkpt lat="44.117439994588494" lon="7.078499961644411">
        <ele>1166.79183534524</ele>
      </trkpt>
      <trkpt lat="44.117359947413206" lon="7.078489987179637">
        <ele>1170.6249106193989</ele>
      </trkpt>
      <trkpt lat="44.11731996573508" lon="7.078399965539575">
        <ele>1176.1406443399856</ele>
      </trkpt>
      <trkpt lat="44.117249976843596" lon="7.078419998288155">
        <ele>1178.2844695674912</ele>
      </trkpt>
      <trkpt lat="44.117249976843596" lon="7.078249929472804">
        <ele>1184.7313629190169</ele>
      </trkpt>
      <trkpt lat="44.11714998073876" lon="7.078209947794676">
        <ele>1190.8419255119372</ele>
      </trkpt>
      <trkpt lat="44.117119973525405" lon="7.0781399589031935">
        <ele>1194.4269555437522</ele>
      </trkpt>
      <trkpt lat="44.11693993024528" lon="7.078179940581322">
        <ele>1200.1865144156066</ele>
      </trkpt>
      <trkpt lat="44.116949988529086" lon="7.077979948371649">
        <ele>1206.8749168017648</ele>
      </trkpt>
      <trkpt lat="44.116839934140444" lon="7.078039962798357">
        <ele>1208.6650222912995</ele>
      </trkpt>
      <trkpt lat="44.11682995967567" lon="7.077839970588684">
        <ele>1215.4101330063768</ele>
      </trkpt>
      <trkpt lat="44.116629967466" lon="7.077859919518232">
        <ele>1219.9465079331264</ele>
      </trkpt>
      <trkpt lat="44.11648998968303" lon="7.077729916200042">
        <ele>1227.0313266616324</ele>
      </trkpt>
      <trkpt lat="44.11635998636484" lon="7.077729916200042">
        <ele>1227.1915158283</ele>
      </trkpt>
      <trkpt lat="44.11617994308472" lon="7.0776899345219135">
        <ele>1228.2091055031765</ele>
      </trkpt>
      <trkpt lat="44.11586998030543" lon="7.077729916200042">
        <ele>1231.3438269587696</ele>
      </trkpt>
      <trkpt lat="44.11572991870344" lon="7.077819937840104">
        <ele>1234.2442846496613</ele>
      </trkpt>
      <trkpt lat="44.115509977564216" lon="7.078109951689839">
        <ele>1231.6343622061559</ele>
      </trkpt>
      <trkpt lat="44.115359941497445" lon="7.078169966116548">
        <ele>1231.414310361195</ele>
      </trkpt>
      <trkpt lat="44.115209989249706" lon="7.078179940581322">
        <ele>1232.698712366193</ele>
      </trkpt>
      <trkpt lat="44.11497521214187" lon="7.078169966116548">
        <ele>1232.4502121908401</ele>
      </trkpt>
      <trkpt lat="44.114739932119846" lon="7.0781599916517735">
        <ele>1226.3124838447106</ele>
      </trkpt>
      <trkpt lat="44.11459995433688" lon="7.078099977225065">
        <ele>1226.9197679385265</ele>
      </trkpt>
      <trkpt lat="44.11446995101869" lon="7.078009955585003">
        <ele>1228.9321795277183</ele>
      </trkpt>
      <trkpt lat="44.114369954913855" lon="7.0778899267315865">
        <ele>1228.1333319433236</ele>
      </trkpt>
      <trkpt lat="44.1142899915576" lon="7.077729916200042">
        <ele>1225.4073703947568</ele>
      </trkpt>
      <trkpt lat="44.11418999545276" lon="7.077589938417077">
        <ele>1223.2574809489754</ele>
      </trkpt>
      <trkpt lat="44.11403995938599" lon="7.077539982274175">
        <ele>1218.831151509761</ele>
      </trkpt>
      <trkpt lat="44.113749945536256" lon="7.077609971165657">
        <ele>1214.5944995321365</ele>
      </trkpt>
      <trkpt lat="44.11359999328852" lon="7.077599996700883">
        <ele>1216.670207161831</ele>
      </trkpt>
      <trkpt lat="44.113469989970326" lon="7.077519949525595">
        <ele>1219.6936563742152</ele>
      </trkpt>
      <trkpt lat="44.11324996501207" lon="7.0772799756377935">
        <ele>1213.4618468552512</ele>
      </trkpt>
      <trkpt lat="44.11310998722911" lon="7.077329931780696">
        <ele>1217.1857644517474</ele>
      </trkpt>
      <trkpt lat="44.11299993284047" lon="7.0774799678474665">
        <ele>1216.9186715855308</ele>
      </trkpt>
      <trkpt lat="44.11282475106418" lon="7.077805353328586">
        <ele>1213.487428560111</ele>
      </trkpt>
      <trkpt lat="44.112649988383055" lon="7.078129984438419">
        <ele>1207.150011643293</ele>
      </trkpt>
      <trkpt lat="44.112389981746674" lon="7.078339951112866">
        <ele>1212.8989654694158</ele>
      </trkpt>
      <trkpt lat="44.11225997842848" lon="7.078419998288155">
        <ele>1216.6538331504576</ele>
      </trkpt>
      <trkpt lat="44.11211991682649" lon="7.078469954431057">
        <ele>1219.2538637302987</ele>
      </trkpt>
      <trkpt lat="44.11196996457875" lon="7.078469954431057">
        <ele>1214.981110675416</ele>
      </trkpt>
      <trkpt lat="44.11182998679578" lon="7.078419998288155">
        <ele>1210.8565857166293</ele>
      </trkpt>
      <trkpt lat="44.11170995794237" lon="7.078329976648092">
        <ele>1210.3311603591533</ele>
      </trkpt>
      <trkpt lat="44.11143997684121" lon="7.078169966116548">
        <ele>1212.1196714934244</ele>
      </trkpt>
      <trkpt lat="44.111245181411505" lon="7.078174911439419">
        <ele>1214.3546592215566</ele>
      </trkpt>
      <trkpt lat="44.11104996688664" lon="7.078179940581322">
        <ele>1225.8409556621045</ele>
      </trkpt>
      <trkpt lat="44.11083991639316" lon="7.078399965539575">
        <ele>1228.986469403912</ele>
      </trkpt>
      <trkpt lat="44.11055996082723" lon="7.078579925000668">
        <ele>1234.2926763825212</ele>
      </trkpt>
      <trkpt lat="44.1103698592633" lon="7.078810092061758">
        <ele>1235.8653785499857</ele>
      </trkpt>
      <trkpt lat="44.110179925337434" lon="7.079039923846722">
        <ele>1241.4659317191208</ele>
      </trkpt>
      <trkpt lat="44.11008479073644" lon="7.079240251332521">
        <ele>1242.931935047602</ele>
      </trkpt>
      <trkpt lat="44.10998999141157" lon="7.079439992085099">
        <ele>1243.8879213385399</ele>
      </trkpt>
      <trkpt lat="44.109839955344796" lon="7.07956999540329">
        <ele>1255.4707198538517</ele>
      </trkpt>
      <trkpt lat="44.10984992980957" lon="7.079989928752184">
        <ele>1253.5847977672777</ele>
      </trkpt>
      <trkpt lat="44.10958992317319" lon="7.080199979245663">
        <ele>1258.4201887031052</ele>
      </trkpt>
      <trkpt lat="44.109409879893064" lon="7.080435091629624">
        <ele>1260.364672666851</ele>
      </trkpt>
      <trkpt lat="44.10922992043197" lon="7.080669952556491">
        <ele>1266.4333332794124</ele>
      </trkpt>
      <trkpt lat="44.10905993543565" lon="7.080939933657646">
        <ele>1273.8625777020757</ele>
      </trkpt>
      <trkpt lat="44.10898994654417" lon="7.081129951402545">
        <ele>1275.3275103146652</ele>
      </trkpt>
      <trkpt lat="44.10880973562598" lon="7.08146539516747">
        <ele>1278.8936717825395</ele>
      </trkpt>
      <trkpt lat="44.10862994380295" lon="7.081799916923046">
        <ele>1286.8559919990025</ele>
      </trkpt>
      <trkpt lat="44.10857982002199" lon="7.0820103865116835">
        <ele>1288.733965317936</ele>
      </trkpt>
      <trkpt lat="44.108529947698116" lon="7.082219934090972">
        <ele>1289.8878396522998</ele>
      </trkpt>
      <trkpt lat="44.1083599627018" lon="7.082459991797805">
        <ele>1291.0135358033463</ele>
      </trkpt>
      <trkpt lat="44.10824999213219" lon="7.0825499296188354">
        <ele>1292.9479470881856</ele>
      </trkpt>
      <trkpt lat="44.10812996327877" lon="7.082699965685606">
        <ele>1292.4787495477503</ele>
      </trkpt>
      <trkpt lat="44.108009934425354" lon="7.082919990643859">
        <ele>1294.9713991415567</ele>
      </trkpt>
      <trkpt lat="44.10795997828245" lon="7.083199946209788">
        <ele>1289.2987957917694</ele>
      </trkpt>
      <trkpt lat="44.107839949429035" lon="7.083309916779399">
        <ele>1292.6717691949277</ele>
      </trkpt>
      <trkpt lat="44.10756996832788" lon="7.083509992808104">
        <ele>1301.7153725798762</ele>
      </trkpt>
      <trkpt lat="44.107414819300175" lon="7.083765221759677">
        <ele>1301.681805363819</ele>
      </trkpt>
      <trkpt lat="44.107259921729565" lon="7.08401994779706">
        <ele>1302.921103894361</ele>
      </trkpt>
      <trkpt lat="44.10709999501705" lon="7.0843699760735035">
        <ele>1301.7516380380684</ele>
      </trkpt>
      <trkpt lat="44.10694484598935" lon="7.084595113992691">
        <ele>1304.666726703651</ele>
      </trkpt>
      <trkpt lat="44.10678994841874" lon="7.084819916635752">
        <ele>1307.0724626079582</ele>
      </trkpt>
      <trkpt lat="44.10666991956532" lon="7.084949919953942">
        <ele>1310.8169884171646</ele>
      </trkpt>
      <trkpt lat="44.10646992735565" lon="7.085229959338903">
        <ele>1315.0727650584263</ele>
      </trkpt>
      <trkpt lat="44.1062599606812" lon="7.085549980401993">
        <ele>1311.478401868986</ele>
      </trkpt>
      <trkpt lat="44.106139931827784" lon="7.0856699254363775">
        <ele>1312.2686647981996</ele>
      </trkpt>
      <trkpt lat="44.10588998347521" lon="7.085859943181276">
        <ele>1319.506961334174</ele>
      </trkpt>
      <trkpt lat="44.105620086193085" lon="7.086019869893789">
        <ele>1326.088818035965</ele>
      </trkpt>
      <trkpt lat="44.105349937453866" lon="7.086179964244366">
        <ele>1323.59621647371</ele>
      </trkpt>
      <trkpt lat="44.10504994913936" lon="7.086229920387268">
        <ele>1325.3554565826992</ele>
      </trkpt>
      <trkpt lat="44.104919945821166" lon="7.086279960349202">
        <ele>1326.4555467501073</ele>
      </trkpt>
      <trkpt lat="44.10471006296575" lon="7.086379872635007">
        <ele>1331.6639794222408</ele>
      </trkpt>
      <trkpt lat="44.10449992865324" lon="7.086479952558875">
        <ele>1337.0053258241244</ele>
      </trkpt>
      <trkpt lat="44.104294991120696" lon="7.08661993034184">
        <ele>1337.440031571239</ele>
      </trkpt>
      <trkpt lat="44.10408996976912" lon="7.086759991943836">
        <ele>1338.0789452546844</ele>
      </trkpt>
      <trkpt lat="44.103880086913705" lon="7.08683492615819">
        <ele>1339.1060213094993</ele>
      </trkpt>
      <trkpt lat="44.103669952601194" lon="7.086909944191575">
        <ele>1338.7013944999408</ele>
      </trkpt>
      <trkpt lat="44.10337021574378" lon="7.08696492947638">
        <ele>1339.7513438760377</ele>
      </trkpt>
      <trkpt lat="44.103069975972176" lon="7.087019998580217">
        <ele>1344.6321586194713</ele>
      </trkpt>
      <trkpt lat="44.102789936587214" lon="7.087149918079376">
        <ele>1350.2259843264283</ele>
      </trkpt>
      <trkpt lat="44.102729922160506" lon="7.087189983576536">
        <ele>1351.599820032513</ele>
      </trkpt>
      <trkpt lat="44.10250989720225" lon="7.087399950250983">
        <ele>1353.89155316522</ele>
      </trkpt>
      <trkpt lat="44.10228995606303" lon="7.08760991692543">
        <ele>1358.7544606502715</ele>
      </trkpt>
      <trkpt lat="44.10214000381529" lon="7.087739920243621">
        <ele>1362.0874687712576</ele>
      </trkpt>
      <trkpt lat="44.10198996774852" lon="7.0878699235618114">
        <ele>1365.2413788845292</ele>
      </trkpt>
      <trkpt lat="44.101779917255044" lon="7.0879499707371">
        <ele>1368.3026911767954</ele>
      </trkpt>
      <trkpt lat="44.10159995779395" lon="7.088089948520064">
        <ele>1366.771755318328</ele>
      </trkpt>
      <trkpt lat="44.101479928940535" lon="7.088149962946773">
        <ele>1364.6678922245603</ele>
      </trkpt>
      <trkpt lat="44.10122998058796" lon="7.0881699956953526">
        <ele>1357.1423024472047</ele>
      </trkpt>
      <trkpt lat="44.10101515240967" lon="7.0881549920886755">
        <ele>1352.2212461775528</ele>
      </trkpt>
      <trkpt lat="44.10079998895526" lon="7.088139988481998">
        <ele>1348.9841743819557</ele>
      </trkpt>
      <trkpt lat="44.10066998563707" lon="7.088159937411547">
        <ele>1348.748382549396</ele>
      </trkpt>
      <trkpt lat="44.10039992071688" lon="7.088319947943091">
        <ele>1345.6801779402456</ele>
      </trkpt>
      <trkpt lat="44.1003299318254" lon="7.088429918512702">
        <ele>1341.7007559985746</ele>
      </trkpt>
      <trkpt lat="44.10021996125579" lon="7.088449951261282">
        <ele>1341.9136538011762</ele>
      </trkpt>
      <trkpt lat="44.1000051330775" lon="7.08855489268899">
        <ele>1339.9147673154537</ele>
      </trkpt>
      <trkpt lat="44.09978996962309" lon="7.088659917935729">
        <ele>1336.0780316322289</ele>
      </trkpt>
      <trkpt lat="44.099649991840124" lon="7.088769972324371">
        <ele>1331.3139571240001</ele>
      </trkpt>
      <trkpt lat="44.09938998520374" lon="7.088739965111017">
        <ele>1327.7663491797994</ele>
      </trkpt>
      <trkpt lat="44.09920994192362" lon="7.0885799545794725">
        <ele>1326.6235387595555</ele>
      </trkpt>
      <trkpt lat="44.099139953032136" lon="7.088559921830893">
        <ele>1326.1301187736926</ele>
      </trkpt>
      <trkpt lat="44.09901992417872" lon="7.088589929044247">
        <ele>1325.3329067906006</ele>
      </trkpt>
      <trkpt lat="44.09882999025285" lon="7.088759997859597">
        <ele>1318.1791822539349</ele>
      </trkpt>
      <trkpt lat="44.09869998693466" lon="7.0887799467891455">
        <ele>1316.9511996524038</ele>
      </trkpt>
      <trkpt lat="44.098579958081245" lon="7.08882998675108">
        <ele>1313.5736557156938</ele>
      </trkpt>
      <trkpt lat="44.09843998029828" lon="7.088819928467274">
        <ele>1313.2158561135816</ele>
      </trkpt>
      <trkpt lat="44.09813999198377" lon="7.088869968429208">
        <ele>1307.9030332981783</ele>
      </trkpt>
      <trkpt lat="44.09807997755706" lon="7.08882998675108">
        <ele>1308.883107775054</ele>
      </trkpt>
      <trkpt lat="44.09800998866558" lon="7.088839961215854">
        <ele>1309.6183722665278</ele>
      </trkpt>
      <trkpt lat="44.09782491624355" lon="7.089020004495978">
        <ele>1306.2545009469852</ele>
      </trkpt>
      <trkpt lat="44.09763992764056" lon="7.089199963957071">
        <ele>1302.222810085097</ele>
      </trkpt>
      <trkpt lat="44.09743490628898" lon="7.08943004719913">
        <ele>1298.488223562734</ele>
      </trkpt>
      <trkpt lat="44.09722996875644" lon="7.089659962803125">
        <ele>1292.9145675553</ele>
      </trkpt>
      <trkpt lat="44.097139947116375" lon="7.089679995551705">
        <ele>1292.70202433026</ele>
      </trkpt>
      <trkpt lat="44.09688505344093" lon="7.089869929477572">
        <ele>1287.8028123294011</ele>
      </trkpt>
      <trkpt lat="44.09662999212742" lon="7.090059947222471">
        <ele>1282.0908508093723</ele>
      </trkpt>
      <trkpt lat="44.096469981595874" lon="7.090129936113954">
        <ele>1280.1347678616785</ele>
      </trkpt>
      <trkpt lat="44.09621994942427" lon="7.090289946645498">
        <ele>1276.1493488336218</ele>
      </trkpt>
      <trkpt lat="44.09591996110976" lon="7.090359935536981">
        <ele>1271.1451239953265</ele>
      </trkpt>
      <trkpt lat="44.09580999054015" lon="7.0903699938207865">
        <ele>1268.6519208042891</ele>
      </trkpt>
      <trkpt lat="44.09566992893815" lon="7.0903499610722065">
        <ele>1266.3874918669076</ele>
      </trkpt>
      <trkpt lat="44.095419980585575" lon="7.090389942750335">
        <ele>1260.8642939305746</ele>
      </trkpt>
      <trkpt lat="44.09519995562732" lon="7.0903299283236265">
        <ele>1256.9001797224803</ele>
      </trkpt>
      <trkpt lat="44.09510993398726" lon="7.090289946645498">
        <ele>1253.4887525595134</ele>
      </trkpt>
      <trkpt lat="44.0949298068881" lon="7.090034801512957">
        <ele>1249.7373788777074</ele>
      </trkpt>
      <trkpt lat="44.09474993124604" lon="7.089779991656542">
        <ele>1244.890085461669</ele>
      </trkpt>
      <trkpt lat="44.094649935141206" lon="7.089569941163063">
        <ele>1245.7043485251988</ele>
      </trkpt>
      <trkpt lat="44.09450995735824" lon="7.089499952271581">
        <ele>1241.5480573256484</ele>
      </trkpt>
      <trkpt lat="44.09443996846676" lon="7.089399956166744">
        <ele>1241.5792037829428</ele>
      </trkpt>
      <trkpt lat="44.09420510753989" lon="7.0892800111323595">
        <ele>1236.80525859686</ele>
      </trkpt>
      <trkpt lat="44.09396999515593" lon="7.089159982278943">
        <ele>1228.8850870481074</ele>
      </trkpt>
      <trkpt lat="44.09374997019768" lon="7.088969964534044">
        <ele>1222.1828065318432</ele>
      </trkpt>
      <trkpt lat="44.093529945239425" lon="7.0887799467891455">
        <ele>1217.7692059441217</ele>
      </trkpt>
      <trkpt lat="44.093269938603044" lon="7.088689925149083">
        <ele>1212.058950818156</ele>
      </trkpt>
      <trkpt lat="44.09312996082008" lon="7.088689925149083">
        <ele>1209.8432837299</ele>
      </trkpt>
      <trkpt lat="44.092929968610406" lon="7.088639969006181">
        <ele>1207.486227511526</ele>
      </trkpt>
      <trkpt lat="44.09278999082744" lon="7.088499991223216">
        <ele>1208.0242383319346</ele>
      </trkpt>
      <trkpt lat="44.0926799364388" lon="7.088429918512702">
        <ele>1207.077771149215</ele>
      </trkpt>
      <trkpt lat="44.09258999861777" lon="7.088419944047928">
        <ele>1205.030321902906</ele>
      </trkpt>
      <trkpt lat="44.09244985319674" lon="7.0882348716259">
        <ele>1202.6891810786155</ele>
      </trkpt>
      <trkpt lat="44.09230995923281" lon="7.088049966841936">
        <ele>1197.6686629900064</ele>
      </trkpt>
      <trkpt lat="44.092239970341325" lon="7.087889956310391">
        <ele>1195.0724343912425</ele>
      </trkpt>
      <trkpt lat="44.092109967023134" lon="7.087679989635944">
        <ele>1190.167195058726</ele>
      </trkpt>
      <trkpt lat="44.09194995649159" lon="7.087489971891046">
        <ele>1183.5511985516423</ele>
      </trkpt>
      <trkpt lat="44.091819785535336" lon="7.087219571694732">
        <ele>1178.5549749836575</ele>
      </trkpt>
      <trkpt lat="44.09168961457908" lon="7.086949171498418">
        <ele>1176.9312105051577</ele>
      </trkpt>
      <trkpt lat="44.09155994653702" lon="7.086679944768548">
        <ele>1173.9609646605552</ele>
      </trkpt>
      <trkpt lat="44.091509990394115" lon="7.086439970880747">
        <ele>1171.4629522525092</ele>
      </trkpt>
      <trkpt lat="44.09149993211031" lon="7.086239978671074">
        <ele>1169.047310445872</ele>
      </trkpt>
      <trkpt lat="44.091469924896955" lon="7.0860999170690775">
        <ele>1166.8814586092358</ele>
      </trkpt>
      <trkpt lat="44.091509990394115" lon="7.085979972034693">
        <ele>1165.9292554969813</ele>
      </trkpt>
      <trkpt lat="44.09151996485889" lon="7.08588995039463">
        <ele>1164.1001823109052</ele>
      </trkpt>
      <trkpt lat="44.091359954327345" lon="7.0859199576079845">
        <ele>1161.8061974095303</ele>
      </trkpt>
      <trkpt lat="44.09129993990064" lon="7.085899924859405">
        <ele>1160.6251569067774</ele>
      </trkpt>
      <trkpt lat="44.091339921578765" lon="7.085799928754568">
        <ele>1159.0460226755263</ele>
      </trkpt>
      <trkpt lat="44.09130999818444" lon="7.085769921541214">
        <ele>1158.0589542999166</ele>
      </trkpt>
      <trkpt lat="44.091169936582446" lon="7.085819961503148">
        <ele>1157.8819698763082</ele>
      </trkpt>
      <trkpt lat="44.09113992936909" lon="7.085799928754568">
        <ele>1157.1964973012891</ele>
      </trkpt>
      <trkpt lat="44.09113992936909" lon="7.085749972611666">
        <ele>1155.5145305571507</ele>
      </trkpt>
      <trkpt lat="44.0911999437958" lon="7.085699932649732">
        <ele>1154.5966772760823</ele>
      </trkpt>
      <trkpt lat="44.09123992547393" lon="7.085619969293475">
        <ele>1153.1327803594577</ele>
      </trkpt>
      <trkpt lat="44.09108997322619" lon="7.085699932649732">
        <ele>1153.6371641582289</ele>
      </trkpt>
      <trkpt lat="44.09096994437277" lon="7.0856899581849575">
        <ele>1153.0807021644328</ele>
      </trkpt>
      <trkpt lat="44.09087992273271" lon="7.085629943758249">
        <ele>1150.310046537586</ele>
      </trkpt>
      <trkpt lat="44.09070013090968" lon="7.085614940151572">
        <ele>1146.9459861978098</ele>
      </trkpt>
      <trkpt lat="44.09051991999149" lon="7.085599936544895">
        <ele>1144.151462627931</ele>
      </trkpt>
      <trkpt lat="44.0903899166733" lon="7.085519973188639">
        <ele>1141.7871590949126</ele>
      </trkpt>
      <trkpt lat="44.09013996832073" lon="7.085719965398312">
        <ele>1137.800430015574</ele>
      </trkpt>
      <trkpt lat="44.089935114607215" lon="7.085804874077439">
        <ele>1133.0099669053668</ele>
      </trkpt>
      <trkpt lat="44.089729925617576" lon="7.08588995039463">
        <ele>1128.6023548693083</ele>
      </trkpt>
      <trkpt lat="44.08973998390138" lon="7.085879975929856">
        <ele>1128.83893015608</ele>
      </trkpt>
      <trkpt lat="44.08962992951274" lon="7.086019953712821">
        <ele>1126.4930760934333</ele>
      </trkpt>
      <trkpt lat="44.0895299334079" lon="7.086299993097782">
        <ele>1122.174551327816</ele>
      </trkpt>
      <trkpt lat="44.08953999169171" lon="7.086399989202619">
        <ele>1120.44713062999</ele>
      </trkpt>
      <trkpt lat="44.08960998058319" lon="7.0865799486637115">
        <ele>1116.9008473360898</ele>
      </trkpt>
      <trkpt lat="44.08958994783461" lon="7.0865999814122915">
        <ele>1116.085332232271</ele>
      </trkpt>
      <trkpt lat="44.089619955047965" lon="7.086679944768548">
        <ele>1113.9532832229402</ele>
      </trkpt>
      <trkpt lat="44.08956999890506" lon="7.086669970303774">
        <ele>1113.8563337339506</ele>
      </trkpt>
      <trkpt lat="44.08955994062126" lon="7.08676996640861">
        <ele>1110.7810096440874</ele>
      </trkpt>
      <trkpt lat="44.089509984478354" lon="7.0867999736219645">
        <ele>1108.7234874034368</ele>
      </trkpt>
      <trkpt lat="44.08951995894313" lon="7.086879936978221">
        <ele>1106.174935062339</ele>
      </trkpt>
      <trkpt lat="44.08956999890506" lon="7.086979933083057">
        <ele>1104.0630163292276</ele>
      </trkpt>
      <trkpt lat="44.089599922299385" lon="7.086999965831637">
        <ele>1104.1514499339166</ele>
      </trkpt>
      <trkpt lat="44.089619955047965" lon="7.087129969149828">
        <ele>1101.0362129830526</ele>
      </trkpt>
      <trkpt lat="44.08964996226132" lon="7.087159976363182">
        <ele>1101.0003416781492</ele>
      </trkpt>
      <trkpt lat="44.08962992951274" lon="7.08719995804131">
        <ele>1099.3754961550958</ele>
      </trkpt>
      <trkpt lat="44.08951995894313" lon="7.08717992529273">
        <ele>1096.3667687848697</ele>
      </trkpt>
      <trkpt lat="44.08957997336984" lon="7.087579993531108">
        <ele>1091.539632039308</ele>
      </trkpt>
      <trkpt lat="44.08954996615648" lon="7.08762994967401">
        <ele>1090.711758662291</ele>
      </trkpt>
      <trkpt lat="44.089479977265" lon="7.0878699235618114">
        <ele>1089.2367067163218</ele>
      </trkpt>
      <trkpt lat="44.089429937303066" lon="7.0879399962723255">
        <ele>1091.7379274029638</ele>
      </trkpt>
      <trkpt lat="44.08940998837352" lon="7.088019959628582">
        <ele>1095.1780225613395</ele>
      </trkpt>
      <trkpt lat="44.089429937303066" lon="7.088049966841936">
        <ele>1095.2902858170196</ele>
      </trkpt>
      <trkpt lat="44.089509984478354" lon="7.0878699235618114">
        <ele>1088.7202033973508</ele>
      </trkpt>
      <trkpt lat="44.08958994783461" lon="7.087779985740781">
        <ele>1087.5289505217254</ele>
      </trkpt>
      <trkpt lat="44.08967996947467" lon="7.087889956310391">
        <ele>1082.0583127207371</ele>
      </trkpt>
      <trkpt lat="44.08984995447099" lon="7.087749978527427">
        <ele>1080.3026493169916</ele>
      </trkpt>
      <trkpt lat="44.08986998721957" lon="7.087789960205555">
        <ele>1078.304521799238</ele>
      </trkpt>
      <trkpt lat="44.08982992172241" lon="7.087849974632263">
        <ele>1076.9553316033937</ele>
      </trkpt>
      <trkpt lat="44.08997995778918" lon="7.0879499707371">
        <ele>1071.3318237474564</ele>
      </trkpt>
      <trkpt lat="44.090085150673985" lon="7.0882053673267365">
        <ele>1065.4242596699353</ele>
      </trkpt>
      <trkpt lat="44.09018992446363" lon="7.088459925726056">
        <ele>1062.6866234278086</ele>
      </trkpt>
      <trkpt lat="44.090199982747436" lon="7.088629994541407">
        <ele>1058.562732011313</ele>
      </trkpt>
      <trkpt lat="44.09016989171505" lon="7.088880529627204">
        <ele>1054.52800147351</ele>
      </trkpt>
      <trkpt lat="44.09013996832073" lon="7.089129975065589">
        <ele>1051.7889830814008</ele>
      </trkpt>
      <trkpt lat="44.09010996110737" lon="7.089219996705651">
        <ele>1048.110723683355</ele>
      </trkpt>
      <trkpt lat="44.09011993557215" lon="7.08934991620481">
        <ele>1047.749982202652</ele>
      </trkpt>
      <trkpt lat="44.09013996832073" lon="7.089379923418164">
        <ele>1049.0665120773633</ele>
      </trkpt>
      <trkpt lat="44.09008992835879" lon="7.0896699372678995">
        <ele>1045.1563491256006</ele>
      </trkpt>
      <trkpt lat="44.09001993946731" lon="7.089789966121316">
        <ele>1039.497168522195</ele>
      </trkpt>
      <trkpt lat="44.09008992835879" lon="7.089959951117635">
        <ele>1041.6444902628953</ele>
      </trkpt>
      <trkpt lat="44.090054892003536" lon="7.090185508131981">
        <ele>1038.1693003496662</ele>
      </trkpt>
      <trkpt lat="44.09001993946731" lon="7.090409975498915">
        <ele>1032.42911161185</ele>
      </trkpt>
      <trkpt lat="44.090049946680665" lon="7.090499997138977">
        <ele>1032.522218981604</ele>
      </trkpt>
      <trkpt lat="44.0901499427855" lon="7.090509971603751">
        <ele>1036.1289781865523</ele>
      </trkpt>
      <trkpt lat="44.09022998996079" lon="7.090649949386716">
        <ele>1033.0817579141315</ele>
      </trkpt>
      <trkpt lat="44.090309953317046" lon="7.090879948809743">
        <ele>1031.2597370942206</ele>
      </trkpt>
      <trkpt lat="44.0903899166733" lon="7.091289991512895">
        <ele>1029.2997407557814</ele>
      </trkpt>
      <trkpt lat="44.09036493860185" lon="7.091515464708209">
        <ele>1026.5363602949215</ele>
      </trkpt>
      <trkpt lat="44.0903399605304" lon="7.091739932075143">
        <ele>1021.5293032468112</ele>
      </trkpt>
      <trkpt lat="44.0905299782753" lon="7.09200999699533">
        <ele>1020.361777733243</ele>
      </trkpt>
      <trkpt lat="44.09061999991536" lon="7.092219963669777">
        <ele>1018.6211305065947</ele>
      </trkpt>
      <trkpt lat="44.09064497798681" lon="7.092565800994635">
        <ele>1012.9015960752517</ele>
      </trkpt>
      <trkpt lat="44.090669956058264" lon="7.092909961938858">
        <ele>1010.9451623198577</ele>
      </trkpt>
      <trkpt lat="44.09057641401887" lon="7.093260660767555">
        <ele>1005.1647677978395</ele>
      </trkpt>
      <trkpt lat="44.090482871979475" lon="7.093611359596252">
        <ele>1001.0162107048709</ele>
      </trkpt>
      <trkpt lat="44.0903899166733" lon="7.093959962949157">
        <ele>998.0924480765788</ele>
      </trkpt>
      <trkpt lat="44.09039997495711" lon="7.09428995847702">
        <ele>994.1572716083315</ele>
      </trkpt>
      <trkpt lat="44.0905299782753" lon="7.094629928469658">
        <ele>992.2783314572348</ele>
      </trkpt>
      <trkpt lat="44.09054992720485" lon="7.094879960641265">
        <ele>989.2946916380781</ele>
      </trkpt>
      <trkpt lat="44.090669956058264" lon="7.095229988917708">
        <ele>986.4903883895051</ele>
      </trkpt>
      <trkpt lat="44.09086994826794" lon="7.095459988340735">
        <ele>982.4656988389014</ele>
      </trkpt>
      <trkpt lat="44.09099995158613" lon="7.09557993337512">
        <ele>980.6565876687042</ele>
      </trkpt>
      <trkpt lat="44.0910099260509" lon="7.0956699550151825">
        <ele>977.7649483187465</ele>
      </trkpt>
      <trkpt lat="44.09088998101652" lon="7.0956699550151825">
        <ele>977.0283419215516</ele>
      </trkpt>
      <trkpt lat="44.09069015644491" lon="7.095604995265603">
        <ele>976.5696275349457</ele>
      </trkpt>
      <trkpt lat="44.09048999659717" lon="7.095539951696992">
        <ele>971.9167851462253</ele>
      </trkpt>
      <trkpt lat="44.09037994220853" lon="7.09546996280551">
        <ele>970.515520199891</ele>
      </trkpt>
      <trkpt lat="44.090289920568466" lon="7.095369966700673">
        <ele>969.8908084069084</ele>
      </trkpt>
      <trkpt lat="44.09015480428934" lon="7.095109624788165">
        <ele>968.7592195346859</ele>
      </trkpt>
      <trkpt lat="44.09001993946731" lon="7.094849953427911">
        <ele>967.5084451695752</ele>
      </trkpt>
      <trkpt lat="44.08994995057583" lon="7.094569997861981">
        <ele>969.5660268608497</ele>
      </trkpt>
      <trkpt lat="44.08992991782725" lon="7.094539990648627">
        <ele>969.1634885294122</ele>
      </trkpt>
      <trkpt lat="44.089879961684346" lon="7.094539990648627">
        <ele>965.4527058711262</ele>
      </trkpt>
      <trkpt lat="44.08981994725764" lon="7.094389954581857">
        <ele>961.7156120776303</ele>
      </trkpt>
      <trkpt lat="44.08979999832809" lon="7.094419961795211">
        <ele>960.2043571110999</ele>
      </trkpt>
      <trkpt lat="44.08979999832809" lon="7.094529932364821">
        <ele>959.440837055009</ele>
      </trkpt>
      <trkpt lat="44.089769991114736" lon="7.094469917938113">
        <ele>957.4857664765325</ele>
      </trkpt>
      <trkpt lat="44.089749958366156" lon="7.094489950686693">
        <ele>955.8559722143906</ele>
      </trkpt>
      <trkpt lat="44.089769991114736" lon="7.094639986753464">
        <ele>956.9073634595472</ele>
      </trkpt>
      <trkpt lat="44.089729925617576" lon="7.095049945637584">
        <ele>951.1668389017582</ele>
      </trkpt>
      <trkpt lat="44.089749958366156" lon="7.095199981704354">
        <ele>948.7629403215644</ele>
      </trkpt>
      <trkpt lat="44.08977996557951" lon="7.095249937847257">
        <ele>948.6673904057427</ele>
      </trkpt>
      <trkpt lat="44.08984995447099" lon="7.09557993337512">
        <ele>944.9036009219858</ele>
      </trkpt>
      <trkpt lat="44.089940059930086" lon="7.095770202577114">
        <ele>943.2332974766096</ele>
      </trkpt>
      <trkpt lat="44.09002999775112" lon="7.095959968864918">
        <ele>936.8802483802956</ele>
      </trkpt>
      <trkpt lat="44.090239964425564" lon="7.096134899184108">
        <ele>933.7317983665416</ele>
      </trkpt>
      <trkpt lat="44.09044993110001" lon="7.096309997141361">
        <ele>932.5804080953817</ele>
      </trkpt>
      <trkpt lat="44.09022269770503" lon="7.096282504498959">
        <ele>926.577628408797</ele>
      </trkpt>
      <trkpt lat="44.08999496139586" lon="7.096254928037524">
        <ele>923.877338084139</ele>
      </trkpt>
      <trkpt lat="44.08976764418185" lon="7.096227519214153">
        <ele>921.4272366838886</ele>
      </trkpt>
      <trkpt lat="44.08953999169171" lon="7.096199942752719">
        <ele>918.6808664533102</ele>
      </trkpt>
      <trkpt lat="44.08927998505533" lon="7.096059964969754">
        <ele>910.0998259688429</ele>
      </trkpt>
      <trkpt lat="44.08919993788004" lon="7.095849998295307">
        <ele>907.4188064779453</ele>
      </trkpt>
      <trkpt lat="44.089169930666685" lon="7.095529977232218">
        <ele>907.5904061043072</ele>
      </trkpt>
      <trkpt lat="44.0890499856323" lon="7.095179948955774">
        <ele>904.0016633070599</ele>
      </trkpt>
      <trkpt lat="44.088999945670366" lon="7.094839978963137">
        <ele>900.771204200815</ele>
      </trkpt>
      <trkpt lat="44.08900992013514" lon="7.094629928469658">
        <ele>899.6630405997682</ele>
      </trkpt>
      <trkpt lat="44.08913992345333" lon="7.094239918515086">
        <ele>896.4246920428163</ele>
      </trkpt>
      <trkpt lat="44.0890999417752" lon="7.094049984589219">
        <ele>893.1250413936893</ele>
      </trkpt>
      <trkpt lat="44.089059960097075" lon="7.094019977375865">
        <ele>890.9015035007297</ele>
      </trkpt>
      <trkpt lat="44.089059960097075" lon="7.09417998790741">
        <ele>891.0671941967735</ele>
      </trkpt>
      <trkpt lat="44.08895996399224" lon="7.094439994543791">
        <ele>889.1313554022181</ele>
      </trkpt>
      <trkpt lat="44.08879995346069" lon="7.094669993966818">
        <ele>883.0114022516523</ele>
      </trkpt>
      <trkpt lat="44.088739939033985" lon="7.094849953427911">
        <ele>884.2242903635914</ele>
      </trkpt>
      <trkpt lat="44.088569954037666" lon="7.094999989494681">
        <ele>876.491174295461</ele>
      </trkpt>
      <trkpt lat="44.088549921289086" lon="7.095179948955774">
        <ele>876.8181699953783</ele>
      </trkpt>
      <trkpt lat="44.08848999068141" lon="7.095349933952093">
        <ele>875.2810622837604</ele>
      </trkpt>
      <trkpt lat="44.08833995461464" lon="7.095589991658926">
        <ele>869.4994029018465</ele>
      </trkpt>
      <trkpt lat="44.088309947401285" lon="7.095839940011501">
        <ele>866.2334703669434</ele>
      </trkpt>
      <trkpt lat="44.08836996182799" lon="7.09600992500782">
        <ele>864.6146092578156</ele>
      </trkpt>
      <trkpt lat="44.08848504535854" lon="7.096205139532685">
        <ele>861.4995113878019</ele>
      </trkpt>
      <trkpt lat="44.08859996125102" lon="7.096399934962392">
        <ele>856.784013234927</ele>
      </trkpt>
      <trkpt lat="44.08874999731779" lon="7.096709981560707">
        <ele>853.8100327821168</ele>
      </trkpt>
      <trkpt lat="44.088739939033985" lon="7.0967599377036095">
        <ele>851.1892713799747</ele>
      </trkpt>
      <trkpt lat="44.08870993182063" lon="7.096749963238835">
        <ele>848.9254343830348</ele>
      </trkpt>
      <trkpt lat="44.088629968464375" lon="7.096569919958711">
        <ele>850.7947389720019</ele>
      </trkpt>
      <trkpt lat="44.088419917970896" lon="7.096519963815808">
        <ele>847.2676645207534</ele>
      </trkpt>
      <trkpt lat="44.08814993686974" lon="7.096489956602454">
        <ele>844.1035206636326</ele>
      </trkpt>
      <trkpt lat="44.08794994466007" lon="7.096319971606135">
        <ele>842.8253633589388</ele>
      </trkpt>
      <trkpt lat="44.08782999962568" lon="7.096169935539365">
        <ele>837.7575970020492</ele>
      </trkpt>
      <trkpt lat="44.087749952450395" lon="7.095939936116338">
        <ele>835.9385405858468</ele>
      </trkpt>
      <trkpt lat="44.08782513812184" lon="7.095594182610512">
        <ele>834.5625820687899</ele>
      </trkpt>
      <trkpt lat="44.087899988517165" lon="7.095249937847257">
        <ele>830.1438385966612</ele>
      </trkpt>
      <trkpt lat="44.08806016668677" lon="7.094914494082332">
        <ele>829.8769410035666</ele>
      </trkpt>
      <trkpt lat="44.08821992576122" lon="7.0945799723267555">
        <ele>826.7241065868079</ele>
      </trkpt>
      <trkpt lat="44.088240042328835" lon="7.09414386190474">
        <ele>815.4431164246213</ele>
      </trkpt>
      <trkpt lat="44.08825999125838" lon="7.09370993077755">
        <ele>811.7314446787445</ele>
      </trkpt>
      <trkpt lat="44.08814976923168" lon="7.094060629606247">
        <ele>806.9170575203808</ele>
      </trkpt>
      <trkpt lat="44.08803996630013" lon="7.094409987330437">
        <ele>804.8796686157423</ele>
      </trkpt>
      <trkpt lat="44.087904850021005" lon="7.09464518353343">
        <ele>802.993291346764</ele>
      </trkpt>
      <trkpt lat="44.087769985198975" lon="7.094879960641265">
        <ele>803.5826488234325</ele>
      </trkpt>
      <trkpt lat="44.08753998577595" lon="7.095139967277646">
        <ele>798.0369898797697</ele>
      </trkpt>
      <trkpt lat="44.087299928069115" lon="7.095329985022545">
        <ele>790.0253091530798</ele>
      </trkpt>
      <trkpt lat="44.08715995028615" lon="7.095679929479957">
        <ele>788.6576469881877</ele>
      </trkpt>
      <trkpt lat="44.0869499836117" lon="7.095979917794466">
        <ele>786.0503233721839</ele>
      </trkpt>
      <trkpt lat="44.086679918691516" lon="7.096179993823171">
        <ele>775.7913981303356</ele>
      </trkpt>
      <trkpt lat="44.086569948121905" lon="7.0965599454939365">
        <ele>776.2140203228613</ele>
      </trkpt>
      <trkpt lat="44.086394933983684" lon="7.096739988774061">
        <ele>770.0999369807456</ele>
      </trkpt>
      <trkpt lat="44.08621991984546" lon="7.096919948235154">
        <ele>765.3592545993275</ele>
      </trkpt>
      <trkpt lat="44.086139956489205" lon="7.097109965980053">
        <ele>762.491835911926</ele>
      </trkpt>
      <trkpt lat="44.086159989237785" lon="7.0972199365496635">
        <ele>761.4333906647688</ele>
      </trkpt>
      <trkpt lat="44.08596997149289" lon="7.0972199365496635">
        <ele>754.985399871881</ele>
      </trkpt>
      <trkpt lat="44.08586997538805" lon="7.097309958189726">
        <ele>752.381196461828</ele>
      </trkpt>
      <trkpt lat="44.08571993932128" lon="7.097349939867854">
        <ele>750.322202271334</ele>
      </trkpt>
      <trkpt lat="44.08554995432496" lon="7.097549932077527">
        <ele>739.9730928690944</ele>
      </trkpt>
      <trkpt lat="44.085299922153354" lon="7.0974399615079165">
        <ele>734.6664465749036</ele>
      </trkpt>
      <trkpt lat="44.08518995158374" lon="7.097479943186045">
        <ele>730.5255197733718</ele>
      </trkpt>
      <trkpt lat="44.08505994826555" lon="7.097599972039461">
        <ele>723.5211536151296</ele>
      </trkpt>
      <trkpt lat="44.0850299410522" lon="7.097509950399399">
        <ele>724.5716093550766</ele>
      </trkpt>
      <trkpt lat="44.085129937157035" lon="7.0972399692982435">
        <ele>722.1311553587122</ele>
      </trkpt>
      <trkpt lat="44.08526002429426" lon="7.09708490408957">
        <ele>723.4579907142637</ele>
      </trkpt>
      <trkpt lat="44.085389943793416" lon="7.096929922699928">
        <ele>721.1839405964658</ele>
      </trkpt>
      <trkpt lat="44.0855201985687" lon="7.096596071496606">
        <ele>711.0939052818832</ele>
      </trkpt>
      <trkpt lat="44.085650369524956" lon="7.0962622202932835">
        <ele>707.2092988407146</ele>
      </trkpt>
      <trkpt lat="44.08577995374799" lon="7.095929961651564">
        <ele>705.5717984395446</ele>
      </trkpt>
      <trkpt lat="44.08583510667086" lon="7.095549087971449">
        <ele>695.0478838602032</ele>
      </trkpt>
      <trkpt lat="44.0858899243176" lon="7.095169974491">
        <ele>682.1007270073028</ele>
      </trkpt>
      <trkpt lat="44.08583485521376" lon="7.095545819029212">
        <ele>694.8845416378501</ele>
      </trkpt>
      <trkpt lat="44.08577995374799" lon="7.0959199871867895">
        <ele>705.2253046135617</ele>
      </trkpt>
      <trkpt lat="44.085689932107925" lon="7.0961499866098166">
        <ele>706.5726237862034</ele>
      </trkpt>
      <trkpt lat="44.08577995374799" lon="7.095929961651564">
        <ele>705.5717984395446</ele>
      </trkpt>
      <trkpt lat="44.08583510667086" lon="7.095549087971449">
        <ele>695.0478838602032</ele>
      </trkpt>
      <trkpt lat="44.0858899243176" lon="7.095169974491">
        <ele>682.1007270073028</ele>
      </trkpt>
      <trkpt lat="44.08600006252527" lon="7.094999821856618">
        <ele>682.7631684097737</ele>
      </trkpt>
      <trkpt lat="44.08610994927585" lon="7.094829920679331">
        <ele>683.3272837858588</ele>
      </trkpt>
      <trkpt lat="44.08621011301875" lon="7.094614673405886">
        <ele>684.6149667448879</ele>
      </trkpt>
      <trkpt lat="44.086309941485524" lon="7.094399929046631">
        <ele>686.4991877644602</ele>
      </trkpt>
      <trkpt lat="44.086289992555976" lon="7.094359947368503">
        <ele>684.3661991854796</ele>
      </trkpt>
      <trkpt lat="44.086309941485524" lon="7.0941199734807014">
        <ele>681.6464092008439</ele>
      </trkpt>
      <trkpt lat="44.086289992555976" lon="7.094009919092059">
        <ele>677.9373259418704</ele>
      </trkpt>
      <trkpt lat="44.086309941485524" lon="7.093699956312776">
        <ele>675.3810997933356</ele>
      </trkpt>
      <trkpt lat="44.08641999587417" lon="7.093509938567877">
        <ele>678.1092998778668</ele>
      </trkpt>
      <trkpt lat="44.08642997033894" lon="7.09340994246304">
        <ele>674.6342711166332</ele>
      </trkpt>
      <trkpt lat="44.086309941485524" lon="7.093269964680076">
        <ele>664.9692431170752</ele>
      </trkpt>
      <trkpt lat="44.08629996702075" lon="7.0931899175047874">
        <ele>665.4484813344627</ele>
      </trkpt>
      <trkpt lat="44.086249927058816" lon="7.093159994110465">
        <ele>661.2847755436503</ele>
      </trkpt>
      <trkpt lat="44.08623995259404" lon="7.093069972470403">
        <ele>662.8078278554159</ele>
      </trkpt>
      <trkpt lat="44.08618999645114" lon="7.0930099580436945">
        <ele>661.510960456889</ele>
      </trkpt>
      <trkpt lat="44.0860799420625" lon="7.09295991808176">
        <ele>655.0762795996702</ele>
      </trkpt>
      <trkpt lat="44.08604993484914" lon="7.092749951407313">
        <ele>657.9430399668274</ele>
      </trkpt>
      <trkpt lat="44.086090084165335" lon="7.092484328895807">
        <ele>659.7011759658393</ele>
      </trkpt>
      <trkpt lat="44.08612998202443" lon="7.092219963669777">
        <ele>659.9792816765591</ele>
      </trkpt>
      <trkpt lat="44.08612998202443" lon="7.092089960351586">
        <ele>659.3415623761229</ele>
      </trkpt>
      <trkpt lat="44.0860799420625" lon="7.09200999699533">
        <ele>655.9405358652971</ele>
      </trkpt>
      <trkpt lat="44.08602981828153" lon="7.092230441048741">
        <ele>655.5081958019451</ele>
      </trkpt>
      <trkpt lat="44.08597994595766" lon="7.092449963092804">
        <ele>649.8524941987662</ele>
      </trkpt>
      <trkpt lat="44.08595999702811" lon="7.092609973624349">
        <ele>648.1601708146013</ele>
      </trkpt>
      <trkpt lat="44.0858899243176" lon="7.0928299985826015">
        <ele>643.262279358835</ele>
      </trkpt>
      <trkpt lat="44.08591993153095" lon="7.092969976365566">
        <ele>640.8494707112662</ele>
      </trkpt>
      <trkpt lat="44.086029985919595" lon="7.093179943040013">
        <ele>642.6059100742416</ele>
      </trkpt>
      <trkpt lat="44.08604993484914" lon="7.093339953571558">
        <ele>644.2305416513275</ele>
      </trkpt>
      <trkpt lat="44.08601992763579" lon="7.093459982424974">
        <ele>645.393193792293</ele>
      </trkpt>
      <trkpt lat="44.0858899243176" lon="7.093609934672713">
        <ele>640.1620502779158</ele>
      </trkpt>
      <trkpt lat="44.08580996096134" lon="7.093759970739484">
        <ele>634.7785722729458</ele>
      </trkpt>
      <trkpt lat="44.085819935426116" lon="7.094019977375865">
        <ele>637.8361246467581</ele>
      </trkpt>
      <trkpt lat="44.08569999039173" lon="7.094279984012246">
        <ele>635.2209381702125</ele>
      </trkpt>
      <trkpt lat="44.08547996543348" lon="7.094549965113401">
        <ele>633.3993112288216</ele>
      </trkpt>
      <trkpt lat="44.085339987650514" lon="7.094659935683012">
        <ele>632.9256091174908</ele>
      </trkpt>
      <trkpt lat="44.08504997380078" lon="7.094749957323074">
        <ele>627.9862304019994</ele>
      </trkpt>
      <trkpt lat="44.08489993773401" lon="7.0947799645364285">
        <ele>618.8306062917156</ele>
      </trkpt>
      <trkpt lat="44.084849981591105" lon="7.0950299967080355">
        <ele>614.6341160014382</ele>
      </trkpt>
      <trkpt lat="44.0848399233073" lon="7.095359992235899">
        <ele>616.9053703261019</ele>
      </trkpt>
      <trkpt lat="44.084729785099626" lon="7.095575239509344">
        <ele>613.8215237755284</ele>
      </trkpt>
      <trkpt lat="44.08461998216808" lon="7.095789983868599">
        <ele>611.7153685107565</ele>
      </trkpt>
      <trkpt lat="44.08446994610131" lon="7.096019983291626">
        <ele>611.1094249736226</ele>
      </trkpt>
      <trkpt lat="44.08425989560783" lon="7.096253335475922">
        <ele>608.2096150243195</ele>
      </trkpt>
      <trkpt lat="44.08404984511435" lon="7.096486771479249">
        <ele>603.3984968126409</ele>
      </trkpt>
      <trkpt lat="44.083839962258935" lon="7.096719956025481">
        <ele>594.6029136810739</ele>
      </trkpt>
      <trkpt lat="44.08371993340552" lon="7.097119940444827">
        <ele>597.8167505690384</ele>
      </trkpt>
      <trkpt lat="44.083599988371134" lon="7.0972399692982435">
        <ele>602.4184150513196</ele>
      </trkpt>
      <trkpt lat="44.08342991955578" lon="7.097259918227792">
        <ele>599.1527355181837</ele>
      </trkpt>
      <trkpt lat="44.083275105804205" lon="7.097304929047823">
        <ele>596.1514756327334</ele>
      </trkpt>
      <trkpt lat="44.0831199567765" lon="7.097349939867854">
        <ele>586.3144529849902</ele>
      </trkpt>
      <trkpt lat="44.08305994234979" lon="7.097519924864173">
        <ele>582.2183621730841</ele>
      </trkpt>
      <trkpt lat="44.08299992792308" lon="7.097839945927262">
        <ele>577.0038356386544</ele>
      </trkpt>
      <trkpt lat="44.08303999342024" lon="7.098049996420741">
        <ele>578.843579750357</ele>
      </trkpt>
      <trkpt lat="44.08296992070973" lon="7.098459955304861">
        <ele>570.5507609824497</ele>
      </trkpt>
      <trkpt lat="44.08296992070973" lon="7.0985799841582775">
        <ele>567.7507705569865</ele>
      </trkpt>
      <trkpt lat="44.08300998620689" lon="7.098689954727888">
        <ele>568.2831945004832</ele>
      </trkpt>
      <trkpt lat="44.08299992792308" lon="7.09905993193388">
        <ele>558.2431122650826</ele>
      </trkpt>
      <trkpt lat="44.08309992402792" lon="7.099229916930199">
        <ele>559.3067332817351</ele>
      </trkpt>
      <trkpt lat="44.08318994566798" lon="7.099479949101806">
        <ele>559.2995464780354</ele>
      </trkpt>
      <trkpt lat="44.083199920132756" lon="7.09965999238193">
        <ele>553.4664490238362</ele>
      </trkpt>
      <trkpt lat="44.0833599306643" lon="7.099749930202961">
        <ele>556.5608532759992</ele>
      </trkpt>
      <trkpt lat="44.08339999616146" lon="7.099809944629669">
        <ele>553.28909389331</ele>
      </trkpt>
      <trkpt lat="44.083669977262616" lon="7.099749930202961">
        <ele>559.2961335919122</ele>
      </trkpt>
      <trkpt lat="44.08371993340552" lon="7.099829977378249">
        <ele>555.4921115169958</ele>
      </trkpt>
      <trkpt lat="44.08371993340552" lon="7.099969955161214">
        <ele>546.8164753857169</ele>
      </trkpt>
      <trkpt lat="44.083909867331386" lon="7.1000748965889215">
        <ele>546.9020693468678</ele>
      </trkpt>
      <trkpt lat="44.084099968895316" lon="7.100179921835661">
        <ele>545.2673125834066</ele>
      </trkpt>
      <trkpt lat="44.08418999053538" lon="7.100279917940497">
        <ele>543.7929843674244</ele>
      </trkpt>
      <trkpt lat="44.08431999385357" lon="7.100379997864366">
        <ele>542.6888600634704</ele>
      </trkpt>
      <trkpt lat="44.084415128454566" lon="7.1005902998149395">
        <ele>538.4491151740137</ele>
      </trkpt>
      <trkpt lat="44.084509927779436" lon="7.10079993121326">
        <ele>538.2766648358795</ele>
      </trkpt>
      <trkpt lat="44.08451998606324" lon="7.100869920104742">
        <ele>539.0535895265377</ele>
      </trkpt>
      <trkpt lat="44.08449995331466" lon="7.100979974493384">
        <ele>538.9933128247053</ele>
      </trkpt>
      <trkpt lat="44.08435486257076" lon="7.101205196231604">
        <ele>535.7897352256766</ele>
      </trkpt>
      <trkpt lat="44.08420993946493" lon="7.101429998874664">
        <ele>528.6703511267352</ele>
      </trkpt>
      <trkpt lat="44.084159983322024" lon="7.101659998297691">
        <ele>522.9357482345185</ele>
      </trkpt>
      <trkpt lat="44.08418999053538" lon="7.101729987189174">
        <ele>524.532498317347</ele>
      </trkpt>
      <trkpt lat="44.0843599755317" lon="7.101849932223558">
        <ele>524.3635292496576</ele>
      </trkpt>
      <trkpt lat="44.08455996774137" lon="7.101949928328395">
        <ele>521.824532347063</ele>
      </trkpt>
      <trkpt lat="44.08471981063485" lon="7.101964931935072">
        <ele>522.0731134099409</ele>
      </trkpt>
      <trkpt lat="44.08487998880446" lon="7.101979935541749">
        <ele>519.6835670511653</ele>
      </trkpt>
      <trkpt lat="44.084959952160716" lon="7.102019917219877">
        <ele>518.6124399018324</ele>
      </trkpt>
      <trkpt lat="44.08500999212265" lon="7.10210993885994">
        <ele>517.1519099996092</ele>
      </trkpt>
      <trkpt lat="44.08498995937407" lon="7.102389978244901">
        <ele>512.6474681929726</ele>
      </trkpt>
      <trkpt lat="44.08509003929794" lon="7.102560130879283">
        <ele>511.21357842118255</ele>
      </trkpt>
      <trkpt lat="44.08518995158374" lon="7.102729948237538">
        <ele>509.118373989572</ele>
      </trkpt>
      <trkpt lat="44.08526999875903" lon="7.102929940447211">
        <ele>507.8500051164576</ele>
      </trkpt>
      <trkpt lat="44.085299922153354" lon="7.103149965405464">
        <ele>505.30674636800717</ele>
      </trkpt>
      <trkpt lat="44.085299922153354" lon="7.103370493277907">
        <ele>503.3809397258078</ele>
      </trkpt>
      <trkpt lat="44.085299922153354" lon="7.103589931502938">
        <ele>502.0056776996713</ele>
      </trkpt>
      <trkpt lat="44.08526999875903" lon="7.103819930925965">
        <ele>500.7247183680166</ele>
      </trkpt>
      <trkpt lat="44.085159776732326" lon="7.104095444083214">
        <ele>496.61300818449047</ele>
      </trkpt>
      <trkpt lat="44.08504997380078" lon="7.104369951412082">
        <ele>493.93410057626113</ele>
      </trkpt>
      <trkpt lat="44.085037065669894" lon="7.104455446824431">
        <ele>493.79331361315445</ele>
      </trkpt>
      <trkpt lat="44.08504234626889" lon="7.104457207024097">
        <ele>494.07127556431965</ele>
      </trkpt>
      <trkpt lat="44.085023403167725" lon="7.1045708656311035">
        <ele>493.7361460020236</ele>
      </trkpt>
      <trkpt lat="44.08494830131531" lon="7.104828357696533">
        <ele>491.8602546079519</ele>
      </trkpt>
      <trkpt lat="44.08489465713501" lon="7.1050214767456055">
        <ele>490.8078797893352</ele>
      </trkpt>
      <trkpt lat="44.08487864769995" lon="7.105059614405036">
        <ele>490.75279525518056</ele>
      </trkpt>
      <trkpt lat="44.08480882644653" lon="7.105225324630737">
        <ele>490.3459918172586</ele>
      </trkpt>
      <trkpt lat="44.08475526608527" lon="7.105300426483154">
        <ele>488.62591178324465</ele>
      </trkpt>
      <trkpt lat="44.08472307957709" lon="7.105364799499512">
        <ele>486.45752976417134</ele>
      </trkpt>
      <trkpt lat="44.08468008041382" lon="7.10539698600769">
        <ele>485.0965579901617</ele>
      </trkpt>
      <trkpt lat="44.08464688807726" lon="7.105411738157272">
        <ele>484.4456498137171</ele>
      </trkpt>
      <trkpt lat="44.084643702954054" lon="7.105397991836071">
        <ele>484.4373287246688</ele>
      </trkpt>
      <trkpt lat="44.08447992056608" lon="7.105479966849089">
        <ele>493.04811705402227</ele>
      </trkpt>
      <trkpt lat="44.0844099316746" lon="7.105479966849089">
        <ele>498.86833664621724</ele>
      </trkpt>
      <trkpt lat="44.084319826215506" lon="7.10518442094326">
        <ele>494.56771241852414</ele>
      </trkpt>
      <trkpt lat="44.08422997221351" lon="7.104889964684844">
        <ele>493.52125656793464</ele>
      </trkpt>
      <trkpt lat="44.084099968895316" lon="7.1045599691569805">
        <ele>489.0056370499092</ele>
      </trkpt>
      <trkpt lat="44.08406996168196" lon="7.104589976370335">
        <ele>490.34909385510593</ele>
      </trkpt>
      <trkpt lat="44.08390995115042" lon="7.104439940303564">
        <ele>491.48284094566435</ele>
      </trkpt>
      <trkpt lat="44.08382998779416" lon="7.104399958625436">
        <ele>492.0273891570777</ele>
      </trkpt>
      <trkpt lat="44.08371993340552" lon="7.104259980842471">
        <ele>491.55247572390067</ele>
      </trkpt>
      <trkpt lat="44.08360996283591" lon="7.104209940880537">
        <ele>490.85541062066085</ele>
      </trkpt>
      <trkpt lat="44.08352999947965" lon="7.10442996583879">
        <ele>491.98851734660434</ele>
      </trkpt>
      <trkpt lat="44.08337996341288" lon="7.104639932513237">
        <ele>491.1600407641688</ele>
      </trkpt>
      <trkpt lat="44.08334995619953" lon="7.104589976370335">
        <ele>490.3137125494148</ele>
      </trkpt>
      <trkpt lat="44.0833099745214" lon="7.104599950835109">
        <ele>489.61282701822466</ele>
      </trkpt>
      <trkpt lat="44.083219952881336" lon="7.104749986901879">
        <ele>488.9534816562887</ele>
      </trkpt>
      <trkpt lat="44.083239985629916" lon="7.104799943044782">
        <ele>490.36880182451574</ele>
      </trkpt>
      <trkpt lat="44.08322255127132" lon="7.104806397110224">
        <ele>489.9010120328006</ele>
      </trkpt>
      <trkpt lat="44.083242416381836" lon="7.104806900024414">
        <ele>490.54010148726366</ele>
      </trkpt>
      <trkpt lat="44.083296060562134" lon="7.104989290237427">
        <ele>493.4622007572291</ele>
      </trkpt>
      <trkpt lat="44.08340343274176" lon="7.105257511138916">
        <ele>495.6222732796109</ele>
      </trkpt>
      <trkpt lat="44.08337124623358" lon="7.105278968811035">
        <ele>495.51228220247333</ele>
      </trkpt>
      <trkpt lat="44.08337116241455" lon="7.105278968811035">
        <ele>495.5119748560488</ele>
      </trkpt>
      <trkpt lat="44.083373341709375" lon="7.105429088696837">
        <ele>495.8020645957943</ele>
      </trkpt>
      <trkpt lat="44.0832616109401" lon="7.105429172515869">
        <ele>495.5317623936753</ele>
      </trkpt>
      <trkpt lat="44.08298349939287" lon="7.105634361505508">
        <ele>496.4900116062528</ele>
      </trkpt>
      <trkpt lat="44.08270547166467" lon="7.105839634314179">
        <ele>495.9214127348739</ele>
      </trkpt>
      <trkpt lat="44.08268745057285" lon="7.1058528777211905">
        <ele>495.80283663525523</ele>
      </trkpt>
      <trkpt lat="44.082413110882044" lon="7.106067705899477">
        <ele>493.00839551849225</ele>
      </trkpt>
      <trkpt lat="44.08213877119124" lon="7.106282450258732">
        <ele>493.62149074665984</ele>
      </trkpt>
      <trkpt lat="44.08186451531947" lon="7.106497194617987">
        <ele>495.24338037003963</ele>
      </trkpt>
      <trkpt lat="44.08174406737089" lon="7.1065914910286665">
        <ele>497.361455991094</ele>
      </trkpt>
      <trkpt lat="44.081499986350536" lon="7.106769941747189">
        <ele>499.85685427574504</ele>
      </trkpt>
      <trkpt lat="44.08134005963802" lon="7.106864908710122">
        <ele>504.5633419228433</ele>
      </trkpt>
      <trkpt lat="44.08117996528745" lon="7.106959959492087">
        <ele>509.68890844734756</ele>
      </trkpt>
      <trkpt lat="44.08100998029113" lon="7.107019973918796">
        <ele>510.89580298367</ele>
      </trkpt>
      <trkpt lat="44.08086991868913" lon="7.1070099994540215">
        <ele>509.57491320638127</ele>
      </trkpt>
      <trkpt lat="44.0807799808681" lon="7.107279980555177">
        <ele>521.9810340672278</ele>
      </trkpt>
      <trkpt lat="44.0806348901242" lon="7.107430016621947">
        <ele>527.7951156967524</ele>
      </trkpt>
      <trkpt lat="44.080489967018366" lon="7.107579968869686">
        <ele>536.5376881958141</ele>
      </trkpt>
      <trkpt lat="44.08032995648682" lon="7.107689939439297">
        <ele>543.972144137686</ele>
      </trkpt>
      <trkpt lat="44.080249993130565" lon="7.107659932225943">
        <ele>544.4474395098673</ele>
      </trkpt>
      <trkpt lat="44.08021998591721" lon="7.107579968869686">
        <ele>545.3621788020829</ele>
      </trkpt>
      <trkpt lat="44.08023993484676" lon="7.107439991086721">
        <ele>546.2617885906577</ele>
      </trkpt>
      <trkpt lat="44.08027991652489" lon="7.107349969446659">
        <ele>546.6601065763183</ele>
      </trkpt>
      <trkpt lat="44.08025996759534" lon="7.107299929484725">
        <ele>550.4594593456296</ele>
      </trkpt>
      <trkpt lat="44.08014999702573" lon="7.107259947806597">
        <ele>559.6564810160154</ele>
      </trkpt>
      <trkpt lat="44.08008998259902" lon="7.1073999255895615">
        <ele>560.2723134722523</ele>
      </trkpt>
      <trkpt lat="44.08001999370754" lon="7.107339994981885">
        <ele>567.3165773767397</ele>
      </trkpt>
      <trkpt lat="44.079969953745604" lon="7.107349969446659">
        <ele>570.4883039776992</ele>
      </trkpt>
      <trkpt lat="44.07989996485412" lon="7.1073999255895615">
        <ele>575.1054220059822</ele>
      </trkpt>
      <trkpt lat="44.07983995042741" lon="7.107379976660013">
        <ele>580.5821641203391</ele>
      </trkpt>
      <trkpt lat="44.079779936000705" lon="7.107539987191558">
        <ele>582.382640089404</ele>
      </trkpt>
      <trkpt lat="44.079669965431094" lon="7.10758994333446">
        <ele>589.2207227259654</ele>
      </trkpt>
      <trkpt lat="44.07956996932626" lon="7.107689939439297">
        <ele>594.4546621951347</ele>
      </trkpt>
      <trkpt lat="44.079479947686195" lon="7.1078799571841955">
        <ele>599.4503557656989</ele>
      </trkpt>
      <trkpt lat="44.07946997322142" lon="7.10803996771574">
        <ele>600.4142919906151</ele>
      </trkpt>
      <trkpt lat="44.0792999882251" lon="7.108279941603541">
        <ele>608.66867850773</ele>
      </trkpt>
      <trkpt lat="44.07922999933362" lon="7.10844992659986">
        <ele>611.2867917255155</ele>
      </trkpt>
      <trkpt lat="44.079199992120266" lon="7.108589988201857">
        <ele>615.0587220392246</ele>
      </trkpt>
      <trkpt lat="44.079109970480204" lon="7.108609937131405">
        <ele>616.4650834196245</ele>
      </trkpt>
      <trkpt lat="44.07888994552195" lon="7.108519999310374">
        <ele>616.3199187065363</ele>
      </trkpt>
      <trkpt lat="44.07879992388189" lon="7.108529973775148">
        <ele>616.6153454079365</ele>
      </trkpt>
      <trkpt lat="44.07869992777705" lon="7.108579929918051">
        <ele>617.227211394319</ele>
      </trkpt>
      <trkpt lat="44.07853991724551" lon="7.108729965984821">
        <ele>618.5922321865917</ele>
      </trkpt>
      <trkpt lat="44.07840999774635" lon="7.108929958194494">
        <ele>622.4070965852183</ele>
      </trkpt>
      <trkpt lat="44.07821998000145" lon="7.109099943190813">
        <ele>624.9077727651522</ele>
      </trkpt>
      <trkpt lat="44.07808997668326" lon="7.109249979257584">
        <ele>627.6414002599213</ele>
      </trkpt>
      <trkpt lat="44.077905071899295" lon="7.109314939007163">
        <ele>630.3236998147851</ele>
      </trkpt>
      <trkpt lat="44.07771999947727" lon="7.109379982575774">
        <ele>631.5495672187366</ele>
      </trkpt>
      <trkpt lat="44.07749678939581" lon="7.109499927610159">
        <ele>636.3377972320565</ele>
      </trkpt>
      <trkpt lat="44.07727357931435" lon="7.109619788825512">
        <ele>640.9477630629547</ele>
      </trkpt>
      <trkpt lat="44.077049950137734" lon="7.109739985316992">
        <ele>644.1194787639747</ele>
      </trkpt>
      <trkpt lat="44.07677996903658" lon="7.109949951991439">
        <ele>647.1428090721852</ele>
      </trkpt>
      <trkpt lat="44.07665994018316" lon="7.1101299952715635">
        <ele>652.7044114899653</ele>
      </trkpt>
      <trkpt lat="44.076469922438264" lon="7.1102299913764">
        <ele>652.6149787600234</ele>
      </trkpt>
      <trkpt lat="44.076299937441945" lon="7.110359994694591">
        <ele>649.4753330244077</ele>
      </trkpt>
      <trkpt lat="44.07628996297717" lon="7.1105199214071035">
        <ele>650.76185292698</ele>
      </trkpt>
      <trkpt lat="44.07630999572575" lon="7.110679931938648">
        <ele>653.9283326018793</ele>
      </trkpt>
      <trkpt lat="44.076279904693365" lon="7.11095561273396">
        <ele>656.7328427154548</ele>
      </trkpt>
      <trkpt lat="44.07624998129904" lon="7.111229952424765">
        <ele>660.3829402496373</ele>
      </trkpt>
      <trkpt lat="44.07626993022859" lon="7.111309999600053">
        <ele>663.8632537365456</ele>
      </trkpt>
      <trkpt lat="44.07625995576382" lon="7.111419970169663">
        <ele>667.3933381947248</ele>
      </trkpt>
      <trkpt lat="44.07621997408569" lon="7.111489959061146">
        <ele>670.2171897711485</ele>
      </trkpt>
      <trkpt lat="44.076039930805564" lon="7.111549973487854">
        <ele>669.4557373739983</ele>
      </trkpt>
      <trkpt lat="44.075999949127436" lon="7.111599929630756">
        <ele>669.8055262529676</ele>
      </trkpt>
      <trkpt lat="44.07594999298453" lon="7.111699925735593">
        <ele>670.8871729231936</ele>
      </trkpt>
      <trkpt lat="44.07590992748737" lon="7.111829929053783">
        <ele>673.575827999163</ele>
      </trkpt>
      <trkpt lat="44.07573482953012" lon="7.11209018714726">
        <ele>677.6439537281459</ele>
      </trkpt>
      <trkpt lat="44.07555998302996" lon="7.112349942326546">
        <ele>678.7991860192881</ele>
      </trkpt>
      <trkpt lat="44.075549924746156" lon="7.112605590373278">
        <ele>681.8277899569086</ele>
      </trkpt>
      <trkpt lat="44.07553995028138" lon="7.112859981134534">
        <ele>687.1589816211193</ele>
      </trkpt>
      <trkpt lat="44.0754699613899" lon="7.113069947808981">
        <ele>685.4997318921306</ele>
      </trkpt>
      <trkpt lat="44.07547993585467" lon="7.113159969449043">
        <ele>686.7186772800272</ele>
      </trkpt>
      <trkpt lat="44.07552997581661" lon="7.113289972767234">
        <ele>689.242012647159</ele>
      </trkpt>
      <trkpt lat="44.07552997581661" lon="7.1134299505501986">
        <ele>691.8211604951534</ele>
      </trkpt>
      <trkpt lat="44.075549924746156" lon="7.113459957763553">
        <ele>693.4660043556717</ele>
      </trkpt>
      <trkpt lat="44.075589990243316" lon="7.1134499832987785">
        <ele>695.2879658185195</ele>
      </trkpt>
      <trkpt lat="44.075609939172864" lon="7.11338996887207">
        <ele>694.9661261147255</ele>
      </trkpt>
      <trkpt lat="44.075589990243316" lon="7.113109929487109">
        <ele>693.3903569491792</ele>
      </trkpt>
      <trkpt lat="44.07561999745667" lon="7.113039940595627">
        <ele>695.5167422248605</ele>
      </trkpt>
      <trkpt lat="44.07566995359957" lon="7.112979926168919">
        <ele>697.828093893191</ele>
      </trkpt>
      <trkpt lat="44.07576994970441" lon="7.112919995561242">
        <ele>700.8644346353303</ele>
      </trkpt>
      <trkpt lat="44.075889978557825" lon="7.112819999456406">
        <ele>703.3532019544982</ele>
      </trkpt>
      <trkpt lat="44.07604998908937" lon="7.112759985029697">
        <ele>706.3690008271726</ele>
      </trkpt>
      <trkpt lat="44.07619994133711" lon="7.112759985029697">
        <ele>709.1922991114928</ele>
      </trkpt>
      <trkpt lat="44.07638995908201" lon="7.112849922850728">
        <ele>713.593209706739</ele>
      </trkpt>
      <trkpt lat="44.07647998072207" lon="7.112759985029697">
        <ele>712.7789546377244</ele>
      </trkpt>
      <trkpt lat="44.07669992186129" lon="7.112449938431382">
        <ele>715.969886079807</ele>
      </trkpt>
      <trkpt lat="44.0767099801451" lon="7.11248992010951">
        <ele>717.9184816576122</ele>
      </trkpt>
      <trkpt lat="44.07663479447365" lon="7.112740455195308">
        <ele>721.0410851046533</ele>
      </trkpt>
      <trkpt lat="44.076559944078326" lon="7.1129899844527245">
        <ele>724.837061567266</ele>
      </trkpt>
      <trkpt lat="44.076429940760136" lon="7.113349987193942">
        <ele>726.9673979892373</ele>
      </trkpt>
      <trkpt lat="44.07643999904394" lon="7.113519972190261">
        <ele>731.3555869929455</ele>
      </trkpt>
      <trkpt lat="44.076299937441945" lon="7.113809986039996">
        <ele>737.943154353459</ele>
      </trkpt>
      <trkpt lat="44.076129952445626" lon="7.113979971036315">
        <ele>738.4007451950313</ele>
      </trkpt>
      <trkpt lat="44.07592996023595" lon="7.114299992099404">
        <ele>740.240398607116</ele>
      </trkpt>
      <trkpt lat="44.075889978557825" lon="7.114429995417595">
        <ele>742.8773451193056</ele>
      </trkpt>
      <trkpt lat="44.07572996802628" lon="7.114779939875007">
        <ele>747.094340064105</ele>
      </trkpt>
      <trkpt lat="44.075679928064346" lon="7.11510993540287">
        <ele>750.4783190508015</ele>
      </trkpt>
      <trkpt lat="44.07564489170909" lon="7.115485863760114">
        <ele>750.7082614420362</ele>
      </trkpt>
      <trkpt lat="44.075609939172864" lon="7.1158599480986595">
        <ele>754.4949425201246</ele>
      </trkpt>
      <trkpt lat="44.07563994638622" lon="7.116139987483621">
        <ele>758.6815443522371</ele>
      </trkpt>
      <trkpt lat="44.07558479346335" lon="7.116485740989447">
        <ele>761.4854126794033</ele>
      </trkpt>
      <trkpt lat="44.07552997581661" lon="7.116829985752702">
        <ele>765.6622144354174</ele>
      </trkpt>
      <trkpt lat="44.07547482289374" lon="7.117175739258528">
        <ele>770.286231763734</ele>
      </trkpt>
      <trkpt lat="44.075419921427965" lon="7.117519984021783">
        <ele>773.992018397104</ele>
      </trkpt>
      <trkpt lat="44.075435008853674" lon="7.117765573784709">
        <ele>777.6492213163566</ele>
      </trkpt>
      <trkpt lat="44.07544992864132" lon="7.118009990081191">
        <ele>785.0548185958905</ele>
      </trkpt>
      <trkpt lat="44.075299724936485" lon="7.118340404704213">
        <ele>784.9306680168368</ele>
      </trkpt>
      <trkpt lat="44.07514952123165" lon="7.118670903146267">
        <ele>784.3987947394733</ele>
      </trkpt>
      <trkpt lat="44.07499998807907" lon="7.118999976664782">
        <ele>786.5707571052026</ele>
      </trkpt>
      <trkpt lat="44.07509998418391" lon="7.119229976087809">
        <ele>791.132079524604</ele>
      </trkpt>
      <trkpt lat="44.07501993700862" lon="7.11946994997561">
        <ele>800.7480476321039</ele>
      </trkpt>
      <trkpt lat="44.074729923158884" lon="7.11948998272419">
        <ele>795.4352827752734</ele>
      </trkpt>
      <trkpt lat="44.0747048612684" lon="7.119740517809987">
        <ele>797.0986277260772</ele>
      </trkpt>
      <trkpt lat="44.07467996701598" lon="7.119989963248372">
        <ele>804.0939096191742</ele>
      </trkpt>
      <trkpt lat="44.074559938162565" lon="7.1201099921017885">
        <ele>816.4285545385596</ele>
      </trkpt>
      <trkpt lat="44.07434502616525" lon="7.119937492534518">
        <ele>815.2489868130745</ele>
      </trkpt>
      <trkpt lat="44.074129946529865" lon="7.119764992967248">
        <ele>818.7512814350999</ele>
      </trkpt>
      <trkpt lat="44.073914950713515" lon="7.119592493399978">
        <ele>819.4941796994788</ele>
      </trkpt>
      <trkpt lat="44.073699954897165" lon="7.119419993832707">
        <ele>822.7427479306066</ele>
      </trkpt>
      <trkpt lat="44.07361479476094" lon="7.1190892439335585">
        <ele>820.5534301329462</ele>
      </trkpt>
      <trkpt lat="44.07352996990085" lon="7.118759918957949">
        <ele>824.3873828934406</ele>
      </trkpt>
      <trkpt lat="44.07335973344743" lon="7.118429504334927">
        <ele>825.1911656802788</ele>
      </trkpt>
      <trkpt lat="44.07318999990821" lon="7.118099927902222">
        <ele>826.7543766879476</ele>
      </trkpt>
      <trkpt lat="44.07292672432959" lon="7.117913346737623">
        <ele>829.8956426687696</ele>
      </trkpt>
      <trkpt lat="44.07266344875097" lon="7.117726765573025">
        <ele>832.4913701936682</ele>
      </trkpt>
      <trkpt lat="44.07239992171526" lon="7.117539932951331">
        <ele>835.5152781445299</ele>
      </trkpt>
      <trkpt lat="44.07215517014265" lon="7.117475057020783">
        <ele>839.1164858978254</ele>
      </trkpt>
      <trkpt lat="44.07190999947488" lon="7.117409929633141">
        <ele>837.4802495280518</ele>
      </trkpt>
      <trkpt lat="44.07173993065953" lon="7.117469944059849">
        <ele>837.2751840935905</ele>
      </trkpt>
      <trkpt lat="44.071659967303276" lon="7.117539932951331">
        <ele>835.58211868477</ele>
      </trkpt>
      <trkpt lat="44.07157992012799" lon="7.117809997871518">
        <ele>839.8748248707977</ele>
      </trkpt>
      <trkpt lat="44.071399960666895" lon="7.118079978972673">
        <ele>844.1697958586278</ele>
      </trkpt>
      <trkpt lat="44.07117993570864" lon="7.118319952860475">
        <ele>845.0541770912182</ele>
      </trkpt>
      <trkpt lat="44.07099997624755" lon="7.118569985032082">
        <ele>842.8434273220405</ele>
      </trkpt>
      <trkpt lat="44.070949936285615" lon="7.118909955024719">
        <ele>845.1084847552609</ele>
      </trkpt>
      <trkpt lat="44.07092998735607" lon="7.119249925017357">
        <ele>852.0388203488251</ele>
      </trkpt>
      <trkpt lat="44.070839965716004" lon="7.119399961084127">
        <ele>858.4662568489241</ele>
      </trkpt>
      <trkpt lat="44.07064952887595" lon="7.1195124462246895">
        <ele>857.3724497732318</ele>
      </trkpt>
      <trkpt lat="44.070649361237884" lon="7.119512613862753">
        <ele>857.3721992230904</ele>
      </trkpt>
      <trkpt lat="44.07062530517578" lon="7.119548320770264">
        <ele>857.7442955553761</ele>
      </trkpt>
      <trkpt lat="44.07047510147095" lon="7.119762897491455">
        <ele>861.4002539951739</ele>
      </trkpt>
      <trkpt lat="44.07027133740485" lon="7.119880830869079">
        <ele>860.9348711933317</ele>
      </trkpt>
      <trkpt lat="44.070067405700684" lon="7.119998931884766">
        <ele>860.034096118713</ele>
      </trkpt>
      <trkpt lat="44.06991720199585" lon="7.1201491355896">
        <ele>855.2320781090715</ele>
      </trkpt>
      <trkpt lat="44.06996011734009" lon="7.120299339294434">
        <ele>858.0075564137401</ele>
      </trkpt>
      <trkpt lat="44.07001744955778" lon="7.120629083365202">
        <ele>860.0510289833039</ele>
      </trkpt>
      <trkpt lat="44.070074781775475" lon="7.12095882743597">
        <ele>862.685480471599</ele>
      </trkpt>
      <trkpt lat="44.07013177871704" lon="7.121286392211914">
        <ele>864.0593592714736</ele>
      </trkpt>
      <trkpt lat="44.07015323638916" lon="7.121695009991527">
        <ele>865.1373418323991</ele>
      </trkpt>
      <trkpt lat="44.07017469406128" lon="7.122101783752441">
        <ele>870.158835991565</ele>
      </trkpt>
      <trkpt lat="44.07008861191571" lon="7.122402777895331">
        <ele>872.7940135478796</ele>
      </trkpt>
      <trkpt lat="44.07000261358917" lon="7.122703772038221">
        <ele>873.9009112542935</ele>
      </trkpt>
      <trkpt lat="44.06991720199585" lon="7.123003005981445">
        <ele>874.9486597914472</ele>
      </trkpt>
      <trkpt lat="44.069881327450275" lon="7.123332750052214">
        <ele>879.2374477331052</ele>
      </trkpt>
      <trkpt lat="44.0698454529047" lon="7.123662577942014">
        <ele>882.9886515298094</ele>
      </trkpt>
      <trkpt lat="44.069809913635254" lon="7.123990058898926">
        <ele>883.7868055674235</ele>
      </trkpt>
      <trkpt lat="44.06996028497815" lon="7.124366154894233">
        <ele>885.6966333149973</ele>
      </trkpt>
      <trkpt lat="44.07011032104492" lon="7.124741077423096">
        <ele>891.6206541250309</ele>
      </trkpt>
      <trkpt lat="44.0700888633728" lon="7.124998569488525">
        <ele>891.9226901394916</ele>
      </trkpt>
      <trkpt lat="44.07015323638916" lon="7.1253204345703125">
        <ele>893.5406797183259</ele>
      </trkpt>
      <trkpt lat="44.0701961517334" lon="7.125663757324219">
        <ele>899.8296035841267</ele>
      </trkpt>
      <trkpt lat="44.07017469406128" lon="7.12587833404541">
        <ele>904.2353619303101</ele>
      </trkpt>
      <trkpt lat="44.06991720199585" lon="7.12609282694757">
        <ele>909.4078400486655</ele>
      </trkpt>
      <trkpt lat="44.06965970993042" lon="7.126307487487793">
        <ele>908.7539482412576</ele>
      </trkpt>
      <trkpt lat="44.06953792087734" lon="7.126572439447045">
        <ele>912.636655942101</ele>
      </trkpt>
      <trkpt lat="44.069416131824255" lon="7.126837475225329">
        <ele>915.6736051720592</ele>
      </trkpt>
      <trkpt lat="44.069294929504395" lon="7.127101421356201">
        <ele>913.2535005186282</ele>
      </trkpt>
      <trkpt lat="44.069294929504395" lon="7.127401828765869">
        <ele>911.8652919299266</ele>
      </trkpt>
      <trkpt lat="44.06944513320923" lon="7.127745151519775">
        <ele>917.5143377909856</ele>
      </trkpt>
      <trkpt lat="44.06946659088135" lon="7.12813138961792">
        <ele>920.9160281504426</ele>
      </trkpt>
      <trkpt lat="44.06942384317517" lon="7.128537325188518">
        <ele>927.6308809501569</ele>
      </trkpt>
      <trkpt lat="44.06942367553711" lon="7.128539085388184">
        <ele>927.7081364807657</ele>
      </trkpt>
      <trkpt lat="44.06938076019287" lon="7.128646373748779">
        <ele>925.6789147083099</ele>
      </trkpt>
      <trkpt lat="44.06935930252075" lon="7.12888240814209">
        <ele>924.4075975568835</ele>
      </trkpt>
      <trkpt lat="44.06942367553711" lon="7.129182815551758">
        <ele>937.4700555505674</ele>
      </trkpt>
      <trkpt lat="44.06935930252075" lon="7.1292901039123535">
        <ele>943.2393298455877</ele>
      </trkpt>
      <trkpt lat="44.069252014160156" lon="7.1292901039123535">
        <ele>944.0735579175199</ele>
      </trkpt>
      <trkpt lat="44.069037437438965" lon="7.129397392272949">
        <ele>955.1110155888698</ele>
      </trkpt>
      <trkpt lat="44.0688765887171" lon="7.1293652057647705">
        <ele>953.3080341929478</ele>
      </trkpt>
      <trkpt lat="44.06871557235718" lon="7.129333019256592">
        <ele>946.6662362632819</ele>
      </trkpt>
      <trkpt lat="44.068535109981894" lon="7.129603587090969">
        <ele>950.206082833243</ele>
      </trkpt>
      <trkpt lat="44.06835473142564" lon="7.129874154925346">
        <ele>951.2653251654293</ele>
      </trkpt>
      <trkpt lat="44.06817435286939" lon="7.130144806578755">
        <ele>951.6570547491527</ele>
      </trkpt>
      <trkpt lat="44.06799397431314" lon="7.130415374413133">
        <ele>957.1251663049541</ele>
      </trkpt>
      <trkpt lat="44.067814350128174" lon="7.130684852600098">
        <ele>956.6465034929861</ele>
      </trkpt>
      <trkpt lat="44.067749977111816" lon="7.13087797164917">
        <ele>952.9969216679282</ele>
      </trkpt>
      <trkpt lat="44.067760705947876" lon="7.131114508956671">
        <ele>957.3172101173636</ele>
      </trkpt>
      <trkpt lat="44.067771434783936" lon="7.131350040435791">
        <ele>965.9164752660035</ele>
      </trkpt>
      <trkpt lat="44.06768560409546" lon="7.131457328796387">
        <ele>971.1505817496084</ele>
      </trkpt>
      <trkpt lat="44.067535400390625" lon="7.131500244140625">
        <ele>977.1950185276328</ele>
      </trkpt>
      <trkpt lat="44.067299365997314" lon="7.131350040435791">
        <ele>977.0118041230203</ele>
      </trkpt>
      <trkpt lat="44.067127872258425" lon="7.131371414288878">
        <ele>977.6592907324897</ele>
      </trkpt>
      <trkpt lat="44.06695604324341" lon="7.131392955780029">
        <ele>973.7010642469611</ele>
      </trkpt>
      <trkpt lat="44.06689167022705" lon="7.131500244140625">
        <ele>978.4574813976797</ele>
      </trkpt>
      <trkpt lat="44.0667200088501" lon="7.131478786468506">
        <ele>984.4457148389778</ele>
      </trkpt>
      <trkpt lat="44.06660182401538" lon="7.131253145635128">
        <ele>989.0695821276902</ele>
      </trkpt>
      <trkpt lat="44.06648397445679" lon="7.131028175354004">
        <ele>987.0697577129934</ele>
      </trkpt>
      <trkpt lat="44.066312313079834" lon="7.130910158157349">
        <ele>989.196066399788</ele>
      </trkpt>
      <trkpt lat="44.06614065170288" lon="7.130792140960693">
        <ele>992.6769366439984</ele>
      </trkpt>
      <trkpt lat="44.06594753265381" lon="7.1306203957647085">
        <ele>996.8716891676326</ele>
      </trkpt>
      <trkpt lat="44.065754413604736" lon="7.130448734387755">
        <ele>999.0367681827178</ele>
      </trkpt>
      <trkpt lat="44.065561294555664" lon="7.130277156829834">
        <ele>999.7233615943637</ele>
      </trkpt>
      <trkpt lat="44.06545400619507" lon="7.130126953125">
        <ele>998.7912852523405</ele>
      </trkpt>
      <trkpt lat="44.065282344818115" lon="7.130062580108643">
        <ele>1002.2791662802783</ele>
      </trkpt>
      <trkpt lat="44.06508922576904" lon="7.130105495452881">
        <ele>1007.5609436895102</ele>
      </trkpt>
      <trkpt lat="44.064810276031494" lon="7.129955291748047">
        <ele>1000.7292470568864</ele>
      </trkpt>
      <trkpt lat="44.064552783966064" lon="7.130041122436523">
        <ele>999.0725168922927</ele>
      </trkpt>
      <trkpt lat="44.06441322527826" lon="7.130234325304627">
        <ele>1000.3318860078027</ele>
      </trkpt>
      <trkpt lat="44.06438698992133" lon="7.13027061894536">
        <ele>1000.6170733788103</ele>
      </trkpt>
      <trkpt lat="44.064234187826514" lon="7.130534648895264">
        <ele>1004.6189984373541</ele>
      </trkpt>
      <trkpt lat="44.064369136467576" lon="7.130722319707274">
        <ele>1011.9820294591225</ele>
      </trkpt>
      <trkpt lat="44.06434600241482" lon="7.131028175354004">
        <ele>1017.8322015033202</ele>
      </trkpt>
      <trkpt lat="44.06403754837811" lon="7.1311169397085905">
        <ele>1014.640551019739</ele>
      </trkpt>
      <trkpt lat="44.06378298997879" lon="7.13119019754231">
        <ele>1011.2255499048291</ele>
      </trkpt>
      <trkpt lat="44.06379950232804" lon="7.1312615275383">
        <ele>1010.6517983008725</ele>
      </trkpt>
      <trkpt lat="44.06384468078613" lon="7.131457328796387">
        <ele>1009.2902591458842</ele>
      </trkpt>
      <trkpt lat="44.06388759613037" lon="7.131457328796387">
        <ele>1010.415548729572</ele>
      </trkpt>
      <trkpt lat="44.06395205296576" lon="7.131844405084848">
        <ele>1008.4653892275147</ele>
      </trkpt>
      <trkpt lat="44.064016342163086" lon="7.132229804992676">
        <ele>1006.504349340601</ele>
      </trkpt>
      <trkpt lat="44.06401106156409" lon="7.132256040349603">
        <ele>1006.0717762511144</ele>
      </trkpt>
      <trkpt lat="44.06397996470332" lon="7.132329968735576">
        <ele>1004.0169019728778</ele>
      </trkpt>
      <trkpt lat="44.06405992805958" lon="7.132629957050085">
        <ele>1000.485325214661</ele>
      </trkpt>
      <trkpt lat="44.06405992805958" lon="7.132679997012019">
        <ele>998.8102406475396</ele>
      </trkpt>
      <trkpt lat="44.06412505544722" lon="7.132930448278785">
        <ele>994.2681245674972</ele>
      </trkpt>
      <trkpt lat="44.06418993137777" lon="7.1331799775362015">
        <ele>990.0300708946705</ele>
      </trkpt>
      <trkpt lat="44.06429998576641" lon="7.133429925888777">
        <ele>987.019697102854</ele>
      </trkpt>
      <trkpt lat="44.064499977976084" lon="7.13375992141664">
        <ele>980.0437418882294</ele>
      </trkpt>
      <trkpt lat="44.06465998850763" lon="7.13409997522831">
        <ele>974.6316533994661</ele>
      </trkpt>
      <trkpt lat="44.06472008675337" lon="7.134425695985556">
        <ele>970.3396653823158</ele>
      </trkpt>
      <trkpt lat="44.06477993354201" lon="7.1347499918192625">
        <ele>967.8635367649981</ele>
      </trkpt>
      <trkpt lat="44.06479996629059" lon="7.134985523298383">
        <ele>965.528458530659</ele>
      </trkpt>
      <trkpt lat="44.06481999903917" lon="7.135219965130091">
        <ele>963.2302718728431</ele>
      </trkpt>
      <trkpt lat="44.06485503539443" lon="7.135480558499694">
        <ele>960.1001179749009</ele>
      </trkpt>
      <trkpt lat="44.064889987930655" lon="7.135739978402853">
        <ele>956.3157616462072</ele>
      </trkpt>
      <trkpt lat="44.0650499984622" lon="7.136009959504008">
        <ele>956.3786692560363</ele>
      </trkpt>
      <trkpt lat="44.065189976245165" lon="7.136099981144071">
        <ele>956.7520059065396</ele>
      </trkpt>
      <trkpt lat="44.065359961241484" lon="7.1362499333918095">
        <ele>953.3718099601853</ele>
      </trkpt>
      <trkpt lat="44.065599935129285" lon="7.136409943923354">
        <ele>950.4912789182979</ele>
      </trkpt>
      <trkpt lat="44.06573999673128" lon="7.136565009132028">
        <ele>947.6567084660991</ele>
      </trkpt>
      <trkpt lat="44.065879974514246" lon="7.136719990521669">
        <ele>945.6971016298206</ele>
      </trkpt>
      <trkpt lat="44.066028418019414" lon="7.136938506737351">
        <ele>942.0690564111733</ele>
      </trkpt>
      <trkpt lat="44.06617686152458" lon="7.137156939134002">
        <ele>938.5824743629448</ele>
      </trkpt>
      <trkpt lat="44.06632496975362" lon="7.1373749524354935">
        <ele>935.9490001361578</ele>
      </trkpt>
      <trkpt lat="44.06647341325879" lon="7.1375934686511755">
        <ele>934.3813645921226</ele>
      </trkpt>
      <trkpt lat="44.06662185676396" lon="7.1378119848668575">
        <ele>932.4395843480115</ele>
      </trkpt>
      <trkpt lat="44.066769964993" lon="7.138029998168349">
        <ele>931.307904134748</ele>
      </trkpt>
      <trkpt lat="44.06683995388448" lon="7.1380699798464775">
        <ele>931.0610459050695</ele>
      </trkpt>
      <trkpt lat="44.066929975524545" lon="7.138029998168349">
        <ele>932.5604737676455</ele>
      </trkpt>
      <trkpt lat="44.06701999716461" lon="7.138019939884543">
        <ele>932.4880945099716</ele>
      </trkpt>
      <trkpt lat="44.06706995330751" lon="7.1380499470978975">
        <ele>931.1919459792825</ele>
      </trkpt>
      <trkpt lat="44.06710993498564" lon="7.138129994273186">
        <ele>929.2895444850234</ele>
      </trkpt>
      <trkpt lat="44.06711999326944" lon="7.138219932094216">
        <ele>928.6633637665702</ele>
      </trkpt>
      <trkpt lat="44.06700977124274" lon="7.138520507141948">
        <ele>924.971349744019</ele>
      </trkpt>
      <trkpt lat="44.06689996831119" lon="7.138819992542267">
        <ele>920.8853047047469</ele>
      </trkpt>
      <trkpt lat="44.06691991724074" lon="7.139229951426387">
        <ele>922.8566000076394</ele>
      </trkpt>
      <trkpt lat="44.06696995720267" lon="7.139509990811348">
        <ele>924.2423977006233</ele>
      </trkpt>
      <trkpt lat="44.067059978842735" lon="7.139789946377277">
        <ele>927.7111594218882</ele>
      </trkpt>
      <trkpt lat="44.06704992055893" lon="7.139889942482114">
        <ele>926.0759154570876</ele>
      </trkpt>
      <trkpt lat="44.06706500798464" lon="7.140170652419329">
        <ele>923.7479729580785</ele>
      </trkpt>
      <trkpt lat="44.067079927772284" lon="7.140449937433004">
        <ele>921.6331383450039</ele>
      </trkpt>
      <trkpt lat="44.06708328053355" lon="7.140767443925142">
        <ele>918.9267798002526</ele>
      </trkpt>
      <trkpt lat="44.06708663329482" lon="7.1410848665982485">
        <ele>917.1272381052127</ele>
      </trkpt>
      <trkpt lat="44.06708998605609" lon="7.141399942338467">
        <ele>914.8332612112339</ele>
      </trkpt>
      <trkpt lat="44.06706995330751" lon="7.141459956765175">
        <ele>913.4876693164008</ele>
      </trkpt>
      <trkpt lat="44.06713994219899" lon="7.141629941761494">
        <ele>911.9918886363799</ele>
      </trkpt>
      <trkpt lat="44.06706995330751" lon="7.141679981723428">
        <ele>908.6190683027125</ele>
      </trkpt>
      <trkpt lat="44.06717992387712" lon="7.142019951716065">
        <ele>902.3366172598486</ele>
      </trkpt>
      <trkpt lat="44.06712996773422" lon="7.1420499589294195">
        <ele>900.2293176710441</ele>
      </trkpt>
      <trkpt lat="44.067169949412346" lon="7.142109973356128">
        <ele>899.567698909048</ele>
      </trkpt>
      <trkpt lat="44.067169949412346" lon="7.14219999499619">
        <ele>897.2238157221991</ele>
      </trkpt>
      <trkpt lat="44.067229963839054" lon="7.142469976097345">
        <ele>891.3985915990925</ele>
      </trkpt>
      <trkpt lat="44.0673500765115" lon="7.142645074054599">
        <ele>887.863884067554</ele>
      </trkpt>
      <trkpt lat="44.067469937726855" lon="7.142819920554757">
        <ele>885.0112784333559</ele>
      </trkpt>
      <trkpt lat="44.06767001375556" lon="7.143050087615848">
        <ele>881.5819723528183</ele>
      </trkpt>
      <trkpt lat="44.0678699221462" lon="7.143279919400811">
        <ele>879.6697799622278</ele>
      </trkpt>
      <trkpt lat="44.06794996932149" lon="7.143509918823838">
        <ele>878.099775177312</ele>
      </trkpt>
      <trkpt lat="44.06794996932149" lon="7.143719969317317">
        <ele>877.6492076855657</ele>
      </trkpt>
      <trkpt lat="44.06782994046807" lon="7.144039990380406">
        <ele>876.2469688742901</ele>
      </trkpt>
      <trkpt lat="44.06775995157659" lon="7.144109979271889">
        <ele>874.577395134113</ele>
      </trkpt>
      <trkpt lat="44.06764998100698" lon="7.144119953736663">
        <ele>873.362831110025</ele>
      </trkpt>
      <trkpt lat="44.06752995215356" lon="7.1442799642682076">
        <ele>870.383555819164</ele>
      </trkpt>
      <trkpt lat="44.06742995604873" lon="7.144359927624464">
        <ele>867.9092382777781</ele>
      </trkpt>
      <trkpt lat="44.067229963839054" lon="7.144469982013106">
        <ele>863.6564029042474</ele>
      </trkpt>
      <trkpt lat="44.067039946094155" lon="7.144489930942655">
        <ele>861.4865391337568</ele>
      </trkpt>
      <trkpt lat="44.0669599827379" lon="7.144519938156009">
        <ele>859.6322597683559</ele>
      </trkpt>
      <trkpt lat="44.06693994998932" lon="7.144589927047491">
        <ele>857.0101563470406</ele>
      </trkpt>
      <trkpt lat="44.06704992055893" lon="7.1447099559009075">
        <ele>853.3950839614756</ele>
      </trkpt>
      <trkpt lat="44.06724982894957" lon="7.144829900935292">
        <ele>846.3101770655994</ele>
      </trkpt>
      <trkpt lat="44.06744998879731" lon="7.144949929788709">
        <ele>841.146301216131</ele>
      </trkpt>
      <trkpt lat="44.067659955471754" lon="7.144969962537289">
        <ele>837.5858316413648</ele>
      </trkpt>
      <trkpt lat="44.0678699221462" lon="7.144869966432452">
        <ele>838.3770848575126</ele>
      </trkpt>
      <trkpt lat="44.06808475032449" lon="7.144939871504903">
        <ele>831.371131152658</ele>
      </trkpt>
      <trkpt lat="44.06829999759793" lon="7.145009944215417">
        <ele>826.6246792260021</ele>
      </trkpt>
      <trkpt lat="44.06839999370277" lon="7.145109940320253">
        <ele>827.3408729006665</ele>
      </trkpt>
      <trkpt lat="44.06839999370277" lon="7.14522996917367">
        <ele>832.3857903881246</ele>
      </trkpt>
      <trkpt lat="44.06816999427974" lon="7.145509924739599">
        <ele>833.1174795944389</ele>
      </trkpt>
      <trkpt lat="44.06807997263968" lon="7.145699942484498">
        <ele>832.1230601394833</ele>
      </trkpt>
      <trkpt lat="44.068069998174906" lon="7.1457999385893345">
        <ele>832.4254366402783</ele>
      </trkpt>
      <trkpt lat="44.0680099837482" lon="7.1457999385893345">
        <ele>830.623545668104</ele>
      </trkpt>
      <trkpt lat="44.06797997653484" lon="7.1458199713379145">
        <ele>829.8474610273531</ele>
      </trkpt>
      <trkpt lat="44.067939994856715" lon="7.145929941907525">
        <ele>828.520261931709</ele>
      </trkpt>
      <trkpt lat="44.067919962108135" lon="7.146059945225716">
        <ele>828.1416544761854</ele>
      </trkpt>
      <trkpt lat="44.067919962108135" lon="7.1462799701839685">
        <ele>827.5560775706304</ele>
      </trkpt>
      <trkpt lat="44.06796991825104" lon="7.146529918536544">
        <ele>826.5982475690453</ele>
      </trkpt>
      <trkpt lat="44.06797997653484" lon="7.1469399612396955">
        <ele>824.7476935795307</ele>
      </trkpt>
      <trkpt lat="44.068029932677746" lon="7.147109946236014">
        <ele>822.988889628296</ele>
      </trkpt>
      <trkpt lat="44.06820016913116" lon="7.147445390000939">
        <ele>822.4699546468346</ele>
      </trkpt>
      <trkpt lat="44.068369986489415" lon="7.147779995575547">
        <ele>822.7925259817079</ele>
      </trkpt>
      <trkpt lat="44.06839999370277" lon="7.147869933396578">
        <ele>822.7562683608339</ele>
      </trkpt>
      <trkpt lat="44.06837996095419" lon="7.14793992228806">
        <ele>822.1158944781185</ele>
      </trkpt>
      <trkpt lat="44.068539971485734" lon="7.148309983313084">
        <ele>823.0220135757944</ele>
      </trkpt>
      <trkpt lat="44.06861993484199" lon="7.148639978840947">
        <ele>823.1027808881336</ele>
      </trkpt>
      <trkpt lat="44.068609960377216" lon="7.149009956046939">
        <ele>819.995676765328</ele>
      </trkpt>
      <trkpt lat="44.068669974803925" lon="7.1491199266165495">
        <ele>817.9180803702624</ele>
      </trkpt>
      <trkpt lat="44.068929981440306" lon="7.14926996268332">
        <ele>819.380119480901</ele>
      </trkpt>
      <trkpt lat="44.06893995590508" lon="7.1493499260395765">
        <ele>819.7046259335593</ele>
      </trkpt>
      <trkpt lat="44.06889997422695" lon="7.149459980428219">
        <ele>819.4116436499357</ele>
      </trkpt>
      <trkpt lat="44.068779945373535" lon="7.149609932675958">
        <ele>815.5398623450996</ele>
      </trkpt>
      <trkpt lat="44.06869998201728" lon="7.149979993700981">
        <ele>810.756717912549</ele>
      </trkpt>
      <trkpt lat="44.06876997090876" lon="7.150119971483946">
        <ele>810.3316337368962</ele>
      </trkpt>
      <trkpt lat="44.068909948691726" lon="7.150249974802136">
        <ele>814.1992789307699</ele>
      </trkpt>
      <trkpt lat="44.068949930369854" lon="7.150319963693619">
        <ele>817.353507473769</ele>
      </trkpt>
      <trkpt lat="44.06897499226034" lon="7.150595644488931">
        <ele>809.2347251374806</ele>
      </trkpt>
      <trkpt lat="44.06899997033179" lon="7.150869984179735">
        <ele>797.2529979172</ele>
      </trkpt>
      <trkpt lat="44.069079933688045" lon="7.151079950854182">
        <ele>797.5020142742716</ele>
      </trkpt>
      <trkpt lat="44.06925997696817" lon="7.1513899974524975">
        <ele>804.234711245281</ele>
      </trkpt>
      <trkpt lat="44.0694397687912" lon="7.151404917240143">
        <ele>804.4023444198053</ele>
      </trkpt>
      <trkpt lat="44.06961997970939" lon="7.15141992084682">
        <ele>804.236212585296</ele>
      </trkpt>
      <trkpt lat="44.06968996860087" lon="7.15145998634398">
        <ele>804.6814079192449</ele>
      </trkpt>
      <trkpt lat="44.06969994306564" lon="7.151649920269847">
        <ele>807.9611677877069</ele>
      </trkpt>
      <trkpt lat="44.06957999803126" lon="7.151959966868162">
        <ele>816.8069252610196</ele>
      </trkpt>
      <trkpt lat="44.06947991810739" lon="7.152109919115901">
        <ele>820.1675769929716</ele>
      </trkpt>
      <trkpt lat="44.06936994753778" lon="7.152199940755963">
        <ele>823.8384075419614</ele>
      </trkpt>
      <trkpt lat="44.069099966436625" lon="7.152249980717897">
        <ele>831.6402865097277</ele>
      </trkpt>
      <trkpt lat="44.06916995532811" lon="7.152379984036088">
        <ele>838.8503518933043</ele>
      </trkpt>
      <trkpt lat="44.069295013323426" lon="7.1525150164961815">
        <ele>841.863354945356</ele>
      </trkpt>
      <trkpt lat="44.069419987499714" lon="7.152649965137243">
        <ele>843.6001333682577</ele>
      </trkpt>
      <trkpt lat="44.06956013292074" lon="7.152910307049751">
        <ele>853.4972081112653</ele>
      </trkpt>
      <trkpt lat="44.06969994306564" lon="7.153169978410006">
        <ele>857.516832768825</ele>
      </trkpt>
      <trkpt lat="44.06981511041522" lon="7.1534553822129965">
        <ele>862.3805071508485</ele>
      </trkpt>
      <trkpt lat="44.06992994248867" lon="7.15373994782567">
        <ele>868.2226118579454</ele>
      </trkpt>
      <trkpt lat="44.07004510983825" lon="7.154025435447693">
        <ele>875.5068987088416</ele>
      </trkpt>
      <trkpt lat="44.0701599419117" lon="7.154309917241335">
        <ele>879.4781898079023</ele>
      </trkpt>
      <trkpt lat="44.070009822025895" lon="7.154583586379886">
        <ele>882.7703889808357</ele>
      </trkpt>
      <trkpt lat="44.06985961832106" lon="7.154857255518436">
        <ele>885.3283655410546</ele>
      </trkpt>
      <trkpt lat="44.06970991753042" lon="7.155129918828607">
        <ele>889.1121101440986</ele>
      </trkpt>
      <trkpt lat="44.06960975378752" lon="7.155483132228255">
        <ele>892.1748005450711</ele>
      </trkpt>
      <trkpt lat="44.069509925320745" lon="7.155834920704365">
        <ele>897.8620265425759</ele>
      </trkpt>
      <trkpt lat="44.069409761577845" lon="7.156188134104013">
        <ele>903.6164571947273</ele>
      </trkpt>
      <trkpt lat="44.06930993311107" lon="7.156539922580123">
        <ele>911.4937056797758</ele>
      </trkpt>
      <trkpt lat="44.06931328587234" lon="7.156857429072261">
        <ele>917.0543942126212</ele>
      </trkpt>
      <trkpt lat="44.06931663863361" lon="7.157174851745367">
        <ele>923.4445054374764</ele>
      </trkpt>
      <trkpt lat="44.06931999139488" lon="7.157489927485585">
        <ele>928.6522851276247</ele>
      </trkpt>
      <trkpt lat="44.069199711084366" lon="7.157830568030477">
        <ele>934.091428297216</ele>
      </trkpt>
      <trkpt lat="44.069079933688045" lon="7.158169951289892">
        <ele>938.2098085906629</ele>
      </trkpt>
      <trkpt lat="44.06904992647469" lon="7.15852995403111">
        <ele>941.4873311891598</ele>
      </trkpt>
      <trkpt lat="44.069095104932785" lon="7.158890794962645">
        <ele>944.3961293257</ele>
      </trkpt>
      <trkpt lat="44.06913994811475" lon="7.159249959513545">
        <ele>947.1701740723313</ele>
      </trkpt>
      <trkpt lat="44.069205075502396" lon="7.1594904363155365">
        <ele>949.2921170763815</ele>
      </trkpt>
      <trkpt lat="44.06926995143294" lon="7.159729991108179">
        <ele>950.2213040137052</ele>
      </trkpt>
      <trkpt lat="44.06931999139488" lon="7.160069961100817">
        <ele>954.0752977922348</ele>
      </trkpt>
      <trkpt lat="44.06930993311107" lon="7.1604675985872746">
        <ele>957.1626629105017</ele>
      </trkpt>
      <trkpt lat="44.069299874827266" lon="7.160865236073732">
        <ele>960.2730964501723</ele>
      </trkpt>
      <trkpt lat="44.06928998418152" lon="7.16125993989408">
        <ele>963.0311423908695</ele>
      </trkpt>
      <trkpt lat="44.06925989314914" lon="7.161600748077035">
        <ele>965.6611483979207</ele>
      </trkpt>
      <trkpt lat="44.069229969754815" lon="7.161939963698387">
        <ele>967.9183142885454</ele>
      </trkpt>
      <trkpt lat="44.06918487511575" lon="7.162280771881342">
        <ele>970.5156066022338</ele>
      </trkpt>
      <trkpt lat="44.06913994811475" lon="7.162619987502694">
        <ele>973.09196874374</ele>
      </trkpt>
      <trkpt lat="44.069064846262336" lon="7.16287043876946">
        <ele>974.2367792511438</ele>
      </trkpt>
      <trkpt lat="44.068989995867014" lon="7.1631199680268764">
        <ele>973.5700830035948</ele>
      </trkpt>
      <trkpt lat="44.068969963118434" lon="7.163279978558421">
        <ele>972.0624330565911</ele>
      </trkpt>
      <trkpt lat="44.06900994479656" lon="7.1635599341243505">
        <ele>972.213693627058</ele>
      </trkpt>
      <trkpt lat="44.0689698792994" lon="7.163910800591111">
        <ele>973.2565624273653</ele>
      </trkpt>
      <trkpt lat="44.068929981440306" lon="7.1642599906772375">
        <ele>971.1696016182635</ele>
      </trkpt>
      <trkpt lat="44.068929981440306" lon="7.164555704221129">
        <ele>970.2836659099451</ele>
      </trkpt>
      <trkpt lat="44.068929981440306" lon="7.164849992841482">
        <ele>973.5063525680132</ele>
      </trkpt>
      <trkpt lat="44.06906995922327" lon="7.1651499811559916">
        <ele>982.3226677503618</ele>
      </trkpt>
      <trkpt lat="44.06912997364998" lon="7.1653499733656645">
        <ele>984.3511643922293</ele>
      </trkpt>
      <trkpt lat="44.069160064682364" lon="7.165685752406716">
        <ele>987.398271330378</ele>
      </trkpt>
      <trkpt lat="44.06918998807669" lon="7.166019938886166">
        <ele>994.1532143805109</ele>
      </trkpt>
      <trkpt lat="44.06906995922327" lon="7.166229989379644">
        <ele>991.1828558748815</ele>
      </trkpt>
      <trkpt lat="44.068987313658" lon="7.166630811989307">
        <ele>993.3773884856452</ele>
      </trkpt>
      <trkpt lat="44.06892285682261" lon="7.166942786425352">
        <ele>994.676399792745</ele>
      </trkpt>
      <trkpt lat="44.06923156231642" lon="7.167029790580273">
        <ele>1001.044506419368</ele>
      </trkpt>
      <trkpt lat="44.069540183991194" lon="7.167116878554225">
        <ele>1002.344199033521</ele>
      </trkpt>
      <trkpt lat="44.06966356560588" lon="7.167151663452387">
        <ele>1002.8353662949464</ele>
      </trkpt>
      <trkpt lat="44.069649735465646" lon="7.167243277654052">
        <ele>1003.5997763030546</ele>
      </trkpt>
      <trkpt lat="44.06956298276782" lon="7.167216371744871">
        <ele>1003.462697762729</ele>
      </trkpt>
      <trkpt lat="44.06929719261825" lon="7.167151244357228">
        <ele>1002.6703780831223</ele>
      </trkpt>
      <trkpt lat="44.06898697838187" lon="7.167075220495462">
        <ele>999.6633926662266</ele>
      </trkpt>
      <trkpt lat="44.06889989040792" lon="7.167053930461407">
        <ele>995.3804524769117</ele>
      </trkpt>
      <trkpt lat="44.06882227398455" lon="7.167430864647031">
        <ele>997.9933057258675</ele>
      </trkpt>
      <trkpt lat="44.06873996369541" lon="7.167829927057028">
        <ele>999.4283954082731</ele>
      </trkpt>
      <trkpt lat="44.06873996369541" lon="7.168080545961857">
        <ele>1001.2568601403107</ele>
      </trkpt>
      <trkpt lat="44.06873996369541" lon="7.168329991400242">
        <ele>1001.255187797948</ele>
      </trkpt>
      <trkpt lat="44.06877005472779" lon="7.168545490130782">
        <ele>1003.129304591547</ele>
      </trkpt>
      <trkpt lat="44.068799978122115" lon="7.168759983032942">
        <ele>1007.1642409966793</ele>
      </trkpt>
      <trkpt lat="44.06888999976218" lon="7.1690999530255795">
        <ele>1012.5037184216739</ele>
      </trkpt>
      <trkpt lat="44.06893509440124" lon="7.169526005163789">
        <ele>1011.3966556556828</ele>
      </trkpt>
      <trkpt lat="44.06897993758321" lon="7.169949961826205">
        <ele>1016.9044556347621</ele>
      </trkpt>
      <trkpt lat="44.06898329034448" lon="7.170307533815503">
        <ele>1021.3486611620145</ele>
      </trkpt>
      <trkpt lat="44.068986643105745" lon="7.170665021985769">
        <ele>1025.7609887020064</ele>
      </trkpt>
      <trkpt lat="44.068989995867014" lon="7.171019995585084">
        <ele>1030.8212032419012</ele>
      </trkpt>
      <trkpt lat="44.06900994479656" lon="7.171069951727986">
        <ele>1031.759072792203</ele>
      </trkpt>
      <trkpt lat="44.06893995590508" lon="7.171169947832823">
        <ele>1029.617924682758</ele>
      </trkpt>
      <trkpt lat="44.06889997422695" lon="7.1713499911129475">
        <ele>1032.1465038643184</ele>
      </trkpt>
      <trkpt lat="44.06889997422695" lon="7.171369940042496">
        <ele>1032.7130355606641</ele>
      </trkpt>
      <trkpt lat="44.06885999254882" lon="7.17139994725585">
        <ele>1033.9343288263171</ele>
      </trkpt>
      <trkpt lat="44.06875479966402" lon="7.171214707195759">
        <ele>1032.564666141547</ele>
      </trkpt>
      <trkpt lat="44.068649942055345" lon="7.171029970049858">
        <ele>1032.0097152485785</ele>
      </trkpt>
      <trkpt lat="44.068479957059026" lon="7.170849926769733">
        <ele>1033.0687393453045</ele>
      </trkpt>
      <trkpt lat="44.06838993541896" lon="7.170799970626831">
        <ele>1033.4333845938668</ele>
      </trkpt>
      <trkpt lat="44.06807997263968" lon="7.170839952304959">
        <ele>1034.1908804794602</ele>
      </trkpt>
      <trkpt lat="44.06794996932149" lon="7.170929973945022">
        <ele>1035.140067686196</ele>
      </trkpt>
      <trkpt lat="44.067749977111816" lon="7.170959981158376">
        <ele>1033.053417650964</ele>
      </trkpt>
      <trkpt lat="44.06755995936692" lon="7.171089984476566">
        <ele>1032.0530231659773</ele>
      </trkpt>
      <trkpt lat="44.0673001203686" lon="7.171194842085242">
        <ele>1028.6881897136936</ele>
      </trkpt>
      <trkpt lat="44.067039946094155" lon="7.171299951151013">
        <ele>1029.2043337803955</ele>
      </trkpt>
      <trkpt lat="44.066799972206354" lon="7.1713299583643675">
        <ele>1020.7206848648595</ele>
      </trkpt>
      <trkpt lat="44.066779939457774" lon="7.1715599577873945">
        <ele>1021.6282492741286</ele>
      </trkpt>
      <trkpt lat="44.06674993224442" lon="7.171689961105585">
        <ele>1021.2252022249223</ele>
      </trkpt>
      <trkpt lat="44.0666164085269" lon="7.172007132321596">
        <ele>1018.7552816719797</ele>
      </trkpt>
      <trkpt lat="44.066482884809375" lon="7.172324303537607">
        <ele>1018.4910723463153</ele>
      </trkpt>
      <trkpt lat="44.066349947825074" lon="7.172639966011047">
        <ele>1019.3283272363601</ele>
      </trkpt>
      <trkpt lat="44.06611508689821" lon="7.1724900137633085">
        <ele>1023.8210309432922</ele>
      </trkpt>
      <trkpt lat="44.065879974514246" lon="7.172339977696538">
        <ele>1011.126736856512</ele>
      </trkpt>
      <trkpt lat="44.06562516465783" lon="7.172290021553636">
        <ele>1012.8607046944403</ele>
      </trkpt>
      <trkpt lat="44.06536993570626" lon="7.1722399815917015">
        <ele>1011.2201734980595</ele>
      </trkpt>
      <trkpt lat="44.06528997235" lon="7.172359926626086">
        <ele>1011.9217783634592</ele>
      </trkpt>
      <trkpt lat="44.06514999456704" lon="7.17238993383944">
        <ele>1011.5607986411627</ele>
      </trkpt>
      <trkpt lat="44.065059972926974" lon="7.172459922730923">
        <ele>1014.2858054689871</ele>
      </trkpt>
      <trkpt lat="44.06481999903917" lon="7.172339977696538">
        <ele>1023.4514909050731</ele>
      </trkpt>
      <trkpt lat="44.064849922433496" lon="7.172189941629767">
        <ele>1025.9963569429135</ele>
      </trkpt>
      <trkpt lat="44.06468010507524" lon="7.172160018235445">
        <ele>1031.8959800002165</ele>
      </trkpt>
      <trkpt lat="44.06450995244086" lon="7.172129927203059">
        <ele>1040.3385452453313</ele>
      </trkpt>
      <trkpt lat="44.06429998576641" lon="7.171939993277192">
        <ele>1050.282932453139</ele>
      </trkpt>
      <trkpt lat="44.06416998244822" lon="7.171699935570359">
        <ele>1053.7828819099877</ele>
      </trkpt>
      <trkpt lat="44.064419930800796" lon="7.171719968318939">
        <ele>1050.544104192943</ele>
      </trkpt>
      <trkpt lat="44.06424977816641" lon="7.171469768509269">
        <ele>1057.5198827078261</ele>
      </trkpt>
      <trkpt lat="44.06407996080816" lon="7.171219987794757">
        <ele>1063.8614599508544</ele>
      </trkpt>
      <trkpt lat="44.06408993527293" lon="7.171179922297597">
        <ele>1065.267884856837</ele>
      </trkpt>
      <trkpt lat="44.06414994969964" lon="7.171179922297597">
        <ele>1066.7895353772853</ele>
      </trkpt>
      <trkpt lat="44.064159924164414" lon="7.17111999168992">
        <ele>1069.1661229193005</ele>
      </trkpt>
      <trkpt lat="44.06410996802151" lon="7.171029970049858">
        <ele>1071.0894074687556</ele>
      </trkpt>
      <trkpt lat="44.06389991752803" lon="7.170799970626831">
        <ele>1074.201658185842</ele>
      </trkpt>
      <trkpt lat="44.06381995417178" lon="7.170609952881932">
        <ele>1080.297395860214</ele>
      </trkpt>
      <trkpt lat="44.064029920846224" lon="7.17053996399045">
        <ele>1087.4210696815555</ele>
      </trkpt>
      <trkpt lat="44.06382992863655" lon="7.1702199429273605">
        <ele>1092.3689180606923</ele>
      </trkpt>
      <trkpt lat="44.06367997638881" lon="7.169839991256595">
        <ele>1099.6360805745148</ele>
      </trkpt>
      <trkpt lat="44.06360998749733" lon="7.169449981302023">
        <ele>1107.0038286799963</ele>
      </trkpt>
      <trkpt lat="44.06354997307062" lon="7.1693499851971865">
        <ele>1109.051468421361</ele>
      </trkpt>
      <trkpt lat="44.0633699297905" lon="7.169159967452288">
        <ele>1114.7059291688</ele>
      </trkpt>
      <trkpt lat="44.06313993036747" lon="7.168969949707389">
        <ele>1120.6067589247782</ele>
      </trkpt>
      <trkpt lat="44.062979919835925" lon="7.168809939175844">
        <ele>1124.000058118545</ele>
      </trkpt>
      <trkpt lat="44.06291998922825" lon="7.16879996471107">
        <ele>1124.8536404479441</ele>
      </trkpt>
      <trkpt lat="44.06285997480154" lon="7.168829971924424">
        <ele>1126.5044763677301</ele>
      </trkpt>
      <trkpt lat="44.06268512830138" lon="7.168759983032942">
        <ele>1129.5042009685362</ele>
      </trkpt>
      <trkpt lat="44.0625099465251" lon="7.1686899941414595">
        <ele>1132.4045687393157</ele>
      </trkpt>
      <trkpt lat="44.062459990382195" lon="7.169009931385517">
        <ele>1140.088343606753</ele>
      </trkpt>
      <trkpt lat="44.06255998648703" lon="7.169179916381836">
        <ele>1139.410396861142</ele>
      </trkpt>
      <trkpt lat="44.06265998259187" lon="7.169449981302023">
        <ele>1139.2964940634179</ele>
      </trkpt>
      <trkpt lat="44.06268504448235" lon="7.169745694845915">
        <ele>1139.6515727439878</ele>
      </trkpt>
      <trkpt lat="44.06270993873477" lon="7.170039983466268">
        <ele>1138.4155138898852</ele>
      </trkpt>
      <trkpt lat="44.06272502616048" lon="7.170440973713994">
        <ele>1137.6999901569131</ele>
      </trkpt>
      <trkpt lat="44.062739945948124" lon="7.170839952304959">
        <ele>1135.3264428115576</ele>
      </trkpt>
      <trkpt lat="44.06272661872208" lon="7.171133989468217">
        <ele>1133.5763568429152</ele>
      </trkpt>
      <trkpt lat="44.06271320767701" lon="7.1714280266314745">
        <ele>1131.6591788475416</ele>
      </trkpt>
      <trkpt lat="44.062699964269996" lon="7.171719968318939">
        <ele>1130.1868682982229</ele>
      </trkpt>
      <trkpt lat="44.06267490237951" lon="7.171945525333285">
        <ele>1129.6735611379354</ele>
      </trkpt>
      <trkpt lat="44.06264992430806" lon="7.172169992700219">
        <ele>1129.5241002025332</ele>
      </trkpt>
      <trkpt lat="44.062679931521416" lon="7.172459922730923">
        <ele>1126.6078593479378</ele>
      </trkpt>
      <trkpt lat="44.06268663704395" lon="7.172767370939255">
        <ele>1124.352428614286</ele>
      </trkpt>
      <trkpt lat="44.06269334256649" lon="7.173074819147587">
        <ele>1122.1048014586167</ele>
      </trkpt>
      <trkpt lat="44.062699964269996" lon="7.173379920423031">
        <ele>1120.4619585447822</ele>
      </trkpt>
      <trkpt lat="44.06272502616048" lon="7.173615535721183">
        <ele>1119.124616901024</ele>
      </trkpt>
      <trkpt lat="44.0627499204129" lon="7.173849977552891">
        <ele>1117.993335612578</ele>
      </trkpt>
      <trkpt lat="44.06276500783861" lon="7.174125658348203">
        <ele>1116.8374906527795</ele>
      </trkpt>
      <trkpt lat="44.06277992762625" lon="7.174399998039007">
        <ele>1113.6425245227654</ele>
      </trkpt>
      <trkpt lat="44.062759978696704" lon="7.174549950286746">
        <ele>1110.7783736726728</ele>
      </trkpt>
      <trkpt lat="44.06263994984329" lon="7.174789924174547">
        <ele>1112.7343391272027</ele>
      </trkpt>
      <trkpt lat="44.06265998259187" lon="7.175149926915765">
        <ele>1107.3281977358843</ele>
      </trkpt>
      <trkpt lat="44.06257993541658" lon="7.175299962982535">
        <ele>1105.0313779747662</ele>
      </trkpt>
      <trkpt lat="44.06248999759555" lon="7.175419991835952">
        <ele>1102.191871285754</ele>
      </trkpt>
      <trkpt lat="44.06234993599355" lon="7.175469947978854">
        <ele>1102.5558809617396</ele>
      </trkpt>
      <trkpt lat="44.06223996542394" lon="7.175569944083691">
        <ele>1101.5169271784596</ele>
      </trkpt>
      <trkpt lat="44.061969984322786" lon="7.175749987363815">
        <ele>1097.1018840733461</ele>
      </trkpt>
      <trkpt lat="44.06178994104266" lon="7.175819976255298">
        <ele>1097.2643734699006</ele>
      </trkpt>
      <trkpt lat="44.061709977686405" lon="7.175919972360134">
        <ele>1098.818123056884</ele>
      </trkpt>
      <trkpt lat="44.06171995215118" lon="7.176089957356453">
        <ele>1102.6598226981669</ele>
      </trkpt>
      <trkpt lat="44.06184995546937" lon="7.176379971206188">
        <ele>1100.550665677823</ele>
      </trkpt>
      <trkpt lat="44.06195992603898" lon="7.176549956202507">
        <ele>1098.0080238859227</ele>
      </trkpt>
      <trkpt lat="44.06199999153614" lon="7.176659926772118">
        <ele>1096.456390822244</ele>
      </trkpt>
      <trkpt lat="44.062009966000915" lon="7.176779955625534">
        <ele>1094.5259428042143</ele>
      </trkpt>
      <trkpt lat="44.061969984322786" lon="7.177029987797141">
        <ele>1095.5324529533975</ele>
      </trkpt>
      <trkpt lat="44.061989933252335" lon="7.177209947258234">
        <ele>1095.6410110415316</ele>
      </trkpt>
      <trkpt lat="44.06208992935717" lon="7.1775599755346775">
        <ele>1096.1500785950118</ele>
      </trkpt>
      <trkpt lat="44.06210996210575" lon="7.177709927782416">
        <ele>1094.8454383054132</ele>
      </trkpt>
      <trkpt lat="44.06204994767904" lon="7.177979992702603">
        <ele>1093.6941759135282</ele>
      </trkpt>
      <trkpt lat="44.062029998749495" lon="7.178259948268533">
        <ele>1092.6301957715857</ele>
      </trkpt>
      <trkpt lat="44.06197995878756" lon="7.177999941632152">
        <ele>1097.7204631320512</ele>
      </trkpt>
      <trkpt lat="44.061819948256016" lon="7.178349969908595">
        <ele>1101.8407198031296</ele>
      </trkpt>
      <trkpt lat="44.06172992661595" lon="7.178479973226786">
        <ele>1101.8468949971789</ele>
      </trkpt>
      <trkpt lat="44.0616999194026" lon="7.1784699987620115">
        <ele>1103.2856688687234</ele>
      </trkpt>
      <trkpt lat="44.061709977686405" lon="7.17823438346386">
        <ele>1108.4526868625346</ele>
      </trkpt>
      <trkpt lat="44.06171995215118" lon="7.177999941632152">
        <ele>1112.3050046296646</ele>
      </trkpt>
      <trkpt lat="44.061709977686405" lon="7.177679920569062">
        <ele>1116.421478862028</ele>
      </trkpt>
      <trkpt lat="44.06159992329776" lon="7.177529968321323">
        <ele>1119.8897889570453</ele>
      </trkpt>
      <trkpt lat="44.061519959941506" lon="7.177639938890934">
        <ele>1124.0696587752582</ele>
      </trkpt>
      <trkpt lat="44.061429938301444" lon="7.177859963849187">
        <ele>1127.4491542018066</ele>
      </trkpt>
      <trkpt lat="44.06130999326706" lon="7.17803992331028">
        <ele>1128.8403360004777</ele>
      </trkpt>
      <trkpt lat="44.061179738491774" lon="7.1776642464101315">
        <ele>1137.9675880760815</ele>
      </trkpt>
      <trkpt lat="44.06104998663068" lon="7.177289994433522">
        <ele>1143.126624701185</ele>
      </trkpt>
      <trkpt lat="44.06096985563636" lon="7.177480263635516">
        <ele>1146.4071907829998</ele>
      </trkpt>
      <trkpt lat="44.06088997609913" lon="7.177669946104288">
        <ele>1149.3863102081052</ele>
      </trkpt>
      <trkpt lat="44.06073994003236" lon="7.177859963849187">
        <ele>1152.627161824573</ele>
      </trkpt>
      <trkpt lat="44.060664838179946" lon="7.177634574472904">
        <ele>1158.520396582377</ele>
      </trkpt>
      <trkpt lat="44.060589987784624" lon="7.177409939467907">
        <ele>1162.1627641604741</ele>
      </trkpt>
      <trkpt lat="44.060449842363596" lon="7.177640190348029">
        <ele>1167.185361132545</ele>
      </trkpt>
      <trkpt lat="44.06030994839966" lon="7.177869938313961">
        <ele>1171.0682121824932</ele>
      </trkpt>
      <trkpt lat="44.06022478826344" lon="7.177634574472904">
        <ele>1176.4808712266863</ele>
      </trkpt>
      <trkpt lat="44.060139963403344" lon="7.177399965003133">
        <ele>1180.3866064060417</ele>
      </trkpt>
      <trkpt lat="44.06004482880235" lon="7.177640357986093">
        <ele>1183.9975171736755</ele>
      </trkpt>
      <trkpt lat="44.059949945658445" lon="7.177879996597767">
        <ele>1187.343689565827</ele>
      </trkpt>
      <trkpt lat="44.05985984019935" lon="7.177679669111967">
        <ele>1191.927837643936</ele>
      </trkpt>
      <trkpt lat="44.05976998619735" lon="7.177479928359389">
        <ele>1195.8479550578784</ele>
      </trkpt>
      <trkpt lat="44.05960972420871" lon="7.177840517833829">
        <ele>1202.496447554477</ele>
      </trkpt>
      <trkpt lat="44.05944996513426" lon="7.1781999338418245">
        <ele>1209.576035300824</ele>
      </trkpt>
      <trkpt lat="44.05941995792091" lon="7.178329937160015">
        <ele>1210.8006972238102</ele>
      </trkpt>
      <trkpt lat="44.05930722132325" lon="7.177961720153689">
        <ele>1216.231457590527</ele>
      </trkpt>
      <trkpt lat="44.059194987639785" lon="7.177594928070903">
        <ele>1221.6119278724454</ele>
      </trkpt>
      <trkpt lat="44.05908225104213" lon="7.177226711064577">
        <ele>1227.6255981616184</ele>
      </trkpt>
      <trkpt lat="44.05896993353963" lon="7.1768599189817905">
        <ele>1232.4663427943417</ele>
      </trkpt>
      <trkpt lat="44.0588799957186" lon="7.177189998328686">
        <ele>1237.182121456842</ele>
      </trkpt>
      <trkpt lat="44.05875996686518" lon="7.1768999844789505">
        <ele>1242.7725319298627</ele>
      </trkpt>
      <trkpt lat="44.058664832264185" lon="7.17716041021049">
        <ele>1247.5429359997809</ele>
      </trkpt>
      <trkpt lat="44.05856994912028" lon="7.177419997751713">
        <ele>1252.1082803019492</ele>
      </trkpt>
      <trkpt lat="44.05847992748022" lon="7.17762996442616">
        <ele>1255.97543011281</ele>
      </trkpt>
      <trkpt lat="44.05837976373732" lon="7.177322683855891">
        <ele>1261.3956412030877</ele>
      </trkpt>
      <trkpt lat="44.05827959999442" lon="7.177015487104654">
        <ele>1267.0600435773777</ele>
      </trkpt>
      <trkpt lat="44.05817993916571" lon="7.176709966734052">
        <ele>1272.7137937548598</ele>
      </trkpt>
      <trkpt lat="44.05809645541012" lon="7.17699721455574">
        <ele>1276.3392872108004</ele>
      </trkpt>
      <trkpt lat="44.058012971654534" lon="7.177284462377429">
        <ele>1280.0943892579196</ele>
      </trkpt>
      <trkpt lat="44.057929990813136" lon="7.177569949999452">
        <ele>1284.223485374715</ele>
      </trkpt>
      <trkpt lat="44.057839969173074" lon="7.177689978852868">
        <ele>1288.324798491246</ele>
      </trkpt>
      <trkpt lat="44.05778313986957" lon="7.177385967224836">
        <ele>1292.1975826438684</ele>
      </trkpt>
      <trkpt lat="44.0577263943851" lon="7.177081955596805">
        <ele>1295.1073856339567</ele>
      </trkpt>
      <trkpt lat="44.057669984176755" lon="7.176779955625534">
        <ele>1298.7646044680866</ele>
      </trkpt>
      <trkpt lat="44.05756998807192" lon="7.176479967311025">
        <ele>1303.8891365962156</ele>
      </trkpt>
      <trkpt lat="44.05743973329663" lon="7.176840556785464">
        <ele>1310.5739880002395</ele>
      </trkpt>
      <trkpt lat="44.05730947852135" lon="7.177201230078936">
        <ele>1317.1060134330878</ele>
      </trkpt>
      <trkpt lat="44.05717997811735" lon="7.1775599755346775">
        <ele>1324.477571471235</ele>
      </trkpt>
      <trkpt lat="44.05709993094206" lon="7.177589982748032">
        <ele>1328.528158195436</ele>
      </trkpt>
      <trkpt lat="44.05692994594574" lon="7.177859963849187">
        <ele>1337.1169515767854</ele>
      </trkpt>
      <trkpt lat="44.056779993698" lon="7.178179984912276">
        <ele>1342.4143213334469</ele>
      </trkpt>
      <trkpt lat="44.056669771671295" lon="7.17777413316071">
        <ele>1352.359036659257</ele>
      </trkpt>
      <trkpt lat="44.05655996873975" lon="7.177369957789779">
        <ele>1360.4050986595669</ele>
      </trkpt>
      <trkpt lat="44.05638998374343" lon="7.177689978852868">
        <ele>1367.9243768174526</ele>
      </trkpt>
      <trkpt lat="44.0561998821795" lon="7.177915032953024">
        <ele>1373.7121613216243</ele>
      </trkpt>
      <trkpt lat="44.05600994825363" lon="7.178139919415116">
        <ele>1379.9274273599312</ele>
      </trkpt>
      <trkpt lat="44.05591992661357" lon="7.178389951586723">
        <ele>1383.6336498406959</ele>
      </trkpt>
      <trkpt lat="44.05582998879254" lon="7.178789936006069">
        <ele>1386.9900472996444</ele>
      </trkpt>
      <trkpt lat="44.055824959650636" lon="7.179055642336607">
        <ele>1389.137583577955</ele>
      </trkpt>
      <trkpt lat="44.05581993050873" lon="7.179319923743606">
        <ele>1391.346335823585</ele>
      </trkpt>
      <trkpt lat="44.05576980672777" lon="7.179650757461786">
        <ele>1394.435232875896</ele>
      </trkpt>
      <trkpt lat="44.055719934403896" lon="7.179979998618364">
        <ele>1395.7694547864478</ele>
      </trkpt>
      <trkpt lat="44.05555992387235" lon="7.18024997971952">
        <ele>1400.8817169703752</ele>
      </trkpt>
      <trkpt lat="44.05537996441126" lon="7.180509986355901">
        <ele>1405.183460580521</ele>
      </trkpt>
      <trkpt lat="44.05522473156452" lon="7.18081533908844">
        <ele>1408.1428845288199</ele>
      </trkpt>
      <trkpt lat="44.05506991781294" lon="7.181119937449694">
        <ele>1412.158136915444</ele>
      </trkpt>
      <trkpt lat="44.05494997277856" lon="7.181399976834655">
        <ele>1416.007342216218</ele>
      </trkpt>
      <trkpt lat="44.05489984899759" lon="7.181708179414272">
        <ele>1419.1329905644614</ele>
      </trkpt>
      <trkpt lat="44.05484997667372" lon="7.182014957070351">
        <ele>1421.6608103110786</ele>
      </trkpt>
      <trkpt lat="44.05479985289276" lon="7.182323159649968">
        <ele>1423.091029030028</ele>
      </trkpt>
      <trkpt lat="44.054749980568886" lon="7.1826299373060465">
        <ele>1423.3582645698855</ele>
      </trkpt>
      <trkpt lat="44.05463992618024" lon="7.18297996558249">
        <ele>1422.7838820251034</ele>
      </trkpt>
      <trkpt lat="44.05462995171547" lon="7.183249946683645">
        <ele>1425.6921590321801</ele>
      </trkpt>
      <trkpt lat="44.05471997335553" lon="7.1835599932819605">
        <ele>1429.90811636236</ele>
      </trkpt>
      <trkpt lat="44.0547700971365" lon="7.183780437335372">
        <ele>1434.349731157198</ele>
      </trkpt>
      <trkpt lat="44.05481996946037" lon="7.183999959379435">
        <ele>1438.417869502368</ele>
      </trkpt>
      <trkpt lat="44.05478987842798" lon="7.184260552749038">
        <ele>1442.876979006986</ele>
      </trkpt>
      <trkpt lat="44.05475995503366" lon="7.184519972652197">
        <ele>1444.7452229154705</ele>
      </trkpt>
      <trkpt lat="44.05463472940028" lon="7.1848605293780565">
        <ele>1451.3651546578076</ele>
      </trkpt>
      <trkpt lat="44.05450992286205" lon="7.185199996456504">
        <ele>1456.4641279069788</ele>
      </trkpt>
      <trkpt lat="44.054449992254376" lon="7.185459919273853">
        <ele>1456.4941140671435</ele>
      </trkpt>
      <trkpt lat="44.054369777441025" lon="7.185695366933942">
        <ele>1456.7009522961914</ele>
      </trkpt>
      <trkpt lat="44.05428998172283" lon="7.185929976403713">
        <ele>1455.0048971898657</ele>
      </trkpt>
      <trkpt lat="44.054094851017" lon="7.186165088787675">
        <ele>1456.0577497541356</ele>
      </trkpt>
      <trkpt lat="44.05389997176826" lon="7.186399949714541">
        <ele>1460.507941717765</ele>
      </trkpt>
      <trkpt lat="44.05379997566342" lon="7.186779985204339">
        <ele>1458.975129778759</ele>
      </trkpt>
      <trkpt lat="44.05365999788046" lon="7.187139987945557">
        <ele>1457.0000845177576</ele>
      </trkpt>
      <trkpt lat="44.05350996181369" lon="7.187389936298132">
        <ele>1461.7665384414827</ele>
      </trkpt>
      <trkpt lat="44.05348992906511" lon="7.187679950147867">
        <ele>1463.4291060771125</ele>
      </trkpt>
      <trkpt lat="44.053589925169945" lon="7.187789920717478">
        <ele>1456.3603778019806</ele>
      </trkpt>
      <trkpt lat="44.05359998345375" lon="7.188189988955855">
        <ele>1454.4608039051086</ele>
      </trkpt>
      <trkpt lat="44.053469728678465" lon="7.188520487397909">
        <ele>1460.2056835091844</ele>
      </trkpt>
      <trkpt lat="44.05333997681737" lon="7.188849980011582">
        <ele>1464.0273253124788</ele>
      </trkpt>
      <trkpt lat="44.05320477671921" lon="7.1890852600336075">
        <ele>1467.6576693905076</ele>
      </trkpt>
      <trkpt lat="44.053069995716214" lon="7.189319953322411">
        <ele>1473.902209379406</ele>
      </trkpt>
      <trkpt lat="44.052994810044765" lon="7.189640644937754">
        <ele>1476.683013852269</ele>
      </trkpt>
      <trkpt lat="44.052919959649444" lon="7.189959995448589">
        <ele>1477.4219718394502</ele>
      </trkpt>
      <trkpt lat="44.05283999629319" lon="7.1901999693363905">
        <ele>1480.9536890874515</ele>
      </trkpt>
      <trkpt lat="44.05280998907983" lon="7.1904299687594175">
        <ele>1480.728485105773</ele>
      </trkpt>
      <trkpt lat="44.052729941904545" lon="7.190669942647219">
        <ele>1484.551846178572</ele>
      </trkpt>
      <trkpt lat="44.052669843658805" lon="7.19099398702383">
        <ele>1486.9509720068215</ele>
      </trkpt>
      <trkpt lat="44.05264964327216" lon="7.191102700307965">
        <ele>1487.92019783663</ele>
      </trkpt>
      <trkpt lat="44.05264955945313" lon="7.191102867946029">
        <ele>1487.92685073692</ele>
      </trkpt>
      <trkpt lat="44.0526494756341" lon="7.19110295176506">
        <ele>1487.9326786258114</ele>
      </trkpt>
      <trkpt lat="44.052649391815066" lon="7.191103035584092">
        <ele>1487.9385067479545</ele>
      </trkpt>
      <trkpt lat="44.05260597355664" lon="7.191375866532326">
        <ele>1492.7321333843788</ele>
      </trkpt>
      <trkpt lat="44.052557945251465" lon="7.191646099090576">
        <ele>1497.1050743271528</ele>
      </trkpt>
      <trkpt lat="44.052579402923584" lon="7.191882636398077">
        <ele>1496.3452720470823</ele>
      </trkpt>
      <trkpt lat="44.0526008605957" lon="7.192118167877197">
        <ele>1495.251108192699</ele>
      </trkpt>
      <trkpt lat="44.05249357223511" lon="7.192525863647461">
        <ele>1506.779602310071</ele>
      </trkpt>
      <trkpt lat="44.052557945251465" lon="7.1929121017456055">
        <ele>1509.264567070305</ele>
      </trkpt>
      <trkpt lat="44.05252022668719" lon="7.193261543288827">
        <ele>1516.2375606033538</ele>
      </trkpt>
      <trkpt lat="44.05248259194195" lon="7.19361106865108">
        <ele>1522.715928689099</ele>
      </trkpt>
      <trkpt lat="44.05244495719671" lon="7.193960594013333">
        <ele>1527.3984495661653</ele>
      </trkpt>
      <trkpt lat="44.05240774154663" lon="7.19430685043335">
        <ele>1532.4376653749305</ele>
      </trkpt>
      <trkpt lat="44.05240774154663" lon="7.194607257843018">
        <ele>1537.0299577626342</ele>
      </trkpt>
      <trkpt lat="44.05248653143644" lon="7.194879585877061">
        <ele>1539.1453839506132</ele>
      </trkpt>
      <trkpt lat="44.05256540514529" lon="7.195151913911104">
        <ele>1541.5322549074094</ele>
      </trkpt>
      <trkpt lat="44.05264377593994" lon="7.195422649383545">
        <ele>1543.3195890409797</ele>
      </trkpt>
      <trkpt lat="44.05270823277533" lon="7.195777455344796">
        <ele>1546.3571393091293</ele>
      </trkpt>
      <trkpt lat="44.052772521972656" lon="7.196130752563477">
        <ele>1546.8809851672195</ele>
      </trkpt>
      <trkpt lat="44.0527581050992" lon="7.196431830525398">
        <ele>1550.2773955712248</ele>
      </trkpt>
      <trkpt lat="44.05274377204478" lon="7.196732992306352">
        <ele>1551.1894659391485</ele>
      </trkpt>
      <trkpt lat="44.05272960662842" lon="7.1970319747924805">
        <ele>1549.7262585328333</ele>
      </trkpt>
      <trkpt lat="44.05262215062976" lon="7.197268344461918">
        <ele>1551.4752518472146</ele>
      </trkpt>
      <trkpt lat="44.05251502990723" lon="7.197504043579102">
        <ele>1551.750267362555</ele>
      </trkpt>
      <trkpt lat="44.05238628387451" lon="7.197611331939697">
        <ele>1559.9206770290666</ele>
      </trkpt>
      <trkpt lat="44.05247211456299" lon="7.1978044509887695">
        <ele>1556.5807685423883</ele>
      </trkpt>
      <trkpt lat="44.05236482620239" lon="7.198212146759033">
        <ele>1563.4047750881082</ele>
      </trkpt>
      <trkpt lat="44.05231101438403" lon="7.198577765375376">
        <ele>1566.301822450385</ele>
      </trkpt>
      <trkpt lat="44.0522575378418" lon="7.198941707611084">
        <ele>1570.6717142036787</ele>
      </trkpt>
      <trkpt lat="44.0522575378418" lon="7.199280420318246">
        <ele>1572.383090935632</ele>
      </trkpt>
      <trkpt lat="44.0522575378418" lon="7.1996192168444395">
        <ele>1576.2697154315292</ele>
      </trkpt>
      <trkpt lat="44.0522575378418" lon="7.199958013370633">
        <ele>1577.932907938976</ele>
      </trkpt>
      <trkpt lat="44.0522575378418" lon="7.20029354095459">
        <ele>1578.8273371485875</ele>
      </trkpt>
      <trkpt lat="44.05217170715332" lon="7.200422286987305">
        <ele>1585.1870253311026</ele>
      </trkpt>
      <trkpt lat="44.05223608016968" lon="7.2005510330200195">
        <ele>1584.3521570195999</ele>
      </trkpt>
      <trkpt lat="44.05223608016968" lon="7.200859319418669">
        <ele>1585.5253908882355</ele>
      </trkpt>
      <trkpt lat="44.05223608016968" lon="7.201167605817318">
        <ele>1587.8609130807934</ele>
      </trkpt>
      <trkpt lat="44.05223608016968" lon="7.201473712921143">
        <ele>1592.495449744171</ele>
      </trkpt>
      <trkpt lat="44.05221462249756" lon="7.201581001281738">
        <ele>1596.3564067124419</ele>
      </trkpt>
      <trkpt lat="44.052300453186035" lon="7.2017741203308105">
        <ele>1597.2826641980773</ele>
      </trkpt>
      <trkpt lat="44.05232911929488" lon="7.202175613492727">
        <ele>1602.9328001626022</ele>
      </trkpt>
      <trkpt lat="44.05235778540373" lon="7.202577106654644">
        <ele>1607.991707084236</ele>
      </trkpt>
      <trkpt lat="44.05238628387451" lon="7.202975749969482">
        <ele>1613.0061012918968</ele>
      </trkpt>
      <trkpt lat="44.05244001187384" lon="7.203255286440253">
        <ele>1617.922853736669</ele>
      </trkpt>
      <trkpt lat="44.05249357223511" lon="7.20353364944458">
        <ele>1619.589158066034</ele>
      </trkpt>
      <trkpt lat="44.052451914176345" lon="7.203741772100329">
        <ele>1624.7354333880771</ele>
      </trkpt>
      <trkpt lat="44.05245199799538" lon="7.2037414368242025">
        <ele>1624.7280388320912</ele>
      </trkpt>
      <trkpt lat="44.05245065689087" lon="7.2037482261657715">
        <ele>1624.8685308069826</ele>
      </trkpt>
      <trkpt lat="44.0526008605957" lon="7.203919887542725">
        <ele>1628.738942727594</ele>
      </trkpt>
      <trkpt lat="44.05276196077466" lon="7.204267233610153">
        <ele>1633.2954778795975</ele>
      </trkpt>
      <trkpt lat="44.05292314477265" lon="7.2046146634966135">
        <ele>1636.7960988700124</ele>
      </trkpt>
      <trkpt lat="44.05308432877064" lon="7.204962009564042">
        <ele>1644.5688595436231</ele>
      </trkpt>
      <trkpt lat="44.053245512768626" lon="7.205309439450502">
        <ele>1649.8477353076473</ele>
      </trkpt>
      <trkpt lat="44.05340661294758" lon="7.205656785517931">
        <ele>1655.620885969845</ele>
      </trkpt>
      <trkpt lat="44.053566455841064" lon="7.206001281738281">
        <ele>1657.7381592576558</ele>
      </trkpt>
      <trkpt lat="44.053587913513184" lon="7.206215858459473">
        <ele>1656.3018100775753</ele>
      </trkpt>
      <trkpt lat="44.053437458351254" lon="7.206546775996685">
        <ele>1664.4394399016355</ele>
      </trkpt>
      <trkpt lat="44.05328708700836" lon="7.206877693533897">
        <ele>1666.793944497479</ele>
      </trkpt>
      <trkpt lat="44.05313663184643" lon="7.20720861107111">
        <ele>1666.1240614261703</ele>
      </trkpt>
      <trkpt lat="44.05298626050353" lon="7.207539528608322">
        <ele>1676.8263305423684</ele>
      </trkpt>
      <trkpt lat="44.052836978808045" lon="7.2078680992126465">
        <ele>1687.7443506352035</ele>
      </trkpt>
      <trkpt lat="44.05285835266113" lon="7.208211421966553">
        <ele>1688.3135106907175</ele>
      </trkpt>
      <trkpt lat="44.05283681116998" lon="7.208480229601264">
        <ele>1689.1824837713275</ele>
      </trkpt>
      <trkpt lat="44.052815437316895" lon="7.208747863769531">
        <ele>1684.9038748133316</ele>
      </trkpt>
      <trkpt lat="44.0527081489563" lon="7.208812236785889">
        <ele>1682.95889116996</ele>
      </trkpt>
      <trkpt lat="44.05251502990723" lon="7.2087907791137695">
        <ele>1691.5224249877</ele>
      </trkpt>
      <trkpt lat="44.05240774154663" lon="7.208983898162842">
        <ele>1688.615754972027</ele>
      </trkpt>
      <trkpt lat="44.0522575378418" lon="7.209005355834961">
        <ele>1692.1840594144624</ele>
      </trkpt>
      <trkpt lat="44.0521502494812" lon="7.209112644195557">
        <ele>1695.5732163687908</ele>
      </trkpt>
      <trkpt lat="44.052042961120605" lon="7.2093915939331055">
        <ele>1703.2096517843183</ele>
      </trkpt>
      <trkpt lat="44.052118146792054" lon="7.2096495889127254">
        <ele>1705.60242210488</ele>
      </trkpt>
      <trkpt lat="44.05219316482544" lon="7.209906578063965">
        <ele>1703.7695381197536</ele>
      </trkpt>
      <trkpt lat="44.0521502494812" lon="7.210142612457275">
        <ele>1698.9321910434664</ele>
      </trkpt>
      <trkpt lat="44.05200004577637" lon="7.210260545834899">
        <ele>1698.1077842184209</ele>
      </trkpt>
      <trkpt lat="44.05184984207153" lon="7.210378646850586">
        <ele>1704.5763947486048</ele>
      </trkpt>
      <trkpt lat="44.051785469055176" lon="7.210593223571777">
        <ele>1711.5668758449856</ele>
      </trkpt>
      <trkpt lat="44.05183928087354" lon="7.210751138627529">
        <ele>1713.4743767418422</ele>
      </trkpt>
      <trkpt lat="44.05183928087354" lon="7.210751306265593">
        <ele>1713.4805229702533</ele>
      </trkpt>
      <trkpt lat="44.051962830126286" lon="7.211112650111318">
        <ele>1715.9955904430267</ele>
      </trkpt>
      <trkpt lat="44.052085876464844" lon="7.211472988128662">
        <ele>1713.8841870983997</ele>
      </trkpt>
      <trkpt lat="44.052085876464844" lon="7.211730480194092">
        <ele>1711.6986077324336</ele>
      </trkpt>
      <trkpt lat="44.052278995513916" lon="7.21203088760376">
        <ele>1710.0755680997536</ele>
      </trkpt>
      <trkpt lat="44.05249357223511" lon="7.2122883796691895">
        <ele>1708.3036573773693</ele>
      </trkpt>
      <trkpt lat="44.052600944414735" lon="7.212470937520266">
        <ele>1706.8778427661077</ele>
      </trkpt>
      <trkpt lat="44.0527081489563" lon="7.212653160095215">
        <ele>1706.8398651146815</ele>
      </trkpt>
      <trkpt lat="44.05285835266113" lon="7.21278190612793">
        <ele>1708.055594618097</ele>
      </trkpt>
      <trkpt lat="44.05296564102173" lon="7.213189601898193">
        <ele>1705.9277123003412</ele>
      </trkpt>
      <trkpt lat="44.05301936902106" lon="7.2136089485138655">
        <ele>1704.822612965866</ele>
      </trkpt>
      <trkpt lat="44.053072929382324" lon="7.21402645111084">
        <ele>1702.3931560414508</ele>
      </trkpt>
      <trkpt lat="44.05313730239868" lon="7.214219570159912">
        <ele>1702.8152242620922</ele>
      </trkpt>
      <trkpt lat="44.05313738621771" lon="7.2145843505859375">
        <ele>1702.926351315356</ele>
      </trkpt>
      <trkpt lat="44.05311584472656" lon="7.214756011962891">
        <ele>1701.2078668436989</ele>
      </trkpt>
      <trkpt lat="44.05319103039801" lon="7.21502473577857">
        <ele>1701.4207516540175</ele>
      </trkpt>
      <trkpt lat="44.0532660484314" lon="7.215292453765869">
        <ele>1701.6104271636743</ele>
      </trkpt>
      <trkpt lat="44.05330904759467" lon="7.215582802891731">
        <ele>1703.1813470775037</ele>
      </trkpt>
      <trkpt lat="44.05335187911987" lon="7.215871810913086">
        <ele>1703.6427709069376</ele>
      </trkpt>
      <trkpt lat="44.05342706479132" lon="7.216172805055976">
        <ele>1705.4724980678584</ele>
      </trkpt>
      <trkpt lat="44.05350208282471" lon="7.216472625732422">
        <ele>1705.5900741920768</ele>
      </trkpt>
      <trkpt lat="44.053566455841064" lon="7.216579914093018">
        <ele>1703.809960534648</ele>
      </trkpt>
      <trkpt lat="44.05369520187378" lon="7.216665744781494">
        <ele>1701.5482817291254</ele>
      </trkpt>
      <trkpt lat="44.05386686325073" lon="7.216622829437256">
        <ele>1702.5037081077044</ele>
      </trkpt>
      <trkpt lat="44.05410289764404" lon="7.216687202453613">
        <ele>1699.1595373472087</ele>
      </trkpt>
      <trkpt lat="44.05425310134888" lon="7.216665744781494">
        <ele>1700.2372245793454</ele>
      </trkpt>
      <trkpt lat="44.05452098697424" lon="7.21671930514276">
        <ele>1702.7725636553537</ele>
      </trkpt>
      <trkpt lat="44.054789543151855" lon="7.21677303314209">
        <ele>1703.4295084070864</ele>
      </trkpt>
      <trkpt lat="44.05487537384033" lon="7.2168803215026855">
        <ele>1701.4738108218257</ele>
      </trkpt>
      <trkpt lat="44.054875457659364" lon="7.2168803215026855">
        <ele>1701.476160591486</ele>
      </trkpt>
      <trkpt lat="44.055068492889404" lon="7.217116355895996">
        <ele>1700.544332613704</ele>
      </trkpt>
      <trkpt lat="44.055250715464354" lon="7.217191373929381">
        <ele>1699.4088099041148</ele>
      </trkpt>
      <trkpt lat="44.05543327331543" lon="7.21726655960083">
        <ele>1696.5141221821318</ele>
      </trkpt>
      <trkpt lat="44.05560493469238" lon="7.217288017272949">
        <ele>1694.6844653543071</ele>
      </trkpt>
      <trkpt lat="44.05569076538086" lon="7.217373847961426">
        <ele>1694.0191320280912</ele>
      </trkpt>
      <trkpt lat="44.05576905235648" lon="7.2177654504776">
        <ele>1694.271600444179</ele>
      </trkpt>
      <trkpt lat="44.05576905235648" lon="7.2177656181156635">
        <ele>1694.2699392169634</ele>
      </trkpt>
      <trkpt lat="44.055798053741455" lon="7.217910289764404">
        <ele>1693.4243936148564</ele>
      </trkpt>
      <trkpt lat="44.05590534210205" lon="7.218103408813477">
        <ele>1692.053192100565</ele>
      </trkpt>
      <trkpt lat="44.056055545806885" lon="7.2182536125183105">
        <ele>1690.3406475568224</ele>
      </trkpt>
      <trkpt lat="44.056216310709715" lon="7.218339359387755">
        <ele>1689.65806468752</ele>
      </trkpt>
      <trkpt lat="44.05637741088867" lon="7.218425273895264">
        <ele>1689.342314830625</ele>
      </trkpt>
      <trkpt lat="44.05639886856079" lon="7.218468189239502">
        <ele>1688.7694129786407</ele>
      </trkpt>
      <trkpt lat="44.05646324157715" lon="7.218747138977051">
        <ele>1687.6933050662883</ele>
      </trkpt>
      <trkpt lat="44.05648469924927" lon="7.2190046310424805">
        <ele>1683.7403112639363</ele>
      </trkpt>
      <trkpt lat="44.0566349029541" lon="7.219305038452148">
        <ele>1679.9132647695496</ele>
      </trkpt>
      <trkpt lat="44.05663498677313" lon="7.219305038452148">
        <ele>1679.9177196118078</ele>
      </trkpt>
      <trkpt lat="44.05667781829834" lon="7.219369411468506">
        <ele>1681.651274383328</ele>
      </trkpt>
      <trkpt lat="44.056570529937744" lon="7.219734191894531">
        <ele>1681.2981770393963</ele>
      </trkpt>
      <trkpt lat="44.05637741088867" lon="7.220056056976318">
        <ele>1676.906411864627</ele>
      </trkpt>
      <trkpt lat="44.05626987107098" lon="7.220313884317875">
        <ele>1676.5920635487023</ele>
      </trkpt>
      <trkpt lat="44.05616283416748" lon="7.220571041107178">
        <ele>1674.4915051669109</ele>
      </trkpt>
      <trkpt lat="44.056087564677" lon="7.220785953104496">
        <ele>1673.491589356794</ele>
      </trkpt>
      <trkpt lat="44.05601263046265" lon="7.2210001945495605">
        <ele>1670.1134646241526</ele>
      </trkpt>
      <trkpt lat="44.05596971511841" lon="7.221322059631348">
        <ele>1670.3946464650153</ele>
      </trkpt>
      <trkpt lat="44.05590534210205" lon="7.221407890319824">
        <ele>1668.0619710403573</ele>
      </trkpt>
      <trkpt lat="44.05583007261157" lon="7.221655072644353">
        <ele>1668.3479537616265</ele>
      </trkpt>
      <trkpt lat="44.05575513839722" lon="7.2219014167785645">
        <ele>1669.258081553816</ele>
      </trkpt>
      <trkpt lat="44.05564785003662" lon="7.222051620483398">
        <ele>1665.4216339184131</ele>
      </trkpt>
      <trkpt lat="44.05555112287402" lon="7.222244990989566">
        <ele>1663.3426932381788</ele>
      </trkpt>
      <trkpt lat="44.05545473098755" lon="7.222437858581543">
        <ele>1660.5584392205126</ele>
      </trkpt>
      <trkpt lat="44.05541181564331" lon="7.222566604614258">
        <ele>1659.6135442068044</ele>
      </trkpt>
      <trkpt lat="44.05534744262695" lon="7.222652435302734">
        <ele>1656.8427960418035</ele>
      </trkpt>
      <trkpt lat="44.05528290197253" lon="7.222856618463993">
        <ele>1655.3423328473668</ele>
      </trkpt>
      <trkpt lat="44.05521869659424" lon="7.223060131072998">
        <ele>1654.2653255842142</ele>
      </trkpt>
      <trkpt lat="44.055068492889404" lon="7.223339080810547">
        <ele>1650.0624248641307</ele>
      </trkpt>
      <trkpt lat="44.05500411987305" lon="7.223553657531738">
        <ele>1648.887664273456</ele>
      </trkpt>
      <trkpt lat="44.05484293587506" lon="7.223897399380803">
        <ele>1645.5823505314736</ele>
      </trkpt>
      <trkpt lat="44.05468225479126" lon="7.224240303039551">
        <ele>1641.351975677138</ele>
      </trkpt>
      <trkpt lat="44.05468225479126" lon="7.224454879760742">
        <ele>1639.6410965435134</ele>
      </trkpt>
      <trkpt lat="44.0546178817749" lon="7.224669456481934">
        <ele>1634.7480428844387</ele>
      </trkpt>
      <trkpt lat="44.05463933944702" lon="7.224798202514648">
        <ele>1632.384586374178</ele>
      </trkpt>
      <trkpt lat="44.0547251701355" lon="7.224819660186768">
        <ele>1631.7782637330401</ele>
      </trkpt>
      <trkpt lat="44.05487520620227" lon="7.224744558334351">
        <ele>1631.6541534821497</ele>
      </trkpt>
      <trkpt lat="44.055025577545166" lon="7.224669456481934">
        <ele>1629.6001189559283</ele>
      </trkpt>
      <trkpt lat="44.05521869659424" lon="7.2246479988098145">
        <ele>1624.3408687614865</ele>
      </trkpt>
      <trkpt lat="44.05547618865967" lon="7.224776744842529">
        <ele>1618.1872578282146</ele>
      </trkpt>
      <trkpt lat="44.05569076538086" lon="7.224969863891602">
        <ele>1614.2347001170747</ele>
      </trkpt>
      <trkpt lat="44.05584826134145" lon="7.225234732031822">
        <ele>1609.8182754677252</ele>
      </trkpt>
      <trkpt lat="44.056005757302046" lon="7.225499683991075">
        <ele>1606.0711994568967</ele>
      </trkpt>
      <trkpt lat="44.05616283416748" lon="7.22576379776001">
        <ele>1605.0491867079286</ele>
      </trkpt>
      <trkpt lat="44.05614137649536" lon="7.226192951202393">
        <ele>1598.3759947925084</ele>
      </trkpt>
      <trkpt lat="44.05620583333075" lon="7.226471900939941">
        <ele>1596.4083383027673</ele>
      </trkpt>
      <trkpt lat="44.05616283416748" lon="7.226536273956299">
        <ele>1593.9334602277813</ele>
      </trkpt>
      <trkpt lat="44.0561842918396" lon="7.2267937660217285">
        <ele>1589.4668107819214</ele>
      </trkpt>
      <trkpt lat="44.05611991882324" lon="7.226901054382324">
        <ele>1585.2085752856</ele>
      </trkpt>
      <trkpt lat="44.05585194937885" lon="7.226879596710205">
        <ele>1578.0591013463836</ele>
      </trkpt>
      <trkpt lat="44.055583477020264" lon="7.226858139038086">
        <ele>1571.404269399118</ele>
      </trkpt>
      <trkpt lat="44.055519104003906" lon="7.227029800415039">
        <ele>1566.7282572292952</ele>
      </trkpt>
      <trkpt lat="44.05539035797119" lon="7.2269439697265625">
        <ele>1564.759147691896</ele>
      </trkpt>
      <trkpt lat="44.05536890029907" lon="7.227051258087158">
        <ele>1561.7299220586433</ele>
      </trkpt>
      <trkpt lat="44.05526161193848" lon="7.226986885070801">
        <ele>1559.567701628296</ele>
      </trkpt>
      <trkpt lat="44.05526161193848" lon="7.227180004119873">
        <ele>1555.4912082506207</ele>
      </trkpt>
      <trkpt lat="44.05534744262695" lon="7.227373123168945">
        <ele>1552.9861065980283</ele>
      </trkpt>
      <trkpt lat="44.05521869659424" lon="7.227416038513184">
        <ele>1547.9119248519983</ele>
      </trkpt>
      <trkpt lat="44.05508995056152" lon="7.2273945808410645">
        <ele>1545.0622382118445</ele>
      </trkpt>
      <trkpt lat="44.05511140823364" lon="7.227544784545898">
        <ele>1541.4502544962706</ele>
      </trkpt>
      <trkpt lat="44.05519723892212" lon="7.227716445922852">
        <ele>1538.1970823437669</ele>
      </trkpt>
      <trkpt lat="44.05508995056152" lon="7.227737903594971">
        <ele>1535.8905727127276</ele>
      </trkpt>
      <trkpt lat="44.05521869659424" lon="7.228038311004639">
        <ele>1529.8679933642534</ele>
      </trkpt>
      <trkpt lat="44.055068492889404" lon="7.228102684020996">
        <ele>1525.6256939706768</ele>
      </trkpt>
      <trkpt lat="44.05517594888806" lon="7.2283820528537035">
        <ele>1519.929473300314</ele>
      </trkpt>
      <trkpt lat="44.055283069610596" lon="7.228660583496094">
        <ele>1515.76012130535</ele>
      </trkpt>
      <trkpt lat="44.05511140823364" lon="7.228639125823975">
        <ele>1512.3936157648986</ele>
      </trkpt>
      <trkpt lat="44.05489683151245" lon="7.228660583496094">
        <ele>1513.2880292013583</ele>
      </trkpt>
      <trkpt lat="44.05476783402264" lon="7.22896141000092">
        <ele>1507.8883773158998</ele>
      </trkpt>
      <trkpt lat="44.05463892035186" lon="7.229262320324779">
        <ele>1501.1729445318265</ele>
      </trkpt>
      <trkpt lat="44.05451059341431" lon="7.229561805725098">
        <ele>1493.6631604696495</ele>
      </trkpt>
      <trkpt lat="44.05431730672717" lon="7.22984092310071">
        <ele>1488.1734491286752</ele>
      </trkpt>
      <trkpt lat="44.05412435531616" lon="7.230119705200195">
        <ele>1482.8245705034215</ele>
      </trkpt>
      <trkpt lat="44.05412435531616" lon="7.230291366577148">
        <ele>1476.4572382174722</ele>
      </trkpt>
      <trkpt lat="44.054038524627686" lon="7.230377197265625">
        <ele>1476.3211832749475</ele>
      </trkpt>
      <trkpt lat="44.054017066955566" lon="7.230527400970459">
        <ele>1475.3684520944753</ele>
      </trkpt>
      <trkpt lat="44.054059982299805" lon="7.2306132316589355">
        <ele>1472.8611020821008</ele>
      </trkpt>
      <trkpt lat="44.05414581298828" lon="7.231020927429199">
        <ele>1466.2014621093354</ele>
      </trkpt>
      <trkpt lat="44.0541672706604" lon="7.231332818046212">
        <ele>1462.182771156669</ele>
      </trkpt>
      <trkpt lat="44.05418872833252" lon="7.231643199920654">
        <ele>1457.6437219159004</ele>
      </trkpt>
      <trkpt lat="44.0541672706604" lon="7.231943607330322">
        <ele>1455.4367004517776</ele>
      </trkpt>
      <trkpt lat="44.05425326898694" lon="7.232298329472542">
        <ele>1447.0372905390468</ele>
      </trkpt>
      <trkpt lat="44.05433893203735" lon="7.232651710510254">
        <ele>1439.1216806863417</ele>
      </trkpt>
      <trkpt lat="44.054296016693115" lon="7.23299503326416">
        <ele>1437.409097857937</ele>
      </trkpt>
      <trkpt lat="44.05440330505371" lon="7.23325252532959">
        <ele>1429.6084041379218</ele>
      </trkpt>
      <trkpt lat="44.054553508758545" lon="7.233424186706543">
        <ele>1422.1255382780882</ele>
      </trkpt>
      <trkpt lat="44.054636573418975" lon="7.2336595505476">
        <ele>1416.6103108094894</ele>
      </trkpt>
      <trkpt lat="44.054636573418975" lon="7.2336596343666315">
        <ele>1416.6093151581015</ele>
      </trkpt>
      <trkpt lat="44.05468225479126" lon="7.233788967132568">
        <ele>1413.6928190570572</ele>
      </trkpt>
      <trkpt lat="44.05466079711914" lon="7.233831882476807">
        <ele>1413.9026415228454</ele>
      </trkpt>
      <trkpt lat="44.05478962697089" lon="7.234067916870117">
        <ele>1407.8050348312554</ele>
      </trkpt>
      <trkpt lat="44.054875457659364" lon="7.234175205230713">
        <ele>1403.9029687953403</ele>
      </trkpt>
      <trkpt lat="44.05498274601996" lon="7.234432697296143">
        <ele>1398.4971041884946</ele>
      </trkpt>
      <trkpt lat="44.05517586506903" lon="7.23475456237793">
        <ele>1392.0490149868233</ele>
      </trkpt>
      <trkpt lat="44.05521869659424" lon="7.234840393066406">
        <ele>1390.6961052445113</ele>
      </trkpt>
      <trkpt lat="44.055325984954834" lon="7.235119342803955">
        <ele>1386.9834296180125</ele>
      </trkpt>
      <trkpt lat="44.05539035797119" lon="7.235398292541504">
        <ele>1383.277381577451</ele>
      </trkpt>
      <trkpt lat="44.055519104003906" lon="7.235591411590576">
        <ele>1377.6767830429033</ele>
      </trkpt>
      <trkpt lat="44.055540561676025" lon="7.235677242279053">
        <ele>1376.9060816606138</ele>
      </trkpt>
      <trkpt lat="44.055562103167176" lon="7.235934734344482">
        <ele>1374.3227526929068</ele>
      </trkpt>
      <trkpt lat="44.055562019348145" lon="7.23599910736084">
        <ele>1373.3741740616865</ele>
      </trkpt>
      <trkpt lat="44.055519104003906" lon="7.236063480377197">
        <ele>1371.5217189405362</ele>
      </trkpt>
      <trkpt lat="44.05541181564331" lon="7.2364068031311035">
        <ele>1362.477493990597</ele>
      </trkpt>
      <trkpt lat="44.05543327331543" lon="7.236514091491699">
        <ele>1361.0569599792273</ele>
      </trkpt>
      <trkpt lat="44.05526161193848" lon="7.236449718475342">
        <ele>1355.1282320221326</ele>
      </trkpt>
      <trkpt lat="44.05519723892212" lon="7.236363887786865">
        <ele>1354.9929588498085</ele>
      </trkpt>
      <trkpt lat="44.05517578125" lon="7.236428260803223">
        <ele>1352.6886058266718</ele>
      </trkpt>
      <trkpt lat="44.05519723892212" lon="7.236514091491699">
        <ele>1351.6116648830757</ele>
      </trkpt>
      <trkpt lat="44.05511140823364" lon="7.23649263381958">
        <ele>1348.9619245451067</ele>
      </trkpt>
      <trkpt lat="44.05511140823364" lon="7.236771583557129">
        <ele>1341.6463046143472</ele>
      </trkpt>
      <trkpt lat="44.05515432357788" lon="7.236900329589844">
        <ele>1339.9169491377324</ele>
      </trkpt>
      <trkpt lat="44.055025577545166" lon="7.236900329589844">
        <ele>1334.002534598505</ele>
      </trkpt>
      <trkpt lat="44.054832458496094" lon="7.23675012588501">
        <ele>1331.5273567411957</ele>
      </trkpt>
      <trkpt lat="44.054811000823975" lon="7.236793041229248">
        <ele>1329.0294995238576</ele>
      </trkpt>
      <trkpt lat="44.05493974685669" lon="7.237179279327393">
        <ele>1322.0375995202012</ele>
      </trkpt>
      <trkpt lat="44.05493983067572" lon="7.237265110015869">
        <ele>1319.8848479032804</ele>
      </trkpt>
      <trkpt lat="44.05481091700494" lon="7.237104009836912">
        <ele>1319.2642248596085</ele>
      </trkpt>
      <trkpt lat="44.05468225479126" lon="7.236943244934082">
        <ele>1320.75881519138</ele>
      </trkpt>
      <trkpt lat="44.0546178817749" lon="7.236900329589844">
        <ele>1320.6890479798058</ele>
      </trkpt>
      <trkpt lat="44.054553508758545" lon="7.23698616027832">
        <ele>1317.7526800840815</ele>
      </trkpt>
      <trkpt lat="44.0547251701355" lon="7.237157821655273">
        <ele>1314.992729845224</ele>
      </trkpt>
      <trkpt lat="44.05487537384033" lon="7.237436771392822">
        <ele>1312.696089837345</ele>
      </trkpt>
      <trkpt lat="44.05498266220093" lon="7.237823009490967">
        <ele>1309.8158140616647</ele>
      </trkpt>
      <trkpt lat="44.05498266220093" lon="7.238070359453559">
        <ele>1308.0927423814946</ele>
      </trkpt>
      <trkpt lat="44.05498266220093" lon="7.238316535949707">
        <ele>1306.7020176493584</ele>
      </trkpt>
      <trkpt lat="44.05493974685669" lon="7.238337993621826">
        <ele>1304.0355028054248</ele>
      </trkpt>
      <trkpt lat="44.05488593503833" lon="7.238595988601446">
        <ele>1298.8829121716374</ele>
      </trkpt>
      <trkpt lat="44.054832458496094" lon="7.2388529777526855">
        <ele>1294.7896820507729</ele>
      </trkpt>
      <trkpt lat="44.054746460169554" lon="7.239100160077214">
        <ele>1288.7987945858472</ele>
      </trkpt>
      <trkpt lat="44.05466079711914" lon="7.239346504211426">
        <ele>1281.9318756110115</ele>
      </trkpt>
      <trkpt lat="44.05461771413684" lon="7.239654706791043">
        <ele>1276.483945576453</ele>
      </trkpt>
      <trkpt lat="44.05457471497357" lon="7.2399629931896925">
        <ele>1271.097247495143</ele>
      </trkpt>
      <trkpt lat="44.054532051086426" lon="7.240269184112549">
        <ele>1267.3457992434232</ele>
      </trkpt>
      <trkpt lat="44.0544746350497" lon="7.240584595128894">
        <ele>1262.59185365192</ele>
      </trkpt>
      <trkpt lat="44.05441730283201" lon="7.240900006145239">
        <ele>1257.497608815857</ele>
      </trkpt>
      <trkpt lat="44.05436038970947" lon="7.241213321685791">
        <ele>1252.4849304470358</ele>
      </trkpt>
      <trkpt lat="44.054231476038694" lon="7.241492606699467">
        <ele>1247.5033428954096</ele>
      </trkpt>
      <trkpt lat="44.054102981463075" lon="7.241771221160889">
        <ele>1243.2740351312361</ele>
      </trkpt>
      <trkpt lat="44.053979348391294" lon="7.242136672139168">
        <ele>1240.1076889907345</ele>
      </trkpt>
      <trkpt lat="44.053855715319514" lon="7.242502123117447">
        <ele>1236.9345623598779</ele>
      </trkpt>
      <trkpt lat="44.053732082247734" lon="7.242867574095726">
        <ele>1232.8758317782058</ele>
      </trkpt>
      <trkpt lat="44.0536093711853" lon="7.24323034286499">
        <ele>1227.4105130920034</ele>
      </trkpt>
      <trkpt lat="44.053579615429044" lon="7.243501748889685">
        <ele>1225.6766964665312</ele>
      </trkpt>
      <trkpt lat="44.05353938229382" lon="7.243869882076979">
        <ele>1221.4956787599724</ele>
      </trkpt>
      <trkpt lat="44.0534991491586" lon="7.244238015264273">
        <ele>1215.7212310241005</ele>
      </trkpt>
      <trkpt lat="44.05345916748047" lon="7.244603633880615">
        <ele>1211.2500086850769</ele>
      </trkpt>
      <trkpt lat="44.05343050137162" lon="7.244990793988109">
        <ele>1208.408223031815</ele>
      </trkpt>
      <trkpt lat="44.053401835262775" lon="7.245377954095602">
        <ele>1204.799894814961</ele>
      </trkpt>
      <trkpt lat="44.053373420611024" lon="7.245762348175049">
        <ele>1199.9854569089614</ele>
      </trkpt>
      <trkpt lat="44.05341625213623" lon="7.245934009552002">
        <ele>1200.7470506960221</ele>
      </trkpt>
      <trkpt lat="44.05339479446411" lon="7.246127128601074">
        <ele>1197.4588012655336</ele>
      </trkpt>
      <trkpt lat="44.05339479446411" lon="7.246534824371338">
        <ele>1195.049090640205</ele>
      </trkpt>
      <trkpt lat="44.05341625213623" lon="7.246813774108887">
        <ele>1191.929445289648</ele>
      </trkpt>
      <trkpt lat="44.05350216664374" lon="7.247100351378322">
        <ele>1190.617596509163</ele>
      </trkpt>
      <trkpt lat="44.05358816497028" lon="7.247387012466788">
        <ele>1189.9883602779162</ele>
      </trkpt>
      <trkpt lat="44.05367374420166" lon="7.247672080993652">
        <ele>1189.1797195336512</ele>
      </trkpt>
      <trkpt lat="44.05373820103705" lon="7.247994616627693">
        <ele>1187.1057672753336</ele>
      </trkpt>
      <trkpt lat="44.053802490234375" lon="7.248315811157227">
        <ele>1186.846485929757</ele>
      </trkpt>
      <trkpt lat="44.05384540557861" lon="7.248744964599609">
        <ele>1184.0393538000644</ele>
      </trkpt>
      <trkpt lat="44.05382386408746" lon="7.249153582379222">
        <ele>1180.605780096889</ele>
      </trkpt>
      <trkpt lat="44.053802490234375" lon="7.249560356140137">
        <ele>1181.2325820590033</ele>
      </trkpt>
      <trkpt lat="44.053748678416014" lon="7.249775351956487">
        <ele>1179.1756125451855</ele>
      </trkpt>
      <trkpt lat="44.05369520187378" lon="7.2499895095825195">
        <ele>1177.6242286929273</ele>
      </trkpt>
      <trkpt lat="44.053659327328205" lon="7.250319253653288">
        <ele>1176.1666498781879</ele>
      </trkpt>
      <trkpt lat="44.05362345278263" lon="7.250649081543088">
        <ele>1173.5871386485762</ele>
      </trkpt>
      <trkpt lat="44.053587913513184" lon="7.2509765625">
        <ele>1169.6145378557558</ele>
      </trkpt>
      <trkpt lat="44.05359503813088" lon="7.251291973516345">
        <ele>1168.4609873226896</ele>
      </trkpt>
      <trkpt lat="44.05360224656761" lon="7.251607468351722">
        <ele>1167.57865799651</ele>
      </trkpt>
      <trkpt lat="44.0536093711853" lon="7.251920700073242">
        <ele>1168.2478560236364</ele>
      </trkpt>
      <trkpt lat="44.053566288203" lon="7.252254048362374">
        <ele>1165.1319979866532</ele>
      </trkpt>
      <trkpt lat="44.053523540496826" lon="7.2525858879089355">
        <ele>1162.4231080644013</ele>
      </trkpt>
      <trkpt lat="44.05352362431586" lon="7.252779006958008">
        <ele>1162.3587262543747</ele>
      </trkpt>
      <trkpt lat="44.05354508198798" lon="7.252821922302246">
        <ele>1163.2947862743572</ele>
      </trkpt>
      <trkpt lat="44.0536093711853" lon="7.2528862953186035">
        <ele>1163.5150246001474</ele>
      </trkpt>
      <trkpt lat="44.05369520187378" lon="7.252907752990723">
        <ele>1163.1256366098205</ele>
      </trkpt>
      <trkpt lat="44.05368288047612" lon="7.252954607829452">
        <ele>1163.1874205186134</ele>
      </trkpt>
      <trkpt lat="44.0536320861429" lon="7.253385689109564">
        <ele>1157.3863487700144</ele>
      </trkpt>
      <trkpt lat="44.0536252129823" lon="7.253444194793701">
        <ele>1154.3845275961949</ele>
      </trkpt>
      <trkpt lat="44.053494120016694" lon="7.253749966621399">
        <ele>1155.2654502319465</ele>
      </trkpt>
      <trkpt lat="44.05344885773957" lon="7.253842419013381">
        <ele>1157.0463096065441</ele>
      </trkpt>
      <trkpt lat="44.05315490439534" lon="7.253722976893187">
        <ele>1151.361970603293</ele>
      </trkpt>
      <trkpt lat="44.05317292548716" lon="7.253396501764655">
        <ele>1149.7791427715101</ele>
      </trkpt>
      <trkpt lat="44.05318021774292" lon="7.253251075744629">
        <ele>1149.1238424753437</ele>
      </trkpt>
      <trkpt lat="44.05320167541504" lon="7.253143787384033">
        <ele>1149.4194316218477</ele>
      </trkpt>
      <trkpt lat="44.05324467457831" lon="7.252821922302246">
        <ele>1149.8940372896652</ele>
      </trkpt>
      <trkpt lat="44.0532660484314" lon="7.2527360916137695">
        <ele>1150.6085552695977</ele>
      </trkpt>
      <trkpt lat="44.053308963775635" lon="7.252392768859863">
        <ele>1150.9048502045669</ele>
      </trkpt>
      <trkpt lat="44.05330125242472" lon="7.252069981768727">
        <ele>1148.39415778952</ele>
      </trkpt>
      <trkpt lat="44.05329362489283" lon="7.251748787239194">
        <ele>1148.213975823627</ele>
      </trkpt>
      <trkpt lat="44.053287506103516" lon="7.251491546630859">
        <ele>1148.410449001709</ele>
      </trkpt>
      <trkpt lat="44.05325163155794" lon="7.251147385686636">
        <ele>1146.566500538371</ele>
      </trkpt>
      <trkpt lat="44.0532158408314" lon="7.250803224742413">
        <ele>1147.9831741149765</ele>
      </trkpt>
      <trkpt lat="44.05318030156195" lon="7.250461578369141">
        <ele>1145.6595062433644</ele>
      </trkpt>
      <trkpt lat="44.05320519581437" lon="7.25016737356782">
        <ele>1147.9107202557402</ele>
      </trkpt>
      <trkpt lat="44.05323009006679" lon="7.24987325258553">
        <ele>1148.3026723774879</ele>
      </trkpt>
      <trkpt lat="44.05325481668115" lon="7.249581310898066">
        <ele>1147.6205879613258</ele>
      </trkpt>
      <trkpt lat="44.053287506103516" lon="7.249195575714111">
        <ele>1147.1598839946819</ele>
      </trkpt>
      <trkpt lat="44.053212152794" lon="7.2487761452794075">
        <ele>1145.337844254106</ele>
      </trkpt>
      <trkpt lat="44.05313730239868" lon="7.248358726501465">
        <ele>1147.0822872863173</ele>
      </trkpt>
      <trkpt lat="44.05309421941638" lon="7.247939296066761">
        <ele>1151.7351417176537</ele>
      </trkpt>
      <trkpt lat="44.053051471710205" lon="7.247521877288818">
        <ele>1156.355098996375</ele>
      </trkpt>
      <trkpt lat="44.052976202219725" lon="7.247220799326897">
        <ele>1157.340999441289</ele>
      </trkpt>
      <trkpt lat="44.05290126800537" lon="7.246921062469482">
        <ele>1159.0358254013206</ele>
      </trkpt>
      <trkpt lat="44.05285835266113" lon="7.246835231781006">
        <ele>1158.1677958708785</ele>
      </trkpt>
      <trkpt lat="44.05290126800537" lon="7.24672794342041">
        <ele>1162.8412324512637</ele>
      </trkpt>
      <trkpt lat="44.05286463908851" lon="7.246442539617419">
        <ele>1163.7374003348848</ele>
      </trkpt>
      <trkpt lat="44.05284745618701" lon="7.246308512985706">
        <ele>1163.896042216997</ele>
      </trkpt>
      <trkpt lat="44.052793979644775" lon="7.245891094207764">
        <ele>1163.8531495486511</ele>
      </trkpt>
      <trkpt lat="44.052729438990355" lon="7.245496725663543">
        <ele>1162.5247713234405</ele>
      </trkpt>
      <trkpt lat="44.052664898335934" lon="7.2451024409383535">
        <ele>1162.5549011080593</ele>
      </trkpt>
      <trkpt lat="44.0526008605957" lon="7.244710922241211">
        <ele>1163.879046817517</ele>
      </trkpt>
      <trkpt lat="44.05257931910455" lon="7.2443667612969875">
        <ele>1164.8240668614371</ele>
      </trkpt>
      <trkpt lat="44.0525577776134" lon="7.244022600352764">
        <ele>1165.4458223105262</ele>
      </trkpt>
      <trkpt lat="44.052536487579346" lon="7.243680953979492">
        <ele>1164.9860481843646</ele>
      </trkpt>
      <trkpt lat="44.052557945251465" lon="7.243294715881348">
        <ele>1165.569653171517</ele>
      </trkpt>
      <trkpt lat="44.05262961052358" lon="7.243007970973849">
        <ele>1166.278967218816</ele>
      </trkpt>
      <trkpt lat="44.0527012757957" lon="7.242721309885383">
        <ele>1165.7360240036628</ele>
      </trkpt>
      <trkpt lat="44.052772521972656" lon="7.242436408996582">
        <ele>1165.2595712739421</ele>
      </trkpt>
      <trkpt lat="44.052815521135926" lon="7.242145976051688">
        <ele>1164.7435175262508</ele>
      </trkpt>
      <trkpt lat="44.05285835266113" lon="7.241857051849365">
        <ele>1164.5822342630759</ele>
      </trkpt>
      <trkpt lat="44.05287981033325" lon="7.241470813751221">
        <ele>1164.397360035774</ele>
      </trkpt>
      <trkpt lat="44.05281526967883" lon="7.241072924807668">
        <ele>1166.8669760675848</ele>
      </trkpt>
      <trkpt lat="44.05275106430054" lon="7.2406768798828125">
        <ele>1161.3836116059974</ele>
      </trkpt>
      <trkpt lat="44.05268677510321" lon="7.240548133850098">
        <ele>1163.7826809878788</ele>
      </trkpt>
      <trkpt lat="44.05249776318669" lon="7.240548133850098">
        <ele>1165.6947683735634</ele>
      </trkpt>
      <trkpt lat="44.05249357223511" lon="7.240548133850098">
        <ele>1165.820031313866</ele>
      </trkpt>
      <trkpt lat="44.0522575378418" lon="7.240655422210693">
        <ele>1167.3975425738013</ele>
      </trkpt>
      <trkpt lat="44.052064418792725" lon="7.240805625915527">
        <ele>1170.592628640715</ele>
      </trkpt>
      <trkpt lat="44.05191421508789" lon="7.241063117980957">
        <ele>1167.2924878532774</ele>
      </trkpt>
      <trkpt lat="44.05165672302246" lon="7.24123477935791">
        <ele>1165.085910657377</ele>
      </trkpt>
      <trkpt lat="44.051388669759035" lon="7.241347348317504">
        <ele>1166.1172913644414</ele>
      </trkpt>
      <trkpt lat="44.05112061649561" lon="7.241459917277098">
        <ele>1166.222904671724</ele>
      </trkpt>
      <trkpt lat="44.05085256323218" lon="7.2415724862366915">
        <ele>1166.1113975686922</ele>
      </trkpt>
      <trkpt lat="44.050583839416504" lon="7.241685390472412">
        <ele>1167.498114353317</ele>
      </trkpt>
      <trkpt lat="44.050380159169436" lon="7.24169603548944">
        <ele>1167.572479577391</ele>
      </trkpt>
      <trkpt lat="44.05017614364624" lon="7.241706848144531">
        <ele>1169.8805707462056</ele>
      </trkpt>
      <trkpt lat="44.05017622746527" lon="7.241706848144531">
        <ele>1169.8780310861157</ele>
      </trkpt>
      <trkpt lat="44.04992301017046" lon="7.241921341046691">
        <ele>1169.270712043875</ele>
      </trkpt>
      <trkpt lat="44.04966979287565" lon="7.242135917767882">
        <ele>1170.3503918334204</ele>
      </trkpt>
      <trkpt lat="44.049416575580835" lon="7.242350494489074">
        <ele>1170.037609614827</ele>
      </trkpt>
      <trkpt lat="44.04916335828602" lon="7.242565071210265">
        <ele>1168.8707073462447</ele>
      </trkpt>
      <trkpt lat="44.04891014099121" lon="7.242779731750488">
        <ele>1168.6657824460517</ele>
      </trkpt>
      <trkpt lat="44.04874920845032" lon="7.242886936292052">
        <ele>1169.5921315739506</ele>
      </trkpt>
      <trkpt lat="44.048588275909424" lon="7.24299430847168">
        <ele>1168.0932425270134</ele>
      </trkpt>
      <trkpt lat="44.04850244522095" lon="7.24299430847168">
        <ele>1167.3242218305186</ele>
      </trkpt>
      <trkpt lat="44.04845952987671" lon="7.242929935455322">
        <ele>1167.5219600677342</ele>
      </trkpt>
      <trkpt lat="44.04831980355084" lon="7.242618296295404">
        <ele>1166.6646305290933</ele>
      </trkpt>
      <trkpt lat="44.04818058013916" lon="7.242307662963867">
        <ele>1167.9787215115925</ele>
      </trkpt>
      <trkpt lat="44.048073291778564" lon="7.24224328994751">
        <ele>1167.181363982274</ele>
      </trkpt>
      <trkpt lat="44.04790171422064" lon="7.242168188095093">
        <ele>1166.581208454725</ele>
      </trkpt>
      <trkpt lat="44.04772996902466" lon="7.242093086242676">
        <ele>1166.625234855439</ele>
      </trkpt>
      <trkpt lat="44.04748320579529" lon="7.241889238357544">
        <ele>1163.7830504103772</ele>
      </trkpt>
      <trkpt lat="44.04723644256592" lon="7.241685390472412">
        <ele>1163.2323241572676</ele>
      </trkpt>
      <trkpt lat="44.04719352722168" lon="7.2415995597839355">
        <ele>1164.6366585370592</ele>
      </trkpt>
      <trkpt lat="44.04717206954956" lon="7.241277694702148">
        <ele>1167.24357863709</ele>
      </trkpt>
      <trkpt lat="44.04719352722168" lon="7.2409987449646">
        <ele>1168.5722622757798</ele>
      </trkpt>
      <trkpt lat="44.047279357910156" lon="7.240698337554932">
        <ele>1170.9025741735559</ele>
      </trkpt>
      <trkpt lat="44.047322273254395" lon="7.240419387817383">
        <ele>1170.1742732190387</ele>
      </trkpt>
      <trkpt lat="44.047279357910156" lon="7.240054607391357">
        <ele>1167.396516521663</ele>
      </trkpt>
      <trkpt lat="44.0472149848938" lon="7.239882946014404">
        <ele>1166.8181821257022</ele>
      </trkpt>
      <trkpt lat="44.04709680005908" lon="7.239678846672177">
        <ele>1166.0841107044691</ele>
      </trkpt>
      <trkpt lat="44.04697895050049" lon="7.239475250244141">
        <ele>1166.5096138262975</ele>
      </trkpt>
      <trkpt lat="44.046785831451416" lon="7.23923921585083">
        <ele>1166.3956810905509</ele>
      </trkpt>
      <trkpt lat="44.046528339385986" lon="7.239131927490234">
        <ele>1163.7248799912286</ele>
      </trkpt>
      <trkpt lat="44.04635667800903" lon="7.2389817237854">
        <ele>1166.3827200622081</ele>
      </trkpt>
      <trkpt lat="44.04618501663208" lon="7.238938808441162">
        <ele>1165.8493748414007</ele>
      </trkpt>
      <trkpt lat="44.04614210128784" lon="7.238874435424805">
        <ele>1166.9470708235176</ele>
      </trkpt>
      <trkpt lat="44.04601310379803" lon="7.238609399646521">
        <ele>1165.706977051574</ele>
      </trkpt>
      <trkpt lat="44.04588419012725" lon="7.2383443638682365">
        <ele>1167.1333093410178</ele>
      </trkpt>
      <trkpt lat="44.0457558631897" lon="7.2380805015563965">
        <ele>1168.182927843703</ele>
      </trkpt>
      <trkpt lat="44.04571294784546" lon="7.237973213195801">
        <ele>1167.7939034651488</ele>
      </trkpt>
      <trkpt lat="44.04570213519037" lon="7.237618239596486">
        <ele>1168.9860453756235</ele>
      </trkpt>
      <trkpt lat="44.04569149017334" lon="7.237265110015869">
        <ele>1166.925003740735</ele>
      </trkpt>
      <trkpt lat="44.04569149017334" lon="7.236963948234916">
        <ele>1168.273844650769</ele>
      </trkpt>
      <trkpt lat="44.04569149017334" lon="7.236662786453962">
        <ele>1170.5821524264004</ele>
      </trkpt>
      <trkpt lat="44.04569149017334" lon="7.236363887786865">
        <ele>1170.8967401710088</ele>
      </trkpt>
      <trkpt lat="44.04567003250122" lon="7.236170768737793">
        <ele>1169.8397070310202</ele>
      </trkpt>
      <trkpt lat="44.04562711715698" lon="7.236020565032959">
        <ele>1170.0956734172648</ele>
      </trkpt>
      <trkpt lat="44.04562711715698" lon="7.235891819000244">
        <ele>1171.9276041939977</ele>
      </trkpt>
      <trkpt lat="44.04571294784546" lon="7.2355055809021">
        <ele>1170.9944280747068</ele>
      </trkpt>
      <trkpt lat="44.04571294784546" lon="7.235312461853027">
        <ele>1171.1743715969317</ele>
      </trkpt>
      <trkpt lat="44.0456485748291" lon="7.235205173492432">
        <ele>1170.195803621812</ele>
      </trkpt>
      <trkpt lat="44.04573448933661" lon="7.234797477722168">
        <ele>1171.656692124268</ele>
      </trkpt>
      <trkpt lat="44.04573440551758" lon="7.234690189361572">
        <ele>1171.0414846983042</ele>
      </trkpt>
      <trkpt lat="44.04569149017334" lon="7.234625816345215">
        <ele>1170.5082514308967</ele>
      </trkpt>
      <trkpt lat="44.045584201812744" lon="7.234582901000977">
        <ele>1170.7126107778386</ele>
      </trkpt>
      <trkpt lat="44.045369792729616" lon="7.234625732526183">
        <ele>1170.5582810679284</ele>
      </trkpt>
      <trkpt lat="44.04515504837036" lon="7.234668731689453">
        <ele>1171.9276822996417</ele>
      </trkpt>
      <trkpt lat="44.04502630233765" lon="7.234647274017334">
        <ele>1171.3387635603638</ele>
      </trkpt>
      <trkpt lat="44.04485464096069" lon="7.234561443328857">
        <ele>1171.8866156233403</ele>
      </trkpt>
      <trkpt lat="44.04456513002515" lon="7.23466856405139">
        <ele>1172.1259195988887</ele>
      </trkpt>
      <trkpt lat="44.04427528381348" lon="7.234776020050049">
        <ele>1172.3756119196564</ele>
      </trkpt>
      <trkpt lat="44.04402860440314" lon="7.2349154110997915">
        <ele>1171.266247757893</ele>
      </trkpt>
      <trkpt lat="44.043781757354736" lon="7.235054969787598">
        <ele>1169.8410403589646</ele>
      </trkpt>
      <trkpt lat="44.043567180633545" lon="7.235012054443359">
        <ele>1173.8756588125489</ele>
      </trkpt>
      <trkpt lat="44.043545722961426" lon="7.234818935394287">
        <ele>1173.6952430871388</ele>
      </trkpt>
      <trkpt lat="44.043599450960755" lon="7.234507044777274">
        <ele>1174.3090927375547</ele>
      </trkpt>
      <trkpt lat="44.04365301132202" lon="7.234196662902832">
        <ele>1173.3574271135901</ele>
      </trkpt>
      <trkpt lat="44.04370673932135" lon="7.233970854431391">
        <ele>1174.5680551456128</ele>
      </trkpt>
      <trkpt lat="44.04376038350165" lon="7.23374605178833">
        <ele>1174.2614952471108</ele>
      </trkpt>
      <trkpt lat="44.04382484033704" lon="7.233520243316889">
        <ele>1174.222383352024</ele>
      </trkpt>
      <trkpt lat="44.043889129534364" lon="7.233295440673828">
        <ele>1173.6835208268703</ele>
      </trkpt>
      <trkpt lat="44.04395341873169" lon="7.232930660247803">
        <ele>1173.5972514096266</ele>
      </trkpt>
      <trkpt lat="44.04393196105957" lon="7.232694625854492">
        <ele>1171.5327392472173</ele>
      </trkpt>
      <trkpt lat="44.043874545022845" lon="7.232407880946994">
        <ele>1168.7376991284318</ele>
      </trkpt>
      <trkpt lat="44.04381721280515" lon="7.2321211360394955">
        <ele>1169.5649679629496</ele>
      </trkpt>
      <trkpt lat="44.04376029968262" lon="7.231836318969727">
        <ele>1172.0454517925036</ele>
      </trkpt>
      <trkpt lat="44.043738758191466" lon="7.231463408097625">
        <ele>1173.4844610568132</ele>
      </trkpt>
      <trkpt lat="44.043717216700315" lon="7.231090581044555">
        <ele>1172.7694393748147</ele>
      </trkpt>
      <trkpt lat="44.04369592666626" lon="7.230720520019531">
        <ele>1172.0922755409592</ele>
      </trkpt>
      <trkpt lat="44.04376029968262" lon="7.230420112609863">
        <ele>1174.6638280298657</ele>
      </trkpt>
      <trkpt lat="44.04399633407593" lon="7.230184078216553">
        <ele>1177.742633037296</ele>
      </trkpt>
      <trkpt lat="44.04401779174805" lon="7.230119705200195">
        <ele>1176.5085809626535</ele>
      </trkpt>
      <trkpt lat="44.04387806542218" lon="7.229786524549127">
        <ele>1173.4067110186772</ele>
      </trkpt>
      <trkpt lat="44.0437388420105" lon="7.229454517364502">
        <ele>1173.2123604265225</ele>
      </trkpt>
      <trkpt lat="44.04365301132202" lon="7.229197025299072">
        <ele>1173.009812281848</ele>
      </trkpt>
      <trkpt lat="44.04368167743087" lon="7.2287811152637005">
        <ele>1175.496200047312</ele>
      </trkpt>
      <trkpt lat="44.043710343539715" lon="7.22836528904736">
        <ele>1176.2614144646107</ele>
      </trkpt>
      <trkpt lat="44.0437388420105" lon="7.227952480316162">
        <ele>1174.6498340898593</ele>
      </trkpt>
      <trkpt lat="44.04371730051935" lon="7.227726588025689">
        <ele>1174.7240848670788</ele>
      </trkpt>
      <trkpt lat="44.04369592666626" lon="7.22750186920166">
        <ele>1175.2322412294643</ele>
      </trkpt>
      <trkpt lat="44.0437388420105" lon="7.227416038513184">
        <ele>1177.3237061284353</ele>
      </trkpt>
      <trkpt lat="44.04395341873169" lon="7.227222919464111">
        <ele>1182.4859341835602</ele>
      </trkpt>
      <trkpt lat="44.04397496022284" lon="7.227158546447754">
        <ele>1178.1641572124345</ele>
      </trkpt>
      <trkpt lat="44.0439320448786" lon="7.2269439697265625">
        <ele>1172.5069392299993</ele>
      </trkpt>
      <trkpt lat="44.04371738433838" lon="7.2267937660217285">
        <ele>1176.149883222497</ele>
      </trkpt>
      <trkpt lat="44.04345997609198" lon="7.226729393005371">
        <ele>1174.6473722666624</ele>
      </trkpt>
      <trkpt lat="44.04330977238715" lon="7.226729393005371">
        <ele>1179.3631557056863</ele>
      </trkpt>
      <trkpt lat="44.0431809425354" lon="7.226879596710205">
        <ele>1185.9288589209323</ele>
      </trkpt>
      <trkpt lat="44.04312713071704" lon="7.227105321362615">
        <ele>1185.17210026425</ele>
      </trkpt>
      <trkpt lat="44.043073654174805" lon="7.227330207824707">
        <ele>1182.2535211018926</ele>
      </trkpt>
      <trkpt lat="44.04292345046997" lon="7.227609157562256">
        <ele>1179.0746132636789</ele>
      </trkpt>
      <trkpt lat="44.042794704437256" lon="7.227566242218018">
        <ele>1174.4037487711726</ele>
      </trkpt>
      <trkpt lat="44.04266595840454" lon="7.227222919464111">
        <ele>1178.924658473362</ele>
      </trkpt>
      <trkpt lat="44.042580127716064" lon="7.227201461791992">
        <ele>1182.4774430912476</ele>
      </trkpt>
      <trkpt lat="44.042537212371826" lon="7.227222919464111">
        <ele>1184.7979991198642</ele>
      </trkpt>
      <trkpt lat="44.04251575469971" lon="7.22726583480835">
        <ele>1185.9750192924496</ele>
      </trkpt>
      <trkpt lat="44.04245138168335" lon="7.227308750152588">
        <ele>1189.9411930148103</ele>
      </trkpt>
      <trkpt lat="44.04234392568469" lon="7.227480495348573">
        <ele>1196.3026063345142</ele>
      </trkpt>
      <trkpt lat="44.04223680496216" lon="7.227652072906494">
        <ele>1200.0484885558126</ele>
      </trkpt>
      <trkpt lat="44.04215097427368" lon="7.227694988250732">
        <ele>1204.9812175054333</ele>
      </trkpt>
      <trkpt lat="44.04202222824097" lon="7.228059768676758">
        <ele>1216.5480831401674</ele>
      </trkpt>
      <trkpt lat="44.042011415585876" lon="7.22843611612916">
        <ele>1227.9469487120818</ele>
      </trkpt>
      <trkpt lat="44.04200077056885" lon="7.228810787200928">
        <ele>1228.2010587172385</ele>
      </trkpt>
      <trkpt lat="44.04186129570007" lon="7.2286927700042725">
        <ele>1238.787077917896</ele>
      </trkpt>
      <trkpt lat="44.0417218208313" lon="7.228574752807617">
        <ele>1247.454955878031</ele>
      </trkpt>
      <trkpt lat="44.041593074798584" lon="7.228724956512451">
        <ele>1252.156376550885</ele>
      </trkpt>
      <trkpt lat="44.04150724411011" lon="7.2286176681518555">
        <ele>1258.9127278126239</ele>
      </trkpt>
      <trkpt lat="44.04142141342163" lon="7.228682041168213">
        <ele>1261.580073198785</ele>
      </trkpt>
      <trkpt lat="44.04135704040527" lon="7.228531837463379">
        <ele>1267.4120243361922</ele>
      </trkpt>
      <trkpt lat="44.0411639213562" lon="7.228553295135498">
        <ele>1277.0875386510775</ele>
      </trkpt>
      <trkpt lat="44.041078090667725" lon="7.228446006774902">
        <ele>1284.6638477380106</ele>
      </trkpt>
      <trkpt lat="44.04086351394653" lon="7.228660583496094">
        <ele>1292.882563088595</ele>
      </trkpt>
      <trkpt lat="44.04086351394653" lon="7.228403091430664">
        <ele>1300.446105226738</ele>
      </trkpt>
      <trkpt lat="44.04077768325806" lon="7.228424549102783">
        <ele>1306.3274750889946</ele>
      </trkpt>
      <trkpt lat="44.04073476791382" lon="7.2283172607421875">
        <ele>1312.1740457802111</ele>
      </trkpt>
      <trkpt lat="44.04064893722534" lon="7.228381633758545">
        <ele>1317.3965225335457</ele>
      </trkpt>
      <trkpt lat="44.04062747955322" lon="7.228274345397949">
        <ele>1321.12683682553</ele>
      </trkpt>
      <trkpt lat="44.04049873352051" lon="7.228274345397949">
        <ele>1332.3244112588386</ele>
      </trkpt>
      <trkpt lat="44.04041290283203" lon="7.2281670570373535">
        <ele>1339.238313515381</ele>
      </trkpt>
      <trkpt lat="44.04033763334155" lon="7.228403510525823">
        <ele>1345.909837499685</ele>
      </trkpt>
      <trkpt lat="44.0402626991272" lon="7.228639125823975">
        <ele>1343.7527876049814</ele>
      </trkpt>
      <trkpt lat="44.04012314043939" lon="7.228488838300109">
        <ele>1360.403384495293</ele>
      </trkpt>
      <trkpt lat="44.03998374938965" lon="7.228338718414307">
        <ele>1373.7066234260324</ele>
      </trkpt>
      <trkpt lat="44.0398015268147" lon="7.228370821103454">
        <ele>1386.1326918635366</ele>
      </trkpt>
      <trkpt lat="44.03961896896362" lon="7.228403091430664">
        <ele>1399.923967167655</ele>
      </trkpt>
      <trkpt lat="44.0395544283092" lon="7.228628816083074">
        <ele>1401.1161903376023</ele>
      </trkpt>
      <trkpt lat="44.03949022293091" lon="7.228853702545166">
        <ele>1395.9132167966723</ele>
      </trkpt>
      <trkpt lat="44.039340019226074" lon="7.228832244873047">
        <ele>1407.5725794290465</ele>
      </trkpt>
      <trkpt lat="44.039297103881836" lon="7.228703498840332">
        <ele>1416.3284088841342</ele>
      </trkpt>
      <trkpt lat="44.03912544250488" lon="7.228842889890075">
        <ele>1425.311116704616</ele>
      </trkpt>
      <trkpt lat="44.03895378112793" lon="7.228982448577881">
        <ele>1439.2550827782725</ele>
      </trkpt>
      <trkpt lat="44.03887851163745" lon="7.229197360575199">
        <ele>1444.1817555099592</ele>
      </trkpt>
      <trkpt lat="44.038803577423096" lon="7.229411602020264">
        <ele>1447.8506391557805</ele>
      </trkpt>
      <trkpt lat="44.03863191604614" lon="7.229550993070006">
        <ele>1459.7542622797394</ele>
      </trkpt>
      <trkpt lat="44.03846025466919" lon="7.2296905517578125">
        <ele>1464.461696283276</ele>
      </trkpt>
      <trkpt lat="44.03826730325818" lon="7.229669094085693">
        <ele>1466.8683898952186</ele>
      </trkpt>
      <trkpt lat="44.038074016571045" lon="7.229647636413574">
        <ele>1467.0690569819474</ele>
      </trkpt>
      <trkpt lat="44.037795066833496" lon="7.229475975036621">
        <ele>1486.404652394029</ele>
      </trkpt>
      <trkpt lat="44.03755207546055" lon="7.229547388851643">
        <ele>1488.295726845077</ele>
      </trkpt>
      <trkpt lat="44.03730908408761" lon="7.229618886485696">
        <ele>1497.4788350938265</ele>
      </trkpt>
      <trkpt lat="44.037065505981445" lon="7.2296905517578125">
        <ele>1492.151548842996</ele>
      </trkpt>
      <trkpt lat="44.03692603111267" lon="7.229583263397217">
        <ele>1496.8641863359762</ele>
      </trkpt>
      <trkpt lat="44.0367865562439" lon="7.229475975036621">
        <ele>1505.5482361744112</ele>
      </trkpt>
      <trkpt lat="44.036625707522035" lon="7.2294652462005615">
        <ele>1510.1764634848853</ele>
      </trkpt>
      <trkpt lat="44.03646469116211" lon="7.229454517364502">
        <ele>1512.9234394727293</ele>
      </trkpt>
      <trkpt lat="44.03637886047363" lon="7.229111194610596">
        <ele>1527.1508255028202</ele>
      </trkpt>
      <trkpt lat="44.03644323348999" lon="7.22900390625">
        <ele>1533.0251994127902</ele>
      </trkpt>
      <trkpt lat="44.03640031814575" lon="7.228703498840332">
        <ele>1541.8562811662355</ele>
      </trkpt>
      <trkpt lat="44.03646469116211" lon="7.22874641418457">
        <ele>1543.224772869312</ele>
      </trkpt>
      <trkpt lat="44.03646469116211" lon="7.228682041168213">
        <ele>1545.4189532664793</ele>
      </trkpt>
      <trkpt lat="44.03650760650635" lon="7.2287678718566895">
        <ele>1544.265774338121</ele>
      </trkpt>
      <trkpt lat="44.03652906417847" lon="7.228381633758545">
        <ele>1556.6665646033048</ele>
      </trkpt>
      <trkpt lat="44.03661489486694" lon="7.228403091430664">
        <ele>1559.9163207569193</ele>
      </trkpt>
      <trkpt lat="44.036593437194824" lon="7.22825288772583">
        <ele>1562.8154129125526</ele>
      </trkpt>
      <trkpt lat="44.03663635253906" lon="7.228209972381592">
        <ele>1565.9601734158882</ele>
      </trkpt>
      <trkpt lat="44.03666853904724" lon="7.227962622419">
        <ele>1572.8078034264033</ele>
      </trkpt>
      <trkpt lat="44.03670072555542" lon="7.227716445922852">
        <ele>1579.1988436081797</ele>
      </trkpt>
      <trkpt lat="44.03695821762085" lon="7.227802276611328">
        <ele>1589.3211859718385</ele>
      </trkpt>
      <trkpt lat="44.037044048309326" lon="7.227694988250732">
        <ele>1594.1593257903787</ele>
      </trkpt>
      <trkpt lat="44.037044048309326" lon="7.2274583671242">
        <ele>1596.901571837847</ele>
      </trkpt>
      <trkpt lat="44.037044048309326" lon="7.227222919464111">
        <ele>1601.7559435879848</ele>
      </trkpt>
      <trkpt lat="44.03695084154606" lon="7.226850176230073">
        <ele>1608.0776386054513</ele>
      </trkpt>
      <trkpt lat="44.03685763478279" lon="7.226477432996035">
        <ele>1615.985235109486</ele>
      </trkpt>
      <trkpt lat="44.03676509857178" lon="7.226107120513916">
        <ele>1627.4918301353405</ele>
      </trkpt>
      <trkpt lat="44.03655035421252" lon="7.225806461647153">
        <ele>1632.9960786777322</ele>
      </trkpt>
      <trkpt lat="44.036335945129395" lon="7.22550630569458">
        <ele>1636.6034024438104</ele>
      </trkpt>
      <trkpt lat="44.036174761131406" lon="7.225140938535333">
        <ele>1645.170007604718</ele>
      </trkpt>
      <trkpt lat="44.03601408004761" lon="7.224776744842529">
        <ele>1657.7414526406096</ele>
      </trkpt>
      <trkpt lat="44.03581006452441" lon="7.224508272483945">
        <ele>1666.4903194754122</ele>
      </trkpt>
      <trkpt lat="44.03560604900122" lon="7.224239883944392">
        <ele>1675.293509182826</ele>
      </trkpt>
      <trkpt lat="44.03540211729705" lon="7.2239714954048395">
        <ele>1684.6062941083019</ele>
      </trkpt>
      <trkpt lat="44.03519868850708" lon="7.223703861236572">
        <ele>1700.2141249682925</ele>
      </trkpt>
      <trkpt lat="44.035327434539795" lon="7.223360538482666">
        <ele>1714.2669781502932</ele>
      </trkpt>
      <trkpt lat="44.03513431549072" lon="7.223188877105713">
        <ele>1723.2562700235442</ele>
      </trkpt>
      <trkpt lat="44.03489828109741" lon="7.223339080810547">
        <ele>1727.3790882033609</ele>
      </trkpt>
      <trkpt lat="44.03462653979659" lon="7.223181752488017">
        <ele>1736.3923813991817</ele>
      </trkpt>
      <trkpt lat="44.0343548823148" lon="7.223024507984519">
        <ele>1742.3824146108743</ele>
      </trkpt>
      <trkpt lat="44.034082889556885" lon="7.222867012023926">
        <ele>1743.357384650407</ele>
      </trkpt>
      <trkpt lat="44.03379874303937" lon="7.222743714228272">
        <ele>1747.106398025049</ele>
      </trkpt>
      <trkpt lat="44.033514596521854" lon="7.222620416432619">
        <ele>1753.9581157535017</ele>
      </trkpt>
      <trkpt lat="44.03323053382337" lon="7.222497118636966">
        <ele>1766.2098595468203</ele>
      </trkpt>
      <trkpt lat="44.03294563293457" lon="7.2223734855651855">
        <ele>1769.1876574543448</ele>
      </trkpt>
      <trkpt lat="44.032677663490176" lon="7.222378766164184">
        <ele>1767.3406898957885</ele>
      </trkpt>
      <trkpt lat="44.03240969404578" lon="7.222384130582213">
        <ele>1770.033042016478</ele>
      </trkpt>
      <trkpt lat="44.03214172460139" lon="7.222389495000243">
        <ele>1776.7495323425806</ele>
      </trkpt>
      <trkpt lat="44.03187274932861" lon="7.222394943237305">
        <ele>1787.7187515324838</ele>
      </trkpt>
      <trkpt lat="44.03165817260742" lon="7.2225022315979">
        <ele>1801.5163791797827</ele>
      </trkpt>
      <trkpt lat="44.03148651123047" lon="7.222695350646973">
        <ele>1795.4047080177284</ele>
      </trkpt>
      <trkpt lat="44.0312933921814" lon="7.222566604614258">
        <ele>1798.3217374532787</ele>
      </trkpt>
      <trkpt lat="44.031114522367716" lon="7.222394859418273">
        <ele>1803.5899103208499</ele>
      </trkpt>
      <trkpt lat="44.030935652554035" lon="7.22222319804132">
        <ele>1807.6743662058516</ele>
      </trkpt>
      <trkpt lat="44.03075695037842" lon="7.222051620483398">
        <ele>1811.8653231511962</ele>
      </trkpt>
      <trkpt lat="44.03052091598511" lon="7.222030162811279">
        <ele>1815.7811742285419</ele>
      </trkpt>
      <trkpt lat="44.030349254608154" lon="7.2219014167785645">
        <ele>1825.0960736556685</ele>
      </trkpt>
      <trkpt lat="44.03024196624756" lon="7.221965789794922">
        <ele>1823.9988448759268</ele>
      </trkpt>
      <trkpt lat="44.03015613555908" lon="7.221944332122803">
        <ele>1825.4407562237775</ele>
      </trkpt>
      <trkpt lat="44.02994885109365" lon="7.2218728344887495">
        <ele>1830.0461207456167</ele>
      </trkpt>
      <trkpt lat="44.02974156662822" lon="7.221801336854696">
        <ele>1833.0028839089816</ele>
      </trkpt>
      <trkpt lat="44.02953386306763" lon="7.221729755401611">
        <ele>1848.5724619385542</ele>
      </trkpt>
      <trkpt lat="44.02951240539551" lon="7.221879959106445">
        <ele>1842.2705457750417</ele>
      </trkpt>
      <trkpt lat="44.02942657470703" lon="7.221879959106445">
        <ele>1845.7557425732707</ele>
      </trkpt>
      <trkpt lat="44.02940511703491" lon="7.221815586090088">
        <ele>1851.2387230051804</ele>
      </trkpt>
      <trkpt lat="44.029297828674316" lon="7.221794128417969">
        <ele>1859.1932744341757</ele>
      </trkpt>
      <trkpt lat="44.02919054031372" lon="7.221815586090088">
        <ele>1865.530574113222</ele>
      </trkpt>
      <trkpt lat="44.029104709625244" lon="7.221944332122803">
        <ele>1862.7862421828966</ele>
      </trkpt>
      <trkpt lat="44.028804302215576" lon="7.221879959106445">
        <ele>1859.669498838815</ele>
      </trkpt>
      <trkpt lat="44.028589725494385" lon="7.2219014167785645">
        <ele>1860.0654869273067</ele>
      </trkpt>
      <trkpt lat="44.02843952178955" lon="7.221794128417969">
        <ele>1871.1403361881967</ele>
      </trkpt>
      <trkpt lat="44.02822494506836" lon="7.2219014167785645">
        <ele>1878.6790606813854</ele>
      </trkpt>
      <trkpt lat="44.02808538638055" lon="7.222073161974549">
        <ele>1882.7662911826044</ele>
      </trkpt>
      <trkpt lat="44.02794599533081" lon="7.222244739532471">
        <ele>1880.611652773285</ele>
      </trkpt>
      <trkpt lat="44.02768850326538" lon="7.222287654876709">
        <ele>1889.0912655645714</ele>
      </trkpt>
      <trkpt lat="44.02740955352783" lon="7.222416400909424">
        <ele>1890.2708876758725</ele>
      </trkpt>
      <trkpt lat="44.02721643447876" lon="7.222437858581543">
        <ele>1897.5458015905274</ele>
      </trkpt>
      <trkpt lat="44.02702331542969" lon="7.222566520795226">
        <ele>1900.4663456220317</ele>
      </trkpt>
      <trkpt lat="44.026830196380615" lon="7.222695350646973">
        <ele>1905.401740073427</ele>
      </trkpt>
      <trkpt lat="44.026594161987305" lon="7.2229743003845215">
        <ele>1909.4646977628581</ele>
      </trkpt>
      <trkpt lat="44.02652978897095" lon="7.222995758056641">
        <ele>1910.5354653103677</ele>
      </trkpt>
      <trkpt lat="44.02628654614091" lon="7.223206730559468">
        <ele>1912.6158265040817</ele>
      </trkpt>
      <trkpt lat="44.0260433871299" lon="7.223417703062296">
        <ele>1916.6812678406823</ele>
      </trkpt>
      <trkpt lat="44.0258002281189" lon="7.223628675565124">
        <ele>1921.526893577573</ele>
      </trkpt>
      <trkpt lat="44.02555706910789" lon="7.223839731886983">
        <ele>1925.7394238179213</ele>
      </trkpt>
      <trkpt lat="44.02531382627785" lon="7.224050704389811">
        <ele>1928.715260860504</ele>
      </trkpt>
      <trkpt lat="44.025070667266846" lon="7.22426176071167">
        <ele>1929.0039396820346</ele>
      </trkpt>
      <trkpt lat="44.02500629425049" lon="7.224669456481934">
        <ele>1929.481608717741</ele>
      </trkpt>
      <trkpt lat="44.02499187737703" lon="7.224984867498279">
        <ele>1930.168832139541</ele>
      </trkpt>
      <trkpt lat="44.02497754432261" lon="7.225300362333655">
        <ele>1932.9686554479092</ele>
      </trkpt>
      <trkpt lat="44.02496337890625" lon="7.225613594055176">
        <ele>1937.4733147125517</ele>
      </trkpt>
      <trkpt lat="44.02487017214298" lon="7.225950378924608">
        <ele>1941.8531765634302</ele>
      </trkpt>
      <trkpt lat="44.024776965379715" lon="7.226287247613072">
        <ele>1945.7163689430438</ele>
      </trkpt>
      <trkpt lat="44.0246844291687" lon="7.226622104644775">
        <ele>1944.911394268283</ele>
      </trkpt>
      <trkpt lat="44.024620056152344" lon="7.2269439697265625">
        <ele>1947.1151368406427</ele>
      </trkpt>
      <trkpt lat="44.024523328989744" lon="7.22716961055994">
        <ele>1946.786994934082</ele>
      </trkpt>
      <trkpt lat="44.02442693710327" lon="7.2273945808410645">
        <ele>1948.130859375</ele>
      </trkpt>
      <trkpt lat="44.024276565760374" lon="7.227609241381288">
        <ele>1941.9861301808537</ele>
      </trkpt>
      <trkpt lat="44.02412627823651" lon="7.227823985740542">
        <ele>1944.6577790937554</ele>
      </trkpt>
      <trkpt lat="44.02397632598877" lon="7.228038311004639">
        <ele>1943.6067374146037</ele>
      </trkpt>
      <trkpt lat="44.0238902438432" lon="7.2284038458019495">
        <ele>1944.0549182136892</ele>
      </trkpt>
      <trkpt lat="44.023804664611816" lon="7.2287678718566895">
        <ele>1950.8016208408249</ele>
      </trkpt>
      <trkpt lat="44.02364716865122" lon="7.228975407779217">
        <ele>1952.3962975516133</ele>
      </trkpt>
      <trkpt lat="44.02348967269063" lon="7.229182943701744">
        <ele>1953.2142056248003</ele>
      </trkpt>
      <trkpt lat="44.023332595825195" lon="7.2293901443481445">
        <ele>1953.7660556171604</ele>
      </trkpt>
      <trkpt lat="44.023096561431885" lon="7.22949743270874">
        <ele>1949.030923567309</ele>
      </trkpt>
      <trkpt lat="44.02303218841553" lon="7.229647636413574">
        <ele>1947.2630199535347</ele>
      </trkpt>
      <trkpt lat="44.022935377433896" lon="7.229959359392524">
        <ele>1946.5227833092652</ele>
      </trkpt>
      <trkpt lat="44.022839069366455" lon="7.230269908905029">
        <ele>1945.871121065195</ele>
      </trkpt>
      <trkpt lat="44.02263522148132" lon="7.230452299118042">
        <ele>1945.7217056386799</ele>
      </trkpt>
      <trkpt lat="44.02243137359619" lon="7.230634689331055">
        <ele>1944.0824454230496</ele>
      </trkpt>
      <trkpt lat="44.02220615185797" lon="7.230774080380797">
        <ele>1939.6265587181117</ele>
      </trkpt>
      <trkpt lat="44.02198076248169" lon="7.2309136390686035">
        <ele>1944.1491100168264</ele>
      </trkpt>
      <trkpt lat="44.02173986658454" lon="7.230984466150403">
        <ele>1946.33615950883</ele>
      </trkpt>
      <trkpt lat="44.021498803049326" lon="7.2310552932322025">
        <ele>1943.8428638669773</ele>
      </trkpt>
      <trkpt lat="44.021498719230294" lon="7.2310552932322025">
        <ele>1943.84140801884</ele>
      </trkpt>
      <trkpt lat="44.02149855159223" lon="7.231055460870266">
        <ele>1943.8457506610926</ele>
      </trkpt>
      <trkpt lat="44.0214984677732" lon="7.231055377051234">
        <ele>1943.840667900508</ele>
      </trkpt>
      <trkpt lat="44.02149016968906" lon="7.231034925207496">
        <ele>1942.8052778943977</ele>
      </trkpt>
      <trkpt lat="44.02123996987939" lon="7.231119917705655">
        <ele>1944.1610206185508</ele>
      </trkpt>
      <trkpt lat="44.021080043166876" lon="7.2311848774552345">
        <ele>1940.4524079914179</ele>
      </trkpt>
      <trkpt lat="44.0209199488163" lon="7.231249921023846">
        <ele>1937.218452227296</ele>
      </trkpt>
      <trkpt lat="44.020670084282756" lon="7.23138989880681">
        <ele>1935.018331008678</ele>
      </trkpt>
      <trkpt lat="44.02042021974921" lon="7.231529792770743">
        <ele>1931.0246029551522</ele>
      </trkpt>
      <trkpt lat="44.02016993612051" lon="7.2316699381917715">
        <ele>1928.2239851807578</ele>
      </trkpt>
      <trkpt lat="44.02014998719096" lon="7.231719978153706">
        <ele>1930.1691400448694</ele>
      </trkpt>
      <trkpt lat="44.02023992501199" lon="7.23172995261848">
        <ele>1932.5399721932276</ele>
      </trkpt>
      <trkpt lat="44.020139928907156" lon="7.232019966468215">
        <ele>1946.3199915434388</ele>
      </trkpt>
      <trkpt lat="44.019980086013675" lon="7.232069922611117">
        <ele>1950.1113586887018</ele>
      </trkpt>
      <trkpt lat="44.0198199916631" lon="7.2321199625730515">
        <ele>1954.4732252221063</ele>
      </trkpt>
      <trkpt lat="44.01993993669748" lon="7.232209984213114">
        <ele>1958.305921182115</ele>
      </trkpt>
      <trkpt lat="44.019729970023036" lon="7.232279973104596">
        <ele>1964.6263027164468</ele>
      </trkpt>
      <trkpt lat="44.01980993337929" lon="7.232399918138981">
        <ele>1966.2052597670604</ele>
      </trkpt>
      <trkpt lat="44.019619999453425" lon="7.232659924775362">
        <ele>1969.879021945024</ele>
      </trkpt>
      <trkpt lat="44.01941992342472" lon="7.232709964737296">
        <ele>1971.1907922273904</ele>
      </trkpt>
      <trkpt lat="44.019234934821725" lon="7.232874920591712">
        <ele>1969.555239716641</ele>
      </trkpt>
      <trkpt lat="44.01904994621873" lon="7.23303996026516">
        <ele>1971.178868285528</ele>
      </trkpt>
      <trkpt lat="44.01896998286247" lon="7.23318999633193">
        <ele>1972.637399666484</ele>
      </trkpt>
      <trkpt lat="44.01887996122241" lon="7.233499959111214">
        <ele>1969.3815816178126</ele>
      </trkpt>
      <trkpt lat="44.018699917942286" lon="7.2336899768561125">
        <ele>1972.0484402390605</ele>
      </trkpt>
      <trkpt lat="44.018609980121255" lon="7.233969932422042">
        <ele>1965.1624863450843</ele>
      </trkpt>
      <trkpt lat="44.01852993294597" lon="7.233999939635396">
        <ele>1968.4160151512447</ele>
      </trkpt>
      <trkpt lat="44.018399845808744" lon="7.234210157766938">
        <ele>1967.4941560593686</ele>
      </trkpt>
      <trkpt lat="44.018269926309586" lon="7.234419956803322">
        <ele>1968.341564050738</ele>
      </trkpt>
      <trkpt lat="44.018049985170364" lon="7.234639981761575">
        <ele>1974.1674177935092</ele>
      </trkpt>
      <trkpt lat="44.017989970743656" lon="7.234639981761575">
        <ele>1978.7742206677503</ele>
      </trkpt>
      <trkpt lat="44.01784487999976" lon="7.234840141609311">
        <ele>1979.2505809969625</ele>
      </trkpt>
      <trkpt lat="44.01769995689392" lon="7.235039966180921">
        <ele>1985.7428042768108</ele>
      </trkpt>
      <trkpt lat="44.01766994968057" lon="7.235379936173558">
        <ele>1982.9850700647294</ele>
      </trkpt>
      <trkpt lat="44.017559979110956" lon="7.235549921169877">
        <ele>1985.9119578474547</ele>
      </trkpt>
      <trkpt lat="44.01753491722047" lon="7.235795510932803">
        <ele>1985.5692533321899</ele>
      </trkpt>
      <trkpt lat="44.01750993914902" lon="7.236039927229285">
        <ele>1983.3168250252309</ele>
      </trkpt>
      <trkpt lat="44.01732997968793" lon="7.236319966614246">
        <ele>1981.3030005768217</ele>
      </trkpt>
      <trkpt lat="44.01721992529929" lon="7.236289959400892">
        <ele>1977.778343465515</ele>
      </trkpt>
      <trkpt lat="44.01725001633167" lon="7.23652046173811">
        <ele>1973.4458880863506</ele>
      </trkpt>
      <trkpt lat="44.017279939725995" lon="7.236749958246946">
        <ele>1971.823727588333</ele>
      </trkpt>
      <trkpt lat="44.017355125397444" lon="7.236975347623229">
        <ele>1974.5809924786163</ele>
      </trkpt>
      <trkpt lat="44.017429975792766" lon="7.237199982628226">
        <ele>1977.1265926827266</ele>
      </trkpt>
      <trkpt lat="44.01750507764518" lon="7.237485554069281">
        <ele>1978.402956802596</ele>
      </trkpt>
      <trkpt lat="44.017579928040504" lon="7.237769952043891">
        <ele>1978.385942413584</ele>
      </trkpt>
      <trkpt lat="44.01756743900478" lon="7.238181000575423">
        <ele>1976.4188978638715</ele>
      </trkpt>
      <trkpt lat="44.01755494996905" lon="7.238589953631163">
        <ele>1976.0255525208497</ele>
      </trkpt>
      <trkpt lat="44.01754246093333" lon="7.239001002162695">
        <ele>1975.1830543703502</ele>
      </trkpt>
      <trkpt lat="44.0175299718976" lon="7.239409955218434">
        <ele>1976.3337094183407</ele>
      </trkpt>
      <trkpt lat="44.01748990640044" lon="7.239760821685195">
        <ele>1976.50163363703</ele>
      </trkpt>
      <trkpt lat="44.01744975708425" lon="7.240111604332924">
        <ele>1977.6058773533334</ele>
      </trkpt>
      <trkpt lat="44.017409943044186" lon="7.240459956228733">
        <ele>1976.8120894320557</ele>
      </trkpt>
      <trkpt lat="44.017369877547026" lon="7.240810822695494">
        <ele>1975.864526594262</ele>
      </trkpt>
      <trkpt lat="44.017329812049866" lon="7.241161605343223">
        <ele>1972.921247507616</ele>
      </trkpt>
      <trkpt lat="44.0172899980098" lon="7.241509957239032">
        <ele>1967.7776537804584</ele>
      </trkpt>
      <trkpt lat="44.01732997968793" lon="7.2419199999421835">
        <ele>1963.3231724191523</ele>
      </trkpt>
      <trkpt lat="44.01732997968793" lon="7.242039944976568">
        <ele>1962.0361084486256</ele>
      </trkpt>
      <trkpt lat="44.01720995083451" lon="7.242279918864369">
        <ele>1957.2620322700036</ele>
      </trkpt>
      <trkpt lat="44.01715999469161" lon="7.242609998211265">
        <ele>1951.7765620697498</ele>
      </trkpt>
      <trkpt lat="44.017049772664905" lon="7.242830274626613">
        <ele>1948.7042763913873</ele>
      </trkpt>
      <trkpt lat="44.01693996973336" lon="7.243049964308739">
        <ele>1943.9784995435557</ele>
      </trkpt>
      <trkpt lat="44.01679999195039" lon="7.243269989266992">
        <ele>1938.6218318535864</ele>
      </trkpt>
      <trkpt lat="44.016679963096976" lon="7.243569977581501">
        <ele>1934.2381431232618</ele>
      </trkpt>
      <trkpt lat="44.016599832102656" lon="7.2438655234873295">
        <ele>1930.4897695540992</ele>
      </trkpt>
      <trkpt lat="44.01651995256543" lon="7.244159979745746">
        <ele>1926.8782051116755</ele>
      </trkpt>
      <trkpt lat="44.016484916210175" lon="7.244375478476286">
        <ele>1924.4616944911256</ele>
      </trkpt>
      <trkpt lat="44.01644996367395" lon="7.244589971378446">
        <ele>1923.300445225087</ele>
      </trkpt>
      <trkpt lat="44.01633999310434" lon="7.244839919731021">
        <ele>1920.7157870017413</ele>
      </trkpt>
      <trkpt lat="44.016249971464276" lon="7.244859952479601">
        <ele>1919.491473423312</ele>
      </trkpt>
      <trkpt lat="44.016169840469956" lon="7.245137142017484">
        <ele>1918.3098358914401</ele>
      </trkpt>
      <trkpt lat="44.016089625656605" lon="7.245414415374398">
        <ele>1916.6590759311828</ele>
      </trkpt>
      <trkpt lat="44.016009997576475" lon="7.245689928531647">
        <ele>1914.3187745822847</ele>
      </trkpt>
      <trkpt lat="44.01592995040119" lon="7.245859997346997">
        <ele>1912.1113506514916</ele>
      </trkpt>
      <trkpt lat="44.01582995429635" lon="7.246269956231117">
        <ele>1910.6921297821036</ele>
      </trkpt>
      <trkpt lat="44.0157098416239" lon="7.246445138007402">
        <ele>1908.1383227265187</ele>
      </trkpt>
      <trkpt lat="44.01558998040855" lon="7.246619984507561">
        <ele>1903.074164247268</ele>
      </trkpt>
      <trkpt lat="44.01544991880655" lon="7.246879991143942">
        <ele>1896.9365143106725</ele>
      </trkpt>
      <trkpt lat="44.01530994102359" lon="7.247019968926907">
        <ele>1892.5199302125188</ele>
      </trkpt>
      <trkpt lat="44.01508999988437" lon="7.24732993170619">
        <ele>1885.672527583309</ele>
      </trkpt>
      <trkpt lat="44.01496997103095" lon="7.247619945555925">
        <ele>1881.7257537260211</ele>
      </trkpt>
      <trkpt lat="44.014749862253666" lon="7.247905097901821">
        <ele>1872.0074659124796</ele>
      </trkpt>
      <trkpt lat="44.014529921114445" lon="7.248189998790622">
        <ele>1862.3290964511489</ele>
      </trkpt>
      <trkpt lat="44.014379968866706" lon="7.24820994772017">
        <ele>1855.6636967462996</ele>
      </trkpt>
      <trkpt lat="44.014289947226644" lon="7.248319918289781">
        <ele>1851.4400950180739</ele>
      </trkpt>
      <trkpt lat="44.014249965548515" lon="7.248359983786941">
        <ele>1849.4567637595997</ele>
      </trkpt>
      <trkpt lat="44.01417997665703" lon="7.248479928821325">
        <ele>1845.574547746325</ele>
      </trkpt>
      <trkpt lat="44.01410998776555" lon="7.248709928244352">
        <ele>1841.182258579559</ele>
      </trkpt>
      <trkpt lat="44.013989958912134" lon="7.248869938775897">
        <ele>1837.173256824356</ele>
      </trkpt>
      <trkpt lat="44.01384998112917" lon="7.248939927667379">
        <ele>1834.5291907379913</ele>
      </trkpt>
      <trkpt lat="44.013689970597625" lon="7.248929953202605">
        <ele>1830.155540148775</ele>
      </trkpt>
      <trkpt lat="44.01359994895756" lon="7.248859964311123">
        <ele>1826.3674553557858</ele>
      </trkpt>
      <trkpt lat="44.01346994563937" lon="7.24863993935287">
        <ele>1819.368362295022</ele>
      </trkpt>
      <trkpt lat="44.01328646577895" lon="7.248373059555888">
        <ele>1810.6012442769088</ele>
      </trkpt>
      <trkpt lat="44.01310298591852" lon="7.248106179758906">
        <ele>1801.8373979741673</ele>
      </trkpt>
      <trkpt lat="44.012919925153255" lon="7.247839970514178">
        <ele>1793.2474531329071</ele>
      </trkpt>
      <trkpt lat="44.012809954583645" lon="7.247789930552244">
        <ele>1787.732911791922</ele>
      </trkpt>
      <trkpt lat="44.01257517747581" lon="7.247784985229373">
        <ele>1777.0249055927054</ele>
      </trkpt>
      <trkpt lat="44.01233998127282" lon="7.24777995608747">
        <ele>1768.9012998299472</ele>
      </trkpt>
      <trkpt lat="44.0121699962765" lon="7.247919933870435">
        <ele>1765.6040908200905</ele>
      </trkpt>
      <trkpt lat="44.01203974150121" lon="7.247629500925541">
        <ele>1761.0311305849764</ele>
      </trkpt>
      <trkpt lat="44.01190998964012" lon="7.247339989989996">
        <ele>1757.6081671848056</ele>
      </trkpt>
      <trkpt lat="44.01188995689154" lon="7.247269917279482">
        <ele>1757.1316917245242</ele>
      </trkpt>
      <trkpt lat="44.011819968000054" lon="7.247269917279482">
        <ele>1755.6056463280117</ele>
      </trkpt>
      <trkpt lat="44.011759953573346" lon="7.2473999205976725">
        <ele>1753.261725960191</ele>
      </trkpt>
      <trkpt lat="44.01176992803812" lon="7.247569989413023">
        <ele>1752.802876587159</ele>
      </trkpt>
      <trkpt lat="44.01172994635999" lon="7.247909959405661">
        <ele>1750.768387164307</ele>
      </trkpt>
      <trkpt lat="44.01165995746851" lon="7.248109951615334">
        <ele>1749.422593340849</ele>
      </trkpt>
      <trkpt lat="44.01147983036935" lon="7.248350093141198">
        <ele>1745.6206370497066</ele>
      </trkpt>
      <trkpt lat="44.01129995472729" lon="7.248589983209968">
        <ele>1741.6648959292497</ele>
      </trkpt>
      <trkpt lat="44.01115997694433" lon="7.248459979891777">
        <ele>1736.6324888426677</ele>
      </trkpt>
      <trkpt lat="44.01114212349057" lon="7.248463165014982">
        <ele>1736.1239767428858</ele>
      </trkpt>
      <trkpt lat="44.01095151901245" lon="7.248337268829346">
        <ele>1729.8882877471667</ele>
      </trkpt>
      <trkpt lat="44.010865688323975" lon="7.248401641845703">
        <ele>1728.5896375322409</ele>
      </trkpt>
      <trkpt lat="44.01069402694702" lon="7.2487664222717285">
        <ele>1726.2481159971144</ele>
      </trkpt>
      <trkpt lat="44.010516833513975" lon="7.249013353139162">
        <ele>1722.7534561855373</ele>
      </trkpt>
      <trkpt lat="44.01033964008093" lon="7.249260284006596">
        <ele>1718.2180360105174</ele>
      </trkpt>
      <trkpt lat="44.010162530466914" lon="7.249507214874029">
        <ele>1714.075288930245</ele>
      </trkpt>
      <trkpt lat="44.00998592376709" lon="7.249753475189209">
        <ele>1709.2248800404864</ele>
      </trkpt>
      <trkpt lat="44.00993211194873" lon="7.250011470168829">
        <ele>1706.1196255264904</ele>
      </trkpt>
      <trkpt lat="44.009878635406494" lon="7.250268459320068">
        <ele>1702.4867979091737</ele>
      </trkpt>
      <trkpt lat="44.009878635406494" lon="7.250504996627569">
        <ele>1701.723400597145</ele>
      </trkpt>
      <trkpt lat="44.009878635406494" lon="7.2507405281066895">
        <ele>1700.4911638550072</ele>
      </trkpt>
      <trkpt lat="44.00981426239014" lon="7.250826358795166">
        <ele>1697.932899148302</ele>
      </trkpt>
      <trkpt lat="44.00972843170166" lon="7.250761985778809">
        <ele>1696.782025813006</ele>
      </trkpt>
      <trkpt lat="44.00970697402954" lon="7.250676155090332">
        <ele>1697.4007250039122</ele>
      </trkpt>
      <trkpt lat="44.00955677032471" lon="7.250654697418213">
        <ele>1694.423315237671</ele>
      </trkpt>
      <trkpt lat="44.009395921602845" lon="7.25068680010736">
        <ele>1690.3204089292663</ele>
      </trkpt>
      <trkpt lat="44.00923490524292" lon="7.25071907043457">
        <ele>1686.8268998176718</ele>
      </trkpt>
      <trkpt lat="44.00919198989868" lon="7.250761985778809">
        <ele>1684.8923283588033</ele>
      </trkpt>
      <trkpt lat="44.009084701538086" lon="7.250611782073975">
        <ele>1685.3849627598288</ele>
      </trkpt>
      <trkpt lat="44.009084701538086" lon="7.25048303604126">
        <ele>1687.2888088433065</ele>
      </trkpt>
      <trkpt lat="44.00909308344126" lon="7.250298801809549">
        <ele>1686.3181140463696</ele>
      </trkpt>
      <trkpt lat="44.009106159210205" lon="7.250010967254639">
        <ele>1684.699325958025</ele>
      </trkpt>
      <trkpt lat="44.009084617719054" lon="7.249752804636955">
        <ele>1684.0648699052567</ele>
      </trkpt>
      <trkpt lat="44.009063327685" lon="7.249495983123779">
        <ele>1683.9236509673283</ele>
      </trkpt>
      <trkpt lat="44.00906324386597" lon="7.2490800730884075">
        <ele>1684.1781041766044</ele>
      </trkpt>
      <trkpt lat="44.00906324386597" lon="7.248664163053036">
        <ele>1683.825506767889</ele>
      </trkpt>
      <trkpt lat="44.00906324386597" lon="7.248251438140869">
        <ele>1683.4435078854558</ele>
      </trkpt>
      <trkpt lat="44.00913490913808" lon="7.24794315174222">
        <ele>1684.7077383294195</ele>
      </trkpt>
      <trkpt lat="44.0092065744102" lon="7.247634949162602">
        <ele>1684.128284632359</ele>
      </trkpt>
      <trkpt lat="44.00927782058716" lon="7.247328758239746">
        <ele>1682.6367006662026</ele>
      </trkpt>
      <trkpt lat="44.00929927825928" lon="7.247135639190674">
        <ele>1681.8955353098982</ele>
      </trkpt>
      <trkpt lat="44.0092686843127" lon="7.246945453807712">
        <ele>1680.5216117378873</ele>
      </trkpt>
      <trkpt lat="44.00926994159818" lon="7.246929947286844">
        <ele>1680.486060193517</ele>
      </trkpt>
      <trkpt lat="44.00919978506863" lon="7.2465140372514725">
        <ele>1678.8785315214132</ele>
      </trkpt>
      <trkpt lat="44.00912996381521" lon="7.246099971234798">
        <ele>1677.6746094330424</ele>
      </trkpt>
      <trkpt lat="44.00905980728567" lon="7.245683977380395">
        <ele>1676.6987653178912</ele>
      </trkpt>
      <trkpt lat="44.00898998603225" lon="7.245269995182753">
        <ele>1676.0673613694205</ele>
      </trkpt>
      <trkpt lat="44.00895997881889" lon="7.244839919731021">
        <ele>1676.5711396098907</ele>
      </trkpt>
      <trkpt lat="44.00898001156747" lon="7.244564322754741">
        <ele>1676.9726676711002</ele>
      </trkpt>
      <trkpt lat="44.00899996049702" lon="7.244289983063936">
        <ele>1676.333130126612</ele>
      </trkpt>
      <trkpt lat="44.0090667642653" lon="7.243922436609864">
        <ele>1676.4056457898569</ele>
      </trkpt>
      <trkpt lat="44.009133568033576" lon="7.243554973974824">
        <ele>1674.6936393383528</ele>
      </trkpt>
      <trkpt lat="44.009199952706695" lon="7.243189942091703">
        <ele>1672.3429784824111</ele>
      </trkpt>
      <trkpt lat="44.00928678922355" lon="7.242869334295392">
        <ele>1671.5640899997347</ele>
      </trkpt>
      <trkpt lat="44.00937362574041" lon="7.242548642680049">
        <ele>1671.7758794534961</ele>
      </trkpt>
      <trkpt lat="44.009459959343076" lon="7.242229962721467">
        <ele>1672.0443064750784</ele>
      </trkpt>
      <trkpt lat="44.0095501486212" lon="7.2419544495642185">
        <ele>1673.7390178660548</ele>
      </trkpt>
      <trkpt lat="44.00964033789933" lon="7.24167893640697">
        <ele>1673.064398864238</ele>
      </trkpt>
      <trkpt lat="44.009651402011514" lon="7.241644822061062">
        <ele>1672.9058197665775</ele>
      </trkpt>
      <trkpt lat="44.00977788493037" lon="7.241297643631697">
        <ele>1672.0735203231375</ele>
      </trkpt>
      <trkpt lat="44.00989296846092" lon="7.240943340584636">
        <ele>1671.0792517863456</ele>
      </trkpt>
      <trkpt lat="44.01000738143921" lon="7.240591049194336">
        <ele>1669.360969303203</ele>
      </trkpt>
      <trkpt lat="44.01002657599747" lon="7.240494908764958">
        <ele>1668.5144595460351</ele>
      </trkpt>
      <trkpt lat="44.01011207140982" lon="7.240074807778001">
        <ele>1667.6512606612844</ele>
      </trkpt>
      <trkpt lat="44.01019756682217" lon="7.239654706791043">
        <ele>1669.2665417760256</ele>
      </trkpt>
      <trkpt lat="44.01025598868728" lon="7.239367961883545">
        <ele>1671.2328251523286</ele>
      </trkpt>
      <trkpt lat="44.01021793484688" lon="7.238934617489576">
        <ele>1672.0991200098024</ele>
      </trkpt>
      <trkpt lat="44.01017996482551" lon="7.2385013569146395">
        <ele>1669.1926658355087</ele>
      </trkpt>
      <trkpt lat="44.01014191098511" lon="7.238068096339703">
        <ele>1668.8790094434444</ele>
      </trkpt>
      <trkpt lat="44.010103940963745" lon="7.237634835764766">
        <ele>1669.4366216328442</ele>
      </trkpt>
      <trkpt lat="44.01010159403086" lon="7.237608432769775">
        <ele>1669.7493606410553</ele>
      </trkpt>
      <trkpt lat="44.00984519161284" lon="7.237354880198836">
        <ele>1667.6284260483244</ele>
      </trkpt>
      <trkpt lat="44.00958878919482" lon="7.237101327627897">
        <ele>1668.8346322769182</ele>
      </trkpt>
      <trkpt lat="44.009332386776805" lon="7.23684785887599">
        <ele>1667.5042218245464</ele>
      </trkpt>
      <trkpt lat="44.00907598435879" lon="7.236594306305051">
        <ele>1667.73097090186</ele>
      </trkpt>
      <trkpt lat="44.00881958194077" lon="7.2363408375531435">
        <ele>1667.3390721088094</ele>
      </trkpt>
      <trkpt lat="44.00871271267533" lon="7.23623514175415">
        <ele>1667.430902053928</ele>
      </trkpt>
      <trkpt lat="44.00855831801891" lon="7.2364068031311035">
        <ele>1664.9199270401052</ele>
      </trkpt>
      <trkpt lat="44.008782198652625" lon="7.236713748425245">
        <ele>1662.4871542692345</ele>
      </trkpt>
      <trkpt lat="44.00900607928634" lon="7.237020777538419">
        <ele>1659.282998561107</ele>
      </trkpt>
      <trkpt lat="44.00922995992005" lon="7.237327806651592">
        <ele>1656.7676073047094</ele>
      </trkpt>
      <trkpt lat="44.00945384055376" lon="7.237634835764766">
        <ele>1655.560235815069</ele>
      </trkpt>
      <trkpt lat="44.00967772118747" lon="7.237941864877939">
        <ele>1654.061376655072</ele>
      </trkpt>
      <trkpt lat="44.0096849296242" lon="7.237951755523682">
        <ele>1654.1365067996446</ele>
      </trkpt>
      <trkpt lat="44.00958166457713" lon="7.23836406134069">
        <ele>1648.8341369173781</ele>
      </trkpt>
      <trkpt lat="44.00947839953005" lon="7.238776367157698">
        <ele>1647.5556579961803</ele>
      </trkpt>
      <trkpt lat="44.00937505066395" lon="7.239188672974706">
        <ele>1644.3493896584216</ele>
      </trkpt>
      <trkpt lat="44.009271785616875" lon="7.239600978791714">
        <ele>1642.7699874488858</ele>
      </trkpt>
      <trkpt lat="44.00920649059117" lon="7.239861488342285">
        <ele>1638.0603444363946</ele>
      </trkpt>
      <trkpt lat="44.00918419472873" lon="7.240296760573983">
        <ele>1635.9592809330684</ele>
      </trkpt>
      <trkpt lat="44.0091756451875" lon="7.240462303161621">
        <ele>1637.531881495921</ele>
      </trkpt>
      <trkpt lat="44.008947322145104" lon="7.2407628782093525">
        <ele>1634.737898003125</ele>
      </trkpt>
      <trkpt lat="44.00871891528368" lon="7.241063453257084">
        <ele>1634.2122598758522</ele>
      </trkpt>
      <trkpt lat="44.00849059224129" lon="7.241364112123847">
        <ele>1633.7481964802932</ele>
      </trkpt>
      <trkpt lat="44.00826218537986" lon="7.241664687171578">
        <ele>1632.5553843742266</ele>
      </trkpt>
      <trkpt lat="44.00803386233747" lon="7.2419653460383415">
        <ele>1629.0363828616826</ele>
      </trkpt>
      <trkpt lat="44.00780553929508" lon="7.242265921086073">
        <ele>1622.4627250582516</ele>
      </trkpt>
      <trkpt lat="44.00772490538657" lon="7.242372035980225">
        <ele>1619.3782747211144</ele>
      </trkpt>
      <trkpt lat="44.007781064137816" lon="7.242801440879703">
        <ele>1615.542726874227</ele>
      </trkpt>
      <trkpt lat="44.007837222889066" lon="7.2432308457791805">
        <ele>1615.6292861330248</ele>
      </trkpt>
      <trkpt lat="44.007848454639316" lon="7.243316173553467">
        <ele>1616.5920401666226</ele>
      </trkpt>
      <trkpt lat="44.00773203000426" lon="7.243721690028906">
        <ele>1614.3698226679048</ele>
      </trkpt>
      <trkpt lat="44.00761568918824" lon="7.244127290323377">
        <ele>1612.2618180559796</ele>
      </trkpt>
      <trkpt lat="44.00749934837222" lon="7.244532806798816">
        <ele>1610.8125953102804</ele>
      </trkpt>
      <trkpt lat="44.0073830075562" lon="7.2449384070932865">
        <ele>1607.8526465006455</ele>
      </trkpt>
      <trkpt lat="44.00726666674018" lon="7.245344007387757">
        <ele>1603.1538917216817</ele>
      </trkpt>
      <trkpt lat="44.00715032592416" lon="7.245749523863196">
        <ele>1600.3881507038377</ele>
      </trkpt>
      <trkpt lat="44.00703398510814" lon="7.246155124157667">
        <ele>1600.1283139268219</ele>
      </trkpt>
      <trkpt lat="44.006917644292116" lon="7.246560640633106">
        <ele>1601.322026762723</ele>
      </trkpt>
      <trkpt lat="44.006801303476095" lon="7.246966240927577">
        <ele>1604.2108220305772</ele>
      </trkpt>
      <trkpt lat="44.00678353384137" lon="7.247028350830078">
        <ele>1605.021547580257</ele>
      </trkpt>
      <trkpt lat="44.00680557824671" lon="7.246592994779348">
        <ele>1598.086124009279</ele>
      </trkpt>
      <trkpt lat="44.006827622652054" lon="7.246157638728619">
        <ele>1593.4014614245107</ele>
      </trkpt>
      <trkpt lat="44.00684975087643" lon="7.245722282677889">
        <ele>1588.036758255297</ele>
      </trkpt>
      <trkpt lat="44.00687179528177" lon="7.245286926627159">
        <ele>1585.7953206127777</ele>
      </trkpt>
      <trkpt lat="44.00689392350614" lon="7.244851570576429">
        <ele>1583.8168496489116</ele>
      </trkpt>
      <trkpt lat="44.00691596791148" lon="7.2444162145257">
        <ele>1580.6433178537852</ele>
      </trkpt>
      <trkpt lat="44.006938096135855" lon="7.24398085847497">
        <ele>1575.231750246258</ele>
      </trkpt>
      <trkpt lat="44.006953267380595" lon="7.243680953979492">
        <ele>1571.6670195736967</ele>
      </trkpt>
      <trkpt lat="44.00684103369713" lon="7.243273090571165">
        <ele>1565.8964106753513</ele>
      </trkpt>
      <trkpt lat="44.00672880001366" lon="7.24286531098187">
        <ele>1566.0254923074665</ele>
      </trkpt>
      <trkpt lat="44.006616566330194" lon="7.242457531392574">
        <ele>1562.9239500862914</ele>
      </trkpt>
      <trkpt lat="44.00650433264673" lon="7.242049751803279">
        <ele>1561.6716441516369</ele>
      </trkpt>
      <trkpt lat="44.00639209896326" lon="7.2416419722139835">
        <ele>1560.8317158410882</ele>
      </trkpt>
      <trkpt lat="44.006279865279794" lon="7.241234192624688">
        <ele>1554.6230063145654</ele>
      </trkpt>
      <trkpt lat="44.00624977424741" lon="7.2411248087883">
        <ele>1552.5537757261573</ele>
      </trkpt>
      <trkpt lat="44.00616645812988" lon="7.240891456604004">
        <ele>1550.7315915252143</ele>
      </trkpt>
      <trkpt lat="44.006026815623045" lon="7.240687441080809">
        <ele>1548.8653710749036</ele>
      </trkpt>
      <trkpt lat="44.005887508392334" lon="7.24048376083374">
        <ele>1547.1502927689517</ele>
      </trkpt>
      <trkpt lat="44.005844593048096" lon="7.24024772644043">
        <ele>1545.6231904832612</ele>
      </trkpt>
      <trkpt lat="44.005866050720215" lon="7.239903565496206">
        <ele>1544.9795420678786</ele>
      </trkpt>
      <trkpt lat="44.005887508392334" lon="7.239561080932617">
        <ele>1543.7529474331059</ele>
      </trkpt>
      <trkpt lat="44.00595188140869" lon="7.239196300506592">
        <ele>1541.6764233881759</ele>
      </trkpt>
      <trkpt lat="44.005887508392334" lon="7.2391533851623535">
        <ele>1539.514904878736</ele>
      </trkpt>
      <trkpt lat="44.00564627721906" lon="7.239089012145996">
        <ele>1536.7574465346765</ele>
      </trkpt>
      <trkpt lat="44.00540512986481" lon="7.23902472294867">
        <ele>1534.269001031452</ele>
      </trkpt>
      <trkpt lat="44.005163898691535" lon="7.238960433751345">
        <ele>1531.8416588077264</ele>
      </trkpt>
      <trkpt lat="44.00492191314697" lon="7.238895893096924">
        <ele>1528.9924403524728</ele>
      </trkpt>
      <trkpt lat="44.00470742024481" lon="7.238810062408447">
        <ele>1527.803974166225</ele>
      </trkpt>
      <trkpt lat="44.004493011161685" lon="7.238724315539002">
        <ele>1524.8995298446616</ele>
      </trkpt>
      <trkpt lat="44.0042781829834" lon="7.238638401031494">
        <ele>1523.5516634861813</ele>
      </trkpt>
      <trkpt lat="44.00409596040845" lon="7.238670503720641">
        <ele>1523.0356132174077</ele>
      </trkpt>
      <trkpt lat="44.00391340255737" lon="7.238702774047852">
        <ele>1521.364399284445</ele>
      </trkpt>
      <trkpt lat="44.00367736816406" lon="7.238574028015137">
        <ele>1518.9395062848748</ele>
      </trkpt>
      <trkpt lat="44.00350570678711" lon="7.238638401031494">
        <ele>1516.771745016138</ele>
      </trkpt>
      <trkpt lat="44.003398418426514" lon="7.238574028015137">
        <ele>1514.871865620309</ele>
      </trkpt>
      <trkpt lat="44.00329113006592" lon="7.238445281982422">
        <ele>1515.087032337381</ele>
      </trkpt>
      <trkpt lat="44.00320529937744" lon="7.238423824310303">
        <ele>1516.838981180361</ele>
      </trkpt>
      <trkpt lat="44.00305509567261" lon="7.238509654998779">
        <ele>1515.935293229883</ele>
      </trkpt>
      <trkpt lat="44.002840518951416" lon="7.238552570343018">
        <ele>1514.7913527145975</ele>
      </trkpt>
      <trkpt lat="44.002583026885986" lon="7.238702774047852">
        <ele>1512.67381286731</ele>
      </trkpt>
      <trkpt lat="44.00232553482056" lon="7.238788604736328">
        <ele>1511.2788571706114</ele>
      </trkpt>
      <trkpt lat="44.002089500427246" lon="7.238974515348673">
        <ele>1509.9229801602871</ele>
      </trkpt>
      <trkpt lat="44.001853466033936" lon="7.239160425961018">
        <ele>1507.6893337516456</ele>
      </trkpt>
      <trkpt lat="44.001617431640625" lon="7.239346504211426">
        <ele>1507.5193126865126</ele>
      </trkpt>
      <trkpt lat="44.00146706029773" lon="7.239550435915589">
        <ele>1505.2095213985835</ele>
      </trkpt>
      <trkpt lat="44.00131702423096" lon="7.2397541999816895">
        <ele>1505.6428933792308</ele>
      </trkpt>
      <trkpt lat="44.00123102590442" lon="7.239969111979008">
        <ele>1503.713750582303</ele>
      </trkpt>
      <trkpt lat="44.001145362854004" lon="7.240183353424072">
        <ele>1501.0594341611145</ele>
      </trkpt>
      <trkpt lat="44.000994907692075" lon="7.240462638437748">
        <ele>1500.018893340344</ele>
      </trkpt>
      <trkpt lat="44.000844955444336" lon="7.24074125289917">
        <ele>1496.8915425238577</ele>
      </trkpt>
      <trkpt lat="44.00067329406738" lon="7.240880643948913">
        <ele>1496.2433186106496</ele>
      </trkpt>
      <trkpt lat="44.00050163269043" lon="7.241020202636719">
        <ele>1493.0762062953</ele>
      </trkpt>
      <trkpt lat="44.00028705596924" lon="7.241063117980957">
        <ele>1490.0714922234663</ele>
      </trkpt>
      <trkpt lat="44.000115394592285" lon="7.241063117980957">
        <ele>1488.1405879414551</ele>
      </trkpt>
      <trkpt lat="44.00007247924805" lon="7.241041660308838">
        <ele>1487.4014507831967</ele>
      </trkpt>
      <trkpt lat="43.99996502324939" lon="7.240790873765945">
        <ele>1486.6876722319553</ele>
      </trkpt>
      <trkpt lat="43.99985756725073" lon="7.240540171042085">
        <ele>1484.6748931169175</ele>
      </trkpt>
      <trkpt lat="43.99975061416626" lon="7.240290641784668">
        <ele>1484.8746591285744</ele>
      </trkpt>
      <trkpt lat="43.99958590976894" lon="7.2400472313165665">
        <ele>1482.6689343356888</ele>
      </trkpt>
      <trkpt lat="43.99942128919065" lon="7.239803820848465">
        <ele>1482.551736155208</ele>
      </trkpt>
      <trkpt lat="43.99925708770752" lon="7.239561080932617">
        <ele>1482.4612629125115</ele>
      </trkpt>
      <trkpt lat="43.99917125701904" lon="7.239539623260498">
        <ele>1483.9492159060524</ele>
      </trkpt>
      <trkpt lat="43.99902105331421" lon="7.2396360989660025">
        <ele>1483.7806092126582</ele>
      </trkpt>
      <trkpt lat="43.998870849609375" lon="7.23973274230957">
        <ele>1486.8106298539406</ele>
      </trkpt>
      <trkpt lat="43.99872064590454" lon="7.239861488342285">
        <ele>1485.26813671128</ele>
      </trkpt>
      <trkpt lat="43.99848461151123" lon="7.239925861358643">
        <ele>1486.1260239570029</ele>
      </trkpt>
      <trkpt lat="43.99827003479004" lon="7.240033149719238">
        <ele>1489.4847525812495</ele>
      </trkpt>
      <trkpt lat="43.99814120493829" lon="7.240161895751953">
        <ele>1490.4106118197233</ele>
      </trkpt>
      <trkpt lat="43.99801254272461" lon="7.240290641784668">
        <ele>1493.2498341420142</ele>
      </trkpt>
      <trkpt lat="43.99789435788989" lon="7.240473115816712">
        <ele>1494.469831790122</ele>
      </trkpt>
      <trkpt lat="43.9977765083313" lon="7.240655422210693">
        <ele>1493.3156669368723</ele>
      </trkpt>
      <trkpt lat="43.9976692199707" lon="7.2406768798828125">
        <ele>1490.2461330008482</ele>
      </trkpt>
      <trkpt lat="43.997626304626465" lon="7.240633964538574">
        <ele>1489.5475774100082</ele>
      </trkpt>
      <trkpt lat="43.997518764808774" lon="7.240365240722895">
        <ele>1490.4215651378468</ele>
      </trkpt>
      <trkpt lat="43.99741172790527" lon="7.240097522735596">
        <ele>1491.9237679384687</ele>
      </trkpt>
      <trkpt lat="43.99726152420044" lon="7.239925861358643">
        <ele>1490.0762976025908</ele>
      </trkpt>
      <trkpt lat="43.99704694747925" lon="7.239797115325928">
        <ele>1494.438336702156</ele>
      </trkpt>
      <trkpt lat="43.99691820144653" lon="7.239797115325928">
        <ele>1497.4694032537818</ele>
      </trkpt>
      <trkpt lat="43.99668216705322" lon="7.239947319030762">
        <ele>1493.475887478693</ele>
      </trkpt>
      <trkpt lat="43.99642467498779" lon="7.239882946014404">
        <ele>1495.5295806428603</ele>
      </trkpt>
      <trkpt lat="43.99625301361084" lon="7.239947319030762">
        <ele>1497.384589698915</ele>
      </trkpt>
      <trkpt lat="43.996145725250244" lon="7.240033149719238">
        <ele>1499.256446439204</ele>
      </trkpt>
      <trkpt lat="43.9960168953985" lon="7.240204894915223">
        <ele>1501.0661493575828</ele>
      </trkpt>
      <trkpt lat="43.995888233184814" lon="7.2403764724731445">
        <ele>1496.3305493462376</ele>
      </trkpt>
      <trkpt lat="43.99580240249634" lon="7.2403764724731445">
        <ele>1494.304500629334</ele>
      </trkpt>
      <trkpt lat="43.995652198791504" lon="7.24024772644043">
        <ele>1496.4448813796298</ele>
      </trkpt>
      <trkpt lat="43.995351791381836" lon="7.2402262687683105">
        <ele>1501.504839876186</ele>
      </trkpt>
      <trkpt lat="43.99526596069336" lon="7.240183353424072">
        <ele>1499.3982508301633</ele>
      </trkpt>
      <trkpt lat="43.99507284164429" lon="7.239882946014404">
        <ele>1500.354895417271</ele>
      </trkpt>
      <trkpt lat="43.99498701095581" lon="7.239840030670166">
        <ele>1504.6692890639297</ele>
      </trkpt>
      <trkpt lat="43.994858181104064" lon="7.239968776702881">
        <ele>1503.673333738835</ele>
      </trkpt>
      <trkpt lat="43.99472951889038" lon="7.240097522735596">
        <ele>1507.7064000589585</ele>
      </trkpt>
      <trkpt lat="43.994643688201904" lon="7.240397930145264">
        <ele>1500.3283247002942</ele>
      </trkpt>
      <trkpt lat="43.99455785751343" lon="7.240505218505859">
        <ele>1497.9333554491127</ele>
      </trkpt>
      <trkpt lat="43.99432182312012" lon="7.240633964538574">
        <ele>1508.5096986751296</ele>
      </trkpt>
      <trkpt lat="43.994300365448" lon="7.24074125289917">
        <ele>1508.8285054023954</ele>
      </trkpt>
      <trkpt lat="43.99432182312012" lon="7.2411274909973145">
        <ele>1500.4130652136228</ele>
      </trkpt>
      <trkpt lat="43.994235740974545" lon="7.241464275866747">
        <ele>1497.4333385742082</ele>
      </trkpt>
      <trkpt lat="43.994149742648005" lon="7.241801144555211">
        <ele>1496.2410257919119</ele>
      </trkpt>
      <trkpt lat="43.99406433105469" lon="7.242136001586914">
        <ele>1491.2945222164826</ele>
      </trkpt>
      <trkpt lat="43.99397850036621" lon="7.2422003746032715">
        <ele>1487.3088208987667</ele>
      </trkpt>
      <trkpt lat="43.99381765164435" lon="7.242178916931152">
        <ele>1485.0386846893502</ele>
      </trkpt>
      <trkpt lat="43.993656635284424" lon="7.242157459259033">
        <ele>1485.6576751848381</ele>
      </trkpt>
      <trkpt lat="43.99348497390747" lon="7.2422003746032715">
        <ele>1486.1088490209183</ele>
      </trkpt>
      <trkpt lat="43.9932918548584" lon="7.2423505783081055">
        <ele>1485.7032090782616</ele>
      </trkpt>
      <trkpt lat="43.993062945082784" lon="7.242572279646993">
        <ele>1483.9110375521586</ele>
      </trkpt>
      <trkpt lat="43.99283403530717" lon="7.242794064804912">
        <ele>1482.683193638229</ele>
      </trkpt>
      <trkpt lat="43.992605209350586" lon="7.243015766143799">
        <ele>1481.847552926893</ele>
      </trkpt>
      <trkpt lat="43.992390632629395" lon="7.2432732582092285">
        <ele>1479.6107414147245</ele>
      </trkpt>
      <trkpt lat="43.992283176630735" lon="7.243498815223575">
        <ele>1477.4528047306676</ele>
      </trkpt>
      <trkpt lat="43.9921760559082" lon="7.2437238693237305">
        <ele>1474.3572683289965</ele>
      </trkpt>
      <trkpt lat="43.99196147918701" lon="7.244024276733398">
        <ele>1469.8895885058728</ele>
      </trkpt>
      <trkpt lat="43.99172536097467" lon="7.244253186509013">
        <ele>1467.4897272985907</ele>
      </trkpt>
      <trkpt lat="43.99148932658136" lon="7.244482096284628">
        <ele>1464.6781649225709</ele>
      </trkpt>
      <trkpt lat="43.99125337600708" lon="7.244710922241211">
        <ele>1459.5695750300301</ele>
      </trkpt>
      <trkpt lat="43.99108171463013" lon="7.244689464569092">
        <ele>1460.9158298885163</ele>
      </trkpt>
      <trkpt lat="43.99106025695801" lon="7.244582176208496">
        <ele>1461.0949277119837</ele>
      </trkpt>
      <trkpt lat="43.9911247137934" lon="7.244248827919364">
        <ele>1459.1012573753153</ele>
      </trkpt>
      <trkpt lat="43.99118900299072" lon="7.243916988372803">
        <ele>1457.7773607931315</ele>
      </trkpt>
      <trkpt lat="43.99118900299072" lon="7.243702411651611">
        <ele>1456.778379740788</ele>
      </trkpt>
      <trkpt lat="43.991146087646484" lon="7.243638038635254">
        <ele>1455.7104283378353</ele>
      </trkpt>
      <trkpt lat="43.990867137908936" lon="7.243530750274658">
        <ele>1452.751064953725</ele>
      </trkpt>
      <trkpt lat="43.990631103515625" lon="7.243337631225586">
        <ele>1450.1653533984445</ele>
      </trkpt>
      <trkpt lat="43.99049154482782" lon="7.243176614865661">
        <ele>1449.433389200649</ele>
      </trkpt>
      <trkpt lat="43.990352153778076" lon="7.243015766143799">
        <ele>1448.882011207745</ele>
      </trkpt>
      <trkpt lat="43.99020195007324" lon="7.24273681640625">
        <ele>1448.2549339429006</ele>
      </trkpt>
      <trkpt lat="43.990116119384766" lon="7.242650985717773">
        <ele>1448.4837059820966</ele>
      </trkpt>
      <trkpt lat="43.99000883102417" lon="7.242629528045654">
        <ele>1450.4146767989732</ele>
      </trkpt>
      <trkpt lat="43.98982652463019" lon="7.242726003751159">
        <ele>1449.9931101470854</ele>
      </trkpt>
      <trkpt lat="43.989644050598145" lon="7.242822647094727">
        <ele>1445.163561714764</ele>
      </trkpt>
      <trkpt lat="43.98957967758179" lon="7.242779731750488">
        <ele>1445.31675372701</ele>
      </trkpt>
      <trkpt lat="43.98942939005792" lon="7.242597173899412">
        <ele>1443.1949525760579</ele>
      </trkpt>
      <trkpt lat="43.98927927017212" lon="7.242414951324463">
        <ele>1443.6566135010155</ele>
      </trkpt>
      <trkpt lat="43.98917198181152" lon="7.2423505783081055">
        <ele>1445.1320452747705</ele>
      </trkpt>
      <trkpt lat="43.98895740509033" lon="7.242414951324463">
        <ele>1442.4152230385307</ele>
      </trkpt>
      <trkpt lat="43.98879655636847" lon="7.242372035980225">
        <ele>1441.0332914099388</ele>
      </trkpt>
      <trkpt lat="43.988635540008545" lon="7.242329120635986">
        <ele>1439.985421466535</ele>
      </trkpt>
      <trkpt lat="43.98848533630371" lon="7.2423505783081055">
        <ele>1441.4084983719513</ele>
      </trkpt>
      <trkpt lat="43.98831367492676" lon="7.242543697357178">
        <ele>1441.4915143820747</ele>
      </trkpt>
      <trkpt lat="43.98820638656616" lon="7.242844104766846">
        <ele>1434.3819877571518</ele>
      </trkpt>
      <trkpt lat="43.988120555877686" lon="7.242908477783203">
        <ele>1431.5981976320459</ele>
      </trkpt>
      <trkpt lat="43.98782039992511" lon="7.2429298516362906">
        <ele>1428.9485361336358</ele>
      </trkpt>
      <trkpt lat="43.98752032779157" lon="7.24295130930841">
        <ele>1426.6922128215504</ele>
      </trkpt>
      <trkpt lat="43.98721933364868" lon="7.2429728507995605">
        <ele>1424.7042177801131</ele>
      </trkpt>
      <trkpt lat="43.98696913383901" lon="7.242887020111084">
        <ele>1425.7200105577267</ele>
      </trkpt>
      <trkpt lat="43.98671901784837" lon="7.242801273241639">
        <ele>1424.2151748745418</ele>
      </trkpt>
      <trkpt lat="43.98646831512451" lon="7.242715358734131">
        <ele>1423.1090333316642</ele>
      </trkpt>
      <trkpt lat="43.98642539978027" lon="7.242672443389893">
        <ele>1422.7588124608865</ele>
      </trkpt>
      <trkpt lat="43.98642539978027" lon="7.242543697357178">
        <ele>1425.0288684364932</ele>
      </trkpt>
      <trkpt lat="43.98654358461499" lon="7.242167433723807">
        <ele>1423.5758273688066</ele>
      </trkpt>
      <trkpt lat="43.986661434173584" lon="7.241792678833008">
        <ele>1420.8267673045193</ele>
      </trkpt>
      <trkpt lat="43.986704433336854" lon="7.241491517052054">
        <ele>1416.8785925200064</ele>
      </trkpt>
      <trkpt lat="43.98674726486206" lon="7.241191864013672">
        <ele>1414.294941477835</ele>
      </trkpt>
      <trkpt lat="43.98670434951782" lon="7.240955829620361">
        <ele>1409.9623096862015</ele>
      </trkpt>
      <trkpt lat="43.9866398088634" lon="7.240740833804011">
        <ele>1407.840425201951</ele>
      </trkpt>
      <trkpt lat="43.98657560348511" lon="7.2405266761779785">
        <ele>1406.4096523244743</ele>
      </trkpt>
      <trkpt lat="43.9865433331579" lon="7.2402147855609655">
        <ele>1406.0946862135168</ele>
      </trkpt>
      <trkpt lat="43.98651123046875" lon="7.239904403686523">
        <ele>1408.2453652132535</ele>
      </trkpt>
      <trkpt lat="43.98653268814087" lon="7.239818572998047">
        <ele>1410.9043766589748</ele>
      </trkpt>
      <trkpt lat="43.98675413802266" lon="7.239825697615743">
        <ele>1417.0707565036373</ele>
      </trkpt>
      <trkpt lat="43.986975671723485" lon="7.2398328222334385">
        <ele>1415.8918651389508</ele>
      </trkpt>
      <trkpt lat="43.98719787597656" lon="7.239840030670166">
        <ele>1415.53728995348</ele>
      </trkpt>
      <trkpt lat="43.98744438774884" lon="7.239872133359313">
        <ele>1416.990861291953</ele>
      </trkpt>
      <trkpt lat="43.9876914024353" lon="7.239904403686523">
        <ele>1413.9999469125523</ele>
      </trkpt>
      <trkpt lat="43.98797035217285" lon="7.2397541999816895">
        <ele>1411.4146817057454</ele>
      </trkpt>
      <trkpt lat="43.98808845318854" lon="7.239528559148312">
        <ele>1408.818865406825</ele>
      </trkpt>
      <trkpt lat="43.98820638656616" lon="7.2393035888671875">
        <ele>1407.9684489378305</ele>
      </trkpt>
      <trkpt lat="43.98816330358386" lon="7.239013155922294">
        <ele>1402.314798525359</ele>
      </trkpt>
      <trkpt lat="43.988120555877686" lon="7.238724231719971">
        <ele>1402.025623320858</ele>
      </trkpt>
      <trkpt lat="43.988131284713745" lon="7.238498339429498">
        <ele>1402.3529579703475</ele>
      </trkpt>
      <trkpt lat="43.988142013549805" lon="7.238273620605469">
        <ele>1399.6534309191725</ele>
      </trkpt>
      <trkpt lat="43.98806666024029" lon="7.237854190170765">
        <ele>1395.6964211748034</ele>
      </trkpt>
      <trkpt lat="43.98799180984497" lon="7.237436771392822">
        <ele>1393.0428956851947</ele>
      </trkpt>
      <trkpt lat="43.98786281235516" lon="7.237178860232234">
        <ele>1390.214835015671</ele>
      </trkpt>
      <trkpt lat="43.98773431777954" lon="7.236921787261963">
        <ele>1388.6695785883626</ele>
      </trkpt>
      <trkpt lat="43.98771286010742" lon="7.236728668212891">
        <ele>1388.9667831665865</ele>
      </trkpt>
      <trkpt lat="43.9877450466156" lon="7.236459776759148">
        <ele>1388.2098839750506</ele>
      </trkpt>
      <trkpt lat="43.98777723312378" lon="7.236192226409912">
        <ele>1386.6053558320036</ele>
      </trkpt>
      <trkpt lat="43.98778796195984" lon="7.235944792628288">
        <ele>1383.5763987434962</ele>
      </trkpt>
      <trkpt lat="43.9877986907959" lon="7.235698699951172">
        <ele>1382.959859638213</ele>
      </trkpt>
      <trkpt lat="43.98764111101627" lon="7.235426539555192">
        <ele>1378.9555024641845</ele>
      </trkpt>
      <trkpt lat="43.98748361505568" lon="7.235154462978244">
        <ele>1377.4162308536609</ele>
      </trkpt>
      <trkpt lat="43.98732662200928" lon="7.2348833084106445">
        <ele>1376.6815944029386</ele>
      </trkpt>
      <trkpt lat="43.98726208135486" lon="7.234679041430354">
        <ele>1376.2234604626033</ele>
      </trkpt>
      <trkpt lat="43.98719787597656" lon="7.234475612640381">
        <ele>1373.916395695784</ele>
      </trkpt>
      <trkpt lat="43.98717641830444" lon="7.23423957824707">
        <ele>1372.592039292183</ele>
      </trkpt>
      <trkpt lat="43.9872407913208" lon="7.233896255493164">
        <ele>1371.9615397649668</ele>
      </trkpt>
      <trkpt lat="43.98733743466437" lon="7.233692072331905">
        <ele>1372.8976039939505</ele>
      </trkpt>
      <trkpt lat="43.98743391036987" lon="7.2334885597229">
        <ele>1372.0216821579659</ele>
      </trkpt>
      <trkpt lat="43.98751974105835" lon="7.233467102050781">
        <ele>1374.5183326656743</ele>
      </trkpt>
      <trkpt lat="43.98778410628438" lon="7.233517058193684">
        <ele>1375.431288455506</ele>
      </trkpt>
      <trkpt lat="43.98804847151041" lon="7.233567098155618">
        <ele>1378.5105602190151</ele>
      </trkpt>
      <trkpt lat="43.98831367492676" lon="7.233617305755615">
        <ele>1376.8215234690115</ele>
      </trkpt>
      <trkpt lat="43.98854970932007" lon="7.233552932739258">
        <ele>1373.4490958844103</ele>
      </trkpt>
      <trkpt lat="43.988635540008545" lon="7.233467102050781">
        <ele>1369.327341100823</ele>
      </trkpt>
      <trkpt lat="43.98867845535278" lon="7.233381271362305">
        <ele>1367.8903656994225</ele>
      </trkpt>
      <trkpt lat="43.98867845535278" lon="7.233295440673828">
        <ele>1365.788302436974</ele>
      </trkpt>
      <trkpt lat="43.988635540008545" lon="7.233188152313232">
        <ele>1366.228825530321</ele>
      </trkpt>
      <trkpt lat="43.98847469128668" lon="7.233102321624756">
        <ele>1363.6794306981376</ele>
      </trkpt>
      <trkpt lat="43.98831367492676" lon="7.233016490936279">
        <ele>1360.5440591708712</ele>
      </trkpt>
      <trkpt lat="43.98808820173144" lon="7.232748102396727">
        <ele>1357.6011524824714</ele>
      </trkpt>
      <trkpt lat="43.9879176300019" lon="7.23254500888288">
        <ele>1355.5357657170457</ele>
      </trkpt>
      <trkpt lat="43.987863063812256" lon="7.232480049133301">
        <ele>1355.7542932502283</ele>
      </trkpt>
      <trkpt lat="43.987659299746156" lon="7.232372760772705">
        <ele>1353.3073202150583</ele>
      </trkpt>
      <trkpt lat="43.98745536804199" lon="7.232265472412109">
        <ele>1353.2395222368068</ele>
      </trkpt>
      <trkpt lat="43.987154960632324" lon="7.232179641723633">
        <ele>1353.2712518652647</ele>
      </trkpt>
      <trkpt lat="43.987041134387255" lon="7.232189951464534">
        <ele>1352.465402669629</ele>
      </trkpt>
      <trkpt lat="43.986918926239014" lon="7.232201099395752">
        <ele>1351.5809421872991</ele>
      </trkpt>
      <trkpt lat="43.98672580718994" lon="7.232158184051514">
        <ele>1352.5898964768676</ele>
      </trkpt>
      <trkpt lat="43.98653285577893" lon="7.23221174441278">
        <ele>1351.8325200591871</ele>
      </trkpt>
      <trkpt lat="43.9863395690918" lon="7.232265472412109">
        <ele>1352.2302511301236</ele>
      </trkpt>
      <trkpt lat="43.98606078699231" lon="7.232394050806761">
        <ele>1350.5471906305556</ele>
      </trkpt>
      <trkpt lat="43.9857816696167" lon="7.232522964477539">
        <ele>1351.008196529061</ele>
      </trkpt>
      <trkpt lat="43.98566532880068" lon="7.23268280737102">
        <ele>1351.0096031176113</ele>
      </trkpt>
      <trkpt lat="43.98554923944175" lon="7.232842482626438">
        <ele>1351.054073772007</ele>
      </trkpt>
      <trkpt lat="43.9854396879673" lon="7.232990339398384">
        <ele>1351.8530769521387</ele>
      </trkpt>
      <trkpt lat="43.98526995442808" lon="7.233229978010058">
        <ele>1353.0460393498427</ele>
      </trkpt>
      <trkpt lat="43.9850823674351" lon="7.233430054038763">
        <ele>1352.3147170037926</ele>
      </trkpt>
      <trkpt lat="43.98489494808018" lon="7.233629962429404">
        <ele>1353.6901216378226</ele>
      </trkpt>
      <trkpt lat="43.984707444906235" lon="7.233830038458109">
        <ele>1359.75039014637</ele>
      </trkpt>
      <trkpt lat="43.98451994173229" lon="7.23402994684875">
        <ele>1365.15466136779</ele>
      </trkpt>
      <trkpt lat="43.98438474163413" lon="7.234325408935547">
        <ele>1368.899526016106</ele>
      </trkpt>
      <trkpt lat="43.98424996063113" lon="7.234619949012995">
        <ele>1370.7426876578988</ele>
      </trkpt>
      <trkpt lat="43.984149964526296" lon="7.234729919582605">
        <ele>1369.8955601494567</ele>
      </trkpt>
      <trkpt lat="43.98392013274133" lon="7.234839890152216">
        <ele>1369.2211369870872</ele>
      </trkpt>
      <trkpt lat="43.98368996568024" lon="7.234949944540858">
        <ele>1371.5606144372932</ele>
      </trkpt>
      <trkpt lat="43.98342995904386" lon="7.235169969499111">
        <ele>1371.5156516184684</ele>
      </trkpt>
      <trkpt lat="43.98316995240748" lon="7.235389994457364">
        <ele>1369.4208948326902</ele>
      </trkpt>
      <trkpt lat="43.98290759883821" lon="7.235549921169877">
        <ele>1366.4958691520346</ele>
      </trkpt>
      <trkpt lat="43.982644993811846" lon="7.235709931701422">
        <ele>1366.1467441915572</ele>
      </trkpt>
      <trkpt lat="43.982382556423545" lon="7.235869858413935">
        <ele>1367.6969275741653</ele>
      </trkpt>
      <trkpt lat="43.98211995139718" lon="7.236029952764511">
        <ele>1368.5690303191222</ele>
      </trkpt>
      <trkpt lat="43.9818099886179" lon="7.235989971086383">
        <ele>1373.3248093129532</ele>
      </trkpt>
      <trkpt lat="43.981679901480675" lon="7.235839935019612">
        <ele>1374.42832198421</ele>
      </trkpt>
      <trkpt lat="43.981549981981516" lon="7.2356899827718735">
        <ele>1374.4961259914476</ele>
      </trkpt>
      <trkpt lat="43.98134345188737" lon="7.235600044950843">
        <ele>1375.0574885125438</ele>
      </trkpt>
      <trkpt lat="43.98113692179322" lon="7.235510107129812">
        <ele>1375.6661070287817</ele>
      </trkpt>
      <trkpt lat="43.98092997260392" lon="7.2354199178516865">
        <ele>1376.2973604252575</ele>
      </trkpt>
      <trkpt lat="43.9807599876076" lon="7.235269965603948">
        <ele>1376.3659669243793</ele>
      </trkpt>
      <trkpt lat="43.98054993711412" lon="7.234959919005632">
        <ele>1375.7147136111503</ele>
      </trkpt>
      <trkpt lat="43.980320021510124" lon="7.234782474115491">
        <ele>1376.981763843015</ele>
      </trkpt>
      <trkpt lat="43.980089938268065" lon="7.234604945406318">
        <ele>1379.3421793998261</ele>
      </trkpt>
      <trkpt lat="43.97986002266407" lon="7.234427500516176">
        <ele>1380.4955156526037</ele>
      </trkpt>
      <trkpt lat="43.97962993942201" lon="7.234249971807003">
        <ele>1381.8675674906226</ele>
      </trkpt>
      <trkpt lat="43.979339925572276" lon="7.234169924631715">
        <ele>1383.6388236703096</ele>
      </trkpt>
      <trkpt lat="43.97916013374925" lon="7.234194902703166">
        <ele>1384.433527265027</ele>
      </trkpt>
      <trkpt lat="43.97897992283106" lon="7.234219964593649">
        <ele>1386.2159935946017</ele>
      </trkpt>
      <trkpt lat="43.97874003276229" lon="7.234389865770936">
        <ele>1388.1440036475658</ele>
      </trkpt>
      <trkpt lat="43.978499975055456" lon="7.2345599345862865">
        <ele>1389.6634262471725</ele>
      </trkpt>
      <trkpt lat="43.978260001167655" lon="7.234729919582605">
        <ele>1388.7894690233124</ele>
      </trkpt>
      <trkpt lat="43.97801994346082" lon="7.234899988397956">
        <ele>1386.5948236942088</ele>
      </trkpt>
      <trkpt lat="43.97779505699873" lon="7.235024878755212">
        <ele>1387.039240737013</ele>
      </trkpt>
      <trkpt lat="43.97756991907954" lon="7.235149936750531">
        <ele>1389.8095412427506</ele>
      </trkpt>
      <trkpt lat="43.97739993408322" lon="7.23531992174685">
        <ele>1394.7482706463138</ele>
      </trkpt>
      <trkpt lat="43.97727973759174" lon="7.23562041297555">
        <ele>1398.3132680545682</ele>
      </trkpt>
      <trkpt lat="43.977159541100264" lon="7.235920904204249">
        <ele>1402.1954382212334</ele>
      </trkpt>
      <trkpt lat="43.977039931342006" lon="7.23621997050941">
        <ele>1404.8001678208932</ele>
      </trkpt>
      <trkpt lat="43.976824851706624" lon="7.236470086500049">
        <ele>1411.399677254471</ele>
      </trkpt>
      <trkpt lat="43.976609939709306" lon="7.236719951033592">
        <ele>1412.5268342533063</ele>
      </trkpt>
      <trkpt lat="43.97648999467492" lon="7.2367799654603004">
        <ele>1411.3075202944906</ele>
      </trkpt>
      <trkpt lat="43.97620995528996" lon="7.236639987677336">
        <ele>1410.2403452197204</ele>
      </trkpt>
      <trkpt lat="43.97607995197177" lon="7.236539991572499">
        <ele>1412.5031780137595</ele>
      </trkpt>
      <trkpt lat="43.97586998529732" lon="7.236519958823919">
        <ele>1412.4100998616582</ele>
      </trkpt>
      <trkpt lat="43.97557997144759" lon="7.23666999489069">
        <ele>1407.544162873052</ele>
      </trkpt>
      <trkpt lat="43.97539012134075" lon="7.236704947426915">
        <ele>1404.519838179479</ele>
      </trkpt>
      <trkpt lat="43.97519993595779" lon="7.236739983782172">
        <ele>1403.7798331771453</ele>
      </trkpt>
      <trkpt lat="43.97491520270705" lon="7.2368473559618">
        <ele>1402.894165340627</ele>
      </trkpt>
      <trkpt lat="43.974629966542125" lon="7.236954979598522">
        <ele>1401.0470132989371</ele>
      </trkpt>
      <trkpt lat="43.974345149472356" lon="7.23706235177815">
        <ele>1401.7441757298855</ele>
      </trkpt>
      <trkpt lat="43.97405999712646" lon="7.237169975414872">
        <ele>1402.8938427715557</ele>
      </trkpt>
      <trkpt lat="43.97390015423298" lon="7.23718992434442">
        <ele>1401.653297786033</ele>
      </trkpt>
      <trkpt lat="43.97373997606337" lon="7.237209957093">
        <ele>1400.456900413874</ele>
      </trkpt>
      <trkpt lat="43.973639979958534" lon="7.237169975414872">
        <ele>1403.2873736275344</ele>
      </trkpt>
      <trkpt lat="43.97347996942699" lon="7.23722998984158">
        <ele>1407.4135004633636</ele>
      </trkpt>
      <trkpt lat="43.9733499661088" lon="7.237359993159771">
        <ele>1407.6012263126645</ele>
      </trkpt>
      <trkpt lat="43.97308995947242" lon="7.237459989264607">
        <ele>1413.3524154805748</ele>
      </trkpt>
      <trkpt lat="43.97299314849079" lon="7.237747153267264">
        <ele>1411.319801307569</ele>
      </trkpt>
      <trkpt lat="43.972896253690124" lon="7.238034317269921">
        <ele>1410.7248329976678</ele>
      </trkpt>
      <trkpt lat="43.97279994562268" lon="7.238319972530007">
        <ele>1407.9720343432352</ele>
      </trkpt>
      <trkpt lat="43.97268486209214" lon="7.238470008596778">
        <ele>1405.2854916715294</ele>
      </trkpt>
      <trkpt lat="43.972569946199656" lon="7.238619960844517">
        <ele>1400.042409103812</ele>
      </trkpt>
      <trkpt lat="43.97236752323806" lon="7.238762453198433">
        <ele>1400.4408748906749</ele>
      </trkpt>
      <trkpt lat="43.97216493263841" lon="7.238904945552349">
        <ele>1401.758656401361</ele>
      </trkpt>
      <trkpt lat="43.971962509676814" lon="7.239047437906265">
        <ele>1403.1803116775382</ele>
      </trkpt>
      <trkpt lat="43.97175991907716" lon="7.239189930260181">
        <ele>1400.4278386560916</ele>
      </trkpt>
      <trkpt lat="43.971595047041774" lon="7.239264864474535">
        <ele>1400.6268115463886</ele>
      </trkpt>
      <trkpt lat="43.971429923549294" lon="7.239339966326952">
        <ele>1401.258681760627</ele>
      </trkpt>
      <trkpt lat="43.97117997519672" lon="7.23937994800508">
        <ele>1401.6382604424086</ele>
      </trkpt>
      <trkpt lat="43.97102993912995" lon="7.239309959113598">
        <ele>1397.5678977908672</ele>
      </trkpt>
      <trkpt lat="43.97086976096034" lon="7.238979544490576">
        <ele>1394.2645810042777</ele>
      </trkpt>
      <trkpt lat="43.9707094989717" lon="7.238649046048522">
        <ele>1394.1118521833216</ele>
      </trkpt>
      <trkpt lat="43.970549991354346" lon="7.238319972530007">
        <ele>1397.918012458112</ele>
      </trkpt>
      <trkpt lat="43.97033994086087" lon="7.2383299469947815">
        <ele>1392.266935650965</ele>
      </trkpt>
      <trkpt lat="43.97023994475603" lon="7.238259958103299">
        <ele>1392.628680378904</ele>
      </trkpt>
      <trkpt lat="43.970079934224486" lon="7.238189969211817">
        <ele>1389.9990671561336</ele>
      </trkpt>
      <trkpt lat="43.96994490176439" lon="7.2380048129707575">
        <ele>1393.1323716861175</ele>
      </trkpt>
      <trkpt lat="43.96980995312333" lon="7.237819992005825">
        <ele>1395.6392435380164</ele>
      </trkpt>
      <trkpt lat="43.96958506666124" lon="7.237670039758086">
        <ele>1394.7411666450569</ele>
      </trkpt>
      <trkpt lat="43.96935992874205" lon="7.237519919872284">
        <ele>1396.2723278760106</ele>
      </trkpt>
      <trkpt lat="43.96909271366894" lon="7.237499970942736">
        <ele>1396.7160623391499</ele>
      </trkpt>
      <trkpt lat="43.96882499568164" lon="7.237479938194156">
        <ele>1399.0224349847822</ele>
      </trkpt>
      <trkpt lat="43.9685576967895" lon="7.237459989264607">
        <ele>1402.43824319442</ele>
      </trkpt>
      <trkpt lat="43.968289978802204" lon="7.2374399565160275">
        <ele>1406.399179209436</ele>
      </trkpt>
      <trkpt lat="43.96801522001624" lon="7.237494941800833">
        <ele>1407.0311325436421</ele>
      </trkpt>
      <trkpt lat="43.96773995831609" lon="7.237549927085638">
        <ele>1407.7467741979126</ele>
      </trkpt>
      <trkpt lat="43.967465199530125" lon="7.237604912370443">
        <ele>1408.0086703216841</ele>
      </trkpt>
      <trkpt lat="43.96718993782997" lon="7.23765998147428">
        <ele>1407.8668524443842</ele>
      </trkpt>
      <trkpt lat="43.96694024093449" lon="7.23765998147428">
        <ele>1407.1544858496688</ele>
      </trkpt>
      <trkpt lat="43.96668995730579" lon="7.23765998147428">
        <ele>1408.6512988918096</ele>
      </trkpt>
      <trkpt lat="43.9665599539876" lon="7.237779926508665">
        <ele>1411.0222248426292</ele>
      </trkpt>
      <trkpt lat="43.96638996899128" lon="7.237799959257245">
        <ele>1413.9786137714495</ele>
      </trkpt>
      <trkpt lat="43.96621998399496" lon="7.237769952043891">
        <ele>1415.3286084708875</ele>
      </trkpt>
      <trkpt lat="43.96597020328045" lon="7.237804904580116">
        <ele>1418.6695525342757</ele>
      </trkpt>
      <trkpt lat="43.96571991965175" lon="7.237839940935373">
        <ele>1420.8684211363595</ele>
      </trkpt>
      <trkpt lat="43.96548514254391" lon="7.237929878756404">
        <ele>1423.1340421275831</ele>
      </trkpt>
      <trkpt lat="43.96524994634092" lon="7.238019984215498">
        <ele>1422.0286228295217</ele>
      </trkpt>
      <trkpt lat="43.96509504877031" lon="7.238109922036529">
        <ele>1423.4279078674224</ele>
      </trkpt>
      <trkpt lat="43.964939983561635" lon="7.238199943676591">
        <ele>1423.8253396785208</ele>
      </trkpt>
      <trkpt lat="43.96472666412592" lon="7.2383832558989525">
        <ele>1423.180504614334</ele>
      </trkpt>
      <trkpt lat="43.964513344690204" lon="7.238566568121314">
        <ele>1420.270057039622</ele>
      </trkpt>
      <trkpt lat="43.964299941435456" lon="7.238749964162707">
        <ele>1413.632584803343</ele>
      </trkpt>
      <trkpt lat="43.964086789637804" lon="7.238859934732318">
        <ele>1410.4209053024692</ele>
      </trkpt>
      <trkpt lat="43.96387355402112" lon="7.238969821482897">
        <ele>1408.1712744308647</ele>
      </trkpt>
      <trkpt lat="43.96365998312831" lon="7.239079959690571">
        <ele>1406.8516940061575</ele>
      </trkpt>
      <trkpt lat="43.963446747511625" lon="7.239189930260181">
        <ele>1405.633667671265</ele>
      </trkpt>
      <trkpt lat="43.96323351189494" lon="7.23929981701076">
        <ele>1404.8022441004796</ele>
      </trkpt>
      <trkpt lat="43.96301994100213" lon="7.239409955218434">
        <ele>1406.1539615180543</ele>
      </trkpt>
      <trkpt lat="43.96278499625623" lon="7.239604918286204">
        <ele>1405.8942645424215</ele>
      </trkpt>
      <trkpt lat="43.9625499676913" lon="7.239799965173006">
        <ele>1405.9939601210917</ele>
      </trkpt>
      <trkpt lat="43.962315022945404" lon="7.239994928240776">
        <ele>1405.157347954484</ele>
      </trkpt>
      <trkpt lat="43.962079994380474" lon="7.240189975127578">
        <ele>1403.3402221817682</ele>
      </trkpt>
      <trkpt lat="43.96195996552706" lon="7.240439923480153">
        <ele>1398.8036283151646</ele>
      </trkpt>
      <trkpt lat="43.96180992946029" lon="7.2405599523335695">
        <ele>1398.5948337677694</ele>
      </trkpt>
      <trkpt lat="43.96157012321055" lon="7.24068651907146">
        <ele>1399.2034456374672</ele>
      </trkpt>
      <trkpt lat="43.96133023314178" lon="7.240813169628382">
        <ele>1398.7032769310122</ele>
      </trkpt>
      <trkpt lat="43.96108992397785" lon="7.240939987823367">
        <ele>1398.1744932053873</ele>
      </trkpt>
      <trkpt lat="43.960929829627275" lon="7.241160096600652">
        <ele>1397.1591671900599</ele>
      </trkpt>
      <trkpt lat="43.960769986733794" lon="7.241379953920841">
        <ele>1397.1259745395232</ele>
      </trkpt>
      <trkpt lat="43.960573095828295" lon="7.24167357198894">
        <ele>1398.5345364744412</ele>
      </trkpt>
      <trkpt lat="43.96037628874183" lon="7.2419671062380075">
        <ele>1399.126011295167</ele>
      </trkpt>
      <trkpt lat="43.96017998456955" lon="7.242259969934821">
        <ele>1398.0394752451107</ele>
      </trkpt>
      <trkpt lat="43.95997487939894" lon="7.242485024034977">
        <ele>1397.221716214719</ele>
      </trkpt>
      <trkpt lat="43.9597699418664" lon="7.242709994316101">
        <ele>1396.7865698827</ele>
      </trkpt>
      <trkpt lat="43.95964999683201" lon="7.242819964885712">
        <ele>1395.5960826233204</ele>
      </trkpt>
      <trkpt lat="43.9594900701195" lon="7.242874950170517">
        <ele>1395.2537691582224</ele>
      </trkpt>
      <trkpt lat="43.959329975768924" lon="7.242929935455322">
        <ele>1396.2449143580302</ele>
      </trkpt>
      <trkpt lat="43.95914515480399" lon="7.242959942668676">
        <ele>1398.7002353455414</ele>
      </trkpt>
      <trkpt lat="43.95895999856293" lon="7.2429899498820305">
        <ele>1401.1341856832314</ele>
      </trkpt>
      <trkpt lat="43.958765119314194" lon="7.243089862167835">
        <ele>1403.0918437563962</ele>
      </trkpt>
      <trkpt lat="43.95856998860836" lon="7.243189942091703">
        <ele>1403.440750883618</ele>
      </trkpt>
      <trkpt lat="43.958273604512215" lon="7.243163287639618">
        <ele>1405.895015398567</ele>
      </trkpt>
      <trkpt lat="43.95797722041607" lon="7.243136717006564">
        <ele>1407.501685445756</ele>
      </trkpt>
      <trkpt lat="43.957679998129606" lon="7.243109978735447">
        <ele>1407.107855283197</ele>
      </trkpt>
      <trkpt lat="43.957589976489544" lon="7.2429699171334505">
        <ele>1408.9052107386547</ele>
      </trkpt>
      <trkpt lat="43.95736517384648" lon="7.242909986525774">
        <ele>1409.7150784329883</ele>
      </trkpt>
      <trkpt lat="43.957139952108264" lon="7.242849972099066">
        <ele>1410.6988612181362</ele>
      </trkpt>
      <trkpt lat="43.95693015307188" lon="7.242765063419938">
        <ele>1411.100070824742</ele>
      </trkpt>
      <trkpt lat="43.95671993494034" lon="7.242679987102747">
        <ele>1410.7370745254798</ele>
      </trkpt>
      <trkpt lat="43.9565200265497" lon="7.242536656558514">
        <ele>1413.0031422153406</ele>
      </trkpt>
      <trkpt lat="43.956320118159056" lon="7.242393409833312">
        <ele>1414.8076281889917</ele>
      </trkpt>
      <trkpt lat="43.95611995831132" lon="7.242249995470047">
        <ele>1418.7545151911652</ele>
      </trkpt>
      <trkpt lat="43.955949973315" lon="7.242049919441342">
        <ele>1424.898791133964</ele>
      </trkpt>
      <trkpt lat="43.95572768524289" lon="7.241992503404617">
        <ele>1426.714869022669</ele>
      </trkpt>
      <trkpt lat="43.95550497807562" lon="7.241934919729829">
        <ele>1428.362532484806</ele>
      </trkpt>
      <trkpt lat="43.955282690003514" lon="7.241877503693104">
        <ele>1431.6188967422215</ele>
      </trkpt>
      <trkpt lat="43.95505998283625" lon="7.241819920018315">
        <ele>1438.0029250819416</ele>
      </trkpt>
      <trkpt lat="43.954969961196184" lon="7.241829978302121">
        <ele>1440.7518133421013</ele>
      </trkpt>
      <trkpt lat="43.954909946769476" lon="7.241889992728829">
        <ele>1443.0322554296388</ele>
      </trkpt>
      <trkpt lat="43.954799976199865" lon="7.2418799344450235">
        <ele>1447.2874269043186</ele>
      </trkpt>
      <trkpt lat="43.95473996177316" lon="7.2419199999421835">
        <ele>1450.1329258024991</ele>
      </trkpt>
      <trkpt lat="43.95473996177316" lon="7.241959981620312">
        <ele>1450.639939361276</ele>
      </trkpt>
      <trkpt lat="43.95463996566832" lon="7.241869959980249">
        <ele>1453.296289800794</ele>
      </trkpt>
      <trkpt lat="43.95447492599487" lon="7.242050003260374">
        <ele>1461.968312740911</ele>
      </trkpt>
      <trkpt lat="43.95430997014046" lon="7.242229962721467">
        <ele>1470.8827777805582</ele>
      </trkpt>
      <trkpt lat="43.95414995960891" lon="7.242519976571202">
        <ele>1481.407611734772</ele>
      </trkpt>
      <trkpt lat="43.95400998182595" lon="7.242599939927459">
        <ele>1479.3870166343797</ele>
      </trkpt>
      <trkpt lat="43.9538499712944" lon="7.242639921605587">
        <ele>1475.7350522827742</ele>
      </trkpt>
      <trkpt lat="43.953549982979894" lon="7.242619972676039">
        <ele>1476.219270089312</ele>
      </trkpt>
      <trkpt lat="43.95345996133983" lon="7.242669928818941">
        <ele>1474.0367240260089</ele>
      </trkpt>
      <trkpt lat="43.95325996913016" lon="7.242669928818941">
        <ele>1479.4003634363123</ele>
      </trkpt>
      <trkpt lat="43.953209929168224" lon="7.242729943245649">
        <ele>1475.7934028077311</ele>
      </trkpt>
      <trkpt lat="43.953119991347194" lon="7.242689961567521">
        <ele>1479.4265540149245</ele>
      </trkpt>
      <trkpt lat="43.95302996970713" lon="7.242679987102747">
        <ele>1482.134310474335</ele>
      </trkpt>
      <trkpt lat="43.95293994806707" lon="7.242749975994229">
        <ele>1482.6014759140396</ele>
      </trkpt>
      <trkpt lat="43.95282997749746" lon="7.242729943245649">
        <ele>1482.726090376393</ele>
      </trkpt>
      <trkpt lat="43.952719923108816" lon="7.242659954354167">
        <ele>1488.310860590634</ele>
      </trkpt>
      <trkpt lat="43.952629985287786" lon="7.242689961567521">
        <ele>1489.5876473617693</ele>
      </trkpt>
      <trkpt lat="43.952479949221015" lon="7.242829939350486">
        <ele>1486.1767184016844</ele>
      </trkpt>
      <trkpt lat="43.95239998586476" lon="7.242939993739128">
        <ele>1478.7857562164857</ele>
      </trkpt>
      <trkpt lat="43.952289931476116" lon="7.242929935455322">
        <ele>1484.5747278155611</ele>
      </trkpt>
      <trkpt lat="43.952239975333214" lon="7.242999924346805">
        <ele>1479.6515984011758</ele>
      </trkpt>
      <trkpt lat="43.95210997201502" lon="7.242939993739128">
        <ele>1488.6650501100376</ele>
      </trkpt>
      <trkpt lat="43.952029924839735" lon="7.2429899498820305">
        <ele>1489.4286613670845</ele>
      </trkpt>
      <trkpt lat="43.95197996869683" lon="7.24287997931242">
        <ele>1500.483994967984</ele>
      </trkpt>
      <trkpt lat="43.951899921521544" lon="7.24287997931242">
        <ele>1508.0230836905334</ele>
      </trkpt>
      <trkpt lat="43.95195993594825" lon="7.2429899498820305">
        <ele>1498.2455954467086</ele>
      </trkpt>
      <trkpt lat="43.95188994705677" lon="7.2429899498820305">
        <ele>1506.5763767614362</ele>
      </trkpt>
      <trkpt lat="43.9519299287349" lon="7.243059938773513">
        <ele>1497.743638703483</ele>
      </trkpt>
      <trkpt lat="43.95184996537864" lon="7.243129927664995">
        <ele>1501.5917369980239</ele>
      </trkpt>
      <trkpt lat="43.951789950951934" lon="7.243119953200221">
        <ele>1510.9616624110738</ele>
      </trkpt>
      <trkpt lat="43.95171996206045" lon="7.243189942091703">
        <ele>1517.3971955153268</ele>
      </trkpt>
      <trkpt lat="43.95169992931187" lon="7.2432399820536375">
        <ele>1518.410889943876</ele>
      </trkpt>
      <trkpt lat="43.95167998038232" lon="7.243229923769832">
        <ele>1522.2717295817497</ele>
      </trkpt>
      <trkpt lat="43.95165994763374" lon="7.243149960413575">
        <ele>1527.9555475143318</ele>
      </trkpt>
      <trkpt lat="43.951639998704195" lon="7.243159934878349">
        <ele>1530.1722546985034</ele>
      </trkpt>
      <trkpt lat="43.951639998704195" lon="7.243259930983186">
        <ele>1527.5269552349805</ele>
      </trkpt>
      <trkpt lat="43.95157998427749" lon="7.243269989266992">
        <ele>1536.5831398850619</ele>
      </trkpt>
      <trkpt lat="43.95157998427749" lon="7.243339978158474">
        <ele>1534.3449808673786</ele>
      </trkpt>
      <trkpt lat="43.95153991878033" lon="7.243349952623248">
        <ele>1539.105734015007</ele>
      </trkpt>
      <trkpt lat="43.95157998427749" lon="7.243479955941439">
        <ele>1526.864141202988</ele>
      </trkpt>
      <trkpt lat="43.95155995152891" lon="7.243529995903373">
        <ele>1525.959520798209</ele>
      </trkpt>
      <trkpt lat="43.95128997042775" lon="7.243699980899692">
        <ele>1525.1071185947906</ele>
      </trkpt>
      <trkpt lat="43.95115996710956" lon="7.243599984794855">
        <ele>1531.232848411475</ele>
      </trkpt>
      <trkpt lat="43.9510699454695" lon="7.243629992008209">
        <ele>1534.6333054188663</ele>
      </trkpt>
      <trkpt lat="43.95096994936466" lon="7.243709955364466">
        <ele>1531.6884042208562</ele>
      </trkpt>
      <trkpt lat="43.95078998990357" lon="7.243629992008209">
        <ele>1535.388178940118</ele>
      </trkpt>
      <trkpt lat="43.950759982690215" lon="7.243529995903373">
        <ele>1539.7314459861661</ele>
      </trkpt>
      <trkpt lat="43.95070994272828" lon="7.243499988690019">
        <ele>1542.2861447205999</ele>
      </trkpt>
      <trkpt lat="43.950629979372025" lon="7.243369985371828">
        <ele>1546.0329850096282</ele>
      </trkpt>
      <trkpt lat="43.95053995773196" lon="7.243079971522093">
        <ele>1541.7579961972688</ele>
      </trkpt>
      <trkpt lat="43.950479943305254" lon="7.243069997057319">
        <ele>1537.8826849181603</ele>
      </trkpt>
      <trkpt lat="43.95033996552229" lon="7.243179967626929">
        <ele>1533.0340487084013</ele>
      </trkpt>
      <trkpt lat="43.950309958308935" lon="7.243259930983186">
        <ele>1535.7897122601726</ele>
      </trkpt>
      <trkpt lat="43.95018992945552" lon="7.243279963731766">
        <ele>1529.5577487005432</ele>
      </trkpt>
      <trkpt lat="43.95009999163449" lon="7.243409967049956">
        <ele>1527.2915093341599</ele>
      </trkpt>
      <trkpt lat="43.9498299267143" lon="7.243609959259629">
        <ele>1529.6377164136234</ele>
      </trkpt>
      <trkpt lat="43.94967997446656" lon="7.243569977581501">
        <ele>1535.0106747781279</ele>
      </trkpt>
      <trkpt lat="43.949579978361726" lon="7.243459923192859">
        <ele>1528.0206334240095</ele>
      </trkpt>
      <trkpt lat="43.94947998225689" lon="7.243429999798536">
        <ele>1525.7870299411252</ele>
      </trkpt>
      <trkpt lat="43.94935995340347" lon="7.243349952623248">
        <ele>1518.411926410282</ele>
      </trkpt>
      <trkpt lat="43.9492099173367" lon="7.243539970368147">
        <ele>1513.1688657192415</ele>
      </trkpt>
      <trkpt lat="43.94907999783754" lon="7.243779944255948">
        <ele>1510.2562285842841</ele>
      </trkpt>
      <trkpt lat="43.94893993623555" lon="7.243919922038913">
        <ele>1508.9254747064194</ele>
      </trkpt>
      <trkpt lat="43.948869947344065" lon="7.243939954787493">
        <ele>1505.6961959988057</ele>
      </trkpt>
      <trkpt lat="43.94880993291736" lon="7.243989994749427">
        <ele>1507.1957364597795</ele>
      </trkpt>
      <trkpt lat="43.948779925704" lon="7.243969962000847">
        <ele>1503.1395928739307</ele>
      </trkpt>
      <trkpt lat="43.948719995096326" lon="7.243999969214201">
        <ele>1500.3373858787456</ele>
      </trkpt>
      <trkpt lat="43.948699962347746" lon="7.243969962000847">
        <ele>1497.4290550174412</ele>
      </trkpt>
      <trkpt lat="43.948759976774454" lon="7.2438999731093645">
        <ele>1497.2046291746276</ele>
      </trkpt>
      <trkpt lat="43.94874991849065" lon="7.243799977004528">
        <ele>1490.2594771065694</ele>
      </trkpt>
      <trkpt lat="43.94880993291736" lon="7.243749937042594">
        <ele>1491.7701068388785</ele>
      </trkpt>
      <trkpt lat="43.94883994013071" lon="7.2436699736863375">
        <ele>1490.3135218399616</ele>
      </trkpt>
      <trkpt lat="43.94883994013071" lon="7.243539970368147">
        <ele>1485.1059963454752</ele>
      </trkpt>
      <trkpt lat="43.94887992180884" lon="7.243499988690019">
        <ele>1486.488263974455</ele>
      </trkpt>
      <trkpt lat="43.948889980092645" lon="7.243359927088022">
        <ele>1483.2933045048105</ele>
      </trkpt>
      <trkpt lat="43.94883994013071" lon="7.243489930406213">
        <ele>1483.3833254563544</ele>
      </trkpt>
      <trkpt lat="43.94881999120116" lon="7.2434699814766645">
        <ele>1481.3508216383618</ele>
      </trkpt>
      <trkpt lat="43.94881999120116" lon="7.243349952623248">
        <ele>1478.0970866413247</ele>
      </trkpt>
      <trkpt lat="43.948779925704" lon="7.243329919874668">
        <ele>1474.97477643895</ele>
      </trkpt>
      <trkpt lat="43.94868998788297" lon="7.24343997426331">
        <ele>1471.918583327753</ele>
      </trkpt>
      <trkpt lat="43.9484899956733" lon="7.2437599953264">
        <ele>1470.92826513267</ele>
      </trkpt>
      <trkpt lat="43.9482999779284" lon="7.2438999731093645">
        <ele>1468.0909783656377</ele>
      </trkpt>
      <trkpt lat="43.94818992353976" lon="7.244059983640909">
        <ele>1470.0483409682975</ele>
      </trkpt>
      <trkpt lat="43.948029996827245" lon="7.24416995421052">
        <ele>1465.5653593637117</ele>
      </trkpt>
      <trkpt lat="43.947899993509054" lon="7.244219994172454">
        <ele>1458.886941161135</ele>
      </trkpt>
      <trkpt lat="43.947879960760474" lon="7.244159979745746">
        <ele>1456.0883932986096</ele>
      </trkpt>
      <trkpt lat="43.94794994965196" lon="7.243939954787493">
        <ele>1453.2149621452452</ele>
      </trkpt>
      <trkpt lat="43.94793997518718" lon="7.243909947574139">
        <ele>1451.622468815751</ele>
      </trkpt>
      <trkpt lat="43.947769990190864" lon="7.244039950892329">
        <ele>1445.7427110082112</ele>
      </trkpt>
      <trkpt lat="43.947749957442284" lon="7.244029976427555">
        <ele>1444.1643140985823</ele>
      </trkpt>
      <trkpt lat="43.94784995354712" lon="7.243689922615886">
        <ele>1439.907209220641</ele>
      </trkpt>
      <trkpt lat="43.94778993912041" lon="7.243659999221563">
        <ele>1436.351356663192</ele>
      </trkpt>
      <trkpt lat="43.94773998297751" lon="7.243699980899692">
        <ele>1435.5143238069963</ele>
      </trkpt>
      <trkpt lat="43.9476799685508" lon="7.243699980899692">
        <ele>1432.4451104196328</ele>
      </trkpt>
      <trkpt lat="43.94756999798119" lon="7.24373996257782">
        <ele>1426.5482788832028</ele>
      </trkpt>
      <trkpt lat="43.947559939697385" lon="7.243589926511049">
        <ele>1423.9543150906634</ele>
      </trkpt>
      <trkpt lat="43.94758994691074" lon="7.243519937619567">
        <ele>1423.8130150684494</ele>
      </trkpt>
      <trkpt lat="43.94751995801926" lon="7.243489930406213">
        <ele>1419.6747305330646</ele>
      </trkpt>
      <trkpt lat="43.947339998558164" lon="7.243569977581501">
        <ele>1410.322531709523</ele>
      </trkpt>
      <trkpt lat="43.94728995859623" lon="7.243489930406213">
        <ele>1408.081707803051</ele>
      </trkpt>
      <trkpt lat="43.947259951382875" lon="7.243559919297695">
        <ele>1405.4736834906869</ele>
      </trkpt>
      <trkpt lat="43.94721996970475" lon="7.243489930406213">
        <ele>1404.3118361471388</ele>
      </trkpt>
      <trkpt lat="43.94716992974281" lon="7.243529995903373">
        <ele>1400.493988908839</ele>
      </trkpt>
      <trkpt lat="43.94716992974281" lon="7.243449948728085">
        <ele>1402.5143344388118</ele>
      </trkpt>
      <trkpt lat="43.94708996638656" lon="7.243489930406213">
        <ele>1396.960679581798</ele>
      </trkpt>
      <trkpt lat="43.94709994085133" lon="7.243409967049956">
        <ele>1399.6784287637458</ele>
      </trkpt>
      <trkpt lat="43.94702995195985" lon="7.243449948728085">
        <ele>1394.769051218537</ele>
      </trkpt>
      <trkpt lat="43.94698997028172" lon="7.243369985371828">
        <ele>1393.3554511604686</ele>
      </trkpt>
      <trkpt lat="43.946939930319786" lon="7.243399992585182">
        <ele>1389.388778981981</ele>
      </trkpt>
      <trkpt lat="43.946939930319786" lon="7.243329919874668">
        <ele>1389.6564322473525</ele>
      </trkpt>
      <trkpt lat="43.946979995816946" lon="7.243189942091703">
        <ele>1391.547544519166</ele>
      </trkpt>
      <trkpt lat="43.946889974176884" lon="7.243169993162155">
        <ele>1386.289107265915</ele>
      </trkpt>
      <trkpt lat="43.946829959750175" lon="7.243189942091703">
        <ele>1382.5934030719256</ele>
      </trkpt>
      <trkpt lat="43.94678997807205" lon="7.243159934878349">
        <ele>1380.6516967704774</ele>
      </trkpt>
      <trkpt lat="43.94675997085869" lon="7.243089945986867">
        <ele>1380.9828176058231</ele>
      </trkpt>
      <trkpt lat="43.94675997085869" lon="7.2429899498820305">
        <ele>1379.7850121744627</ele>
      </trkpt>
      <trkpt lat="43.94673993811011" lon="7.242919960990548">
        <ele>1378.247682139945</ele>
      </trkpt>
      <trkpt lat="43.94655997864902" lon="7.242869921028614">
        <ele>1370.211958533002</ele>
      </trkpt>
      <trkpt lat="43.94651999697089" lon="7.242799932137132">
        <ele>1367.748414349187</ele>
      </trkpt>
      <trkpt lat="43.946399968117476" lon="7.242689961567521">
        <ele>1364.9186895247963</ele>
      </trkpt>
      <trkpt lat="43.94624976441264" lon="7.242394583299756">
        <ele>1371.6034882639829</ele>
      </trkpt>
      <trkpt lat="43.946099979802966" lon="7.242099959403276">
        <ele>1371.1410169862595</ele>
      </trkpt>
      <trkpt lat="43.94592999480665" lon="7.241869959980249">
        <ele>1372.0524509320248</ele>
      </trkpt>
      <trkpt lat="43.94580996595323" lon="7.2416699677705765">
        <ele>1371.2809646935598</ele>
      </trkpt>
      <trkpt lat="43.94572991877794" lon="7.241439968347549">
        <ele>1367.8129840073484</ele>
      </trkpt>
      <trkpt lat="43.945599999278784" lon="7.241299990564585">
        <ele>1370.9571594247238</ele>
      </trkpt>
      <trkpt lat="43.94556999206543" lon="7.241209968924522">
        <ele>1370.7915749023412</ele>
      </trkpt>
      <trkpt lat="43.945559933781624" lon="7.240999918431044">
        <ele>1368.9857052679972</ele>
      </trkpt>
      <trkpt lat="43.945579966530204" lon="7.240649973973632">
        <ele>1367.8354549100598</ele>
      </trkpt>
      <trkpt lat="43.945539984852076" lon="7.240589959546924">
        <ele>1371.1575863737576</ele>
      </trkpt>
      <trkpt lat="43.945519952103496" lon="7.240469930693507">
        <ele>1373.0646725258025</ele>
      </trkpt>
      <trkpt lat="43.945579966530204" lon="7.24027999676764">
        <ele>1367.109935894252</ele>
      </trkpt>
      <trkpt lat="43.945539901033044" lon="7.240039436146617">
        <ele>1368.1432154700929</ele>
      </trkpt>
      <trkpt lat="43.945499919354916" lon="7.239799965173006">
        <ele>1366.41023113102</ele>
      </trkpt>
      <trkpt lat="43.94543998874724" lon="7.239719917997718">
        <ele>1364.1063558809612</ele>
      </trkpt>
      <trkpt lat="43.945190124213696" lon="7.23985486663878">
        <ele>1363.1021317393793</ele>
      </trkpt>
      <trkpt lat="43.944939924404025" lon="7.239989982917905">
        <ele>1359.7497265078014</ele>
      </trkpt>
      <trkpt lat="43.94472015090287" lon="7.240044884383678">
        <ele>1357.4635063546527</ele>
      </trkpt>
      <trkpt lat="43.94449995830655" lon="7.2400999534875154">
        <ele>1361.5125919824316</ele>
      </trkpt>
      <trkpt lat="43.94422528333962" lon="7.2400949243456125">
        <ele>1362.4953778581012</ele>
      </trkpt>
      <trkpt lat="43.943949937820435" lon="7.240089979022741">
        <ele>1360.0506789238134</ele>
      </trkpt>
      <trkpt lat="43.94375019706786" lon="7.240069946274161">
        <ele>1358.8031311894001</ele>
      </trkpt>
      <trkpt lat="43.94354995340109" lon="7.240049997344613">
        <ele>1357.8367303673542</ele>
      </trkpt>
      <trkpt lat="43.943360187113285" lon="7.240064917132258">
        <ele>1357.9276428004357</ele>
      </trkpt>
      <trkpt lat="43.94316991791129" lon="7.2400799207389355">
        <ele>1360.5064965590327</ele>
      </trkpt>
      <trkpt lat="43.942980067804456" lon="7.239985037595034">
        <ele>1357.965874434781</ele>
      </trkpt>
      <trkpt lat="43.942789966240525" lon="7.239889986813068">
        <ele>1354.6698991176302</ele>
      </trkpt>
      <trkpt lat="43.942679995670915" lon="7.239909935742617">
        <ele>1355.020826414087</ele>
      </trkpt>
      <trkpt lat="43.94242996349931" lon="7.239769957959652">
        <ele>1351.8237679582603</ele>
      </trkpt>
      <trkpt lat="43.94234991632402" lon="7.2396499291062355">
        <ele>1352.7185311998242</ele>
      </trkpt>
      <trkpt lat="43.94230993464589" lon="7.239409955218434">
        <ele>1348.6133386086235</ele>
      </trkpt>
      <trkpt lat="43.9423199929297" lon="7.239079959690571">
        <ele>1343.6193464215971</ele>
      </trkpt>
      <trkpt lat="43.94229996018112" lon="7.238919949159026">
        <ele>1340.1600200853134</ele>
      </trkpt>
      <trkpt lat="43.942355113103986" lon="7.238689446821809">
        <ele>1336.5300703090124</ele>
      </trkpt>
      <trkpt lat="43.94240993075073" lon="7.238459950312972">
        <ele>1334.320157250236</ele>
      </trkpt>
      <trkpt lat="43.9424751419574" lon="7.238114196807146">
        <ele>1331.5338675188275</ele>
      </trkpt>
      <trkpt lat="43.94253993406892" lon="7.237769952043891">
        <ele>1328.7532761404668</ele>
      </trkpt>
      <trkpt lat="43.942650156095624" lon="7.237529642879963">
        <ele>1328.5508296283772</ele>
      </trkpt>
      <trkpt lat="43.94275995902717" lon="7.237289920449257">
        <ele>1327.0477924025881</ele>
      </trkpt>
      <trkpt lat="43.9427499845624" lon="7.237199982628226">
        <ele>1325.9854725269688</ele>
      </trkpt>
      <trkpt lat="43.94271997734904" lon="7.237129993736744">
        <ele>1323.8095102244536</ele>
      </trkpt>
      <trkpt lat="43.94256994128227" lon="7.237249938771129">
        <ele>1318.8604196571105</ele>
      </trkpt>
      <trkpt lat="43.942469945177436" lon="7.237549927085638">
        <ele>1317.3523273939336</ele>
      </trkpt>
      <trkpt lat="43.94232996739447" lon="7.237769952043891">
        <ele>1313.0222549801883</ele>
      </trkpt>
      <trkpt lat="43.94219996407628" lon="7.238119980320334">
        <ele>1308.394415451606</ele>
      </trkpt>
      <trkpt lat="43.9421799313277" lon="7.238279990851879">
        <ele>1309.2115137342319</ele>
      </trkpt>
      <trkpt lat="43.94202997907996" lon="7.23853999748826">
        <ele>1308.804510665605</ele>
      </trkpt>
      <trkpt lat="43.94195999018848" lon="7.238619960844517">
        <ele>1312.330955261698</ele>
      </trkpt>
      <trkpt lat="43.94175999797881" lon="7.238609986379743">
        <ele>1309.0425682630969</ele>
      </trkpt>
      <trkpt lat="43.94163996912539" lon="7.238649968057871">
        <ele>1309.8737956417708</ele>
      </trkpt>
      <trkpt lat="43.941589929163456" lon="7.238619960844517">
        <ele>1307.9706043221956</ele>
      </trkpt>
      <trkpt lat="43.941369988024235" lon="7.2385799791663885">
        <ele>1306.7443784747957</ele>
      </trkpt>
      <trkpt lat="43.941109981387854" lon="7.238489957526326">
        <ele>1303.0541410286487</ele>
      </trkpt>
      <trkpt lat="43.94086992368102" lon="7.238379986956716">
        <ele>1292.5831054597404</ele>
      </trkpt>
      <trkpt lat="43.940789960324764" lon="7.238449975848198">
        <ele>1287.5717756456531</ele>
      </trkpt>
      <trkpt lat="43.940749978646636" lon="7.2385799791663885">
        <ele>1282.1406399271582</ele>
      </trkpt>
      <trkpt lat="43.94077998585999" lon="7.238789945840836">
        <ele>1283.0158628497388</ele>
      </trkpt>
      <trkpt lat="43.94071997143328" lon="7.239079959690571">
        <ele>1285.4430590367242</ele>
      </trkpt>
      <trkpt lat="43.94052995368838" lon="7.23926997743547">
        <ele>1281.8871876079077</ele>
      </trkpt>
      <trkpt lat="43.94038997590542" lon="7.239449936896563">
        <ele>1281.15528718047</ele>
      </trkpt>
      <trkpt lat="43.94030992873013" lon="7.239489918574691">
        <ele>1281.3267081244442</ele>
      </trkpt>
      <trkpt lat="43.94010012969375" lon="7.239465024322271">
        <ele>1280.2856155067957</ele>
      </trkpt>
      <trkpt lat="43.939889995381236" lon="7.2394399624317884">
        <ele>1274.2506704150496</ele>
      </trkpt>
      <trkpt lat="43.939636778086424" lon="7.239556554704905">
        <ele>1273.0846338809058</ele>
      </trkpt>
      <trkpt lat="43.93938364461064" lon="7.239673146978021">
        <ele>1279.6791815021882</ele>
      </trkpt>
      <trkpt lat="43.93912992440164" lon="7.239789990708232">
        <ele>1274.681007054764</ele>
      </trkpt>
      <trkpt lat="43.93901995383203" lon="7.2398799285292625">
        <ele>1273.3756792288807</ele>
      </trkpt>
      <trkpt lat="43.93880998715758" lon="7.239939942955971">
        <ele>1272.7325796368032</ele>
      </trkpt>
      <trkpt lat="43.93867998383939" lon="7.239909935742617">
        <ele>1276.5833709726057</ele>
      </trkpt>
      <trkpt lat="43.93847999162972" lon="7.239779932424426">
        <ele>1263.6922768361924</ele>
      </trkpt>
      <trkpt lat="43.9383599627763" lon="7.239859979599714">
        <ele>1266.993683454877</ele>
      </trkpt>
      <trkpt lat="43.938189977779984" lon="7.239799965173006">
        <ele>1264.3250968901573</ele>
      </trkpt>
      <trkpt lat="43.93804999999702" lon="7.239769957959652">
        <ele>1254.2770472519069</ele>
      </trkpt>
      <trkpt lat="43.93794992007315" lon="7.2398999612778425">
        <ele>1248.3187129948565</ele>
      </trkpt>
      <trkpt lat="43.937869956716895" lon="7.2400799207389355">
        <ele>1242.1827675476</ele>
      </trkpt>
      <trkpt lat="43.937889989465475" lon="7.24025996401906">
        <ele>1245.248932837435</ele>
      </trkpt>
      <trkpt lat="43.93779996782541" lon="7.240449981763959">
        <ele>1237.3967456819591</ele>
      </trkpt>
      <trkpt lat="43.93779996782541" lon="7.240519970655441">
        <ele>1236.7916196781664</ele>
      </trkpt>
      <trkpt lat="43.93795997835696" lon="7.240769919008017">
        <ele>1240.4469859800374</ele>
      </trkpt>
      <trkpt lat="43.937954949215055" lon="7.2409905306994915">
        <ele>1237.0427025087658</ele>
      </trkpt>
      <trkpt lat="43.93794992007315" lon="7.241209968924522">
        <ele>1234.0173865903735</ele>
      </trkpt>
      <trkpt lat="43.93798998557031" lon="7.241359921172261">
        <ele>1236.9881663400845</ele>
      </trkpt>
      <trkpt lat="43.93796995282173" lon="7.241479950025678">
        <ele>1239.676972806718</ele>
      </trkpt>
      <trkpt lat="43.93780994229019" lon="7.241709949448705">
        <ele>1230.919390682088</ele>
      </trkpt>
      <trkpt lat="43.93780994229019" lon="7.2419199999421835">
        <ele>1234.1833109099618</ele>
      </trkpt>
      <trkpt lat="43.937629982829094" lon="7.242209929972887">
        <ele>1234.350598151344</ele>
      </trkpt>
      <trkpt lat="43.9374899212271" lon="7.2423499915748835">
        <ele>1239.7149159551798</ele>
      </trkpt>
      <trkpt lat="43.937289929017425" lon="7.2423299588263035">
        <ele>1232.6903140728036</ele>
      </trkpt>
      <trkpt lat="43.93708993680775" lon="7.242499943822622">
        <ele>1223.226616366584</ele>
      </trkpt>
      <trkpt lat="43.9370699878782" lon="7.242689961567521">
        <ele>1229.2545244597502</ele>
      </trkpt>
      <trkpt lat="43.93697996623814" lon="7.242789957672358">
        <ele>1232.9255982329926</ele>
      </trkpt>
      <trkpt lat="43.93691995181143" lon="7.242829939350486">
        <ele>1232.953063654345</ele>
      </trkpt>
      <trkpt lat="43.936819955706596" lon="7.242839997634292">
        <ele>1225.6426719298377</ele>
      </trkpt>
      <trkpt lat="43.936749966815114" lon="7.242899928241968">
        <ele>1221.8801880914057</ele>
      </trkpt>
      <trkpt lat="43.936669919639826" lon="7.243109978735447">
        <ele>1227.9938121262066</ele>
      </trkpt>
      <trkpt lat="43.936559949070215" lon="7.2431999165564775">
        <ele>1230.7153299494507</ele>
      </trkpt>
      <trkpt lat="43.93637512810528" lon="7.243279879912734">
        <ele>1230.1200803449942</ele>
      </trkpt>
      <trkpt lat="43.93618997186422" lon="7.243359927088022">
        <ele>1231.8547468722052</ele>
      </trkpt>
      <trkpt lat="43.93604999408126" lon="7.243349952623248">
        <ele>1234.5373795422774</ele>
      </trkpt>
      <trkpt lat="43.93594999797642" lon="7.243279963731766">
        <ele>1224.4737939503902</ele>
      </trkpt>
      <trkpt lat="43.935849918052554" lon="7.243269989266992">
        <ele>1218.803230862728</ele>
      </trkpt>
      <trkpt lat="43.9357699546963" lon="7.243329919874668">
        <ele>1216.0601766402576</ele>
      </trkpt>
      <trkpt lat="43.93574992194772" lon="7.243399992585182">
        <ele>1218.9731125960996</ele>
      </trkpt>
      <trkpt lat="43.935679933056235" lon="7.243489930406213">
        <ele>1224.5108368793453</ele>
      </trkpt>
      <trkpt lat="43.93559996969998" lon="7.243509963154793">
        <ele>1224.774049869875</ele>
      </trkpt>
      <trkpt lat="43.935309955850244" lon="7.24343997426331">
        <ele>1223.8675084343736</ele>
      </trkpt>
      <trkpt lat="43.93520995974541" lon="7.243459923192859">
        <ele>1225.5570869415087</ele>
      </trkpt>
      <trkpt lat="43.93503997474909" lon="7.24343997426331">
        <ele>1225.9864641586182</ele>
      </trkpt>
      <trkpt lat="43.93483336083591" lon="7.24329337477684">
        <ele>1222.2616143718587</ele>
      </trkpt>
      <trkpt lat="43.93462674692273" lon="7.243146691471338">
        <ele>1219.9633217916626</ele>
      </trkpt>
      <trkpt lat="43.93441996537149" lon="7.242999924346805">
        <ele>1216.619918829147</ele>
      </trkpt>
      <trkpt lat="43.93429993651807" lon="7.242999924346805">
        <ele>1214.6466962347376</ele>
      </trkpt>
      <trkpt lat="43.93421997316182" lon="7.243059938773513">
        <ele>1213.6319335922108</ele>
      </trkpt>
      <trkpt lat="43.93419994041324" lon="7.243109978735447">
        <ele>1212.3581171729584</ele>
      </trkpt>
      <trkpt lat="43.93401000648737" lon="7.243234869092703">
        <ele>1208.3990957632839</ele>
      </trkpt>
      <trkpt lat="43.93381998874247" lon="7.243359927088022">
        <ele>1206.7665346830117</ele>
      </trkpt>
      <trkpt lat="43.9336649235338" lon="7.243509963154793">
        <ele>1204.2000253229105</ele>
      </trkpt>
      <trkpt lat="43.933509942144156" lon="7.243659999221563">
        <ele>1197.9023122924218</ele>
      </trkpt>
      <trkpt lat="43.93341992050409" lon="7.243689922615886">
        <ele>1195.5501293024145</ele>
      </trkpt>
      <trkpt lat="43.93333995714784" lon="7.243679948151112">
        <ele>1196.0157287837956</ele>
      </trkpt>
      <trkpt lat="43.933229986578226" lon="7.24371992982924">
        <ele>1194.5814157809982</ele>
      </trkpt>
      <trkpt lat="43.93306997604668" lon="7.243859991431236">
        <ele>1187.2361438363837</ele>
      </trkpt>
      <trkpt lat="43.932819943875074" lon="7.243909947574139">
        <ele>1182.9271978366282</ele>
      </trkpt>
      <trkpt lat="43.932709973305464" lon="7.243959987536073">
        <ele>1181.5344267684006</ele>
      </trkpt>
      <trkpt lat="43.93265993334353" lon="7.244069958105683">
        <ele>1176.4769574892234</ele>
      </trkpt>
      <trkpt lat="43.932499922811985" lon="7.24416995421052">
        <ele>1173.7393820826796</ele>
      </trkpt>
      <trkpt lat="43.93239992670715" lon="7.2443099319934845">
        <ele>1167.5208678684469</ele>
      </trkpt>
      <trkpt lat="43.93212994560599" lon="7.244519982486963">
        <ele>1163.6283391253894</ele>
      </trkpt>
      <trkpt lat="43.93195476382971" lon="7.2448203060775995">
        <ele>1158.132503720194</ele>
      </trkpt>
      <trkpt lat="43.93177991732955" lon="7.245119959115982">
        <ele>1152.1619972540398</ele>
      </trkpt>
      <trkpt lat="43.93166994675994" lon="7.245259936898947">
        <ele>1148.417254254633</ele>
      </trkpt>
      <trkpt lat="43.93153994344175" lon="7.245369991287589">
        <ele>1143.2551117026833</ele>
      </trkpt>
      <trkpt lat="43.93143994733691" lon="7.245399998500943">
        <ele>1138.7701234338024</ele>
      </trkpt>
      <trkpt lat="43.931359983980656" lon="7.245369991287589">
        <ele>1136.3660647866127</ele>
      </trkpt>
      <trkpt lat="43.93115999177098" lon="7.245149966329336">
        <ele>1137.6713829232854</ele>
      </trkpt>
      <trkpt lat="43.93093996681273" lon="7.2452199552208185">
        <ele>1133.8200364798981</ele>
      </trkpt>
      <trkpt lat="43.93081993795931" lon="7.245299918577075">
        <ele>1130.6090442928335</ele>
      </trkpt>
      <trkpt lat="43.930649952962995" lon="7.245289944112301">
        <ele>1123.042840596194</ele>
      </trkpt>
      <trkpt lat="43.93057996407151" lon="7.245119959115982">
        <ele>1123.0815828823875</ele>
      </trkpt>
      <trkpt lat="43.930459935218096" lon="7.245019963011146">
        <ele>1120.73698698916</ele>
      </trkpt>
      <trkpt lat="43.9302699174732" lon="7.244919966906309">
        <ele>1121.3161330530972</ele>
      </trkpt>
      <trkpt lat="43.93014997243881" lon="7.245019963011146">
        <ele>1118.3519884218476</ele>
      </trkpt>
      <trkpt lat="43.93007998354733" lon="7.2450499702245">
        <ele>1117.178465169938</ele>
      </trkpt>
      <trkpt lat="43.930029943585396" lon="7.245119959115982">
        <ele>1113.9407168603386</ele>
      </trkpt>
      <trkpt lat="43.92993992194533" lon="7.245119959115982">
        <ele>1110.462322693409</ele>
      </trkpt>
      <trkpt lat="43.9298499841243" lon="7.245059944689274">
        <ele>1108.2992267909312</ele>
      </trkpt>
      <trkpt lat="43.929709922522306" lon="7.2450099885463715">
        <ele>1105.1082194681103</ele>
      </trkpt>
      <trkpt lat="43.92956994473934" lon="7.2449899557977915">
        <ele>1101.009117150788</ele>
      </trkpt>
      <trkpt lat="43.92947992309928" lon="7.244899934157729">
        <ele>1104.0478910512313</ele>
      </trkpt>
      <trkpt lat="43.92942996695638" lon="7.244899934157729">
        <ele>1103.303753301688</ele>
      </trkpt>
      <trkpt lat="43.92929996363819" lon="7.244949974119663">
        <ele>1103.5849013714208</ele>
      </trkpt>
      <trkpt lat="43.92924992367625" lon="7.2450099885463715">
        <ele>1098.5382067689748</ele>
      </trkpt>
      <trkpt lat="43.9289799425751" lon="7.244979981333017">
        <ele>1101.4169003841355</ele>
      </trkpt>
      <trkpt lat="43.928929986432195" lon="7.244999930262566">
        <ele>1102.574082681517</ele>
      </trkpt>
      <trkpt lat="43.928889920935035" lon="7.245109984651208">
        <ele>1097.8722557644342</ele>
      </trkpt>
      <trkpt lat="43.928799983114004" lon="7.24517997354269">
        <ele>1095.665982284148</ele>
      </trkpt>
      <trkpt lat="43.92868992872536" lon="7.245169999077916">
        <ele>1098.532575325463</ele>
      </trkpt>
      <trkpt lat="43.928499994799495" lon="7.245349958539009">
        <ele>1092.1058127634437</ele>
      </trkpt>
      <trkpt lat="43.92842992208898" lon="7.245319951325655">
        <ele>1089.790621264031</ele>
      </trkpt>
      <trkpt lat="43.92837996594608" lon="7.245189948007464">
        <ele>1088.9087654108503</ele>
      </trkpt>
      <trkpt lat="43.92829991877079" lon="7.245119959115982">
        <ele>1088.6655619245241</ele>
      </trkpt>
      <trkpt lat="43.928065141662955" lon="7.245214926078916">
        <ele>1085.4688437544673</ele>
      </trkpt>
      <trkpt lat="43.92782994545996" lon="7.245309976860881">
        <ele>1081.8344452738731</ele>
      </trkpt>
      <trkpt lat="43.9277399238199" lon="7.245289944112301">
        <ele>1083.4418544427494</ele>
      </trkpt>
      <trkpt lat="43.92754998989403" lon="7.245339984074235">
        <ele>1079.4624092654462</ele>
      </trkpt>
      <trkpt lat="43.92753993161023" lon="7.245389940217137">
        <ele>1077.0954285864266</ele>
      </trkpt>
      <trkpt lat="43.92747991718352" lon="7.245339984074235">
        <ele>1074.7954218040873</ele>
      </trkpt>
      <trkpt lat="43.92745996825397" lon="7.245229929685593">
        <ele>1075.0205181468841</ele>
      </trkpt>
      <trkpt lat="43.92736483365297" lon="7.245049718767405">
        <ele>1070.4054757284175</ele>
      </trkpt>
      <trkpt lat="43.92726995050907" lon="7.244869926944375">
        <ele>1068.5638722715728</ele>
      </trkpt>
      <trkpt lat="43.92723994329572" lon="7.2447899635881186">
        <ele>1069.1267840778871</ele>
      </trkpt>
      <trkpt lat="43.92722996883094" lon="7.244679993018508">
        <ele>1073.129999781756</ele>
      </trkpt>
      <trkpt lat="43.92717992886901" lon="7.244639927521348">
        <ele>1072.9944233400117</ele>
      </trkpt>
      <trkpt lat="43.926999969407916" lon="7.244639927521348">
        <ele>1073.0954635688793</ele>
      </trkpt>
      <trkpt lat="43.92689997330308" lon="7.2446199785918">
        <ele>1074.3546710685418</ele>
      </trkpt>
      <trkpt lat="43.92679997719824" lon="7.2445599641650915">
        <ele>1073.4053600543014</ele>
      </trkpt>
      <trkpt lat="43.92670995555818" lon="7.244439935311675">
        <ele>1074.5453748268428</ele>
      </trkpt>
      <trkpt lat="43.92666997388005" lon="7.244419986382127">
        <ele>1076.1008813016506</ele>
      </trkpt>
      <trkpt lat="43.92640996724367" lon="7.244499949738383">
        <ele>1073.2945963290804</ele>
      </trkpt>
      <trkpt lat="43.92631994560361" lon="7.244549989700317">
        <ele>1071.2347757819211</ele>
      </trkpt>
      <trkpt lat="43.92622992396355" lon="7.2445399314165115">
        <ele>1073.1627370072467</ele>
      </trkpt>
      <trkpt lat="43.92614996060729" lon="7.244569938629866">
        <ele>1071.2088553285282</ele>
      </trkpt>
      <trkpt lat="43.92612992785871" lon="7.244609920307994">
        <ele>1069.3761841271692</ele>
      </trkpt>
      <trkpt lat="43.926049964502454" lon="7.244629953056574">
        <ele>1066.2538413694888</ele>
      </trkpt>
      <trkpt lat="43.925969917327166" lon="7.2445399314165115">
        <ele>1062.92730495857</ele>
      </trkpt>
      <trkpt lat="43.92594996839762" lon="7.244479916989803">
        <ele>1062.743013360262</ele>
      </trkpt>
      <trkpt lat="43.92588995397091" lon="7.244439935311675">
        <ele>1057.6542636888103</ele>
      </trkpt>
      <trkpt lat="43.92584997229278" lon="7.244199961423874">
        <ele>1055.737106509001</ele>
      </trkpt>
      <trkpt lat="43.92575995065272" lon="7.244009943678975">
        <ele>1053.2516354770873</ele>
      </trkpt>
      <trkpt lat="43.92567998729646" lon="7.243999969214201">
        <ele>1050.704501724133</ele>
      </trkpt>
      <trkpt lat="43.925619972869754" lon="7.244059983640909">
        <ele>1046.7009561820269</ele>
      </trkpt>
      <trkpt lat="43.92546012997627" lon="7.244099881500006">
        <ele>1040.700220271414</ele>
      </trkpt>
      <trkpt lat="43.925299951806664" lon="7.244139946997166">
        <ele>1036.6074733295623</ele>
      </trkpt>
      <trkpt lat="43.92530992627144" lon="7.244159979745746">
        <ele>1035.54507900164</ele>
      </trkpt>
      <trkpt lat="43.92541998066008" lon="7.244219994172454">
        <ele>1033.5354985360837</ele>
      </trkpt>
      <trkpt lat="43.92550991848111" lon="7.244339939206839">
        <ele>1028.4047709411038</ele>
      </trkpt>
      <trkpt lat="43.92546993680298" lon="7.244359971955419">
        <ele>1026.2277356111224</ele>
      </trkpt>
      <trkpt lat="43.9253499917686" lon="7.2443299647420645">
        <ele>1026.4910774578434</ele>
      </trkpt>
      <trkpt lat="43.92530992627144" lon="7.244389979168773">
        <ele>1023.0691625575872</ele>
      </trkpt>
      <trkpt lat="43.925189981237054" lon="7.244429960846901">
        <ele>1020.7173358353465</ele>
      </trkpt>
      <trkpt lat="43.92490994185209" lon="7.24459994584322">
        <ele>1014.9871528655922</ele>
      </trkpt>
      <trkpt lat="43.9247799385339" lon="7.2447399236261845">
        <ele>1010.5586113256143</ele>
      </trkpt>
      <trkpt lat="43.92478999681771" lon="7.244779989123344">
        <ele>1008.1525540864691</ele>
      </trkpt>
      <trkpt lat="43.92487993463874" lon="7.244769930839539">
        <ele>1006.7105379712877</ele>
      </trkpt>
      <trkpt lat="43.924869960173965" lon="7.244819970801473">
        <ele>1004.3425528514997</ele>
      </trkpt>
      <trkpt lat="43.924759989604354" lon="7.244929941371083">
        <ele>999.7004872813543</ele>
      </trkpt>
      <trkpt lat="43.92464993521571" lon="7.244979981333017">
        <ele>996.4969920523986</ele>
      </trkpt>
      <trkpt lat="43.924549939110875" lon="7.244979981333017">
        <ele>997.3847472343912</ele>
      </trkpt>
      <trkpt lat="43.92446997575462" lon="7.2450499702245">
        <ele>995.4006850779788</ele>
      </trkpt>
      <trkpt lat="43.92444994300604" lon="7.245109984651208">
        <ele>992.9236168493387</ele>
      </trkpt>
      <trkpt lat="43.92448992468417" lon="7.245099926367402">
        <ele>992.2183725839368</ele>
      </trkpt>
      <trkpt lat="43.924549939110875" lon="7.24515994079411">
        <ele>987.8490627222578</ele>
      </trkpt>
      <trkpt lat="43.924419935792685" lon="7.245299918577075">
        <ele>985.0204131235962</ele>
      </trkpt>
      <trkpt lat="43.924329997971654" lon="7.24545992910862">
        <ele>982.1521357443505</ele>
      </trkpt>
      <trkpt lat="43.924309965223074" lon="7.245579957962036">
        <ele>977.1691685571308</ele>
      </trkpt>
      <trkpt lat="43.9241599291563" lon="7.245789924636483">
        <ele>968.2445214689349</ele>
      </trkpt>
      <trkpt lat="43.92407996580005" lon="7.245799982920289">
        <ele>966.9032360653706</ele>
      </trkpt>
      <trkpt lat="43.92395993694663" lon="7.2456499468535185">
        <ele>971.9009558368055</ele>
      </trkpt>
      <trkpt lat="43.92376991920173" lon="7.245639972388744">
        <ele>975.5171310474536</ele>
      </trkpt>
      <trkpt lat="43.9237299375236" lon="7.245599990710616">
        <ele>975.5020680461954</ele>
      </trkpt>
      <trkpt lat="43.92359993420541" lon="7.245329925790429">
        <ele>968.5746500347278</ele>
      </trkpt>
      <trkpt lat="43.923559952527285" lon="7.245299918577075">
        <ele>966.1605029058119</ele>
      </trkpt>
      <trkpt lat="43.923499938100576" lon="7.245149966329336">
        <ele>963.6319974284187</ele>
      </trkpt>
      <trkpt lat="43.9234899636358" lon="7.24502993747592">
        <ele>963.5524169235229</ele>
      </trkpt>
      <trkpt lat="43.92345995642245" lon="7.245089951902628">
        <ele>960.0603827760647</ele>
      </trkpt>
      <trkpt lat="43.923389967530966" lon="7.244879985228181">
        <ele>956.6091028951902</ele>
      </trkpt>
      <trkpt lat="43.92333992756903" lon="7.2448099963366985">
        <ele>954.4874616125585</ele>
      </trkpt>
      <trkpt lat="43.92334998585284" lon="7.244939999654889">
        <ele>951.8445468609882</ele>
      </trkpt>
      <trkpt lat="43.92330992035568" lon="7.244909992441535">
        <ele>949.7206723825001</ele>
      </trkpt>
      <trkpt lat="43.92320992425084" lon="7.24470991641283">
        <ele>946.8771944213869</ele>
      </trkpt>
      <trkpt lat="43.923149993643165" lon="7.244669934734702">
        <ele>942.9148776301131</ele>
      </trkpt>
      <trkpt lat="43.923149993643165" lon="7.244569938629866">
        <ele>943.2292691199625</ele>
      </trkpt>
      <trkpt lat="43.92311998642981" lon="7.244489975273609">
        <ele>940.6014877618061</ele>
      </trkpt>
      <trkpt lat="43.923069946467876" lon="7.244449993595481">
        <ele>935.7929850485968</ele>
      </trkpt>
      <trkpt lat="43.923069946467876" lon="7.244379920884967">
        <ele>935.0233737140511</ele>
      </trkpt>
      <trkpt lat="43.923149993643165" lon="7.244119998067617">
        <ele>937.8532512743161</ele>
      </trkpt>
      <trkpt lat="43.92313993535936" lon="7.243959987536073">
        <ele>932.6357628218221</ele>
      </trkpt>
      <trkpt lat="43.92303993925452" lon="7.24386996589601">
        <ele>928.646640480513</ele>
      </trkpt>
      <trkpt lat="43.92284992150962" lon="7.2438999731093645">
        <ele>919.7935615157967</ele>
      </trkpt>
      <trkpt lat="43.922679936513305" lon="7.243809951469302">
        <ele>917.9949058043187</ele>
      </trkpt>
      <trkpt lat="43.92270994372666" lon="7.24386996589601">
        <ele>915.495471990935</ele>
      </trkpt>
      <trkpt lat="43.922529984265566" lon="7.24384993314743">
        <ele>905.1351345934784</ele>
      </trkpt>
      <trkpt lat="43.922489918768406" lon="7.243659999221563">
        <ele>909.8844308085891</ele>
      </trkpt>
      <trkpt lat="43.92242998816073" lon="7.243639966472983">
        <ele>909.2845178896434</ele>
      </trkpt>
      <trkpt lat="43.92229998484254" lon="7.243659999221563">
        <ele>907.3166080089153</ele>
      </trkpt>
      <trkpt lat="43.92223997041583" lon="7.243709955364466">
        <ele>904.4599767042952</ele>
      </trkpt>
      <trkpt lat="43.92215992324054" lon="7.243699980899692">
        <ele>902.3046378357983</ele>
      </trkpt>
      <trkpt lat="43.921989938244224" lon="7.243339978158474">
        <ele>898.3274808484084</ele>
      </trkpt>
      <trkpt lat="43.92182992771268" lon="7.2432199493050575">
        <ele>897.62348378466</ele>
      </trkpt>
      <trkpt lat="43.92169992439449" lon="7.2431999165564775">
        <ele>898.6078451482748</ele>
      </trkpt>
      <trkpt lat="43.92154997214675" lon="7.243369985371828">
        <ele>892.6082122374332</ele>
      </trkpt>
      <trkpt lat="43.92142994329333" lon="7.2434699814766645">
        <ele>890.5058995245987</ele>
      </trkpt>
      <trkpt lat="43.9213299471885" lon="7.243709955364466">
        <ele>876.2982576138465</ele>
      </trkpt>
      <trkpt lat="43.921259958297014" lon="7.243729988113046">
        <ele>875.8671836654376</ele>
      </trkpt>
      <trkpt lat="43.92101998440921" lon="7.2436699736863375">
        <ele>873.705620074908</ele>
      </trkpt>
      <trkpt lat="43.92099995166063" lon="7.243779944255948">
        <ele>868.2436037736544</ele>
      </trkpt>
      <trkpt lat="43.920959969982505" lon="7.243749937042594">
        <ele>867.856140088163</ele>
      </trkpt>
      <trkpt lat="43.92088998109102" lon="7.243769969791174">
        <ele>863.633128422979</ele>
      </trkpt>
      <trkpt lat="43.920719996094704" lon="7.243639966472983">
        <ele>858.9743023892228</ele>
      </trkpt>
      <trkpt lat="43.92061999998987" lon="7.243659999221563">
        <ele>855.4077942672903</ele>
      </trkpt>
      <trkpt lat="43.92056996002793" lon="7.243539970368147">
        <ele>855.136409315118</ele>
      </trkpt>
      <trkpt lat="43.92053995281458" lon="7.243519937619567">
        <ele>854.3001341906175</ele>
      </trkpt>
      <trkpt lat="43.920529978349805" lon="7.243569977581501">
        <ele>853.5321198923898</ele>
      </trkpt>
      <trkpt lat="43.92053995281458" lon="7.243659999221563">
        <ele>853.2182316082026</ele>
      </trkpt>
      <trkpt lat="43.92043995670974" lon="7.24386996589601">
        <ele>847.9191319429409</ele>
      </trkpt>
      <trkpt lat="43.9202799461782" lon="7.244139946997166">
        <ele>843.2887184962523</ele>
      </trkpt>
      <trkpt lat="43.920189924538136" lon="7.244249917566776">
        <ele>843.3398447732852</ele>
      </trkpt>
      <trkpt lat="43.92015991732478" lon="7.244399953633547">
        <ele>840.2416836764716</ele>
      </trkpt>
      <trkpt lat="43.92001993954182" lon="7.244589971378446">
        <ele>836.7394962748184</ele>
      </trkpt>
      <trkpt lat="43.91987996175885" lon="7.24470991641283">
        <ele>833.5846662135461</ele>
      </trkpt>
      <trkpt lat="43.919649962335825" lon="7.244799938052893">
        <ele>829.8723797675503</ele>
      </trkpt>
      <trkpt lat="43.91950998455286" lon="7.244819970801473">
        <ele>828.9429674179786</ele>
      </trkpt>
      <trkpt lat="43.9194199629128" lon="7.244899934157729">
        <ele>827.6795709835749</ele>
      </trkpt>
      <trkpt lat="43.919369922950864" lon="7.24502993747592">
        <ele>823.8064073775992</ele>
      </trkpt>
      <trkpt lat="43.91930999234319" lon="7.245109984651208">
        <ele>821.9338045528792</ele>
      </trkpt>
      <trkpt lat="43.919219970703125" lon="7.24517997354269">
        <ele>818.7096778299455</ele>
      </trkpt>
      <trkpt lat="43.91902509145439" lon="7.245249878615141">
        <ele>814.8933564682111</ele>
      </trkpt>
      <trkpt lat="43.91882996074855" lon="7.245319951325655">
        <ele>813.1567872285954</ele>
      </trkpt>
      <trkpt lat="43.91873993910849" lon="7.245299918577075">
        <ele>813.5662035029807</ele>
      </trkpt>
      <trkpt lat="43.91854992136359" lon="7.245429921895266">
        <ele>812.7813292445281</ele>
      </trkpt>
      <trkpt lat="43.91843995079398" lon="7.245569983497262">
        <ele>810.55980686209</ele>
      </trkpt>
      <trkpt lat="43.918339954689145" lon="7.2458799462765455">
        <ele>810.1255066623286</ele>
      </trkpt>
      <trkpt lat="43.918214896693826" lon="7.246050098910928">
        <ele>810.5236507158911</ele>
      </trkpt>
      <trkpt lat="43.91808992251754" lon="7.246219916269183">
        <ele>811.6267857383241</ele>
      </trkpt>
      <trkpt lat="43.917909963056445" lon="7.246519988402724">
        <ele>812.4492192790468</ele>
      </trkpt>
      <trkpt lat="43.917759926989675" lon="7.246829951182008">
        <ele>810.3665303967049</ele>
      </trkpt>
      <trkpt lat="43.9177499525249" lon="7.24689994007349">
        <ele>809.1674245268085</ele>
      </trkpt>
      <trkpt lat="43.917629923671484" lon="7.247059950605035">
        <ele>807.690758420385</ele>
      </trkpt>
      <trkpt lat="43.91744493506849" lon="7.2472549974918365">
        <ele>805.6668651281153</ele>
      </trkpt>
      <trkpt lat="43.91725994646549" lon="7.2474499605596066">
        <ele>802.0307862396559</ele>
      </trkpt>
      <trkpt lat="43.91718995757401" lon="7.247489942237735">
        <ele>801.0021390577708</ele>
      </trkpt>
      <trkpt lat="43.917159950360656" lon="7.2474699933081865">
        <ele>800.9309825230696</ele>
      </trkpt>
      <trkpt lat="43.91700999811292" lon="7.247499916702509">
        <ele>800.3273905776789</ele>
      </trkpt>
      <trkpt lat="43.91705509275198" lon="7.247119043022394">
        <ele>799.6813057740196</ele>
      </trkpt>
      <trkpt lat="43.91709993593395" lon="7.2467399295419455">
        <ele>799.5581693849936</ele>
      </trkpt>
      <trkpt lat="43.91705995425582" lon="7.246379926800728">
        <ele>797.8659033982345</ele>
      </trkpt>
      <trkpt lat="43.91701997257769" lon="7.246299963444471">
        <ele>796.077999159138</ele>
      </trkpt>
      <trkpt lat="43.91701997257769" lon="7.246229974552989">
        <ele>795.4878039980368</ele>
      </trkpt>
      <trkpt lat="43.91711996868253" lon="7.245999975129962">
        <ele>794.2501488232214</ele>
      </trkpt>
      <trkpt lat="43.917179983109236" lon="7.245699986815453">
        <ele>789.6436857034819</ele>
      </trkpt>
      <trkpt lat="43.917159950360656" lon="7.245409218594432">
        <ele>787.7861488596175</ele>
      </trkpt>
      <trkpt lat="43.917139917612076" lon="7.245119959115982">
        <ele>786.6626139961887</ele>
      </trkpt>
      <trkpt lat="43.91708987765014" lon="7.244879398494959">
        <ele>785.4853741183854</ele>
      </trkpt>
      <trkpt lat="43.91703992150724" lon="7.244639927521348">
        <ele>781.5724396846626</ele>
      </trkpt>
      <trkpt lat="43.9171299431473" lon="7.2443499974906445">
        <ele>775.800981173337</ele>
      </trkpt>
      <trkpt lat="43.917159950360656" lon="7.2441899869591">
        <ele>773.0343917289877</ele>
      </trkpt>
      <trkpt lat="43.91711996868253" lon="7.243779944255948">
        <ele>767.9290576913374</ele>
      </trkpt>
      <trkpt lat="43.91695995815098" lon="7.243549944832921">
        <ele>760.4738062698098</ele>
      </trkpt>
      <trkpt lat="43.916879994794726" lon="7.243499988690019">
        <ele>757.3584630780226</ele>
      </trkpt>
      <trkpt lat="43.91686993651092" lon="7.243359927088022">
        <ele>755.293249310458</ele>
      </trkpt>
      <trkpt lat="43.91682995483279" lon="7.243229923769832">
        <ele>753.8780417293042</ele>
      </trkpt>
      <trkpt lat="43.91671998426318" lon="7.2432199493050575">
        <ele>756.1226255749738</ele>
      </trkpt>
      <trkpt lat="43.916619988158345" lon="7.24330997094512">
        <ele>752.7102564911356</ele>
      </trkpt>
      <trkpt lat="43.91638998873532" lon="7.243209974840283">
        <ele>755.9160232047735</ele>
      </trkpt>
      <trkpt lat="43.91613995656371" lon="7.243259930983186">
        <ele>757.6828701252754</ele>
      </trkpt>
      <trkpt lat="43.915995033457875" lon="7.243354897946119">
        <ele>757.7698474813159</ele>
      </trkpt>
      <trkpt lat="43.915849942713976" lon="7.243449948728085">
        <ele>755.3712068348001</ele>
      </trkpt>
      <trkpt lat="43.915609968826175" lon="7.243369985371828">
        <ele>754.3660914186403</ele>
      </trkpt>
      <trkpt lat="43.915460016578436" lon="7.243264960125089">
        <ele>756.8886354422131</ele>
      </trkpt>
      <trkpt lat="43.915309980511665" lon="7.243159934878349">
        <ele>757.5662605396426</ele>
      </trkpt>
      <trkpt lat="43.91519992612302" lon="7.243049964308739">
        <ele>758.2917655053592</ele>
      </trkpt>
      <trkpt lat="43.91516991890967" lon="7.242899928241968">
        <ele>764.4198816346106</ele>
      </trkpt>
      <trkpt lat="43.91510998830199" lon="7.242899928241968">
        <ele>766.5944939573652</ele>
      </trkpt>
      <trkpt lat="43.91495995223522" lon="7.243079971522093">
        <ele>767.4025687063668</ele>
      </trkpt>
      <trkpt lat="43.91481997445226" lon="7.243089945986867">
        <ele>774.693806635378</ele>
      </trkpt>
      <trkpt lat="43.914739759638906" lon="7.243445757776499">
        <ele>780.6035881365685</ele>
      </trkpt>
      <trkpt lat="43.91465996392071" lon="7.243799977004528">
        <ele>784.7878968885313</ele>
      </trkpt>
      <trkpt lat="43.91457480378449" lon="7.244015308097005">
        <ele>787.5561178685743</ele>
      </trkpt>
      <trkpt lat="43.914489978924394" lon="7.244229968637228">
        <ele>793.2466541358611</ele>
      </trkpt>
      <trkpt lat="43.914489978924394" lon="7.244459968060255">
        <ele>793.1975749373722</ele>
      </trkpt>
      <trkpt lat="43.91439995728433" lon="7.244859952479601">
        <ele>797.8868461976207</ele>
      </trkpt>
      <trkpt lat="43.91433994285762" lon="7.245019963011146">
        <ele>796.2790489132946</ele>
      </trkpt>
      <trkpt lat="43.91415998339653" lon="7.245089951902628">
        <ele>795.4746280540962</ele>
      </trkpt>
      <trkpt lat="43.91385999508202" lon="7.245079977437854">
        <ele>805.4324411733382</ele>
      </trkpt>
      <trkpt lat="43.913609962910414" lon="7.245169999077916">
        <ele>804.3998728102259</ele>
      </trkpt>
      <trkpt lat="43.91352999955416" lon="7.245129933580756">
        <ele>809.5552422037906</ele>
      </trkpt>
      <trkpt lat="43.91332992352545" lon="7.245189948007464">
        <ele>805.7015465188703</ele>
      </trkpt>
      <trkpt lat="43.91318994574249" lon="7.245149966329336">
        <ele>811.2670909444802</ele>
      </trkpt>
      <trkpt lat="43.91306991688907" lon="7.245259936898947">
        <ele>807.8231434331504</ele>
      </trkpt>
      <trkpt lat="43.91284687444568" lon="7.2452732641249895">
        <ele>807.5342757931452</ele>
      </trkpt>
      <trkpt lat="43.91262374818325" lon="7.245286591351032">
        <ele>804.3252331710339</ele>
      </trkpt>
      <trkpt lat="43.91239995136857" lon="7.245299918577075">
        <ele>799.3049125838852</ele>
      </trkpt>
      <trkpt lat="43.91233993694186" lon="7.245249962434173">
        <ele>800.6406109558961</ele>
      </trkpt>
      <trkpt lat="43.91208688728511" lon="7.245206627994776">
        <ele>797.7857311183504</ele>
      </trkpt>
      <trkpt lat="43.91183375380933" lon="7.245163377374411">
        <ele>795.4166236592215</ele>
      </trkpt>
      <trkpt lat="43.9115799497813" lon="7.245119959115982">
        <ele>792.2740937297929</ele>
      </trkpt>
      <trkpt lat="43.911383394151926" lon="7.245000014081597">
        <ele>791.4220413639674</ele>
      </trkpt>
      <trkpt lat="43.91118683852255" lon="7.244880069047213">
        <ele>789.2017530314581</ele>
      </trkpt>
      <trkpt lat="43.910989947617054" lon="7.244759956374764">
        <ele>785.4228143235143</ele>
      </trkpt>
      <trkpt lat="43.91087997704744" lon="7.244649985805154">
        <ele>783.9350432728263</ele>
      </trkpt>
      <trkpt lat="43.91067998483777" lon="7.244379920884967">
        <ele>780.5330482362824</ele>
      </trkpt>
      <trkpt lat="43.910669926553965" lon="7.24431999027729">
        <ele>780.4385004498938</ele>
      </trkpt>
      <trkpt lat="43.91069993376732" lon="7.244249917566776">
        <ele>781.8969377466381</ele>
      </trkpt>
      <trkpt lat="43.91072994098067" lon="7.243949929252267">
        <ele>777.1812362567526</ele>
      </trkpt>
      <trkpt lat="43.910709992051125" lon="7.243819925934076">
        <ele>774.1253970539267</ele>
      </trkpt>
      <trkpt lat="43.91067998483777" lon="7.24373996257782">
        <ele>771.4236695805968</ele>
      </trkpt>
      <trkpt lat="43.910669926553965" lon="7.243504347279668">
        <ele>770.3971135079182</ele>
      </trkpt>
      <trkpt lat="43.91065995208919" lon="7.243269989266992">
        <ele>767.2739597946234</ele>
      </trkpt>
      <trkpt lat="43.91058996319771" lon="7.242999924346805">
        <ele>765.2216073140512</ele>
      </trkpt>
      <trkpt lat="43.910499941557646" lon="7.2428099904209375">
        <ele>765.2967084928861</ele>
      </trkpt>
      <trkpt lat="43.91024999320507" lon="7.242599939927459">
        <ele>762.5413387142671</ele>
      </trkpt>
      <trkpt lat="43.910000044852495" lon="7.242389973253012">
        <ele>762.3225498139088</ele>
      </trkpt>
      <trkpt lat="43.90974992886186" lon="7.242179922759533">
        <ele>763.2004667199798</ele>
      </trkpt>
      <trkpt lat="43.90951506793499" lon="7.242034999653697">
        <ele>763.9585828958744</ele>
      </trkpt>
      <trkpt lat="43.90927995555103" lon="7.241889992728829">
        <ele>766.8066833085421</ele>
      </trkpt>
      <trkpt lat="43.90913997776806" lon="7.241499982774258">
        <ele>770.2428860580183</ele>
      </trkpt>
      <trkpt lat="43.90913494862616" lon="7.2412744257599115">
        <ele>769.276040732528</ele>
      </trkpt>
      <trkpt lat="43.90912991948426" lon="7.241049958392978">
        <ele>768.128932099001</ele>
      </trkpt>
      <trkpt lat="43.909049956128" lon="7.240789951756597">
        <ele>767.887940026478</ele>
      </trkpt>
      <trkpt lat="43.908969992771745" lon="7.240659948438406">
        <ele>768.7362622474175</ele>
      </trkpt>
      <trkpt lat="43.90878994949162" lon="7.2405599523335695">
        <ele>766.1158295810138</ele>
      </trkpt>
      <trkpt lat="43.908669920638204" lon="7.240369934588671">
        <ele>771.1947342137963</ele>
      </trkpt>
      <trkpt lat="43.9086199644953" lon="7.239979924634099">
        <ele>768.1636268503594</ele>
      </trkpt>
      <trkpt lat="43.90853991732001" lon="7.239579940214753">
        <ele>767.2218602207315</ele>
      </trkpt>
      <trkpt lat="43.908329950645566" lon="7.239349940791726">
        <ele>763.7568281735088</ele>
      </trkpt>
      <trkpt lat="43.90816994011402" lon="7.23926997743547">
        <ele>761.4827982307927</ele>
      </trkpt>
      <trkpt lat="43.9079999551177" lon="7.239069985225797">
        <ele>761.229205205652</ele>
      </trkpt>
      <trkpt lat="43.907789988443255" lon="7.2387599386274815">
        <ele>762.5715460544354</ele>
      </trkpt>
      <trkpt lat="43.90766995958984" lon="7.238439917564392">
        <ele>760.9848002837226</ele>
      </trkpt>
      <trkpt lat="43.90764992684126" lon="7.238279990851879">
        <ele>757.6765697283737</ele>
      </trkpt>
      <trkpt lat="43.90772997401655" lon="7.2381499875336885">
        <ele>760.8625282005239</ele>
      </trkpt>
      <trkpt lat="43.907769955694675" lon="7.237909929826856">
        <ele>757.8493321109604</ele>
      </trkpt>
      <trkpt lat="43.9077599812299" lon="7.237749919295311">
        <ele>756.3208794300442</ele>
      </trkpt>
      <trkpt lat="43.9078601449728" lon="7.237464431673288">
        <ele>755.1972441427947</ele>
      </trkpt>
      <trkpt lat="43.907959973439574" lon="7.237179949879646">
        <ele>754.5907018967071</ele>
      </trkpt>
      <trkpt lat="43.90796994790435" lon="7.236899994313717">
        <ele>751.008720538897</ele>
      </trkpt>
      <trkpt lat="43.907959973439574" lon="7.236809972673655">
        <ele>753.202395377465</ele>
      </trkpt>
      <trkpt lat="43.90772997401655" lon="7.236769990995526">
        <ele>750.7682939915235</ele>
      </trkpt>
      <trkpt lat="43.907569963485" lon="7.236819947138429">
        <ele>743.2095874615322</ele>
      </trkpt>
      <trkpt lat="43.90743996016681" lon="7.2367599327117205">
        <ele>745.4535571658352</ele>
      </trkpt>
      <trkpt lat="43.90717995353043" lon="7.2367799654603004">
        <ele>740.9788164099078</ele>
      </trkpt>
      <trkpt lat="43.90708993189037" lon="7.236729925498366">
        <ele>744.4595258799517</ele>
      </trkpt>
      <trkpt lat="43.90700996853411" lon="7.236719951033592">
        <ele>742.6626445656462</ele>
      </trkpt>
      <trkpt lat="43.90683998353779" lon="7.2365799732506275">
        <ele>736.4037675198726</ele>
      </trkpt>
      <trkpt lat="43.906724816188216" lon="7.236344609409571">
        <ele>740.2804192041506</ele>
      </trkpt>
      <trkpt lat="43.906609984114766" lon="7.236109999939799">
        <ele>735.3317678297028</ele>
      </trkpt>
      <trkpt lat="43.906539995223284" lon="7.235719989985228">
        <ele>735.9216153719698</ele>
      </trkpt>
      <trkpt lat="43.906519962474704" lon="7.23531992174685">
        <ele>737.415512850793</ele>
      </trkpt>
      <trkpt lat="43.906459948047996" lon="7.235159995034337">
        <ele>733.9320531569826</ele>
      </trkpt>
      <trkpt lat="43.90637998469174" lon="7.2347799595445395">
        <ele>733.0031191315226</ele>
      </trkpt>
      <trkpt lat="43.90626473352313" lon="7.23445943556726">
        <ele>731.3663053418087</ele>
      </trkpt>
      <trkpt lat="43.90614998526871" lon="7.234139917418361">
        <ele>736.1221980491223</ele>
      </trkpt>
      <trkpt lat="43.90611997805536" lon="7.2340999357402325">
        <ele>740.3951242109158</ele>
      </trkpt>
      <trkpt lat="43.90607999637723" lon="7.234089961275458">
        <ele>744.6292046300617</ele>
      </trkpt>
      <trkpt lat="43.90600481070578" lon="7.234430685639381">
        <ele>744.5510056221459</ele>
      </trkpt>
      <trkpt lat="43.90592996031046" lon="7.234769985079765">
        <ele>740.8332144880769</ele>
      </trkpt>
      <trkpt lat="43.905844800174236" lon="7.235010378062725">
        <ele>740.8277440888437</ele>
      </trkpt>
      <trkpt lat="43.90575997531414" lon="7.235249932855368">
        <ele>740.37536969133</ele>
      </trkpt>
      <trkpt lat="43.90571999363601" lon="7.235579928383231">
        <ele>737.211163752057</ele>
      </trkpt>
      <trkpt lat="43.90560993924737" lon="7.235929956659675">
        <ele>725.8914563528516</ele>
      </trkpt>
      <trkpt lat="43.905469961464405" lon="7.235969938337803">
        <ele>728.8279896550937</ele>
      </trkpt>
      <trkpt lat="43.90532989986241" lon="7.236135061830282">
        <ele>730.8754172925017</ele>
      </trkpt>
      <trkpt lat="43.905189922079444" lon="7.236299933865666">
        <ele>738.4711191407821</ele>
      </trkpt>
      <trkpt lat="43.905169973149896" lon="7.236409988254309">
        <ele>740.6657464459965</ele>
      </trkpt>
      <trkpt lat="43.9052199292928" lon="7.23664996214211">
        <ele>736.7315715678728</ele>
      </trkpt>
      <trkpt lat="43.90517994761467" lon="7.236739983782172">
        <ele>738.8321568251271</ele>
      </trkpt>
      <trkpt lat="43.90521506778896" lon="7.23716595210135">
        <ele>734.6041456257569</ele>
      </trkpt>
      <trkpt lat="43.90524993650615" lon="7.237589992582798">
        <ele>729.3770301803075</ele>
      </trkpt>
      <trkpt lat="43.905194867402315" lon="7.237795349210501">
        <ele>727.8764098119192</ele>
      </trkpt>
      <trkpt lat="43.90513996593654" lon="7.237999951466918">
        <ele>724.87963788455</ele>
      </trkpt>
      <trkpt lat="43.90493997372687" lon="7.2383299469947815">
        <ele>721.3224182110051</ele>
      </trkpt>
      <trkpt lat="43.90485992655158" lon="7.23840999417007">
        <ele>718.2402395944503</ele>
      </trkpt>
      <trkpt lat="43.90476998873055" lon="7.238459950312972">
        <ele>713.8973700213998</ele>
      </trkpt>
      <trkpt lat="43.90462992712855" lon="7.238269932568073">
        <ele>718.4258390391083</ele>
      </trkpt>
      <trkpt lat="43.9045499637723" lon="7.238239925354719">
        <ele>722.2343338683713</ele>
      </trkpt>
      <trkpt lat="43.90449992381036" lon="7.2384999319911">
        <ele>718.7553201019679</ele>
      </trkpt>
      <trkpt lat="43.90437997877598" lon="7.238849960267544">
        <ele>721.5357257258748</ele>
      </trkpt>
      <trkpt lat="43.90421996824443" lon="7.239089934155345">
        <ele>719.9624396735013</ele>
      </trkpt>
      <trkpt lat="43.90405995771289" lon="7.239129999652505">
        <ele>722.3201819382427</ele>
      </trkpt>
      <trkpt lat="43.90397999435663" lon="7.2392199374735355">
        <ele>728.1679383399246</ele>
      </trkpt>
      <trkpt lat="43.904009917750955" lon="7.239579940214753">
        <ele>728.1987346426653</ele>
      </trkpt>
      <trkpt lat="43.90397999435663" lon="7.239769957959652">
        <ele>726.0543916999031</ele>
      </trkpt>
      <trkpt lat="43.90395996160805" lon="7.239789990708232">
        <ele>725.2947586571106</ele>
      </trkpt>
      <trkpt lat="43.903709929436445" lon="7.2396899946033955">
        <ele>725.1621802522288</ele>
      </trkpt>
      <trkpt lat="43.90342025086284" lon="7.23969996906817">
        <ele>725.1480469496163</ele>
      </trkpt>
      <trkpt lat="43.903129985556006" lon="7.239709943532944">
        <ele>724.2943296096901</ele>
      </trkpt>
      <trkpt lat="43.90287014655769" lon="7.239595027640462">
        <ele>721.7383699208738</ele>
      </trkpt>
      <trkpt lat="43.902609972283244" lon="7.239479944109917">
        <ele>725.3992419674512</ele>
      </trkpt>
      <trkpt lat="43.90251995064318" lon="7.239709943532944">
        <ele>727.7573845776135</ele>
      </trkpt>
      <trkpt lat="43.90262992121279" lon="7.240089979022741">
        <ele>727.0079382582787</ele>
      </trkpt>
      <trkpt lat="43.902670070528984" lon="7.240425758063793">
        <ele>726.0131733212087</ele>
      </trkpt>
      <trkpt lat="43.90270996838808" lon="7.2407599445432425">
        <ele>722.4118978854699</ele>
      </trkpt>
      <trkpt lat="43.90259312465787" lon="7.241006959229708">
        <ele>721.623998780199</ele>
      </trkpt>
      <trkpt lat="43.90247628092766" lon="7.241253973916173">
        <ele>719.0402762339465</ele>
      </trkpt>
      <trkpt lat="43.90235994011164" lon="7.241499982774258">
        <ele>718.383340115982</ele>
      </trkpt>
      <trkpt lat="43.90230981633067" lon="7.241785638034344">
        <ele>717.7138216093433</ele>
      </trkpt>
      <trkpt lat="43.9022599440068" lon="7.242069952189922">
        <ele>717.9371477270575</ele>
      </trkpt>
      <trkpt lat="43.90222658403218" lon="7.24246758967638">
        <ele>719.6429604246981</ele>
      </trkpt>
      <trkpt lat="43.90219314023852" lon="7.242865227162838">
        <ele>720.9354376203107</ele>
      </trkpt>
      <trkpt lat="43.902159947901964" lon="7.243259930983186">
        <ele>719.9384436472833</ele>
      </trkpt>
      <trkpt lat="43.902099849656224" lon="7.243547262623906">
        <ele>718.509560446365</ele>
      </trkpt>
      <trkpt lat="43.90203966759145" lon="7.243834510445595">
        <ele>716.3009399841832</ele>
      </trkpt>
      <trkpt lat="43.90197998844087" lon="7.244119998067617">
        <ele>711.9729016723875</ele>
      </trkpt>
      <trkpt lat="43.90185979194939" lon="7.244400372728705">
        <ele>709.768766207307</ele>
      </trkpt>
      <trkpt lat="43.90173993073404" lon="7.244679993018508">
        <ele>707.4020250947142</ele>
      </trkpt>
      <trkpt lat="43.90165996737778" lon="7.2447399236261845">
        <ele>709.2848546882625</ele>
      </trkpt>
      <trkpt lat="43.901669941842556" lon="7.2448099963366985">
        <ele>707.5227497443136</ele>
      </trkpt>
      <trkpt lat="43.90154982917011" lon="7.245035218074918">
        <ele>705.3688516095749</ele>
      </trkpt>
      <trkpt lat="43.901429967954755" lon="7.245259936898947">
        <ele>699.6036563625156</ele>
      </trkpt>
      <trkpt lat="43.9012551214546" lon="7.2453348711133">
        <ele>698.8033169485284</ele>
      </trkpt>
      <trkpt lat="43.90107993967831" lon="7.245409972965717">
        <ele>700.6307155569896</ele>
      </trkpt>
      <trkpt lat="43.900869973003864" lon="7.245679954066873">
        <ele>694.4742716588923</ele>
      </trkpt>
      <trkpt lat="43.90068992972374" lon="7.245699986815453">
        <ele>690.5250503550099</ele>
      </trkpt>
      <trkpt lat="43.900379966944456" lon="7.2456499468535185">
        <ele>681.5271766358792</ele>
      </trkpt>
      <trkpt lat="43.90021501109004" lon="7.245560009032488">
        <ele>680.9320832203241</ele>
      </trkpt>
      <trkpt lat="43.90004997141659" lon="7.2454699873924255">
        <ele>681.032725689171</ele>
      </trkpt>
      <trkpt lat="43.89988996088505" lon="7.245619939640164">
        <ele>683.6314380555168</ele>
      </trkpt>
      <trkpt lat="43.89988996088505" lon="7.245739968493581">
        <ele>684.3664538649654</ele>
      </trkpt>
      <trkpt lat="43.899989956989884" lon="7.245999975129962">
        <ele>677.122798303163</ele>
      </trkpt>
      <trkpt lat="43.90003999695182" lon="7.246249923482537">
        <ele>672.2892577509832</ele>
      </trkpt>
      <trkpt lat="43.89999993145466" lon="7.246479922905564">
        <ele>669.2006583242484</ele>
      </trkpt>
      <trkpt lat="43.899829778820276" lon="7.246740180999041">
        <ele>667.8219403662644</ele>
      </trkpt>
      <trkpt lat="43.89965996146202" lon="7.246999936178327">
        <ele>665.4725326281888</ele>
      </trkpt>
      <trkpt lat="43.89954999089241" lon="7.247059950605035">
        <ele>664.1848236668409</ele>
      </trkpt>
      <trkpt lat="43.89939995482564" lon="7.247099932283163">
        <ele>662.2827242146066</ele>
      </trkpt>
      <trkpt lat="43.899259977042675" lon="7.247089957818389">
        <ele>661.4298647149549</ele>
      </trkpt>
      <trkpt lat="43.89914992265403" lon="7.2470099944621325">
        <ele>664.2327741612828</ele>
      </trkpt>
      <trkpt lat="43.89885999262333" lon="7.247059950605035">
        <ele>662.3408637177333</ele>
      </trkpt>
      <trkpt lat="43.89864994212985" lon="7.247069925069809">
        <ele>663.4870704255457</ele>
      </trkpt>
      <trkpt lat="43.89845011755824" lon="7.247154917567968">
        <ele>663.9010938779447</ele>
      </trkpt>
      <trkpt lat="43.898249957710505" lon="7.2472399938851595">
        <ele>663.5893242408291</ele>
      </trkpt>
      <trkpt lat="43.898013504222035" lon="7.247269917279482">
        <ele>663.5886726379395</ele>
      </trkpt>
      <trkpt lat="43.8977771345526" lon="7.247299924492836">
        <ele>661.8050420614005</ele>
      </trkpt>
      <trkpt lat="43.89753992669284" lon="7.24732993170619">
        <ele>659.8659539146364</ele>
      </trkpt>
      <trkpt lat="43.897389974445105" lon="7.247269917279482">
        <ele>660.934555982572</ele>
      </trkpt>
      <trkpt lat="43.89722996391356" lon="7.247269917279482">
        <ele>659.7353498753924</ele>
      </trkpt>
      <trkpt lat="43.897179923951626" lon="7.247249968349934">
        <ele>659.6895996781923</ele>
      </trkpt>
      <trkpt lat="43.89702997170389" lon="7.247259942814708">
        <ele>658.1343570138527</ele>
      </trkpt>
      <trkpt lat="43.89684992842376" lon="7.247319957241416">
        <ele>655.6977046107528</ele>
      </trkpt>
      <trkpt lat="43.89681992121041" lon="7.2473999205976725">
        <ele>654.8338811089276</ele>
      </trkpt>
      <trkpt lat="43.89673995785415" lon="7.247419953346252">
        <ele>653.5359247260608</ele>
      </trkpt>
      <trkpt lat="43.89669997617602" lon="7.247409978881478">
        <ele>652.5751019088074</ele>
      </trkpt>
      <trkpt lat="43.896659994497895" lon="7.24736999720335">
        <ele>651.2600278833039</ele>
      </trkpt>
      <trkpt lat="43.89660995453596" lon="7.247429927811027">
        <ele>649.7670986124615</ele>
      </trkpt>
      <trkpt lat="43.89655999839306" lon="7.247589938342571">
        <ele>649.4382043120405</ele>
      </trkpt>
      <trkpt lat="43.896529991179705" lon="7.247579963877797">
        <ele>648.3972844301558</ele>
      </trkpt>
      <trkpt lat="43.89654499478638" lon="7.247344348579645">
        <ele>645.9569088496781</ele>
      </trkpt>
      <trkpt lat="43.89655999839306" lon="7.247109990566969">
        <ele>642.9869154055403</ele>
      </trkpt>
      <trkpt lat="43.89661003835499" lon="7.246769182384014">
        <ele>638.5275858798943</ele>
      </trkpt>
      <trkpt lat="43.896659994497895" lon="7.246429966762662">
        <ele>633.7933099909376</ele>
      </trkpt>
      <trkpt lat="43.89671992510557" lon="7.246239949017763">
        <ele>632.3742161574008</ele>
      </trkpt>
      <trkpt lat="43.8967099506408" lon="7.246099971234798">
        <ele>628.6456971443473</ele>
      </trkpt>
      <trkpt lat="43.89673995785415" lon="7.2458999790251255">
        <ele>626.151049371825</ele>
      </trkpt>
      <trkpt lat="43.89679997228086" lon="7.245679954066873">
        <ele>624.7154925457121</ele>
      </trkpt>
      <trkpt lat="43.89678488485515" lon="7.245424306020141">
        <ele>621.0046550797299</ele>
      </trkpt>
      <trkpt lat="43.896769965067506" lon="7.245169999077916">
        <ele>620.1907085532586</ele>
      </trkpt>
      <trkpt lat="43.89668991789222" lon="7.244859952479601">
        <ele>616.3450243862259</ele>
      </trkpt>
      <trkpt lat="43.89667994342744" lon="7.244659960269928">
        <ele>619.8042218511571</ele>
      </trkpt>
      <trkpt lat="43.896639961749315" lon="7.244639927521348">
        <ele>620.7211961605416</ele>
      </trkpt>
      <trkpt lat="43.89657994732261" lon="7.244679993018508">
        <ele>623.9314499828661</ele>
      </trkpt>
      <trkpt lat="43.89648975804448" lon="7.244935389608145">
        <ele>622.3917035995252</ele>
      </trkpt>
      <trkpt lat="43.896399987861514" lon="7.245189948007464">
        <ele>618.7456260016401</ele>
      </trkpt>
      <trkpt lat="43.89619999565184" lon="7.245289944112301">
        <ele>618.228451997186</ele>
      </trkpt>
      <trkpt lat="43.89602992683649" lon="7.245439980179071">
        <ele>619.9976043432182</ele>
      </trkpt>
      <trkpt lat="43.89597997069359" lon="7.24558993242681">
        <ele>616.360470571113</ele>
      </trkpt>
      <trkpt lat="43.895869916304946" lon="7.245699986815453">
        <ele>614.5941019985237</ele>
      </trkpt>
      <trkpt lat="43.89567998237908" lon="7.245799982920289">
        <ele>615.0059386935069</ele>
      </trkpt>
      <trkpt lat="43.89552994631231" lon="7.245959993451834">
        <ele>610.4260349506666</ele>
      </trkpt>
      <trkpt lat="43.89537010341883" lon="7.246009949594736">
        <ele>610.0094711958778</ele>
      </trkpt>
      <trkpt lat="43.89520992524922" lon="7.24605998955667">
        <ele>612.2893194378016</ele>
      </trkpt>
      <trkpt lat="43.89505997300148" lon="7.246249923482537">
        <ele>607.4327644770685</ele>
      </trkpt>
      <trkpt lat="43.89485998079181" lon="7.2463099379092455">
        <ele>607.4140401192255</ele>
      </trkpt>
      <trkpt lat="43.8946099486202" lon="7.246349919587374">
        <ele>615.5137904261535</ele>
      </trkpt>
      <trkpt lat="43.89449997805059" lon="7.246579919010401">
        <ele>613.3156699808388</ele>
      </trkpt>
      <trkpt lat="43.8943699747324" lon="7.246729955077171">
        <ele>613.579428537618</ele>
      </trkpt>
      <trkpt lat="43.89419998973608" lon="7.246884936466813">
        <ele>613.8336307212477</ele>
      </trkpt>
      <trkpt lat="43.89402992092073" lon="7.247039917856455">
        <ele>615.4457351129419</ele>
      </trkpt>
      <trkpt lat="43.89396999031305" lon="7.247159946709871">
        <ele>608.5316594303322</ele>
      </trkpt>
      <trkpt lat="43.89386999420822" lon="7.247119965031743">
        <ele>614.3216697641998</ele>
      </trkpt>
      <trkpt lat="43.89370998367667" lon="7.2472199611365795">
        <ele>620.9199664144044</ele>
      </trkpt>
      <trkpt lat="43.89367997646332" lon="7.247389946132898">
        <ele>618.4661137111126</ele>
      </trkpt>
      <trkpt lat="43.893569922074676" lon="7.247569989413023">
        <ele>617.4815889680177</ele>
      </trkpt>
      <trkpt lat="43.89356916770339" lon="7.247570492327213">
        <ele>617.5022220571102</ele>
      </trkpt>
      <trkpt lat="43.89356900006533" lon="7.247570492327213">
        <ele>617.5115050386902</ele>
      </trkpt>
      <trkpt lat="43.89356900006533" lon="7.247570576146245">
        <ele>617.5079842230742</ele>
      </trkpt>
      <trkpt lat="43.89356883242726" lon="7.247570659965277">
        <ele>617.51374732711</ele>
      </trkpt>
      <trkpt lat="43.893439918756485" lon="7.2476699855178595">
        <ele>613.1645296807026</ele>
      </trkpt>
      <trkpt lat="43.893159963190556" lon="7.247569989413023">
        <ele>610.690844930488</ele>
      </trkpt>
      <trkpt lat="43.8930799998343" lon="7.247569989413023">
        <ele>610.9116034948058</ele>
      </trkpt>
      <trkpt lat="43.89305996708572" lon="7.247599996626377">
        <ele>609.1552752836883</ele>
      </trkpt>
      <trkpt lat="43.89310992322862" lon="7.247609971091151">
        <ele>608.4969605678996</ele>
      </trkpt>
      <trkpt lat="43.89311998151243" lon="7.247639978304505">
        <ele>606.7219243030381</ele>
      </trkpt>
      <trkpt lat="43.89292996376753" lon="7.247709967195988">
        <ele>604.4607762673617</ele>
      </trkpt>
      <trkpt lat="43.892919989302754" lon="7.247709967195988">
        <ele>604.0358753291708</ele>
      </trkpt>
      <trkpt lat="43.892839942127466" lon="7.247699992731214">
        <ele>600.8345370711529</ele>
      </trkpt>
      <trkpt lat="43.89266995713115" lon="7.247499916702509">
        <ele>587.2836678624276</ele>
      </trkpt>
      <trkpt lat="43.89266995713115" lon="7.24732993170619">
        <ele>593.585659235805</ele>
      </trkpt>
      <trkpt lat="43.89264992438257" lon="7.247249968349934">
        <ele>592.2514126289482</ele>
      </trkpt>
      <trkpt lat="43.89261991716921" lon="7.2471999283879995">
        <ele>590.6504537044682</ele>
      </trkpt>
      <trkpt lat="43.892469964921474" lon="7.247089957818389">
        <ele>590.9713871820804</ele>
      </trkpt>
      <trkpt lat="43.892389917746186" lon="7.247079983353615">
        <ele>589.1139274638392</ele>
      </trkpt>
      <trkpt lat="43.892319928854704" lon="7.247119965031743">
        <ele>583.776848034725</ele>
      </trkpt>
      <trkpt lat="43.89223996549845" lon="7.247019968926907">
        <ele>590.675183663127</ele>
      </trkpt>
      <trkpt lat="43.89218992553651" lon="7.2469899617135525">
        <ele>590.6547739598343</ele>
      </trkpt>
      <trkpt lat="43.89215991832316" lon="7.2470099944621325">
        <ele>584.8992510551194</ele>
      </trkpt>
      <trkpt lat="43.89208992943168" lon="7.246939921751618">
        <ele>578.6495576861732</ele>
      </trkpt>
      <trkpt lat="43.891959926113486" lon="7.246639933437109">
        <ele>581.4146658223572</ele>
      </trkpt>
      <trkpt lat="43.891889937222004" lon="7.246589977294207">
        <ele>576.1066509302839</ele>
      </trkpt>
      <trkpt lat="43.89178994111717" lon="7.246429966762662">
        <ele>572.0660082168117</ele>
      </trkpt>
      <trkpt lat="43.89185993000865" lon="7.246169960126281">
        <ele>588.4941260290992</ele>
      </trkpt>
      <trkpt lat="43.891849955543876" lon="7.2460799384862185">
        <ele>588.9627429812824</ele>
      </trkpt>
      <trkpt lat="43.89179999940097" lon="7.245949935168028">
        <ele>588.4214059813897</ele>
      </trkpt>
      <trkpt lat="43.891529934480786" lon="7.245779950171709">
        <ele>589.7735773984134</ele>
      </trkpt>
      <trkpt lat="43.891439996659756" lon="7.245779950171709">
        <ele>589.6458356452264</ele>
      </trkpt>
      <trkpt lat="43.89132994227111" lon="7.245839964598417">
        <ele>585.2748932821074</ele>
      </trkpt>
      <trkpt lat="43.891159957274795" lon="7.245859997346997">
        <ele>587.0316145577448</ele>
      </trkpt>
      <trkpt lat="43.89108996838331" lon="7.24588992074132">
        <ele>586.0092430829504</ele>
      </trkpt>
      <trkpt lat="43.891049986705184" lon="7.2458799462765455">
        <ele>585.0526576121704</ele>
      </trkpt>
      <trkpt lat="43.89086994342506" lon="7.245639972388744">
        <ele>588.2398596664574</ele>
      </trkpt>
      <trkpt lat="43.890859968960285" lon="7.245279969647527">
        <ele>590.0969872202689</ele>
      </trkpt>
      <trkpt lat="43.89080992899835" lon="7.245189948007464">
        <ele>587.7071196591604</ele>
      </trkpt>
      <trkpt lat="43.89081998728216" lon="7.245059944689274">
        <ele>590.5725002189367</ele>
      </trkpt>
      <trkpt lat="43.8907899800688" lon="7.244879985228181">
        <ele>593.0131436789392</ele>
      </trkpt>
      <trkpt lat="43.890729965642095" lon="7.244869926944375">
        <ele>589.77930818891</ele>
      </trkpt>
      <trkpt lat="43.890619995072484" lon="7.2447399236261845">
        <ele>592.8292960287404</ele>
      </trkpt>
      <trkpt lat="43.89041991904378" lon="7.2447399236261845">
        <ele>588.8736975506584</ele>
      </trkpt>
      <trkpt lat="43.890259992331266" lon="7.244529956951737">
        <ele>581.3109133703914</ele>
      </trkpt>
      <trkpt lat="43.890239959582686" lon="7.244439935311675">
        <ele>583.0388905287754</ele>
      </trkpt>
      <trkpt lat="43.890259992331266" lon="7.2443299647420645">
        <ele>589.3913271547135</ele>
      </trkpt>
      <trkpt lat="43.890219926834106" lon="7.24414992146194">
        <ele>590.3558637806128</ele>
      </trkpt>
      <trkpt lat="43.89011993072927" lon="7.243989994749427">
        <ele>588.893619087291</ele>
      </trkpt>
      <trkpt lat="43.890169970691204" lon="7.243629992008209">
        <ele>594.0898157632298</ele>
      </trkpt>
      <trkpt lat="43.89015999622643" lon="7.243339978158474">
        <ele>595.0045989142719</ele>
      </trkpt>
      <trkpt lat="43.89006997458637" lon="7.243249956518412">
        <ele>591.1518789439793</ele>
      </trkpt>
      <trkpt lat="43.8899299968034" lon="7.243039989843965">
        <ele>590.7541489981911</ele>
      </trkpt>
      <trkpt lat="43.889719946309924" lon="7.242949968203902">
        <ele>583.9622765648942</ele>
      </trkpt>
      <trkpt lat="43.889699997380376" lon="7.242919960990548">
        <ele>582.970915067856</ele>
      </trkpt>
      <trkpt lat="43.88970997184515" lon="7.242849972099066">
        <ele>585.581442799565</ele>
      </trkpt>
      <trkpt lat="43.88977996073663" lon="7.2427599504590034">
        <ele>592.8069185416161</ele>
      </trkpt>
      <trkpt lat="43.88978993520141" lon="7.242719968780875">
        <ele>592.8716918715975</ele>
      </trkpt>
      <trkpt lat="43.88985992409289" lon="7.242679987102747">
        <ele>595.3040303389184</ele>
      </trkpt>
      <trkpt lat="43.8899199385196" lon="7.2425799909979105">
        <ele>594.6424061013989</ele>
      </trkpt>
      <trkpt lat="43.88998992741108" lon="7.242299951612949">
        <ele>594.9942743779095</ele>
      </trkpt>
      <trkpt lat="43.89000996015966" lon="7.2420799266546965">
        <ele>595.572547484921</ele>
      </trkpt>
      <trkpt lat="43.88996997848153" lon="7.242009937763214">
        <ele>594.2409979860037</ele>
      </trkpt>
      <trkpt lat="43.8897299207747" lon="7.241959981620312">
        <ele>594.6249858855622</ele>
      </trkpt>
      <trkpt lat="43.88949992135167" lon="7.242059977725148">
        <ele>579.827719686727</ele>
      </trkpt>
      <trkpt lat="43.889439990743995" lon="7.241989988833666">
        <ele>581.4662345536234</ele>
      </trkpt>
      <trkpt lat="43.889419957995415" lon="7.2419199999421835">
        <ele>586.6306414073413</ele>
      </trkpt>
      <trkpt lat="43.88936991803348" lon="7.2418999671936035">
        <ele>584.271941046339</ele>
      </trkpt>
      <trkpt lat="43.88934996910393" lon="7.241819920018315">
        <ele>586.5133069046375</ele>
      </trkpt>
      <trkpt lat="43.88942993246019" lon="7.241619927808642">
        <ele>596.5639699907734</ele>
      </trkpt>
      <trkpt lat="43.88940998353064" lon="7.241519931703806">
        <ele>595.2221042526778</ele>
      </trkpt>
      <trkpt lat="43.88936991803348" lon="7.241489924490452">
        <ele>594.2960872255127</ele>
      </trkpt>
      <trkpt lat="43.889289954677224" lon="7.2414699755609035">
        <ele>594.1402944723375</ele>
      </trkpt>
      <trkpt lat="43.88919993303716" lon="7.241489924490452">
        <ele>592.1386909123898</ele>
      </trkpt>
      <trkpt lat="43.888989966362715" lon="7.241479950025678">
        <ele>595.3067695791376</ele>
      </trkpt>
      <trkpt lat="43.88889994472265" lon="7.241539964452386">
        <ele>589.422758032619</ele>
      </trkpt>
      <trkpt lat="43.88871998526156" lon="7.24154993891716">
        <ele>592.4548172644554</ele>
      </trkpt>
      <trkpt lat="43.888689978048205" lon="7.241589920595288">
        <ele>594.0779947204649</ele>
      </trkpt>
      <trkpt lat="43.8886299636215" lon="7.241839952766895">
        <ele>586.8106750453069</ele>
      </trkpt>
      <trkpt lat="43.88858998194337" lon="7.241909941658378">
        <ele>586.0403291785291</ele>
      </trkpt>
      <trkpt lat="43.88861998915672" lon="7.241909941658378">
        <ele>583.9263861462141</ele>
      </trkpt>
      <trkpt lat="43.88865997083485" lon="7.241839952766895">
        <ele>584.8840334893275</ele>
      </trkpt>
      <trkpt lat="43.88865997083485" lon="7.241929974406958">
        <ele>580.5558848729003</ele>
      </trkpt>
      <trkpt lat="43.88857992365956" lon="7.242039944976568">
        <ele>580.190355950817</ele>
      </trkpt>
      <trkpt lat="43.88852996751666" lon="7.242279918864369">
        <ele>569.3665791213043</ele>
      </trkpt>
      <trkpt lat="43.88854991644621" lon="7.242369940504432">
        <ele>566.473107614351</ele>
      </trkpt>
      <trkpt lat="43.88845997862518" lon="7.242319984361529">
        <ele>565.4615027225568</ele>
      </trkpt>
      <trkpt lat="43.888259986415505" lon="7.242419980466366">
        <ele>559.7795896512418</ele>
      </trkpt>
      <trkpt lat="43.88809997588396" lon="7.242469936609268">
        <ele>561.0872114139036</ele>
      </trkpt>
      <trkpt lat="43.887979947030544" lon="7.242609998211265">
        <ele>556.586838495223</ele>
      </trkpt>
      <trkpt lat="43.88777995482087" lon="7.242689961567521">
        <ele>555.2685185803086</ele>
      </trkpt>
      <trkpt lat="43.887659925967455" lon="7.2428099904209375">
        <ele>551.3052714367298</ele>
      </trkpt>
      <trkpt lat="43.88761994428933" lon="7.242789957672358">
        <ele>550.1296576998612</ele>
      </trkpt>
      <trkpt lat="43.88758490793407" lon="7.242489214986563">
        <ele>544.9928156752518</ele>
      </trkpt>
      <trkpt lat="43.887549955397844" lon="7.242189981043339">
        <ele>542.8456535813177</ele>
      </trkpt>
      <trkpt lat="43.887529922649264" lon="7.242199955508113">
        <ele>541.3414209975157</ele>
      </trkpt>
      <trkpt lat="43.887489940971136" lon="7.242589965462685">
        <ele>537.5825543846564</ele>
      </trkpt>
      <trkpt lat="43.88739480637014" lon="7.24286044947803">
        <ele>532.7313460659282</ele>
      </trkpt>
      <trkpt lat="43.88729992322624" lon="7.243129927664995">
        <ele>529.3086646901035</ele>
      </trkpt>
      <trkpt lat="43.8872498832643" lon="7.242809236049652">
        <ele>521.8487169778441</ele>
      </trkpt>
      <trkpt lat="43.8871999271214" lon="7.242489969357848">
        <ele>516.4120545115061</ele>
      </trkpt>
      <trkpt lat="43.8871499709785" lon="7.242569932714105">
        <ele>513.0283934106704</ele>
      </trkpt>
      <trkpt lat="43.88710998930037" lon="7.242359966039658">
        <ele>510.83753168688395</ele>
      </trkpt>
      <trkpt lat="43.887059949338436" lon="7.242479994893074">
        <ele>508.0639290347027</ele>
      </trkpt>
      <trkpt lat="43.887039916589856" lon="7.242459962144494">
        <ele>507.1631322025555</ele>
      </trkpt>
      <trkpt lat="43.88701996766031" lon="7.242399947717786">
        <ele>506.7150993854247</ele>
      </trkpt>
      <trkpt lat="43.887039916589856" lon="7.242339933291078">
        <ele>507.12665324573095</ele>
      </trkpt>
      <trkpt lat="43.88701996766031" lon="7.2423099260777235">
        <ele>505.73213261501064</ele>
      </trkpt>
      <trkpt lat="43.886969927698374" lon="7.242109933868051">
        <ele>500.6098158698166</ele>
      </trkpt>
      <trkpt lat="43.88687998987734" lon="7.242269944399595">
        <ele>497.62301424846044</ele>
      </trkpt>
      <trkpt lat="43.88684998266399" lon="7.242259969934821">
        <ele>496.430971073996</ele>
      </trkpt>
      <trkpt lat="43.88687998987734" lon="7.242119992151856">
        <ele>495.64752387494866</ele>
      </trkpt>
      <trkpt lat="43.88682994991541" lon="7.242099959403276">
        <ele>493.42556153819953</ele>
      </trkpt>
      <trkpt lat="43.88683992438018" lon="7.241969956085086">
        <ele>491.9940879699856</ele>
      </trkpt>
      <trkpt lat="43.8867699354887" lon="7.242049919441342">
        <ele>490.1539558248565</ele>
      </trkpt>
      <trkpt lat="43.886689972132444" lon="7.241659993305802">
        <ele>481.2147779547796</ele>
      </trkpt>
      <trkpt lat="43.88672006316483" lon="7.24140434525907">
        <ele>478.59177062849506</ele>
      </trkpt>
      <trkpt lat="43.88674998655915" lon="7.241149954497814">
        <ele>474.5162521070586</ele>
      </trkpt>
      <trkpt lat="43.886649990454316" lon="7.241299990564585">
        <ele>472.5995875231364</ele>
      </trkpt>
      <trkpt lat="43.88644999824464" lon="7.241539964452386">
        <ele>466.32241664326824</ele>
      </trkpt>
      <trkpt lat="43.88642996549606" lon="7.241529989987612">
        <ele>464.99277607049385</ele>
      </trkpt>
      <trkpt lat="43.88645997270942" lon="7.241299990564585">
        <ele>462.5637566878595</ele>
      </trkpt>
      <trkpt lat="43.88629996217787" lon="7.241409961134195">
        <ele>454.3491526882258</ele>
      </trkpt>
      <trkpt lat="43.886199966073036" lon="7.241759989410639">
        <ele>449.26677252642514</ele>
      </trkpt>
      <trkpt lat="43.88614313676953" lon="7.242043884471059">
        <ele>444.9702003976036</ele>
      </trkpt>
      <trkpt lat="43.88608639128506" lon="7.242327863350511">
        <ele>442.0444776056868</ele>
      </trkpt>
      <trkpt lat="43.88602998107672" lon="7.242609998211265">
        <ele>438.072064563145</ele>
      </trkpt>
      <trkpt lat="43.88599997386336" lon="7.242639921605587">
        <ele>435.90795065331594</ele>
      </trkpt>
      <trkpt lat="43.8859498500824" lon="7.24232928827405">
        <ele>432.3912143001128</ele>
      </trkpt>
      <trkpt lat="43.88589972630143" lon="7.242018571123481">
        <ele>428.36040848469446</ele>
      </trkpt>
      <trkpt lat="43.88584993779659" lon="7.241709949448705">
        <ele>423.2766400825135</ele>
      </trkpt>
      <trkpt lat="43.88577978126705" lon="7.2414143197238445">
        <ele>417.2863223117017</ele>
      </trkpt>
      <trkpt lat="43.88570996001363" lon="7.24111994728446">
        <ele>412.6559061691704</ele>
      </trkpt>
      <trkpt lat="43.88549999333918" lon="7.240859940648079">
        <ele>408.68961538533586</ele>
      </trkpt>
      <trkpt lat="43.88531508855522" lon="7.240775031968951">
        <ele>403.7750287678563</ele>
      </trkpt>
      <trkpt lat="43.88512993231416" lon="7.24068995565176">
        <ele>400.71794480452735</ele>
      </trkpt>
      <trkpt lat="43.88500998727977" lon="7.240699930116534">
        <ele>398.1112766061789</ele>
      </trkpt>
      <trkpt lat="43.8848099950701" lon="7.240659948438406">
        <ele>393.6530088190648</ele>
      </trkpt>
      <trkpt lat="43.88471997343004" lon="7.240519970655441">
        <ele>391.7050508490802</ele>
      </trkpt>
      <trkpt lat="43.88459994457662" lon="7.240399941802025">
        <ele>386.1767275312329</ele>
      </trkpt>
      <trkpt lat="43.88448997400701" lon="7.240139935165644">
        <ele>382.4369741187562</ele>
      </trkpt>
      <trkpt lat="43.884479999542236" lon="7.240009931847453">
        <ele>383.4442837855175</ele>
      </trkpt>
      <trkpt lat="43.88438981026411" lon="7.239814717322588">
        <ele>379.1444750583533</ele>
      </trkpt>
      <trkpt lat="43.88429995626211" lon="7.239619921892881">
        <ele>376.103698150447</ele>
      </trkpt>
      <trkpt lat="43.884179927408695" lon="7.2392399702221155">
        <ele>375.9306194721133</ele>
      </trkpt>
      <trkpt lat="43.88409996405244" lon="7.2392199374735355">
        <ele>370.4263495825434</ele>
      </trkpt>
      <trkpt lat="43.884054869413376" lon="7.239009467884898">
        <ele>370.22382725617956</ele>
      </trkpt>
      <trkpt lat="43.884009942412376" lon="7.23879992030561">
        <ele>367.2734941526764</ele>
      </trkpt>
      <trkpt lat="43.883919920772314" lon="7.239039978012443">
        <ele>359.694629278652</ele>
      </trkpt>
      <trkpt lat="43.883879939094186" lon="7.23894995637238">
        <ele>357.7650872159108</ele>
      </trkpt>
      <trkpt lat="43.88388999737799" lon="7.238679975271225">
        <ele>357.04237240271226</ele>
      </trkpt>
      <trkpt lat="43.8837496843189" lon="7.238316033035517">
        <ele>349.9547538907538</ele>
      </trkpt>
      <trkpt lat="43.88360945507884" lon="7.2379520907998085">
        <ele>349.47616749755036</ele>
      </trkpt>
      <trkpt lat="43.883469980210066" lon="7.237589992582798">
        <ele>345.02623105217526</ele>
      </trkpt>
      <trkpt lat="43.88337995857" lon="7.237459989264607">
        <ele>342.894848973395</ele>
      </trkpt>
      <trkpt lat="43.88327996246517" lon="7.237179949879646">
        <ele>341.2350965031263</ele>
      </trkpt>
      <trkpt lat="43.88325992971659" lon="7.237019939348102">
        <ele>341.32259549875903</ele>
      </trkpt>
      <trkpt lat="43.8831399846822" lon="7.236709976568818">
        <ele>342.9861504205479</ele>
      </trkpt>
      <trkpt lat="43.88315993361175" lon="7.23664996214211">
        <ele>345.9975594783577</ele>
      </trkpt>
      <trkpt lat="43.88315993361175" lon="7.236499926075339">
        <ele>348.40830390289614</ele>
      </trkpt>
      <trkpt lat="43.88306999579072" lon="7.236249977722764">
        <ele>346.9797040301419</ele>
      </trkpt>
      <trkpt lat="43.88300998136401" lon="7.23619993776083">
        <ele>344.474791357894</ele>
      </trkpt>
      <trkpt lat="43.88298994861543" lon="7.236119974404573">
        <ele>343.92951298533336</ele>
      </trkpt>
      <trkpt lat="43.88289992697537" lon="7.2358999494463205">
        <ele>342.1014493910041</ele>
      </trkpt>
      <trkpt lat="43.88269507326186" lon="7.235765000805259">
        <ele>336.8566296226569</ele>
      </trkpt>
      <trkpt lat="43.88248996809125" lon="7.235629968345165">
        <ele>330.9006419710747</ele>
      </trkpt>
      <trkpt lat="43.88231998309493" lon="7.235459983348846">
        <ele>326.89550180795663</ele>
      </trkpt>
      <trkpt lat="43.88227991759777" lon="7.235369961708784">
        <ele>325.69316213363373</ele>
      </trkpt>
      <trkpt lat="43.882269943133" lon="7.235279940068722">
        <ele>325.2752876827796</ele>
      </trkpt>
      <trkpt lat="43.88227991759777" lon="7.235209951177239">
        <ele>325.560201305144</ele>
      </trkpt>
      <trkpt lat="43.882049918174744" lon="7.235129987820983">
        <ele>317.14930765670795</ele>
      </trkpt>
      <trkpt lat="43.88199996203184" lon="7.235049940645695">
        <ele>315.1493999650853</ele>
      </trkpt>
      <trkpt lat="43.88188999146223" lon="7.234699996188283">
        <ele>307.99773184772334</ele>
      </trkpt>
      <trkpt lat="43.881899965927005" lon="7.2345799673348665">
        <ele>306.90764289431525</ele>
      </trkpt>
      <trkpt lat="43.88194992206991" lon="7.234509978443384">
        <ele>307.5741011530481</ele>
      </trkpt>
      <trkpt lat="43.88181991875172" lon="7.234529927372932">
        <ele>302.96559149890743</ele>
      </trkpt>
      <trkpt lat="43.881789995357394" lon="7.234569992870092">
        <ele>302.3367045275871</ele>
      </trkpt>
      <trkpt lat="43.881769962608814" lon="7.234539985656738">
        <ele>301.377318074291</ele>
      </trkpt>
      <trkpt lat="43.88177993707359" lon="7.234489945694804">
        <ele>301.1276974626332</ele>
      </trkpt>
      <trkpt lat="43.88179996982217" lon="7.23447997123003">
        <ele>301.5886168410344</ele>
      </trkpt>
      <trkpt lat="43.88184992596507" lon="7.234369916841388">
        <ele>300.73885079879716</ele>
      </trkpt>
      <trkpt lat="43.88185998424888" lon="7.234339993447065">
        <ele>300.2357019020287</ele>
      </trkpt>
      <trkpt lat="43.881789995357394" lon="7.2343299351632595">
        <ele>298.5507769258312</ele>
      </trkpt>
      <trkpt lat="43.88149017468095" lon="7.2342250775545835">
        <ele>293.31482563769464</ele>
      </trkpt>
      <trkpt lat="43.881189934909344" lon="7.2341199684888124">
        <ele>287.5755359041401</ele>
      </trkpt>
      <trkpt lat="43.88105993159115" lon="7.234189957380295">
        <ele>284.4559748415646</ele>
      </trkpt>
      <trkpt lat="43.881019949913025" lon="7.234289953485131">
        <ele>284.1281339680749</ele>
      </trkpt>
      <trkpt lat="43.8809799682349" lon="7.234309986233711">
        <ele>283.1050862713499</ele>
      </trkpt>
      <trkpt lat="43.88098994269967" lon="7.234199931845069">
        <ele>281.8355890532015</ele>
      </trkpt>
      <trkpt lat="43.8810299243778" lon="7.234089961275458">
        <ele>281.48377749544784</ele>
      </trkpt>
      <trkpt lat="43.88110997155309" lon="7.234019972383976">
        <ele>282.7415452489359</ele>
      </trkpt>
      <trkpt lat="43.88108993880451" lon="7.233979990705848">
        <ele>281.3406810775879</ele>
      </trkpt>
      <trkpt lat="43.88094996102154" lon="7.233989965170622">
        <ele>275.6263177759456</ele>
      </trkpt>
      <trkpt lat="43.88104995712638" lon="7.233929950743914">
        <ele>278.1880569777304</ele>
      </trkpt>
      <trkpt lat="43.88100997544825" lon="7.233869936317205">
        <ele>274.7136977981231</ele>
      </trkpt>
      <trkpt lat="43.88106998987496" lon="7.233839929103851">
        <ele>275.30301634472175</ele>
      </trkpt>
      <trkpt lat="43.88104995712638" lon="7.233729958534241">
        <ele>270.30356023950355</ele>
      </trkpt>
      <trkpt lat="43.88095993548632" lon="7.233719984069467">
        <ele>268.38034734159424</ele>
      </trkpt>
      <trkpt lat="43.880909979343414" lon="7.233759965747595">
        <ele>268.00648988619946</ele>
      </trkpt>
      <trkpt lat="43.880849964916706" lon="7.233769940212369">
        <ele>265.50260533877906</ele>
      </trkpt>
      <trkpt lat="43.88081995770335" lon="7.233719984069467">
        <ele>263.2379856239859</ele>
      </trkpt>
      <trkpt lat="43.88081995770335" lon="7.233659969642758">
        <ele>262.20544306349774</ele>
      </trkpt>
      <trkpt lat="43.880869997665286" lon="7.233589980751276">
        <ele>262.0225816319089</ele>
      </trkpt>
      <trkpt lat="43.88095993548632" lon="7.233569948002696">
        <ele>263.8228266809371</ele>
      </trkpt>
      <trkpt lat="43.88117996044457" lon="7.233479926362634">
        <ele>260.3273629131235</ele>
      </trkpt>
      <trkpt lat="43.881449941545725" lon="7.233499959111214">
        <ele>257.7215639833931</ele>
      </trkpt>
      <trkpt lat="43.88150995597243" lon="7.23344991914928">
        <ele>255.56943934393462</ele>
      </trkpt>
      <trkpt lat="43.88154993765056" lon="7.233279934152961">
        <ele>248.28918307007433</ele>
      </trkpt>
      <trkpt lat="43.88132505118847" lon="7.233135011047125">
        <ele>242.49023435137974</ele>
      </trkpt>
      <trkpt lat="43.88109999708831" lon="7.2329899203032255">
        <ele>238.83259963794814</ele>
      </trkpt>
      <trkpt lat="43.880889946594834" lon="7.23273997195065">
        <ele>237.23923150750238</ele>
      </trkpt>
      <trkpt lat="43.88061996549368" lon="7.23271993920207">
        <ele>229.97958224228586</ele>
      </trkpt>
      <trkpt lat="43.8803599588573" lon="7.232769979164004">
        <ele>227.76144946336126</ele>
      </trkpt>
      <trkpt lat="43.88025996275246" lon="7.232749946415424">
        <ele>230.04798436785595</ele>
      </trkpt>
      <trkpt lat="43.88021998107433" lon="7.2325999941676855">
        <ele>234.30759160400254</ele>
      </trkpt>
      <trkpt lat="43.8800301309675" lon="7.232560012489557">
        <ele>230.8373312187928</ele>
      </trkpt>
      <trkpt lat="43.879839945584536" lon="7.232519946992397">
        <ele>226.65366121985323</ele>
      </trkpt>
      <trkpt lat="43.87971991673112" lon="7.232749946415424">
        <ele>217.64647767189192</ele>
      </trkpt>
      <trkpt lat="43.8796448148787" lon="7.232454316690564">
        <ele>212.0252829047114</ele>
      </trkpt>
      <trkpt lat="43.87956996448338" lon="7.23215994425118">
        <ele>206.60480406610586</ele>
      </trkpt>
      <trkpt lat="43.87952989898622" lon="7.231914438307285">
        <ele>205.152159780509</ele>
      </trkpt>
      <trkpt lat="43.87948991730809" lon="7.2316699381917715">
        <ele>202.46145606657302</ele>
      </trkpt>
      <trkpt lat="43.87947994284332" lon="7.231419989839196">
        <ele>202.62786173982258</ele>
      </trkpt>
      <trkpt lat="43.879429986700416" lon="7.231309935450554">
        <ele>200.0263033643251</ele>
      </trkpt>
      <trkpt lat="43.87944331392646" lon="7.231714278459549">
        <ele>198.97043084193805</ele>
      </trkpt>
      <trkpt lat="43.87945672497153" lon="7.232118621468544">
        <ele>197.99201712497634</ele>
      </trkpt>
      <trkpt lat="43.879469968378544" lon="7.232519946992397">
        <ele>197.71103075371997</ele>
      </trkpt>
      <trkpt lat="43.87941992841661" lon="7.23258993588388">
        <ele>192.32388396466627</ele>
      </trkpt>
      <trkpt lat="43.87939997948706" lon="7.232519946992397">
        <ele>191.58847762834068</ele>
      </trkpt>
      <trkpt lat="43.87934993952513" lon="7.232459932565689">
        <ele>188.7764344684741</ele>
      </trkpt>
      <trkpt lat="43.879299983382225" lon="7.232229933142662">
        <ele>188.20738814553062</ele>
      </trkpt>
      <trkpt lat="43.87928992509842" lon="7.232059948146343">
        <ele>188.44490666660369</ele>
      </trkpt>
      <trkpt lat="43.879219852387905" lon="7.231764318421483">
        <ele>186.06010260605493</ele>
      </trkpt>
      <trkpt lat="43.879149947315454" lon="7.231469945982099">
        <ele>185.67332092363932</ele>
      </trkpt>
      <trkpt lat="43.8791199401021" lon="7.2314599715173244">
        <ele>184.205937140233</ele>
      </trkpt>
      <trkpt lat="43.87909999117255" lon="7.231369949877262">
        <ele>183.59824163401157</ele>
      </trkpt>
      <trkpt lat="43.878999995067716" lon="7.2312799282372">
        <ele>182.10936192539316</ele>
      </trkpt>
      <trkpt lat="43.87885993346572" lon="7.23129996098578">
        <ele>179.52977756106952</ele>
      </trkpt>
      <trkpt lat="43.87878994457424" lon="7.231339942663908">
        <ele>177.91169473588715</ele>
      </trkpt>
      <trkpt lat="43.87861509807408" lon="7.231359975412488">
        <ele>177.84956929166793</ele>
      </trkpt>
      <trkpt lat="43.87843991629779" lon="7.231379924342036">
        <ele>193.9921328367106</ele>
      </trkpt>
      <trkpt lat="43.87842994183302" lon="7.231419989839196">
        <ele>195.4686071677267</ele>
      </trkpt>
      <trkpt lat="43.87845994904637" lon="7.231599949300289">
        <ele>193.5640997873402</ele>
      </trkpt>
      <trkpt lat="43.87843991629779" lon="7.231719978153706">
        <ele>194.88053732582114</ele>
      </trkpt>
      <trkpt lat="43.87834997847676" lon="7.231969926506281">
        <ele>203.4083468316187</ele>
      </trkpt>
      <trkpt lat="43.878283174708486" lon="7.231595758348703">
        <ele>209.4336721969546</ele>
      </trkpt>
      <trkpt lat="43.87821628712118" lon="7.231221590191126">
        <ele>211.67432176446565</ele>
      </trkpt>
      <trkpt lat="43.87814998626709" lon="7.2308499366045">
        <ele>217.37907803018857</ele>
      </trkpt>
      <trkpt lat="43.87804999016225" lon="7.230799980461597">
        <ele>221.74929499883697</ele>
      </trkpt>
      <trkpt lat="43.87799995020032" lon="7.230899976566434">
        <ele>226.80643013702104</ele>
      </trkpt>
      <trkpt lat="43.87795996852219" lon="7.230769973248243">
        <ele>225.60177502026434</ele>
      </trkpt>
      <trkpt lat="43.87773994356394" lon="7.230589929968119">
        <ele>234.76363576517045</ele>
      </trkpt>
      <trkpt lat="43.87748999521136" lon="7.2304199449718">
        <ele>241.43694100706742</ele>
      </trkpt>
      <trkpt lat="43.877389999106526" lon="7.230399996042252">
        <ele>246.25346457008033</ele>
      </trkpt>
      <trkpt lat="43.87733995914459" lon="7.230359930545092">
        <ele>247.40223654372713</ele>
      </trkpt>
      <trkpt lat="43.87730995193124" lon="7.230259934440255">
        <ele>244.53520794060424</ele>
      </trkpt>
      <trkpt lat="43.87718992307782" lon="7.2301699966192245">
        <ele>245.6766305490348</ele>
      </trkpt>
      <trkpt lat="43.87694994919002" lon="7.230059942230582">
        <ele>250.32524258443414</ele>
      </trkpt>
      <trkpt lat="43.876809971407056" lon="7.230029935017228">
        <ele>254.75104494330702</ele>
      </trkpt>
      <trkpt lat="43.876679968088865" lon="7.229879982769489">
        <ele>257.0315568639163</ele>
      </trkpt>
      <trkpt lat="43.87645994313061" lon="7.229729946702719">
        <ele>267.1802414908299</ele>
      </trkpt>
      <trkpt lat="43.87638995423913" lon="7.22953992895782">
        <ele>264.3476046249179</ele>
      </trkpt>
      <trkpt lat="43.87630999088287" lon="7.229219991713762">
        <ele>265.56981080642754</ele>
      </trkpt>
      <trkpt lat="43.87612994760275" lon="7.228909945115447">
        <ele>268.78228407284524</ele>
      </trkpt>
      <trkpt lat="43.87604998424649" lon="7.228709952905774">
        <ele>266.87152744285305</ele>
      </trkpt>
      <trkpt lat="43.875929955393076" lon="7.228589924052358">
        <ele>266.4680547999618</ele>
      </trkpt>
      <trkpt lat="43.87576994486153" lon="7.228549942374229">
        <ele>267.45181684779294</ele>
      </trkpt>
      <trkpt lat="43.87554991990328" lon="7.228549942374229">
        <ele>269.6314206797974</ele>
      </trkpt>
      <trkpt lat="43.875479931011796" lon="7.228509960696101">
        <ele>269.05643692024444</ele>
      </trkpt>
      <trkpt lat="43.87544992379844" lon="7.228399990126491">
        <ele>267.08296583144676</ele>
      </trkpt>
      <trkpt lat="43.87545998208225" lon="7.228299994021654">
        <ele>265.26966878872975</ele>
      </trkpt>
      <trkpt lat="43.875559978187084" lon="7.228139983490109">
        <ele>267.30412305382697</ele>
      </trkpt>
      <trkpt lat="43.87567992322147" lon="7.227879976853728">
        <ele>271.85933942337203</ele>
      </trkpt>
      <trkpt lat="43.875689981505275" lon="7.227589963003993">
        <ele>279.49199378948504</ele>
      </trkpt>
      <trkpt lat="43.87564999982715" lon="7.227469934150577">
        <ele>282.73527282484287</ele>
      </trkpt>
      <trkpt lat="43.87556995265186" lon="7.227319981902838">
        <ele>287.0829817763151</ele>
      </trkpt>
      <trkpt lat="43.87539996765554" lon="7.227049916982651">
        <ele>294.4077212389749</ele>
      </trkpt>
      <trkpt lat="43.875389993190765" lon="7.227099956944585">
        <ele>296.4549563800153</ele>
      </trkpt>
      <trkpt lat="43.875409942120314" lon="7.227279916405678">
        <ele>296.7919451741369</ele>
      </trkpt>
      <trkpt lat="43.875369960442185" lon="7.227659951895475">
        <ele>295.63526632295645</ele>
      </trkpt>
      <trkpt lat="43.87533995322883" lon="7.227649977430701">
        <ele>297.39238241916263</ele>
      </trkpt>
      <trkpt lat="43.875289829447865" lon="7.227429449558258">
        <ele>304.24611254112364</ele>
      </trkpt>
      <trkpt lat="43.875239957123995" lon="7.227209927514195">
        <ele>307.12607689465125</ele>
      </trkpt>
      <trkpt lat="43.87519997544587" lon="7.227199953049421">
        <ele>309.67716320045736</ele>
      </trkpt>
      <trkpt lat="43.87520994991064" lon="7.227299949154258">
        <ele>309.35124559441914</ele>
      </trkpt>
      <trkpt lat="43.87516996823251" lon="7.227499941363931">
        <ele>309.4835080610181</ele>
      </trkpt>
      <trkpt lat="43.87513996101916" lon="7.2275099996477365">
        <ele>310.6353438134272</ele>
      </trkpt>
      <trkpt lat="43.875049939379096" lon="7.227119989693165">
        <ele>318.92036201570613</ele>
      </trkpt>
      <trkpt lat="43.87501993216574" lon="7.227069949731231">
        <ele>320.81004215383956</ele>
      </trkpt>
      <trkpt lat="43.874999983236194" lon="7.227139938622713">
        <ele>322.13798958357893</ele>
      </trkpt>
      <trkpt lat="43.874999983236194" lon="7.227299949154258">
        <ele>321.73311924012773</ele>
      </trkpt>
      <trkpt lat="43.87490996159613" lon="7.227479992434382">
        <ele>323.942481251404</ele>
      </trkpt>
      <trkpt lat="43.874724889174104" lon="7.227279916405678">
        <ele>340.40912911807743</ele>
      </trkpt>
      <trkpt lat="43.87453998439014" lon="7.227079924196005">
        <ele>352.7490969621771</ele>
      </trkpt>
      <trkpt lat="43.87453998439014" lon="7.226774236187339">
        <ele>353.4326077950085</ele>
      </trkpt>
      <trkpt lat="43.87453998439014" lon="7.226469973102212">
        <ele>357.7598635233451</ele>
      </trkpt>
      <trkpt lat="43.874509977176785" lon="7.226329995319247">
        <ele>359.5461893990075</ele>
      </trkpt>
      <trkpt lat="43.87444996275008" lon="7.226289929822087">
        <ele>361.7877442820263</ele>
      </trkpt>
      <trkpt lat="43.8744299300015" lon="7.226469973102212">
        <ele>363.4789123345807</ele>
      </trkpt>
      <trkpt lat="43.87429992668331" lon="7.226339969784021">
        <ele>367.7300442778436</ele>
      </trkpt>
      <trkpt lat="43.87415994890034" lon="7.226309962570667">
        <ele>370.3372384365564</ele>
      </trkpt>
      <trkpt lat="43.87406992726028" lon="7.2263499442487955">
        <ele>371.3847312733382</ele>
      </trkpt>
      <trkpt lat="43.87389994226396" lon="7.226479947566986">
        <ele>373.1073402067741</ele>
      </trkpt>
      <trkpt lat="43.87372995726764" lon="7.226709946990013">
        <ele>378.1079793962289</ele>
      </trkpt>
      <trkpt lat="43.87343994341791" lon="7.226869957521558">
        <ele>386.2915679980975</ele>
      </trkpt>
      <trkpt lat="43.87333994731307" lon="7.226869957521558">
        <ele>387.91655373585127</ele>
      </trkpt>
      <trkpt lat="43.87327993288636" lon="7.226909939199686">
        <ele>391.0194191044326</ele>
      </trkpt>
      <trkpt lat="43.87310994789004" lon="7.22682997584343">
        <ele>396.1801760336269</ele>
      </trkpt>
      <trkpt lat="43.87302998453379" lon="7.226619925349951">
        <ele>394.7448566062223</ele>
      </trkpt>
      <trkpt lat="43.87288313359022" lon="7.226366372779012">
        <ele>398.3246707219149</ele>
      </trkpt>
      <trkpt lat="43.872736282646656" lon="7.226112736389041">
        <ele>401.64819408581275</ele>
      </trkpt>
      <trkpt lat="43.87258993461728" lon="7.225859938189387">
        <ele>406.47236137816657</ele>
      </trkpt>
      <trkpt lat="43.872509971261024" lon="7.2256899531930685">
        <ele>407.6877214020624</ele>
      </trkpt>
      <trkpt lat="43.8723349571228" lon="7.225534971803427">
        <ele>412.3958946901762</ele>
      </trkpt>
      <trkpt lat="43.87215994298458" lon="7.225379990413785">
        <ele>414.54881150210736</ele>
      </trkpt>
      <trkpt lat="43.87210998684168" lon="7.225229954347014">
        <ele>414.3730990788971</ele>
      </trkpt>
      <trkpt lat="43.871909994632006" lon="7.224999954923987">
        <ele>414.0370463701522</ele>
      </trkpt>
      <trkpt lat="43.8718999363482" lon="7.224999954923987">
        <ele>413.55246937139117</ele>
      </trkpt>
      <trkpt lat="43.871889961883426" lon="7.224999954923987">
        <ele>413.07193059487145</ele>
      </trkpt>
      <trkpt lat="43.87182994745672" lon="7.225249987095594">
        <ele>418.56379814972956</ele>
      </trkpt>
      <trkpt lat="43.87161495164037" lon="7.22543497569859">
        <ele>421.5340262643026</ele>
      </trkpt>
      <trkpt lat="43.87139995582402" lon="7.225619964301586">
        <ele>421.43374584264154</ele>
      </trkpt>
      <trkpt lat="43.871204825118184" lon="7.225890113040805">
        <ele>423.440646528348</ele>
      </trkpt>
      <trkpt lat="43.871009945869446" lon="7.226159926503897">
        <ele>422.2099842436932</ele>
      </trkpt>
      <trkpt lat="43.87091992422938" lon="7.22637995146215">
        <ele>422.7588081253818</ele>
      </trkpt>
      <trkpt lat="43.870879942551255" lon="7.22652998752892">
        <ele>426.4539113517362</ele>
      </trkpt>
      <trkpt lat="43.87081992812455" lon="7.226569969207048">
        <ele>428.3189715470122</ele>
      </trkpt>
      <trkpt lat="43.87075999751687" lon="7.226499980315566">
        <ele>429.63293010061426</ele>
      </trkpt>
      <trkpt lat="43.87065480463207" lon="7.226254558190703">
        <ele>431.3433007009281</ele>
      </trkpt>
      <trkpt lat="43.87054994702339" lon="7.226009974256158">
        <ele>433.6095902289974</ele>
      </trkpt>
      <trkpt lat="43.87049999088049" lon="7.22594995982945">
        <ele>434.1439454753333</ele>
      </trkpt>
      <trkpt lat="43.870429918169975" lon="7.22592992708087">
        <ele>435.81335398712235</ele>
      </trkpt>
      <trkpt lat="43.87034995481372" lon="7.225819956511259">
        <ele>436.0506082689299</ele>
      </trkpt>
      <trkpt lat="43.87023998424411" lon="7.225779974833131">
        <ele>437.74630563297836</ele>
      </trkpt>
      <trkpt lat="43.87010998092592" lon="7.225769916549325">
        <ele>439.31828396880564</ele>
      </trkpt>
      <trkpt lat="43.869889955967665" lon="7.225849963724613">
        <ele>444.07911021579224</ele>
      </trkpt>
      <trkpt lat="43.869909988716245" lon="7.225899919867516">
        <ele>446.54001443019206</ele>
      </trkpt>
      <trkpt lat="43.87002993375063" lon="7.22592992708087">
        <ele>446.2603785121307</ele>
      </trkpt>
      <trkpt lat="43.87013998813927" lon="7.226089937612414">
        <ele>448.7895662504957</ele>
      </trkpt>
      <trkpt lat="43.870189944282174" lon="7.226199992001057">
        <ele>450.0790738364075</ele>
      </trkpt>
      <trkpt lat="43.870189944282174" lon="7.226259922608733">
        <ele>451.69765488434115</ele>
      </trkpt>
      <trkpt lat="43.87011995539069" lon="7.226189933717251">
        <ele>452.64788399591805</ele>
      </trkpt>
      <trkpt lat="43.87002993375063" lon="7.226149952039123">
        <ele>454.436471185003</ele>
      </trkpt>
      <trkpt lat="43.869909988716245" lon="7.226129919290543">
        <ele>456.2446527403322</ele>
      </trkpt>
      <trkpt lat="43.86961997486651" lon="7.226209966465831">
        <ele>461.35760417406243</ele>
      </trkpt>
      <trkpt lat="43.86941998265684" lon="7.226289929822087">
        <ele>464.5770303481974</ele>
      </trkpt>
      <trkpt lat="43.86923993937671" lon="7.22639998421073">
        <ele>464.9208064593036</ele>
      </trkpt>
      <trkpt lat="43.86906995438039" lon="7.226629983633757">
        <ele>467.85895731558475</ele>
      </trkpt>
      <trkpt lat="43.86896995827556" lon="7.2267999686300755">
        <ele>472.90822369115057</ele>
      </trkpt>
      <trkpt lat="43.86875504627824" lon="7.226964924484491">
        <ele>474.9518377120959</ele>
      </trkpt>
      <trkpt lat="43.86853996664286" lon="7.227129964157939">
        <ele>472.8168259177565</ele>
      </trkpt>
      <trkpt lat="43.86855999939144" lon="7.227359963580966">
        <ele>476.4117540965061</ele>
      </trkpt>
      <trkpt lat="43.86852999217808" lon="7.227499941363931">
        <ele>480.53999618684657</ele>
      </trkpt>
      <trkpt lat="43.868389930576086" lon="7.227559955790639">
        <ele>482.237945054027</ele>
      </trkpt>
      <trkpt lat="43.868259927257895" lon="7.227729940786958">
        <ele>485.4798534291446</ele>
      </trkpt>
      <trkpt lat="43.86808994226158" lon="7.228089943528175">
        <ele>490.9821630472611</ele>
      </trkpt>
      <trkpt lat="43.86793999001384" lon="7.228239979594946">
        <ele>497.3631265032942</ele>
      </trkpt>
      <trkpt lat="43.867839993909" lon="7.2282699868083">
        <ele>499.53486213532994</ele>
      </trkpt>
      <trkpt lat="43.86776992119849" lon="7.2282699868083">
        <ele>499.67471717642917</ele>
      </trkpt>
      <trkpt lat="43.86770999059081" lon="7.228209972381592">
        <ele>498.2110610278607</ele>
      </trkpt>
      <trkpt lat="43.86744998395443" lon="7.228309968486428">
        <ele>500.4055273567551</ele>
      </trkpt>
      <trkpt lat="43.86723993346095" lon="7.228479953482747">
        <ele>504.42880698691204</ele>
      </trkpt>
      <trkpt lat="43.867159970104694" lon="7.228519935160875">
        <ele>505.51444531413665</ele>
      </trkpt>
      <trkpt lat="43.866989985108376" lon="7.228359924629331">
        <ele>506.4924927080642</ele>
      </trkpt>
      <trkpt lat="43.866819916293025" lon="7.228199997916818">
        <ele>504.89708562984293</ele>
      </trkpt>
      <trkpt lat="43.86676996015012" lon="7.228279961273074">
        <ele>506.7131524856725</ele>
      </trkpt>
      <trkpt lat="43.866599975153804" lon="7.228339975699782">
        <ele>506.4886324723514</ele>
      </trkpt>
      <trkpt lat="43.866409957408905" lon="7.228519935160875">
        <ele>509.7504583526965</ele>
      </trkpt>
      <trkpt lat="43.86618993245065" lon="7.228689920157194">
        <ele>510.22113742374444</ele>
      </trkpt>
      <trkpt lat="43.866114830598235" lon="7.228950429707766">
        <ele>512.0499438862128</ele>
      </trkpt>
      <trkpt lat="43.86603998020291" lon="7.229209933429956">
        <ele>516.7422400580696</ele>
      </trkpt>
      <trkpt lat="43.86598994024098" lon="7.229249998927116">
        <ele>518.0608557637349</ele>
      </trkpt>
      <trkpt lat="43.86594995856285" lon="7.2292399406433105">
        <ele>518.9070374865621</ele>
      </trkpt>
      <trkpt lat="43.8659199513495" lon="7.229169951751828">
        <ele>518.280170098793</ele>
      </trkpt>
      <trkpt lat="43.865869995206594" lon="7.229159977287054">
        <ele>518.9543686085947</ele>
      </trkpt>
      <trkpt lat="43.86576999910176" lon="7.229189984500408">
        <ele>520.1096573227346</ele>
      </trkpt>
      <trkpt lat="43.865719959139824" lon="7.229159977287054">
        <ele>519.2320244287575</ele>
      </trkpt>
      <trkpt lat="43.865699926391244" lon="7.229099962860346">
        <ele>519.740236137804</ele>
      </trkpt>
      <trkpt lat="43.86571333743632" lon="7.228698972612619">
        <ele>523.9987402847759</ele>
      </trkpt>
      <trkpt lat="43.86572666466236" lon="7.228297982364893">
        <ele>528.8418722055791</ele>
      </trkpt>
      <trkpt lat="43.865739991888404" lon="7.227899925783277">
        <ele>534.496101427189</ele>
      </trkpt>
      <trkpt lat="43.8657299336046" lon="7.227769922465086">
        <ele>535.9040274903344</ele>
      </trkpt>
      <trkpt lat="43.865699926391244" lon="7.2276899591088295">
        <ele>536.1480946387579</ele>
      </trkpt>
      <trkpt lat="43.86564997024834" lon="7.2276699263602495">
        <ele>536.9021066559382</ele>
      </trkpt>
      <trkpt lat="43.86539692059159" lon="7.2276899591088295">
        <ele>539.6899912667258</ele>
      </trkpt>
      <trkpt lat="43.86514378711581" lon="7.227709908038378">
        <ele>540.4937624015984</ele>
      </trkpt>
      <trkpt lat="43.86488998308778" lon="7.227729940786958">
        <ele>539.9489353205583</ele>
      </trkpt>
      <trkpt lat="43.86461019515991" lon="7.227809904143214">
        <ele>541.2050952054993</ele>
      </trkpt>
      <trkpt lat="43.86432998813689" lon="7.227889951318502">
        <ele>541.9088685578741</ele>
      </trkpt>
      <trkpt lat="43.8640652038157" lon="7.227909900248051">
        <ele>540.3985100492428</ele>
      </trkpt>
      <trkpt lat="43.86379991658032" lon="7.227929932996631">
        <ele>537.380963948651</ele>
      </trkpt>
      <trkpt lat="43.86366999708116" lon="7.227999921888113">
        <ele>537.5759133423325</ele>
      </trkpt>
      <trkpt lat="43.863549968227744" lon="7.228019954636693">
        <ele>535.250315078589</ele>
      </trkpt>
      <trkpt lat="43.863509986549616" lon="7.228079969063401">
        <ele>536.3644087646659</ele>
      </trkpt>
      <trkpt lat="43.863469921052456" lon="7.228209972381592">
        <ele>539.3531884239844</ele>
      </trkpt>
      <trkpt lat="43.86341996490955" lon="7.228279961273074">
        <ele>539.8320379640613</ele>
      </trkpt>
      <trkpt lat="43.86327998712659" lon="7.228319942951202">
        <ele>534.9264938508909</ele>
      </trkpt>
      <trkpt lat="43.863099943846464" lon="7.228469979017973">
        <ele>531.8602170841159</ele>
      </trkpt>
      <trkpt lat="43.863059962168336" lon="7.228389931842685">
        <ele>528.281658163792</ele>
      </trkpt>
      <trkpt lat="43.86285996995866" lon="7.228569975122809">
        <ele>527.0018041076986</ele>
      </trkpt>
      <trkpt lat="43.86270507238805" lon="7.228634934872389">
        <ele>524.2424732980448</ele>
      </trkpt>
      <trkpt lat="43.86254992336035" lon="7.228699978441">
        <ele>520.9848182108403</ele>
      </trkpt>
      <trkpt lat="43.86243995279074" lon="7.2287799417972565">
        <ele>518.9291307649663</ele>
      </trkpt>
      <trkpt lat="43.86231992393732" lon="7.228919919580221">
        <ele>518.0031124512471</ele>
      </trkpt>
      <trkpt lat="43.862259993329644" lon="7.228929977864027">
        <ele>516.095507057314</ele>
      </trkpt>
      <trkpt lat="43.86216997168958" lon="7.228989992290735">
        <ele>515.2348551275578</ele>
      </trkpt>
      <trkpt lat="43.8620999827981" lon="7.228969959542155">
        <ele>513.8579848291496</ele>
      </trkpt>
      <trkpt lat="43.86197995394468" lon="7.229059981182218">
        <ele>513.0139355021333</ele>
      </trkpt>
      <trkpt lat="43.861809968948364" lon="7.229099962860346">
        <ele>511.9910936558134</ele>
      </trkpt>
      <trkpt lat="43.86150528676808" lon="7.229089988395572">
        <ele>514.2194110876211</ele>
      </trkpt>
      <trkpt lat="43.86119993403554" lon="7.229079930111766">
        <ele>515.3652122286194</ele>
      </trkpt>
      <trkpt lat="43.860895251855254" lon="7.229069955646992">
        <ele>516.4042271755624</ele>
      </trkpt>
      <trkpt lat="43.86058998294175" lon="7.229059981182218">
        <ele>519.1044542095979</ele>
      </trkpt>
      <trkpt lat="43.86068997904658" lon="7.229059981182218">
        <ele>518.2634866603255</ele>
      </trkpt>
      <trkpt lat="43.86072501540184" lon="7.2293907310813665">
        <ele>519.0267067510933</ele>
      </trkpt>
      <trkpt lat="43.860759967938066" lon="7.229719972237945">
        <ele>519.5328831150589</ele>
      </trkpt>
      <trkpt lat="43.86076994240284" lon="7.230109982192516">
        <ele>521.4528239545598</ele>
      </trkpt>
      <trkpt lat="43.86074999347329" lon="7.230449952185154">
        <ele>521.9025118320199</ele>
      </trkpt>
      <trkpt lat="43.86068981140852" lon="7.230720520019531">
        <ele>522.6834837234833</ele>
      </trkpt>
      <trkpt lat="43.860629964619875" lon="7.230989998206496">
        <ele>523.6267544413844</ele>
      </trkpt>
      <trkpt lat="43.86050993576646" lon="7.231289986521006">
        <ele>526.0668408389542</ele>
      </trkpt>
      <trkpt lat="43.86041999794543" lon="7.231369949877262">
        <ele>527.0978499785012</ele>
      </trkpt>
      <trkpt lat="43.8601899985224" lon="7.2314599715173244">
        <ele>529.4899052161754</ele>
      </trkpt>
      <trkpt lat="43.860179940238595" lon="7.231659963726997">
        <ele>531.832385015559</ele>
      </trkpt>
      <trkpt lat="43.86020994745195" lon="7.231909995898604">
        <ele>534.2075182515082</ele>
      </trkpt>
      <trkpt lat="43.860199972987175" lon="7.232019966468215">
        <ele>535.5813628978615</ele>
      </trkpt>
      <trkpt lat="43.860144820064306" lon="7.232225406914949">
        <ele>537.671327896438</ele>
      </trkpt>
      <trkpt lat="43.86008991859853" lon="7.232429925352335">
        <ele>540.5496871738949</ele>
      </trkpt>
      <trkpt lat="43.860069969668984" lon="7.2325999941676855">
        <ele>542.6867067785058</ele>
      </trkpt>
      <trkpt lat="43.86008991859853" lon="7.23273997195065">
        <ele>542.4160679862614</ele>
      </trkpt>
      <trkpt lat="43.86014993302524" lon="7.232809960842133">
        <ele>542.6100698183647</ele>
      </trkpt>
      <trkpt lat="43.86039996519685" lon="7.232959996908903">
        <ele>546.7459599578118</ele>
      </trkpt>
      <trkpt lat="43.86040993966162" lon="7.233069967478514">
        <ele>548.1692501160305</ele>
      </trkpt>
      <trkpt lat="43.860439946874976" lon="7.233099974691868">
        <ele>549.4018256602204</ele>
      </trkpt>
      <trkpt lat="43.86056995019317" lon="7.23303996026516">
        <ele>552.51820996746</ele>
      </trkpt>
      <trkpt lat="43.860609931871295" lon="7.23303996026516">
        <ele>553.8731944861295</ele>
      </trkpt>
      <trkpt lat="43.860629964619875" lon="7.233089916408062">
        <ele>555.5953904699543</ele>
      </trkpt>
      <trkpt lat="43.86058998294175" lon="7.233199970796704">
        <ele>556.2006737453451</ele>
      </trkpt>
      <trkpt lat="43.86069995351136" lon="7.23318999633193">
        <ele>559.7052589331688</ele>
      </trkpt>
      <trkpt lat="43.86069995351136" lon="7.233229978010058">
        <ele>560.5249359886665</ele>
      </trkpt>
      <trkpt lat="43.86065997183323" lon="7.233309941366315">
        <ele>560.8602598204812</ele>
      </trkpt>
      <trkpt lat="43.860669946298" lon="7.233339948579669">
        <ele>561.6702563381573</ele>
      </trkpt>
      <trkpt lat="43.860739935189486" lon="7.233319999650121">
        <ele>563.6169004227339</ele>
      </trkpt>
      <trkpt lat="43.86069995351136" lon="7.2334399446845055">
        <ele>564.5197722486657</ele>
      </trkpt>
      <trkpt lat="43.86071998625994" lon="7.23346995189786">
        <ele>565.9274211856981</ele>
      </trkpt>
      <trkpt lat="43.860759967938066" lon="7.233399963006377">
        <ele>566.0471790825912</ele>
      </trkpt>
      <trkpt lat="43.860779916867614" lon="7.233399963006377">
        <ele>566.690197627543</ele>
      </trkpt>
      <trkpt lat="43.860779916867614" lon="7.233459977433085">
        <ele>568.0765636714766</ele>
      </trkpt>
      <trkpt lat="43.86083993129432" lon="7.233479926362634">
        <ele>570.0166132723112</ele>
      </trkpt>
      <trkpt lat="43.8608599640429" lon="7.233569948002696">
        <ele>573.0057044773222</ele>
      </trkpt>
      <trkpt lat="43.86089994572103" lon="7.23357992246747">
        <ele>574.3999952993315</ele>
      </trkpt>
      <trkpt lat="43.86099994182587" lon="7.233699951320887">
        <ele>578.1059309756632</ele>
      </trkpt>
      <trkpt lat="43.861059956252575" lon="7.233929950743914">
        <ele>582.9646513890543</ele>
      </trkpt>
      <trkpt lat="43.86115995235741" lon="7.234159950166941">
        <ele>588.0062482333017</ele>
      </trkpt>
      <trkpt lat="43.86119993403554" lon="7.234169924631715">
        <ele>588.0147996362665</ele>
      </trkpt>
      <trkpt lat="43.8612399995327" lon="7.234149975702167">
        <ele>587.108828394192</ele>
      </trkpt>
      <trkpt lat="43.86126992292702" lon="7.234109994024038">
        <ele>586.4898720658598</ele>
      </trkpt>
      <trkpt lat="43.86130998842418" lon="7.2340999357402325">
        <ele>587.1767496362263</ele>
      </trkpt>
      <trkpt lat="43.861359944567084" lon="7.234189957380295">
        <ele>589.9002877748735</ele>
      </trkpt>
      <trkpt lat="43.861489947885275" lon="7.234109994024038">
        <ele>591.1815953748942</ele>
      </trkpt>
      <trkpt lat="43.86153998784721" lon="7.234059954062104">
        <ele>591.5708549915524</ele>
      </trkpt>
      <trkpt lat="43.861599918454885" lon="7.234059954062104">
        <ele>592.7269303230677</ele>
      </trkpt>
      <trkpt lat="43.861619951203465" lon="7.234089961275458">
        <ele>593.4927459705273</ele>
      </trkpt>
      <trkpt lat="43.86160997673869" lon="7.234149975702167">
        <ele>594.0652022562174</ele>
      </trkpt>
      <trkpt lat="43.86156999506056" lon="7.2343499679118395">
        <ele>598.0210234467658</ele>
      </trkpt>
      <trkpt lat="43.86151995509863" lon="7.234449964016676">
        <ele>598.9842973781026</ele>
      </trkpt>
      <trkpt lat="43.86151995509863" lon="7.234509978443384">
        <ele>600.2218743653087</ele>
      </trkpt>
      <trkpt lat="43.861619951203465" lon="7.23445993848145">
        <ele>600.9429229948126</ele>
      </trkpt>
      <trkpt lat="43.86185992509127" lon="7.234629923477769">
        <ele>607.7529219683637</ele>
      </trkpt>
      <trkpt lat="43.862020103260875" lon="7.234895210713148">
        <ele>617.7297087995128</ele>
      </trkpt>
      <trkpt lat="43.862179946154356" lon="7.235159995034337">
        <ele>622.1181122812457</ele>
      </trkpt>
      <trkpt lat="43.862219927832484" lon="7.235449925065041">
        <ele>624.6707041965432</ele>
      </trkpt>
      <trkpt lat="43.862179946154356" lon="7.235749997198582">
        <ele>627.9509689120284</ele>
      </trkpt>
      <trkpt lat="43.86207995004952" lon="7.2359199821949005">
        <ele>633.6702624815598</ele>
      </trkpt>
      <trkpt lat="43.86203988455236" lon="7.236200608313084">
        <ele>637.4660949984257</ele>
      </trkpt>
      <trkpt lat="43.86199998669326" lon="7.236479977145791">
        <ele>642.5243494818178</ele>
      </trkpt>
      <trkpt lat="43.86198992840946" lon="7.236859928816557">
        <ele>646.0989295771047</ele>
      </trkpt>
      <trkpt lat="43.8619599211961" lon="7.23709998652339">
        <ele>647.9613453026457</ele>
      </trkpt>
      <trkpt lat="43.86192999780178" lon="7.237119935452938">
        <ele>649.9557340416425</ele>
      </trkpt>
      <trkpt lat="43.86187995783985" lon="7.2372399643063545">
        <ele>652.6841060603892</ele>
      </trkpt>
      <trkpt lat="43.86182991787791" lon="7.237599967047572">
        <ele>656.543129525956</ele>
      </trkpt>
      <trkpt lat="43.861789936199784" lon="7.237539952620864">
        <ele>658.0617774240573</ele>
      </trkpt>
      <trkpt lat="43.86177996173501" lon="7.2374199237674475">
        <ele>658.2080469768277</ele>
      </trkpt>
      <trkpt lat="43.86175992898643" lon="7.2374199237674475">
        <ele>659.3284722551672</ele>
      </trkpt>
      <trkpt lat="43.86171483434737" lon="7.237630393356085">
        <ele>661.8447714172038</ele>
      </trkpt>
      <trkpt lat="43.8616699911654" lon="7.237839940935373">
        <ele>664.5131096012021</ele>
      </trkpt>
      <trkpt lat="43.861619951203465" lon="7.2378999553620815">
        <ele>666.3105913309173</ele>
      </trkpt>
      <trkpt lat="43.86160997673869" lon="7.237999951466918">
        <ele>667.3640428368022</ele>
      </trkpt>
      <trkpt lat="43.86153998784721" lon="7.238029958680272">
        <ele>668.8473828082035</ele>
      </trkpt>
      <trkpt lat="43.86142482049763" lon="7.238215114921331">
        <ele>672.0363468659148</ele>
      </trkpt>
      <trkpt lat="43.86130998842418" lon="7.238399935886264">
        <ele>676.0793122849255</ele>
      </trkpt>
      <trkpt lat="43.86134997010231" lon="7.238749964162707">
        <ele>679.2031095582389</ele>
      </trkpt>
      <trkpt lat="43.861339995637536" lon="7.238879967480898">
        <ele>680.6201351266939</ele>
      </trkpt>
      <trkpt lat="43.861339995637536" lon="7.239059926941991">
        <ele>682.9871792953599</ele>
      </trkpt>
      <trkpt lat="43.8612899556756" lon="7.2392199374735355">
        <ele>683.7764159626217</ele>
      </trkpt>
      <trkpt lat="43.86135005392134" lon="7.23944541066885">
        <ele>685.8838109471249</ele>
      </trkpt>
      <trkpt lat="43.86140998452902" lon="7.2396699618548155">
        <ele>687.3063767741365</ele>
      </trkpt>
      <trkpt lat="43.861379977315664" lon="7.239989982917905">
        <ele>689.31326152673</ele>
      </trkpt>
      <trkpt lat="43.86132993735373" lon="7.240179916843772">
        <ele>688.4172278868862</ele>
      </trkpt>
      <trkpt lat="43.86134997010231" lon="7.240339927375317">
        <ele>687.4229940243101</ele>
      </trkpt>
      <trkpt lat="43.8614799734205" lon="7.240589959546924">
        <ele>685.9402215582465</ele>
      </trkpt>
      <trkpt lat="43.8615299295634" lon="7.240749970078468">
        <ele>685.3585008444345</ele>
      </trkpt>
      <trkpt lat="43.86149992235005" lon="7.241039983928204">
        <ele>683.0551088970603</ele>
      </trkpt>
      <trkpt lat="43.8615299295634" lon="7.241169987246394">
        <ele>682.1637817512154</ele>
      </trkpt>
      <trkpt lat="43.86173495091498" lon="7.241360004991293">
        <ele>682.0505406494837</ele>
      </trkpt>
      <trkpt lat="43.861939972266555" lon="7.24154993891716">
        <ele>682.0723848415441</ele>
      </trkpt>
      <trkpt lat="43.86199998669326" lon="7.241759989410639">
        <ele>681.5361682730224</ele>
      </trkpt>
      <trkpt lat="43.86192999780178" lon="7.242039944976568">
        <ele>678.8303029620017</ele>
      </trkpt>
      <trkpt lat="43.86196997947991" lon="7.2420799266546965">
        <ele>679.9548781688329</ele>
      </trkpt>
      <trkpt lat="43.86196997947991" lon="7.2421499993652105">
        <ele>680.4442104761557</ele>
      </trkpt>
      <trkpt lat="43.86189999058843" lon="7.242549983784556">
        <ele>681.2936665553884</ele>
      </trkpt>
      <trkpt lat="43.86189999058843" lon="7.242629947140813">
        <ele>680.9051442817394</ele>
      </trkpt>
      <trkpt lat="43.86196997947991" lon="7.242789957672358">
        <ele>683.5341983488572</ele>
      </trkpt>
      <trkpt lat="43.8619599211961" lon="7.243040576577187">
        <ele>684.1358416265382</ele>
      </trkpt>
      <trkpt lat="43.86194994673133" lon="7.24328993819654">
        <ele>686.6365591530149</ele>
      </trkpt>
      <trkpt lat="43.86198992840946" lon="7.24343997426331">
        <ele>689.0972233343158</ele>
      </trkpt>
      <trkpt lat="43.86199998669326" lon="7.243569977581501">
        <ele>690.2040720286407</ele>
      </trkpt>
      <trkpt lat="43.8619548920542" lon="7.2438104543834925">
        <ele>690.4813457246582</ele>
      </trkpt>
      <trkpt lat="43.8619099650532" lon="7.244049925357103">
        <ele>690.7782514323883</ele>
      </trkpt>
      <trkpt lat="43.86187995783985" lon="7.2443499974906445">
        <ele>691.8441562406638</ele>
      </trkpt>
      <trkpt lat="43.86189999058843" lon="7.2445799969136715">
        <ele>692.7496208723361</ele>
      </trkpt>
      <trkpt lat="43.86199998669326" lon="7.244889959692955">
        <ele>694.1966979472941</ele>
      </trkpt>
      <trkpt lat="43.862045081332326" lon="7.245120462030172">
        <ele>693.7784550445093</ele>
      </trkpt>
      <trkpt lat="43.862089924514294" lon="7.245349958539009">
        <ele>694.7272259411978</ele>
      </trkpt>
      <trkpt lat="43.86208497919142" lon="7.2457509487867355">
        <ele>694.5011011451638</ele>
      </trkpt>
      <trkpt lat="43.86207995004952" lon="7.246149927377701">
        <ele>695.4879496427886</ele>
      </trkpt>
      <trkpt lat="43.86205991730094" lon="7.246279930695891">
        <ele>696.6878769156717</ele>
      </trkpt>
      <trkpt lat="43.86200996115804" lon="7.24635997787118">
        <ele>697.137358106588</ele>
      </trkpt>
      <trkpt lat="43.86188993230462" lon="7.24646994844079">
        <ele>696.8284474781117</ele>
      </trkpt>
      <trkpt lat="43.86179999448359" lon="7.246619984507561">
        <ele>697.6148840844315</ele>
      </trkpt>
      <trkpt lat="43.861639983952045" lon="7.246959954500198">
        <ele>699.4613880368368</ele>
      </trkpt>
      <trkpt lat="43.861769987270236" lon="7.246949980035424">
        <ele>702.4926448966446</ele>
      </trkpt>
      <trkpt lat="43.86183997616172" lon="7.24691997282207">
        <ele>703.8392190478586</ele>
      </trkpt>
      <trkpt lat="43.86185992509127" lon="7.246959954500198">
        <ele>705.0399802342148</ele>
      </trkpt>
      <trkpt lat="43.86177996173501" lon="7.247229935601354">
        <ele>706.4783481185668</ele>
      </trkpt>
      <trkpt lat="43.861789936199784" lon="7.247389946132898">
        <ele>708.954974878929</ele>
      </trkpt>
      <trkpt lat="43.86183997616172" lon="7.2474499605596066">
        <ele>711.4778537623143</ele>
      </trkpt>
      <trkpt lat="43.86179999448359" lon="7.247769981622696">
        <ele>713.7471909172768</ele>
      </trkpt>
      <trkpt lat="43.86182991787791" lon="7.248039962723851">
        <ele>717.1326506656762</ele>
      </trkpt>
      <trkpt lat="43.861919939517975" lon="7.248389991000295">
        <ele>723.1072107844215</ele>
      </trkpt>
      <trkpt lat="43.86198992840946" lon="7.248379932716489">
        <ele>725.4208193905234</ele>
      </trkpt>
      <trkpt lat="43.86201993562281" lon="7.2485399432480335">
        <ele>728.1132047873739</ele>
      </trkpt>
      <trkpt lat="43.86216997168958" lon="7.2487899754196405">
        <ele>734.9448871484643</ele>
      </trkpt>
      <trkpt lat="43.862219927832484" lon="7.2487899754196405">
        <ele>736.682703046364</ele>
      </trkpt>
      <trkpt lat="43.86228991672397" lon="7.248869938775897">
        <ele>739.2363952118936</ele>
      </trkpt>
      <trkpt lat="43.86240994557738" lon="7.249209992587566">
        <ele>743.8194831668591</ele>
      </trkpt>
      <trkpt lat="43.86247004382312" lon="7.249420378357172">
        <ele>746.2451285129523</ele>
      </trkpt>
      <trkpt lat="43.8625299744308" lon="7.2496299259364605">
        <ele>748.3282775135818</ele>
      </trkpt>
      <trkpt lat="43.86263994500041" lon="7.249759929254651">
        <ele>753.3200439918055</ele>
      </trkpt>
      <trkpt lat="43.86263994500041" lon="7.2498599253594875">
        <ele>752.9632300586122</ele>
      </trkpt>
      <trkpt lat="43.86277514509857" lon="7.2501202672719955">
        <ele>759.0038555377332</ele>
      </trkpt>
      <trkpt lat="43.862909926101565" lon="7.25037993863225">
        <ele>764.2619167228204</ele>
      </trkpt>
      <trkpt lat="43.863055100664496" lon="7.250605160370469">
        <ele>770.8998088871315</ele>
      </trkpt>
      <trkpt lat="43.8631999399513" lon="7.25082996301353">
        <ele>777.0314519379306</ele>
      </trkpt>
      <trkpt lat="43.86329515837133" lon="7.251105476170778">
        <ele>779.3709997694675</ele>
      </trkpt>
      <trkpt lat="43.8633899576962" lon="7.251379983499646">
        <ele>782.2062760208952</ele>
      </trkpt>
      <trkpt lat="43.863565139472485" lon="7.251680307090282">
        <ele>789.9782264348185</ele>
      </trkpt>
      <trkpt lat="43.86373998597264" lon="7.251979960128665">
        <ele>798.3244024920806</ele>
      </trkpt>
      <trkpt lat="43.86379991658032" lon="7.252399977296591">
        <ele>798.2355409255135</ele>
      </trkpt>
      <trkpt lat="43.86394995264709" lon="7.25271999835968">
        <ele>806.3801341965842</ele>
      </trkpt>
      <trkpt lat="43.86401508003473" lon="7.252975478768349">
        <ele>810.1644566187144</ele>
      </trkpt>
      <trkpt lat="43.86407995596528" lon="7.253229953348637">
        <ele>813.9303670943568</ele>
      </trkpt>
      <trkpt lat="43.86422513052821" lon="7.253500269725919">
        <ele>822.1331161938871</ele>
      </trkpt>
      <trkpt lat="43.864369969815016" lon="7.253769999369979">
        <ele>829.9307129831899</ele>
      </trkpt>
      <trkpt lat="43.8644399587065" lon="7.253849962726235">
        <ele>834.5371890198751</ele>
      </trkpt>
      <trkpt lat="43.86446996591985" lon="7.253779973834753">
        <ele>836.5717110875308</ele>
      </trkpt>
      <trkpt lat="43.86446996591985" lon="7.253679977729917">
        <ele>836.7430196174265</ele>
      </trkpt>
      <trkpt lat="43.864499973133206" lon="7.253599930554628">
        <ele>839.0330227839448</ele>
      </trkpt>
      <trkpt lat="43.86454992927611" lon="7.2538799699395895">
        <ele>841.8893716209823</ele>
      </trkpt>
      <trkpt lat="43.86454992927611" lon="7.254119943827391">
        <ele>842.9766978426121</ele>
      </trkpt>
      <trkpt lat="43.86472997255623" lon="7.254259921610355">
        <ele>852.0874536432484</ele>
      </trkpt>
      <trkpt lat="43.864909932017326" lon="7.254479946568608">
        <ele>860.040682153653</ele>
      </trkpt>
      <trkpt lat="43.865050161257386" lon="7.254760321229696">
        <ele>865.4167814335507</ele>
      </trkpt>
      <trkpt lat="43.86518997140229" lon="7.255039941519499">
        <ele>870.7288072473009</ele>
      </trkpt>
      <trkpt lat="43.865289967507124" lon="7.255349988117814">
        <ele>873.9645807261539</ele>
      </trkpt>
      <trkpt lat="43.86544997803867" lon="7.255589962005615">
        <ele>880.306054094124</ele>
      </trkpt>
      <trkpt lat="43.86544997803867" lon="7.2554299514740705">
        <ele>881.2427028005391</ele>
      </trkpt>
      <trkpt lat="43.865525079891086" lon="7.255655340850353">
        <ele>883.5904562842763</ele>
      </trkpt>
      <trkpt lat="43.86559993028641" lon="7.2558799758553505">
        <ele>885.177351886111</ele>
      </trkpt>
      <trkpt lat="43.865679977461696" lon="7.256039986386895">
        <ele>886.6073548075362</ele>
      </trkpt>
      <trkpt lat="43.865850046277046" lon="7.256246684119105">
        <ele>891.1795164951077</ele>
      </trkpt>
      <trkpt lat="43.8660201150924" lon="7.256453465670347">
        <ele>896.5889174528388</ele>
      </trkpt>
      <trkpt lat="43.86618993245065" lon="7.256659911945462">
        <ele>901.2818300885526</ele>
      </trkpt>
      <trkpt lat="43.866360001266" lon="7.256866693496704">
        <ele>905.5856239880952</ele>
      </trkpt>
      <trkpt lat="43.866530153900385" lon="7.257073475047946">
        <ele>909.9639588070497</ele>
      </trkpt>
      <trkpt lat="43.86669997125864" lon="7.257279921323061">
        <ele>915.5743737330483</ele>
      </trkpt>
      <trkpt lat="43.86680994182825" lon="7.257529953494668">
        <ele>918.6111339591571</ele>
      </trkpt>
      <trkpt lat="43.86680994182825" lon="7.257579993456602">
        <ele>918.1849767840706</ele>
      </trkpt>
      <trkpt lat="43.86699995957315" lon="7.257709996774793">
        <ele>925.1055485499355</ele>
      </trkpt>
      <trkpt lat="43.86703994125128" lon="7.2578399162739515">
        <ele>926.1084248125757</ele>
      </trkpt>
      <trkpt lat="43.86719995178282" lon="7.258129930123687">
        <ele>931.3320427842015</ele>
      </trkpt>
      <trkpt lat="43.86727999895811" lon="7.258189944550395">
        <ele>933.689162760301</ele>
      </trkpt>
      <trkpt lat="43.86729994788766" lon="7.25802993401885">
        <ele>936.668010957132</ele>
      </trkpt>
      <trkpt lat="43.86732995510101" lon="7.257999926805496">
        <ele>938.403334425522</ele>
      </trkpt>
      <trkpt lat="43.867479991167784" lon="7.25836998783052">
        <ele>938.8392274877617</ele>
      </trkpt>
      <trkpt lat="43.86749994009733" lon="7.258279966190457">
        <ele>941.639430739336</ele>
      </trkpt>
      <trkpt lat="43.867484936490655" lon="7.258014343678951">
        <ele>944.8534642045272</ele>
      </trkpt>
      <trkpt lat="43.86746993288398" lon="7.257749978452921">
        <ele>948.8675648187811</ele>
      </trkpt>
      <trkpt lat="43.86742995120585" lon="7.257549986243248">
        <ele>950.8720414884594</ele>
      </trkpt>
      <trkpt lat="43.86768995784223" lon="7.257794989272952">
        <ele>958.7607590939132</ele>
      </trkpt>
      <trkpt lat="43.86794996447861" lon="7.258039992302656">
        <ele>966.4684998420005</ele>
      </trkpt>
      <trkpt lat="43.86813998222351" lon="7.258319947868586">
        <ele>969.211770242589</ele>
      </trkpt>
      <trkpt lat="43.86821994557977" lon="7.2583099734038115">
        <ele>973.7843512616332</ele>
      </trkpt>
      <trkpt lat="43.86839998885989" lon="7.258589928969741">
        <ele>970.9643429309546</ele>
      </trkpt>
      <trkpt lat="43.86855999939144" lon="7.258689925074577">
        <ele>975.6852443312833</ele>
      </trkpt>
      <trkpt lat="43.86861992999911" lon="7.258759997785091">
        <ele>976.9215442157498</ele>
      </trkpt>
      <trkpt lat="43.86877994053066" lon="7.258879942819476">
        <ele>980.8284757355439</ele>
      </trkpt>
      <trkpt lat="43.8689399510622" lon="7.258999971672893">
        <ele>985.626885858838</ele>
      </trkpt>
      <trkpt lat="43.86911999434233" lon="7.25920993834734">
        <ele>993.1316230488354</ele>
      </trkpt>
      <trkpt lat="43.8693699426949" lon="7.2594299633055925">
        <ele>1005.2980130416624</ele>
      </trkpt>
      <trkpt lat="43.86953992769122" lon="7.259489977732301">
        <ele>1011.8647920997728</ele>
      </trkpt>
      <trkpt lat="43.869609916582704" lon="7.259589973837137">
        <ele>1015.5189557956901</ele>
      </trkpt>
      <trkpt lat="43.86964998207986" lon="7.259529959410429">
        <ele>1016.0673690219526</ele>
      </trkpt>
      <trkpt lat="43.86976992711425" lon="7.259509926661849">
        <ele>1020.8212498899672</ele>
      </trkpt>
      <trkpt lat="43.86983999982476" lon="7.259549992159009">
        <ele>1023.0315948078876</ele>
      </trkpt>
      <trkpt lat="43.86989993043244" lon="7.259469944983721">
        <ele>1025.7097916184769</ele>
      </trkpt>
      <trkpt lat="43.8699899520725" lon="7.259499952197075">
        <ele>1028.5062364623445</ele>
      </trkpt>
      <trkpt lat="43.87002993375063" lon="7.259399956092238">
        <ele>1031.4325388876232</ele>
      </trkpt>
      <trkpt lat="43.87009992264211" lon="7.259399956092238">
        <ele>1034.28707496431</ele>
      </trkpt>
      <trkpt lat="43.87024995870888" lon="7.259489977732301">
        <ele>1039.6398837761708</ele>
      </trkpt>
      <trkpt lat="43.87030997313559" lon="7.259479919448495">
        <ele>1042.714012116493</ele>
      </trkpt>
      <trkpt lat="43.87013998813927" lon="7.259289985522628">
        <ele>1038.3957240918066</ele>
      </trkpt>
      <trkpt lat="43.8701799698174" lon="7.259269952774048">
        <ele>1040.2751631365463</ele>
      </trkpt>
      <trkpt lat="43.87030997313559" lon="7.259309934452176">
        <ele>1044.678820397105</ele>
      </trkpt>
      <trkpt lat="43.87037996202707" lon="7.259299959987402">
        <ele>1047.5733282675899</ele>
      </trkpt>
      <trkpt lat="43.87045992538333" lon="7.25935997441411">
        <ele>1048.9886832728453</ele>
      </trkpt>
      <trkpt lat="43.87047995813191" lon="7.25922997109592">
        <ele>1053.4032571599603</ele>
      </trkpt>
      <trkpt lat="43.870729990303516" lon="7.259299959987402">
        <ele>1061.6508398854303</ele>
      </trkpt>
      <trkpt lat="43.87086996808648" lon="7.259289985522628">
        <ele>1067.7048966415828</ele>
      </trkpt>
      <trkpt lat="43.87094993144274" lon="7.259309934452176">
        <ele>1071.150686428836</ele>
      </trkpt>
      <trkpt lat="43.871094938367605" lon="7.2594149596989155">
        <ele>1077.5074227547648</ele>
      </trkpt>
      <trkpt lat="43.87123994529247" lon="7.259519984945655">
        <ele>1081.8921391003385</ele>
      </trkpt>
      <trkpt lat="43.871119916439056" lon="7.259559966623783">
        <ele>1080.553050653933</ele>
      </trkpt>
      <trkpt lat="43.87124991975725" lon="7.259599948301911">
        <ele>1083.458802982978</ele>
      </trkpt>
      <trkpt lat="43.871159981936216" lon="7.259729951620102">
        <ele>1085.4635584793086</ele>
      </trkpt>
      <trkpt lat="43.87101992033422" lon="7.260059947147965">
        <ele>1091.5816739939755</ele>
      </trkpt>
      <trkpt lat="43.87101992033422" lon="7.260159943252802">
        <ele>1094.1685521962872</ele>
      </trkpt>
      <trkpt lat="43.87092998251319" lon="7.2602899465709925">
        <ele>1095.9561435781306</ele>
      </trkpt>
      <trkpt lat="43.87088991701603" lon="7.260459931567311">
        <ele>1099.3667794328837</ele>
      </trkpt>
      <trkpt lat="43.870749939233065" lon="7.260639974847436">
        <ele>1101.6422118422483</ele>
      </trkpt>
      <trkpt lat="43.870729990303516" lon="7.260789927095175">
        <ele>1104.7575416950306</ele>
      </trkpt>
      <trkpt lat="43.87056997977197" lon="7.261049933731556">
        <ele>1109.4474433374494</ele>
      </trkpt>
      <trkpt lat="43.870519855991006" lon="7.261400800198317">
        <ele>1114.3922999473111</ele>
      </trkpt>
      <trkpt lat="43.870469983667135" lon="7.261749990284443">
        <ele>1119.528475543444</ele>
      </trkpt>
      <trkpt lat="43.87038993649185" lon="7.262049978598952">
        <ele>1121.3121588871572</ele>
      </trkpt>
      <trkpt lat="43.870469983667135" lon="7.262449963018298">
        <ele>1125.254122621097</ele>
      </trkpt>
      <trkpt lat="43.8704199437052" lon="7.262529926374555">
        <ele>1124.0783550883098</ele>
      </trkpt>
      <trkpt lat="43.87040996924043" lon="7.262869980186224">
        <ele>1122.0880703451428</ele>
      </trkpt>
      <trkpt lat="43.87043997645378" lon="7.263159994035959">
        <ele>1121.2143372486978</ele>
      </trkpt>
      <trkpt lat="43.87053997255862" lon="7.263369960710406">
        <ele>1120.6044037757874</ele>
      </trkpt>
      <trkpt lat="43.87062513269484" lon="7.263780841603875">
        <ele>1114.8368160028683</ele>
      </trkpt>
      <trkpt lat="43.870709957554936" lon="7.264189962297678">
        <ele>1111.4780166074681</ele>
      </trkpt>
      <trkpt lat="43.8707600813359" lon="7.264510653913021">
        <ele>1108.6020757253243</ele>
      </trkpt>
      <trkpt lat="43.87080995365977" lon="7.264829920604825">
        <ele>1107.9117570472022</ele>
      </trkpt>
      <trkpt lat="43.87077994644642" lon="7.2649999894201756">
        <ele>1108.3923334530675</ele>
      </trkpt>
      <trkpt lat="43.87066486291587" lon="7.265155054628849">
        <ele>1107.9174461735463</ele>
      </trkpt>
      <trkpt lat="43.87054994702339" lon="7.265309952199459">
        <ele>1109.5203517433306</ele>
      </trkpt>
      <trkpt lat="43.87050996534526" lon="7.26541992276907">
        <ele>1110.497589123981</ele>
      </trkpt>
      <trkpt lat="43.87036479078233" lon="7.265695268288255">
        <ele>1113.4000682319363</ele>
      </trkpt>
      <trkpt lat="43.87021995149553" lon="7.265969943255186">
        <ele>1119.0428591906048</ele>
      </trkpt>
      <trkpt lat="43.87010998092592" lon="7.266249982640147">
        <ele>1127.2787774644576</ele>
      </trkpt>
      <trkpt lat="43.87006999924779" lon="7.266509989276528">
        <ele>1136.139150971723</ele>
      </trkpt>
      <trkpt lat="43.87000998482108" lon="7.266639992594719">
        <ele>1140.499299467936</ele>
      </trkpt>
      <trkpt lat="43.869999926537275" lon="7.2667299304157495">
        <ele>1143.4907457550194</ele>
      </trkpt>
      <trkpt lat="43.8699399959296" lon="7.2668999992311">
        <ele>1149.0528860921577</ele>
      </trkpt>
      <trkpt lat="43.87000998482108" lon="7.266939980909228">
        <ele>1150.6078592508823</ele>
      </trkpt>
      <trkpt lat="43.8699399959296" lon="7.267039977014065">
        <ele>1154.3901868111825</ele>
      </trkpt>
      <trkpt lat="43.87002993375063" lon="7.2671799547970295">
        <ele>1161.1989676097264</ele>
      </trkpt>
      <trkpt lat="43.86987998150289" lon="7.267299899831414">
        <ele>1167.0272838107803</ele>
      </trkpt>
      <trkpt lat="43.86972994543612" lon="7.267419928684831">
        <ele>1173.0344228523777</ele>
      </trkpt>
      <trkpt lat="43.869629949331284" lon="7.267519924789667">
        <ele>1177.2544293185895</ele>
      </trkpt>
      <trkpt lat="43.86965995654464" lon="7.267679935321212">
        <ele>1185.8487808346904</ele>
      </trkpt>
      <trkpt lat="43.869629949331284" lon="7.267819996923208">
        <ele>1192.5018867893245</ele>
      </trkpt>
      <trkpt lat="43.869439931586385" lon="7.2680899780243635">
        <ele>1204.6352219938321</ele>
      </trkpt>
      <trkpt lat="43.869329961016774" lon="7.268109926953912">
        <ele>1205.1168012876979</ele>
      </trkpt>
      <trkpt lat="43.8693699426949" lon="7.268209923058748">
        <ele>1209.7733094388366</ele>
      </trkpt>
      <trkpt lat="43.869269946590066" lon="7.2682899702340364">
        <ele>1211.297922766564</ele>
      </trkpt>
      <trkpt lat="43.86927992105484" lon="7.268329951912165">
        <ele>1213.590993602332</ele>
      </trkpt>
      <trkpt lat="43.869329961016774" lon="7.268369933590293">
        <ele>1216.854746182504</ele>
      </trkpt>
      <trkpt lat="43.86925997212529" lon="7.268449980765581">
        <ele>1217.9709347632534</ele>
      </trkpt>
      <trkpt lat="43.86935996823013" lon="7.26859993301332">
        <ele>1226.767885255975</ele>
      </trkpt>
      <trkpt lat="43.869269946590066" lon="7.268699929118156">
        <ele>1228.989025340667</ele>
      </trkpt>
      <trkpt lat="43.869289979338646" lon="7.268789950758219">
        <ele>1233.6051217835404</ele>
      </trkpt>
      <trkpt lat="43.86941998265684" lon="7.268935041502118">
        <ele>1242.5798308137769</ele>
      </trkpt>
      <trkpt lat="43.86954998597503" lon="7.269079964607954">
        <ele>1250.5895313186727</ele>
      </trkpt>
      <trkpt lat="43.869479997083545" lon="7.2691999934613705">
        <ele>1256.907373005076</ele>
      </trkpt>
      <trkpt lat="43.869629949331284" lon="7.269369978457689">
        <ele>1265.5310386535511</ele>
      </trkpt>
      <trkpt lat="43.86941998265684" lon="7.269489923492074">
        <ele>1272.2142751988456</ele>
      </trkpt>
      <trkpt lat="43.869289979338646" lon="7.269699973985553">
        <ele>1281.5483467910592</ele>
      </trkpt>
      <trkpt lat="43.86941000819206" lon="7.269845064729452">
        <ele>1288.852149092227</ele>
      </trkpt>
      <trkpt lat="43.86952995322645" lon="7.269989987835288">
        <ele>1295.8874572501936</ele>
      </trkpt>
      <trkpt lat="43.86940992437303" lon="7.2700899839401245">
        <ele>1300.8571705151628</ele>
      </trkpt>
      <trkpt lat="43.869479997083545" lon="7.270149998366833">
        <ele>1303.8777615087756</ele>
      </trkpt>
      <trkpt lat="43.86944998987019" lon="7.270169947296381">
        <ele>1304.9036270177976</ele>
      </trkpt>
      <trkpt lat="43.86951997876167" lon="7.270279917865992">
        <ele>1310.306898600087</ele>
      </trkpt>
      <trkpt lat="43.8693699426949" lon="7.270349990576506">
        <ele>1313.6854979029058</ele>
      </trkpt>
      <trkpt lat="43.86944998987019" lon="7.27048996835947">
        <ele>1320.5627440880207</ele>
      </trkpt>
      <trkpt lat="43.86935996823013" lon="7.270539924502373">
        <ele>1322.6114513180626</ele>
      </trkpt>
      <trkpt lat="43.869479997083545" lon="7.270689960569143">
        <ele>1330.2737570223373</ele>
      </trkpt>
      <trkpt lat="43.869739919900894" lon="7.270849971100688">
        <ele>1337.6802649251288</ele>
      </trkpt>
      <trkpt lat="43.86989993043244" lon="7.271079970523715">
        <ele>1347.1446640875945</ele>
      </trkpt>
      <trkpt lat="43.87000998482108" lon="7.271149959415197">
        <ele>1349.9906676462701</ele>
      </trkpt>
      <trkpt lat="43.87019991874695" lon="7.271309969946742">
        <ele>1356.3195236717906</ele>
      </trkpt>
      <trkpt lat="43.870169995352626" lon="7.271479954943061">
        <ele>1361.0787556454973</ele>
      </trkpt>
      <trkpt lat="43.87026999145746" lon="7.271879939362407">
        <ele>1370.1172012579125</ele>
      </trkpt>
      <trkpt lat="43.87023998424411" lon="7.271989993751049">
        <ele>1371.819537745703</ele>
      </trkpt>
      <trkpt lat="43.870279965922236" lon="7.272349996492267">
        <ele>1374.8857139634051</ele>
      </trkpt>
      <trkpt lat="43.870319947600365" lon="7.272539930418134">
        <ele>1375.7033462471932</ele>
      </trkpt>
      <trkpt lat="43.87025993317366" lon="7.272719973698258">
        <ele>1376.9336477583051</ele>
      </trkpt>
      <trkpt lat="43.87025993317366" lon="7.27295994758606">
        <ele>1377.1445126080548</ele>
      </trkpt>
      <trkpt lat="43.8702299259603" lon="7.27295994758606">
        <ele>1377.8418128677272</ele>
      </trkpt>
      <trkpt lat="43.870169995352626" lon="7.273049969226122">
        <ele>1376.8951986765678</ele>
      </trkpt>
      <trkpt lat="43.87007997371256" lon="7.273079976439476">
        <ele>1377.457890295686</ele>
      </trkpt>
      <trkpt lat="43.86989993043244" lon="7.272869925945997">
        <ele>1386.8513107563379</ele>
      </trkpt>
      <trkpt lat="43.86970018967986" lon="7.272844947874546">
        <ele>1391.9413410758716</ele>
      </trkpt>
      <trkpt lat="43.86949994601309" lon="7.272819969803095">
        <ele>1396.7091811602877</ele>
      </trkpt>
      <trkpt lat="43.8693699426949" lon="7.272719973698258">
        <ele>1400.499167185642</ele>
      </trkpt>
      <trkpt lat="43.86914991773665" lon="7.272739922627807">
        <ele>1404.9465815367253</ele>
      </trkpt>
      <trkpt lat="43.86911999434233" lon="7.272859951481223">
        <ele>1403.7023054072515</ele>
      </trkpt>
      <trkpt lat="43.869009939953685" lon="7.272879984229803">
        <ele>1403.5831213404654</ele>
      </trkpt>
      <trkpt lat="43.86890994384885" lon="7.272799937054515">
        <ele>1406.020086099793</ele>
      </trkpt>
      <trkpt lat="43.86861992999911" lon="7.272829944267869">
        <ele>1407.908748986261</ele>
      </trkpt>
      <trkpt lat="43.868409963324666" lon="7.27267999202013">
        <ele>1408.763704082647</ele>
      </trkpt>
      <trkpt lat="43.868319941684604" lon="7.272559963166714">
        <ele>1410.029342629543</ele>
      </trkpt>
      <trkpt lat="43.868169989436865" lon="7.2724999487400055">
        <ele>1408.3149997879113</ele>
      </trkpt>
      <trkpt lat="43.86805993504822" lon="7.27250992320478">
        <ele>1406.3175155766476</ele>
      </trkpt>
      <trkpt lat="43.86787997558713" lon="7.272419985383749">
        <ele>1405.722247813368</ele>
      </trkpt>
      <trkpt lat="43.867849968373775" lon="7.272349996492267">
        <ele>1406.1983456785124</ele>
      </trkpt>
      <trkpt lat="43.86780998669565" lon="7.2723199892789125">
        <ele>1405.9428723709004</ele>
      </trkpt>
      <trkpt lat="43.867739997804165" lon="7.272339938208461">
        <ele>1403.3740183581915</ele>
      </trkpt>
      <trkpt lat="43.86757998727262" lon="7.272259974852204">
        <ele>1400.112610065454</ele>
      </trkpt>
      <trkpt lat="43.86753992177546" lon="7.272189985960722">
        <ele>1399.6152534102036</ele>
      </trkpt>
      <trkpt lat="43.86744998395443" lon="7.272149920463562">
        <ele>1398.1671039893415</ele>
      </trkpt>
      <trkpt lat="43.86731998063624" lon="7.272139945998788">
        <ele>1395.28951181453</ele>
      </trkpt>
      <trkpt lat="43.86725996620953" lon="7.27211999706924">
        <ele>1393.5714148148847</ele>
      </trkpt>
      <trkpt lat="43.8672099262476" lon="7.272139945998788">
        <ele>1391.149340155816</ele>
      </trkpt>
      <trkpt lat="43.867159970104694" lon="7.272109938785434">
        <ele>1390.0276028503486</ele>
      </trkpt>
      <trkpt lat="43.86706994846463" lon="7.2720899898558855">
        <ele>1387.1239673888656</ele>
      </trkpt>
      <trkpt lat="43.86701999232173" lon="7.272129971534014">
        <ele>1384.7863363091462</ele>
      </trkpt>
      <trkpt lat="43.866835087537766" lon="7.272179927676916">
        <ele>1378.6857094462764</ele>
      </trkpt>
      <trkpt lat="43.866649931296706" lon="7.27222996763885">
        <ele>1373.1473016940226</ele>
      </trkpt>
      <trkpt lat="43.86637995019555" lon="7.272239942103624">
        <ele>1366.0829837741005</ele>
      </trkpt>
      <trkpt lat="43.86628992855549" lon="7.272219993174076">
        <ele>1364.9657007312235</ele>
      </trkpt>
      <trkpt lat="43.866219939664006" lon="7.272259974852204">
        <ele>1364.239801831806</ele>
      </trkpt>
      <trkpt lat="43.86609999462962" lon="7.2722699493169785">
        <ele>1363.324047519903</ele>
      </trkpt>
      <trkpt lat="43.86587996967137" lon="7.2723199892789125">
        <ele>1358.2473465438607</ele>
      </trkpt>
      <trkpt lat="43.86570998467505" lon="7.272329963743687">
        <ele>1355.7868948318783</ele>
      </trkpt>
      <trkpt lat="43.865549974143505" lon="7.272429959848523">
        <ele>1351.9399209381336</ele>
      </trkpt>
      <trkpt lat="43.865359956398606" lon="7.272399952635169">
        <ele>1351.6551391730661</ele>
      </trkpt>
      <trkpt lat="43.86516993865371" lon="7.272479999810457">
        <ele>1350.789054224377</ele>
      </trkpt>
      <trkpt lat="43.86508997529745" lon="7.272469941526651">
        <ele>1351.1666297834897</ele>
      </trkpt>
      <trkpt lat="43.864969946444035" lon="7.272489974275231">
        <ele>1349.4040662787916</ele>
      </trkpt>
      <trkpt lat="43.864745143800974" lon="7.272544875741005">
        <ele>1352.0178160810624</ele>
      </trkpt>
      <trkpt lat="43.864519922062755" lon="7.272599944844842">
        <ele>1352.7779414126203</ele>
      </trkpt>
      <trkpt lat="43.864389918744564" lon="7.272669933736324">
        <ele>1349.6984844679705</ele>
      </trkpt>
      <trkpt lat="43.86422999203205" lon="7.272669933736324">
        <ele>1349.6248829455344</ele>
      </trkpt>
      <trkpt lat="43.86415991932154" lon="7.272719973698258">
        <ele>1348.959249415022</ele>
      </trkpt>
      <trkpt lat="43.86403997428715" lon="7.272709999233484">
        <ele>1348.7679518130853</ele>
      </trkpt>
      <trkpt lat="43.863999992609024" lon="7.272759955376387">
        <ele>1348.640114856651</ele>
      </trkpt>
      <trkpt lat="43.86385993100703" lon="7.2727499809116125">
        <ele>1348.5776712494417</ele>
      </trkpt>
      <trkpt lat="43.86382992379367" lon="7.272779988124967">
        <ele>1348.481709091371</ele>
      </trkpt>
      <trkpt lat="43.863659938797355" lon="7.272719973698258">
        <ele>1346.3655615501366</ele>
      </trkpt>
      <trkpt lat="43.86347000487149" lon="7.272589970380068">
        <ele>1340.3077585216543</ele>
      </trkpt>
      <trkpt lat="43.86327998712659" lon="7.272459967061877">
        <ele>1334.6697652800708</ele>
      </trkpt>
      <trkpt lat="43.863099943846464" lon="7.272399952635169">
        <ele>1332.2167376974357</ele>
      </trkpt>
      <trkpt lat="43.8629599660635" lon="7.272289982065558">
        <ele>1331.3475067935838</ele>
      </trkpt>
      <trkpt lat="43.862819988280535" lon="7.2722699493169785">
        <ele>1329.6174422265158</ele>
      </trkpt>
      <trkpt lat="43.86272996664047" lon="7.272199960425496">
        <ele>1327.6009328674584</ele>
      </trkpt>
      <trkpt lat="43.86254992336035" lon="7.2723199892789125">
        <ele>1325.0756264488105</ele>
      </trkpt>
      <trkpt lat="43.862499967217445" lon="7.272329963743687">
        <ele>1324.2911787782384</ele>
      </trkpt>
      <trkpt lat="43.86237993836403" lon="7.2722699493169785">
        <ele>1322.2427352515504</ele>
      </trkpt>
      <trkpt lat="43.86222998611629" lon="7.272349996492267">
        <ele>1317.108926529364</ele>
      </trkpt>
      <trkpt lat="43.86216997168958" lon="7.272359970957041">
        <ele>1315.4222699829625</ele>
      </trkpt>
      <trkpt lat="43.86207995004952" lon="7.272339938208461">
        <ele>1313.8716383877922</ele>
      </trkpt>
      <trkpt lat="43.86185992509127" lon="7.272399952635169">
        <ele>1312.1852430265471</ele>
      </trkpt>
      <trkpt lat="43.86179999448359" lon="7.272459967061877">
        <ele>1310.1157686561621</ele>
      </trkpt>
      <trkpt lat="43.86162992566824" lon="7.272469941526651">
        <ele>1305.5337771910079</ele>
      </trkpt>
      <trkpt lat="43.861379977315664" lon="7.272369945421815">
        <ele>1300.5471132268633</ele>
      </trkpt>
      <trkpt lat="43.861209992319345" lon="7.272419985383749">
        <ele>1296.6727893868924</ele>
      </trkpt>
      <trkpt lat="43.86111997067928" lon="7.272369945421815">
        <ele>1295.0068151869689</ele>
      </trkpt>
      <trkpt lat="43.86096993461251" lon="7.272359970957041">
        <ele>1290.3212770587438</ele>
      </trkpt>
      <trkpt lat="43.86067992076278" lon="7.2722699493169785">
        <ele>1283.0456863797247</ele>
      </trkpt>
      <trkpt lat="43.86063993908465" lon="7.272299956530333">
        <ele>1280.865096599037</ele>
      </trkpt>
      <trkpt lat="43.8606199901551" lon="7.272369945421815">
        <ele>1278.467612507779</ele>
      </trkpt>
      <trkpt lat="43.860649997368455" lon="7.272489974275231">
        <ele>1276.8206162838462</ele>
      </trkpt>
      <trkpt lat="43.860609931871295" lon="7.2725199814885855">
        <ele>1275.7522653701249</ele>
      </trkpt>
      <trkpt lat="43.8606199901551" lon="7.272579995915294">
        <ele>1275.4522901486666</ele>
      </trkpt>
      <trkpt lat="43.86058998294175" lon="7.272689966484904">
        <ele>1275.479661488345</ele>
      </trkpt>
      <trkpt lat="43.86052996851504" lon="7.27267999202013">
        <ele>1274.3008468566827</ele>
      </trkpt>
      <trkpt lat="43.86040993966162" lon="7.27267999202013">
        <ele>1271.6708970829586</ele>
      </trkpt>
      <trkpt lat="43.86033995077014" lon="7.272629952058196">
        <ele>1269.5583264341367</ele>
      </trkpt>
      <trkpt lat="43.860175078734756" lon="7.27257002145052">
        <ele>1266.408608112626</ele>
      </trkpt>
      <trkpt lat="43.860009955242276" lon="7.27250992320478">
        <ele>1263.2791737490904</ele>
      </trkpt>
      <trkpt lat="43.859769981354475" lon="7.272479999810457">
        <ele>1260.5864282016469</ele>
      </trkpt>
      <trkpt lat="43.85967995971441" lon="7.272389978170395">
        <ele>1259.6559967589947</ele>
      </trkpt>
      <trkpt lat="43.8593799713999" lon="7.272339938208461">
        <ele>1257.5055703602761</ele>
      </trkpt>
      <trkpt lat="43.859149971976876" lon="7.272189985960722">
        <ele>1256.9663854015444</ele>
      </trkpt>
      <trkpt lat="43.859059950336814" lon="7.272149920463562">
        <ele>1256.3052092383298</ele>
      </trkpt>
      <trkpt lat="43.85892994701862" lon="7.2720499243587255">
        <ele>1254.7637667867696</ele>
      </trkpt>
      <trkpt lat="43.8587068207562" lon="7.272023353725672">
        <ele>1254.4418668017433</ele>
      </trkpt>
      <trkpt lat="43.8584837783128" lon="7.271996699273586">
        <ele>1254.035784161826</ele>
      </trkpt>
      <trkpt lat="43.85825998149812" lon="7.271969961002469">
        <ele>1253.1344877659008</ele>
      </trkpt>
      <trkpt lat="43.85801020078361" lon="7.2720148880034685">
        <ele>1251.7383988609301</ele>
      </trkpt>
      <trkpt lat="43.85775991715491" lon="7.272059982642531">
        <ele>1248.810749553204</ele>
      </trkpt>
      <trkpt lat="43.85748524218798" lon="7.27203500457108">
        <ele>1246.232399721655</ele>
      </trkpt>
      <trkpt lat="43.85720998048782" lon="7.272009942680597">
        <ele>1244.3619175625618</ele>
      </trkpt>
      <trkpt lat="43.85693999938667" lon="7.271869964897633">
        <ele>1240.2823813269304</ele>
      </trkpt>
      <trkpt lat="43.85675995610654" lon="7.2718399576842785">
        <ele>1238.7573193950013</ele>
      </trkpt>
      <trkpt lat="43.85664998553693" lon="7.2718599904328585">
        <ele>1238.197587949481</ele>
      </trkpt>
      <trkpt lat="43.85650992393494" lon="7.271759994328022">
        <ele>1236.5305538155835</ele>
      </trkpt>
      <trkpt lat="43.8563599716872" lon="7.271709954366088">
        <ele>1234.8870205255848</ele>
      </trkpt>
      <trkpt lat="43.85623994283378" lon="7.271759994328022">
        <ele>1234.6443551970779</ele>
      </trkpt>
      <trkpt lat="43.85620993562043" lon="7.27179997600615">
        <ele>1234.7942353247722</ele>
      </trkpt>
      <trkpt lat="43.85619996115565" lon="7.271879939362407">
        <ele>1235.333121553947</ele>
      </trkpt>
      <trkpt lat="43.856139946728945" lon="7.272029975429177">
        <ele>1236.7287342540435</ele>
      </trkpt>
      <trkpt lat="43.85609996505082" lon="7.272289982065558">
        <ele>1236.3087727806048</ele>
      </trkpt>
      <trkpt lat="43.85605998337269" lon="7.272309930995107">
        <ele>1235.3828370069084</ele>
      </trkpt>
      <trkpt lat="43.8559799361974" lon="7.2722499165683985">
        <ele>1238.2296898791603</ele>
      </trkpt>
      <trkpt lat="43.85582998394966" lon="7.272239942103624">
        <ele>1241.509944735996</ele>
      </trkpt>
      <trkpt lat="43.85574993677437" lon="7.272199960425496">
        <ele>1241.302439024974</ele>
      </trkpt>
      <trkpt lat="43.85559503920376" lon="7.2722649201750755">
        <ele>1241.807552039103</ele>
      </trkpt>
      <trkpt lat="43.85543997399509" lon="7.272329963743687">
        <ele>1242.0287811430958</ele>
      </trkpt>
      <trkpt lat="43.85537995956838" lon="7.272339938208461">
        <ele>1242.3399571425741</ele>
      </trkpt>
      <trkpt lat="43.8553099706769" lon="7.272379919886589">
        <ele>1243.2280863712836</ele>
      </trkpt>
      <trkpt lat="43.85517996735871" lon="7.272399952635169">
        <ele>1242.669726989679</ele>
      </trkpt>
      <trkpt lat="43.85494996793568" lon="7.272489974275231">
        <ele>1236.7820237412827</ele>
      </trkpt>
      <trkpt lat="43.85476992465556" lon="7.272479999810457">
        <ele>1233.4463673707576</ele>
      </trkpt>
      <trkpt lat="43.8547399174422" lon="7.272429959848523">
        <ele>1233.9740363410965</ele>
      </trkpt>
      <trkpt lat="43.85446993634105" lon="7.272389978170395">
        <ele>1226.806704393051</ele>
      </trkpt>
      <trkpt lat="43.85438997298479" lon="7.272479999810457">
        <ele>1224.7955696362721</ele>
      </trkpt>
      <trkpt lat="43.85431998409331" lon="7.2724999487400055">
        <ele>1223.540948167552</ele>
      </trkpt>
      <trkpt lat="43.8542599696666" lon="7.272469941526651">
        <ele>1221.7624042662133</ele>
      </trkpt>
      <trkpt lat="43.85421998798847" lon="7.2724999487400055">
        <ele>1221.7940166967671</ele>
      </trkpt>
      <trkpt lat="43.854139940813184" lon="7.27250992320478">
        <ele>1220.7418952090634</ele>
      </trkpt>
      <trkpt lat="43.8540699519217" lon="7.272539930418134">
        <ele>1220.1406141495595</ele>
      </trkpt>
      <trkpt lat="43.85392997413874" lon="7.272539930418134">
        <ele>1217.3593083609674</ele>
      </trkpt>
      <trkpt lat="43.853859985247254" lon="7.272589970380068">
        <ele>1216.7084943487382</ele>
      </trkpt>
      <trkpt lat="43.853799970820546" lon="7.272559963166714">
        <ele>1215.1333794552556</ele>
      </trkpt>
      <trkpt lat="43.853669967502356" lon="7.272609919309616">
        <ele>1213.3630979154132</ele>
      </trkpt>
      <trkpt lat="43.85362998582423" lon="7.272649984806776">
        <ele>1213.0072996560643</ele>
      </trkpt>
      <trkpt lat="43.85356997139752" lon="7.27265995927155">
        <ele>1211.9908816995555</ele>
      </trkpt>
      <trkpt lat="43.85346997529268" lon="7.2727499809116125">
        <ele>1210.90571723096</ele>
      </trkpt>
      <trkpt lat="43.8534499425441" lon="7.272799937054515">
        <ele>1210.0544960328227</ele>
      </trkpt>
      <trkpt lat="43.85335992090404" lon="7.272899933159351">
        <ele>1205.0500489344422</ele>
      </trkpt>
      <trkpt lat="43.853219943121076" lon="7.272909991443157">
        <ele>1202.5599050026417</ele>
      </trkpt>
      <trkpt lat="43.85312992148101" lon="7.272889958694577">
        <ele>1201.803985277113</ele>
      </trkpt>
      <trkpt lat="43.85287016630173" lon="7.272959863767028">
        <ele>1196.9819555763056</ele>
      </trkpt>
      <trkpt lat="43.85260999202728" lon="7.273029936477542">
        <ele>1191.7426460065817</ele>
      </trkpt>
      <trkpt lat="43.852549977600574" lon="7.27295994758606">
        <ele>1193.070610439143</ele>
      </trkpt>
      <trkpt lat="43.852419974282384" lon="7.272919965907931">
        <ele>1190.893035018994</ele>
      </trkpt>
      <trkpt lat="43.85223993100226" lon="7.272939998656511">
        <ele>1188.0866354959312</ele>
      </trkpt>
      <trkpt lat="43.85212996043265" lon="7.272899933159351">
        <ele>1183.7590085498455</ele>
      </trkpt>
      <trkpt lat="43.85188998654485" lon="7.272989954799414">
        <ele>1174.5873068217102</ele>
      </trkpt>
      <trkpt lat="43.85186995379627" lon="7.27295994758606">
        <ele>1175.5823553748178</ele>
      </trkpt>
      <trkpt lat="43.85186995379627" lon="7.272919965907931">
        <ele>1176.4657159206563</ele>
      </trkpt>
      <trkpt lat="43.85180993936956" lon="7.272969922050834">
        <ele>1174.109436841146</ele>
      </trkpt>
      <trkpt lat="43.8517199177295" lon="7.272949973121285">
        <ele>1173.6834240333344</ele>
      </trkpt>
      <trkpt lat="43.851559991016984" lon="7.272949973121285">
        <ele>1171.2777079485015</ele>
      </trkpt>
      <trkpt lat="43.85131993331015" lon="7.273059943690896">
        <ele>1163.5248829215702</ele>
      </trkpt>
      <trkpt lat="43.85116998106241" lon="7.272999929264188">
        <ele>1164.1966001104688</ele>
      </trkpt>
      <trkpt lat="43.85099999606609" lon="7.272969922050834">
        <ele>1163.7509096578963</ele>
      </trkpt>
      <trkpt lat="43.85079992003739" lon="7.2729799803346395">
        <ele>1159.6145807637376</ele>
      </trkpt>
      <trkpt lat="43.85056992061436" lon="7.272909991443157">
        <ele>1154.0347302792575</ele>
      </trkpt>
      <trkpt lat="43.850469924509525" lon="7.272829944267869">
        <ele>1155.5553788790698</ele>
      </trkpt>
      <trkpt lat="43.85029993951321" lon="7.272829944267869">
        <ele>1154.5746384146144</ele>
      </trkpt>
      <trkpt lat="43.85012995451689" lon="7.272919965907931">
        <ele>1153.1299780337595</ele>
      </trkpt>
      <trkpt lat="43.8499999511987" lon="7.272889958694577">
        <ele>1152.7066707308422</ele>
      </trkpt>
      <trkpt lat="43.84985997341573" lon="7.272999929264188">
        <ele>1147.8114922512773</ele>
      </trkpt>
      <trkpt lat="43.84968009777367" lon="7.272970005869865">
        <ele>1147.2909409138367</ele>
      </trkpt>
      <trkpt lat="43.849499970674515" lon="7.272939998656511">
        <ele>1146.0363288382398</ele>
      </trkpt>
      <trkpt lat="43.84946996346116" lon="7.27295994758606">
        <ele>1144.141284980702</ele>
      </trkpt>
      <trkpt lat="43.84933996014297" lon="7.272949973121285">
        <ele>1139.369245585208</ele>
      </trkpt>
      <trkpt lat="43.84912999346852" lon="7.272829944267869">
        <ele>1136.7471471961408</ele>
      </trkpt>
      <trkpt lat="43.84907995350659" lon="7.272879984229803">
        <ele>1132.6943575321877</ele>
      </trkpt>
      <trkpt lat="43.848939975723624" lon="7.272849977016449">
        <ele>1129.8832998336884</ele>
      </trkpt>
      <trkpt lat="43.84871995076537" lon="7.2727299481630325">
        <ele>1128.2005747814546</ele>
      </trkpt>
      <trkpt lat="43.84857997298241" lon="7.272739922627807">
        <ele>1124.568463534218</ele>
      </trkpt>
      <trkpt lat="43.848469918593764" lon="7.272699940949678">
        <ele>1122.797106690963</ele>
      </trkpt>
      <trkpt lat="43.84823991917074" lon="7.272719973698258">
        <ele>1118.1555202823497</ele>
      </trkpt>
      <trkpt lat="43.84797999635339" lon="7.272829944267869">
        <ele>1111.6030901368902</ele>
      </trkpt>
      <trkpt lat="43.84778017178178" lon="7.272800020873547">
        <ele>1107.738481764604</ele>
      </trkpt>
      <trkpt lat="43.84757992811501" lon="7.272769929841161">
        <ele>1105.523331608363</ele>
      </trkpt>
      <trkpt lat="43.8474699575454" lon="7.272739922627807">
        <ele>1104.357024263458</ele>
      </trkpt>
      <trkpt lat="43.84738999418914" lon="7.272759955376387">
        <ele>1102.550407492275</ele>
      </trkpt>
      <trkpt lat="43.8472299836576" lon="7.272669933736324">
        <ele>1101.0407593305047</ele>
      </trkpt>
      <trkpt lat="43.84712998755276" lon="7.27265995927155">
        <ele>1098.6304094377267</ele>
      </trkpt>
      <trkpt lat="43.846899988129735" lon="7.272569937631488">
        <ele>1093.979994848667</ele>
      </trkpt>
      <trkpt lat="43.846879955381155" lon="7.272459967061877">
        <ele>1093.9918316339304</ele>
      </trkpt>
      <trkpt lat="43.84682999923825" lon="7.272449992597103">
        <ele>1093.034624806798</ele>
      </trkpt>
      <trkpt lat="43.846749952062964" lon="7.272709999233484">
        <ele>1087.71354692981</ele>
      </trkpt>
      <trkpt lat="43.84669999592006" lon="7.272699940949678">
        <ele>1087.642439429176</ele>
      </trkpt>
      <trkpt lat="43.846619948744774" lon="7.272619977593422">
        <ele>1088.6109810502176</ele>
      </trkpt>
      <trkpt lat="43.84653998538852" lon="7.272609919309616">
        <ele>1088.0673354104647</ele>
      </trkpt>
      <trkpt lat="43.846469996497035" lon="7.27263992652297">
        <ele>1086.8092134085105</ele>
      </trkpt>
      <trkpt lat="43.84643998928368" lon="7.272839918732643">
        <ele>1083.898813406899</ele>
      </trkpt>
      <trkpt lat="43.84640998207033" lon="7.272879984229803">
        <ele>1082.5515320588374</ele>
      </trkpt>
      <trkpt lat="43.846279978752136" lon="7.272819969803095">
        <ele>1082.15687255311</ele>
      </trkpt>
      <trkpt lat="43.846055176109076" lon="7.272794991731644">
        <ele>1081.0110343119497</ele>
      </trkpt>
      <trkpt lat="43.845829954370856" lon="7.272769929841161">
        <ele>1078.8082524523734</ele>
      </trkpt>
      <trkpt lat="43.8457499910146" lon="7.272819969803095">
        <ele>1076.1346503521668</ele>
      </trkpt>
      <trkpt lat="43.84566994383931" lon="7.2727499809116125">
        <ele>1077.832108766119</ele>
      </trkpt>
      <trkpt lat="43.8455599732697" lon="7.272479999810457">
        <ele>1077.4800525855208</ele>
      </trkpt>
      <trkpt lat="43.8455599732697" lon="7.272279923781753">
        <ele>1075.2411467494333</ele>
      </trkpt>
      <trkpt lat="43.84553994052112" lon="7.272199960425496">
        <ele>1073.9614692951868</ele>
      </trkpt>
      <trkpt lat="43.84544991888106" lon="7.272199960425496">
        <ele>1074.04740385363</ele>
      </trkpt>
      <trkpt lat="43.84523995220661" lon="7.271969961002469">
        <ele>1070.8030519778645</ele>
      </trkpt>
      <trkpt lat="43.845139956101775" lon="7.271999968215823">
        <ele>1070.986888238593</ele>
      </trkpt>
      <trkpt lat="43.84510994888842" lon="7.272139945998788">
        <ele>1073.2746784146998</ele>
      </trkpt>
      <trkpt lat="43.84495513513684" lon="7.272179927676916">
        <ele>1072.0244976689191</ele>
      </trkpt>
      <trkpt lat="43.84479998610914" lon="7.272219993174076">
        <ele>1069.983751189091</ele>
      </trkpt>
      <trkpt lat="43.8445601798594" lon="7.272189985960722">
        <ele>1065.6628206058754</ele>
      </trkpt>
      <trkpt lat="43.8443199545145" lon="7.272159978747368">
        <ele>1061.3508752074922</ele>
      </trkpt>
      <trkpt lat="43.84409992955625" lon="7.27222996763885">
        <ele>1059.1179949687917</ele>
      </trkpt>
      <trkpt lat="43.843939919024706" lon="7.272259974852204">
        <ele>1056.2072231215827</ele>
      </trkpt>
      <trkpt lat="43.84379994124174" lon="7.2722499165683985">
        <ele>1052.5125430477885</ele>
      </trkpt>
      <trkpt lat="43.84366993792355" lon="7.272289982065558">
        <ele>1050.0520350611166</ele>
      </trkpt>
      <trkpt lat="43.843529960140586" lon="7.272389978170395">
        <ele>1047.421916917034</ele>
      </trkpt>
      <trkpt lat="43.8434599712491" lon="7.272359970957041">
        <ele>1044.9331467100017</ele>
      </trkpt>
      <trkpt lat="43.84324321523309" lon="7.272603381425142">
        <ele>1042.8113339894594</ele>
      </trkpt>
      <trkpt lat="43.84302645921707" lon="7.272846791893244">
        <ele>1040.4401500321</ele>
      </trkpt>
      <trkpt lat="43.84280995465815" lon="7.27308995090425">
        <ele>1032.1605206424092</ele>
      </trkpt>
      <trkpt lat="43.84274994023144" lon="7.273139990866184">
        <ele>1029.2458248570472</ele>
      </trkpt>
      <trkpt lat="43.84273996576667" lon="7.273189947009087">
        <ele>1028.0404979671848</ele>
      </trkpt>
      <trkpt lat="43.842689925804734" lon="7.2731799725443125">
        <ele>1026.3106516566502</ele>
      </trkpt>
      <trkpt lat="43.84265991859138" lon="7.273279968649149">
        <ele>1023.4400781939114</ele>
      </trkpt>
      <trkpt lat="43.84256998077035" lon="7.273239986971021">
        <ele>1020.9862439125059</ele>
      </trkpt>
      <trkpt lat="43.84254994802177" lon="7.2734099719673395">
        <ele>1017.8089744731958</ele>
      </trkpt>
      <trkpt lat="43.842519940808415" lon="7.273479960858822">
        <ele>1015.8166711459226</ele>
      </trkpt>
      <trkpt lat="43.84242991916835" lon="7.273479960858822">
        <ele>1012.0285061014316</ele>
      </trkpt>
      <trkpt lat="43.84239999577403" lon="7.273509968072176">
        <ele>1010.3170342738807</ele>
      </trkpt>
      <trkpt lat="43.84235993027687" lon="7.273619938641787">
        <ele>1007.76309114283</ele>
      </trkpt>
      <trkpt lat="43.842239985242486" lon="7.273509968072176">
        <ele>1001.9206132927713</ele>
      </trkpt>
      <trkpt lat="43.84218994528055" lon="7.2735899314284325">
        <ele>998.9894212042044</ele>
      </trkpt>
      <trkpt lat="43.84198509156704" lon="7.273480044677854">
        <ele>991.6004957267237</ele>
      </trkpt>
      <trkpt lat="43.84177998639643" lon="7.273369990289211">
        <ele>986.6134035762134</ele>
      </trkpt>
      <trkpt lat="43.84149994701147" lon="7.273299917578697">
        <ele>980.5392292501734</ele>
      </trkpt>
      <trkpt lat="43.841419983655214" lon="7.2734099719673395">
        <ele>979.2145913675547</ele>
      </trkpt>
      <trkpt lat="43.841339936479926" lon="7.2733899392187595">
        <ele>978.1052586694527</ele>
      </trkpt>
      <trkpt lat="43.84121999144554" lon="7.273219954222441">
        <ele>974.245990096087</ele>
      </trkpt>
      <trkpt lat="43.84115997701883" lon="7.2731799725443125">
        <ele>972.7709885770819</ele>
      </trkpt>
      <trkpt lat="43.84097993373871" lon="7.273189947009087">
        <ele>970.8177453462464</ele>
      </trkpt>
      <trkpt lat="43.84089997038245" lon="7.273139990866184">
        <ele>968.850567726303</ele>
      </trkpt>
      <trkpt lat="43.84072998538613" lon="7.273119958117604">
        <ele>965.7129281575035</ele>
      </trkpt>
      <trkpt lat="43.840649938210845" lon="7.2731799725443125">
        <ele>965.1444440198169</ele>
      </trkpt>
      <trkpt lat="43.84050996042788" lon="7.2731799725443125">
        <ele>961.9763074202679</ele>
      </trkpt>
      <trkpt lat="43.84046997874975" lon="7.273219954222441">
        <ele>961.816257813943</ele>
      </trkpt>
      <trkpt lat="43.840389931574464" lon="7.273229928687215">
        <ele>960.007622631515</ele>
      </trkpt>
      <trkpt lat="43.84018993936479" lon="7.273369990289211">
        <ele>957.8234983762833</ele>
      </trkpt>
      <trkpt lat="43.840109976008534" lon="7.273349957540631">
        <ele>955.4324665722698</ele>
      </trkpt>
      <trkpt lat="43.84001995436847" lon="7.273379964753985">
        <ele>954.2282480050699</ele>
      </trkpt>
      <trkpt lat="43.83998994715512" lon="7.273359932005405">
        <ele>953.1586609344473</ele>
      </trkpt>
      <trkpt lat="43.8398199621588" lon="7.273379964753985">
        <ele>949.8587116968175</ele>
      </trkpt>
      <trkpt lat="43.8396299444139" lon="7.273489935323596">
        <ele>946.4490698476108</ele>
      </trkpt>
      <trkpt lat="43.83960999548435" lon="7.273449953645468">
        <ele>945.728239585311</ele>
      </trkpt>
      <trkpt lat="43.839549981057644" lon="7.273449953645468">
        <ele>943.9965905341911</ele>
      </trkpt>
      <trkpt lat="43.83949994109571" lon="7.273419946432114">
        <ele>942.1655618806835</ele>
      </trkpt>
      <trkpt lat="43.83939994499087" lon="7.273489935323596">
        <ele>939.3218388247227</ele>
      </trkpt>
      <trkpt lat="43.839359963312745" lon="7.273429920896888">
        <ele>937.5183076261765</ele>
      </trkpt>
      <trkpt lat="43.83927999995649" lon="7.273449953645468">
        <ele>934.6452570610173</ele>
      </trkpt>
      <trkpt lat="43.83915997110307" lon="7.273709960281849">
        <ele>930.0790348556361</ele>
      </trkpt>
      <trkpt lat="43.83912996388972" lon="7.273619938641787">
        <ele>930.0654391237224</ele>
      </trkpt>
      <trkpt lat="43.83904991671443" lon="7.273699985817075">
        <ele>927.0040420042</ele>
      </trkpt>
      <trkpt lat="43.83893994614482" lon="7.273699985817075">
        <ele>923.8215364865033</ele>
      </trkpt>
      <trkpt lat="43.8388199172914" lon="7.273809956386685">
        <ele>920.459168635815</ele>
      </trkpt>
      <trkpt lat="43.83878999389708" lon="7.273759916424751">
        <ele>919.8416685804734</ele>
      </trkpt>
      <trkpt lat="43.838629983365536" lon="7.273739967495203">
        <ele>916.7364368562946</ele>
      </trkpt>
      <trkpt lat="43.83856996893883" lon="7.273689927533269">
        <ele>916.0401488565009</ele>
      </trkpt>
      <trkpt lat="43.83848992176354" lon="7.27353997528553">
        <ele>914.8386786879529</ele>
      </trkpt>
      <trkpt lat="43.83843996562064" lon="7.273379964753985">
        <ele>913.981978411775</ele>
      </trkpt>
      <trkpt lat="43.83843996562064" lon="7.273219954222441">
        <ele>911.9745781177628</ele>
      </trkpt>
      <trkpt lat="43.838475001975894" lon="7.272889204323292">
        <ele>905.8608708961784</ele>
      </trkpt>
      <trkpt lat="43.83850995451212" lon="7.272559963166714">
        <ele>899.7434942286425</ele>
      </trkpt>
      <trkpt lat="43.83845999836922" lon="7.272259974852204">
        <ele>893.8809478015276</ele>
      </trkpt>
      <trkpt lat="43.8385299872607" lon="7.272029975429177">
        <ele>887.3156583533121</ele>
      </trkpt>
      <trkpt lat="43.83861992508173" lon="7.271889997646213">
        <ele>884.2880870998276</ele>
      </trkpt>
      <trkpt lat="43.838799968361855" lon="7.271699979901314">
        <ele>882.4231700272242</ele>
      </trkpt>
      <trkpt lat="43.83902007713914" lon="7.271414827555418">
        <ele>879.2687057993994</ele>
      </trkpt>
      <trkpt lat="43.83923993445933" lon="7.271129926666617">
        <ele>874.7568920886649</ele>
      </trkpt>
      <trkpt lat="43.8391999527812" lon="7.271089944988489">
        <ele>873.056639030264</ele>
      </trkpt>
      <trkpt lat="43.839439926669" lon="7.270859945565462">
        <ele>868.5196957403165</ele>
      </trkpt>
      <trkpt lat="43.83927999995649" lon="7.27091995999217">
        <ele>868.8636002773468</ele>
      </trkpt>
      <trkpt lat="43.83913004770875" lon="7.27100495249033">
        <ele>869.5647249887588</ele>
      </trkpt>
      <trkpt lat="43.83897992782295" lon="7.271089944988489">
        <ele>869.826646681598</ele>
      </trkpt>
      <trkpt lat="43.83874012157321" lon="7.2711999155581">
        <ele>867.5555347583334</ele>
      </trkpt>
      <trkpt lat="43.838499980047345" lon="7.271309969946742">
        <ele>867.5039819139363</ele>
      </trkpt>
      <trkpt lat="43.83824994787574" lon="7.271269988268614">
        <ele>868.1618812701365</ele>
      </trkpt>
      <trkpt lat="43.838099995628" lon="7.271039988845587">
        <ele>870.7188979765314</ele>
      </trkpt>
      <trkpt lat="43.83792992681265" lon="7.27091995999217">
        <ele>871.6411986050784</ele>
      </trkpt>
      <trkpt lat="43.837639996781945" lon="7.270849971100688">
        <ele>873.8509922457172</ele>
      </trkpt>
      <trkpt lat="43.83745995350182" lon="7.270879978314042">
        <ele>876.2684212610061</ele>
      </trkpt>
      <trkpt lat="43.83724998682737" lon="7.270859945565462">
        <ele>877.5159849549635</ele>
      </trkpt>
      <trkpt lat="43.83708997629583" lon="7.27091995999217">
        <ele>879.1225486269087</ele>
      </trkpt>
      <trkpt lat="43.83693994022906" lon="7.271049963310361">
        <ele>883.3452423828564</ele>
      </trkpt>
      <trkpt lat="43.836710192263126" lon="7.271109893918037">
        <ele>885.4897873161102</ele>
      </trkpt>
      <trkpt lat="43.836479941383004" lon="7.271169992163777">
        <ele>885.722091576345</ele>
      </trkpt>
      <trkpt lat="43.836256731301546" lon="7.271333271637559">
        <ele>886.1524487522124</ele>
      </trkpt>
      <trkpt lat="43.836033437401056" lon="7.2714965511113405">
        <ele>888.0184018515959</ele>
      </trkpt>
      <trkpt lat="43.8358099758625" lon="7.2716599982231855">
        <ele>892.0611604236645</ele>
      </trkpt>
      <trkpt lat="43.83556991815567" lon="7.271559918299317">
        <ele>889.0272701956931</ele>
      </trkpt>
      <trkpt lat="43.83528023958206" lon="7.271594954654574">
        <ele>891.3766792292699</ele>
      </trkpt>
      <trkpt lat="43.83498997427523" lon="7.271629991009831">
        <ele>893.4504002883482</ele>
      </trkpt>
      <trkpt lat="43.83473340421915" lon="7.271789917722344">
        <ele>897.0229041835157</ele>
      </trkpt>
      <trkpt lat="43.83447683416307" lon="7.271949844434857">
        <ele>899.7438561545777</ele>
      </trkpt>
      <trkpt lat="43.83421992883086" lon="7.272109938785434">
        <ele>897.9364767856098</ele>
      </trkpt>
      <trkpt lat="43.83404650725424" lon="7.272340105846524">
        <ele>895.2515475106131</ele>
      </trkpt>
      <trkpt lat="43.833873085677624" lon="7.272570272907615">
        <ele>891.6169761819697</ele>
      </trkpt>
      <trkpt lat="43.83369999937713" lon="7.272799937054515">
        <ele>887.397274862824</ele>
      </trkpt>
      <trkpt lat="43.83356999605894" lon="7.273139990866184">
        <ele>888.5516275054754</ele>
      </trkpt>
      <trkpt lat="43.83347997441888" lon="7.273219954222441">
        <ele>885.3467096474927</ele>
      </trkpt>
      <trkpt lat="43.833369920030236" lon="7.2734099719673395">
        <ele>883.1102660600545</ele>
      </trkpt>
      <trkpt lat="43.83332482539117" lon="7.27366553619504">
        <ele>883.4602198742568</ele>
      </trkpt>
      <trkpt lat="43.833279982209206" lon="7.273919926956296">
        <ele>882.6086599808267</ele>
      </trkpt>
      <trkpt lat="43.83335994556546" lon="7.273959992453456">
        <ele>882.3401475732137</ele>
      </trkpt>
      <trkpt lat="43.83348994888365" lon="7.273919926956296">
        <ele>882.1127916119162</ele>
      </trkpt>
      <trkpt lat="43.83371994830668" lon="7.273889919742942">
        <ele>877.6724122006012</ele>
      </trkpt>
      <trkpt lat="43.833839977160096" lon="7.273899978026748">
        <ele>873.6995988815736</ele>
      </trkpt>
      <trkpt lat="43.83401993662119" lon="7.2738599963486195">
        <ele>869.982815900327</ele>
      </trkpt>
      <trkpt lat="43.83418992161751" lon="7.273919926956296">
        <ele>865.5146048847905</ele>
      </trkpt>
      <trkpt lat="43.83420995436609" lon="7.273959992453456">
        <ele>864.2976081022653</ele>
      </trkpt>
      <trkpt lat="43.83418992161751" lon="7.273999974131584">
        <ele>862.9124115668221</ele>
      </trkpt>
      <trkpt lat="43.8340799510479" lon="7.274099970236421">
        <ele>859.833380117244</ele>
      </trkpt>
      <trkpt lat="43.83406997658312" lon="7.274159984663129">
        <ele>857.8029222788484</ele>
      </trkpt>
      <trkpt lat="43.83416997268796" lon="7.274349918588996">
        <ele>852.3503739736931</ele>
      </trkpt>
      <trkpt lat="43.83422998711467" lon="7.274409933015704">
        <ele>850.6435428785057</ele>
      </trkpt>
      <trkpt lat="43.834199979901314" lon="7.274539936333895">
        <ele>847.6234413582963</ele>
      </trkpt>
      <trkpt lat="43.834199979901314" lon="7.274639932438731">
        <ele>845.6201853307928</ele>
      </trkpt>
      <trkpt lat="43.83427994325757" lon="7.27482995018363">
        <ele>842.6208092873156</ele>
      </trkpt>
      <trkpt lat="43.83433995768428" lon="7.274899939075112">
        <ele>842.9335280724556</ele>
      </trkpt>
      <trkpt lat="43.83448999375105" lon="7.274999935179949">
        <ele>842.6549204570779</ele>
      </trkpt>
      <trkpt lat="43.83444992825389" lon="7.275209985673428">
        <ele>841.8694136934013</ele>
      </trkpt>
      <trkpt lat="43.83437993936241" lon="7.275269916281104">
        <ele>841.8890812754305</ele>
      </trkpt>
      <trkpt lat="43.834249936044216" lon="7.27525994181633">
        <ele>841.8983700221493</ele>
      </trkpt>
      <trkpt lat="43.83410995826125" lon="7.275169920176268">
        <ele>840.1755159173</ele>
      </trkpt>
      <trkpt lat="43.83405991829932" lon="7.275169920176268">
        <ele>839.1017448156358</ele>
      </trkpt>
      <trkpt lat="43.834009962156415" lon="7.275239992886782">
        <ele>837.4024353532157</ele>
      </trkpt>
      <trkpt lat="43.83394994772971" lon="7.275239992886782">
        <ele>835.9366761580443</ele>
      </trkpt>
      <trkpt lat="43.83373998105526" lon="7.275169920176268">
        <ele>832.0732835263124</ele>
      </trkpt>
      <trkpt lat="43.8336499594152" lon="7.275109989568591">
        <ele>830.7168099213022</ele>
      </trkpt>
      <trkpt lat="43.83359991945326" lon="7.275109989568591">
        <ele>829.6001644110298</ele>
      </trkpt>
      <trkpt lat="43.83350998163223" lon="7.275239992886782">
        <ele>825.1566665023596</ele>
      </trkpt>
      <trkpt lat="43.833449967205524" lon="7.275289949029684">
        <ele>822.8928059697812</ele>
      </trkpt>
      <trkpt lat="43.83337997831404" lon="7.275299923494458">
        <ele>821.5541801464129</ele>
      </trkpt>
      <trkpt lat="43.83317998610437" lon="7.275249967351556">
        <ele>822.4666723727287</ele>
      </trkpt>
      <trkpt lat="43.8330299500376" lon="7.275299923494458">
        <ele>822.6029428204173</ele>
      </trkpt>
      <trkpt lat="43.83292995393276" lon="7.275439985096455">
        <ele>820.412177216879</ele>
      </trkpt>
      <trkpt lat="43.83281998336315" lon="7.275799987837672">
        <ele>815.1122932351069</ele>
      </trkpt>
      <trkpt lat="43.832699954509735" lon="7.276059994474053">
        <ele>809.7922661126206</ele>
      </trkpt>
      <trkpt lat="43.83253013715148" lon="7.2760699689388275">
        <ele>809.9503500011357</ele>
      </trkpt>
      <trkpt lat="43.8323599845171" lon="7.276079943403602">
        <ele>812.5124208640536</ele>
      </trkpt>
      <trkpt lat="43.8322199229151" lon="7.276029987260699">
        <ele>817.3809286904343</ele>
      </trkpt>
      <trkpt lat="43.83203996345401" lon="7.276029987260699">
        <ele>822.9149644121106</ele>
      </trkpt>
      <trkpt lat="43.83193996734917" lon="7.276079943403602">
        <ele>826.7197885691394</ele>
      </trkpt>
      <trkpt lat="43.831819938495755" lon="7.276349924504757">
        <ele>831.9672409058917</ele>
      </trkpt>
      <trkpt lat="43.83179998956621" lon="7.27658998221159">
        <ele>832.1765013512967</ele>
      </trkpt>
      <trkpt lat="43.8317399751395" lon="7.276759967207909">
        <ele>834.3054867895133</ele>
      </trkpt>
      <trkpt lat="43.831564877182245" lon="7.276985105127096">
        <ele>842.4991479140238</ele>
      </trkpt>
      <trkpt lat="43.831389946863055" lon="7.277209991589189">
        <ele>843.5543536075354</ele>
      </trkpt>
      <trkpt lat="43.8311699219048" lon="7.2774099837988615">
        <ele>839.7222784788952</ele>
      </trkpt>
      <trkpt lat="43.83102994412184" lon="7.2775899432599545">
        <ele>840.1383455347042</ele>
      </trkpt>
      <trkpt lat="43.830979987978935" lon="7.277619950473309">
        <ele>840.4707730821906</ele>
      </trkpt>
      <trkpt lat="43.830743534490466" lon="7.277619950473309">
        <ele>840.6836212010454</ele>
      </trkpt>
      <trkpt lat="43.83050716482103" lon="7.277619950473309">
        <ele>841.31495057479</ele>
      </trkpt>
      <trkpt lat="43.830269956961274" lon="7.277619950473309">
        <ele>843.5906752188099</ele>
      </trkpt>
      <trkpt lat="43.830119920894504" lon="7.277699997648597">
        <ele>845.765834953299</ele>
      </trkpt>
      <trkpt lat="43.82989997975528" lon="7.27787995710969">
        <ele>848.2404130809309</ele>
      </trkpt>
      <trkpt lat="43.82967995479703" lon="7.278059916570783">
        <ele>850.1726394211469</ele>
      </trkpt>
      <trkpt lat="43.829519944265485" lon="7.278109956532717">
        <ele>851.3103647957793</ele>
      </trkpt>
      <trkpt lat="43.82926999591291" lon="7.278279941529036">
        <ele>854.8778883852467</ele>
      </trkpt>
      <trkpt lat="43.82899993099272" lon="7.278369963169098">
        <ele>856.3198064309023</ele>
      </trkpt>
      <trkpt lat="43.82877688854933" lon="7.278396617621183">
        <ele>856.0683681347081</ele>
      </trkpt>
      <trkpt lat="43.8285537622869" lon="7.278423272073269">
        <ele>856.3834883970396</ele>
      </trkpt>
      <trkpt lat="43.82832996547222" lon="7.278449926525354">
        <ele>856.0614186971204</ele>
      </trkpt>
      <trkpt lat="43.828135170042515" lon="7.27843995206058">
        <ele>854.7392350808373</ele>
      </trkpt>
      <trkpt lat="43.82793995551765" lon="7.278429977595806">
        <ele>852.1230469912659</ele>
      </trkpt>
      <trkpt lat="43.82776510901749" lon="7.27848487906158">
        <ele>849.9154146634312</ele>
      </trkpt>
      <trkpt lat="43.827589927241206" lon="7.278539948165417">
        <ele>847.2492721600145</ele>
      </trkpt>
      <trkpt lat="43.827459923923016" lon="7.278509940952063">
        <ele>846.5972632002729</ele>
      </trkpt>
      <trkpt lat="43.827329920604825" lon="7.278289999812841">
        <ele>848.683140575782</ele>
      </trkpt>
      <trkpt lat="43.82730997167528" lon="7.278199978172779">
        <ele>850.0079657843481</ele>
      </trkpt>
      <trkpt lat="43.8272999972105" lon="7.2779899276793">
        <ele>851.426855947351</ele>
      </trkpt>
      <trkpt lat="43.827179968357086" lon="7.277689939364791">
        <ele>851.3920840407113</ele>
      </trkpt>
      <trkpt lat="43.82718994282186" lon="7.277499921619892">
        <ele>851.702224602277</ele>
      </trkpt>
      <trkpt lat="43.827159935608506" lon="7.277299929410219">
        <ele>851.9905332349576</ele>
      </trkpt>
      <trkpt lat="43.82718994282186" lon="7.27714997716248">
        <ele>852.9073284614611</ele>
      </trkpt>
      <trkpt lat="43.8270999211818" lon="7.277029948309064">
        <ele>853.0944720993248</ele>
      </trkpt>
      <trkpt lat="43.82698995061219" lon="7.27699994109571">
        <ele>853.0573260819318</ele>
      </trkpt>
      <trkpt lat="43.826729943975806" lon="7.277049981057644">
        <ele>854.1219070001396</ele>
      </trkpt>
      <trkpt lat="43.82657999172807" lon="7.2771299444139">
        <ele>856.5482218557751</ele>
      </trkpt>
      <trkpt lat="43.82634999230504" lon="7.277169926092029">
        <ele>862.4629959622251</ele>
      </trkpt>
      <trkpt lat="43.826095098629594" lon="7.277045035734773">
        <ele>865.0261520072884</ele>
      </trkpt>
      <trkpt lat="43.82583995349705" lon="7.276919977739453">
        <ele>868.9940555055961</ele>
      </trkpt>
      <trkpt lat="43.825719924643636" lon="7.276899944990873">
        <ele>871.4384401230534</ele>
      </trkpt>
      <trkpt lat="43.825589921325445" lon="7.276949984952807">
        <ele>875.1052361641296</ele>
      </trkpt>
      <trkpt lat="43.82536989636719" lon="7.277164980769157">
        <ele>883.2150142121593</ele>
      </trkpt>
      <trkpt lat="43.82514995522797" lon="7.277379976585507">
        <ele>888.5605432904148</ele>
      </trkpt>
      <trkpt lat="43.8249499630183" lon="7.27744996547699">
        <ele>889.729727738773</ele>
      </trkpt>
      <trkpt lat="43.82479992695153" lon="7.277609976008534">
        <ele>888.4091817948955</ele>
      </trkpt>
      <trkpt lat="43.82460999302566" lon="7.277739979326725">
        <ele>888.1948905333626</ele>
      </trkpt>
      <trkpt lat="43.824449982494116" lon="7.277789935469627">
        <ele>889.0577065626082</ele>
      </trkpt>
      <trkpt lat="43.82437999360263" lon="7.27785992436111">
        <ele>889.1532676675945</ele>
      </trkpt>
      <trkpt lat="43.82428997196257" lon="7.277829917147756">
        <ele>889.9420409671806</ele>
      </trkpt>
      <trkpt lat="43.82425996474922" lon="7.277739979326725">
        <ele>890.3664667345622</ele>
      </trkpt>
      <trkpt lat="43.824100121855736" lon="7.2777849063277245">
        <ele>889.705281255026</ele>
      </trkpt>
      <trkpt lat="43.82393994368613" lon="7.277829917147756">
        <ele>888.0288190003863</ele>
      </trkpt>
      <trkpt lat="43.823869954794645" lon="7.2778199426829815">
        <ele>886.9604388998101</ele>
      </trkpt>
      <trkpt lat="43.82379996590316" lon="7.277759928256273">
        <ele>885.1636151282142</ele>
      </trkpt>
      <trkpt lat="43.82374992594123" lon="7.277669990435243">
        <ele>883.6230683971215</ele>
      </trkpt>
      <trkpt lat="43.8237099442631" lon="7.277659932151437">
        <ele>883.2924238141195</ele>
      </trkpt>
      <trkpt lat="43.82359997369349" lon="7.277669990435243">
        <ele>882.9657783189012</ele>
      </trkpt>
      <trkpt lat="43.823479944840074" lon="7.277809968218207">
        <ele>884.4142098945317</ele>
      </trkpt>
      <trkpt lat="43.82338992320001" lon="7.2778399754315615">
        <ele>885.0870645556815</ele>
      </trkpt>
      <trkpt lat="43.82324994541705" lon="7.277789935469627">
        <ele>884.1179368011482</ele>
      </trkpt>
      <trkpt lat="43.82305992767215" lon="7.277789935469627">
        <ele>882.402963810273</ele>
      </trkpt>
      <trkpt lat="43.82289011031389" lon="7.277754982933402">
        <ele>878.4107968029465</ele>
      </trkpt>
      <trkpt lat="43.82271995767951" lon="7.277719946578145">
        <ele>875.3094318700905</ele>
      </trkpt>
      <trkpt lat="43.82253999821842" lon="7.277789935469627">
        <ele>873.4641228403109</ele>
      </trkpt>
      <trkpt lat="43.82235509343445" lon="7.277879873290658">
        <ele>872.1300280357003</ele>
      </trkpt>
      <trkpt lat="43.822169937193394" lon="7.277969978749752">
        <ele>870.6464919917846</ele>
      </trkpt>
      <trkpt lat="43.8219899777323" lon="7.277979953214526">
        <ele>868.4564549416409</ele>
      </trkpt>
      <trkpt lat="43.821829967200756" lon="7.278059916570783">
        <ele>867.4506492863632</ele>
      </trkpt>
      <trkpt lat="43.821679931133986" lon="7.278079949319363">
        <ele>866.2938429135293</ele>
      </trkpt>
      <trkpt lat="43.82163994945586" lon="7.278099982067943">
        <ele>865.9504820327467</ele>
      </trkpt>
      <trkpt lat="43.82146996445954" lon="7.278269967064261">
        <ele>865.2555786331936</ele>
      </trkpt>
      <trkpt lat="43.821269972249866" lon="7.278429977595806">
        <ele>864.2397998540342</ele>
      </trkpt>
      <trkpt lat="43.821139968931675" lon="7.278669951483607">
        <ele>865.226906439405</ele>
      </trkpt>
      <trkpt lat="43.820939976722" lon="7.278779922053218">
        <ele>865.5457226500507</ele>
      </trkpt>
      <trkpt lat="43.82075993344188" lon="7.278929958119988">
        <ele>866.553979300405</ele>
      </trkpt>
      <trkpt lat="43.82063998840749" lon="7.279129950329661">
        <ele>868.5750624387299</ele>
      </trkpt>
      <trkpt lat="43.82058994844556" lon="7.2791799902915955">
        <ele>869.4282255882812</ele>
      </trkpt>
      <trkpt lat="43.82039993070066" lon="7.279259953647852">
        <ele>869.8857562617234</ele>
      </trkpt>
      <trkpt lat="43.820149982348084" lon="7.279449971392751">
        <ele>872.0308851518571</ele>
      </trkpt>
      <trkpt lat="43.82003992795944" lon="7.27959992364049">
        <ele>873.0892126986164</ele>
      </trkpt>
      <trkpt lat="43.81996993906796" lon="7.2798399813473225">
        <ele>874.8125615957022</ele>
      </trkpt>
      <trkpt lat="43.81985996849835" lon="7.279949951916933">
        <ele>875.8277451319689</ele>
      </trkpt>
      <trkpt lat="43.81981998682022" lon="7.280119936913252">
        <ele>878.3442146447252</ele>
      </trkpt>
      <trkpt lat="43.819719990715384" lon="7.280309954658151">
        <ele>882.421210406351</ele>
      </trkpt>
      <trkpt lat="43.81949996575713" lon="7.2804799396544695">
        <ele>884.6497532488364</ele>
      </trkpt>
      <trkpt lat="43.81942997686565" lon="7.280639950186014">
        <ele>885.7523237530918</ele>
      </trkpt>
      <trkpt lat="43.819289999082685" lon="7.280739946290851">
        <ele>886.1915499657347</ele>
      </trkpt>
      <trkpt lat="43.81913987919688" lon="7.280915044248104">
        <ele>886.7649617825566</ele>
      </trkpt>
      <trkpt lat="43.81898992694914" lon="7.281089974567294">
        <ele>887.4228081550157</ele>
      </trkpt>
      <trkpt lat="43.818799993023276" lon="7.2811599634587765">
        <ele>886.9346869767517</ele>
      </trkpt>
      <trkpt lat="43.818759927526116" lon="7.281269934028387">
        <ele>887.0127916882647</ele>
      </trkpt>
      <trkpt lat="43.818709971383214" lon="7.281319973990321">
        <ele>886.8071111859892</ele>
      </trkpt>
      <trkpt lat="43.81846999749541" lon="7.281429944559932">
        <ele>885.9582569686684</ele>
      </trkpt>
      <trkpt lat="43.81826992146671" lon="7.281439919024706">
        <ele>885.1685577245091</ele>
      </trkpt>
      <trkpt lat="43.81803992204368" lon="7.281519966199994">
        <ele>887.1793542941056</ele>
      </trkpt>
      <trkpt lat="43.817769940942526" lon="7.281459951773286">
        <ele>889.9507327331366</ele>
      </trkpt>
      <trkpt lat="43.81766994483769" lon="7.281479984521866">
        <ele>891.1907784043641</ele>
      </trkpt>
      <trkpt lat="43.81751999258995" lon="7.281559947878122">
        <ele>892.3728334357901</ele>
      </trkpt>
      <trkpt lat="43.81729518994689" lon="7.281564977020025">
        <ele>891.9496283243694</ele>
      </trkpt>
      <trkpt lat="43.81706996820867" lon="7.2815699223428965">
        <ele>889.8360610885078</ele>
      </trkpt>
      <trkpt lat="43.816889924928546" lon="7.2816399950534105">
        <ele>887.0810698750328</ele>
      </trkpt>
      <trkpt lat="43.81674994714558" lon="7.281739991158247">
        <ele>883.7488589679721</ele>
      </trkpt>
      <trkpt lat="43.81659999489784" lon="7.281739991158247">
        <ele>879.9970363352151</ele>
      </trkpt>
      <trkpt lat="43.81657996214926" lon="7.281769998371601">
        <ele>879.795810702018</ele>
      </trkpt>
      <trkpt lat="43.81642992608249" lon="7.281829928979278">
        <ele>876.434457072064</ele>
      </trkpt>
      <trkpt lat="43.81620998494327" lon="7.2818399872630835">
        <ele>872.0831223087043</ele>
      </trkpt>
      <trkpt lat="43.81603999994695" lon="7.28193998336792">
        <ele>871.6490255655841</ele>
      </trkpt>
      <trkpt lat="43.8158699311316" lon="7.281989939510822">
        <ele>871.0744464292434</ele>
      </trkpt>
      <trkpt lat="43.81572995334864" lon="7.282109968364239">
        <ele>870.8585728004383</ele>
      </trkpt>
      <trkpt lat="43.81556508131325" lon="7.282194877043366">
        <ele>870.5211406901368</ele>
      </trkpt>
      <trkpt lat="43.81539995782077" lon="7.282279953360558">
        <ele>870.41547260494</ele>
      </trkpt>
      <trkpt lat="43.81527992896736" lon="7.28243007324636">
        <ele>869.9937071194056</ele>
      </trkpt>
      <trkpt lat="43.81515998393297" lon="7.282579941675067">
        <ele>869.8587605331869</ele>
      </trkpt>
      <trkpt lat="43.815039955079556" lon="7.282569967210293">
        <ele>868.9547291667376</ele>
      </trkpt>
      <trkpt lat="43.814929984509945" lon="7.282619923353195">
        <ele>868.5553720315476</ele>
      </trkpt>
      <trkpt lat="43.81463997066021" lon="7.282529985532165">
        <ele>866.1415075922093</ele>
      </trkpt>
      <trkpt lat="43.81451994180679" lon="7.282529985532165">
        <ele>865.869049240848</ele>
      </trkpt>
      <trkpt lat="43.81431014277041" lon="7.282594861462712">
        <ele>864.0424012487354</ele>
      </trkpt>
      <trkpt lat="43.81409992463887" lon="7.282659988850355">
        <ele>864.5913813959259</ele>
      </trkpt>
      <trkpt lat="43.814029935747385" lon="7.282669963315129">
        <ele>865.3663554696834</ele>
      </trkpt>
      <trkpt lat="43.81396992132068" lon="7.282639956101775">
        <ele>867.7932194406008</ele>
      </trkpt>
      <trkpt lat="43.813859950751066" lon="7.282319935038686">
        <ele>870.721891458929</ele>
      </trkpt>
      <trkpt lat="43.81364998407662" lon="7.282209964469075">
        <ele>865.467555617116</ele>
      </trkpt>
      <trkpt lat="43.813619976863265" lon="7.282119942829013">
        <ele>863.6921832356311</ele>
      </trkpt>
      <trkpt lat="43.813489973545074" lon="7.2820299211889505">
        <ele>859.6281695550002</ele>
      </trkpt>
      <trkpt lat="43.813359970226884" lon="7.281769998371601">
        <ele>856.2115694817069</ele>
      </trkpt>
      <trkpt lat="43.8132899813354" lon="7.281459951773286">
        <ele>854.2193678486144</ele>
      </trkpt>
      <trkpt lat="43.81321999244392" lon="7.281399937346578">
        <ele>852.5839909374301</ele>
      </trkpt>
      <trkpt lat="43.81307993084192" lon="7.2814099956303835">
        <ele>849.8755655757732</ele>
      </trkpt>
      <trkpt lat="43.81306995637715" lon="7.281289966776967">
        <ele>848.824637671663</ele>
      </trkpt>
      <trkpt lat="43.81310993805528" lon="7.280899956822395">
        <ele>845.3414794810617</ele>
      </trkpt>
      <trkpt lat="43.81291992031038" lon="7.281089974567294">
        <ele>843.6421495962982</ele>
      </trkpt>
      <trkpt lat="43.812759993597865" lon="7.281089974567294">
        <ele>840.2013729429203</ele>
      </trkpt>
      <trkpt lat="43.81251993589103" lon="7.281219977885485">
        <ele>836.0697483294309</ele>
      </trkpt>
      <trkpt lat="43.81229010410607" lon="7.2813148610293865">
        <ele>831.9694840637814</ele>
      </trkpt>
      <trkpt lat="43.81205993704498" lon="7.2814099956303835">
        <ele>827.9901448652854</ele>
      </trkpt>
      <trkpt lat="43.81190503947437" lon="7.281504878774285">
        <ele>825.6365893410814</ele>
      </trkpt>
      <trkpt lat="43.811749974265695" lon="7.281599929556251">
        <ele>823.0306445066828</ele>
      </trkpt>
      <trkpt lat="43.81156993098557" lon="7.281739991158247">
        <ele>820.0039603976442</ele>
      </trkpt>
      <trkpt lat="43.81165995262563" lon="7.281969990581274">
        <ele>818.7054276361994</ele>
      </trkpt>
      <trkpt lat="43.81146993488073" lon="7.282169982790947">
        <ele>813.7122364926711</ele>
      </trkpt>
      <trkpt lat="43.811259968206286" lon="7.2822999861091375">
        <ele>809.8374635357656</ele>
      </trkpt>
      <trkpt lat="43.81100993603468" lon="7.282559992745519">
        <ele>806.2567353271332</ele>
      </trkpt>
      <trkpt lat="43.81085503846407" lon="7.2826749086380005">
        <ele>804.1824816665347</ele>
      </trkpt>
      <trkpt lat="43.810699973255396" lon="7.282789992168546">
        <ele>802.4041914388276</ele>
      </trkpt>
      <trkpt lat="43.81055505014956" lon="7.282884959131479">
        <ele>800.5673223795629</ele>
      </trkpt>
      <trkpt lat="43.81040995940566" lon="7.282979926094413">
        <ele>798.5461659032668</ele>
      </trkpt>
      <trkpt lat="43.81026495248079" lon="7.283094925805926">
        <ele>797.104989508875</ele>
      </trkpt>
      <trkpt lat="43.810119945555925" lon="7.28320992551744">
        <ele>795.1426337283259</ele>
      </trkpt>
      <trkpt lat="43.80984510295093" lon="7.28338485583663">
        <ele>790.8659963742635</ele>
      </trkpt>
      <trkpt lat="43.80956992506981" lon="7.283559953793883">
        <ele>788.1088712016311</ele>
      </trkpt>
      <trkpt lat="43.809295082464814" lon="7.283734884113073">
        <ele>786.6475879021997</ele>
      </trkpt>
      <trkpt lat="43.809019988402724" lon="7.283909982070327">
        <ele>785.9723136664602</ele>
      </trkpt>
      <trkpt lat="43.80885008722544" lon="7.2839948907494545">
        <ele>784.3627998123707</ele>
      </trkpt>
      <trkpt lat="43.808679934591055" lon="7.284079967066646">
        <ele>782.5495557237326</ele>
      </trkpt>
      <trkpt lat="43.80844012834132" lon="7.28417987935245">
        <ele>778.9033709449808</ele>
      </trkpt>
      <trkpt lat="43.80820032209158" lon="7.284279791638255">
        <ele>775.7210117393073</ele>
      </trkpt>
      <trkpt lat="43.80795992910862" lon="7.284379955381155">
        <ele>773.1453726622694</ele>
      </trkpt>
      <trkpt lat="43.80772992968559" lon="7.284549940377474">
        <ele>773.3035711205836</ele>
      </trkpt>
      <trkpt lat="43.80745014175773" lon="7.28467483073473">
        <ele>769.4040145580373</ele>
      </trkpt>
      <trkpt lat="43.8071699347347" lon="7.284799972549081">
        <ele>765.191142828961</ele>
      </trkpt>
      <trkpt lat="43.80694999359548" lon="7.2849399503320456">
        <ele>761.4651620465318</ele>
      </trkpt>
      <trkpt lat="43.80675662308931" lon="7.285133320838213">
        <ele>759.2027681932802</ele>
      </trkpt>
      <trkpt lat="43.806563252583146" lon="7.28532669134438">
        <ele>757.393576572899</ele>
      </trkpt>
      <trkpt lat="43.80636996589601" lon="7.285519978031516">
        <ele>754.1965695261596</ele>
      </trkpt>
      <trkpt lat="43.80617315880954" lon="7.285780152305961">
        <ele>751.4220938994213</ele>
      </trkpt>
      <trkpt lat="43.805976351723075" lon="7.2860402427613735">
        <ele>747.176395044063</ele>
      </trkpt>
      <trkpt lat="43.805779963731766" lon="7.2862999979406595">
        <ele>743.7531697604021</ele>
      </trkpt>
      <trkpt lat="43.80558994598687" lon="7.286429917439818">
        <ele>738.8113372380766</ele>
      </trkpt>
      <trkpt lat="43.805479975417256" lon="7.286629993468523">
        <ele>740.7926028199893</ele>
      </trkpt>
      <trkpt lat="43.805329939350486" lon="7.2866899240761995">
        <ele>736.5059006724778</ele>
      </trkpt>
      <trkpt lat="43.80514997988939" lon="7.286949930712581">
        <ele>737.4083415982428</ele>
      </trkpt>
      <trkpt lat="43.80495334044099" lon="7.287103235721588">
        <ele>733.298899651554</ele>
      </trkpt>
      <trkpt lat="43.804756700992584" lon="7.287256540730596">
        <ele>729.3395793699287</ele>
      </trkpt>
      <trkpt lat="43.80455997772515" lon="7.287409929558635">
        <ele>726.5908258765699</ele>
      </trkpt>
      <trkpt lat="43.804319920018315" lon="7.287644958123565">
        <ele>724.0974428323552</ele>
      </trkpt>
      <trkpt lat="43.804079946130514" lon="7.287879986688495">
        <ele>722.2832910361088</ele>
      </trkpt>
      <trkpt lat="43.8038251362741" lon="7.287984844297171">
        <ele>717.1739434094977</ele>
      </trkpt>
      <trkpt lat="43.80356999114156" lon="7.288089953362942">
        <ele>711.8234359262455</ele>
      </trkpt>
      <trkpt lat="43.80342003889382" lon="7.288174945861101">
        <ele>709.6579850609305</ele>
      </trkpt>
      <trkpt lat="43.80326991900802" lon="7.288259938359261">
        <ele>707.9571214020312</ele>
      </trkpt>
      <trkpt lat="43.80306011997163" lon="7.28835322894156">
        <ele>705.4535707842424</ele>
      </trkpt>
      <trkpt lat="43.80285023711622" lon="7.288446519523859">
        <ele>702.3042176610442</ele>
      </trkpt>
      <trkpt lat="43.802639935165644" lon="7.288539977744222">
        <ele>698.8968294794322</ele>
      </trkpt>
      <trkpt lat="43.802400128915906" lon="7.288667382672429">
        <ele>696.2357019490289</ele>
      </trkpt>
      <trkpt lat="43.80215998739004" lon="7.2887949552387">
        <ele>693.0077261894155</ele>
      </trkpt>
      <trkpt lat="43.80192009732127" lon="7.288922360166907">
        <ele>689.7604045793709</ele>
      </trkpt>
      <trkpt lat="43.80167995579541" lon="7.289049932733178">
        <ele>685.5405960154876</ele>
      </trkpt>
      <trkpt lat="43.80150997079909" lon="7.289179936051369">
        <ele>683.1853365521438</ele>
      </trkpt>
      <trkpt lat="43.80133998580277" lon="7.289309939369559">
        <ele>679.9452302933653</ele>
      </trkpt>
      <trkpt lat="43.801204953342676" lon="7.289429968222976">
        <ele>676.7496292545551</ele>
      </trkpt>
      <trkpt lat="43.80106992088258" lon="7.289549997076392">
        <ele>672.0304496802416</ele>
      </trkpt>
      <trkpt lat="43.80095995031297" lon="7.289809919893742">
        <ele>667.6670583815153</ele>
      </trkpt>
      <trkpt lat="43.80089985206723" lon="7.290130695328116">
        <ele>663.2807339890901</ele>
      </trkpt>
      <trkpt lat="43.800839921459556" lon="7.29044996201992">
        <ele>656.838512016901</ele>
      </trkpt>
      <trkpt lat="43.800859954208136" lon="7.290809964761138">
        <ele>653.5062509946264</ele>
      </trkpt>
      <trkpt lat="43.800935139879584" lon="7.2910454124212265">
        <ele>652.9161672678817</ele>
      </trkpt>
      <trkpt lat="43.801009990274906" lon="7.291279938071966">
        <ele>652.7379231630358</ele>
      </trkpt>
      <trkpt lat="43.8009999319911" lon="7.2913899924606085">
        <ele>651.08645268162</ele>
      </trkpt>
      <trkpt lat="43.80105508491397" lon="7.291675563901663">
        <ele>650.262271640406</ele>
      </trkpt>
      <trkpt lat="43.80110998637974" lon="7.291959961876273">
        <ele>649.0377589899933</ele>
      </trkpt>
      <trkpt lat="43.80108995363116" lon="7.292239917442203">
        <ele>644.0045352014255</ele>
      </trkpt>
      <trkpt lat="43.801159942522645" lon="7.29246991686523">
        <ele>641.5181581729523</ele>
      </trkpt>
      <trkpt lat="43.80125993862748" lon="7.292719949036837">
        <ele>638.1185035819378</ele>
      </trkpt>
      <trkpt lat="43.80120998248458" lon="7.292729923501611">
        <ele>636.6622584050244</ele>
      </trkpt>
      <trkpt lat="43.80109992809594" lon="7.292669992893934">
        <ele>635.0285053590167</ele>
      </trkpt>
      <trkpt lat="43.80095995031297" lon="7.292669992893934">
        <ele>631.8864033459971</ele>
      </trkpt>
      <trkpt lat="43.80071997642517" lon="7.292749956250191">
        <ele>628.6198001348821</ele>
      </trkpt>
      <trkpt lat="43.800469944253564" lon="7.292929999530315">
        <ele>626.3542635462994</ele>
      </trkpt>
      <trkpt lat="43.8003799226135" lon="7.292769988998771">
        <ele>626.3780461822158</ele>
      </trkpt>
      <trkpt lat="43.80034999921918" lon="7.292659934610128">
        <ele>626.0233334678944</ele>
      </trkpt>
      <trkpt lat="43.80030993372202" lon="7.292629927396774">
        <ele>625.9725410400921</ele>
      </trkpt>
      <trkpt lat="43.80026995204389" lon="7.292519956827164">
        <ele>625.4976402856842</ele>
      </trkpt>
      <trkpt lat="43.80021999590099" lon="7.2924599424004555">
        <ele>624.9612587424701</ele>
      </trkpt>
      <trkpt lat="43.80009996704757" lon="7.292409986257553">
        <ele>625.2691704415362</ele>
      </trkpt>
      <trkpt lat="43.80007993429899" lon="7.292359946295619">
        <ele>625.0977775802971</ele>
      </trkpt>
      <trkpt lat="43.80000986158848" lon="7.292149560526013">
        <ele>623.5300096540122</ele>
      </trkpt>
      <trkpt lat="43.79993995651603" lon="7.291939929127693">
        <ele>620.6453501947899</ele>
      </trkpt>
      <trkpt lat="43.7998999748379" lon="7.2917599696666">
        <ele>617.212950814486</ele>
      </trkpt>
      <trkpt lat="43.7998999748379" lon="7.2913699597120285">
        <ele>609.7098419103789</ele>
      </trkpt>
      <trkpt lat="43.79985999315977" lon="7.291159993037581">
        <ele>606.374371878665</ele>
      </trkpt>
      <trkpt lat="43.79972982220352" lon="7.290904596447945">
        <ele>601.8942300062895</ele>
      </trkpt>
      <trkpt lat="43.79959998652339" lon="7.290649954229593">
        <ele>598.6728050003967</ele>
      </trkpt>
      <trkpt lat="43.79950996488333" lon="7.290439987555146">
        <ele>594.782515775441</ele>
      </trkpt>
      <trkpt lat="43.7994665466249" lon="7.290115859359503">
        <ele>590.8210078582701</ele>
      </trkpt>
      <trkpt lat="43.79942312836647" lon="7.289791814982891">
        <ele>588.4945092273081</ele>
      </trkpt>
      <trkpt lat="43.79937996156514" lon="7.289469949901104">
        <ele>586.418657873449</ele>
      </trkpt>
      <trkpt lat="43.799309972673655" lon="7.289289990440011">
        <ele>581.466822517536</ele>
      </trkpt>
      <trkpt lat="43.799289939925075" lon="7.289049932733178">
        <ele>579.1936264682732</ele>
      </trkpt>
      <trkpt lat="43.799289939925075" lon="7.2886840626597404">
        <ele>577.1425336954909</ele>
      </trkpt>
      <trkpt lat="43.799289939925075" lon="7.288319952785969">
        <ele>572.847164557122</ele>
      </trkpt>
      <trkpt lat="43.79936998710036" lon="7.287959950044751">
        <ele>567.4385775925489</ele>
      </trkpt>
      <trkpt lat="43.79950996488333" lon="7.287669936195016">
        <ele>563.0759715946417</ele>
      </trkpt>
      <trkpt lat="43.79923998378217" lon="7.287649987265468">
        <ele>557.2137271954014</ele>
      </trkpt>
      <trkpt lat="43.798989951610565" lon="7.287779990583658">
        <ele>552.4712994766504</ele>
      </trkpt>
      <trkpt lat="43.79890998825431" lon="7.287839921191335">
        <ele>551.4096401918453</ele>
      </trkpt>
      <trkpt lat="43.7988999299705" lon="7.2877999395132065">
        <ele>550.2024183149912</ele>
      </trkpt>
      <trkpt lat="43.79890998825431" lon="7.287659961730242">
        <ele>548.1035401998186</ele>
      </trkpt>
      <trkpt lat="43.79886992275715" lon="7.287549991160631">
        <ele>546.8294138711699</ele>
      </trkpt>
      <trkpt lat="43.79873991943896" lon="7.287489976733923">
        <ele>547.2779583482906</ele>
      </trkpt>
      <trkpt lat="43.79851520061493" lon="7.287464998662472">
        <ele>548.8677904028846</ele>
      </trkpt>
      <trkpt lat="43.79828997887671" lon="7.287439936771989">
        <ele>550.5699834288288</ele>
      </trkpt>
      <trkpt lat="43.79814991727471" lon="7.2873699478805065">
        <ele>552.136307594252</ele>
      </trkpt>
      <trkpt lat="43.797979932278395" lon="7.287174900993705">
        <ele>553.3305789873341</ele>
      </trkpt>
      <trkpt lat="43.797809947282076" lon="7.286979937925935">
        <ele>553.1516141910159</ele>
      </trkpt>
      <trkpt lat="43.79771992564201" lon="7.286909949034452">
        <ele>552.5560504647311</ele>
      </trkpt>
      <trkpt lat="43.79760978743434" lon="7.286569308489561">
        <ele>551.1077553870425</ele>
      </trkpt>
      <trkpt lat="43.797499565407634" lon="7.28622866794467">
        <ele>551.6273501889409</ele>
      </trkpt>
      <trkpt lat="43.79738993011415" lon="7.285889955237508">
        <ele>553.4781848830897</ele>
      </trkpt>
      <trkpt lat="43.797249952331185" lon="7.285659955814481">
        <ele>552.6015733582142</ele>
      </trkpt>
      <trkpt lat="43.79708994179964" lon="7.285299953073263">
        <ele>552.2362809992869</ele>
      </trkpt>
      <trkpt lat="43.79689497873187" lon="7.285109935328364">
        <ele>552.67322834489</ele>
      </trkpt>
      <trkpt lat="43.79669993184507" lon="7.284919917583466">
        <ele>553.5239771529725</ele>
      </trkpt>
      <trkpt lat="43.796559954062104" lon="7.284809947013855">
        <ele>554.7011902485253</ele>
      </trkpt>
      <trkpt lat="43.796499939635396" lon="7.284489925950766">
        <ele>554.9305099619941</ele>
      </trkpt>
      <trkpt lat="43.7965099979192" lon="7.284399988129735">
        <ele>554.3681854049579</ele>
      </trkpt>
      <trkpt lat="43.796499939635396" lon="7.284329999238253">
        <ele>553.6704754396234</ele>
      </trkpt>
      <trkpt lat="43.79645995795727" lon="7.284249952062964">
        <ele>552.4617278021526</ele>
      </trkpt>
      <trkpt lat="43.796369936317205" lon="7.284149955958128">
        <ele>549.7546976591043</ele>
      </trkpt>
      <trkpt lat="43.79617991857231" lon="7.2840299271047115">
        <ele>545.0082546581419</ele>
      </trkpt>
      <trkpt lat="43.79615996964276" lon="7.283949963748455">
        <ele>543.1135987822662</ele>
      </trkpt>
      <trkpt lat="43.79622995853424" lon="7.2838399931788445">
        <ele>541.5345622620971</ele>
      </trkpt>
      <trkpt lat="43.79632995463908" lon="7.283779978752136">
        <ele>540.9995033097489</ele>
      </trkpt>
      <trkpt lat="43.79637999460101" lon="7.283699931576848">
        <ele>539.3277260532516</ele>
      </trkpt>
      <trkpt lat="43.79641503095627" lon="7.283459370955825">
        <ele>534.8151374413915</ele>
      </trkpt>
      <trkpt lat="43.796449983492494" lon="7.283219983801246">
        <ele>531.7334474731217</ele>
      </trkpt>
      <trkpt lat="43.796470016241074" lon="7.282914211973548">
        <ele>528.4764134455047</ele>
      </trkpt>
      <trkpt lat="43.79648996517062" lon="7.282609948888421">
        <ele>525.8402714975422</ele>
      </trkpt>
      <trkpt lat="43.796449983492494" lon="7.282569967210293">
        <ele>525.5451905876885</ele>
      </trkpt>
      <trkpt lat="43.796275136992335" lon="7.282510036602616">
        <ele>522.7981611918879</ele>
      </trkpt>
      <trkpt lat="43.79609995521605" lon="7.282449938356876">
        <ele>519.8830554556217</ele>
      </trkpt>
      <trkpt lat="43.795959977433085" lon="7.282419931143522">
        <ele>521.1841427773505</ele>
      </trkpt>
      <trkpt lat="43.7958799302578" lon="7.282339967787266">
        <ele>521.4289572154787</ele>
      </trkpt>
      <trkpt lat="43.795769875869155" lon="7.2821698151528835">
        <ele>518.7252483151368</ele>
      </trkpt>
      <trkpt lat="43.795659989118576" lon="7.281999997794628">
        <ele>515.4061432932001</ele>
      </trkpt>
      <trkpt lat="43.795489920303226" lon="7.2818399872630835">
        <ele>512.4194814157231</ele>
      </trkpt>
      <trkpt lat="43.795509953051805" lon="7.2817999217659235">
        <ele>510.4349905111019</ele>
      </trkpt>
      <trkpt lat="43.79557994194329" lon="7.281779972836375">
        <ele>508.10725349007635</ele>
      </trkpt>
      <trkpt lat="43.79568999633193" lon="7.281789947301149">
        <ele>506.3831851832172</ele>
      </trkpt>
      <trkpt lat="43.79571991972625" lon="7.281779972836375">
        <ele>505.47552030758396</ele>
      </trkpt>
      <trkpt lat="43.79570994526148" lon="7.281749965623021">
        <ele>504.4371300628341</ele>
      </trkpt>
      <trkpt lat="43.795539792627096" lon="7.281506471335888">
        <ele>498.13875137967443</ele>
      </trkpt>
      <trkpt lat="43.795369723811746" lon="7.281262893229723">
        <ele>492.34198677885104</ele>
      </trkpt>
      <trkpt lat="43.79519999027252" lon="7.281019985675812">
        <ele>487.6098673625855</ele>
      </trkpt>
      <trkpt lat="43.79504643380642" lon="7.280766349285841">
        <ele>483.21172852309485</ele>
      </trkpt>
      <trkpt lat="43.79489296115935" lon="7.280512796714902">
        <ele>478.37029633576543</ele>
      </trkpt>
      <trkpt lat="43.79473999142647" lon="7.280259998515248">
        <ele>471.83963224226227</ele>
      </trkpt>
      <trkpt lat="43.79452994093299" lon="7.280129995197058">
        <ele>467.80571826190555</ele>
      </trkpt>
      <trkpt lat="43.794300109148026" lon="7.280035028234124">
        <ele>461.86381464673553</ele>
      </trkpt>
      <trkpt lat="43.794069942086935" lon="7.279939977452159">
        <ele>454.4920925844794</ele>
      </trkpt>
      <trkpt lat="43.7942099198699" lon="7.279829923063517">
        <ele>454.0481465810463</ele>
      </trkpt>
      <trkpt lat="43.79394999705255" lon="7.279869988560677">
        <ele>448.0301681916779</ele>
      </trkpt>
      <trkpt lat="43.79375503398478" lon="7.2799798753112555">
        <ele>444.55461251428017</ele>
      </trkpt>
      <trkpt lat="43.79355998709798" lon="7.280089929699898">
        <ele>442.3017044144352</ele>
      </trkpt>
      <trkpt lat="43.793509947136045" lon="7.2800699807703495">
        <ele>440.1086728584051</ele>
      </trkpt>
      <trkpt lat="43.79355998709798" lon="7.279939977452159">
        <ele>438.1988222272229</ele>
      </trkpt>
      <trkpt lat="43.79364992491901" lon="7.2798399813473225">
        <ele>437.8779198381019</ele>
      </trkpt>
      <trkpt lat="43.79378009587526" lon="7.27962976321578">
        <ele>434.83727864589554</ele>
      </trkpt>
      <trkpt lat="43.79390993155539" lon="7.279419964179397">
        <ele>430.9260350259933</ele>
      </trkpt>
      <trkpt lat="43.7937299720943" lon="7.2793899569660425">
        <ele>425.7969596445814</ele>
      </trkpt>
      <trkpt lat="43.793489998206496" lon="7.2794099897146225">
        <ele>419.87907108346997</ele>
      </trkpt>
      <trkpt lat="43.79334499128163" lon="7.27951493114233">
        <ele>417.13638661329026</ele>
      </trkpt>
      <trkpt lat="43.79319998435676" lon="7.27961995638907">
        <ele>413.84515744457906</ele>
      </trkpt>
      <trkpt lat="43.7931099627167" lon="7.279649963602424">
        <ele>410.17511861307014</ele>
      </trkpt>
      <trkpt lat="43.793200151994824" lon="7.279364392161369">
        <ele>406.0352399174802</ele>
      </trkpt>
      <trkpt lat="43.79328992217779" lon="7.279079994186759">
        <ele>401.64927357858164</ele>
      </trkpt>
      <trkpt lat="43.793209958821535" lon="7.279099943116307">
        <ele>398.1844554103427</ele>
      </trkpt>
      <trkpt lat="43.79314994439483" lon="7.2791399247944355">
        <ele>396.20587819068334</ele>
      </trkpt>
      <trkpt lat="43.793189926072955" lon="7.278939932584763">
        <ele>392.61499413674704</ele>
      </trkpt>
      <trkpt lat="43.79328992217779" lon="7.27875997312367">
        <ele>391.864828241263</ele>
      </trkpt>
      <trkpt lat="43.79349988885224" lon="7.278626700863242">
        <ele>391.6412178275196</ele>
      </trkpt>
      <trkpt lat="43.793709771707654" lon="7.278493428602815">
        <ele>388.80275476956564</ele>
      </trkpt>
      <trkpt lat="43.793919989839196" lon="7.278359988704324">
        <ele>385.67473170341225</ele>
      </trkpt>
      <trkpt lat="43.79402996040881" lon="7.278269967064261">
        <ele>381.94855916594963</ele>
      </trkpt>
      <trkpt lat="43.79392996430397" lon="7.278219927102327">
        <ele>379.3246365701088</ele>
      </trkpt>
      <trkpt lat="43.79372016526759" lon="7.27815505117178">
        <ele>373.81349055589476</ele>
      </trkpt>
      <trkpt lat="43.793509947136045" lon="7.278089923784137">
        <ele>368.159666939346</ele>
      </trkpt>
      <trkpt lat="43.793639950454235" lon="7.277959920465946">
        <ele>364.26637880933816</ele>
      </trkpt>
      <trkpt lat="43.79367993213236" lon="7.27785992436111">
        <ele>360.4710648701916</ele>
      </trkpt>
      <trkpt lat="43.79364992491901" lon="7.277799993753433">
        <ele>357.49155596607284</ele>
      </trkpt>
      <trkpt lat="43.79349997267127" lon="7.277739979326725">
        <ele>352.4574022676028</ele>
      </trkpt>
      <trkpt lat="43.79358999431133" lon="7.277659932151437">
        <ele>350.48265169363356</ele>
      </trkpt>
      <trkpt lat="43.79356996156275" lon="7.2776399832218885">
        <ele>349.29984447377956</ele>
      </trkpt>
      <trkpt lat="43.79349997267127" lon="7.277629924938083">
        <ele>347.7761177001759</ele>
      </trkpt>
      <trkpt lat="43.793509947136045" lon="7.27757996879518">
        <ele>345.8146948276386</ele>
      </trkpt>
      <trkpt lat="43.79358999431133" lon="7.277479972690344">
        <ele>343.32409464789106</ele>
      </trkpt>
      <trkpt lat="43.79355998709798" lon="7.277489947155118">
        <ele>343.2352826136602</ele>
      </trkpt>
      <trkpt lat="43.7935399543494" lon="7.27746999822557">
        <ele>342.17813215253386</ele>
      </trkpt>
      <trkpt lat="43.79357993602753" lon="7.277419958263636">
        <ele>340.8936726906269</ele>
      </trkpt>
      <trkpt lat="43.79355998709798" lon="7.277329936623573">
        <ele>337.919425825036</ele>
      </trkpt>
      <trkpt lat="43.793489998206496" lon="7.277309987694025">
        <ele>336.391281850535</ele>
      </trkpt>
      <trkpt lat="43.79330995492637" lon="7.277309987694025">
        <ele>334.26519205818386</ele>
      </trkpt>
      <trkpt lat="43.79324994049966" lon="7.277209991589189">
        <ele>333.2239003731525</ele>
      </trkpt>
      <trkpt lat="43.79314994439483" lon="7.2771399188786745">
        <ele>334.4246982387315</ele>
      </trkpt>
      <trkpt lat="43.79298490472138" lon="7.27697990834713">
        <ele>336.9702866957096</ele>
      </trkpt>
      <trkpt lat="43.79281994886696" lon="7.276819981634617">
        <ele>337.88558742475226</ele>
      </trkpt>
      <trkpt lat="43.79276999272406" lon="7.27658998221159">
        <ele>340.8293443825239</ele>
      </trkpt>
      <trkpt lat="43.79266974516213" lon="7.276269374415278">
        <ele>342.73556971228334</ele>
      </trkpt>
      <trkpt lat="43.792569916695356" lon="7.275949940085411">
        <ele>346.2243513432444</ele>
      </trkpt>
      <trkpt lat="43.79251987673342" lon="7.275724466890097">
        <ele>347.73958771971377</ele>
      </trkpt>
      <trkpt lat="43.79246992059052" lon="7.275499999523163">
        <ele>349.84373923407713</ele>
      </trkpt>
      <trkpt lat="43.79242985509336" lon="7.275249380618334">
        <ele>351.1089201184036</ele>
      </trkpt>
      <trkpt lat="43.79238995723426" lon="7.274999935179949">
        <ele>351.9535002912712</ele>
      </trkpt>
      <trkpt lat="43.79235995002091" lon="7.2749799862504005">
        <ele>352.001664563895</ele>
      </trkpt>
      <trkpt lat="43.792219972237945" lon="7.274799942970276">
        <ele>352.6520123973962</ele>
      </trkpt>
      <trkpt lat="43.79206490702927" lon="7.274634903296828">
        <ele>354.2270330352652</ele>
      </trkpt>
      <trkpt lat="43.79190992563963" lon="7.274469947442412">
        <ele>356.51693494973586</ele>
      </trkpt>
      <trkpt lat="43.79190992563963" lon="7.274244390428066">
        <ele>358.6318424775017</ele>
      </trkpt>
      <trkpt lat="43.79190992563963" lon="7.274019923061132">
        <ele>361.6897157454553</ele>
      </trkpt>
      <trkpt lat="43.79188997671008" lon="7.273809956386685">
        <ele>365.36729335356443</ele>
      </trkpt>
      <trkpt lat="43.79209994338453" lon="7.273609964177012">
        <ele>368.0039784203407</ele>
      </trkpt>
      <trkpt lat="43.792089968919754" lon="7.27353997528553">
        <ele>369.05137508658567</ele>
      </trkpt>
      <trkpt lat="43.791879918426275" lon="7.273679953068495">
        <ele>368.2156133948084</ele>
      </trkpt>
      <trkpt lat="43.79168998450041" lon="7.273719934746623">
        <ele>368.3336297671236</ele>
      </trkpt>
      <trkpt lat="43.791469959542155" lon="7.273719934746623">
        <ele>367.9980395218266</ele>
      </trkpt>
      <trkpt lat="43.79128513857722" lon="7.273694956675172">
        <ele>368.1150033827285</ele>
      </trkpt>
      <trkpt lat="43.79109998233616" lon="7.273669978603721">
        <ele>368.43521968903593</ele>
      </trkpt>
      <trkpt lat="43.791059916839004" lon="7.2738599963486195">
        <ele>368.77309090981265</ele>
      </trkpt>
      <trkpt lat="43.7908199429512" lon="7.2740899957716465">
        <ele>370.8872084404718</ele>
      </trkpt>
      <trkpt lat="43.79062665626407" lon="7.274226620793343">
        <ele>372.254964069593</ele>
      </trkpt>
      <trkpt lat="43.79043345339596" lon="7.274363161996007">
        <ele>373.2251737665126</ele>
      </trkpt>
      <trkpt lat="43.790239999070764" lon="7.2744999546557665">
        <ele>373.88947254494894</ele>
      </trkpt>
      <trkpt lat="43.79000999964774" lon="7.274639932438731">
        <ele>376.48572124000566</ele>
      </trkpt>
      <trkpt lat="43.78982995636761" lon="7.2747099213302135">
        <ele>379.58641030251187</ele>
      </trkpt>
      <trkpt lat="43.789619989693165" lon="7.274759961292148">
        <ele>382.0650449725329</ele>
      </trkpt>
      <trkpt lat="43.78938999027014" lon="7.274759961292148">
        <ele>384.10143516588084</ele>
      </trkpt>
      <trkpt lat="43.78910995088518" lon="7.2747099213302135">
        <ele>384.1311218343211</ele>
      </trkpt>
      <trkpt lat="43.78891993314028" lon="7.274719979614019">
        <ele>383.8418994090819</ele>
      </trkpt>
      <trkpt lat="43.78875992260873" lon="7.27480991743505">
        <ele>382.8386130024488</ele>
      </trkpt>
      <trkpt lat="43.78857652656734" lon="7.2750601172447205">
        <ele>384.84560433113234</ele>
      </trkpt>
      <trkpt lat="43.788393046706915" lon="7.275310317054391">
        <ele>386.1311530000119</ele>
      </trkpt>
      <trkpt lat="43.78820998594165" lon="7.275559930130839">
        <ele>387.5811587974621</ele>
      </trkpt>
      <trkpt lat="43.78807998262346" lon="7.27568993344903">
        <ele>388.3553508072093</ele>
      </trkpt>
      <trkpt lat="43.78784998320043" lon="7.275849943980575">
        <ele>389.4011759924718</ele>
      </trkpt>
      <trkpt lat="43.787619983777404" lon="7.275939965620637">
        <ele>390.75489375410734</ele>
      </trkpt>
      <trkpt lat="43.78743994049728" lon="7.275979947298765">
        <ele>391.74132568995896</ele>
      </trkpt>
      <trkpt lat="43.78726995550096" lon="7.275979947298765">
        <ele>392.38623898673677</ele>
      </trkpt>
      <trkpt lat="43.78701992332935" lon="7.275959998369217">
        <ele>393.1279828244139</ele>
      </trkpt>
      <trkpt lat="43.786820182576776" lon="7.275920016691089">
        <ele>393.56923532984325</ele>
      </trkpt>
      <trkpt lat="43.78661993891001" lon="7.275879951193929">
        <ele>393.9805650500353</ele>
      </trkpt>
      <trkpt lat="43.78642992116511" lon="7.275919932872057">
        <ele>393.99563965991365</ele>
      </trkpt>
      <trkpt lat="43.786419946700335" lon="7.276029987260699">
        <ele>394.4501029568368</ele>
      </trkpt>
      <trkpt lat="43.786249961704016" lon="7.27628999389708">
        <ele>398.642399407089</ele>
      </trkpt>
      <trkpt lat="43.786079892888665" lon="7.276485040783882">
        <ele>399.00739845414677</ele>
      </trkpt>
      <trkpt lat="43.78590999171138" lon="7.27667992003262">
        <ele>397.48897074548984</ele>
      </trkpt>
      <trkpt lat="43.785819970071316" lon="7.276789974421263">
        <ele>395.29939257337946</ele>
      </trkpt>
      <trkpt lat="43.78578996285796" lon="7.276789974421263">
        <ele>394.78533856370706</ele>
      </trkpt>
      <trkpt lat="43.78575995564461" lon="7.2769099194556475">
        <ele>393.0092282030886</ele>
      </trkpt>
      <trkpt lat="43.7856999412179" lon="7.276959959417582">
        <ele>391.0545684871362</ele>
      </trkpt>
      <trkpt lat="43.78547270782292" lon="7.276984937489033">
        <ele>384.6743446944307</ele>
      </trkpt>
      <trkpt lat="43.78524497151375" lon="7.277009999379516">
        <ele>379.5180648856124</ele>
      </trkpt>
      <trkpt lat="43.785017654299736" lon="7.277034893631935">
        <ele>376.44783941551646</ele>
      </trkpt>
      <trkpt lat="43.784789917990565" lon="7.277059955522418">
        <ele>376.92245934911347</ele>
      </trkpt>
      <trkpt lat="43.78462999127805" lon="7.277089962735772">
        <ele>377.5846755267031</ele>
      </trkpt>
      <trkpt lat="43.784420024603605" lon="7.277239914983511">
        <ele>373.1181534566274</ele>
      </trkpt>
      <trkpt lat="43.78420997411013" lon="7.2773899510502815">
        <ele>372.7657973076807</ele>
      </trkpt>
      <trkpt lat="43.78406999632716" lon="7.277689939364791">
        <ele>368.16317921662505</ele>
      </trkpt>
      <trkpt lat="43.783969916403294" lon="7.277779961004853">
        <ele>369.72429169170124</ele>
      </trkpt>
      <trkpt lat="43.78386992029846" lon="7.278159996494651">
        <ele>369.20015837165414</ele>
      </trkpt>
      <trkpt lat="43.78385994583368" lon="7.278389995917678">
        <ele>365.3939915973851</ele>
      </trkpt>
      <trkpt lat="43.78375994972885" lon="7.278529973700643">
        <ele>359.97457530915915</ele>
      </trkpt>
      <trkpt lat="43.783819964155555" lon="7.278639944270253">
        <ele>357.6298463686763</ele>
      </trkpt>
      <trkpt lat="43.78371996805072" lon="7.278799954801798">
        <ele>351.84356128655475</ele>
      </trkpt>
      <trkpt lat="43.78352995030582" lon="7.278919983655214">
        <ele>347.6528516198804</ele>
      </trkpt>
      <trkpt lat="43.7835499830544" lon="7.279029954224825">
        <ele>344.5061414181244</ele>
      </trkpt>
      <trkpt lat="43.78342995420098" lon="7.279089968651533">
        <ele>342.4755537349547</ele>
      </trkpt>
      <trkpt lat="43.78337999805808" lon="7.27918996475637">
        <ele>338.8937364712899</ele>
      </trkpt>
      <trkpt lat="43.783369939774275" lon="7.27929993532598">
        <ele>335.15811615185277</ele>
      </trkpt>
      <trkpt lat="43.78328997641802" lon="7.279329942539334">
        <ele>333.26232090236294</ele>
      </trkpt>
      <trkpt lat="43.78333993256092" lon="7.279439996927977">
        <ele>329.43859711850166</ele>
      </trkpt>
      <trkpt lat="43.78322996199131" lon="7.279459945857525">
        <ele>328.6711840776688</ele>
      </trkpt>
      <trkpt lat="43.78326994366944" lon="7.279549967497587">
        <ele>324.7813001532638</ele>
      </trkpt>
      <trkpt lat="43.78320992924273" lon="7.27959992364049">
        <ele>323.37458303767903</ele>
      </trkpt>
      <trkpt lat="43.78303994424641" lon="7.279809974133968">
        <ele>315.8660955919992</ele>
      </trkpt>
      <trkpt lat="43.782769963145256" lon="7.279939977452159">
        <ele>309.7730677922025</ele>
      </trkpt>
      <trkpt lat="43.78271992318332" lon="7.280099987983704">
        <ele>305.3652188678347</ele>
      </trkpt>
      <trkpt lat="43.782639959827065" lon="7.280129995197058">
        <ele>305.49823538434464</ele>
      </trkpt>
      <trkpt lat="43.78255999647081" lon="7.28019998408854">
        <ele>304.4855931889421</ele>
      </trkpt>
      <trkpt lat="43.782399985939264" lon="7.280259998515248">
        <ele>304.9279543698983</ele>
      </trkpt>
      <trkpt lat="43.78223997540772" lon="7.280379943549633">
        <ele>303.60691395510054</ele>
      </trkpt>
      <trkpt lat="43.7821199465543" lon="7.280539954081178">
        <ele>298.86650383697105</ele>
      </trkpt>
      <trkpt lat="43.782119611278176" lon="7.280539954081178">
        <ele>298.86708222543245</ele>
      </trkpt>
      <trkpt lat="43.78211944364011" lon="7.280539954081178">
        <ele>298.8673714196383</ele>
      </trkpt>
      <trkpt lat="43.78211944364011" lon="7.280540037900209">
        <ele>298.8637091919265</ele>
      </trkpt>
      <trkpt lat="43.781969994306564" lon="7.280579935759306">
        <ele>298.0543861476386</ele>
      </trkpt>
      <trkpt lat="43.781909979879856" lon="7.280699964612722">
        <ele>294.0903375610059</ele>
      </trkpt>
      <trkpt lat="43.78178995102644" lon="7.280699964612722">
        <ele>297.67311554646943</ele>
      </trkpt>
      <trkpt lat="43.78172993659973" lon="7.280819993466139">
        <ele>295.0022333575463</ele>
      </trkpt>
      <trkpt lat="43.78167998045683" lon="7.280979920178652">
        <ele>288.62695537503794</ele>
      </trkpt>
      <trkpt lat="43.78156992606819" lon="7.281029960140586">
        <ele>287.42889710425516</ele>
      </trkpt>
      <trkpt lat="43.78159993328154" lon="7.281119981780648">
        <ele>283.162312595497</ele>
      </trkpt>
      <trkpt lat="43.781519969925284" lon="7.281169937923551">
        <ele>281.71957440233234</ele>
      </trkpt>
      <trkpt lat="43.78154997713864" lon="7.281219977885485">
        <ele>279.0777130312741</ele>
      </trkpt>
      <trkpt lat="43.781459955498576" lon="7.281309999525547">
        <ele>275.3961933543247</ele>
      </trkpt>
      <trkpt lat="43.78135995939374" lon="7.281339922919869">
        <ele>274.6141760882411</ele>
      </trkpt>
      <trkpt lat="43.781439922749996" lon="7.281519966199994">
        <ele>267.5105781827313</ele>
      </trkpt>
      <trkpt lat="43.781399857252836" lon="7.281760526821017">
        <ele>259.17518858141557</ele>
      </trkpt>
      <trkpt lat="43.78135995939374" lon="7.281999997794628">
        <ele>260.0540378298215</ele>
      </trkpt>
      <trkpt lat="43.781309919431806" lon="7.282189931720495">
        <ele>261.4121847904431</ele>
      </trkpt>
      <trkpt lat="43.78111654892564" lon="7.282403334975243">
        <ele>261.1311797613652</ele>
      </trkpt>
      <trkpt lat="43.78092317841947" lon="7.28261673822999">
        <ele>261.09019300849366</ele>
      </trkpt>
      <trkpt lat="43.78072997555137" lon="7.282829973846674">
        <ele>261.73974760956344</ele>
      </trkpt>
      <trkpt lat="43.780469968914986" lon="7.283049998804927">
        <ele>262.9522326355442</ele>
      </trkpt>
      <trkpt lat="43.78021993674338" lon="7.283129962161183">
        <ele>263.02368350440577</ele>
      </trkpt>
      <trkpt lat="43.780019944533706" lon="7.283099954947829">
        <ele>262.55632389723877</ele>
      </trkpt>
      <trkpt lat="43.77972993068397" lon="7.282999958842993">
        <ele>260.6358877238168</ele>
      </trkpt>
      <trkpt lat="43.77951996400952" lon="7.2829599771648645">
        <ele>260.13940575810295</ele>
      </trkpt>
      <trkpt lat="43.77944997511804" lon="7.282999958842993">
        <ele>259.52990086842783</ele>
      </trkpt>
      <trkpt lat="43.77936992794275" lon="7.283089980483055">
        <ele>259.2996428737521</ele>
      </trkpt>
      <trkpt lat="43.779309997335076" lon="7.28322995826602">
        <ele>259.9714308967283</ele>
      </trkpt>
      <trkpt lat="43.779184855520725" lon="7.283450234681368">
        <ele>260.2454905929424</ele>
      </trkpt>
      <trkpt lat="43.77905996516347" lon="7.283669924363494">
        <ele>260.367488127228</ele>
      </trkpt>
      <trkpt lat="43.77894999459386" lon="7.2837999276816845">
        <ele>259.74486053512067</ele>
      </trkpt>
      <trkpt lat="43.77882996574044" lon="7.284129923209548">
        <ele>259.9538026633501</ele>
      </trkpt>
      <trkpt lat="43.77886994741857" lon="7.284199995920062">
        <ele>261.71275745041464</ele>
      </trkpt>
      <trkpt lat="43.77882996574044" lon="7.284309966489673">
        <ele>262.7493452685029</ele>
      </trkpt>
      <trkpt lat="43.7786699552089" lon="7.284529991447926">
        <ele>264.95826542406576</ele>
      </trkpt>
      <trkpt lat="43.77849997021258" lon="7.284679943695664">
        <ele>268.0167663097398</ele>
      </trkpt>
      <trkpt lat="43.778489995747805" lon="7.284839954227209">
        <ele>273.0199545471583</ele>
      </trkpt>
      <trkpt lat="43.778359992429614" lon="7.28507992811501">
        <ele>280.5831613271823</ele>
      </trkpt>
      <trkpt lat="43.778149941936135" lon="7.285299953073263">
        <ele>284.55596045205914</ele>
      </trkpt>
      <trkpt lat="43.77806997857988" lon="7.28550991974771">
        <ele>285.2556573371819</ele>
      </trkpt>
      <trkpt lat="43.77797995693982" lon="7.285629948601127">
        <ele>285.8114951868034</ele>
      </trkpt>
      <trkpt lat="43.77789999358356" lon="7.285719970241189">
        <ele>285.08677456272954</ele>
      </trkpt>
      <trkpt lat="43.77772992476821" lon="7.285769926384091">
        <ele>277.41976569453493</ele>
      </trkpt>
      <trkpt lat="43.77767996862531" lon="7.2858199663460255">
        <ele>275.6862577487569</ele>
      </trkpt>
      <trkpt lat="43.77757997252047" lon="7.2860299330204725">
        <ele>277.53074649788795</ele>
      </trkpt>
      <trkpt lat="43.77752993255854" lon="7.286079972982407">
        <ele>278.47437641042035</ele>
      </trkpt>
      <trkpt lat="43.777419961988926" lon="7.286009984090924">
        <ele>282.4481621122668</ele>
      </trkpt>
      <trkpt lat="43.77727998420596" lon="7.286019958555698">
        <ele>284.1085796109979</ele>
      </trkpt>
      <trkpt lat="43.77712508663535" lon="7.286084918305278">
        <ele>285.67634936901817</ele>
      </trkpt>
      <trkpt lat="43.776969937607646" lon="7.286149961873889">
        <ele>287.45156357125654</ele>
      </trkpt>
      <trkpt lat="43.77679995261133" lon="7.286329921334982">
        <ele>292.82695044447973</ele>
      </trkpt>
      <trkpt lat="43.77693993039429" lon="7.286419942975044">
        <ele>300.5502771163593</ele>
      </trkpt>
      <trkpt lat="43.776879999786615" lon="7.286449950188398">
        <ele>301.7687243578563</ele>
      </trkpt>
      <trkpt lat="43.776839934289455" lon="7.286509964615107">
        <ele>305.0624474847722</ele>
      </trkpt>
      <trkpt lat="43.77658353187144" lon="7.286603255197406">
        <ele>306.2521541333382</ele>
      </trkpt>
      <trkpt lat="43.77632704563439" lon="7.286696461960673">
        <ele>310.0701406994451</ele>
      </trkpt>
      <trkpt lat="43.77606997266412" lon="7.286789920181036">
        <ele>313.58860752935436</ele>
      </trkpt>
      <trkpt lat="43.77589009702206" lon="7.286839876323938">
        <ele>315.5516717127892</ele>
      </trkpt>
      <trkpt lat="43.7757099699229" lon="7.2868899162858725">
        <ele>316.724258969266</ele>
      </trkpt>
      <trkpt lat="43.77544015645981" lon="7.286999886855483">
        <ele>321.95752395928554</ele>
      </trkpt>
      <trkpt lat="43.77516992390156" lon="7.287109941244125">
        <ele>326.9678389025517</ele>
      </trkpt>
      <trkpt lat="43.77502005547285" lon="7.287194933742285">
        <ele>330.9045668406922</ele>
      </trkpt>
      <trkpt lat="43.77486993558705" lon="7.287279926240444">
        <ele>334.24760855977536</ele>
      </trkpt>
      <trkpt lat="43.77461998723447" lon="7.287509925663471">
        <ele>342.16070423946496</ele>
      </trkpt>
      <trkpt lat="43.774432400241494" lon="7.287725005298853">
        <ele>347.43449227237255</ele>
      </trkpt>
      <trkpt lat="43.77424498088658" lon="7.287940001115203">
        <ele>348.8572049460065</ele>
      </trkpt>
      <trkpt lat="43.7740573938936" lon="7.288154996931553">
        <ele>350.3752428067066</ele>
      </trkpt>
      <trkpt lat="43.773869974538684" lon="7.288369992747903">
        <ele>351.0179381277309</ele>
      </trkpt>
      <trkpt lat="43.7736099679023" lon="7.288589933887124">
        <ele>345.7913463332915</ele>
      </trkpt>
      <trkpt lat="43.773489939048886" lon="7.288779951632023">
        <ele>341.17230692303707</ele>
      </trkpt>
      <trkpt lat="43.77345993183553" lon="7.289099972695112">
        <ele>337.2493530663436</ele>
      </trkpt>
      <trkpt lat="43.77348667010665" lon="7.289390657097101">
        <ele>336.8594594074052</ele>
      </trkpt>
      <trkpt lat="43.77351340837777" lon="7.28968134149909">
        <ele>333.2462334056771</ele>
      </trkpt>
      <trkpt lat="43.77353997901082" lon="7.289969930425286">
        <ele>332.703440478131</ele>
      </trkpt>
      <trkpt lat="43.77363997511566" lon="7.290229937061667">
        <ele>333.9968107802849</ele>
      </trkpt>
      <trkpt lat="43.7737999856472" lon="7.290309984236956">
        <ele>337.70990115522767</ele>
      </trkpt>
      <trkpt lat="43.773939963430166" lon="7.290629921481013">
        <ele>341.66341899374333</ele>
      </trkpt>
      <trkpt lat="43.77387994900346" lon="7.29072991758585">
        <ele>346.15721940310317</ele>
      </trkpt>
      <trkpt lat="43.77387994900346" lon="7.290869979187846">
        <ele>350.67751424595644</ele>
      </trkpt>
      <trkpt lat="43.77400995232165" lon="7.29117994196713">
        <ele>353.69151555621846</ele>
      </trkpt>
      <trkpt lat="43.77408999949694" lon="7.291279938071966">
        <ele>353.94717906181074</ele>
      </trkpt>
      <trkpt lat="43.77411992289126" lon="7.291409941390157">
        <ele>356.3384250020169</ele>
      </trkpt>
      <trkpt lat="43.774129981175065" lon="7.291499963030219">
        <ele>357.653267218107</ele>
      </trkpt>
      <trkpt lat="43.77409997396171" lon="7.2915499191731215">
        <ele>359.5001808795582</ele>
      </trkpt>
      <trkpt lat="43.77394993789494" lon="7.291469955816865">
        <ele>365.76566000466784</ele>
      </trkpt>
      <trkpt lat="43.77394993789494" lon="7.291789976879954">
        <ele>369.88416024548627</ele>
      </trkpt>
      <trkpt lat="43.77390995621681" lon="7.292149979621172">
        <ele>374.6039600171082</ele>
      </trkpt>
      <trkpt lat="43.77396997064352" lon="7.292529931291938">
        <ele>375.989205396241</ele>
      </trkpt>
      <trkpt lat="43.774060159921646" lon="7.292910721153021">
        <ele>378.4778813623913</ele>
      </trkpt>
      <trkpt lat="43.77414993010461" lon="7.293289918452501">
        <ele>383.45095382061095</ele>
      </trkpt>
      <trkpt lat="43.77401992678642" lon="7.293249936774373">
        <ele>388.11170161402003</ele>
      </trkpt>
      <trkpt lat="43.77405999228358" lon="7.293449928984046">
        <ele>390.10426204689395</ele>
      </trkpt>
      <trkpt lat="43.77396997064352" lon="7.293399972841144">
        <ele>393.29818665489597</ele>
      </trkpt>
      <trkpt lat="43.77396997064352" lon="7.293629972264171">
        <ele>396.03050106241017</ele>
      </trkpt>
      <trkpt lat="43.77392998896539" lon="7.293789982795715">
        <ele>397.55899652688845</ele>
      </trkpt>
      <trkpt lat="43.77385991625488" lon="7.293689986690879">
        <ele>400.79722220162523</ele>
      </trkpt>
      <trkpt lat="43.7737999856472" lon="7.293809931725264">
        <ele>402.81189703806706</ele>
      </trkpt>
      <trkpt lat="43.773699989542365" lon="7.293789982795715">
        <ele>407.22386972902564</ele>
      </trkpt>
      <trkpt lat="43.77366998232901" lon="7.293889978900552">
        <ele>407.8675564317536</ele>
      </trkpt>
      <trkpt lat="43.77361994236708" lon="7.293919986113906">
        <ele>409.3322494097981</ele>
      </trkpt>
      <trkpt lat="43.77345993183553" lon="7.294119978323579">
        <ele>412.5794948131033</ele>
      </trkpt>
      <trkpt lat="43.77335976809263" lon="7.29444058611989">
        <ele>415.3979401255657</ele>
      </trkpt>
      <trkpt lat="43.77325993962586" lon="7.294759936630726">
        <ele>415.8781335149397</ele>
      </trkpt>
      <trkpt lat="43.77322984859347" lon="7.295015584677458">
        <ele>415.5245465433427</ele>
      </trkpt>
      <trkpt lat="43.77319992519915" lon="7.295269975438714">
        <ele>419.6659561368743</ele>
      </trkpt>
      <trkpt lat="43.77305969595909" lon="7.295635594055057">
        <ele>428.3088399985432</ele>
      </trkpt>
      <trkpt lat="43.77291996963322" lon="7.295999955385923">
        <ele>434.2829304805923</ele>
      </trkpt>
      <trkpt lat="43.77286992967129" lon="7.295889984816313">
        <ele>437.9737056814921</ele>
      </trkpt>
      <trkpt lat="43.77269986085594" lon="7.296110093593597">
        <ele>441.94028338857584</ele>
      </trkpt>
      <trkpt lat="43.77252995967865" lon="7.296329950913787">
        <ele>447.353547852972</ele>
      </trkpt>
      <trkpt lat="43.77240993082523" lon="7.296289969235659">
        <ele>450.168657669118</ele>
      </trkpt>
      <trkpt lat="43.77224992029369" lon="7.296409998089075">
        <ele>458.12719413404164</ele>
      </trkpt>
      <trkpt lat="43.77209996804595" lon="7.2964599542319775">
        <ele>464.5185083794238</ele>
      </trkpt>
      <trkpt lat="43.771959990262985" lon="7.29654997587204">
        <ele>470.4341963138604</ele>
      </trkpt>
      <trkpt lat="43.771939957514405" lon="7.2966899536550045">
        <ele>473.2093999375924</ele>
      </trkpt>
      <trkpt lat="43.77184993587434" lon="7.296869996935129">
        <ele>478.55476543533723</ele>
      </trkpt>
      <trkpt lat="43.77185999415815" lon="7.2971199452877045">
        <ele>478.23477366016664</ele>
      </trkpt>
      <trkpt lat="43.77183996140957" lon="7.297269981354475">
        <ele>479.576508187159</ele>
      </trkpt>
      <trkpt lat="43.77185999415815" lon="7.297329995781183">
        <ele>479.32866923156706</ele>
      </trkpt>
      <trkpt lat="43.77192998304963" lon="7.297439966350794">
        <ele>479.55583495864266</ele>
      </trkpt>
      <trkpt lat="43.77196996472776" lon="7.297549936920404">
        <ele>479.22483169768424</ele>
      </trkpt>
      <trkpt lat="43.77197993919253" lon="7.297689998522401">
        <ele>479.2997378857974</ele>
      </trkpt>
      <trkpt lat="43.771959990262985" lon="7.298079924657941">
        <ele>480.1324020013729</ele>
      </trkpt>
      <trkpt lat="43.77196996472776" lon="7.298299949616194">
        <ele>480.43022010557206</ele>
      </trkpt>
      <trkpt lat="43.771939957514405" lon="7.298469934612513">
        <ele>479.83806953700355</ele>
      </trkpt>
      <trkpt lat="43.77184985205531" lon="7.2986602038145065">
        <ele>480.15911946498335</ele>
      </trkpt>
      <trkpt lat="43.77175999805331" lon="7.29884997010231">
        <ele>480.1479268088371</ele>
      </trkpt>
      <trkpt lat="43.77169487066567" lon="7.299065385013819">
        <ele>479.8221686881212</ele>
      </trkpt>
      <trkpt lat="43.77162999473512" lon="7.29927996173501">
        <ele>479.1611815831692</ele>
      </trkpt>
      <trkpt lat="43.77162999473512" lon="7.299409965053201">
        <ele>478.2299603770061</ele>
      </trkpt>
      <trkpt lat="43.77171993255615" lon="7.299619931727648">
        <ele>477.03869168137095</ele>
      </trkpt>
      <trkpt lat="43.77171993255615" lon="7.29970995336771">
        <ele>476.6622566237976</ele>
      </trkpt>
      <trkpt lat="43.7716899253428" lon="7.299819923937321">
        <ele>475.91157749249567</ele>
      </trkpt>
      <trkpt lat="43.7716899253428" lon="7.299899971112609">
        <ele>475.59929882451985</ele>
      </trkpt>
      <trkpt lat="43.77153997309506" lon="7.299889996647835">
        <ele>472.9536534646213</ele>
      </trkpt>
      <trkpt lat="43.77142991870642" lon="7.299809949472547">
        <ele>470.08268981339756</ele>
      </trkpt>
      <trkpt lat="43.771379962563515" lon="7.29972998611629">
        <ele>469.34517691267973</ele>
      </trkpt>
      <trkpt lat="43.77130997367203" lon="7.29970995336771">
        <ele>468.15047009551705</ele>
      </trkpt>
      <trkpt lat="43.771099923178554" lon="7.2997999750077724">
        <ele>463.6627006530762</ele>
      </trkpt>
      <trkpt lat="43.77098995260894" lon="7.299769967794418">
        <ele>463.20338744342916</ele>
      </trkpt>
      <trkpt lat="43.77085994929075" lon="7.299829982221127">
        <ele>461.94978496883937</ele>
      </trkpt>
      <trkpt lat="43.77072994597256" lon="7.3000099416822195">
        <ele>453.8142775617722</ele>
      </trkpt>
      <trkpt lat="43.77047999761999" lon="7.30013994500041">
        <ele>444.5181233581734</ele>
      </trkpt>
      <trkpt lat="43.77016995102167" lon="7.300119996070862">
        <ele>435.78861918165995</ele>
      </trkpt>
      <trkpt lat="43.77010993659496" lon="7.3000299744307995">
        <ele>436.4108445675403</ele>
      </trkpt>
      <trkpt lat="43.77007992938161" lon="7.299929978325963">
        <ele>436.9505058501898</ele>
      </trkpt>
      <trkpt lat="43.769944896921515" lon="7.299764854833484">
        <ele>435.79223869061434</ele>
      </trkpt>
      <trkpt lat="43.769809948280454" lon="7.2995999827980995">
        <ele>437.7416899411471</ele>
      </trkpt>
      <trkpt lat="43.76956997439265" lon="7.299749935045838">
        <ele>442.67524813391486</ele>
      </trkpt>
      <trkpt lat="43.76956997439265" lon="7.299829982221127">
        <ele>439.98610996506477</ele>
      </trkpt>
      <trkpt lat="43.769659996032715" lon="7.299949927255511">
        <ele>430.67821555942464</ele>
      </trkpt>
      <trkpt lat="43.7695399671793" lon="7.30015997774899">
        <ele>432.9991765885285</ele>
      </trkpt>
      <trkpt lat="43.769610123708844" lon="7.3004354909062386">
        <ele>428.78371952054715</ele>
      </trkpt>
      <trkpt lat="43.76967994496226" lon="7.3007099982351065">
        <ele>425.73580873218856</ele>
      </trkpt>
      <trkpt lat="43.76967994496226" lon="7.300929939374328">
        <ele>423.29703110958525</ele>
      </trkpt>
      <trkpt lat="43.76957994885743" lon="7.301309974864125">
        <ele>417.75884638766786</ele>
      </trkpt>
      <trkpt lat="43.76947978511453" lon="7.301575429737568">
        <ele>416.3014468159701</ele>
      </trkpt>
      <trkpt lat="43.769379956647754" lon="7.301839962601662">
        <ele>413.27786522712506</ele>
      </trkpt>
      <trkpt lat="43.76925992779434" lon="7.301929984241724">
        <ele>412.85672038895007</ele>
      </trkpt>
      <trkpt lat="43.769013499841094" lon="7.3020231910049915">
        <ele>410.98091681068695</ele>
      </trkpt>
      <trkpt lat="43.76876707188785" lon="7.302116481587291">
        <ele>407.1677873624348</ele>
      </trkpt>
      <trkpt lat="43.768519973382354" lon="7.302209939807653">
        <ele>401.2221382173626</ele>
      </trkpt>
      <trkpt lat="43.76846993342042" lon="7.302199965342879">
        <ele>400.34410999567666</ele>
      </trkpt>
      <trkpt lat="43.768285028636456" lon="7.302069962024689">
        <ele>398.61122131764205</ele>
      </trkpt>
      <trkpt lat="43.76809995621443" lon="7.301939958706498">
        <ele>396.7020798449737</ele>
      </trkpt>
      <trkpt lat="43.76796995289624" lon="7.302069962024689">
        <ele>389.138759181688</ele>
      </trkpt>
      <trkpt lat="43.7678699567914" lon="7.302059987559915">
        <ele>387.3434255968492</ele>
      </trkpt>
      <trkpt lat="43.76768999733031" lon="7.301939958706498">
        <ele>397.4858255146695</ele>
      </trkpt>
      <trkpt lat="43.767659990116954" lon="7.301989998668432">
        <ele>398.89219363209367</ele>
      </trkpt>
      <trkpt lat="43.76756996847689" lon="7.302269954234362">
        <ele>391.0365229074968</ele>
      </trkpt>
      <trkpt lat="43.76742999069393" lon="7.302479920908809">
        <ele>381.2195986400617</ele>
      </trkpt>
      <trkpt lat="43.7674899213016" lon="7.302519986405969">
        <ele>380.05336146281405</ele>
      </trkpt>
      <trkpt lat="43.76728992909193" lon="7.302619982510805">
        <ele>377.67763742336797</ele>
      </trkpt>
      <trkpt lat="43.767149951308966" lon="7.302789967507124">
        <ele>374.7153346530755</ele>
      </trkpt>
      <trkpt lat="43.76702992245555" lon="7.302809916436672">
        <ele>377.6968993845568</ele>
      </trkpt>
      <trkpt lat="43.76695993356407" lon="7.302859956398606">
        <ele>380.51446831718613</ele>
      </trkpt>
      <trkpt lat="43.766889944672585" lon="7.303149970248342">
        <ele>375.50391089724707</ele>
      </trkpt>
      <trkpt lat="43.76672993414104" lon="7.303459933027625">
        <ele>372.79890387310667</ele>
      </trkpt>
      <trkpt lat="43.76652994193137" lon="7.303629918023944">
        <ele>375.6189184271642</ele>
      </trkpt>
      <trkpt lat="43.766384683549404" lon="7.304015653207898">
        <ele>373.82710218815396</ele>
      </trkpt>
      <trkpt lat="43.76623992808163" lon="7.304399963468313">
        <ele>371.83323498138014</ele>
      </trkpt>
      <trkpt lat="43.766159964725375" lon="7.304749991744757">
        <ele>369.89825752281047</ele>
      </trkpt>
      <trkpt lat="43.766124844551086" lon="7.304970435798168">
        <ele>367.3387511047592</ele>
      </trkpt>
      <trkpt lat="43.76608997583389" lon="7.305189957842231">
        <ele>365.3778180810254</ele>
      </trkpt>
      <trkpt lat="43.76594999805093" lon="7.305469997227192">
        <ele>366.57064028376556</ele>
      </trkpt>
      <trkpt lat="43.76590481959283" lon="7.305755568668246">
        <ele>364.52535666890833</ele>
      </trkpt>
      <trkpt lat="43.765859976410866" lon="7.306039966642857">
        <ele>361.25642663865773</ele>
      </trkpt>
      <trkpt lat="43.76577992923558" lon="7.306359987705946">
        <ele>356.40398577666525</ele>
      </trkpt>
      <trkpt lat="43.76568999141455" lon="7.306569954380393">
        <ele>353.25165858048877</ele>
      </trkpt>
      <trkpt lat="43.76554649323225" lon="7.306783441454172">
        <ele>352.38323458786124</ele>
      </trkpt>
      <trkpt lat="43.765403078868985" lon="7.306997012346983">
        <ele>349.98854063717715</ele>
      </trkpt>
      <trkpt lat="43.76525999978185" lon="7.307209996506572">
        <ele>348.88260251961765</ele>
      </trkpt>
      <trkpt lat="43.76517986878753" lon="7.307400265708566">
        <ele>345.01773454768215</ele>
      </trkpt>
      <trkpt lat="43.7650999892503" lon="7.307589948177338">
        <ele>341.0101473315759</ele>
      </trkpt>
      <trkpt lat="43.76494995318353" lon="7.307719951495528">
        <ele>339.8711730714787</ele>
      </trkpt>
      <trkpt lat="43.76479991711676" lon="7.307849954813719">
        <ele>338.97768536340465</ele>
      </trkpt>
      <trkpt lat="43.76470997929573" lon="7.307979958131909">
        <ele>336.2173684199309</ele>
      </trkpt>
      <trkpt lat="43.76455994322896" lon="7.30812999419868">
        <ele>333.67231130864496</ele>
      </trkpt>
      <trkpt lat="43.76440999098122" lon="7.308279946446419">
        <ele>329.6603121580912</ele>
      </trkpt>
      <trkpt lat="43.76421980559826" lon="7.308533415198326">
        <ele>322.2930703553015</ele>
      </trkpt>
      <trkpt lat="43.76402970403433" lon="7.308786967769265">
        <ele>319.06922928875076</ele>
      </trkpt>
      <trkpt lat="43.763839937746525" lon="7.309039933606982">
        <ele>315.94159254848825</ele>
      </trkpt>
      <trkpt lat="43.7637999560684" lon="7.30911998078227">
        <ele>315.30653431276903</ele>
      </trkpt>
      <trkpt lat="43.76378495246172" lon="7.309355512261391">
        <ele>311.13385976493333</ele>
      </trkpt>
      <trkpt lat="43.76376994885504" lon="7.309589954093099">
        <ele>307.2921468174617</ele>
      </trkpt>
      <trkpt lat="43.763714795932174" lon="7.309875609353185">
        <ele>303.0654036184515</ele>
      </trkpt>
      <trkpt lat="43.76365997828543" lon="7.310159923508763">
        <ele>297.7106400683384</ele>
      </trkpt>
      <trkpt lat="43.763514971360564" lon="7.310264948755503">
        <ele>296.27646865109307</ele>
      </trkpt>
      <trkpt lat="43.7633699644357" lon="7.310369974002242">
        <ele>294.3347365470258</ele>
      </trkpt>
      <trkpt lat="43.76325479708612" lon="7.310615312308073">
        <ele>288.4481902704871</ele>
      </trkpt>
      <trkpt lat="43.76313996501267" lon="7.31085998006165">
        <ele>284.79344748164897</ele>
      </trkpt>
      <trkpt lat="43.763089925050735" lon="7.311009932309389">
        <ele>282.7972601223268</ele>
      </trkpt>
      <trkpt lat="43.7629899289459" lon="7.311169942840934">
        <ele>281.7226460318654</ele>
      </trkpt>
      <trkpt lat="43.762849951162934" lon="7.311499938368797">
        <ele>277.7803541525128</ele>
      </trkpt>
      <trkpt lat="43.762659933418036" lon="7.311839992180467">
        <ele>274.221632357494</ele>
      </trkpt>
      <trkpt lat="43.7624648027122" lon="7.312095137313008">
        <ele>272.83334238856526</ele>
      </trkpt>
      <trkpt lat="43.762269923463464" lon="7.312349947169423">
        <ele>270.1336870193507</ele>
      </trkpt>
      <trkpt lat="43.76220999285579" lon="7.312509957700968">
        <ele>266.1873707969967</ele>
      </trkpt>
      <trkpt lat="43.76205995678902" lon="7.312729982659221">
        <ele>262.22634039041395</ele>
      </trkpt>
      <trkpt lat="43.7621299456805" lon="7.312769964337349">
        <ele>259.41725491444583</ele>
      </trkpt>
      <trkpt lat="43.76205995678902" lon="7.312929974868894">
        <ele>256.46155048848095</ele>
      </trkpt>
      <trkpt lat="43.76216992735863" lon="7.312919916585088">
        <ele>254.02259783193486</ele>
      </trkpt>
      <trkpt lat="43.76215995289385" lon="7.312989989295602">
        <ele>251.56444269528382</ele>
      </trkpt>
      <trkpt lat="43.76221996732056" lon="7.312999963760376">
        <ele>249.18387637439082</ele>
      </trkpt>
      <trkpt lat="43.76216992735863" lon="7.313099959865212">
        <ele>246.4185607359911</ele>
      </trkpt>
      <trkpt lat="43.76232482492924" lon="7.313159890472889">
        <ele>240.29398644130157</ele>
      </trkpt>
      <trkpt lat="43.76247997395694" lon="7.313219988718629">
        <ele>236.0981603594096</ele>
      </trkpt>
      <trkpt lat="43.76246999949217" lon="7.313279919326305">
        <ele>233.93063465796502</ele>
      </trkpt>
      <trkpt lat="43.7625099811703" lon="7.313299952074885">
        <ele>232.80885409516952</ele>
      </trkpt>
      <trkpt lat="43.76249992288649" lon="7.313369940966368">
        <ele>230.0922652964693</ele>
      </trkpt>
      <trkpt lat="43.76253998838365" lon="7.313389973714948">
        <ele>229.11044834999822</ele>
      </trkpt>
      <trkpt lat="43.7625099811703" lon="7.31345996260643">
        <ele>226.47550732685522</ele>
      </trkpt>
      <trkpt lat="43.7625599373132" lon="7.31345996260643">
        <ele>226.30971429395885</ele>
      </trkpt>
      <trkpt lat="43.762549962848425" lon="7.313529951497912">
        <ele>223.67591916050998</ele>
      </trkpt>
      <trkpt lat="43.76258994452655" lon="7.3135399259626865">
        <ele>223.29844170380295</ele>
      </trkpt>
      <trkpt lat="43.76251995563507" lon="7.313679987564683">
        <ele>217.8769442055595</ele>
      </trkpt>
      <trkpt lat="43.762569995597005" lon="7.3138099908828735">
        <ele>213.89480096219918</ele>
      </trkpt>
      <trkpt lat="43.76244996674359" lon="7.313959943130612">
        <ele>207.44313165857477</ele>
      </trkpt>
      <trkpt lat="43.76249992288649" lon="7.314179968088865">
        <ele>200.90711242352816</ele>
      </trkpt>
      <trkpt lat="43.76253998838365" lon="7.3142199497669935">
        <ele>200.67800764994254</ele>
      </trkpt>
      <trkpt lat="43.76244996674359" lon="7.314299996942282">
        <ele>196.86952603076492</ele>
      </trkpt>
      <trkpt lat="43.762419959530234" lon="7.314439974725246">
        <ele>192.82036490620897</ele>
      </trkpt>
      <trkpt lat="43.76245994120836" lon="7.314549945294857">
        <ele>190.64795688101242</ele>
      </trkpt>
      <trkpt lat="43.76247997395694" lon="7.314789919182658">
        <ele>183.31887661741118</ele>
      </trkpt>
      <trkpt lat="43.762419959530234" lon="7.314779944717884">
        <ele>181.6920508698355</ele>
      </trkpt>
      <trkpt lat="43.762569995597005" lon="7.3151299729943275">
        <ele>174.65922819235408</ele>
      </trkpt>
      <trkpt lat="43.76264995895326" lon="7.31519996188581">
        <ele>173.8837434433976</ele>
      </trkpt>
      <trkpt lat="43.76281994394958" lon="7.31521999463439">
        <ele>170.69629186598718</ele>
      </trkpt>
      <trkpt lat="43.76276998780668" lon="7.3153099324554205">
        <ele>166.7215713539207</ele>
      </trkpt>
      <trkpt lat="43.76260997727513" lon="7.315449994057417">
        <ele>158.5881040431697</ele>
      </trkpt>
      <trkpt lat="43.762659933418036" lon="7.315469942986965">
        <ele>157.3098356336926</ele>
      </trkpt>
      <trkpt lat="43.76285992562771" lon="7.315399954095483">
        <ele>159.80980009659984</ele>
      </trkpt>
      <trkpt lat="43.762959921732545" lon="7.315419986844063">
        <ele>155.45510571395806</ele>
      </trkpt>
      <trkpt lat="43.76272992230952" lon="7.315659960731864">
        <ele>145.9027659928019</ele>
      </trkpt>
      <trkpt lat="43.762939972803" lon="7.315639927983284">
        <ele>146.04675523009405</ele>
      </trkpt>
      <trkpt lat="43.762869983911514" lon="7.315869927406311">
        <ele>137.00618616715548</ele>
      </trkpt>
      <trkpt lat="43.762695137411356" lon="7.315904963761568">
        <ele>133.9952160427825</ele>
      </trkpt>
      <trkpt lat="43.76251995563507" lon="7.315939916297793">
        <ele>129.94160400866178</ele>
      </trkpt>
      <trkpt lat="43.76238995231688" lon="7.31605994515121">
        <ele>122.52745119697292</ele>
      </trkpt>
      <trkpt lat="43.76242993399501" lon="7.316179974004626">
        <ele>119.74188601372808</ele>
      </trkpt>
      <trkpt lat="43.7623199634254" lon="7.316149966791272">
        <ele>117.87069433371559</ele>
      </trkpt>
      <trkpt lat="43.762359945103526" lon="7.316259937360883">
        <ele>116.21961796666591</ele>
      </trkpt>
      <trkpt lat="43.76233999617398" lon="7.31648993678391">
        <ele>111.8873938248601</ele>
      </trkpt>
      <trkpt lat="43.7625099811703" lon="7.316809957846999">
        <ele>109.49917878710005</ele>
      </trkpt>
      <trkpt lat="43.762549962848425" lon="7.317209942266345">
        <ele>108.97547639272616</ele>
      </trkpt>
      <trkpt lat="43.76257997006178" lon="7.3173099383711815">
        <ele>108.78408027874684</ele>
      </trkpt>
      <trkpt lat="43.76234988681972" lon="7.317549996078014">
        <ele>106.70785371409559</ele>
      </trkpt>
      <trkpt lat="43.762119971215725" lon="7.3177899699658155">
        <ele>104.82873582460343</ele>
      </trkpt>
      <trkpt lat="43.761909920722246" lon="7.317919973284006">
        <ele>102.72570024292185</ele>
      </trkpt>
      <trkpt lat="43.7617948371917" lon="7.317674634978175">
        <ele>102.20729701971459</ele>
      </trkpt>
      <trkpt lat="43.76167992129922" lon="7.317429967224598">
        <ele>100.49774740535359</ele>
      </trkpt>
      <trkpt lat="43.76161999069154" lon="7.317379927262664">
        <ele>99.90503973703429</ele>
      </trkpt>
      <trkpt lat="43.761559976264834" lon="7.31736995279789">
        <ele>99.43182664818872</ele>
      </trkpt>
      <trkpt lat="43.76133500598371" lon="7.3175599705427885">
        <ele>97.96277481927382</ele>
      </trkpt>
      <trkpt lat="43.761109951883554" lon="7.317749988287687">
        <ele>98.85718127467331</ele>
      </trkpt>
      <trkpt lat="43.76094994135201" lon="7.3174799233675">
        <ele>100.00727762048871</ele>
      </trkpt>
      <trkpt lat="43.760774843394756" lon="7.3172698728740215">
        <ele>99.93906845224652</ele>
      </trkpt>
      <trkpt lat="43.7605999968946" lon="7.317059990018606">
        <ele>99.6888959461372</ele>
      </trkpt>
      <trkpt lat="43.760354993864894" lon="7.316869972273707">
        <ele>99.89371100975751</ele>
      </trkpt>
      <trkpt lat="43.76010999083519" lon="7.316679954528809">
        <ele>99.79549223918286</ele>
      </trkpt>
      <trkpt lat="43.75980991870165" lon="7.316599991172552">
        <ele>99.97312717262446</ele>
      </trkpt>
      <trkpt lat="43.7595999520272" lon="7.31650996953249">
        <ele>99.75422276958486</ele>
      </trkpt>
      <trkpt lat="43.75955997034907" lon="7.316339984536171">
        <ele>95.72521841366469</ele>
      </trkpt>
      <trkpt lat="43.759499955922365" lon="7.31620998121798">
        <ele>96.55476713708596</ele>
      </trkpt>
      <trkpt lat="43.75939995981753" lon="7.316069919615984">
        <ele>102.34782257855008</ele>
      </trkpt>
      <trkpt lat="43.75933994539082" lon="7.31607997789979">
        <ele>103.81517456302745</ele>
      </trkpt>
      <trkpt lat="43.75914992764592" lon="7.316259937360883">
        <ele>105.2188626839532</ele>
      </trkpt>
      <trkpt lat="43.75890995375812" lon="7.316369991749525">
        <ele>111.12334742181056</ele>
      </trkpt>
      <trkpt lat="43.75875991769135" lon="7.3164199478924274">
        <ele>111.25455127936745</ele>
      </trkpt>
      <trkpt lat="43.7586001586169" lon="7.3164499551057816">
        <ele>112.58404076380603</ele>
      </trkpt>
      <trkpt lat="43.75843998044729" lon="7.316479962319136">
        <ele>113.94774774003623</ele>
      </trkpt>
      <trkpt lat="43.75832992605865" lon="7.31648993678391">
        <ele>114.35862922588485</ele>
      </trkpt>
      <trkpt lat="43.75826999545097" lon="7.3164699878543615">
        <ele>113.89961238959974</ele>
      </trkpt>
      <trkpt lat="43.75808995217085" lon="7.316279970109463">
        <ele>123.0911832630616</ele>
      </trkpt>
      <trkpt lat="43.75804997049272" lon="7.316269995644689">
        <ele>124.94907757026877</ele>
      </trkpt>
      <trkpt lat="43.75797998160124" lon="7.316299919039011">
        <ele>126.56284604578</ele>
      </trkpt>
      <trkpt lat="43.75789993442595" lon="7.316479962319136">
        <ele>122.14452639835665</ele>
      </trkpt>
      <trkpt lat="43.75801996327937" lon="7.31663997285068">
        <ele>112.09792736537082</ele>
      </trkpt>
      <trkpt lat="43.75802993774414" lon="7.316689928993583">
        <ele>109.24173915610035</ele>
      </trkpt>
      <trkpt lat="43.75797998160124" lon="7.316779950633645">
        <ele>106.58473738336383</ele>
      </trkpt>
      <trkpt lat="43.757680244743824" lon="7.316864859312773">
        <ele>107.07608971820184</ele>
      </trkpt>
      <trkpt lat="43.75737992115319" lon="7.316949935629964">
        <ele>110.1656355865941</ele>
      </trkpt>
      <trkpt lat="43.757195100188255" lon="7.3170398734509945">
        <ele>110.00183992266312</ele>
      </trkpt>
      <trkpt lat="43.757009943947196" lon="7.3171299789100885">
        <ele>110.12372557578908</ele>
      </trkpt>
      <trkpt lat="43.75699996948242" lon="7.317169960588217">
        <ele>108.14094327536529</ele>
      </trkpt>
      <trkpt lat="43.75707993283868" lon="7.3174799233675">
        <ele>102.65608372188083</ele>
      </trkpt>
      <trkpt lat="43.757069958373904" lon="7.3175399377942085">
        <ele>102.06743025401708</ele>
      </trkpt>
      <trkpt lat="43.7568199262023" lon="7.317629959434271">
        <ele>98.99633918536288</ele>
      </trkpt>
      <trkpt lat="43.756659999489784" lon="7.317719981074333">
        <ele>96.3560628185463</ele>
      </trkpt>
      <trkpt lat="43.75660995952785" lon="7.318029943853617">
        <ele>91.33234091564746</ele>
      </trkpt>
      <trkpt lat="43.75656997784972" lon="7.318089958280325">
        <ele>90.71534633181659</ele>
      </trkpt>
      <trkpt lat="43.756489930674434" lon="7.318139998242259">
        <ele>90.34339676072958</ele>
      </trkpt>
      <trkpt lat="43.7563000805676" lon="7.318224906921387">
        <ele>90.24467866146938</ele>
      </trkpt>
      <trkpt lat="43.75610997900367" lon="7.318309983238578">
        <ele>90.23848537646514</ele>
      </trkpt>
      <trkpt lat="43.75592993572354" lon="7.3184499610215425">
        <ele>89.85949204948095</ele>
      </trkpt>
      <trkpt lat="43.75577009283006" lon="7.318519866093993">
        <ele>90.02352938454678</ele>
      </trkpt>
      <trkpt lat="43.755609998479486" lon="7.318589938804507">
        <ele>89.53206546583186</ele>
      </trkpt>
      <trkpt lat="43.75538016669452" lon="7.318649869412184">
        <ele>89.46082839800803</ele>
      </trkpt>
      <trkpt lat="43.75514999963343" lon="7.318709967657924">
        <ele>89.61264996219393</ele>
      </trkpt>
      <trkpt lat="43.75493014231324" lon="7.318744920194149">
        <ele>89.50860298295987</ele>
      </trkpt>
      <trkpt lat="43.754709949716926" lon="7.318779956549406">
        <ele>89.19853227821066</ele>
      </trkpt>
      <trkpt lat="43.754460252821445" lon="7.318769982084632">
        <ele>89.5189962417499</ele>
      </trkpt>
      <trkpt lat="43.75420996919274" lon="7.318759923800826">
        <ele>89.75097705917018</ele>
      </trkpt>
      <trkpt lat="43.75402011908591" lon="7.318739974871278">
        <ele>89.90888162127399</ele>
      </trkpt>
      <trkpt lat="43.753829933702946" lon="7.318719942122698">
        <ele>89.82544560076379</ele>
      </trkpt>
      <trkpt lat="43.75386002473533" lon="7.3191276378929615">
        <ele>86.56734514984565</ele>
      </trkpt>
      <trkpt lat="43.75389011576772" lon="7.3195352498441935">
        <ele>84.89994962572892</ele>
      </trkpt>
      <trkpt lat="43.75391995534301" lon="7.319939928129315">
        <ele>87.36743424695393</ele>
      </trkpt>
      <trkpt lat="43.754015089944005" lon="7.320170346647501">
        <ele>87.67947205764256</ele>
      </trkpt>
      <trkpt lat="43.75410997308791" lon="7.3203999269753695">
        <ele>87.86988722563166</ele>
      </trkpt>
      <trkpt lat="43.75394501723349" lon="7.320504952222109">
        <ele>87.16417639655653</ele>
      </trkpt>
      <trkpt lat="43.75377997756004" lon="7.320609977468848">
        <ele>86.97922507593844</ele>
      </trkpt>
      <trkpt lat="43.75357998535037" lon="7.320729922503233">
        <ele>86.38155563976048</ele>
      </trkpt>
      <trkpt lat="43.75340991653502" lon="7.320799995213747">
        <ele>86.42625277680436</ele>
      </trkpt>
      <trkpt lat="43.75325007364154" lon="7.3208449222147465">
        <ele>86.79408744064939</ele>
      </trkpt>
      <trkpt lat="43.75308997929096" lon="7.320889933034778">
        <ele>86.82770273817847</ele>
      </trkpt>
      <trkpt lat="43.75281999818981" lon="7.3208999913185835">
        <ele>86.67165338462432</ele>
      </trkpt>
      <trkpt lat="43.75267993658781" lon="7.320889933034778">
        <ele>86.47660886771172</ele>
      </trkpt>
      <trkpt lat="43.752539958804846" lon="7.320839976891875">
        <ele>86.22631464573738</ele>
      </trkpt>
      <trkpt lat="43.752272659912705" lon="7.320707542821765">
        <ele>86.05199870707759</ele>
      </trkpt>
      <trkpt lat="43.75200494192541" lon="7.320574941113591">
        <ele>86.16131378263789</ele>
      </trkpt>
      <trkpt lat="43.751737643033266" lon="7.320442507043481">
        <ele>86.25208472424751</ele>
      </trkpt>
      <trkpt lat="43.75146992504597" lon="7.320309989154339">
        <ele>86.03703717911031</ele>
      </trkpt>
      <trkpt lat="43.75134998001158" lon="7.320229941979051">
        <ele>85.88077678803315</ele>
      </trkpt>
      <trkpt lat="43.751184940338135" lon="7.320074960589409">
        <ele>86.20387924777188</ele>
      </trkpt>
      <trkpt lat="43.75101998448372" lon="7.319919979199767">
        <ele>87.42865923723198</ele>
      </trkpt>
      <trkpt lat="43.7508499994874" lon="7.319869939237833">
        <ele>88.36676811883422</ele>
      </trkpt>
      <trkpt lat="43.750640200451016" lon="7.319859964773059">
        <ele>87.84939345848994</ele>
      </trkpt>
      <trkpt lat="43.75043040141463" lon="7.319849990308285">
        <ele>87.79328453054173</ele>
      </trkpt>
      <trkpt lat="43.750219931825995" lon="7.319839932024479">
        <ele>87.42701630177079</ele>
      </trkpt>
      <trkpt lat="43.75005505979061" lon="7.3199148662388325">
        <ele>87.35598233147161</ele>
      </trkpt>
      <trkpt lat="43.74988993629813" lon="7.3199899680912495">
        <ele>86.89096918979772</ele>
      </trkpt>
      <trkpt lat="43.74966756440699" lon="7.320109913125634">
        <ele>86.49551374766585</ele>
      </trkpt>
      <trkpt lat="43.749444941058755" lon="7.320229941979051">
        <ele>86.865656919576</ele>
      </trkpt>
      <trkpt lat="43.749222569167614" lon="7.320349887013435">
        <ele>87.14254207526147</ele>
      </trkpt>
      <trkpt lat="43.74899994581938" lon="7.3204699996858835">
        <ele>87.46622673344365</ele>
      </trkpt>
      <trkpt lat="43.748730048537254" lon="7.320646522566676">
        <ele>87.44580244836283</ele>
      </trkpt>
      <trkpt lat="43.74846015125513" lon="7.3208231292665005">
        <ele>87.06328275793582</ele>
      </trkpt>
      <trkpt lat="43.74818991869688" lon="7.32099998742342">
        <ele>87.01532205371208</ele>
      </trkpt>
      <trkpt lat="43.74809998087585" lon="7.321029994636774">
        <ele>87.66951345696467</ele>
      </trkpt>
      <trkpt lat="43.74792999587953" lon="7.321029994636774">
        <ele>88.72110744036661</ele>
      </trkpt>
      <trkpt lat="43.747809967026114" lon="7.32097995467484">
        <ele>89.24623032931002</ele>
      </trkpt>
      <trkpt lat="43.7476899381727" lon="7.320869984105229">
        <ele>89.7637787573648</ele>
      </trkpt>
      <trkpt lat="43.74747980386019" lon="7.320594806224108">
        <ele>90.2347951042702</ele>
      </trkpt>
      <trkpt lat="43.74726992100477" lon="7.320319963619113">
        <ele>89.84182330871472</ele>
      </trkpt>
      <trkpt lat="43.74748005531728" lon="7.320595141500235">
        <ele>90.2344699260494</ele>
      </trkpt>
      <trkpt lat="43.7476899381727" lon="7.320869984105229">
        <ele>89.7637787573648</ele>
      </trkpt>
      <trkpt lat="43.747749952599406" lon="7.320929998531938">
        <ele>89.60313655072662</ele>
      </trkpt>
      <trkpt lat="43.74758650548756" lon="7.320726485922933">
        <ele>89.89336035707454</ele>
      </trkpt>
      <trkpt lat="43.74742314219475" lon="7.320523057132959">
        <ele>89.94376117671385</ele>
      </trkpt>
      <trkpt lat="43.74725994654" lon="7.320319963619113">
        <ele>90.18827970133678</ele>
      </trkpt>
      <trkpt lat="43.74721996486187" lon="7.320279981940985">
        <ele>90.3972288693838</ele>
      </trkpt>
      <trkpt lat="43.74710999429226" lon="7.3201999347656965">
        <ele>89.70444051259103</ele>
      </trkpt>
      <trkpt lat="43.746896758675575" lon="7.320090048015118">
        <ele>90.11458076512724</ele>
      </trkpt>
      <trkpt lat="43.74668360687792" lon="7.319980077445507">
        <ele>90.05552410371652</ele>
      </trkpt>
      <trkpt lat="43.74646995216608" lon="7.319869939237833">
        <ele>90.67067021939303</ele>
      </trkpt>
      <trkpt lat="43.746309941634536" lon="7.319759968668222">
        <ele>91.69588692868511</ele>
      </trkpt>
      <trkpt lat="43.7462099455297" lon="7.319659972563386">
        <ele>92.41548589231638</ele>
      </trkpt>
      <trkpt lat="43.74607994221151" lon="7.319479929283261">
        <ele>92.59128910968525</ele>
      </trkpt>
      <trkpt lat="43.74590995721519" lon="7.3191299848258495">
        <ele>89.41648045092711</ele>
      </trkpt>
      <trkpt lat="43.74583996832371" lon="7.3188999854028225">
        <ele>92.34559573511947</ele>
      </trkpt>
      <trkpt lat="43.74579998664558" lon="7.31865992769599">
        <ele>90.87260137756043</ele>
      </trkpt>
      <trkpt lat="43.74578489921987" lon="7.318369243294001">
        <ele>90.9120360906213</ele>
      </trkpt>
      <trkpt lat="43.745769979432225" lon="7.318079983815551">
        <ele>90.05373954196814</ele>
      </trkpt>
      <trkpt lat="43.7457299977541" lon="7.31792994774878">
        <ele>89.12659014896587</ele>
      </trkpt>
      <trkpt lat="43.745639976114035" lon="7.317779995501041">
        <ele>88.34842514652603</ele>
      </trkpt>
      <trkpt lat="43.74562991783023" lon="7.317869933322072">
        <ele>90.06566318411056</ele>
      </trkpt>
      <trkpt lat="43.74569999054074" lon="7.318149972707033">
        <ele>93.72255852739191</ele>
      </trkpt>
      <trkpt lat="43.74566998332739" lon="7.318369997665286">
        <ele>97.68729241867909</ele>
      </trkpt>
      <trkpt lat="43.745579961687326" lon="7.3186699859797955">
        <ele>102.12623299191755</ele>
      </trkpt>
      <trkpt lat="43.7454398162663" lon="7.318895207718015">
        <ele>105.56225043391225</ele>
      </trkpt>
      <trkpt lat="43.745299922302365" lon="7.319119926542044">
        <ele>104.13797243735353</ele>
      </trkpt>
      <trkpt lat="43.745169918984175" lon="7.319269962608814">
        <ele>99.46070517946328</ele>
      </trkpt>
      <trkpt lat="43.7451099883765" lon="7.319389991462231">
        <ele>95.89425932525782</ele>
      </trkpt>
      <trkpt lat="43.74506992287934" lon="7.319569950923324">
        <ele>92.82472354722759</ele>
      </trkpt>
      <trkpt lat="43.745039915665984" lon="7.3198656644672155">
        <ele>91.37443959048463</ele>
      </trkpt>
      <trkpt lat="43.74500999227166" lon="7.320159953087568">
        <ele>92.09044661966927</ele>
      </trkpt>
      <trkpt lat="43.74487998895347" lon="7.320359945297241">
        <ele>92.20586152386011</ele>
      </trkpt>
      <trkpt lat="43.744759960100055" lon="7.320499923080206">
        <ele>90.73725658768257</ele>
      </trkpt>
      <trkpt lat="43.744619730859995" lon="7.320159450173378">
        <ele>89.89925298495729</ele>
      </trkpt>
      <trkpt lat="43.744479920715094" lon="7.319819983094931">
        <ele>90.7925072658346</ele>
      </trkpt>
      <trkpt lat="43.74425746500492" lon="7.319997427985072">
        <ele>91.17829676327028</ele>
      </trkpt>
      <trkpt lat="43.74403492547572" lon="7.320174956694245">
        <ele>92.23232454931755</ele>
      </trkpt>
      <trkpt lat="43.743812469765544" lon="7.320352401584387">
        <ele>93.42059195765968</ele>
      </trkpt>
      <trkpt lat="43.74358993023634" lon="7.32052993029356">
        <ele>95.2304875537417</ele>
      </trkpt>
      <trkpt lat="43.7434349488467" lon="7.320674937218428">
        <ele>96.4601175204254</ele>
      </trkpt>
      <trkpt lat="43.743279967457056" lon="7.320819944143295">
        <ele>97.6493202265016</ele>
      </trkpt>
      <trkpt lat="43.74345992691815" lon="7.321099983528256">
        <ele>97.8581115298343</ele>
      </trkpt>
      <trkpt lat="43.743639970198274" lon="7.321339957416058">
        <ele>99.15029355920366</ele>
      </trkpt>
      <trkpt lat="43.74383996240795" lon="7.3215599823743105">
        <ele>107.84683220888411</ele>
      </trkpt>
      <trkpt lat="43.74390995129943" lon="7.321689985692501">
        <ele>111.52045054438301</ele>
      </trkpt>
      <trkpt lat="43.74397994019091" lon="7.321979999542236">
        <ele>113.43131191733119</ele>
      </trkpt>
      <trkpt lat="43.744009947404265" lon="7.322249980643392">
        <ele>113.8772784363188</ele>
      </trkpt>
      <trkpt lat="43.74399997293949" lon="7.322349976748228">
        <ele>114.06563980870027</ele>
      </trkpt>
      <trkpt lat="43.74388472177088" lon="7.322728168219328">
        <ele>118.64185425149833</ele>
      </trkpt>
      <trkpt lat="43.743769973516464" lon="7.323104934766889">
        <ele>124.38181609241474</ele>
      </trkpt>
      <trkpt lat="43.743654722347856" lon="7.32348321005702">
        <ele>127.7105216136314</ele>
      </trkpt>
      <trkpt lat="43.74353997409344" lon="7.323859976604581">
        <ele>131.73429238799105</ele>
      </trkpt>
      <trkpt lat="43.7434899341315" lon="7.323939939960837">
        <ele>133.87382654596325</ele>
      </trkpt>
      <trkpt lat="43.74328994192183" lon="7.324129957705736">
        <ele>139.23409995847098</ele>
      </trkpt>
      <trkpt lat="43.74308994971216" lon="7.324319975450635">
        <ele>143.44194181327464</ele>
      </trkpt>
      <trkpt lat="43.743039993569255" lon="7.324399938806891">
        <ele>144.83346811956736</ele>
      </trkpt>
      <trkpt lat="43.74292993918061" lon="7.324719959869981">
        <ele>149.2567312962214</ele>
      </trkpt>
      <trkpt lat="43.74285995028913" lon="7.3250599298626184">
        <ele>151.89699315076126</ele>
      </trkpt>
      <trkpt lat="43.74279993586242" lon="7.325209965929389">
        <ele>153.36077908818834</ele>
      </trkpt>
      <trkpt lat="43.74261997640133" lon="7.325459998100996">
        <ele>158.8270853688833</ele>
      </trkpt>
      <trkpt lat="43.74249994754791" lon="7.325709946453571">
        <ele>163.36740699149766</ele>
      </trkpt>
      <trkpt lat="43.74239978380501" lon="7.326007168740034">
        <ele>168.18939790438293</ele>
      </trkpt>
      <trkpt lat="43.74229962006211" lon="7.326304391026497">
        <ele>173.19860113790196</ele>
      </trkpt>
      <trkpt lat="43.7421999592334" lon="7.326599936932325">
        <ele>176.2847214986439</ele>
      </trkpt>
      <trkpt lat="43.74214991927147" lon="7.326689958572388">
        <ele>179.26930641455863</ele>
      </trkpt>
      <trkpt lat="43.74210993759334" lon="7.326439926400781">
        <ele>180.9645317441678</ele>
      </trkpt>
      <trkpt lat="43.74208998866379" lon="7.3264499846845865">
        <ele>181.81085107608567</ele>
      </trkpt>
      <trkpt lat="43.742009941488504" lon="7.326589962467551">
        <ele>185.35119429483632</ele>
      </trkpt>
      <trkpt lat="43.74193995259702" lon="7.326669925823808">
        <ele>187.96132126791096</ele>
      </trkpt>
      <trkpt lat="43.741689920425415" lon="7.326769921928644">
        <ele>196.9735305512494</ele>
      </trkpt>
      <trkpt lat="43.74163996428251" lon="7.326749972999096">
        <ele>198.2407318648497</ele>
      </trkpt>
      <trkpt lat="43.74141499400139" lon="7.3265649843961">
        <ele>203.86701771683857</ele>
      </trkpt>
      <trkpt lat="43.74118993990123" lon="7.326379995793104">
        <ele>207.30362545629896</ele>
      </trkpt>
      <trkpt lat="43.7410000897944" lon="7.3262900579720736">
        <ele>210.45166036887525</ele>
      </trkpt>
      <trkpt lat="43.74080998823047" lon="7.3261999525129795">
        <ele>215.65842230911855</ele>
      </trkpt>
      <trkpt lat="43.74061016365886" lon="7.326140021905303">
        <ele>221.69114618576907</ele>
      </trkpt>
      <trkpt lat="43.74040991999209" lon="7.326079923659563">
        <ele>225.84842193875062</ele>
      </trkpt>
      <trkpt lat="43.740269942209125" lon="7.3259699530899525">
        <ele>225.1467194415913</ele>
      </trkpt>
      <trkpt lat="43.74008998274803" lon="7.32587993144989">
        <ele>226.0427258090083</ele>
      </trkpt>
      <trkpt lat="43.73997992835939" lon="7.325779935345054">
        <ele>222.52759961511774</ele>
      </trkpt>
      <trkpt lat="43.73978513292968" lon="7.32583986595273">
        <ele>223.94047665493622</ele>
      </trkpt>
      <trkpt lat="43.73958991840482" lon="7.32589996419847">
        <ele>225.4875552946719</ele>
      </trkpt>
      <trkpt lat="43.73948992229998" lon="7.3259699530899525">
        <ele>226.04791943059672</ele>
      </trkpt>
      <trkpt lat="43.739349944517016" lon="7.326129963621497">
        <ele>227.619163392704</ele>
      </trkpt>
      <trkpt lat="43.73932999558747" lon="7.326189978048205">
        <ele>228.39580027366998</ele>
      </trkpt>
      <trkpt lat="43.73933997005224" lon="7.326239934191108">
        <ele>230.58703575822327</ele>
      </trkpt>
      <trkpt lat="43.73939998447895" lon="7.3262199852615595">
        <ele>233.11592629738826</ele>
      </trkpt>
      <trkpt lat="43.739429991692305" lon="7.326249992474914">
        <ele>235.67773080748725</ele>
      </trkpt>
      <trkpt lat="43.7394199334085" lon="7.32630992308259">
        <ele>237.2429491870741</ele>
      </trkpt>
      <trkpt lat="43.73935991898179" lon="7.326439926400781">
        <ele>237.74410392829978</ele>
      </trkpt>
      <trkpt lat="43.739369977265596" lon="7.326499940827489">
        <ele>240.04448046423192</ele>
      </trkpt>
      <trkpt lat="43.73939998447895" lon="7.326529948040843">
        <ele>242.63322344096383</ele>
      </trkpt>
      <trkpt lat="43.73948992229998" lon="7.326509999111295">
        <ele>247.26425873231122</ele>
      </trkpt>
      <trkpt lat="43.73962998390198" lon="7.32634998857975">
        <ele>248.78851700003878</ele>
      </trkpt>
      <trkpt lat="43.73965999111533" lon="7.326339930295944">
        <ele>249.5891437811377</ele>
      </trkpt>
      <trkpt lat="43.73963995836675" lon="7.326459959149361">
        <ele>253.13455797481654</ele>
      </trkpt>
      <trkpt lat="43.73950995504856" lon="7.3266499768942595">
        <ele>252.74852383306313</ele>
      </trkpt>
      <trkpt lat="43.739409958943725" lon="7.326989946886897">
        <ele>257.0433203380345</ele>
      </trkpt>
      <trkpt lat="43.73932999558747" lon="7.327119950205088">
        <ele>255.67591553818397</ele>
      </trkpt>
      <trkpt lat="43.73933997005224" lon="7.327259927988052">
        <ele>259.97019999984695</ele>
      </trkpt>
      <trkpt lat="43.73931993730366" lon="7.327349949628115">
        <ele>261.18421326725024</ele>
      </trkpt>
      <trkpt lat="43.73920996673405" lon="7.327459920197725">
        <ele>257.81020109037036</ele>
      </trkpt>
      <trkpt lat="43.73915992677212" lon="7.32763996347785">
        <ele>259.76900124867575</ele>
      </trkpt>
      <trkpt lat="43.7391799595207" lon="7.327999966219068">
        <ele>264.39606897511294</ele>
      </trkpt>
      <trkpt lat="43.73911994509399" lon="7.328319987282157">
        <ele>263.24747188317957</ele>
      </trkpt>
      <trkpt lat="43.73912991955876" lon="7.328749978914857">
        <ele>264.68822981224133</ele>
      </trkpt>
      <trkpt lat="43.73914995230734" lon="7.328919963911176">
        <ele>267.8720100765577</ele>
      </trkpt>
      <trkpt lat="43.73913997784257" lon="7.3291099816560745">
        <ele>270.44535297236155</ele>
      </trkpt>
      <trkpt lat="43.73918993398547" lon="7.3292899411171675">
        <ele>274.03730729112124</ele>
      </trkpt>
      <trkpt lat="43.73922999948263" lon="7.329589929431677">
        <ele>275.6500200698399</ele>
      </trkpt>
      <trkpt lat="43.73922999948263" lon="7.3299257922917604">
        <ele>279.78375125872236</ele>
      </trkpt>
      <trkpt lat="43.73922999948263" lon="7.33025997877121">
        <ele>284.3942793268036</ele>
      </trkpt>
      <trkpt lat="43.73931993730366" lon="7.330459970980883">
        <ele>286.6298523781198</ele>
      </trkpt>
      <trkpt lat="43.739349944517016" lon="7.330639930441976">
        <ele>288.45703080789986</ele>
      </trkpt>
      <trkpt lat="43.739299988374114" lon="7.330899937078357">
        <ele>291.4559677376301</ele>
      </trkpt>
      <trkpt lat="43.739219857379794" lon="7.3311002645641565">
        <ele>293.7869698022885</ele>
      </trkpt>
      <trkpt lat="43.73913997784257" lon="7.331299921497703">
        <ele>296.0709617409995</ele>
      </trkpt>
      <trkpt lat="43.73905993066728" lon="7.331589935347438">
        <ele>299.5622942616126</ele>
      </trkpt>
      <trkpt lat="43.738964796066284" lon="7.331795208156109">
        <ele>299.34221389434146</ele>
      </trkpt>
      <trkpt lat="43.738869996741414" lon="7.33199997805059">
        <ele>298.52058613595267</ele>
      </trkpt>
      <trkpt lat="43.73885993845761" lon="7.332139955833554">
        <ele>300.4287158596736</ele>
      </trkpt>
      <trkpt lat="43.73887997120619" lon="7.332299966365099">
        <ele>304.3053258275147</ele>
      </trkpt>
      <trkpt lat="43.73885993845761" lon="7.3324299696832895">
        <ele>305.2512627663049</ele>
      </trkpt>
      <trkpt lat="43.73890997841954" lon="7.332759965211153">
        <ele>311.59042891242353</ele>
      </trkpt>
      <trkpt lat="43.73886488378048" lon="7.333080740645528">
        <ele>313.1134850602769</ele>
      </trkpt>
      <trkpt lat="43.73881995677948" lon="7.3333999235183">
        <ele>315.8619530816966</ele>
      </trkpt>
      <trkpt lat="43.738769916817546" lon="7.333619948476553">
        <ele>316.42309162658984</ele>
      </trkpt>
      <trkpt lat="43.73877997510135" lon="7.333819940686226">
        <ele>323.531766938514</ele>
      </trkpt>
      <trkpt lat="43.73873999342322" lon="7.333829998970032">
        <ele>321.30476391096624</ele>
      </trkpt>
      <trkpt lat="43.73856975696981" lon="7.334110205993056">
        <ele>322.3501823169986</ele>
      </trkpt>
      <trkpt lat="43.738399939611554" lon="7.334389993920922">
        <ele>325.57772607614936</ele>
      </trkpt>
      <trkpt lat="43.73830983415246" lon="7.334605325013399">
        <ele>325.7462647169292</ele>
      </trkpt>
      <trkpt lat="43.73821998015046" lon="7.334819985553622">
        <ele>324.49019192388494</ele>
      </trkpt>
      <trkpt lat="43.73815996572375" lon="7.334899948909879">
        <ele>323.892725829891</ele>
      </trkpt>
      <trkpt lat="43.73800992965698" lon="7.335039926692843">
        <ele>323.24693745133993</ele>
      </trkpt>
      <trkpt lat="43.737859977409244" lon="7.335129948332906">
        <ele>318.33612165895585</ele>
      </trkpt>
      <trkpt lat="43.73771999962628" lon="7.33515995554626">
        <ele>314.4274063577881</ele>
      </trkpt>
      <trkpt lat="43.737539956346154" lon="7.33515995554626">
        <ele>304.04719107391736</ele>
      </trkpt>
      <trkpt lat="43.73741992749274" lon="7.335199937224388">
        <ele>297.1697778158798</ele>
      </trkpt>
      <trkpt lat="43.737389920279384" lon="7.335219969972968">
        <ele>295.7554707090081</ele>
      </trkpt>
      <trkpt lat="43.737369971349835" lon="7.335259951651096">
        <ele>295.5526306518654</ele>
      </trkpt>
      <trkpt lat="43.737349938601255" lon="7.335429936647415">
        <ele>298.6598050890285</ele>
      </trkpt>
      <trkpt lat="43.73727994970977" lon="7.335449969395995">
        <ele>299.5783334230929</ele>
      </trkpt>
      <trkpt lat="43.737219935283065" lon="7.335419962182641">
        <ele>301.6251120419228</ele>
      </trkpt>
      <trkpt lat="43.73712974600494" lon="7.335079237818718">
        <ele>304.9263941571156</ele>
      </trkpt>
      <trkpt lat="43.73703997582197" lon="7.334739938378334">
        <ele>309.86195025885365</ele>
      </trkpt>
      <trkpt lat="43.737029917538166" lon="7.3346299678087234">
        <ele>310.8945380497778</ele>
      </trkpt>
      <trkpt lat="43.737049950286746" lon="7.334579927846789">
        <ele>309.8598745718768</ele>
      </trkpt>
      <trkpt lat="43.73705992475152" lon="7.334469957277179">
        <ele>310.15445438323843</ele>
      </trkpt>
      <trkpt lat="43.73700996860862" lon="7.33427993953228">
        <ele>315.1898348810265</ele>
      </trkpt>
      <trkpt lat="43.736999994143844" lon="7.334049940109253">
        <ele>318.1926362567032</ele>
      </trkpt>
      <trkpt lat="43.736979961395264" lon="7.334009958431125">
        <ele>319.38247908121224</ele>
      </trkpt>
      <trkpt lat="43.736939979717135" lon="7.334009958431125">
        <ele>320.34276791238926</ele>
      </trkpt>
      <trkpt lat="43.73681995086372" lon="7.3341999761760235">
        <ele>320.47438674426127</ele>
      </trkpt>
      <trkpt lat="43.736789943650365" lon="7.334219925105572">
        <ele>320.90820652585126</ele>
      </trkpt>
      <trkpt lat="43.73674996197224" lon="7.334149936214089">
        <ele>322.43341017573607</ele>
      </trkpt>
      <trkpt lat="43.73668994754553" lon="7.333829998970032">
        <ele>328.0781872123034</ele>
      </trkpt>
      <trkpt lat="43.73675993643701" lon="7.333689937368035">
        <ele>327.63269856369163</ele>
      </trkpt>
      <trkpt lat="43.73674996197224" lon="7.3335199523717165">
        <ele>329.4528699623868</ele>
      </trkpt>
      <trkpt lat="43.736679973080754" lon="7.333329934626818">
        <ele>331.5435828644669</ele>
      </trkpt>
      <trkpt lat="43.73651493340731" lon="7.333139916881919">
        <ele>339.2840874641681</ele>
      </trkpt>
      <trkpt lat="43.73634997755289" lon="7.332949982956052">
        <ele>348.63022023382547</ele>
      </trkpt>
      <trkpt lat="43.736249981448054" lon="7.332889968529344">
        <ele>352.2116108768291</ele>
      </trkpt>
      <trkpt lat="43.736189967021346" lon="7.332899942994118">
        <ele>353.50587384961364</ele>
      </trkpt>
      <trkpt lat="43.73614998534322" lon="7.3329699318856">
        <ele>356.466392540231</ele>
      </trkpt>
      <trkpt lat="43.73613992705941" lon="7.3331099934875965">
        <ele>360.92340895216415</ele>
      </trkpt>
      <trkpt lat="43.73610991984606" lon="7.333229938521981">
        <ele>365.1343539812488</ele>
      </trkpt>
      <trkpt lat="43.73591998592019" lon="7.3333999235183">
        <ele>374.78902916363154</ele>
      </trkpt>
      <trkpt lat="43.73587992042303" lon="7.333459937945008">
        <ele>377.95760552262044</ele>
      </trkpt>
      <trkpt lat="43.73586994595826" lon="7.333549959585071">
        <ele>381.7412417970763</ele>
      </trkpt>
      <trkpt lat="43.73591998592019" lon="7.333729919046164">
        <ele>384.6875508791867</ele>
      </trkpt>
      <trkpt lat="43.73591998592019" lon="7.333919936791062">
        <ele>386.96132493727</ele>
      </trkpt>
      <trkpt lat="43.73585997149348" lon="7.3341999761760235">
        <ele>392.8999175144811</ele>
      </trkpt>
      <trkpt lat="43.735819989815354" lon="7.334269965067506">
        <ele>394.976505960351</ele>
      </trkpt>
      <trkpt lat="43.73570993542671" lon="7.334329979494214">
        <ele>400.2542959955342</ele>
      </trkpt>
      <trkpt lat="43.73563994653523" lon="7.3344099428504705">
        <ele>404.6159340125963</ele>
      </trkpt>
      <trkpt lat="43.735589822754264" lon="7.334670536220074">
        <ele>409.9864974774081</ele>
      </trkpt>
      <trkpt lat="43.73553995043039" lon="7.334929956123233">
        <ele>411.9953909345435</ele>
      </trkpt>
      <trkpt lat="43.73554992489517" lon="7.335009919479489">
        <ele>410.9513771269645</ele>
      </trkpt>
      <trkpt lat="43.7355999648571" lon="7.3350899666547775">
        <ele>408.69859991145586</ele>
      </trkpt>
      <trkpt lat="43.7355999648571" lon="7.33517998829484">
        <ele>407.78262656765924</ele>
      </trkpt>
      <trkpt lat="43.73543995432556" lon="7.335439994931221">
        <ele>410.6104919702535</ele>
      </trkpt>
      <trkpt lat="43.7354049179703" lon="7.33565540984273">
        <ele>410.7428994383705</ele>
      </trkpt>
      <trkpt lat="43.735369965434074" lon="7.335869986563921">
        <ele>409.812347600835</ele>
      </trkpt>
      <trkpt lat="43.73527994379401" lon="7.336109960451722">
        <ele>409.1471935008731</ele>
      </trkpt>
      <trkpt lat="43.735199980437756" lon="7.336239963769913">
        <ele>408.53208723434807</ele>
      </trkpt>
      <trkpt lat="43.73502999544144" lon="7.336339959874749">
        <ele>412.01026321623795</ele>
      </trkpt>
      <trkpt lat="43.73475993052125" lon="7.336369967088103">
        <ele>418.4869791850739</ele>
      </trkpt>
      <trkpt lat="43.73466999270022" lon="7.3364099487662315">
        <ele>418.85119150211165</ele>
      </trkpt>
      <trkpt lat="43.73456999659538" lon="7.3364099487662315">
        <ele>419.858885558368</ele>
      </trkpt>
      <trkpt lat="43.734319964423776" lon="7.336359992623329">
        <ele>421.7393692702748</ele>
      </trkpt>
      <trkpt lat="43.73422994278371" lon="7.336269970983267">
        <ele>427.692563877264</ele>
      </trkpt>
      <trkpt lat="43.73412994667888" lon="7.336209956556559">
        <ele>432.3053641800956</ele>
      </trkpt>
      <trkpt lat="43.734059957787395" lon="7.336219931021333">
        <ele>433.1107590289597</ele>
      </trkpt>
      <trkpt lat="43.733869940042496" lon="7.336289919912815">
        <ele>435.6019947087622</ele>
      </trkpt>
      <trkpt lat="43.73374999500811" lon="7.336369967088103">
        <ele>434.08805149289003</ele>
      </trkpt>
      <trkpt lat="43.73348998837173" lon="7.33659996651113">
        <ele>433.34483835782083</ele>
      </trkpt>
      <trkpt lat="43.73336995951831" lon="7.33648999594152">
        <ele>438.8065067115657</ele>
      </trkpt>
      <trkpt lat="43.73326996341348" lon="7.336499970406294">
        <ele>439.973345257307</ele>
      </trkpt>
      <trkpt lat="43.73309997841716" lon="7.336689988151193">
        <ele>439.7571108475091</ele>
      </trkpt>
      <trkpt lat="43.73303996399045" lon="7.336719995364547">
        <ele>439.1859435587269</ele>
      </trkpt>
      <trkpt lat="43.73283997178078" lon="7.336749918758869">
        <ele>440.3000289943771</ele>
      </trkpt>
      <trkpt lat="43.73269999399781" lon="7.336949994787574">
        <ele>441.0542369650674</ele>
      </trkpt>
      <trkpt lat="43.73251995071769" lon="7.337109921500087">
        <ele>443.4079679469541</ele>
      </trkpt>
      <trkpt lat="43.732429929077625" lon="7.337229950353503">
        <ele>443.72745701250295</ele>
      </trkpt>
      <trkpt lat="43.732299925759435" lon="7.337129954248667">
        <ele>444.9525446425379</ele>
      </trkpt>
      <trkpt lat="43.732149973511696" lon="7.337259957566857">
        <ele>446.37380866191984</ele>
      </trkpt>
      <trkpt lat="43.73205995187163" lon="7.3372899647802114">
        <ele>448.17182123997725</ele>
      </trkpt>
      <trkpt lat="43.73189516365528" lon="7.33730991370976">
        <ele>452.0983860015866</ele>
      </trkpt>
      <trkpt lat="43.73172995634377" lon="7.33732994645834">
        <ele>454.85771336731807</ele>
      </trkpt>
      <trkpt lat="43.73163993470371" lon="7.337379986420274">
        <ele>456.6163116963662</ele>
      </trkpt>
      <trkpt lat="43.731589978560805" lon="7.337449975311756">
        <ele>458.14068239192676</ele>
      </trkpt>
      <trkpt lat="43.731569945812225" lon="7.337589953094721">
        <ele>459.246400508183</ele>
      </trkpt>
      <trkpt lat="43.73160003684461" lon="7.337815510109067">
        <ele>462.2673950986634</ele>
      </trkpt>
      <trkpt lat="43.731629960238934" lon="7.338039977476001">
        <ele>467.11520027389884</ele>
      </trkpt>
      <trkpt lat="43.731699949130416" lon="7.338239969685674">
        <ele>469.8977016668088</ele>
      </trkpt>
      <trkpt lat="43.731719981878996" lon="7.3383899219334126">
        <ele>472.02970914586626</ele>
      </trkpt>
      <trkpt lat="43.73170992359519" lon="7.338509950786829">
        <ele>473.0256876625661</ele>
      </trkpt>
      <trkpt lat="43.731589978560805" lon="7.338759982958436">
        <ele>477.3227878669996</ele>
      </trkpt>
      <trkpt lat="43.7315299641341" lon="7.338809939101338">
        <ele>479.0864602389255</ele>
      </trkpt>
      <trkpt lat="43.731289990246296" lon="7.338879927992821">
        <ele>481.0774891554182</ele>
      </trkpt>
      <trkpt lat="43.73127993196249" lon="7.338879927992821">
        <ele>481.35556468223075</ele>
      </trkpt>
      <trkpt lat="43.73121991753578" lon="7.338539958000183">
        <ele>479.6785237202831</ele>
      </trkpt>
      <trkpt lat="43.73108974657953" lon="7.338204430416226">
        <ele>478.33108182471403</ele>
      </trkpt>
      <trkpt lat="43.73095999471843" lon="7.337869992479682">
        <ele>477.0513582557979</ele>
      </trkpt>
      <trkpt lat="43.73086980544031" lon="7.337586097419262">
        <ele>475.0244035141026</ele>
      </trkpt>
      <trkpt lat="43.73077961616218" lon="7.337302202358842">
        <ele>473.3296488059545</ele>
      </trkpt>
      <trkpt lat="43.730689929798245" lon="7.337019983679056">
        <ele>472.56176187230517</ele>
      </trkpt>
      <trkpt lat="43.7306699808687" lon="7.3368599731475115">
        <ele>471.36518660055816</ele>
      </trkpt>
      <trkpt lat="43.7306699808687" lon="7.336689988151193">
        <ele>470.3982123922822</ele>
      </trkpt>
      <trkpt lat="43.73069998808205" lon="7.336394274607301">
        <ele>468.73098385750745</ele>
      </trkpt>
      <trkpt lat="43.730729995295405" lon="7.336099985986948">
        <ele>467.53242177339524</ele>
      </trkpt>
      <trkpt lat="43.73079512268305" lon="7.335739145055413">
        <ele>464.3541455682801</ele>
      </trkpt>
      <trkpt lat="43.730859998613596" lon="7.335379980504513">
        <ele>462.98378603696335</ele>
      </trkpt>
      <trkpt lat="43.730839965865016" lon="7.335319966077805">
        <ele>463.6285799316895</ele>
      </trkpt>
      <trkpt lat="43.730859998613596" lon="7.334969937801361">
        <ele>468.7183394535715</ele>
      </trkpt>
      <trkpt lat="43.73082487843931" lon="7.334634158760309">
        <ele>474.6584636690518</ele>
      </trkpt>
      <trkpt lat="43.73078992590308" lon="7.33429997228086">
        <ele>478.3215576128208</ele>
      </trkpt>
      <trkpt lat="43.73080995865166" lon="7.33427993953228">
        <ele>477.2455158741643</ele>
      </trkpt>
      <trkpt lat="43.730599991977215" lon="7.334009958431125">
        <ele>485.2594433200346</ele>
      </trkpt>
      <trkpt lat="43.7305299192667" lon="7.33384994789958">
        <ele>485.6399402127023</ele>
      </trkpt>
      <trkpt lat="43.73048993758857" lon="7.333809966221452">
        <ele>486.7291438877364</ele>
      </trkpt>
      <trkpt lat="43.73041994869709" lon="7.333629922941327">
        <ele>487.45254630185076</ele>
      </trkpt>
      <trkpt lat="43.73037996701896" lon="7.333589941263199">
        <ele>488.4853912638552</ele>
      </trkpt>
      <trkpt lat="43.73022993095219" lon="7.333319960162044">
        <ele>490.5768657770583</ele>
      </trkpt>
      <trkpt lat="43.73008995316923" lon="7.333179982379079">
        <ele>492.6987608077927</ele>
      </trkpt>
      <trkpt lat="43.73000998981297" lon="7.332999939098954">
        <ele>491.3890558512852</ele>
      </trkpt>
      <trkpt lat="43.729849979281425" lon="7.332759965211153">
        <ele>491.97775300817193</ele>
      </trkpt>
      <trkpt lat="43.7298099976033" lon="7.3326299618929625">
        <ele>490.9914214497685</ele>
      </trkpt>
      <trkpt lat="43.72970991767943" lon="7.3325399402529">
        <ele>491.6352051840432</ele>
      </trkpt>
      <trkpt lat="43.72955510392785" lon="7.3324700351804495">
        <ele>491.1823574577503</ele>
      </trkpt>
      <trkpt lat="43.729399954900146" lon="7.332399962469935">
        <ele>489.87022201123494</ele>
      </trkpt>
      <trkpt lat="43.72925997711718" lon="7.332299966365099">
        <ele>488.39119591160306</ele>
      </trkpt>
      <trkpt lat="43.729159981012344" lon="7.332309940829873">
        <ele>490.29521383779957</ele>
      </trkpt>
      <trkpt lat="43.72906995937228" lon="7.332419995218515">
        <ele>494.7014496433002</ele>
      </trkpt>
      <trkpt lat="43.72889997437596" lon="7.332479925826192">
        <ele>501.02128966664395</ele>
      </trkpt>
      <trkpt lat="43.72878991998732" lon="7.332309940829873">
        <ele>502.3615304316593</ele>
      </trkpt>
      <trkpt lat="43.728709956631064" lon="7.332289991900325">
        <ele>505.6456692332147</ele>
      </trkpt>
      <trkpt lat="43.728649942204356" lon="7.332319999113679">
        <ele>507.86438158495605</ele>
      </trkpt>
      <trkpt lat="43.72863996773958" lon="7.3324099369347095">
        <ele>509.289950691311</ele>
      </trkpt>
      <trkpt lat="43.72865497134626" lon="7.332630464807153">
        <ele>512.5601607008775</ele>
      </trkpt>
      <trkpt lat="43.728669974952936" lon="7.332849986851215">
        <ele>515.9917909531317</ele>
      </trkpt>
      <trkpt lat="43.72852999716997" lon="7.332799946889281">
        <ele>519.4022508542125</ele>
      </trkpt>
      <trkpt lat="43.72844994999468" lon="7.332809921354055">
        <ele>521.8010492548877</ele>
      </trkpt>
      <trkpt lat="43.72839999385178" lon="7.332769939675927">
        <ele>522.4268914412968</ele>
      </trkpt>
      <trkpt lat="43.72834995388985" lon="7.332779997959733">
        <ele>523.8256539531196</ele>
      </trkpt>
      <trkpt lat="43.72824995778501" lon="7.332679918035865">
        <ele>524.9298168855566</ele>
      </trkpt>
      <trkpt lat="43.72815482318401" lon="7.332459641620517">
        <ele>525.1138484637167</ele>
      </trkpt>
      <trkpt lat="43.72805994004011" lon="7.332239951938391">
        <ele>526.4628387026983</ele>
      </trkpt>
      <trkpt lat="43.7279999256134" lon="7.332219919189811">
        <ele>527.9068602174699</ele>
      </trkpt>
      <trkpt lat="43.72797989286482" lon="7.331929234787822">
        <ele>528.3619440393775</ele>
      </trkpt>
      <trkpt lat="43.727959943935275" lon="7.331639975309372">
        <ele>528.698633655566</ele>
      </trkpt>
      <trkpt lat="43.72787998057902" lon="7.33165992423892">
        <ele>530.123382266273</ele>
      </trkpt>
      <trkpt lat="43.727769926190376" lon="7.3317499458789825">
        <ele>532.4148784484826</ele>
      </trkpt>
      <trkpt lat="43.727659955620766" lon="7.331719938665628">
        <ele>535.1184474159875</ele>
      </trkpt>
      <trkpt lat="43.7275699339807" lon="7.3317699786275625">
        <ele>537.1368133834483</ele>
      </trkpt>
      <trkpt lat="43.727359967306256" lon="7.331779953092337">
        <ele>541.7963204926039</ele>
      </trkpt>
      <trkpt lat="43.72717992402613" lon="7.331729996949434">
        <ele>545.7211757048186</ele>
      </trkpt>
      <trkpt lat="43.727119993418455" lon="7.331759920343757">
        <ele>546.8926078454033</ele>
      </trkpt>
      <trkpt lat="43.72703994624317" lon="7.3316799569875">
        <ele>548.4484417933692</ele>
      </trkpt>
      <trkpt lat="43.72678999789059" lon="7.331609968096018">
        <ele>551.9625727028051</ele>
      </trkpt>
      <trkpt lat="43.72657994739711" lon="7.3316799569875">
        <ele>552.7625692370071</ele>
      </trkpt>
      <trkpt lat="43.72644994407892" lon="7.3316799569875">
        <ele>552.6938523984595</ele>
      </trkpt>
      <trkpt lat="43.726519932970405" lon="7.331489939242601">
        <ele>553.4296491758128</ele>
      </trkpt>
      <trkpt lat="43.72654994018376" lon="7.331319954246283">
        <ele>554.0665618313848</ele>
      </trkpt>
      <trkpt lat="43.72659998014569" lon="7.33122993260622">
        <ele>554.0863408462393</ele>
      </trkpt>
      <trkpt lat="43.726669969037175" lon="7.330919969826937">
        <ele>555.5057762293244</ele>
      </trkpt>
      <trkpt lat="43.726669969037175" lon="7.330639930441976">
        <ele>556.2895478125108</ele>
      </trkpt>
      <trkpt lat="43.72663996182382" lon="7.330209938809276">
        <ele>558.7846611770267</ele>
      </trkpt>
      <trkpt lat="43.726559998467565" lon="7.329799979925156">
        <ele>562.1513646468034</ele>
      </trkpt>
      <trkpt lat="43.726479951292276" lon="7.329559922218323">
        <ele>564.2099659017815</ele>
      </trkpt>
      <trkpt lat="43.726559998467565" lon="7.329529998824">
        <ele>563.6829657636943</ele>
      </trkpt>
      <trkpt lat="43.72661992907524" lon="7.329459926113486">
        <ele>563.557598698938</ele>
      </trkpt>
      <trkpt lat="43.72667994350195" lon="7.329229926690459">
        <ele>563.8709818998655</ele>
      </trkpt>
      <trkpt lat="43.72668991796672" lon="7.329029934480786">
        <ele>563.5382303983223</ele>
      </trkpt>
      <trkpt lat="43.7267099507153" lon="7.328869923949242">
        <ele>562.7676543812956</ele>
      </trkpt>
      <trkpt lat="43.72663979418576" lon="7.328559290617704">
        <ele>560.5679437431859</ele>
      </trkpt>
      <trkpt lat="43.72656997293234" lon="7.328249998390675">
        <ele>558.5746181887695</ele>
      </trkpt>
      <trkpt lat="43.726473078131676" lon="7.327959397807717">
        <ele>556.6202221964361</ele>
      </trkpt>
      <trkpt lat="43.726376267150044" lon="7.327668881043792">
        <ele>555.5222030420539</ele>
      </trkpt>
      <trkpt lat="43.7262799590826" lon="7.327379956841469">
        <ele>555.0881092004242</ele>
      </trkpt>
      <trkpt lat="43.72619999572635" lon="7.327169990167022">
        <ele>555.3195320431449</ele>
      </trkpt>
      <trkpt lat="43.72619999572635" lon="7.326979972422123">
        <ele>554.6643033098128</ele>
      </trkpt>
      <trkpt lat="43.726219944655895" lon="7.326809987425804">
        <ele>555.0969116993988</ele>
      </trkpt>
      <trkpt lat="43.72614995576441" lon="7.326529948040843">
        <ele>556.3497977395521</ele>
      </trkpt>
      <trkpt lat="43.726069992408156" lon="7.326409919187427">
        <ele>556.8243936930578</ele>
      </trkpt>
      <trkpt lat="43.725979970768094" lon="7.326049916446209">
        <ele>558.6470432908474</ele>
      </trkpt>
      <trkpt lat="43.72585994191468" lon="7.325929971411824">
        <ele>559.898215399282</ele>
      </trkpt>
      <trkpt lat="43.72577997855842" lon="7.325679939240217">
        <ele>559.8469390500904</ele>
      </trkpt>
      <trkpt lat="43.72564997524023" lon="7.325609950348735">
        <ele>561.2230721807614</ele>
      </trkpt>
      <trkpt lat="43.725509997457266" lon="7.325639957562089">
        <ele>562.135315654285</ele>
      </trkpt>
      <trkpt lat="43.72537496499717" lon="7.325759986415505">
        <ele>562.8563656266003</ele>
      </trkpt>
      <trkpt lat="43.72523993253708" lon="7.32587993144989">
        <ele>562.8255649868333</ele>
      </trkpt>
      <trkpt lat="43.725059973075986" lon="7.325929971411824">
        <ele>561.7531337193365</ele>
      </trkpt>
      <trkpt lat="43.72488998807967" lon="7.326029967516661">
        <ele>561.4913634228217</ele>
      </trkpt>
      <trkpt lat="43.724779933691025" lon="7.325999960303307">
        <ele>561.438627532918</ele>
      </trkpt>
      <trkpt lat="43.724669963121414" lon="7.325829975306988">
        <ele>562.6173655692444</ele>
      </trkpt>
      <trkpt lat="43.72452990151942" lon="7.32568496838212">
        <ele>563.4519719105347</ele>
      </trkpt>
      <trkpt lat="43.72438992373645" lon="7.3255399614572525">
        <ele>565.6515915960296</ele>
      </trkpt>
      <trkpt lat="43.7243099603802" lon="7.3255399614572525">
        <ele>566.4441776403263</ele>
      </trkpt>
      <trkpt lat="43.72424994595349" lon="7.325639957562089">
        <ele>565.7302385692984</ele>
      </trkpt>
      <trkpt lat="43.724199989810586" lon="7.325639957562089">
        <ele>565.7694408203172</ele>
      </trkpt>
      <trkpt lat="43.724109968170524" lon="7.325759986415505">
        <ele>563.6872686385343</ele>
      </trkpt>
      <trkpt lat="43.724049953743815" lon="7.325759986415505">
        <ele>563.1068534753201</ele>
      </trkpt>
      <trkpt lat="43.723939983174205" lon="7.325709946453571">
        <ele>562.1766588437026</ele>
      </trkpt>
      <trkpt lat="43.723729932680726" lon="7.325459998100996">
        <ele>560.015939394066</ele>
      </trkpt>
      <trkpt lat="43.72364996932447" lon="7.325409958139062">
        <ele>559.6571759528638</ele>
      </trkpt>
      <trkpt lat="43.72358995489776" lon="7.325419932603836">
        <ele>558.9566815832748</ele>
      </trkpt>
      <trkpt lat="43.72353999875486" lon="7.325569968670607">
        <ele>556.9385238553402</ele>
      </trkpt>
      <trkpt lat="43.72347998432815" lon="7.325459998100996">
        <ele>557.2893338527126</ele>
      </trkpt>
      <trkpt lat="43.72338996268809" lon="7.32533996924758">
        <ele>556.4570467895426</ele>
      </trkpt>
      <trkpt lat="43.72323992662132" lon="7.325349943712354">
        <ele>553.1014940917789</ele>
      </trkpt>
      <trkpt lat="43.723189970478415" lon="7.3253099620342255">
        <ele>551.6882585011193</ele>
      </trkpt>
      <trkpt lat="43.72312995605171" lon="7.3252899292856455">
        <ele>549.3678943191878</ele>
      </trkpt>
      <trkpt lat="43.723079999908805" lon="7.32533996924758">
        <ele>547.2895963676418</ele>
      </trkpt>
      <trkpt lat="43.72310992330313" lon="7.325629983097315">
        <ele>544.6734745080277</ele>
      </trkpt>
      <trkpt lat="43.72314998880029" lon="7.325759986415505">
        <ele>543.5397134044523</ele>
      </trkpt>
      <trkpt lat="43.72312995605171" lon="7.325839949771762">
        <ele>540.7940512955868</ele>
      </trkpt>
      <trkpt lat="43.72298997826874" lon="7.325669964775443">
        <ele>541.6008374687101</ele>
      </trkpt>
      <trkpt lat="43.72289995662868" lon="7.3255199287086725">
        <ele>543.1016444789502</ele>
      </trkpt>
      <trkpt lat="43.7228799238801" lon="7.325299987569451">
        <ele>543.3331392508771</ele>
      </trkpt>
      <trkpt lat="43.72293507680297" lon="7.3249792121350765">
        <ele>541.4795858552918</ele>
      </trkpt>
      <trkpt lat="43.72298997826874" lon="7.324659945443273">
        <ele>538.946979402379</ele>
      </trkpt>
      <trkpt lat="43.7228799238801" lon="7.324549974873662">
        <ele>538.6929122605076</ele>
      </trkpt>
      <trkpt lat="43.72278998605907" lon="7.324399938806891">
        <ele>538.901518743922</ele>
      </trkpt>
      <trkpt lat="43.72272997163236" lon="7.324239928275347">
        <ele>539.3155379294878</ele>
      </trkpt>
      <trkpt lat="43.72266978956759" lon="7.3239643312990665">
        <ele>539.7699437782751</ele>
      </trkpt>
      <trkpt lat="43.722609942778945" lon="7.323689991608262">
        <ele>540.9832207021186</ele>
      </trkpt>
      <trkpt lat="43.72255998663604" lon="7.3235599882900715">
        <ele>541.2866758967591</ele>
      </trkpt>
      <trkpt lat="43.72250994667411" lon="7.323499973863363">
        <ele>541.8705798696082</ele>
      </trkpt>
      <trkpt lat="43.72233325615525" lon="7.323333257809281">
        <ele>543.459874356733</ele>
      </trkpt>
      <trkpt lat="43.72215664945543" lon="7.323166625574231">
        <ele>544.8817338671333</ele>
      </trkpt>
      <trkpt lat="43.72197995893657" lon="7.322999993339181">
        <ele>546.4623828068648</ele>
      </trkpt>
      <trkpt lat="43.721919944509864" lon="7.322889938950539">
        <ele>546.438029636329</ele>
      </trkpt>
      <trkpt lat="43.72193000279367" lon="7.322569163516164">
        <ele>550.1424720569483</ele>
      </trkpt>
      <trkpt lat="43.721939977258444" lon="7.322249980643392">
        <ele>553.046830695254</ele>
      </trkpt>
      <trkpt lat="43.721899995580316" lon="7.322019981220365">
        <ele>554.5929174036607</ele>
      </trkpt>
      <trkpt lat="43.72171995230019" lon="7.321669952943921">
        <ele>552.8663060107776</ele>
      </trkpt>
      <trkpt lat="43.721599923446774" lon="7.321599964052439">
        <ele>552.2746423925232</ele>
      </trkpt>
      <trkpt lat="43.721469920128584" lon="7.321569956839085">
        <ele>552.0918801045435</ele>
      </trkpt>
      <trkpt lat="43.7213999312371" lon="7.3215199168771505">
        <ele>551.7291220008916</ele>
      </trkpt>
      <trkpt lat="43.72126992791891" lon="7.321609938517213">
        <ele>551.4361049349466</ele>
      </trkpt>
      <trkpt lat="43.72112492099404" lon="7.321785036474466">
        <ele>550.7962103094637</ele>
      </trkpt>
      <trkpt lat="43.72097999788821" lon="7.321959966793656">
        <ele>549.18876126502</ele>
      </trkpt>
      <trkpt lat="43.72083993628621" lon="7.322169933468103">
        <ele>549.9042156630676</ele>
      </trkpt>
      <trkpt lat="43.72061354108155" lon="7.32219323515892">
        <ele>550.4605952974847</ele>
      </trkpt>
      <trkpt lat="43.72038706205785" lon="7.322216536849737">
        <ele>549.9607740074496</ele>
      </trkpt>
      <trkpt lat="43.720159996300936" lon="7.322239922359586">
        <ele>550.0669388006696</ele>
      </trkpt>
      <trkpt lat="43.72007994912565" lon="7.322229947894812">
        <ele>548.750436400785</ele>
      </trkpt>
      <trkpt lat="43.72001993469894" lon="7.322149984538555">
        <ele>547.110466378718</ele>
      </trkpt>
      <trkpt lat="43.7199199385941" lon="7.321869945153594">
        <ele>544.2727148614943</ele>
      </trkpt>
      <trkpt lat="43.719819942489266" lon="7.321719992905855">
        <ele>542.7663666576024</ele>
      </trkpt>
      <trkpt lat="43.719749953597784" lon="7.321669952943921">
        <ele>541.7352029187302</ele>
      </trkpt>
      <trkpt lat="43.71959991753101" lon="7.321649920195341">
        <ele>537.8570648636473</ele>
      </trkpt>
      <trkpt lat="43.71956999413669" lon="7.321679927408695">
        <ele>536.7162057010939</ele>
      </trkpt>
      <trkpt lat="43.719620034098625" lon="7.321900455281138">
        <ele>537.0046148922255</ele>
      </trkpt>
      <trkpt lat="43.71966999024153" lon="7.322119977325201">
        <ele>537.097430894931</ele>
      </trkpt>
      <trkpt lat="43.71964995749295" lon="7.322209998965263">
        <ele>535.6617618996945</ele>
      </trkpt>
      <trkpt lat="43.7196834012866" lon="7.322544101625681">
        <ele>532.8613803034298</ele>
      </trkpt>
      <trkpt lat="43.719716761261225" lon="7.3228782042860985">
        <ele>530.2093031215614</ele>
      </trkpt>
      <trkpt lat="43.719749953597784" lon="7.323209960013628">
        <ele>528.3096597056582</ele>
      </trkpt>
      <trkpt lat="43.71982011012733" lon="7.323590833693743">
        <ele>525.8899447415398</ele>
      </trkpt>
      <trkpt lat="43.71988993138075" lon="7.3239699471741915">
        <ele>522.8815481234873</ele>
      </trkpt>
      <trkpt lat="43.71995992027223" lon="7.3241999465972185">
        <ele>522.3120307796136</ele>
      </trkpt>
      <trkpt lat="43.71995992027223" lon="7.324359957128763">
        <ele>519.4113469252962</ele>
      </trkpt>
      <trkpt lat="43.72003996744752" lon="7.32456992380321">
        <ele>518.6307629083163</ele>
      </trkpt>
      <trkpt lat="43.720159996300936" lon="7.324749967083335">
        <ele>519.4747742042669</ele>
      </trkpt>
      <trkpt lat="43.72022998519242" lon="7.324919952079654">
        <ele>518.2430407646841</ele>
      </trkpt>
      <trkpt lat="43.720249934121966" lon="7.3251099698245525">
        <ele>514.9905249543064</ele>
      </trkpt>
      <trkpt lat="43.72033517807722" lon="7.32548070140183">
        <ele>510.26377012102506</ele>
      </trkpt>
      <trkpt lat="43.720419919118285" lon="7.325849924236536">
        <ele>505.3410891201592</ele>
      </trkpt>
      <trkpt lat="43.720439951866865" lon="7.3261799197643995">
        <ele>499.98664038495025</ele>
      </trkpt>
      <trkpt lat="43.72050013393164" lon="7.326545789837837">
        <ele>497.2044615585898</ele>
      </trkpt>
      <trkpt lat="43.72055998072028" lon="7.326909983530641">
        <ele>495.4539746699072</ele>
      </trkpt>
      <trkpt lat="43.72055998072028" lon="7.327229920774698">
        <ele>492.7135418288156</ele>
      </trkpt>
      <trkpt lat="43.72059996239841" lon="7.32761993072927">
        <ele>489.6442554904911</ele>
      </trkpt>
      <trkpt lat="43.72052997350693" lon="7.32765999622643">
        <ele>486.58359801123873</ele>
      </trkpt>
      <trkpt lat="43.720459984615445" lon="7.327469978481531">
        <ele>485.80654973804116</ele>
      </trkpt>
      <trkpt lat="43.72042997740209" lon="7.327229920774698">
        <ele>486.8223625553346</ele>
      </trkpt>
      <trkpt lat="43.72034481726587" lon="7.327004615217447">
        <ele>484.9956377756114</ele>
      </trkpt>
      <trkpt lat="43.72025999240577" lon="7.32677998021245">
        <ele>484.2958155661204</ele>
      </trkpt>
      <trkpt lat="43.720179945230484" lon="7.326609995216131">
        <ele>482.9668867971669</ele>
      </trkpt>
      <trkpt lat="43.72001985087991" lon="7.326374799013138">
        <ele>479.1792012327436</ele>
      </trkpt>
      <trkpt lat="43.719859924167395" lon="7.326139938086271">
        <ele>476.66414674643545</ele>
      </trkpt>
      <trkpt lat="43.719694800674915" lon="7.325854618102312">
        <ele>476.97641871397593</ele>
      </trkpt>
      <trkpt lat="43.71952992863953" lon="7.325569968670607">
        <ele>476.44512491974024</ele>
      </trkpt>
      <trkpt lat="43.71949992142618" lon="7.3257199209183455">
        <ele>472.13219714936355</ele>
      </trkpt>
      <trkpt lat="43.71953998692334" lon="7.325929971411824">
        <ele>469.360103925169</ele>
      </trkpt>
      <trkpt lat="43.71960997581482" lon="7.326069949194789">
        <ele>468.92469849684943</ele>
      </trkpt>
      <trkpt lat="43.71965004131198" lon="7.326300451532006">
        <ele>466.3633424099315</ele>
      </trkpt>
      <trkpt lat="43.719689939171076" lon="7.326529948040843">
        <ele>461.941493882263</ele>
      </trkpt>
      <trkpt lat="43.7196799647063" lon="7.326699933037162">
        <ele>457.2602379391866</ele>
      </trkpt>
      <trkpt lat="43.71971994638443" lon="7.3268599435687065">
        <ele>458.2024757529699</ele>
      </trkpt>
      <trkpt lat="43.719729920849204" lon="7.327099917456508">
        <ele>455.450779119481</ele>
      </trkpt>
      <trkpt lat="43.7196799647063" lon="7.327249953523278">
        <ele>451.17982123634476</ele>
      </trkpt>
      <trkpt lat="43.71963998302817" lon="7.327259927988052">
        <ele>448.71306310909046</ele>
      </trkpt>
      <trkpt lat="43.71950989589095" lon="7.327079800888896">
        <ele>443.9681430958692</ele>
      </trkpt>
      <trkpt lat="43.71937997639179" lon="7.326899925246835">
        <ele>442.0083758292207</ele>
      </trkpt>
      <trkpt lat="43.719167495146394" lon="7.326752487570047">
        <ele>435.81470614059094</ele>
      </trkpt>
      <trkpt lat="43.71895493008196" lon="7.326604966074228">
        <ele>432.06513493632934</ele>
      </trkpt>
      <trkpt lat="43.7187425326556" lon="7.326457528397441">
        <ele>428.5812250817784</ele>
      </trkpt>
      <trkpt lat="43.71852996759117" lon="7.32630992308259">
        <ele>424.68085279983995</ele>
      </trkpt>
      <trkpt lat="43.71842997148633" lon="7.3262199852615595">
        <ele>423.137227982957</ele>
      </trkpt>
      <trkpt lat="43.71836995705962" lon="7.326229959726334">
        <ele>421.7102257423953</ele>
      </trkpt>
      <trkpt lat="43.71833994984627" lon="7.3259499203413725">
        <ele>424.20099025594277</ele>
      </trkpt>
      <trkpt lat="43.71822972781956" lon="7.325544152408838">
        <ele>425.9131634565971</ele>
      </trkpt>
      <trkpt lat="43.718119924888015" lon="7.325139977037907">
        <ele>427.5124017043844</ele>
      </trkpt>
      <trkpt lat="43.71795010752976" lon="7.32512497343123">
        <ele>422.8378216741977</ele>
      </trkpt>
      <trkpt lat="43.71777995489538" lon="7.3251099698245525">
        <ele>416.0081458277595</ele>
      </trkpt>
      <trkpt lat="43.71764995157719" lon="7.325069988146424">
        <ele>413.3035590386169</ele>
      </trkpt>
      <trkpt lat="43.71739991940558" lon="7.325159925967455">
        <ele>407.17539932438456</ele>
      </trkpt>
      <trkpt lat="43.7171451933682" lon="7.325232429429889">
        <ele>402.9763984191284</ele>
      </trkpt>
      <trkpt lat="43.71688996441662" lon="7.3253049328923225">
        <ele>398.31537525535754</ele>
      </trkpt>
      <trkpt lat="43.71663515456021" lon="7.325377352535725">
        <ele>392.5898811398948</ele>
      </trkpt>
      <trkpt lat="43.716379925608635" lon="7.32544993981719">
        <ele>386.61077745017246</ele>
      </trkpt>
      <trkpt lat="43.71612519957125" lon="7.325482461601496">
        <ele>383.63400099155257</ele>
      </trkpt>
      <trkpt lat="43.71586997061968" lon="7.325514983385801">
        <ele>382.0444861578994</ele>
      </trkpt>
      <trkpt lat="43.715615244582295" lon="7.325547421351075">
        <ele>381.89945500366593</ele>
      </trkpt>
      <trkpt lat="43.71535993181169" lon="7.325579943135381">
        <ele>383.6024401961878</ele>
      </trkpt>
      <trkpt lat="43.71529991738498" lon="7.325609950348735">
        <ele>383.82007436388403</ele>
      </trkpt>
      <trkpt lat="43.7152299284935" lon="7.32544993981719">
        <ele>384.71421816448486</ele>
      </trkpt>
      <trkpt lat="43.71503999456763" lon="7.325189933180809">
        <ele>386.0850585982216</ele>
      </trkpt>
      <trkpt lat="43.71492994017899" lon="7.324979966506362">
        <ele>386.16413431477554</ele>
      </trkpt>
      <trkpt lat="43.71494997292757" lon="7.324749967083335">
        <ele>386.23459351174483</ele>
      </trkpt>
      <trkpt lat="43.71499992907047" lon="7.324639996513724">
        <ele>386.1324261035401</ele>
      </trkpt>
      <trkpt lat="43.714919965714216" lon="7.324489960446954">
        <ele>385.34119912565825</ele>
      </trkpt>
      <trkpt lat="43.71482642367482" lon="7.324209418147802">
        <ele>382.60637539917406</ele>
      </trkpt>
      <trkpt lat="43.71473296545446" lon="7.323928959667683">
        <ele>379.3043811400307</ele>
      </trkpt>
      <trkpt lat="43.714639926329255" lon="7.323649926111102">
        <ele>367.37138463533074</ele>
      </trkpt>
      <trkpt lat="43.71471997350454" lon="7.3235999699682">
        <ele>368.7504856617224</ele>
      </trkpt>
      <trkpt lat="43.714829944074154" lon="7.323469966650009">
        <ele>365.368232669636</ele>
      </trkpt>
      <trkpt lat="43.714919965714216" lon="7.323399977758527">
        <ele>365.25296880251113</ele>
      </trkpt>
      <trkpt lat="43.7150798086077" lon="7.323325043544173">
        <ele>364.35573010299555</ele>
      </trkpt>
      <trkpt lat="43.715239986777306" lon="7.323249941691756">
        <ele>362.34404748510684</ele>
      </trkpt>
      <trkpt lat="43.71535993181169" lon="7.3231699783355">
        <ele>359.6118195823475</ele>
      </trkpt>
      <trkpt lat="43.71548004448414" lon="7.3229797929525375">
        <ele>354.7726661612817</ele>
      </trkpt>
      <trkpt lat="43.71559998951852" lon="7.322789942845702">
        <ele>352.8419182163754</ele>
      </trkpt>
      <trkpt lat="43.71562999673188" lon="7.322679972276092">
        <ele>350.66452481423534</ele>
      </trkpt>
      <trkpt lat="43.715665033087134" lon="7.3224544152617455">
        <ele>347.3081069521035</ele>
      </trkpt>
      <trkpt lat="43.71569998562336" lon="7.322229947894812">
        <ele>344.1298639541966</ele>
      </trkpt>
      <trkpt lat="43.71567995287478" lon="7.3219899740070105">
        <ele>339.5830151778583</ele>
      </trkpt>
      <trkpt lat="43.715690011158586" lon="7.321769446134567">
        <ele>333.9568186097667</ele>
      </trkpt>
      <trkpt lat="43.71569998562336" lon="7.321549924090505">
        <ele>332.33975364925163</ele>
      </trkpt>
      <trkpt lat="43.71563997119665" lon="7.321139965206385">
        <ele>326.39255105145355</ele>
      </trkpt>
      <trkpt lat="43.715649945661426" lon="7.320839976891875">
        <ele>325.29738745952915</ele>
      </trkpt>
      <trkpt lat="43.71573996730149" lon="7.3204699996858835">
        <ele>322.3751891206777</ele>
      </trkpt>
      <trkpt lat="43.71576502919197" lon="7.320204293355346">
        <ele>319.48142566656526</ele>
      </trkpt>
      <trkpt lat="43.71578992344439" lon="7.319939928129315">
        <ele>318.1421021353712</ele>
      </trkpt>
      <trkpt lat="43.715840047225356" lon="7.319579087197781">
        <ele>317.6009989133089</ele>
      </trkpt>
      <trkpt lat="43.71588991954923" lon="7.31921992264688">
        <ele>316.3540382534425</ele>
      </trkpt>
      <trkpt lat="43.715882459655404" lon="7.318856567144394">
        <ele>313.4366976822154</ele>
      </trkpt>
      <trkpt lat="43.71587499976158" lon="7.318494971841574">
        <ele>311.02610036938574</ele>
      </trkpt>
      <trkpt lat="43.71586745604873" lon="7.318131532520056">
        <ele>308.52176751022864</ele>
      </trkpt>
      <trkpt lat="43.715859996154904" lon="7.317769937217236">
        <ele>305.42229517710035</ele>
      </trkpt>
      <trkpt lat="43.71588991954923" lon="7.31736995279789">
        <ele>302.93074511505597</ele>
      </trkpt>
      <trkpt lat="43.7158499378711" lon="7.317179935052991">
        <ele>300.1534200817484</ele>
      </trkpt>
      <trkpt lat="43.71587994508445" lon="7.3168999794870615">
        <ele>298.68236953019647</ele>
      </trkpt>
      <trkpt lat="43.715873239561915" lon="7.316589178517461">
        <ele>295.98759537261435</ele>
      </trkpt>
      <trkpt lat="43.71586661785841" lon="7.316278461366892">
        <ele>295.54719712738006</ele>
      </trkpt>
      <trkpt lat="43.715859996154904" lon="7.3159699235111475">
        <ele>295.70543119333286</ele>
      </trkpt>
      <trkpt lat="43.715945072472095" lon="7.315714526921511">
        <ele>299.4335775223521</ele>
      </trkpt>
      <trkpt lat="43.71602998115122" lon="7.315459968522191">
        <ele>300.85822675467745</ele>
      </trkpt>
      <trkpt lat="43.71614992618561" lon="7.315389979630709">
        <ele>303.33793827339423</ele>
      </trkpt>
      <trkpt lat="43.716269955039024" lon="7.315069958567619">
        <ele>307.11665670416096</ele>
      </trkpt>
      <trkpt lat="43.71629996225238" lon="7.314719930291176">
        <ele>309.23873638636894</ele>
      </trkpt>
      <trkpt lat="43.71629996225238" lon="7.314299996942282">
        <ele>311.5517516622774</ele>
      </trkpt>
      <trkpt lat="43.71635343879461" lon="7.313975868746638">
        <ele>315.1831660560145</ele>
      </trkpt>
      <trkpt lat="43.716406831517816" lon="7.313651824370027">
        <ele>318.25538676603014</ele>
      </trkpt>
      <trkpt lat="43.71645997278392" lon="7.3133299592882395">
        <ele>321.78946789262284</ele>
      </trkpt>
      <trkpt lat="43.716549994423985" lon="7.3131299670785666">
        <ele>324.6058279583329</ele>
      </trkpt>
      <trkpt lat="43.71657991781831" lon="7.313099959865212">
        <ele>325.5279618475554</ele>
      </trkpt>
      <trkpt lat="43.71660992503166" lon="7.313099959865212">
        <ele>326.1078113317109</ele>
      </trkpt>
      <trkpt lat="43.71662995778024" lon="7.312759989872575">
        <ele>328.7438597061487</ele>
      </trkpt>
      <trkpt lat="43.716679997742176" lon="7.312679942697287">
        <ele>329.0072143992606</ele>
      </trkpt>
      <trkpt lat="43.7167099211365" lon="7.3126699682325125">
        <ele>329.19019221398696</ele>
      </trkpt>
      <trkpt lat="43.71675996109843" lon="7.3126699682325125">
        <ele>329.4875939484036</ele>
      </trkpt>
      <trkpt lat="43.71684009209275" lon="7.312342654913664">
        <ele>329.3917445528458</ele>
      </trkpt>
      <trkpt lat="43.716920306906104" lon="7.3120152577757835">
        <ele>330.2050791624008</ele>
      </trkpt>
      <trkpt lat="43.716999934986234" lon="7.311689956113696">
        <ele>329.41098476958575</ele>
      </trkpt>
      <trkpt lat="43.717019967734814" lon="7.311409916728735">
        <ele>328.62429816995746</ele>
      </trkpt>
      <trkpt lat="43.71700999327004" lon="7.311249990016222">
        <ele>328.5915442197378</ele>
      </trkpt>
      <trkpt lat="43.71692994609475" lon="7.311249990016222">
        <ele>332.14466061902374</ele>
      </trkpt>
      <trkpt lat="43.71681997552514" lon="7.311179917305708">
        <ele>339.2000554330565</ele>
      </trkpt>
      <trkpt lat="43.71672995388508" lon="7.311049997806549">
        <ele>341.01675790321053</ele>
      </trkpt>
      <trkpt lat="43.71668997220695" lon="7.31085998006165">
        <ele>338.30026048384576</ele>
      </trkpt>
      <trkpt lat="43.71668997220695" lon="7.310579270124435">
        <ele>336.35299833370937</ele>
      </trkpt>
      <trkpt lat="43.71668997220695" lon="7.31029998511076">
        <ele>336.71116931347797</ele>
      </trkpt>
      <trkpt lat="43.71672995388508" lon="7.310209963470697">
        <ele>336.47043766136267</ele>
      </trkpt>
      <trkpt lat="43.71677999384701" lon="7.310169981792569">
        <ele>335.69634958907915</ele>
      </trkpt>
      <trkpt lat="43.71696992777288" lon="7.310169981792569">
        <ele>335.48626948859356</ele>
      </trkpt>
      <trkpt lat="43.71704997494817" lon="7.310139974579215">
        <ele>336.6155609527387</ele>
      </trkpt>
      <trkpt lat="43.71721995994449" lon="7.30995993129909">
        <ele>337.92720943879556</ele>
      </trkpt>
      <trkpt lat="43.71733001433313" lon="7.309794807806611">
        <ele>338.8398827827807</ele>
      </trkpt>
      <trkpt lat="43.71743998490274" lon="7.309629935771227">
        <ele>339.40467308187453</ele>
      </trkpt>
      <trkpt lat="43.71745993383229" lon="7.309499932453036">
        <ele>340.5540517813422</ele>
      </trkpt>
      <trkpt lat="43.71725331991911" lon="7.3093099147081375">
        <ele>344.0110037580085</ele>
      </trkpt>
      <trkpt lat="43.7170466221869" lon="7.30911998078227">
        <ele>345.90048656732625</ele>
      </trkpt>
      <trkpt lat="43.71683992445469" lon="7.308929963037372">
        <ele>347.5135001599742</ele>
      </trkpt>
      <trkpt lat="43.71676993556321" lon="7.308889981359243">
        <ele>347.87677212277225</ele>
      </trkpt>
      <trkpt lat="43.716659964993596" lon="7.3088799230754375">
        <ele>347.7689888011837</ele>
      </trkpt>
      <trkpt lat="43.716589976102114" lon="7.308889981359243">
        <ele>347.47144744102087</ele>
      </trkpt>
      <trkpt lat="43.716529961675406" lon="7.308859974145889">
        <ele>347.4448653989044</ele>
      </trkpt>
      <trkpt lat="43.71651998721063" lon="7.308789985254407">
        <ele>347.5999934124976</ele>
      </trkpt>
      <trkpt lat="43.71657991781831" lon="7.3084199242293835">
        <ele>347.95757144450226</ele>
      </trkpt>
      <trkpt lat="43.716549994423985" lon="7.308349935337901">
        <ele>347.6455597675127</ele>
      </trkpt>
      <trkpt lat="43.71648997999728" lon="7.308329986408353">
        <ele>347.3385681075441</ele>
      </trkpt>
      <trkpt lat="43.71642996557057" lon="7.308339960873127">
        <ele>347.1354653575803</ele>
      </trkpt>
      <trkpt lat="43.716200133785605" lon="7.308449847623706">
        <ele>346.62004798470537</ele>
      </trkpt>
      <trkpt lat="43.715969966724515" lon="7.30855998583138">
        <ele>346.5523762143323</ele>
      </trkpt>
      <trkpt lat="43.71589997783303" lon="7.3085399530828">
        <ele>346.4512318788537</ele>
      </trkpt>
      <trkpt lat="43.71578640304506" lon="7.308252789080143">
        <ele>346.0333235376843</ele>
      </trkpt>
      <trkpt lat="43.715672912076116" lon="7.307965708896518">
        <ele>345.93472417064294</ele>
      </trkpt>
      <trkpt lat="43.71555992402136" lon="7.3076799698174">
        <ele>345.9128348694883</ele>
      </trkpt>
      <trkpt lat="43.715389939025044" lon="7.307389955967665">
        <ele>346.94771192855757</ele>
      </trkpt>
      <trkpt lat="43.71531995013356" lon="7.306979997083545">
        <ele>349.5951067026226</ele>
      </trkpt>
      <trkpt lat="43.715199921280146" lon="7.306599961593747">
        <ele>350.0652923953744</ele>
      </trkpt>
      <trkpt lat="43.715199921280146" lon="7.306479932740331">
        <ele>348.3675677715303</ele>
      </trkpt>
      <trkpt lat="43.71535004116595" lon="7.30630986392498">
        <ele>345.04370769653815</ele>
      </trkpt>
      <trkpt lat="43.71549999341369" lon="7.306139962747693">
        <ele>345.3355708720113</ele>
      </trkpt>
      <trkpt lat="43.715519942343235" lon="7.306089922785759">
        <ele>345.67299727652795</ele>
      </trkpt>
      <trkpt lat="43.71552991680801" lon="7.305949945002794">
        <ele>345.78912458264665</ele>
      </trkpt>
      <trkpt lat="43.71560510247946" lon="7.305754646658897">
        <ele>346.4464304358281</ele>
      </trkpt>
      <trkpt lat="43.71567995287478" lon="7.3055599350482225">
        <ele>347.59046048875285</ele>
      </trkpt>
      <trkpt lat="43.715689927339554" lon="7.30548994615674">
        <ele>348.12323872339437</ele>
      </trkpt>
      <trkpt lat="43.7156599201262" lon="7.305419957265258">
        <ele>347.98134366369436</ele>
      </trkpt>
      <trkpt lat="43.71552991680801" lon="7.30535994283855">
        <ele>344.87068870868603</ele>
      </trkpt>
      <trkpt lat="43.71548993512988" lon="7.305209990590811">
        <ele>343.8853704629564</ele>
      </trkpt>
      <trkpt lat="43.715329924598336" lon="7.305009998381138">
        <ele>338.72697712974434</ele>
      </trkpt>
      <trkpt lat="43.715259935706854" lon="7.304849987849593">
        <ele>337.65638921769136</ele>
      </trkpt>
      <trkpt lat="43.71515993960202" lon="7.304839929565787">
        <ele>334.1273448234927</ele>
      </trkpt>
      <trkpt lat="43.71487998403609" lon="7.304739933460951">
        <ele>328.8270692081364</ele>
      </trkpt>
      <trkpt lat="43.71481996960938" lon="7.304769940674305">
        <ele>327.541255169696</ele>
      </trkpt>
      <trkpt lat="43.71471997350454" lon="7.304939925670624">
        <ele>324.2659913471839</ele>
      </trkpt>
      <trkpt lat="43.71449994854629" lon="7.305049980059266">
        <ele>320.3174481119044</ele>
      </trkpt>
      <trkpt lat="43.71438997797668" lon="7.30505995452404">
        <ele>318.4071738205721</ele>
      </trkpt>
      <trkpt lat="43.71440992690623" lon="7.304999940097332">
        <ele>318.179738404816</ele>
      </trkpt>
      <trkpt lat="43.714399952441454" lon="7.304879995062947">
        <ele>317.3045934838252</ele>
      </trkpt>
      <trkpt lat="43.714279755949974" lon="7.304629627615213">
        <ele>318.0496957662106</ele>
      </trkpt>
      <trkpt lat="43.71415997855365" lon="7.304379930719733">
        <ele>321.439466831622</ele>
      </trkpt>
      <trkpt lat="43.71397473849356" lon="7.304034512490034">
        <ele>324.9623825687261</ele>
      </trkpt>
      <trkpt lat="43.71378991752863" lon="7.303689932450652">
        <ele>327.60922440671123</ele>
      </trkpt>
      <trkpt lat="43.71375999413431" lon="7.3035999946296215">
        <ele>328.08162326506385</ele>
      </trkpt>
      <trkpt lat="43.71375999413431" lon="7.303499998524785">
        <ele>329.7488034709971</ele>
      </trkpt>
      <trkpt lat="43.713779943063855" lon="7.303419951349497">
        <ele>330.8471805376623</ele>
      </trkpt>
      <trkpt lat="43.71381992474198" lon="7.303379969671369">
        <ele>331.57415371610324</ele>
      </trkpt>
      <trkpt lat="43.713779943063855" lon="7.303289948031306">
        <ele>331.56186622404624</ele>
      </trkpt>
      <trkpt lat="43.71366485953331" lon="7.303114850074053">
        <ele>330.5507270395463</ele>
      </trkpt>
      <trkpt lat="43.71354994364083" lon="7.302939919754863">
        <ele>329.3161948951384</ele>
      </trkpt>
      <trkpt lat="43.71339999139309" lon="7.30275996029377">
        <ele>327.08708998478056</ele>
      </trkpt>
      <trkpt lat="43.71316999197006" lon="7.302569942548871">
        <ele>323.435847967921</ele>
      </trkpt>
      <trkpt lat="43.71305993758142" lon="7.302629956975579">
        <ele>320.10331962414176</ele>
      </trkpt>
      <trkpt lat="43.713029930368066" lon="7.302659964188933">
        <ele>318.7146641591655</ele>
      </trkpt>
      <trkpt lat="43.71299992315471" lon="7.302639931440353">
        <ele>317.39452174259304</ele>
      </trkpt>
      <trkpt lat="43.71300998143852" lon="7.302579917013645">
        <ele>318.3882346057707</ele>
      </trkpt>
      <trkpt lat="43.71297997422516" lon="7.302539935335517">
        <ele>317.5555837598582</ele>
      </trkpt>
      <trkpt lat="43.71294996701181" lon="7.302559968084097">
        <ele>316.11297983746675</ele>
      </trkpt>
      <trkpt lat="43.71286480687559" lon="7.302760295569897">
        <ele>310.5588350102463</ele>
      </trkpt>
      <trkpt lat="43.71277998201549" lon="7.302959952503443">
        <ele>307.2682972361846</ele>
      </trkpt>
      <trkpt lat="43.71273991651833" lon="7.302979985252023">
        <ele>305.385188462329</ele>
      </trkpt>
      <trkpt lat="43.712639920413494" lon="7.3031199630349874">
        <ele>301.16235415570185</ele>
      </trkpt>
      <trkpt lat="43.712619971483946" lon="7.3031199630349874">
        <ele>300.3568760772272</ele>
      </trkpt>
      <trkpt lat="43.71257998980582" lon="7.303029941394925">
        <ele>298.6784361673849</ele>
      </trkpt>
      <trkpt lat="43.71247999370098" lon="7.302949978038669">
        <ele>294.78200555062284</ele>
      </trkpt>
      <trkpt lat="43.71243992820382" lon="7.302979985252023">
        <ele>293.2695500652052</ele>
      </trkpt>
      <trkpt lat="43.71241997927427" lon="7.303049974143505">
        <ele>292.1028451979545</ele>
      </trkpt>
      <trkpt lat="43.71230992488563" lon="7.303059948608279">
        <ele>286.9673702156698</ele>
      </trkpt>
      <trkpt lat="43.71219995431602" lon="7.302999934181571">
        <ele>281.6346816820343</ele>
      </trkpt>
      <trkpt lat="43.71211999095976" lon="7.303019966930151">
        <ele>277.06437930716356</ele>
      </trkpt>
      <trkpt lat="43.712039943784475" lon="7.302879989147186">
        <ele>273.43184550609715</ele>
      </trkpt>
      <trkpt lat="43.71197992935777" lon="7.302929945290089">
        <ele>270.0904884089123</ele>
      </trkpt>
      <trkpt lat="43.71193994767964" lon="7.302859956398606">
        <ele>268.47105581863474</ele>
      </trkpt>
      <trkpt lat="43.71188999153674" lon="7.302859956398606">
        <ele>266.02947730794</ele>
      </trkpt>
      <trkpt lat="43.711799969896674" lon="7.30273992754519">
        <ele>262.10313736737146</ele>
      </trkpt>
      <trkpt lat="43.71172998100519" lon="7.302749985828996">
        <ele>258.70169727692826</ele>
      </trkpt>
      <trkpt lat="43.711689999327064" lon="7.302649989724159">
        <ele>257.00517388540675</ele>
      </trkpt>
      <trkpt lat="43.711609952151775" lon="7.302539935335517">
        <ele>253.30037502473428</ele>
      </trkpt>
      <trkpt lat="43.71159989386797" lon="7.302304403856397">
        <ele>251.94074413568592</ele>
      </trkpt>
      <trkpt lat="43.711589919403195" lon="7.302069962024689">
        <ele>249.49215816173103</ele>
      </trkpt>
      <trkpt lat="43.71144994162023" lon="7.301919925957918">
        <ele>242.30707849257405</ele>
      </trkpt>
      <trkpt lat="43.71124994941056" lon="7.301859995350242">
        <ele>233.5179442215386</ele>
      </trkpt>
      <trkpt lat="43.71111994609237" lon="7.301569981500506">
        <ele>226.10946393196483</ele>
      </trkpt>
      <trkpt lat="43.71097988449037" lon="7.301414916291833">
        <ele>221.99041077387122</ele>
      </trkpt>
      <trkpt lat="43.71083999052644" lon="7.301259934902191">
        <ele>219.3094089879679</ele>
      </trkpt>
      <trkpt lat="43.71062994003296" lon="7.301209978759289">
        <ele>210.88730310376675</ele>
      </trkpt>
      <trkpt lat="43.71058995835483" lon="7.301229927688837">
        <ele>208.2467922340069</ele>
      </trkpt>
      <trkpt lat="43.710469929501414" lon="7.301079975441098">
        <ele>203.52356513519476</ele>
      </trkpt>
      <trkpt lat="43.71038996614516" lon="7.30103999376297">
        <ele>199.9642909538032</ele>
      </trkpt>
      <trkpt lat="43.710379991680384" lon="7.300929939374328">
        <ele>200.41688894003417</ele>
      </trkpt>
      <trkpt lat="43.710359958931804" lon="7.3009199649095535">
        <ele>199.30172324076074</ele>
      </trkpt>
      <trkpt lat="43.71030991896987" lon="7.3009399976581335">
        <ele>196.98135682478113</ele>
      </trkpt>
      <trkpt lat="43.71025996282697" lon="7.30101996101439">
        <ele>193.75183005545375</ele>
      </trkpt>
      <trkpt lat="43.71021998114884" lon="7.300909990444779">
        <ele>192.2745195932717</ele>
      </trkpt>
      <trkpt lat="43.71019994840026" lon="7.301089949905872">
        <ele>190.14312249949418</ele>
      </trkpt>
      <trkpt lat="43.71015996672213" lon="7.3011699970811605">
        <ele>187.71422838100995</ele>
      </trkpt>
      <trkpt lat="43.71009995229542" lon="7.3011699970811605">
        <ele>185.24374488033774</ele>
      </trkpt>
      <trkpt lat="43.709929967299104" lon="7.300839917734265">
        <ele>179.49077125717338</ele>
      </trkpt>
      <trkpt lat="43.7096899934113" lon="7.300849976018071">
        <ele>178.82309687875374</ele>
      </trkpt>
      <trkpt lat="43.70963995344937" lon="7.300819968804717">
        <ele>178.1768515714033</ele>
      </trkpt>
      <trkpt lat="43.70952998287976" lon="7.300829943269491">
        <ele>177.49034057450388</ele>
      </trkpt>
      <trkpt lat="43.709479942917824" lon="7.300869924947619">
        <ele>177.24640324693</ele>
      </trkpt>
      <trkpt lat="43.709334935992956" lon="7.30103999376297">
        <ele>177.32297579876237</ele>
      </trkpt>
      <trkpt lat="43.70918992906809" lon="7.301209978759289">
        <ele>177.69245146166216</ele>
      </trkpt>
      <trkpt lat="43.70895992964506" lon="7.301399996504188">
        <ele>175.19924808904514</ele>
      </trkpt>
      <trkpt lat="43.70886999182403" lon="7.301409970968962">
        <ele>174.19551853371172</ele>
      </trkpt>
      <trkpt lat="43.708729930222034" lon="7.3015999887138605">
        <ele>174.10553416495657</ele>
      </trkpt>
      <trkpt lat="43.708559945225716" lon="7.301769973710179">
        <ele>174.0304431441646</ele>
      </trkpt>
      <trkpt lat="43.70839985087514" lon="7.301990082487464">
        <ele>174.76057688401198</ele>
      </trkpt>
      <trkpt lat="43.708239924162626" lon="7.302209939807653">
        <ele>173.85332401870602</ele>
      </trkpt>
      <trkpt lat="43.70794999413192" lon="7.302229972556233">
        <ele>165.25834485519894</ele>
      </trkpt>
      <trkpt lat="43.707739943638444" lon="7.301959991455078">
        <ele>162.46606274940405</ele>
      </trkpt>
      <trkpt lat="43.70760994032025" lon="7.301849937066436">
        <ele>164.13171768188477</ele>
      </trkpt>
      <trkpt lat="43.707410115748644" lon="7.301784977316856">
        <ele>160.84255141718833</ele>
      </trkpt>
      <trkpt lat="43.70720995590091" lon="7.301719933748245">
        <ele>159.1529345904283</ele>
      </trkpt>
      <trkpt lat="43.70706997811794" lon="7.301629995927215">
        <ele>157.05164850008677</ele>
      </trkpt>
      <trkpt lat="43.70684668421745" lon="7.301436625421047">
        <ele>154.64229156315287</ele>
      </trkpt>
      <trkpt lat="43.70662330649793" lon="7.3012433387339115">
        <ele>151.91592777249582</ele>
      </trkpt>
      <trkpt lat="43.70639992877841" lon="7.301049968227744">
        <ele>151.32887573345678</ele>
      </trkpt>
      <trkpt lat="43.70620999485254" lon="7.300799936056137">
        <ele>151.19297309549336</ele>
      </trkpt>
      <trkpt lat="43.706149980425835" lon="7.300769928842783">
        <ele>150.7444926540468</ele>
      </trkpt>
      <trkpt lat="43.70611997321248" lon="7.300779987126589">
        <ele>150.34167194874735</ele>
      </trkpt>
      <trkpt lat="43.70596993714571" lon="7.3008999321609735">
        <ele>149.77676623257202</ele>
      </trkpt>
      <trkpt lat="43.705909922719" lon="7.300799936056137">
        <ele>149.63521028905149</ele>
      </trkpt>
      <trkpt lat="43.70584479533136" lon="7.300554430112243">
        <ele>148.38259743504096</ele>
      </trkpt>
      <trkpt lat="43.70577991940081" lon="7.300309929996729">
        <ele>144.66258338124095</ele>
      </trkpt>
      <trkpt lat="43.70573993772268" lon="7.3002599738538265">
        <ele>143.93057919632963</ele>
      </trkpt>
      <trkpt lat="43.70577991940081" lon="7.300129970535636">
        <ele>142.3158277211497</ele>
      </trkpt>
      <trkpt lat="43.705939929932356" lon="7.299869963899255">
        <ele>138.3490824137416</ele>
      </trkpt>
      <trkpt lat="43.70578997768462" lon="7.300129970535636">
        <ele>142.32783057880008</ele>
      </trkpt>
      <trkpt lat="43.70573993772268" lon="7.3002599738538265">
        <ele>143.93057919632963</ele>
      </trkpt>
      <trkpt lat="43.70560993440449" lon="7.300249999389052">
        <ele>144.73004107253766</ele>
      </trkpt>
      <trkpt lat="43.70535344816744" lon="7.300113374367356">
        <ele>145.00563121239992</ele>
      </trkpt>
      <trkpt lat="43.705096961930394" lon="7.299976833164692">
        <ele>146.22951773338053</ele>
      </trkpt>
      <trkpt lat="43.704839972779155" lon="7.299839956685901">
        <ele>147.2028797174785</ele>
      </trkpt>
      <trkpt lat="43.70476998388767" lon="7.299849931150675">
        <ele>149.48679943354801</ele>
      </trkpt>
      <trkpt lat="43.70469999499619" lon="7.299879938364029">
        <ele>152.39070447860615</ele>
      </trkpt>
      <trkpt lat="43.70449665002525" lon="7.299686651676893">
        <ele>151.72699176792636</ele>
      </trkpt>
      <trkpt lat="43.70429330505431" lon="7.299493281170726">
        <ele>149.53541734278735</ele>
      </trkpt>
      <trkpt lat="43.704089960083365" lon="7.29929999448359">
        <ele>147.12533818596498</ele>
      </trkpt>
      <trkpt lat="43.70390832424164" lon="7.299143336713314">
        <ele>146.3432768076865</ele>
      </trkpt>
      <trkpt lat="43.70372668839991" lon="7.298986678943038">
        <ele>146.18810965964707</ele>
      </trkpt>
      <trkpt lat="43.70354496873915" lon="7.29882993735373">
        <ele>145.33629435670042</ele>
      </trkpt>
      <trkpt lat="43.703363332897425" lon="7.298673279583454">
        <ele>144.54610139876797</ele>
      </trkpt>
      <trkpt lat="43.7031816970557" lon="7.298516621813178">
        <ele>143.4681235967463</ele>
      </trkpt>
      <trkpt lat="43.70299997739494" lon="7.298359964042902">
        <ele>141.52789436795223</ele>
      </trkpt>
      <trkpt lat="43.702777437865734" lon="7.298159971833229">
        <ele>141.20032524062134</ele>
      </trkpt>
      <trkpt lat="43.70255498215556" lon="7.297959979623556">
        <ele>138.685632665816</ele>
      </trkpt>
      <trkpt lat="43.70233244262636" lon="7.297759987413883">
        <ele>135.99929180299415</ele>
      </trkpt>
      <trkpt lat="43.702109986916184" lon="7.29755999520421">
        <ele>132.26967920157043</ele>
      </trkpt>
      <trkpt lat="43.70188501663506" lon="7.2973900102078915">
        <ele>129.58509080111367</ele>
      </trkpt>
      <trkpt lat="43.701659962534904" lon="7.297219941392541">
        <ele>128.52639315995094</ele>
      </trkpt>
      <trkpt lat="43.70143499225378" lon="7.297050040215254">
        <ele>127.15853427230144</ele>
      </trkpt>
      <trkpt lat="43.701209938153625" lon="7.296879971399903">
        <ele>126.28721083044937</ele>
      </trkpt>
      <trkpt lat="43.7011247780174" lon="7.297105360776186">
        <ele>137.12263597404342</ele>
      </trkpt>
      <trkpt lat="43.701039953157306" lon="7.297329995781183">
        <ele>146.36586929819885</ele>
      </trkpt>
      <trkpt lat="43.70080517604947" lon="7.297280039638281">
        <ele>148.92102547406995</ele>
      </trkpt>
      <trkpt lat="43.70056997984648" lon="7.297229999676347">
        <ele>150.95366511497292</ele>
      </trkpt>
      <trkpt lat="43.70033352635801" lon="7.297203345224261">
        <ele>152.36511452285345</ele>
      </trkpt>
      <trkpt lat="43.70009715668857" lon="7.297176690772176">
        <ele>151.82707551065943</ele>
      </trkpt>
      <trkpt lat="43.699859948828816" lon="7.297149952501059">
        <ele>150.54313147423886</ele>
      </trkpt>
      <trkpt lat="43.69966993108392" lon="7.2973349411040545">
        <ele>157.63384280584467</ele>
      </trkpt>
      <trkpt lat="43.69947999715805" lon="7.29751992970705">
        <ele>166.09217522811284</ele>
      </trkpt>
      <trkpt lat="43.699359968304634" lon="7.297379951924086">
        <ele>161.9799072831951</ele>
      </trkpt>
      <trkpt lat="43.69911999441683" lon="7.297329995781183">
        <ele>159.93865181575111</ele>
      </trkpt>
      <trkpt lat="43.69893995113671" lon="7.297449940815568">
        <ele>164.3124797218982</ele>
      </trkpt>
      <trkpt lat="43.69880994781852" lon="7.297499980777502">
        <ele>166.7520030800734</ele>
      </trkpt>
      <trkpt lat="43.69870995171368" lon="7.297499980777502">
        <ele>167.02468811707493</ele>
      </trkpt>
      <trkpt lat="43.69855999946594" lon="7.29742999188602">
        <ele>164.28136365452025</ele>
      </trkpt>
      <trkpt lat="43.698349948972464" lon="7.29740995913744">
        <ele>163.94764408201206</ele>
      </trkpt>
      <trkpt lat="43.6982599273324" lon="7.297439966350794">
        <ele>165.54765866340628</ele>
      </trkpt>
      <trkpt lat="43.69822992011905" lon="7.297479948028922">
        <ele>167.57221433423692</ele>
      </trkpt>
      <trkpt lat="43.69803017936647" lon="7.297484977170825">
        <ele>170.26981760124457</ele>
      </trkpt>
      <trkpt lat="43.6978299356997" lon="7.297489922493696">
        <ele>173.39800389930053</ele>
      </trkpt>
      <trkpt lat="43.697590213268995" lon="7.2975449077785015">
        <ele>178.89241007907705</ele>
      </trkpt>
      <trkpt lat="43.6973499879241" lon="7.2975999768823385">
        <ele>181.99697482091855</ele>
      </trkpt>
      <trkpt lat="43.69715519249439" lon="7.297590002417564">
        <ele>183.33456235610396</ele>
      </trkpt>
      <trkpt lat="43.69695997796953" lon="7.2975799441337585">
        <ele>187.58339015009665</ele>
      </trkpt>
      <trkpt lat="43.69680994190276" lon="7.297529987990856">
        <ele>188.7992216473432</ele>
      </trkpt>
      <trkpt lat="43.696759985759854" lon="7.29755999520421">
        <ele>189.23078328887627</ele>
      </trkpt>
      <trkpt lat="43.696699971333146" lon="7.297529987990856">
        <ele>188.33688724982522</ele>
      </trkpt>
      <trkpt lat="43.696589916944504" lon="7.29755999520421">
        <ele>186.96107051048836</ele>
      </trkpt>
      <trkpt lat="43.69650995358825" lon="7.297649933025241">
        <ele>185.17742052915432</ele>
      </trkpt>
      <trkpt lat="43.696459997445345" lon="7.297549936920404">
        <ele>182.2042243734229</ele>
      </trkpt>
      <trkpt lat="43.69636997580528" lon="7.297739954665303">
        <ele>182.5134070950431</ele>
      </trkpt>
      <trkpt lat="43.696329994127154" lon="7.297689998522401">
        <ele>181.0211678990225</ele>
      </trkpt>
      <trkpt lat="43.696269979700446" lon="7.297669965773821">
        <ele>179.7960011030715</ele>
      </trkpt>
      <trkpt lat="43.69625992141664" lon="7.297619925811887">
        <ele>178.512979459414</ele>
      </trkpt>
      <trkpt lat="43.69618993252516" lon="7.2975999768823385">
        <ele>177.33867646347272</ele>
      </trkpt>
      <trkpt lat="43.69614995084703" lon="7.297549936920404">
        <ele>175.9283208133067</ele>
      </trkpt>
      <trkpt lat="43.69604995474219" lon="7.29751992970705">
        <ele>174.4236943902566</ele>
      </trkpt>
      <trkpt lat="43.69595993310213" lon="7.29751992970705">
        <ele>173.90218034747332</ele>
      </trkpt>
      <trkpt lat="43.69580998085439" lon="7.297449940815568">
        <ele>172.9771816083983</ele>
      </trkpt>
      <trkpt lat="43.69558995589614" lon="7.297489922493696">
        <ele>172.88229453547405</ele>
      </trkpt>
      <trkpt lat="43.695449978113174" lon="7.297489922493696">
        <ele>172.12313335421166</ele>
      </trkpt>
      <trkpt lat="43.69526993483305" lon="7.297399984672666">
        <ele>169.3174433777035</ele>
      </trkpt>
      <trkpt lat="43.69513993151486" lon="7.297399984672666">
        <ele>169.34269127328926</ele>
      </trkpt>
      <trkpt lat="43.69485997594893" lon="7.297439966350794">
        <ele>166.02301076300444</ele>
      </trkpt>
      <trkpt lat="43.69467004202306" lon="7.297569885849953">
        <ele>167.38754251573198</ele>
      </trkpt>
      <trkpt lat="43.69447994045913" lon="7.297699972987175">
        <ele>171.40693968757668</ele>
      </trkpt>
      <trkpt lat="43.69422999210656" lon="7.297884877771139">
        <ele>172.42708538360816</ele>
      </trkpt>
      <trkpt lat="43.69397995993495" lon="7.298069950193167">
        <ele>172.63096326089783</ele>
      </trkpt>
      <trkpt lat="43.69380997493863" lon="7.298189979046583">
        <ele>171.4467535507212</ele>
      </trkpt>
      <trkpt lat="43.693640073761344" lon="7.298254938796163">
        <ele>169.42414675582458</ele>
      </trkpt>
      <trkpt lat="43.69346992112696" lon="7.298319982364774">
        <ele>167.89634861962094</ele>
      </trkpt>
      <trkpt lat="43.693280071020126" lon="7.298424923792481">
        <ele>166.65477475199756</ele>
      </trkpt>
      <trkpt lat="43.693089969456196" lon="7.298529949039221">
        <ele>165.03927861633892</ele>
      </trkpt>
      <trkpt lat="43.693129951134324" lon="7.29839994572103">
        <ele>164.82796604494195</ele>
      </trkpt>
      <trkpt lat="43.69309994392097" lon="7.298249993473291">
        <ele>162.21048694302647</ele>
      </trkpt>
      <trkpt lat="43.69292995892465" lon="7.298329956829548">
        <ele>161.25883124899835</ele>
      </trkpt>
      <trkpt lat="43.69266014546156" lon="7.298429869115353">
        <ele>157.72435887266937</ele>
      </trkpt>
      <trkpt lat="43.69238999672234" lon="7.298529949039221">
        <ele>152.66172656339862</ele>
      </trkpt>
      <trkpt lat="43.69212999008596" lon="7.298599937930703">
        <ele>147.78247126106223</ele>
      </trkpt>
      <trkpt lat="43.692119931802154" lon="7.298910738900304">
        <ele>151.55343244787773</ele>
      </trkpt>
      <trkpt lat="43.69210987351835" lon="7.299221456050873">
        <ele>153.50248759537135</ele>
      </trkpt>
      <trkpt lat="43.692099982872605" lon="7.299529993906617">
        <ele>156.11840803548142</ele>
      </trkpt>
      <trkpt lat="43.69187015108764" lon="7.29948665946722">
        <ele>152.9897929686408</ele>
      </trkpt>
      <trkpt lat="43.69164040312171" lon="7.299443408846855">
        <ele>150.62312178243522</ele>
      </trkpt>
      <trkpt lat="43.691409984603524" lon="7.299399990588427">
        <ele>148.88126609570213</ele>
      </trkpt>
      <trkpt lat="43.69130998849869" lon="7.2993499506264925">
        <ele>147.74697531473808</ele>
      </trkpt>
      <trkpt lat="43.69142507202923" lon="7.29913973249495">
        <ele>143.45253938515174</ele>
      </trkpt>
      <trkpt lat="43.691539987921715" lon="7.298929933458567">
        <ele>140.37398471200007</ele>
      </trkpt>
      <trkpt lat="43.691239999607205" lon="7.2988999262452126">
        <ele>137.5613773463685</ele>
      </trkpt>
      <trkpt lat="43.69111997075379" lon="7.2988699190318584">
        <ele>136.4127509097337</ele>
      </trkpt>
      <trkpt lat="43.69087999686599" lon="7.298769922927022">
        <ele>133.13115491506198</ele>
      </trkpt>
      <trkpt lat="43.69062518700957" lon="7.298734970390797">
        <ele>132.27070060163155</ele>
      </trkpt>
      <trkpt lat="43.690369958058" lon="7.29869993403554">
        <ele>132.17656733146217</ele>
      </trkpt>
      <trkpt lat="43.690254874527454" lon="7.298539839684963">
        <ele>127.84708763590339</ele>
      </trkpt>
      <trkpt lat="43.69013995863497" lon="7.298379996791482">
        <ele>123.55886498420583</ele>
      </trkpt>
      <trkpt lat="43.6899899225682" lon="7.298219986259937">
        <ele>119.11949589442511</ele>
      </trkpt>
      <trkpt lat="43.689759923145175" lon="7.298139939084649">
        <ele>115.516013825866</ele>
      </trkpt>
      <trkpt lat="43.689479967579246" lon="7.298069950193167">
        <ele>109.93135585537487</ele>
      </trkpt>
      <trkpt lat="43.689329931512475" lon="7.298139939084649">
        <ele>109.18280132596412</ele>
      </trkpt>
      <trkpt lat="43.68907017633319" lon="7.298214873299003">
        <ele>105.02496885456557</ele>
      </trkpt>
      <trkpt lat="43.68880991823971" lon="7.29828997515142">
        <ele>101.4404410324451</ele>
      </trkpt>
      <trkpt lat="43.68871998041868" lon="7.2982599679380655">
        <ele>98.61989423889622</ele>
      </trkpt>
      <trkpt lat="43.68886004202068" lon="7.298064837232232">
        <ele>96.67872550451692</ele>
      </trkpt>
      <trkpt lat="43.68899993598461" lon="7.297869957983494">
        <ele>95.70030548780707</ele>
      </trkpt>
      <trkpt lat="43.68917495012283" lon="7.297699972987175">
        <ele>95.08699313968887</ele>
      </trkpt>
      <trkpt lat="43.689349964261055" lon="7.297529987990856">
        <ele>94.17764556281817</ele>
      </trkpt>
      <trkpt lat="43.68948499672115" lon="7.29738992638886">
        <ele>92.3329699453975</ele>
      </trkpt>
      <trkpt lat="43.68961994536221" lon="7.297249948605895">
        <ele>91.80650575676921</ele>
      </trkpt>
      <trkpt lat="43.68972999975085" lon="7.297079963609576">
        <ele>90.33663911323487</ele>
      </trkpt>
      <trkpt lat="43.68978993035853" lon="7.296849964186549">
        <ele>88.21777827369961</ele>
      </trkpt>
      <trkpt lat="43.689799988642335" lon="7.296719960868359">
        <ele>86.88727480431425</ele>
      </trkpt>
      <trkpt lat="43.68974986486137" lon="7.296319054439664">
        <ele>83.07964133707353</ele>
      </trkpt>
      <trkpt lat="43.6896999925375" lon="7.295919992029667">
        <ele>80.70913622520737</ele>
      </trkpt>
      <trkpt lat="43.689535120502114" lon="7.295954944565892">
        <ele>80.24981366845688</ele>
      </trkpt>
      <trkpt lat="43.689369997009635" lon="7.295989980921149">
        <ele>79.64797469636123</ele>
      </trkpt>
      <trkpt lat="43.689153492450714" lon="7.296069860458374">
        <ele>78.59377951801514</ele>
      </trkpt>
      <trkpt lat="43.68893698789179" lon="7.2961498238146305">
        <ele>77.61908210301866</ele>
      </trkpt>
      <trkpt lat="43.68871998041868" lon="7.29622995480895">
        <ele>76.58401608591876</ele>
      </trkpt>
      <trkpt lat="43.68846676312387" lon="7.296383175998926">
        <ele>72.0127393017344</ele>
      </trkpt>
      <trkpt lat="43.68821354582906" lon="7.296536481007934">
        <ele>69.89069282172268</ele>
      </trkpt>
      <trkpt lat="43.68795999325812" lon="7.2966899536550045">
        <ele>67.48638907359043</ele>
      </trkpt>
      <trkpt lat="43.687889920547605" lon="7.29667997919023">
        <ele>66.58537486647481</ele>
      </trkpt>
      <trkpt lat="43.687970135360956" lon="7.296349229291081">
        <ele>67.48820436943463</ele>
      </trkpt>
      <trkpt lat="43.68804993107915" lon="7.296019988134503">
        <ele>67.69002546155178</ele>
      </trkpt>
      <trkpt lat="43.688149927183986" lon="7.295839944854379">
        <ele>68.1795504235256</ele>
      </trkpt>
      <trkpt lat="43.68804993107915" lon="7.296019988134503">
        <ele>67.69002546155178</ele>
      </trkpt>
      <trkpt lat="43.688019923865795" lon="7.296129958704114">
        <ele>67.58415645790033</ele>
      </trkpt>
      <trkpt lat="43.68780995719135" lon="7.2960299625992775">
        <ele>64.76296746094783</ele>
      </trkpt>
      <trkpt lat="43.68771473877132" lon="7.2964107524603605">
        <ele>62.62365470724078</ele>
      </trkpt>
      <trkpt lat="43.68761993944645" lon="7.296789949759841">
        <ele>59.73978851853118</ele>
      </trkpt>
      <trkpt lat="43.6875999905169" lon="7.296809982508421">
        <ele>59.41654247212298</ele>
      </trkpt>
      <trkpt lat="43.68737996555865" lon="7.296719960868359">
        <ele>57.668016405400294</ele>
      </trkpt>
      <trkpt lat="43.68731995113194" lon="7.296739993616939">
        <ele>55.590587350759606</ele>
      </trkpt>
      <trkpt lat="43.68726999498904" lon="7.296809982508421">
        <ele>53.028747259373105</ele>
      </trkpt>
      <trkpt lat="43.68714996613562" lon="7.296819956973195">
        <ele>45.463587243625994</ele>
      </trkpt>
      <trkpt lat="43.68713999167085" lon="7.296799924224615">
        <ele>44.80560476654806</ele>
      </trkpt>
      <trkpt lat="43.687029937282205" lon="7.296859938651323">
        <ele>37.042801615360844</ele>
      </trkpt>
      <trkpt lat="43.686989955604076" lon="7.296699928119779">
        <ele>35.04300148554997</ele>
      </trkpt>
      <trkpt lat="43.68690999224782" lon="7.296579983085394">
        <ele>30.763506660733874</ele>
      </trkpt>
      <trkpt lat="43.686879985034466" lon="7.296449979767203">
        <ele>31.344294969096346</ele>
      </trkpt>
      <trkpt lat="43.68676993064582" lon="7.296519968658686">
        <ele>20.9443002555606</ele>
      </trkpt>
      <trkpt lat="43.68660992011428" lon="7.296670004725456">
        <ele>8.073999295536694</ele>
      </trkpt>
      <trkpt lat="43.686449993401766" lon="7.296819956973195">
        <ele>1.2332737539407557</ele>
      </trkpt>
      <trkpt lat="43.68632996454835" lon="7.296429947018623">
        <ele>1.2016846508045376</ele>
      </trkpt>
      <trkpt lat="43.686299957334995" lon="7.296409998089075">
        <ele>0.8836793625308408</ele>
      </trkpt>
      <trkpt lat="43.68622996844351" lon="7.296269936487079">
        <ele>1.1674614288612362</ele>
      </trkpt>
      <trkpt lat="43.686059983447194" lon="7.296179998666048">
        <ele>0.608795360317334</ele>
      </trkpt>
      <trkpt lat="43.685999969020486" lon="7.296019988134503">
        <ele>1.7525472389602945</ele>
      </trkpt>
      <trkpt lat="43.685929980129" lon="7.2960099298506975">
        <ele>1.1708915936553403</ele>
      </trkpt>
      <trkpt lat="43.68587994016707" lon="7.295949999243021">
        <ele>1.1208480697089858</ele>
      </trkpt>
      <trkpt lat="43.685869965702295" lon="7.295919992029667">
        <ele>0.8853227802248362</ele>
      </trkpt>
      <trkpt lat="43.68587994016707" lon="7.295949999243021">
        <ele>1.1208480697089858</ele>
      </trkpt>
      <trkpt lat="43.685869965702295" lon="7.295849919319153">
        <ele>0.6571158583453212</ele>
      </trkpt>
      <trkpt lat="43.68596996180713" lon="7.295699967071414">
        <ele>3.410359450692873</ele>
      </trkpt>
      <trkpt lat="43.685979936271906" lon="7.295589996501803">
        <ele>2.9091022403615505</ele>
      </trkpt>
      <trkpt lat="43.68590994738042" lon="7.295519923791289">
        <ele>3.3511080183028414</ele>
      </trkpt>
      <trkpt lat="43.68589997291565" lon="7.295459993183613">
        <ele>4.825112796899222</ele>
      </trkpt>
      <trkpt lat="43.68590994738042" lon="7.295389920473099">
        <ele>4.983719436422721</ele>
      </trkpt>
      <trkpt lat="43.68593995459378" lon="7.295329989865422">
        <ele>5.00874861839946</ele>
      </trkpt>
      <trkpt lat="43.68617992848158" lon="7.295129997655749">
        <ele>8.38818084476611</ele>
      </trkpt>
      <trkpt lat="43.68623994290829" lon="7.2951199393719435">
        <ele>11.173256297284482</ele>
      </trkpt>
      <trkpt lat="43.68628998287022" lon="7.294999994337559">
        <ele>7.545904650798711</ele>
      </trkpt>
      <trkpt lat="43.68634999729693" lon="7.2949399799108505">
        <ele>7.274786329516559</ele>
      </trkpt>
      <trkpt lat="43.68637992069125" lon="7.294859932735562">
        <ele>2.360823607075872</ele>
      </trkpt>
      <trkpt lat="43.68641998618841" lon="7.294839983806014">
        <ele>4.534416423961375</ele>
      </trkpt>
      <trkpt lat="43.68641998618841" lon="7.294759936630726">
        <ele>4.534416423961375</ele>
      </trkpt>
      <trkpt lat="43.68634999729693" lon="7.294699922204018">
        <ele>1.6969808498197096</ele>
      </trkpt>
      <trkpt lat="43.68632996454835" lon="7.294629933312535">
        <ele>1.5237600604857597</ele>
      </trkpt>
      <trkpt lat="43.68637992069125" lon="7.29435995221138">
        <ele>1.6680756405294872</ele>
      </trkpt>
      <trkpt lat="43.6865000333637" lon="7.294169766828418">
        <ele>3.901684854677711</ele>
      </trkpt>
      <trkpt lat="43.686619978398085" lon="7.293979916721582">
        <ele>4.7519832512030264</ele>
      </trkpt>
      <trkpt lat="43.68669994175434" lon="7.29394999332726">
        <ele>6.230002803128874</ele>
      </trkpt>
      <trkpt lat="43.686729948967695" lon="7.293899953365326">
        <ele>4.691773766542184</ele>
      </trkpt>
      <trkpt lat="43.686859952285886" lon="7.293919986113906">
        <ele>7.20953494253826</ele>
      </trkpt>
      <trkpt lat="43.686989955604076" lon="7.293889978900552">
        <ele>7.41239164510851</ele>
      </trkpt>
      <trkpt lat="43.68705994449556" lon="7.293839938938618">
        <ele>6.050679657305798</ele>
      </trkpt>
      <trkpt lat="43.68713999167085" lon="7.293859971687198">
        <ele>7.625950409610635</ele>
      </trkpt>
      <trkpt lat="43.68722992949188" lon="7.2938499972224236">
        <ele>7.8078824298902205</ele>
      </trkpt>
      <trkpt lat="43.687409972772" lon="7.29394999332726">
        <ele>12.120494338927763</ele>
      </trkpt>
      <trkpt lat="43.687459928914905" lon="7.293939935043454">
        <ele>10.826046122165803</ele>
      </trkpt>
      <trkpt lat="43.68753997609019" lon="7.2938499972224236">
        <ele>6.207221288493807</ele>
      </trkpt>
      <trkpt lat="43.68755992501974" lon="7.2938499972224236">
        <ele>6.520487936173879</ele>
      </trkpt>
      <trkpt lat="43.687629997730255" lon="7.293989975005388">
        <ele>14.317567533213193</ele>
      </trkpt>
      <trkpt lat="43.687826469540596" lon="7.29409659281373">
        <ele>17.611214073397782</ele>
      </trkpt>
      <trkpt lat="43.68802302516997" lon="7.2942031268030405">
        <ele>19.123171403323052</ele>
      </trkpt>
      <trkpt lat="43.6882199998945" lon="7.294309996068478">
        <ele>18.7841703658946</ele>
      </trkpt>
      <trkpt lat="43.68819996714592" lon="7.294409992173314">
        <ele>25.152264463021766</ele>
      </trkpt>
      <trkpt lat="43.688209941610694" lon="7.294419966638088">
        <ele>25.683436329444504</ele>
      </trkpt>
      <trkpt lat="43.68819996714592" lon="7.294499929994345">
        <ele>32.27311822880165</ele>
      </trkpt>
      <trkpt lat="43.68841974064708" lon="7.294549886137247">
        <ele>32.9388809070362</ele>
      </trkpt>
      <trkpt lat="43.688639514148235" lon="7.2945998422801495">
        <ele>31.065946043251337</ele>
      </trkpt>
      <trkpt lat="43.68885995820165" lon="7.294649966061115">
        <ele>23.908071140407735</ele>
      </trkpt>
      <trkpt lat="43.68914301507175" lon="7.294643260538578">
        <ele>19.73351702622768</ele>
      </trkpt>
      <trkpt lat="43.68942598812282" lon="7.2946366388350725">
        <ele>19.126505966258456</ele>
      </trkpt>
      <trkpt lat="43.68970996700227" lon="7.294629933312535">
        <ele>18.276666069679486</ele>
      </trkpt>
      <trkpt lat="43.68980996310711" lon="7.294609984382987">
        <ele>17.15701858964362</ele>
      </trkpt>
      <trkpt lat="43.68986997753382" lon="7.294549969956279">
        <ele>14.97532018204539</ele>
      </trkpt>
      <trkpt lat="43.69002512656152" lon="7.294259620830417">
        <ele>11.790553438318899</ele>
      </trkpt>
      <trkpt lat="43.6901799403131" lon="7.293969942256808">
        <ele>10.835821079107866</ele>
      </trkpt>
      <trkpt lat="43.690319918096066" lon="7.293899953365326">
        <ele>11.751802146140875</ele>
      </trkpt>
      <trkpt lat="43.69048981927335" lon="7.293880004435778">
        <ele>12.027404181580767</ele>
      </trkpt>
      <trkpt lat="43.690659971907735" lon="7.293859971687198">
        <ele>12.33763249784073</ele>
      </trkpt>
      <trkpt lat="43.69075996801257" lon="7.293819990009069">
        <ele>12.274237591175062</ele>
      </trkpt>
      <trkpt lat="43.69086993858218" lon="7.293679928407073">
        <ele>10.466621705953571</ele>
      </trkpt>
      <trkpt lat="43.691040175035596" lon="7.293334510177374">
        <ele>8.053339604693896</ele>
      </trkpt>
      <trkpt lat="43.69120999239385" lon="7.292989930137992">
        <ele>8.56820097742603</ele>
      </trkpt>
      <trkpt lat="43.69132515974343" lon="7.292684409767389">
        <ele>7.960761294675709</ele>
      </trkpt>
      <trkpt lat="43.69143999181688" lon="7.292379979044199">
        <ele>6.797849458347787</ele>
      </trkpt>
      <trkpt lat="43.691519955173135" lon="7.292099939659238">
        <ele>5.886080987145197</ele>
      </trkpt>
      <trkpt lat="43.69161995127797" lon="7.291719987988472">
        <ele>5.645593608332241</ele>
      </trkpt>
      <trkpt lat="43.6916599329561" lon="7.29162996634841">
        <ele>6.953557401478731</ele>
      </trkpt>
      <trkpt lat="43.69174995459616" lon="7.291469955816865">
        <ele>8.639789154679821</ele>
      </trkpt>
      <trkpt lat="43.69196008890867" lon="7.291209865361452">
        <ele>9.053387485168514</ele>
      </trkpt>
      <trkpt lat="43.69216997176409" lon="7.290949942544103">
        <ele>8.373602905285459</ele>
      </trkpt>
      <trkpt lat="43.69231992401183" lon="7.290829997509718">
        <ele>9.455141835312677</ele>
      </trkpt>
      <trkpt lat="43.69241011328995" lon="7.29102018289268">
        <ele>11.011306621470357</ele>
      </trkpt>
      <trkpt lat="43.69249996729195" lon="7.291209949180484">
        <ele>13.351150486306153</ele>
      </trkpt>
      <trkpt lat="43.69260004721582" lon="7.291405163705349">
        <ele>16.437394009356854</ele>
      </trkpt>
      <trkpt lat="43.692699959501624" lon="7.2915999591350555">
        <ele>19.12117937336835</ele>
      </trkpt>
      <trkpt lat="43.69291998445988" lon="7.291849991306663">
        <ele>23.241524941153262</ele>
      </trkpt>
      <trkpt lat="43.69298997335136" lon="7.291899947449565">
        <ele>23.35736471167632</ele>
      </trkpt>
      <trkpt lat="43.69317999109626" lon="7.291939929127693">
        <ele>22.159850445724555</ele>
      </trkpt>
      <trkpt lat="43.69326992891729" lon="7.291939929127693">
        <ele>21.575675741445608</ele>
      </trkpt>
      <trkpt lat="43.693369925022125" lon="7.291899947449565">
        <ele>20.68193136117915</ele>
      </trkpt>
      <trkpt lat="43.693629931658506" lon="7.29173993691802">
        <ele>18.494068289126407</ele>
      </trkpt>
      <trkpt lat="43.69391977787018" lon="7.29158503934741">
        <ele>18.59671985876524</ele>
      </trkpt>
      <trkpt lat="43.69420995935798" lon="7.291429974138737">
        <ele>18.30991366107964</ele>
      </trkpt>
      <trkpt lat="43.69428992271423" lon="7.2913699597120285">
        <ele>18.560780589320593</ele>
      </trkpt>
      <trkpt lat="43.69444993324578" lon="7.291159993037581">
        <ele>18.50606637211473</ele>
      </trkpt>
      <trkpt lat="43.6946199182421" lon="7.290849946439266">
        <ele>17.678209469538608</ele>
      </trkpt>
      <trkpt lat="43.694699965417385" lon="7.290579965338111">
        <ele>17.17673179177372</ele>
      </trkpt>
      <trkpt lat="43.694780096411705" lon="7.290245946496725">
        <ele>17.93499759272425</ele>
      </trkpt>
      <trkpt lat="43.69486031122506" lon="7.289911927655339">
        <ele>20.355298639067698</ele>
      </trkpt>
      <trkpt lat="43.694939939305186" lon="7.289579920470715">
        <ele>21.029669289359386</ele>
      </trkpt>
      <trkpt lat="43.69498503394425" lon="7.289324356243014">
        <ele>20.98039255907608</ele>
      </trkpt>
      <trkpt lat="43.69502996094525" lon="7.289069965481758">
        <ele>21.139885195201625</ele>
      </trkpt>
      <trkpt lat="43.69504999369383" lon="7.288849940523505">
        <ele>20.72867164358692</ele>
      </trkpt>
      <trkpt lat="43.69508997537196" lon="7.288769977167249">
        <ele>21.132288241127565</ele>
      </trkpt>
      <trkpt lat="43.69509994983673" lon="7.288679955527186">
        <ele>20.596706565189614</ele>
      </trkpt>
      <trkpt lat="43.6951601319015" lon="7.288294052705169">
        <ele>18.76263908194904</ele>
      </trkpt>
      <trkpt lat="43.69521997869015" lon="7.287909993901849">
        <ele>17.558850137417135</ele>
      </trkpt>
      <trkpt lat="43.69517999701202" lon="7.287759957835078">
        <ele>17.083964043034037</ele>
      </trkpt>
      <trkpt lat="43.695109924301505" lon="7.287639928981662">
        <ele>16.142788750374123</ele>
      </trkpt>
      <trkpt lat="43.6950599681586" lon="7.287419987842441">
        <ele>14.845536805435476</ele>
      </trkpt>
      <trkpt lat="43.6950599681586" lon="7.287049926817417">
        <ele>12.85930862058998</ele>
      </trkpt>
      <trkpt lat="43.694999953731894" lon="7.2867299895733595">
        <ele>10.203640819097284</ele>
      </trkpt>
      <trkpt lat="43.694979920983315" lon="7.286489931866527">
        <ele>7.224997932580609</ele>
      </trkpt>
      <trkpt lat="43.695019986480474" lon="7.286129929125309">
        <ele>4.381864241625426</ele>
      </trkpt>
      <trkpt lat="43.69498997926712" lon="7.286079972982407">
        <ele>3.4633802070140973</ele>
      </trkpt>
      <trkpt lat="43.695019986480474" lon="7.2857999335974455">
        <ele>2.1746816323903633</ele>
      </trkpt>
      <trkpt lat="43.69504999369383" lon="7.285759951919317">
        <ele>2.1783151066434723</ele>
      </trkpt>
      <trkpt lat="43.695281418040395" lon="7.2857999335974455">
        <ele>3.3284317172713145</ele>
      </trkpt>
      <trkpt lat="43.69551284238696" lon="7.285839915275574">
        <ele>3.186265410780962</ele>
      </trkpt>
      <trkpt lat="43.69574493728578" lon="7.285879980772734">
        <ele>3.465293177419422</ele>
      </trkpt>
      <trkpt lat="43.69597636163235" lon="7.28591987863183">
        <ele>3.1363969965560003</ele>
      </trkpt>
      <trkpt lat="43.69620778597891" lon="7.2859598603099585">
        <ele>2.6424561304364262</ele>
      </trkpt>
      <trkpt lat="43.696439964696765" lon="7.285999925807118">
        <ele>2.8702770641320967</ele>
      </trkpt>
      <trkpt lat="43.6965848878026" lon="7.286094892770052">
        <ele>3.572618418666865</ele>
      </trkpt>
      <trkpt lat="43.6967299785465" lon="7.286189943552017">
        <ele>3.56931405968146</ele>
      </trkpt>
      <trkpt lat="43.69676996022463" lon="7.28595994412899">
        <ele>2.1908689801040975</ele>
      </trkpt>
      <trkpt lat="43.69693483226001" lon="7.286019874736667">
        <ele>2.3647673370350235</ele>
      </trkpt>
      <trkpt lat="43.69709995575249" lon="7.286079972982407">
        <ele>2.6280119610648143</ele>
      </trkpt>
      <trkpt lat="43.69732718914747" lon="7.286117440089583">
        <ele>3.0221936796503153</ele>
      </trkpt>
      <trkpt lat="43.69755492545664" lon="7.286154991015792">
        <ele>3.3360467495616817</ele>
      </trkpt>
      <trkpt lat="43.697782242670655" lon="7.286192458122969">
        <ele>3.4465548016380723</ele>
      </trkpt>
      <trkpt lat="43.698009978979826" lon="7.2862299252301455">
        <ele>3.7988066604811634</ele>
      </trkpt>
      <trkpt lat="43.698049960657954" lon="7.286219950765371">
        <ele>3.5408402543723163</ele>
      </trkpt>
      <trkpt lat="43.69809991680086" lon="7.286129929125309">
        <ele>2.132145355908005</ele>
      </trkpt>
      <trkpt lat="43.69812833145261" lon="7.285795826464891">
        <ele>1.479008562750252</ele>
      </trkpt>
      <trkpt lat="43.69815674610436" lon="7.285461723804474">
        <ele>1.5997685481503936</ele>
      </trkpt>
      <trkpt lat="43.69818499311805" lon="7.285129968076944">
        <ele>1.271338847008729</ele>
      </trkpt>
      <trkpt lat="43.69821332395077" lon="7.284795865416527">
        <ele>1.1074349993017698</ele>
      </trkpt>
      <trkpt lat="43.69824173860252" lon="7.2844616789370775">
        <ele>1.3334837378042557</ele>
      </trkpt>
      <trkpt lat="43.69826998561621" lon="7.284129923209548">
        <ele>1.725513734548989</ele>
      </trkpt>
      <trkpt lat="43.6982599273324" lon="7.284039985388517">
        <ele>1.903264365410589</ele>
      </trkpt>
      <trkpt lat="43.6982099711895" lon="7.283979970961809">
        <ele>1.999085660164594</ele>
      </trkpt>
      <trkpt lat="43.697910234332085" lon="7.283924985677004">
        <ele>2.4986521035182916</ele>
      </trkpt>
      <trkpt lat="43.69760999456048" lon="7.283869916573167">
        <ele>2.360903304342685</ele>
      </trkpt>
      <trkpt lat="43.697310257703066" lon="7.283815015107393">
        <ele>2.4854824810945884</ele>
      </trkpt>
      <trkpt lat="43.69700993411243" lon="7.283759946003556">
        <ele>3.216416219914936</ele>
      </trkpt>
      <trkpt lat="43.69690993800759" lon="7.2838199604302645">
        <ele>3.1736611011635687</ele>
      </trkpt>
      <trkpt lat="43.69668354280293" lon="7.283783331513405">
        <ele>3.484030803473928</ele>
      </trkpt>
      <trkpt lat="43.696457063779235" lon="7.283746702596545">
        <ele>3.4804817754996002</ele>
      </trkpt>
      <trkpt lat="43.69622999802232" lon="7.283709989860654">
        <ele>3.252742582392761</ele>
      </trkpt>
      <trkpt lat="43.69609999470413" lon="7.2836199682205915">
        <ele>2.7401572917286527</ele>
      </trkpt>
      <trkpt lat="43.69586521759629" lon="7.283575041219592">
        <ele>2.2435951280864543</ele>
      </trkpt>
      <trkpt lat="43.69562993757427" lon="7.283529946580529">
        <ele>3.2592644398054276</ele>
      </trkpt>
      <trkpt lat="43.69556992314756" lon="7.283409917727113">
        <ele>3.793591281534308</ele>
      </trkpt>
      <trkpt lat="43.6953501496464" lon="7.283345041796565">
        <ele>3.7199295874173215</ele>
      </trkpt>
      <trkpt lat="43.695129957050085" lon="7.283279998227954">
        <ele>3.4237525988497612</ele>
      </trkpt>
      <trkpt lat="43.69490012526512" lon="7.283197520300746">
        <ele>3.1647294805715127</ele>
      </trkpt>
      <trkpt lat="43.69466995820403" lon="7.283114958554506">
        <ele>3.182193620482721</ele>
      </trkpt>
      <trkpt lat="43.69444012641907" lon="7.28303256444633">
        <ele>3.459895798273764</ele>
      </trkpt>
      <trkpt lat="43.69420995935798" lon="7.282949918881059">
        <ele>4.258695996073053</ele>
      </trkpt>
      <trkpt lat="43.69420995935798" lon="7.282919995486736">
        <ele>4.628269794666885</ele>
      </trkpt>
      <trkpt lat="43.694079956039786" lon="7.282829973846674">
        <ele>5.949014262722496</ele>
      </trkpt>
      <trkpt lat="43.69393997825682" lon="7.282659988850355">
        <ele>8.25884761255102</ele>
      </trkpt>
      <trkpt lat="43.69382984004915" lon="7.282499810680747">
        <ele>8.852496220092362</ele>
      </trkpt>
      <trkpt lat="43.69371995329857" lon="7.282339967787266">
        <ele>9.491314725891787</ele>
      </trkpt>
      <trkpt lat="43.69373998604715" lon="7.282319935038686">
        <ele>9.617019990525758</ele>
      </trkpt>
      <trkpt lat="43.69353479705751" lon="7.282019695267081">
        <ele>10.525906346797456</ele>
      </trkpt>
      <trkpt lat="43.693329943344" lon="7.281719958409667">
        <ele>11.34957185473304</ele>
      </trkpt>
      <trkpt lat="43.693239921703935" lon="7.281549973413348">
        <ele>9.905548427389204</ele>
      </trkpt>
      <trkpt lat="43.6931399255991" lon="7.2811399307101965">
        <ele>11.514508043309363</ele>
      </trkpt>
      <trkpt lat="43.693129951134324" lon="7.281029960140586">
        <ele>12.716333336670145</ele>
      </trkpt>
      <trkpt lat="43.693149983882904" lon="7.280779927968979">
        <ele>11.994081177394719</ele>
      </trkpt>
      <trkpt lat="43.69325517676771" lon="7.28046434931457">
        <ele>13.18736154045175</ele>
      </trkpt>
      <trkpt lat="43.69335995055735" lon="7.280149944126606">
        <ele>13.126619224695105</ele>
      </trkpt>
      <trkpt lat="43.693465143442154" lon="7.2798343654721975">
        <ele>13.244574865798878</ele>
      </trkpt>
      <trkpt lat="43.6935699172318" lon="7.279519960284233">
        <ele>13.387984510679388</ele>
      </trkpt>
      <trkpt lat="43.693629931658506" lon="7.279279986396432">
        <ele>13.416059421855637</ele>
      </trkpt>
      <trkpt lat="43.693669997155666" lon="7.279199939221144">
        <ele>13.739903255943634</ele>
      </trkpt>
      <trkpt lat="43.6937599349767" lon="7.279149983078241">
        <ele>13.697882765018182</ele>
      </trkpt>
      <trkpt lat="43.694029999896884" lon="7.279109917581081">
        <ele>13.701210684762984</ele>
      </trkpt>
      <trkpt lat="43.69423996657133" lon="7.279019979760051">
        <ele>12.879227447455527</ele>
      </trkpt>
      <trkpt lat="43.694379944354296" lon="7.278839936479926">
        <ele>11.000491047628683</ele>
      </trkpt>
      <trkpt lat="43.69449502788484" lon="7.27865980938077">
        <ele>10.070788979193718</ele>
      </trkpt>
      <trkpt lat="43.69460994377732" lon="7.2784799337387085">
        <ele>9.646734303627511</ele>
      </trkpt>
      <trkpt lat="43.69474992156029" lon="7.278119930997491">
        <ele>8.897029321427748</ele>
      </trkpt>
      <trkpt lat="43.694809935986996" lon="7.277799993753433">
        <ele>8.413737017840731</ele>
      </trkpt>
      <trkpt lat="43.69484673254192" lon="7.277509309351444">
        <ele>7.676682063410141</ele>
      </trkpt>
      <trkpt lat="43.69488344527781" lon="7.277218624949455">
        <ele>7.004198573418488</ele>
      </trkpt>
      <trkpt lat="43.69491999037564" lon="7.2769299522042274">
        <ele>6.68052875544397</ele>
      </trkpt>
      <trkpt lat="43.6949600558728" lon="7.276585791260004">
        <ele>6.268847151242717</ele>
      </trkpt>
      <trkpt lat="43.69500012136996" lon="7.276241714134812">
        <ele>5.63173722045806</ele>
      </trkpt>
      <trkpt lat="43.69503993541002" lon="7.275899983942509">
        <ele>5.594819680617247</ele>
      </trkpt>
      <trkpt lat="43.69507002644241" lon="7.2755457647144794">
        <ele>5.743905780509522</ele>
      </trkpt>
      <trkpt lat="43.695100117474794" lon="7.275191629305482">
        <ele>5.765607031411365</ele>
      </trkpt>
      <trkpt lat="43.695129957050085" lon="7.274839924648404">
        <ele>5.78724598544513</ele>
      </trkpt>
      <trkpt lat="43.695149989798665" lon="7.2744339890778065">
        <ele>5.731015203696904</ele>
      </trkpt>
      <trkpt lat="43.69516993872821" lon="7.274029981344938">
        <ele>5.7469723981882685</ele>
      </trkpt>
      <trkpt lat="43.69516490958631" lon="7.273700824007392">
        <ele>5.94147210079969</ele>
      </trkpt>
      <trkpt lat="43.69515996426344" lon="7.273371666669846">
        <ele>6.076736304192821</ele>
      </trkpt>
      <trkpt lat="43.695154935121536" lon="7.273044940084219">
        <ele>6.165035948088946</ele>
      </trkpt>
      <trkpt lat="43.695149989798665" lon="7.272715782746673">
        <ele>6.362173905358254</ele>
      </trkpt>
      <trkpt lat="43.69514496065676" lon="7.272386709228158">
        <ele>6.574629416957297</ele>
      </trkpt>
      <trkpt lat="43.69513934478164" lon="7.272073896601796">
        <ele>6.656968442459638</ele>
      </trkpt>
    </trkseg>
  </trk>
</gpx>
