<?xml version="1.0" encoding="UTF-8"?>
<gpx version="1.1" creator="https://www.komoot.de" schemaLocation="http://www.topografix.com/GPX/1/1 http://www.topografix.com/GPX/1/1/gpx.xsd" xmlns="http://www.topografix.com/GPX/1/1" xmlns:xsi="http://www.w3.org/2001/XMLSchema-instance" xsi:schemaLocation="http://www.topografix.com/GPX/1/1 http://www.topografix.com/GPX/1/1/gpx.xsd http://www.garmin.com/xmlschemas/GpxExtensions/v3 http://www.garmin.com/xmlschemas/GpxExtensionsv3.xsd http://www.garmin.com/xmlschemas/TrackPointExtension/v1 http://www.garmin.com/xmlschemas/TrackPointExtensionv1.xsd http://www.garmin.com/xmlschemas/PowerExtension/v1 http://www.garmin.com/xmlschemas/PowerExtensionv1.xsd http://www.topografix.com/GPX/gpx_style/0/2 http://www.topografix.com/GPX/gpx_style/0/2/gpx_style.xsd" xmlns:gpxtpx="http://www.garmin.com/xmlschemas/TrackPointExtension/v1" xmlns:gpxx="http://www.garmin.com/xmlschemas/GpxExtensions/v3" xmlns:gpxpx="http://www.garmin.com/xmlschemas/PowerExtension/v1" xmlns:gpx_style="http://www.topografix.com/GPX/gpx_style/0/2">
  <metadata>
    <name>de Fontaine à Rémuzat</name>
    <author>
      <name>gpx.studio</name>
      <link href="https://gpx.studio"/>
    </author>
  </metadata>
  <wpt lat="45.147592" lon="5.639444">
    <name>Sommet du Moucherotte</name>
    <sym>Summit</sym>
  </wpt>
  <wpt lat="45.086485" lon="5.605269">
    <ele>1525.1388749811897</ele>
    <name>Fontaine froide</name>
    <sym>Water Source</sym>
  </wpt>
  <wpt lat="45.056309" lon="5.577887">
    <ele>1235.5371142096587</ele>
    <name>Ruisseau</name>
    <sym>Water Source</sym>
  </wpt>
  <wpt lat="45.044688" lon="5.558486">
    <ele>1125.806177112387</ele>
    <name>Fontaine</name>
    <sym>Water Source</sym>
  </wpt>
  <wpt lat="45.041825" lon="5.549361">
    <ele>1149.5266177110102</ele>
    <name>Source</name>
    <sym>Water Source</sym>
  </wpt>
  <wpt lat="45.031109" lon="5.528223">
    <ele>1100.2601318400361</ele>
    <name>Source Corrençon (big ravito)</name>
    <sym>Water Source</sym>
  </wpt>
  <wpt lat="44.984696" lon="5.506288">
    <ele>1372.667598739903</ele>
    <name>Cabane de Carrette</name>
    <sym>Shelter</sym>
  </wpt>
  <wpt lat="44.98166" lon="5.506522">
    <ele>1413.1233219038709</ele>
    <name>Fontaine de Carrette</name>
    <sym>Water Source</sym>
  </wpt>
  <wpt lat="44.905289" lon="5.510206">
    <ele>1668.4454843296207</ele>
    <name>Fontaine du Playe</name>
    <sym>Water Source</sym>
  </wpt>
  <wpt lat="44.888364" lon="5.509532">
    <ele>1613.3052441244954</ele>
    <name>Fontaine de la Chau</name>
    <sym>Water Source</sym>
  </wpt>
  <wpt lat="44.827953" lon="5.486094">
    <ele>1609.7468626311525</ele>
    <name>Source</name>
    <sym>Drinking Water</sym>
  </wpt>
  <wpt lat="44.727382" lon="5.489657">
    <ele>1759.6334438186489</ele>
    <name>Cabane de Châtillon</name>
    <sym>Shelter</sym>
  </wpt>
  <wpt lat="44.694229" lon="5.485227">
    <ele>573.4976514392547</ele>
    <name>Châtillon-en-Diois</name>
    <sym>Drinking Water</sym>
  </wpt>
  <wpt lat="44.627553" lon="5.5226">
    <ele>819.1585045792402</ele>
    <name>Cimetière source</name>
    <sym>Water Source</sym>
  </wpt>
  <wpt lat="44.59686" lon="5.529386">
    <ele>1026.1524804092505</ele>
    <name>Robinet</name>
  </wpt>
  <wpt lat="44.503906" lon="5.571688">
    <ele>803.6988891355935</ele>
    <name>Valdrôme</name>
    <sym>Water Source</sym>
  </wpt>
  <wpt lat="44.484422" lon="5.558773">
    <ele>1113.1542845771698</ele>
    <name>Source Jean Monnier</name>
    <sym>Water Source</sym>
  </wpt>
  <wpt lat="44.451151" lon="5.54158">
    <ele>791.5562155334683</ele>
    <name>Montmorrin</name>
    <sym>Water Source</sym>
  </wpt>
  <wpt lat="44.414163" lon="5.471205">
    <ele>1122.5048180257445</ele>
    <name>Source</name>
    <sym>Drinking Water</sym>
  </wpt>
  <wpt lat="44.417442" lon="5.380534">
    <ele>881.7690946455829</ele>
    <name>Source</name>
    <sym>Drinking Water</sym>
  </wpt>
  <wpt lat="45.15065" lon="5.633854">
    <ele>1665.4745955023275</ele>
    <name>Source avant Moucherotte</name>
    <sym>Water Source</sym>
  </wpt>
  <trk>
    <name>de Fontaine à Rémuzat</name>
    <trkseg>
      <trkpt lat="45.198826" lon="5.693972">
        <ele>210.603932</ele>
        <time>2026-04-27T08:02:00.720Z</time>
      </trkpt>
      <trkpt lat="45.198808" lon="5.693779">
        <ele>210.603932</ele>
        <time>2026-04-27T08:02:06.356Z</time>
      </trkpt>
      <trkpt lat="45.197803" lon="5.693928">
        <ele>210.642973</ele>
        <time>2026-04-27T08:02:47.878Z</time>
      </trkpt>
      <trkpt lat="45.197691" lon="5.693803">
        <ele>210.665363</ele>
        <time>2026-04-27T08:02:53.762Z</time>
      </trkpt>
      <trkpt lat="45.197682" lon="5.693442">
        <ele>210.705362</ele>
        <time>2026-04-27T08:03:04.235Z</time>
      </trkpt>
      <trkpt lat="45.197471" lon="5.693585">
        <ele>210.743148</ele>
        <time>2026-04-27T08:03:14.148Z</time>
      </trkpt>
      <trkpt lat="45.197307" lon="5.693377">
        <ele>210.777759</ele>
        <time>2026-04-27T08:03:23.202Z</time>
      </trkpt>
      <trkpt lat="45.197004" lon="5.693667">
        <ele>210.83767</ele>
        <time>2026-04-27T08:03:39.102Z</time>
      </trkpt>
      <trkpt lat="45.195431" lon="5.694255">
        <ele>210.809511</ele>
        <time>2026-04-27T08:04:46.972Z</time>
      </trkpt>
      <trkpt lat="45.194317" lon="5.694583">
        <ele>210.742102</ele>
        <time>2026-04-27T08:05:33.961Z</time>
      </trkpt>
      <trkpt lat="45.192524" lon="5.694814">
        <ele>210.960576</ele>
        <time>2026-04-27T08:06:57.392Z</time>
      </trkpt>
      <trkpt lat="45.19245" lon="5.694728">
        <ele>211.00671</ele>
        <time>2026-04-27T08:07:02.157Z</time>
      </trkpt>
      <trkpt lat="45.192351" lon="5.694729">
        <ele>211.047178</ele>
        <time>2026-04-27T08:07:06.321Z</time>
      </trkpt>
      <trkpt lat="45.192291" lon="5.694859">
        <ele>211.09767</ele>
        <time>2026-04-27T08:07:11.507Z</time>
      </trkpt>
      <trkpt lat="45.191499" lon="5.695037">
        <ele>211.426832</ele>
        <time>2026-04-27T08:07:45.653Z</time>
      </trkpt>
      <trkpt lat="45.191146" lon="5.695073">
        <ele>211.534468</ele>
        <time>2026-04-27T08:08:01.299Z</time>
      </trkpt>
      <trkpt lat="45.190698" lon="5.694969">
        <ele>211.668211</ele>
        <time>2026-04-27T08:08:20.737Z</time>
      </trkpt>
      <trkpt lat="45.19065" lon="5.695085">
        <ele>211.701521</ele>
        <time>2026-04-27T08:08:25.568Z</time>
      </trkpt>
      <trkpt lat="45.190136" lon="5.694641">
        <ele>211.873441</ele>
        <time>2026-04-27T08:08:50.437Z</time>
      </trkpt>
      <trkpt lat="45.189596" lon="5.694606">
        <ele>212.089679</ele>
        <time>2026-04-27T08:09:13.022Z</time>
      </trkpt>
      <trkpt lat="45.18923" lon="5.694683">
        <ele>212.259841</ele>
        <time>2026-04-27T08:09:28.630Z</time>
      </trkpt>
      <trkpt lat="45.189233" lon="5.694617">
        <ele>212.286701</ele>
        <time>2026-04-27T08:09:31.110Z</time>
      </trkpt>
      <trkpt lat="45.18902" lon="5.694606">
        <ele>212.384101</ele>
        <time>2026-04-27T08:09:40.079Z</time>
      </trkpt>
      <trkpt lat="45.189032" lon="5.694225">
        <ele>212.506919</ele>
        <time>2026-04-27T08:09:51.350Z</time>
      </trkpt>
      <trkpt lat="45.185737" lon="5.691414">
        <ele>213.230072</ele>
        <time>2026-04-27T08:12:30.219Z</time>
      </trkpt>
      <trkpt lat="45.185579" lon="5.691587">
        <ele>213.250345</ele>
        <time>2026-04-27T08:12:39.023Z</time>
      </trkpt>
      <trkpt lat="45.185471" lon="5.691279">
        <ele>213.525314</ele>
        <time>2026-04-27T08:12:49.303Z</time>
      </trkpt>
      <trkpt lat="45.184962" lon="5.688982">
        <ele>216.391592</ele>
        <time>2026-04-27T08:14:03.204Z</time>
      </trkpt>
      <trkpt lat="45.184959" lon="5.688588">
        <ele>218.160326</ele>
        <time>2026-04-27T08:14:16.208Z</time>
      </trkpt>
      <trkpt lat="45.184768" lon="5.688368">
        <ele>219.752816</ele>
        <time>2026-04-27T08:14:28.904Z</time>
      </trkpt>
      <trkpt lat="45.184554" lon="5.688392">
        <ele>221.09459</ele>
        <time>2026-04-27T08:14:39.841Z</time>
      </trkpt>
      <trkpt lat="45.183979" lon="5.688271">
        <ele>224.766814</ele>
        <time>2026-04-27T08:15:11.647Z</time>
      </trkpt>
      <trkpt lat="45.183914" lon="5.687855">
        <ele>226.661853</ele>
        <time>2026-04-27T08:15:31.054Z</time>
      </trkpt>
      <trkpt lat="45.183752" lon="5.687723">
        <ele>228.424768</ele>
        <time>2026-04-27T08:15:43.998Z</time>
      </trkpt>
      <trkpt lat="45.183651" lon="5.687453">
        <ele>230.834189</ele>
        <time>2026-04-27T08:16:02.107Z</time>
      </trkpt>
      <trkpt lat="45.183186" lon="5.686795">
        <ele>238.182516</ele>
        <time>2026-04-27T08:17:11.027Z</time>
      </trkpt>
      <trkpt lat="45.18345" lon="5.68675">
        <ele>241.151752</ele>
        <time>2026-04-27T08:17:35.454Z</time>
      </trkpt>
      <trkpt lat="45.183346" lon="5.686584">
        <ele>242.889964</ele>
        <time>2026-04-27T08:17:48.387Z</time>
      </trkpt>
      <trkpt lat="45.183553" lon="5.686691">
        <ele>245.336233</ele>
        <time>2026-04-27T08:18:06.684Z</time>
      </trkpt>
      <trkpt lat="45.183454" lon="5.686503">
        <ele>247.192826</ele>
        <time>2026-04-27T08:18:21.333Z</time>
      </trkpt>
      <trkpt lat="45.183461" lon="5.686323">
        <ele>248.90432</ele>
        <time>2026-04-27T08:18:33.317Z</time>
      </trkpt>
      <trkpt lat="45.183793" lon="5.686775">
        <ele>255.260009</ele>
        <time>2026-04-27T08:19:19.644Z</time>
      </trkpt>
      <trkpt lat="45.183944" lon="5.686791">
        <ele>257.299574</ele>
        <time>2026-04-27T08:19:35.581Z</time>
      </trkpt>
      <trkpt lat="45.184327" lon="5.686274">
        <ele>264.547421</ele>
        <time>2026-04-27T08:20:30.967Z</time>
      </trkpt>
      <trkpt lat="45.184269" lon="5.685563">
        <ele>271.499975</ele>
        <time>2026-04-27T08:21:28.441Z</time>
      </trkpt>
      <trkpt lat="45.184621" lon="5.684694">
        <ele>282.696905</ele>
        <time>2026-04-27T08:23:11.281Z</time>
      </trkpt>
      <trkpt lat="45.184703" lon="5.684248">
        <ele>287.89069</ele>
        <time>2026-04-27T08:23:50.648Z</time>
      </trkpt>
      <trkpt lat="45.184664" lon="5.684063">
        <ele>290.047854</ele>
        <time>2026-04-27T08:24:06.128Z</time>
      </trkpt>
      <trkpt lat="45.184473" lon="5.683721">
        <ele>294.924746</ele>
        <time>2026-04-27T08:24:35.336Z</time>
      </trkpt>
      <trkpt lat="45.184968" lon="5.682932">
        <ele>303.072668</ele>
        <time>2026-04-27T08:25:35.592Z</time>
      </trkpt>
      <trkpt lat="45.185258" lon="5.682312">
        <ele>306.974494</ele>
        <time>2026-04-27T08:26:08.634Z</time>
      </trkpt>
      <trkpt lat="45.185717" lon="5.68037">
        <ele>319.330033</ele>
        <time>2026-04-27T08:27:35.635Z</time>
      </trkpt>
      <trkpt lat="45.185633" lon="5.679781">
        <ele>323.577633</ele>
        <time>2026-04-27T08:28:06.321Z</time>
      </trkpt>
      <trkpt lat="45.185286" lon="5.679142">
        <ele>329.273288</ele>
        <time>2026-04-27T08:28:46.908Z</time>
      </trkpt>
      <trkpt lat="45.185301" lon="5.678858">
        <ele>331.287196</ele>
        <time>2026-04-27T08:28:59.886Z</time>
      </trkpt>
      <trkpt lat="45.184907" lon="5.678548">
        <ele>335.962306</ele>
        <time>2026-04-27T08:29:38.984Z</time>
      </trkpt>
      <trkpt lat="45.184896" lon="5.678278">
        <ele>337.940354</ele>
        <time>2026-04-27T08:29:55.575Z</time>
      </trkpt>
      <trkpt lat="45.184956" lon="5.678002">
        <ele>340.052827</ele>
        <time>2026-04-27T08:30:12.730Z</time>
      </trkpt>
      <trkpt lat="45.185269" lon="5.677456">
        <ele>345.228506</ele>
        <time>2026-04-27T08:30:58.634Z</time>
      </trkpt>
      <trkpt lat="45.185241" lon="5.677119">
        <ele>347.723472</ele>
        <time>2026-04-27T08:31:20.351Z</time>
      </trkpt>
      <trkpt lat="45.184925" lon="5.676444">
        <ele>355.70649</ele>
        <time>2026-04-27T08:32:17.816Z</time>
      </trkpt>
      <trkpt lat="45.184817" lon="5.676329">
        <ele>357.868051</ele>
        <time>2026-04-27T08:32:32.724Z</time>
      </trkpt>
      <trkpt lat="45.184374" lon="5.676335">
        <ele>365.075018</ele>
        <time>2026-04-27T08:33:25.669Z</time>
      </trkpt>
      <trkpt lat="45.184003" lon="5.675945">
        <ele>372.541988</ele>
        <time>2026-04-27T08:34:23.853Z</time>
      </trkpt>
      <trkpt lat="45.183603" lon="5.675731">
        <ele>379.418201</ele>
        <time>2026-04-27T08:35:16.517Z</time>
      </trkpt>
      <trkpt lat="45.183511" lon="5.675479">
        <ele>382.765306</ele>
        <time>2026-04-27T08:35:42.717Z</time>
      </trkpt>
      <trkpt lat="45.183739" lon="5.674741">
        <ele>392.413323</ele>
        <time>2026-04-27T08:37:00.648Z</time>
      </trkpt>
      <trkpt lat="45.183831" lon="5.674006">
        <ele>401.316881</ele>
        <time>2026-04-27T08:38:09.063Z</time>
      </trkpt>
      <trkpt lat="45.183938" lon="5.673643">
        <ele>405.957376</ele>
        <time>2026-04-27T08:38:39.921Z</time>
      </trkpt>
      <trkpt lat="45.183931" lon="5.673067">
        <ele>409.834829</ele>
        <time>2026-04-27T08:39:18.877Z</time>
      </trkpt>
      <trkpt lat="45.183836" lon="5.672778">
        <ele>410.867408</ele>
        <time>2026-04-27T08:39:36.792Z</time>
      </trkpt>
      <trkpt lat="45.183876" lon="5.672741">
        <ele>411.083611</ele>
        <time>2026-04-27T08:39:39.260Z</time>
      </trkpt>
      <trkpt lat="45.1836" lon="5.672416">
        <ele>412.715774</ele>
        <time>2026-04-27T08:39:56.670Z</time>
      </trkpt>
      <trkpt lat="45.182865" lon="5.672035">
        <ele>416.259451</ele>
        <time>2026-04-27T08:40:30.014Z</time>
      </trkpt>
      <trkpt lat="45.182387" lon="5.672058">
        <ele>417.38867</ele>
        <time>2026-04-27T08:40:49.882Z</time>
      </trkpt>
      <trkpt lat="45.181997" lon="5.672279">
        <ele>418.003864</ele>
        <time>2026-04-27T08:41:08.050Z</time>
      </trkpt>
      <trkpt lat="45.181673" lon="5.67227">
        <ele>418.478362</ele>
        <time>2026-04-27T08:41:22.456Z</time>
      </trkpt>
      <trkpt lat="45.181609" lon="5.672081">
        <ele>418.693225</ele>
        <time>2026-04-27T08:41:29.045Z</time>
      </trkpt>
      <trkpt lat="45.181172" lon="5.671542">
        <ele>419.60529</ele>
        <time>2026-04-27T08:41:54.439Z</time>
      </trkpt>
      <trkpt lat="45.180599" lon="5.671087">
        <ele>423.353482</ele>
        <time>2026-04-27T08:42:24.105Z</time>
      </trkpt>
      <trkpt lat="45.180181" lon="5.670952">
        <ele>425.797796</ele>
        <time>2026-04-27T08:42:45.171Z</time>
      </trkpt>
      <trkpt lat="45.17989" lon="5.670655">
        <ele>427.841759</ele>
        <time>2026-04-27T08:43:04.971Z</time>
      </trkpt>
      <trkpt lat="45.179399" lon="5.670453">
        <ele>432.445092</ele>
        <time>2026-04-27T08:43:40.220Z</time>
      </trkpt>
      <trkpt lat="45.178453" lon="5.670521">
        <ele>447.018533</ele>
        <time>2026-04-27T08:45:11.265Z</time>
      </trkpt>
      <trkpt lat="45.177879" lon="5.670357">
        <ele>456.033788</ele>
        <time>2026-04-27T08:46:14.611Z</time>
      </trkpt>
      <trkpt lat="45.177522" lon="5.669952">
        <ele>462.715915</ele>
        <time>2026-04-27T08:47:02.155Z</time>
      </trkpt>
      <trkpt lat="45.177337" lon="5.669887">
        <ele>465.461643</ele>
        <time>2026-04-27T08:47:21.255Z</time>
      </trkpt>
      <trkpt lat="45.177326" lon="5.669813">
        <ele>466.229666</ele>
        <time>2026-04-27T08:47:26.464Z</time>
      </trkpt>
      <trkpt lat="45.17774" lon="5.669233">
        <ele>474.675658</ele>
        <time>2026-04-27T08:48:22.448Z</time>
      </trkpt>
      <trkpt lat="45.177727" lon="5.669175">
        <ele>475.293722</ele>
        <time>2026-04-27T08:48:26.423Z</time>
      </trkpt>
      <trkpt lat="45.177206" lon="5.669668">
        <ele>483.807269</ele>
        <time>2026-04-27T08:49:17.370Z</time>
      </trkpt>
      <trkpt lat="45.176783" lon="5.669677">
        <ele>486.7658</ele>
        <time>2026-04-27T08:49:47.744Z</time>
      </trkpt>
      <trkpt lat="45.176653" lon="5.669767">
        <ele>487.777425</ele>
        <time>2026-04-27T08:49:57.200Z</time>
      </trkpt>
      <trkpt lat="45.176426" lon="5.67008">
        <ele>490.013971</ele>
        <time>2026-04-27T08:50:17.207Z</time>
      </trkpt>
      <trkpt lat="45.176387" lon="5.670054">
        <ele>490.421468</ele>
        <time>2026-04-27T08:50:20.661Z</time>
      </trkpt>
      <trkpt lat="45.176439" lon="5.669904">
        <ele>491.245522</ele>
        <time>2026-04-27T08:50:27.901Z</time>
      </trkpt>
      <trkpt lat="45.17638" lon="5.66984">
        <ele>491.797471</ele>
        <time>2026-04-27T08:50:32.939Z</time>
      </trkpt>
      <trkpt lat="45.175939" lon="5.669919">
        <ele>494.916465</ele>
        <time>2026-04-27T08:51:01.335Z</time>
      </trkpt>
      <trkpt lat="45.175459" lon="5.670174">
        <ele>496.258272</ele>
        <time>2026-04-27T08:51:29.886Z</time>
      </trkpt>
      <trkpt lat="45.174959" lon="5.670338">
        <ele>496.792479</ele>
        <time>2026-04-27T08:51:59.594Z</time>
      </trkpt>
      <trkpt lat="45.174695" lon="5.670765">
        <ele>497.209377</ele>
        <time>2026-04-27T08:52:21.835Z</time>
      </trkpt>
      <trkpt lat="45.174545" lon="5.670814">
        <ele>497.368995</ele>
        <time>2026-04-27T08:52:29.429Z</time>
      </trkpt>
      <trkpt lat="45.173294" lon="5.671773">
        <ele>485.362521</ele>
        <time>2026-04-27T08:53:25.888Z</time>
      </trkpt>
      <trkpt lat="45.17289" lon="5.672287">
        <ele>479.123132</ele>
        <time>2026-04-27T08:53:46.337Z</time>
      </trkpt>
      <trkpt lat="45.172842" lon="5.672569">
        <ele>477.001457</ele>
        <time>2026-04-27T08:53:54.181Z</time>
      </trkpt>
      <trkpt lat="45.172744" lon="5.672634">
        <ele>476.791385</ele>
        <time>2026-04-27T08:53:58.304Z</time>
      </trkpt>
      <trkpt lat="45.172758" lon="5.672358">
        <ele>476.398789</ele>
        <time>2026-04-27T08:54:07.512Z</time>
      </trkpt>
      <trkpt lat="45.172689" lon="5.672306">
        <ele>476.247069</ele>
        <time>2026-04-27T08:54:11.175Z</time>
      </trkpt>
      <trkpt lat="45.172181" lon="5.672219">
        <ele>475.253468</ele>
        <time>2026-04-27T08:54:37.414Z</time>
      </trkpt>
      <trkpt lat="45.171713" lon="5.671873">
        <ele>474.228674</ele>
        <time>2026-04-27T08:55:12.394Z</time>
      </trkpt>
      <trkpt lat="45.170655" lon="5.671302">
        <ele>479.754807</ele>
        <time>2026-04-27T08:56:19.347Z</time>
      </trkpt>
      <trkpt lat="45.169796" lon="5.671269">
        <ele>486.528514</ele>
        <time>2026-04-27T08:57:12.111Z</time>
      </trkpt>
      <trkpt lat="45.168954" lon="5.670836">
        <ele>498.667548</ele>
        <time>2026-04-27T08:58:11.909Z</time>
      </trkpt>
      <trkpt lat="45.168168" lon="5.669899">
        <ele>513.693632</ele>
        <time>2026-04-27T08:59:46.394Z</time>
      </trkpt>
      <trkpt lat="45.167668" lon="5.669661">
        <ele>521.667894</ele>
        <time>2026-04-27T09:00:31.443Z</time>
      </trkpt>
      <trkpt lat="45.168039" lon="5.669494">
        <ele>527.589941</ele>
        <time>2026-04-27T09:01:05.535Z</time>
      </trkpt>
      <trkpt lat="45.168668" lon="5.669736">
        <ele>537.463286</ele>
        <time>2026-04-27T09:02:02.227Z</time>
      </trkpt>
      <trkpt lat="45.168867" lon="5.669653">
        <ele>540.591687</ele>
        <time>2026-04-27T09:02:22.251Z</time>
      </trkpt>
      <trkpt lat="45.16928" lon="5.669697">
        <ele>547.652416</ele>
        <time>2026-04-27T09:03:03.336Z</time>
      </trkpt>
      <trkpt lat="45.169417" lon="5.669642">
        <ele>550.101323</ele>
        <time>2026-04-27T09:03:18.273Z</time>
      </trkpt>
      <trkpt lat="45.169356" lon="5.669465">
        <ele>552.490326</ele>
        <time>2026-04-27T09:03:33.061Z</time>
      </trkpt>
      <trkpt lat="45.169446" lon="5.668989">
        <ele>558.510475</ele>
        <time>2026-04-27T09:04:11.430Z</time>
      </trkpt>
      <trkpt lat="45.169163" lon="5.668622">
        <ele>565.105694</ele>
        <time>2026-04-27T09:04:53.002Z</time>
      </trkpt>
      <trkpt lat="45.168121" lon="5.668469">
        <ele>581.526046</ele>
        <time>2026-04-27T09:06:38.388Z</time>
      </trkpt>
      <trkpt lat="45.167776" lon="5.668175">
        <ele>587.464932</ele>
        <time>2026-04-27T09:07:13.401Z</time>
      </trkpt>
      <trkpt lat="45.16762" lon="5.668177">
        <ele>589.758965</ele>
        <time>2026-04-27T09:07:26.790Z</time>
      </trkpt>
      <trkpt lat="45.167858" lon="5.667926">
        <ele>594.143222</ele>
        <time>2026-04-27T09:07:49.065Z</time>
      </trkpt>
      <trkpt lat="45.168036" lon="5.667857">
        <ele>596.856656</ele>
        <time>2026-04-27T09:08:03.405Z</time>
      </trkpt>
      <trkpt lat="45.16872" lon="5.667869">
        <ele>610.625832</ele>
        <time>2026-04-27T09:09:01.374Z</time>
      </trkpt>
      <trkpt lat="45.169177" lon="5.667567">
        <ele>621.377312</ele>
        <time>2026-04-27T09:09:50.736Z</time>
      </trkpt>
      <trkpt lat="45.169583" lon="5.667155">
        <ele>631.88059</ele>
        <time>2026-04-27T09:10:49.939Z</time>
      </trkpt>
      <trkpt lat="45.169314" lon="5.666918">
        <ele>638.858767</ele>
        <time>2026-04-27T09:11:50.965Z</time>
      </trkpt>
      <trkpt lat="45.169189" lon="5.666709">
        <ele>643.423112</ele>
        <time>2026-04-27T09:12:26.419Z</time>
      </trkpt>
      <trkpt lat="45.169075" lon="5.666681">
        <ele>646.156065</ele>
        <time>2026-04-27T09:12:47.067Z</time>
      </trkpt>
      <trkpt lat="45.168993" lon="5.666574">
        <ele>648.788032</ele>
        <time>2026-04-27T09:13:06.577Z</time>
      </trkpt>
      <trkpt lat="45.169035" lon="5.665851">
        <ele>661.156756</ele>
        <time>2026-04-27T09:14:35.062Z</time>
      </trkpt>
      <trkpt lat="45.169378" lon="5.665946">
        <ele>669.412033</ele>
        <time>2026-04-27T09:15:20.687Z</time>
      </trkpt>
      <trkpt lat="45.169545" lon="5.665904">
        <ele>673.418393</ele>
        <time>2026-04-27T09:15:41.487Z</time>
      </trkpt>
      <trkpt lat="45.170024" lon="5.665556">
        <ele>682.625004</ele>
        <time>2026-04-27T09:16:34.845Z</time>
      </trkpt>
      <trkpt lat="45.170874" lon="5.664547">
        <ele>696.294066</ele>
        <time>2026-04-27T09:17:54.072Z</time>
      </trkpt>
      <trkpt lat="45.171357" lon="5.663519">
        <ele>706.128684</ele>
        <time>2026-04-27T09:18:58.957Z</time>
      </trkpt>
      <trkpt lat="45.171872" lon="5.663207">
        <ele>712.019222</ele>
        <time>2026-04-27T09:19:40.944Z</time>
      </trkpt>
      <trkpt lat="45.172216" lon="5.663086">
        <ele>715.745557</ele>
        <time>2026-04-27T09:20:06.355Z</time>
      </trkpt>
      <trkpt lat="45.172287" lon="5.662966">
        <ele>716.906751</ele>
        <time>2026-04-27T09:20:14.526Z</time>
      </trkpt>
      <trkpt lat="45.172305" lon="5.662723">
        <ele>718.717803</ele>
        <time>2026-04-27T09:20:27.459Z</time>
      </trkpt>
      <trkpt lat="45.172038" lon="5.661665">
        <ele>731.48756</ele>
        <time>2026-04-27T09:21:33.371Z</time>
      </trkpt>
      <trkpt lat="45.171973" lon="5.661254">
        <ele>736.504108</ele>
        <time>2026-04-27T09:21:59.953Z</time>
      </trkpt>
      <trkpt lat="45.17199" lon="5.661014">
        <ele>739.376831</ele>
        <time>2026-04-27T09:22:15.154Z</time>
      </trkpt>
      <trkpt lat="45.171829" lon="5.660017">
        <ele>751.851108</ele>
        <time>2026-04-27T09:23:21.393Z</time>
      </trkpt>
      <trkpt lat="45.171212" lon="5.658803">
        <ele>772.098106</ele>
        <time>2026-04-27T09:25:01.216Z</time>
      </trkpt>
      <trkpt lat="45.171278" lon="5.658517">
        <ele>776.272167</ele>
        <time>2026-04-27T09:25:22.582Z</time>
      </trkpt>
      <trkpt lat="45.171202" lon="5.658153">
        <ele>781.401797</ele>
        <time>2026-04-27T09:25:48.935Z</time>
      </trkpt>
      <trkpt lat="45.170746" lon="5.65735">
        <ele>795.290082</ele>
        <time>2026-04-27T09:26:57.706Z</time>
      </trkpt>
      <trkpt lat="45.170688" lon="5.656446">
        <ele>807.504889</ele>
        <time>2026-04-27T09:27:57.535Z</time>
      </trkpt>
      <trkpt lat="45.170569" lon="5.655618">
        <ele>818.8995</ele>
        <time>2026-04-27T09:28:53.881Z</time>
      </trkpt>
      <trkpt lat="45.170594" lon="5.654946">
        <ele>827.340072</ele>
        <time>2026-04-27T09:29:40.089Z</time>
      </trkpt>
      <trkpt lat="45.170013" lon="5.653137">
        <ele>851.757401</ele>
        <time>2026-04-27T09:31:47.330Z</time>
      </trkpt>
      <trkpt lat="45.170075" lon="5.65236">
        <ele>857.645117</ele>
        <time>2026-04-27T09:32:24.618Z</time>
      </trkpt>
      <trkpt lat="45.169791" lon="5.652093">
        <ele>861.299985</ele>
        <time>2026-04-27T09:32:45.889Z</time>
      </trkpt>
      <trkpt lat="45.169856" lon="5.651894">
        <ele>862.988382</ele>
        <time>2026-04-27T09:32:55.225Z</time>
      </trkpt>
      <trkpt lat="45.170124" lon="5.651577">
        <ele>866.705775</ele>
        <time>2026-04-27T09:33:15.538Z</time>
      </trkpt>
      <trkpt lat="45.170023" lon="5.651268">
        <ele>869.265891</ele>
        <time>2026-04-27T09:33:31.635Z</time>
      </trkpt>
      <trkpt lat="45.170017" lon="5.650975">
        <ele>871.856043</ele>
        <time>2026-04-27T09:33:45.932Z</time>
      </trkpt>
      <trkpt lat="45.169929" lon="5.650792">
        <ele>874.019525</ele>
        <time>2026-04-27T09:33:56.156Z</time>
      </trkpt>
      <trkpt lat="45.169945" lon="5.650512">
        <ele>876.70692</ele>
        <time>2026-04-27T09:34:08.945Z</time>
      </trkpt>
      <trkpt lat="45.169858" lon="5.650126">
        <ele>880.583695</ele>
        <time>2026-04-27T09:34:29.858Z</time>
      </trkpt>
      <trkpt lat="45.169669" lon="5.649731">
        <ele>885.202171</ele>
        <time>2026-04-27T09:34:57.277Z</time>
      </trkpt>
      <trkpt lat="45.169644" lon="5.649494">
        <ele>887.494672</ele>
        <time>2026-04-27T09:35:10.737Z</time>
      </trkpt>
      <trkpt lat="45.170252" lon="5.648889">
        <ele>898.583281</ele>
        <time>2026-04-27T09:36:13.133Z</time>
      </trkpt>
      <trkpt lat="45.169919" lon="5.648895">
        <ele>904.81218</ele>
        <time>2026-04-27T09:36:43.464Z</time>
      </trkpt>
      <trkpt lat="45.16965" lon="5.648549">
        <ele>911.559902</ele>
        <time>2026-04-27T09:37:18.936Z</time>
      </trkpt>
      <trkpt lat="45.16947" lon="5.648477">
        <ele>914.920176</ele>
        <time>2026-04-27T09:37:36.499Z</time>
      </trkpt>
      <trkpt lat="45.169466" lon="5.648275">
        <ele>917.479969</ele>
        <time>2026-04-27T09:37:49.573Z</time>
      </trkpt>
      <trkpt lat="45.169548" lon="5.64796">
        <ele>921.781694</ele>
        <time>2026-04-27T09:38:11.052Z</time>
      </trkpt>
      <trkpt lat="45.169741" lon="5.647582">
        <ele>927.779455</ele>
        <time>2026-04-27T09:38:42.345Z</time>
      </trkpt>
      <trkpt lat="45.169945" lon="5.647438">
        <ele>932.091473</ele>
        <time>2026-04-27T09:39:04.127Z</time>
      </trkpt>
      <trkpt lat="45.170331" lon="5.647375">
        <ele>939.444161</ele>
        <time>2026-04-27T09:39:38.874Z</time>
      </trkpt>
      <trkpt lat="45.170564" lon="5.647119">
        <ele>945.062962</ele>
        <time>2026-04-27T09:40:05.191Z</time>
      </trkpt>
      <trkpt lat="45.170672" lon="5.646817">
        <ele>949.853979</ele>
        <time>2026-04-27T09:40:27.591Z</time>
      </trkpt>
      <trkpt lat="45.170659" lon="5.646724">
        <ele>951.118851</ele>
        <time>2026-04-27T09:40:33.619Z</time>
      </trkpt>
      <trkpt lat="45.1704" lon="5.646743">
        <ele>956.168913</ele>
        <time>2026-04-27T09:40:58.096Z</time>
      </trkpt>
      <trkpt lat="45.170306" lon="5.646679">
        <ele>958.142035</ele>
        <time>2026-04-27T09:41:08.685Z</time>
      </trkpt>
      <trkpt lat="45.17023" lon="5.64628">
        <ele>964.371271</ele>
        <time>2026-04-27T09:41:40.497Z</time>
      </trkpt>
      <trkpt lat="45.170013" lon="5.646077">
        <ele>970.527498</ele>
        <time>2026-04-27T09:42:10.568Z</time>
      </trkpt>
      <trkpt lat="45.169997" lon="5.64593">
        <ele>972.963626</ele>
        <time>2026-04-27T09:42:22.238Z</time>
      </trkpt>
      <trkpt lat="45.170128" lon="5.645811">
        <ele>976.690497</ele>
        <time>2026-04-27T09:42:40.581Z</time>
      </trkpt>
      <trkpt lat="45.170406" lon="5.644327">
        <ele>1001.887231</ele>
        <time>2026-04-27T09:45:12.646Z</time>
      </trkpt>
      <trkpt lat="45.170699" lon="5.643605">
        <ele>1012.583666</ele>
        <time>2026-04-27T09:46:21.499Z</time>
      </trkpt>
      <trkpt lat="45.170475" lon="5.643535">
        <ele>1016.681261</ele>
        <time>2026-04-27T09:46:49.725Z</time>
      </trkpt>
      <trkpt lat="45.169994" lon="5.643495">
        <ele>1025.378879</ele>
        <time>2026-04-27T09:47:45.988Z</time>
      </trkpt>
      <trkpt lat="45.169527" lon="5.642859">
        <ele>1037.026799</ele>
        <time>2026-04-27T09:48:57.038Z</time>
      </trkpt>
      <trkpt lat="45.16923" lon="5.642791">
        <ele>1042.673799</ele>
        <time>2026-04-27T09:49:33.640Z</time>
      </trkpt>
      <trkpt lat="45.169112" lon="5.642173">
        <ele>1051.099316</ele>
        <time>2026-04-27T09:50:31.862Z</time>
      </trkpt>
      <trkpt lat="45.169266" lon="5.641632">
        <ele>1058.856906</ele>
        <time>2026-04-27T09:51:14.809Z</time>
      </trkpt>
      <trkpt lat="45.169168" lon="5.641445">
        <ele>1061.908412</ele>
        <time>2026-04-27T09:51:31.427Z</time>
      </trkpt>
      <trkpt lat="45.169026" lon="5.641334">
        <ele>1064.920246</ele>
        <time>2026-04-27T09:51:47.796Z</time>
      </trkpt>
      <trkpt lat="45.168808" lon="5.640687">
        <ele>1073.092893</ele>
        <time>2026-04-27T09:52:37.866Z</time>
      </trkpt>
      <trkpt lat="45.168315" lon="5.640307">
        <ele>1081.426017</ele>
        <time>2026-04-27T09:53:24.412Z</time>
      </trkpt>
      <trkpt lat="45.168179" lon="5.64025">
        <ele>1083.52454</ele>
        <time>2026-04-27T09:53:36.288Z</time>
      </trkpt>
      <trkpt lat="45.168009" lon="5.64047">
        <ele>1086.929901</ele>
        <time>2026-04-27T09:53:54.026Z</time>
      </trkpt>
      <trkpt lat="45.16785" lon="5.640525">
        <ele>1089.351713</ele>
        <time>2026-04-27T09:54:06.005Z</time>
      </trkpt>
      <trkpt lat="45.167292" lon="5.640563">
        <ele>1097.188981</ele>
        <time>2026-04-27T09:54:42.615Z</time>
      </trkpt>
      <trkpt lat="45.167271" lon="5.640457">
        <ele>1098.158476</ele>
        <time>2026-04-27T09:54:47.428Z</time>
      </trkpt>
      <trkpt lat="45.166956" lon="5.640443">
        <ele>1102.094406</ele>
        <time>2026-04-27T09:55:05.328Z</time>
      </trkpt>
      <trkpt lat="45.166797" lon="5.640298">
        <ele>1104.455177</ele>
        <time>2026-04-27T09:55:16.431Z</time>
      </trkpt>
      <trkpt lat="45.166692" lon="5.640322">
        <ele>1105.783429</ele>
        <time>2026-04-27T09:55:23.883Z</time>
      </trkpt>
      <trkpt lat="45.166466" lon="5.640184">
        <ele>1108.856371</ele>
        <time>2026-04-27T09:55:43.650Z</time>
      </trkpt>
      <trkpt lat="45.166109" lon="5.639655">
        <ele>1115.304282</ele>
        <time>2026-04-27T09:56:32.824Z</time>
      </trkpt>
      <trkpt lat="45.165567" lon="5.639516">
        <ele>1126.627504</ele>
        <time>2026-04-27T09:57:48.786Z</time>
      </trkpt>
      <trkpt lat="45.165324" lon="5.639125">
        <ele>1135.382998</ele>
        <time>2026-04-27T09:58:47.895Z</time>
      </trkpt>
      <trkpt lat="45.165227" lon="5.639293">
        <ele>1138.978152</ele>
        <time>2026-04-27T09:59:13.228Z</time>
      </trkpt>
      <trkpt lat="45.164943" lon="5.638289">
        <ele>1157.052189</ele>
        <time>2026-04-27T10:01:24.415Z</time>
      </trkpt>
      <trkpt lat="45.164544" lon="5.639271">
        <ele>1179.480282</ele>
        <time>2026-04-27T10:03:40.965Z</time>
      </trkpt>
      <trkpt lat="45.164371" lon="5.638276">
        <ele>1200.257514</ele>
        <time>2026-04-27T10:05:56.420Z</time>
      </trkpt>
      <trkpt lat="45.164354" lon="5.638351">
        <ele>1201.841579</ele>
        <time>2026-04-27T10:06:07.933Z</time>
      </trkpt>
      <trkpt lat="45.1643" lon="5.638244">
        <ele>1204.487414</ele>
        <time>2026-04-27T10:06:27.849Z</time>
      </trkpt>
      <trkpt lat="45.164257" lon="5.638324">
        <ele>1206.510117</ele>
        <time>2026-04-27T10:06:43.310Z</time>
      </trkpt>
      <trkpt lat="45.164181" lon="5.638173">
        <ele>1210.240553</ele>
        <time>2026-04-27T10:07:13.259Z</time>
      </trkpt>
      <trkpt lat="45.164102" lon="5.638165">
        <ele>1212.897954</ele>
        <time>2026-04-27T10:07:35.219Z</time>
      </trkpt>
      <trkpt lat="45.164006" lon="5.637621">
        <ele>1223.012274</ele>
        <time>2026-04-27T10:08:59.047Z</time>
      </trkpt>
      <trkpt lat="45.163693" lon="5.63884">
        <ele>1246.269931</ele>
        <time>2026-04-27T10:11:23.786Z</time>
      </trkpt>
      <trkpt lat="45.163645" lon="5.638845">
        <ele>1247.491811</ele>
        <time>2026-04-27T10:11:30.380Z</time>
      </trkpt>
      <trkpt lat="45.163626" lon="5.638414">
        <ele>1255.2219</ele>
        <time>2026-04-27T10:12:12.479Z</time>
      </trkpt>
      <trkpt lat="45.163352" lon="5.637261">
        <ele>1273.862013</ele>
        <time>2026-04-27T10:14:11.251Z</time>
      </trkpt>
      <trkpt lat="45.163164" lon="5.637948">
        <ele>1285.007838</ele>
        <time>2026-04-27T10:15:30.610Z</time>
      </trkpt>
      <trkpt lat="45.163122" lon="5.637959">
        <ele>1285.924004</ele>
        <time>2026-04-27T10:15:37.250Z</time>
      </trkpt>
      <trkpt lat="45.163083" lon="5.637567">
        <ele>1291.911643</ele>
        <time>2026-04-27T10:16:21.082Z</time>
      </trkpt>
      <trkpt lat="45.16291" lon="5.636849">
        <ele>1303.581502</ele>
        <time>2026-04-27T10:17:44.774Z</time>
      </trkpt>
      <trkpt lat="45.16301" lon="5.63657">
        <ele>1308.367256</ele>
        <time>2026-04-27T10:18:15.707Z</time>
      </trkpt>
      <trkpt lat="45.162775" lon="5.636849">
        <ele>1315.048693</ele>
        <time>2026-04-27T10:18:56.595Z</time>
      </trkpt>
      <trkpt lat="45.162704" lon="5.63742">
        <ele>1324.031448</ele>
        <time>2026-04-27T10:19:51.709Z</time>
      </trkpt>
      <trkpt lat="45.162536" lon="5.637846">
        <ele>1331.57911</ele>
        <time>2026-04-27T10:20:41.821Z</time>
      </trkpt>
      <trkpt lat="45.162467" lon="5.637818">
        <ele>1333.135528</ele>
        <time>2026-04-27T10:20:53.943Z</time>
      </trkpt>
      <trkpt lat="45.162416" lon="5.637752">
        <ele>1334.791625</ele>
        <time>2026-04-27T10:21:05.635Z</time>
      </trkpt>
      <trkpt lat="45.162466" lon="5.637383">
        <ele>1341.9216</ele>
        <time>2026-04-27T10:21:51.129Z</time>
      </trkpt>
      <trkpt lat="45.162283" lon="5.636765">
        <ele>1354.640444</ele>
        <time>2026-04-27T10:23:14.660Z</time>
      </trkpt>
      <trkpt lat="45.161734" lon="5.636185">
        <ele>1373.063462</ele>
        <time>2026-04-27T10:25:21.015Z</time>
      </trkpt>
      <trkpt lat="45.161554" lon="5.635821">
        <ele>1381.636702</ele>
        <time>2026-04-27T10:26:23.072Z</time>
      </trkpt>
      <trkpt lat="45.161499" lon="5.635502">
        <ele>1386.960899</ele>
        <time>2026-04-27T10:27:05.677Z</time>
      </trkpt>
      <trkpt lat="45.161433" lon="5.635408">
        <ele>1389.061115</ele>
        <time>2026-04-27T10:27:20.895Z</time>
      </trkpt>
      <trkpt lat="45.161362" lon="5.635474">
        <ele>1390.967241</ele>
        <time>2026-04-27T10:27:34.129Z</time>
      </trkpt>
      <trkpt lat="45.161257" lon="5.635817">
        <ele>1396.887381</ele>
        <time>2026-04-27T10:28:12.592Z</time>
      </trkpt>
      <trkpt lat="45.161223" lon="5.63656">
        <ele>1408.71641</ele>
        <time>2026-04-27T10:29:29.671Z</time>
      </trkpt>
      <trkpt lat="45.161362" lon="5.636969">
        <ele>1415.904682</ele>
        <time>2026-04-27T10:30:16.158Z</time>
      </trkpt>
      <trkpt lat="45.161447" lon="5.637342">
        <ele>1422.372425</ele>
        <time>2026-04-27T10:30:56.029Z</time>
      </trkpt>
      <trkpt lat="45.161398" lon="5.637463">
        <ele>1423.776686</ele>
        <time>2026-04-27T10:31:10.168Z</time>
      </trkpt>
      <trkpt lat="45.161268" lon="5.637493">
        <ele>1425.584553</ele>
        <time>2026-04-27T10:31:30.212Z</time>
      </trkpt>
      <trkpt lat="45.161224" lon="5.637647">
        <ele>1427.050785</ele>
        <time>2026-04-27T10:31:44.783Z</time>
      </trkpt>
      <trkpt lat="45.161262" lon="5.638013">
        <ele>1430.462196</ele>
        <time>2026-04-27T10:32:15.652Z</time>
      </trkpt>
      <trkpt lat="45.161231" lon="5.63819">
        <ele>1432.179637</ele>
        <time>2026-04-27T10:32:31.200Z</time>
      </trkpt>
      <trkpt lat="45.161127" lon="5.638205">
        <ele>1433.653949</ele>
        <time>2026-04-27T10:32:45.152Z</time>
      </trkpt>
      <trkpt lat="45.16085" lon="5.637893">
        <ele>1438.143613</ele>
        <time>2026-04-27T10:33:22.824Z</time>
      </trkpt>
      <trkpt lat="45.160956" lon="5.637297">
        <ele>1443.636964</ele>
        <time>2026-04-27T10:33:58.388Z</time>
      </trkpt>
      <trkpt lat="45.160856" lon="5.636572">
        <ele>1444.036218</ele>
        <time>2026-04-27T10:34:30.902Z</time>
      </trkpt>
      <trkpt lat="45.160728" lon="5.635976">
        <ele>1442.659571</ele>
        <time>2026-04-27T10:34:52.857Z</time>
      </trkpt>
      <trkpt lat="45.160512" lon="5.635602">
        <ele>1441.566485</ele>
        <time>2026-04-27T10:35:09.970Z</time>
      </trkpt>
      <trkpt lat="45.160309" lon="5.634315">
        <ele>1443.388235</ele>
        <time>2026-04-27T10:35:56.335Z</time>
      </trkpt>
      <trkpt lat="45.160307" lon="5.633988">
        <ele>1446.119117</ele>
        <time>2026-04-27T10:36:11.833Z</time>
      </trkpt>
      <trkpt lat="45.160119" lon="5.633576">
        <ele>1450.350867</ele>
        <time>2026-04-27T10:36:42.519Z</time>
      </trkpt>
      <trkpt lat="45.160134" lon="5.633782">
        <ele>1452.18327</ele>
        <time>2026-04-27T10:36:56.826Z</time>
      </trkpt>
      <trkpt lat="45.159813" lon="5.634117">
        <ele>1456.955154</ele>
        <time>2026-04-27T10:37:41.175Z</time>
      </trkpt>
      <trkpt lat="45.159696" lon="5.634567">
        <ele>1461.030347</ele>
        <time>2026-04-27T10:38:28.829Z</time>
      </trkpt>
      <trkpt lat="45.159788" lon="5.636339">
        <ele>1493.905354</ele>
        <time>2026-04-27T10:41:46.722Z</time>
      </trkpt>
      <trkpt lat="45.159826" lon="5.63674">
        <ele>1501.544161</ele>
        <time>2026-04-27T10:42:26.009Z</time>
      </trkpt>
      <trkpt lat="45.159582" lon="5.636571">
        <ele>1508.695231</ele>
        <time>2026-04-27T10:43:10.063Z</time>
      </trkpt>
      <trkpt lat="45.159357" lon="5.636094">
        <ele>1518.01005</ele>
        <time>2026-04-27T10:44:13.965Z</time>
      </trkpt>
      <trkpt lat="45.159116" lon="5.635848">
        <ele>1524.925</ele>
        <time>2026-04-27T10:44:57.801Z</time>
      </trkpt>
      <trkpt lat="45.158752" lon="5.636272">
        <ele>1535.750045</ele>
        <time>2026-04-27T10:46:13.970Z</time>
      </trkpt>
      <trkpt lat="45.158634" lon="5.636277">
        <ele>1538.429549</ele>
        <time>2026-04-27T10:46:32.570Z</time>
      </trkpt>
      <trkpt lat="45.158469" lon="5.636146">
        <ele>1542.721605</ele>
        <time>2026-04-27T10:47:02.820Z</time>
      </trkpt>
      <trkpt lat="45.158452" lon="5.63599">
        <ele>1545.421307</ele>
        <time>2026-04-27T10:47:20.517Z</time>
      </trkpt>
      <trkpt lat="45.157891" lon="5.635296">
        <ele>1560.252464</ele>
        <time>2026-04-27T10:49:03.330Z</time>
      </trkpt>
      <trkpt lat="45.157545" lon="5.635263">
        <ele>1566.901713</ele>
        <time>2026-04-27T10:49:43.853Z</time>
      </trkpt>
      <trkpt lat="45.157206" lon="5.634737">
        <ele>1576.580468</ele>
        <time>2026-04-27T10:50:45.134Z</time>
      </trkpt>
      <trkpt lat="45.156972" lon="5.634497">
        <ele>1582.117723</ele>
        <time>2026-04-27T10:51:25.514Z</time>
      </trkpt>
      <trkpt lat="45.156736" lon="5.634321">
        <ele>1587.178038</ele>
        <time>2026-04-27T10:52:06.807Z</time>
      </trkpt>
      <trkpt lat="45.156439" lon="5.634231">
        <ele>1592.921237</ele>
        <time>2026-04-27T10:52:50.811Z</time>
      </trkpt>
      <trkpt lat="45.15572" lon="5.634158">
        <ele>1606.720014</ele>
        <time>2026-04-27T10:54:31.948Z</time>
      </trkpt>
      <trkpt lat="45.15481" lon="5.633861">
        <ele>1619.773476</ele>
        <time>2026-04-27T10:56:23.487Z</time>
      </trkpt>
      <trkpt lat="45.154465" lon="5.633902">
        <ele>1621.956418</ele>
        <time>2026-04-27T10:56:48.246Z</time>
      </trkpt>
      <trkpt lat="45.153758" lon="5.6339">
        <ele>1626.447796</ele>
        <time>2026-04-27T10:57:34.256Z</time>
      </trkpt>
      <trkpt lat="45.153439" lon="5.633756">
        <ele>1628.571308</ele>
        <time>2026-04-27T10:57:54.829Z</time>
      </trkpt>
      <trkpt lat="45.153168" lon="5.633765">
        <ele>1630.252088</ele>
        <time>2026-04-27T10:58:11.090Z</time>
      </trkpt>
      <trkpt lat="45.152593" lon="5.633407">
        <ele>1634.180677</ele>
        <time>2026-04-27T10:58:51.120Z</time>
      </trkpt>
      <trkpt lat="45.152108" lon="5.633358">
        <ele>1637.188538</ele>
        <time>2026-04-27T10:59:28.562Z</time>
      </trkpt>
      <trkpt lat="45.151646" lon="5.633538">
        <ele>1640.575915</ele>
        <time>2026-04-27T11:00:14.976Z</time>
      </trkpt>
      <trkpt lat="45.150749" lon="5.633769">
        <ele>1655.060838</ele>
        <time>2026-04-27T11:01:56.911Z</time>
      </trkpt>
      <trkpt lat="45.150055" lon="5.633681">
        <ele>1666.124675</ele>
        <time>2026-04-27T11:03:25.768Z</time>
      </trkpt>
      <trkpt lat="45.14962" lon="5.633748">
        <ele>1673.884756</ele>
        <time>2026-04-27T11:04:23.342Z</time>
      </trkpt>
      <trkpt lat="45.149164" lon="5.633929">
        <ele>1682.330752</ele>
        <time>2026-04-27T11:05:20.214Z</time>
      </trkpt>
      <trkpt lat="45.148995" lon="5.634036">
        <ele>1685.777469</ele>
        <time>2026-04-27T11:05:42.858Z</time>
      </trkpt>
      <trkpt lat="45.148983" lon="5.634121">
        <ele>1686.86792</ele>
        <time>2026-04-27T11:05:50.274Z</time>
      </trkpt>
      <trkpt lat="45.148606" lon="5.634215">
        <ele>1693.695352</ele>
        <time>2026-04-27T11:06:38.947Z</time>
      </trkpt>
      <trkpt lat="45.148341" lon="5.634508">
        <ele>1699.689147</ele>
        <time>2026-04-27T11:07:22.338Z</time>
      </trkpt>
      <trkpt lat="45.147916" lon="5.634697">
        <ele>1709.277685</ele>
        <time>2026-04-27T11:08:19.076Z</time>
      </trkpt>
      <trkpt lat="45.147632" lon="5.635072">
        <ele>1717.787517</ele>
        <time>2026-04-27T11:09:10.290Z</time>
      </trkpt>
      <trkpt lat="45.147377" lon="5.635242">
        <ele>1723.879462</ele>
        <time>2026-04-27T11:09:51.197Z</time>
      </trkpt>
      <trkpt lat="45.14713" lon="5.635522">
        <ele>1730.761029</ele>
        <time>2026-04-27T11:10:42.802Z</time>
      </trkpt>
      <trkpt lat="45.14654" lon="5.635629">
        <ele>1744.09947</ele>
        <time>2026-04-27T11:12:24.588Z</time>
      </trkpt>
      <trkpt lat="45.146728" lon="5.635867">
        <ele>1749.977425</ele>
        <time>2026-04-27T11:13:06.986Z</time>
      </trkpt>
      <trkpt lat="45.146658" lon="5.635912">
        <ele>1751.769939</ele>
        <time>2026-04-27T11:13:19.939Z</time>
      </trkpt>
      <trkpt lat="45.146742" lon="5.636013">
        <ele>1754.506241</ele>
        <time>2026-04-27T11:13:39.479Z</time>
      </trkpt>
      <trkpt lat="45.146469" lon="5.636118">
        <ele>1761.229268</ele>
        <time>2026-04-27T11:14:27.090Z</time>
      </trkpt>
      <trkpt lat="45.146235" lon="5.636319">
        <ele>1767.881436</ele>
        <time>2026-04-27T11:15:12.809Z</time>
      </trkpt>
      <trkpt lat="45.146535" lon="5.636437">
        <ele>1775.142305</ele>
        <time>2026-04-27T11:16:00.840Z</time>
      </trkpt>
      <trkpt lat="45.146728" lon="5.636691">
        <ele>1781.421501</ele>
        <time>2026-04-27T11:16:38.927Z</time>
      </trkpt>
      <trkpt lat="45.147327" lon="5.637003">
        <ele>1794.068555</ele>
        <time>2026-04-27T11:17:53.310Z</time>
      </trkpt>
      <trkpt lat="45.14792" lon="5.637273">
        <ele>1806.468517</ele>
        <time>2026-04-27T11:19:10.908Z</time>
      </trkpt>
      <trkpt lat="45.148383" lon="5.637359">
        <ele>1815.854855</ele>
        <time>2026-04-27T11:20:19.619Z</time>
      </trkpt>
      <trkpt lat="45.14869" lon="5.637705">
        <ele>1823.842239</ele>
        <time>2026-04-27T11:21:14.993Z</time>
      </trkpt>
      <trkpt lat="45.14879" lon="5.637867">
        <ele>1827.193265</ele>
        <time>2026-04-27T11:21:38.835Z</time>
      </trkpt>
      <trkpt lat="45.148806" lon="5.637968">
        <ele>1828.678187</ele>
        <time>2026-04-27T11:21:49.529Z</time>
      </trkpt>
      <trkpt lat="45.148707" lon="5.638088">
        <ele>1831.32729</ele>
        <time>2026-04-27T11:22:08.408Z</time>
      </trkpt>
      <trkpt lat="45.148721" lon="5.638239">
        <ele>1833.511992</ele>
        <time>2026-04-27T11:22:23.884Z</time>
      </trkpt>
      <trkpt lat="45.148604" lon="5.638741">
        <ele>1841.100704</ele>
        <time>2026-04-27T11:23:18.787Z</time>
      </trkpt>
      <trkpt lat="45.148444" lon="5.639001">
        <ele>1846.166253</ele>
        <time>2026-04-27T11:23:51.240Z</time>
      </trkpt>
      <trkpt lat="45.148367" lon="5.639007">
        <ele>1847.734756</ele>
        <time>2026-04-27T11:24:00.032Z</time>
      </trkpt>
      <trkpt lat="45.148317" lon="5.639149">
        <ele>1850.077636</ele>
        <time>2026-04-27T11:24:11.757Z</time>
      </trkpt>
      <trkpt lat="45.148184" lon="5.639181">
        <ele>1852.913607</ele>
        <time>2026-04-27T11:24:22.736Z</time>
      </trkpt>
      <trkpt lat="45.147578" lon="5.639195">
        <ele>1851.899114</ele>
        <time>2026-04-27T11:25:03.061Z</time>
      </trkpt>
      <trkpt lat="45.147619" lon="5.639274">
        <ele>1851.734455</ele>
        <time>2026-04-27T11:25:06.225Z</time>
      </trkpt>
      <trkpt lat="45.147576" lon="5.639356">
        <ele>1851.54538</ele>
        <time>2026-04-27T11:25:09.891Z</time>
      </trkpt>
      <trkpt lat="45.147603" lon="5.639453">
        <ele>1851.316897</ele>
        <time>2026-04-27T11:25:14.066Z</time>
      </trkpt>
      <trkpt lat="45.147478" lon="5.639371">
        <ele>1850.988913</ele>
        <time>2026-04-27T11:25:20.847Z</time>
      </trkpt>
      <trkpt lat="45.147321" lon="5.639049">
        <ele>1850.31659</ele>
        <time>2026-04-27T11:25:36.867Z</time>
      </trkpt>
      <trkpt lat="45.147289" lon="5.638356">
        <ele>1849.126857</ele>
        <time>2026-04-27T11:26:09.438Z</time>
      </trkpt>
      <trkpt lat="45.146994" lon="5.638177">
        <ele>1845.745793</ele>
        <time>2026-04-27T11:26:20.021Z</time>
      </trkpt>
      <trkpt lat="45.146536" lon="5.638023">
        <ele>1840.250263</ele>
        <time>2026-04-27T11:26:35.214Z</time>
      </trkpt>
      <trkpt lat="45.145846" lon="5.637907">
        <ele>1832.137972</ele>
        <time>2026-04-27T11:26:57.626Z</time>
      </trkpt>
      <trkpt lat="45.145241" lon="5.638101">
        <ele>1825.172592</ele>
        <time>2026-04-27T11:27:17.649Z</time>
      </trkpt>
      <trkpt lat="45.144632" lon="5.638126">
        <ele>1818.675355</ele>
        <time>2026-04-27T11:27:37.347Z</time>
      </trkpt>
      <trkpt lat="45.142405" lon="5.636685">
        <ele>1795.417563</ele>
        <time>2026-04-27T11:29:00.616Z</time>
      </trkpt>
      <trkpt lat="45.140957" lon="5.636098">
        <ele>1781.448667</ele>
        <time>2026-04-27T11:29:49.800Z</time>
      </trkpt>
      <trkpt lat="45.140246" lon="5.635417">
        <ele>1773.906549</ele>
        <time>2026-04-27T11:30:19.904Z</time>
      </trkpt>
      <trkpt lat="45.14" lon="5.635326">
        <ele>1771.941353</ele>
        <time>2026-04-27T11:30:29.123Z</time>
      </trkpt>
      <trkpt lat="45.139849" lon="5.634953">
        <ele>1769.570853</ele>
        <time>2026-04-27T11:30:40.103Z</time>
      </trkpt>
      <trkpt lat="45.139029" lon="5.634416">
        <ele>1762.583431</ele>
        <time>2026-04-27T11:31:10.206Z</time>
      </trkpt>
      <trkpt lat="45.138441" lon="5.633813">
        <ele>1756.305501</ele>
        <time>2026-04-27T11:31:35.322Z</time>
      </trkpt>
      <trkpt lat="45.138122" lon="5.633597">
        <ele>1753.230938</ele>
        <time>2026-04-27T11:31:47.389Z</time>
      </trkpt>
      <trkpt lat="45.137351" lon="5.632775">
        <ele>1744.541677</ele>
        <time>2026-04-27T11:32:19.953Z</time>
      </trkpt>
      <trkpt lat="45.136559" lon="5.631528">
        <ele>1732.551031</ele>
        <time>2026-04-27T11:32:58.589Z</time>
      </trkpt>
      <trkpt lat="45.135648" lon="5.630818">
        <ele>1723.45769</ele>
        <time>2026-04-27T11:33:33.855Z</time>
      </trkpt>
      <trkpt lat="45.135135" lon="5.630283">
        <ele>1718.414677</ele>
        <time>2026-04-27T11:33:55.704Z</time>
      </trkpt>
      <trkpt lat="45.134865" lon="5.628484">
        <ele>1709.944011</ele>
        <time>2026-04-27T11:34:42.149Z</time>
      </trkpt>
      <trkpt lat="45.134805" lon="5.627527">
        <ele>1706.123042</ele>
        <time>2026-04-27T11:35:06.990Z</time>
      </trkpt>
      <trkpt lat="45.134644" lon="5.627061">
        <ele>1704.091352</ele>
        <time>2026-04-27T11:35:20.327Z</time>
      </trkpt>
      <trkpt lat="45.134515" lon="5.626865">
        <ele>1703.149429</ele>
        <time>2026-04-27T11:35:28.395Z</time>
      </trkpt>
      <trkpt lat="45.13415" lon="5.626555">
        <ele>1701.029979</ele>
        <time>2026-04-27T11:35:46.635Z</time>
      </trkpt>
      <trkpt lat="45.133719" lon="5.626306">
        <ele>1698.711677</ele>
        <time>2026-04-27T11:36:06.722Z</time>
      </trkpt>
      <trkpt lat="45.13297" lon="5.62617">
        <ele>1694.770471</ele>
        <time>2026-04-27T11:36:39.533Z</time>
      </trkpt>
      <trkpt lat="45.132384" lon="5.626177">
        <ele>1690.424066</ele>
        <time>2026-04-27T11:37:04.427Z</time>
      </trkpt>
      <trkpt lat="45.132183" lon="5.626237">
        <ele>1688.90059</ele>
        <time>2026-04-27T11:37:12.932Z</time>
      </trkpt>
      <trkpt lat="45.13169" lon="5.626591">
        <ele>1684.801714</ele>
        <time>2026-04-27T11:37:35.267Z</time>
      </trkpt>
      <trkpt lat="45.131377" lon="5.626538">
        <ele>1682.438033</ele>
        <time>2026-04-27T11:37:47.777Z</time>
      </trkpt>
      <trkpt lat="45.129632" lon="5.625343">
        <ele>1660.251679</ele>
        <time>2026-04-27T11:39:01.766Z</time>
      </trkpt>
      <trkpt lat="45.129399" lon="5.624993">
        <ele>1655.778318</ele>
        <time>2026-04-27T11:39:14.627Z</time>
      </trkpt>
      <trkpt lat="45.128749" lon="5.623656">
        <ele>1640.633417</ele>
        <time>2026-04-27T11:39:58.098Z</time>
      </trkpt>
      <trkpt lat="45.12779" lon="5.623515">
        <ele>1628.066843</ele>
        <time>2026-04-27T11:40:33.601Z</time>
      </trkpt>
      <trkpt lat="45.1272" lon="5.623674">
        <ele>1620.291018</ele>
        <time>2026-04-27T11:40:52.951Z</time>
      </trkpt>
      <trkpt lat="45.127051" lon="5.623618">
        <ele>1618.262334</ele>
        <time>2026-04-27T11:40:58.012Z</time>
      </trkpt>
      <trkpt lat="45.126903" lon="5.623404">
        <ele>1615.502717</ele>
        <time>2026-04-27T11:41:04.874Z</time>
      </trkpt>
      <trkpt lat="45.126845" lon="5.622586">
        <ele>1606.9111</ele>
        <time>2026-04-27T11:41:26.875Z</time>
      </trkpt>
      <trkpt lat="45.126665" lon="5.622342">
        <ele>1603.136894</ele>
        <time>2026-04-27T11:41:36.284Z</time>
      </trkpt>
      <trkpt lat="45.126609" lon="5.621966">
        <ele>1598.976069</ele>
        <time>2026-04-27T11:41:46.643Z</time>
      </trkpt>
      <trkpt lat="45.126768" lon="5.621559">
        <ele>1593.981629</ele>
        <time>2026-04-27T11:41:59.074Z</time>
      </trkpt>
      <trkpt lat="45.127185" lon="5.620921">
        <ele>1584.599668</ele>
        <time>2026-04-27T11:42:22.012Z</time>
      </trkpt>
      <trkpt lat="45.127221" lon="5.620703">
        <ele>1582.120318</ele>
        <time>2026-04-27T11:42:27.913Z</time>
      </trkpt>
      <trkpt lat="45.127651" lon="5.619878">
        <ele>1570.7618</ele>
        <time>2026-04-27T11:42:55.050Z</time>
      </trkpt>
      <trkpt lat="45.127799" lon="5.619652">
        <ele>1567.051197</ele>
        <time>2026-04-27T11:43:03.931Z</time>
      </trkpt>
      <trkpt lat="45.127479" lon="5.619605">
        <ele>1562.001676</ele>
        <time>2026-04-27T11:43:16.087Z</time>
      </trkpt>
      <trkpt lat="45.127255" lon="5.619687">
        <ele>1558.527756</ele>
        <time>2026-04-27T11:43:24.862Z</time>
      </trkpt>
      <trkpt lat="45.126285" lon="5.620592">
        <ele>1546.965861</ele>
        <time>2026-04-27T11:44:10.724Z</time>
      </trkpt>
      <trkpt lat="45.125606" lon="5.620665">
        <ele>1540.392462</ele>
        <time>2026-04-27T11:44:37.520Z</time>
      </trkpt>
      <trkpt lat="45.124469" lon="5.621229">
        <ele>1531.481321</ele>
        <time>2026-04-27T11:45:26.682Z</time>
      </trkpt>
      <trkpt lat="45.123791" lon="5.621226">
        <ele>1526.557488</ele>
        <time>2026-04-27T11:45:55.379Z</time>
      </trkpt>
      <trkpt lat="45.123362" lon="5.621056">
        <ele>1523.473056</ele>
        <time>2026-04-27T11:46:13.865Z</time>
      </trkpt>
      <trkpt lat="45.12314" lon="5.620753">
        <ele>1521.341854</ele>
        <time>2026-04-27T11:46:26.596Z</time>
      </trkpt>
      <trkpt lat="45.121241" lon="5.619646">
        <ele>1504.738178</ele>
        <time>2026-04-27T11:47:50.578Z</time>
      </trkpt>
      <trkpt lat="45.121003" lon="5.619353">
        <ele>1501.908111</ele>
        <time>2026-04-27T11:48:02.993Z</time>
      </trkpt>
      <trkpt lat="45.120888" lon="5.619037">
        <ele>1499.664964</ele>
        <time>2026-04-27T11:48:12.584Z</time>
      </trkpt>
      <trkpt lat="45.120821" lon="5.618676">
        <ele>1495.945891</ele>
        <time>2026-04-27T11:48:22.562Z</time>
      </trkpt>
      <trkpt lat="45.120872" lon="5.618521">
        <ele>1494.084042</ele>
        <time>2026-04-27T11:48:26.430Z</time>
      </trkpt>
      <trkpt lat="45.121359" lon="5.61854">
        <ele>1486.438059</ele>
        <time>2026-04-27T11:48:42.321Z</time>
      </trkpt>
      <trkpt lat="45.12219" lon="5.618114">
        <ele>1472.781649</ele>
        <time>2026-04-27T11:49:10.497Z</time>
      </trkpt>
      <trkpt lat="45.122916" lon="5.617961">
        <ele>1462.205847</ele>
        <time>2026-04-27T11:49:33.932Z</time>
      </trkpt>
      <trkpt lat="45.123003" lon="5.617906">
        <ele>1460.846282</ele>
        <time>2026-04-27T11:49:36.982Z</time>
      </trkpt>
      <trkpt lat="45.123059" lon="5.617759">
        <ele>1459.164028</ele>
        <time>2026-04-27T11:49:40.741Z</time>
      </trkpt>
      <trkpt lat="45.123039" lon="5.617464">
        <ele>1456.179715</ele>
        <time>2026-04-27T11:49:47.466Z</time>
      </trkpt>
      <trkpt lat="45.122859" lon="5.61698">
        <ele>1450.670287</ele>
        <time>2026-04-27T11:49:59.885Z</time>
      </trkpt>
      <trkpt lat="45.122846" lon="5.616754">
        <ele>1448.386923</ele>
        <time>2026-04-27T11:50:05.028Z</time>
      </trkpt>
      <trkpt lat="45.122685" lon="5.616496">
        <ele>1444.993904</ele>
        <time>2026-04-27T11:50:13.165Z</time>
      </trkpt>
      <trkpt lat="45.122567" lon="5.61614">
        <ele>1441.749226</ele>
        <time>2026-04-27T11:50:22.392Z</time>
      </trkpt>
      <trkpt lat="45.122131" lon="5.61565">
        <ele>1435.210928</ele>
        <time>2026-04-27T11:50:40.988Z</time>
      </trkpt>
      <trkpt lat="45.121575" lon="5.615472">
        <ele>1428.49805</ele>
        <time>2026-04-27T11:50:59.532Z</time>
      </trkpt>
      <trkpt lat="45.12143" lon="5.615305">
        <ele>1426.313587</ele>
        <time>2026-04-27T11:51:05.520Z</time>
      </trkpt>
      <trkpt lat="45.12132" lon="5.615">
        <ele>1423.034823</ele>
        <time>2026-04-27T11:51:13.288Z</time>
      </trkpt>
      <trkpt lat="45.120926" lon="5.614536">
        <ele>1414.880898</ele>
        <time>2026-04-27T11:51:29.674Z</time>
      </trkpt>
      <trkpt lat="45.120788" lon="5.61442">
        <ele>1412.327046</ele>
        <time>2026-04-27T11:51:34.784Z</time>
      </trkpt>
      <trkpt lat="45.120418" lon="5.614349">
        <ele>1406.384019</ele>
        <time>2026-04-27T11:51:46.655Z</time>
      </trkpt>
      <trkpt lat="45.120346" lon="5.614268">
        <ele>1404.920806</ele>
        <time>2026-04-27T11:51:49.563Z</time>
      </trkpt>
      <trkpt lat="45.120338" lon="5.614152">
        <ele>1403.534927</ele>
        <time>2026-04-27T11:51:52.335Z</time>
      </trkpt>
      <trkpt lat="45.120457" lon="5.613839">
        <ele>1399.505767</ele>
        <time>2026-04-27T11:52:00.448Z</time>
      </trkpt>
      <trkpt lat="45.120368" lon="5.61305">
        <ele>1392.412961</ele>
        <time>2026-04-27T11:52:18.525Z</time>
      </trkpt>
      <trkpt lat="45.119996" lon="5.611725">
        <ele>1381.763672</ele>
        <time>2026-04-27T11:52:51.342Z</time>
      </trkpt>
      <trkpt lat="45.118884" lon="5.610375">
        <ele>1377.218432</ele>
        <time>2026-04-27T11:53:46.822Z</time>
      </trkpt>
      <trkpt lat="45.118229" lon="5.610213">
        <ele>1377.272914</ele>
        <time>2026-04-27T11:54:19.109Z</time>
      </trkpt>
      <trkpt lat="45.11727" lon="5.61009">
        <ele>1379.72016</ele>
        <time>2026-04-27T11:55:08.894Z</time>
      </trkpt>
      <trkpt lat="45.11689" lon="5.60991">
        <ele>1380.860632</ele>
        <time>2026-04-27T11:55:27.428Z</time>
      </trkpt>
      <trkpt lat="45.116572" lon="5.609478">
        <ele>1382.114538</ele>
        <time>2026-04-27T11:55:46.323Z</time>
      </trkpt>
      <trkpt lat="45.116321" lon="5.60883">
        <ele>1380.040641</ele>
        <time>2026-04-27T11:56:06.425Z</time>
      </trkpt>
      <trkpt lat="45.116152" lon="5.608576">
        <ele>1378.643683</ele>
        <time>2026-04-27T11:56:15.424Z</time>
      </trkpt>
      <trkpt lat="45.11602" lon="5.608109">
        <ele>1376.643205</ele>
        <time>2026-04-27T11:56:28.021Z</time>
      </trkpt>
      <trkpt lat="45.115812" lon="5.607723">
        <ele>1374.720838</ele>
        <time>2026-04-27T11:56:39.956Z</time>
      </trkpt>
      <trkpt lat="45.114673" lon="5.60674">
        <ele>1366.709563</ele>
        <time>2026-04-27T11:57:25.459Z</time>
      </trkpt>
      <trkpt lat="45.113889" lon="5.606313">
        <ele>1361.515403</ele>
        <time>2026-04-27T11:57:56.244Z</time>
      </trkpt>
      <trkpt lat="45.113371" lon="5.606045">
        <ele>1360.153873</ele>
        <time>2026-04-27T11:58:18.000Z</time>
      </trkpt>
      <trkpt lat="45.112975" lon="5.60611">
        <ele>1359.326065</ele>
        <time>2026-04-27T11:58:33.946Z</time>
      </trkpt>
      <trkpt lat="45.112368" lon="5.606532">
        <ele>1357.922071</ele>
        <time>2026-04-27T11:59:00.430Z</time>
      </trkpt>
      <trkpt lat="45.112254" lon="5.606532">
        <ele>1357.685346</ele>
        <time>2026-04-27T11:59:04.957Z</time>
      </trkpt>
      <trkpt lat="45.111452" lon="5.606229">
        <ele>1356.124115</ele>
        <time>2026-04-27T11:59:37.258Z</time>
      </trkpt>
      <trkpt lat="45.110714" lon="5.606214">
        <ele>1354.762351</ele>
        <time>2026-04-27T12:00:06.228Z</time>
      </trkpt>
      <trkpt lat="45.110349" lon="5.606127">
        <ele>1354.036739</ele>
        <time>2026-04-27T12:00:21.372Z</time>
      </trkpt>
      <trkpt lat="45.108137" lon="5.606402">
        <ele>1347.674125</ele>
        <time>2026-04-27T12:01:44.798Z</time>
      </trkpt>
      <trkpt lat="45.106594" lon="5.606321">
        <ele>1347.649244</ele>
        <time>2026-04-27T12:02:46.310Z</time>
      </trkpt>
      <trkpt lat="45.104502" lon="5.606068">
        <ele>1367.086588</ele>
        <time>2026-04-27T12:05:19.022Z</time>
      </trkpt>
      <trkpt lat="45.103486" lon="5.605791">
        <ele>1376.127644</ele>
        <time>2026-04-27T12:06:21.092Z</time>
      </trkpt>
      <trkpt lat="45.102629" lon="5.605448">
        <ele>1380.247289</ele>
        <time>2026-04-27T12:06:59.163Z</time>
      </trkpt>
      <trkpt lat="45.101264" lon="5.605172">
        <ele>1385.184452</ele>
        <time>2026-04-27T12:08:03.931Z</time>
      </trkpt>
      <trkpt lat="45.09989" lon="5.604677">
        <ele>1395.663106</ele>
        <time>2026-04-27T12:09:27.288Z</time>
      </trkpt>
      <trkpt lat="45.098697" lon="5.604499">
        <ele>1405.226042</ele>
        <time>2026-04-27T12:10:36.818Z</time>
      </trkpt>
      <trkpt lat="45.097959" lon="5.604297">
        <ele>1411.291503</ele>
        <time>2026-04-27T12:11:21.165Z</time>
      </trkpt>
      <trkpt lat="45.097508" lon="5.604271">
        <ele>1415.345996</ele>
        <time>2026-04-27T12:11:48.094Z</time>
      </trkpt>
      <trkpt lat="45.095973" lon="5.603782">
        <ele>1429.578984</ele>
        <time>2026-04-27T12:13:26.639Z</time>
      </trkpt>
      <trkpt lat="45.094917" lon="5.603093">
        <ele>1440.218799</ele>
        <time>2026-04-27T12:14:45.483Z</time>
      </trkpt>
      <trkpt lat="45.094654" lon="5.602787">
        <ele>1443.325502</ele>
        <time>2026-04-27T12:15:04.588Z</time>
      </trkpt>
      <trkpt lat="45.094496" lon="5.602861">
        <ele>1444.243979</ele>
        <time>2026-04-27T12:15:14.954Z</time>
      </trkpt>
      <trkpt lat="45.094107" lon="5.601869">
        <ele>1445.608748</ele>
        <time>2026-04-27T12:16:00.076Z</time>
      </trkpt>
      <trkpt lat="45.093811" lon="5.601706">
        <ele>1446.1471</ele>
        <time>2026-04-27T12:16:15.390Z</time>
      </trkpt>
      <trkpt lat="45.093526" lon="5.601375">
        <ele>1446.771848</ele>
        <time>2026-04-27T12:16:32.546Z</time>
      </trkpt>
      <trkpt lat="45.09289" lon="5.600954">
        <ele>1447.023049</ele>
        <time>2026-04-27T12:17:04.879Z</time>
      </trkpt>
      <trkpt lat="45.09242" lon="5.600892">
        <ele>1446.891015</ele>
        <time>2026-04-27T12:17:26.748Z</time>
      </trkpt>
      <trkpt lat="45.091912" lon="5.600908">
        <ele>1446.748886</ele>
        <time>2026-04-27T12:17:50.930Z</time>
      </trkpt>
      <trkpt lat="45.091517" lon="5.601132">
        <ele>1447.181113</ele>
        <time>2026-04-27T12:18:13.144Z</time>
      </trkpt>
      <trkpt lat="45.091367" lon="5.601359">
        <ele>1448.578589</ele>
        <time>2026-04-27T12:18:25.641Z</time>
      </trkpt>
      <trkpt lat="45.091036" lon="5.601386">
        <ele>1450.709318</ele>
        <time>2026-04-27T12:18:46.285Z</time>
      </trkpt>
      <trkpt lat="45.090725" lon="5.602005">
        <ele>1454.143683</ele>
        <time>2026-04-27T12:19:22.771Z</time>
      </trkpt>
      <trkpt lat="45.090393" lon="5.602287">
        <ele>1456.60827</ele>
        <time>2026-04-27T12:19:51.206Z</time>
      </trkpt>
      <trkpt lat="45.08959" lon="5.602382">
        <ele>1462.095762</ele>
        <time>2026-04-27T12:20:45.054Z</time>
      </trkpt>
      <trkpt lat="45.089349" lon="5.602571">
        <ele>1464.024471</ele>
        <time>2026-04-27T12:21:01.385Z</time>
      </trkpt>
      <trkpt lat="45.08914" lon="5.602388">
        <ele>1465.722763</ele>
        <time>2026-04-27T12:21:15.800Z</time>
      </trkpt>
      <trkpt lat="45.088861" lon="5.602487">
        <ele>1467.804611</ele>
        <time>2026-04-27T12:21:34.542Z</time>
      </trkpt>
      <trkpt lat="45.088618" lon="5.60275">
        <ele>1469.918377</ele>
        <time>2026-04-27T12:21:55.180Z</time>
      </trkpt>
      <trkpt lat="45.088479" lon="5.602786">
        <ele>1471.155952</ele>
        <time>2026-04-27T12:22:05.292Z</time>
      </trkpt>
      <trkpt lat="45.088225" lon="5.603902">
        <ele>1481.089276</ele>
        <time>2026-04-27T12:23:13.744Z</time>
      </trkpt>
      <trkpt lat="45.087926" lon="5.604502">
        <ele>1487.29007</ele>
        <time>2026-04-27T12:24:00.716Z</time>
      </trkpt>
      <trkpt lat="45.087551" lon="5.605055">
        <ele>1493.755055</ele>
        <time>2026-04-27T12:24:48.076Z</time>
      </trkpt>
      <trkpt lat="45.087307" lon="5.605245">
        <ele>1497.172117</ele>
        <time>2026-04-27T12:25:13.151Z</time>
      </trkpt>
      <trkpt lat="45.087131" lon="5.605187">
        <ele>1499.335382</ele>
        <time>2026-04-27T12:25:30.043Z</time>
      </trkpt>
      <trkpt lat="45.086781" lon="5.605276">
        <ele>1503.592155</ele>
        <time>2026-04-27T12:26:01.086Z</time>
      </trkpt>
      <trkpt lat="45.086579" lon="5.605155">
        <ele>1506.217623</ele>
        <time>2026-04-27T12:26:18.984Z</time>
      </trkpt>
      <trkpt lat="45.086435" lon="5.605239">
        <ele>1508.081896</ele>
        <time>2026-04-27T12:26:31.918Z</time>
      </trkpt>
      <trkpt lat="45.086168" lon="5.605613">
        <ele>1512.577193</ele>
        <time>2026-04-27T12:27:03.155Z</time>
      </trkpt>
      <trkpt lat="45.085638" lon="5.605083">
        <ele>1515.982839</ele>
        <time>2026-04-27T12:28:00.132Z</time>
      </trkpt>
      <trkpt lat="45.085136" lon="5.605008">
        <ele>1518.15295</ele>
        <time>2026-04-27T12:28:33.034Z</time>
      </trkpt>
      <trkpt lat="45.085252" lon="5.604453">
        <ele>1519.922744</ele>
        <time>2026-04-27T12:28:57.461Z</time>
      </trkpt>
      <trkpt lat="45.085176" lon="5.604427">
        <ele>1520.25887</ele>
        <time>2026-04-27T12:29:02.115Z</time>
      </trkpt>
      <trkpt lat="45.085108" lon="5.604277">
        <ele>1520.799949</ele>
        <time>2026-04-27T12:29:09.486Z</time>
      </trkpt>
      <trkpt lat="45.085118" lon="5.604116">
        <ele>1521.245782</ele>
        <time>2026-04-27T12:29:15.980Z</time>
      </trkpt>
      <trkpt lat="45.084912" lon="5.603772">
        <ele>1520.567477</ele>
        <time>2026-04-27T12:29:34.311Z</time>
      </trkpt>
      <trkpt lat="45.08493" lon="5.603456">
        <ele>1520.084072</ele>
        <time>2026-04-27T12:29:47.112Z</time>
      </trkpt>
      <trkpt lat="45.08443" lon="5.603027">
        <ele>1518.858572</ele>
        <time>2026-04-27T12:30:18.172Z</time>
      </trkpt>
      <trkpt lat="45.083439" lon="5.602301">
        <ele>1517.341946</ele>
        <time>2026-04-27T12:31:18.128Z</time>
      </trkpt>
      <trkpt lat="45.083141" lon="5.602227">
        <ele>1517.236024</ele>
        <time>2026-04-27T12:31:34.895Z</time>
      </trkpt>
      <trkpt lat="45.082868" lon="5.602406">
        <ele>1517.127982</ele>
        <time>2026-04-27T12:31:52.171Z</time>
      </trkpt>
      <trkpt lat="45.082443" lon="5.602161">
        <ele>1516.967335</ele>
        <time>2026-04-27T12:32:19.529Z</time>
      </trkpt>
      <trkpt lat="45.08224" lon="5.602178">
        <ele>1516.896141</ele>
        <time>2026-04-27T12:32:32.218Z</time>
      </trkpt>
      <trkpt lat="45.081601" lon="5.601935">
        <ele>1518.864707</ele>
        <time>2026-04-27T12:33:13.666Z</time>
      </trkpt>
      <trkpt lat="45.080509" lon="5.601699">
        <ele>1522.447453</ele>
        <time>2026-04-27T12:34:28.225Z</time>
      </trkpt>
      <trkpt lat="45.080114" lon="5.601692">
        <ele>1522.447561</ele>
        <time>2026-04-27T12:34:55.770Z</time>
      </trkpt>
      <trkpt lat="45.079582" lon="5.601792">
        <ele>1522.026003</ele>
        <time>2026-04-27T12:35:28.708Z</time>
      </trkpt>
      <trkpt lat="45.07901" lon="5.601724">
        <ele>1521.57511</ele>
        <time>2026-04-27T12:35:59.398Z</time>
      </trkpt>
      <trkpt lat="45.078599" lon="5.601459">
        <ele>1520.877742</ele>
        <time>2026-04-27T12:36:22.098Z</time>
      </trkpt>
      <trkpt lat="45.078502" lon="5.601466">
        <ele>1520.392839</ele>
        <time>2026-04-27T12:36:26.800Z</time>
      </trkpt>
      <trkpt lat="45.078165" lon="5.60123">
        <ele>1518.468898</ele>
        <time>2026-04-27T12:36:44.941Z</time>
      </trkpt>
      <trkpt lat="45.077949" lon="5.600926">
        <ele>1516.92644</ele>
        <time>2026-04-27T12:36:59.403Z</time>
      </trkpt>
      <trkpt lat="45.077725" lon="5.60075">
        <ele>1515.647519</ele>
        <time>2026-04-27T12:37:11.689Z</time>
      </trkpt>
      <trkpt lat="45.07715" lon="5.600613">
        <ele>1512.705063</ele>
        <time>2026-04-27T12:37:42.812Z</time>
      </trkpt>
      <trkpt lat="45.076909" lon="5.600223">
        <ele>1514.940057</ele>
        <time>2026-04-27T12:38:05.444Z</time>
      </trkpt>
      <trkpt lat="45.076683" lon="5.600063">
        <ele>1517.283398</ele>
        <time>2026-04-27T12:38:22.904Z</time>
      </trkpt>
      <trkpt lat="45.076293" lon="5.600444">
        <ele>1521.627928</ele>
        <time>2026-04-27T12:39:02.109Z</time>
      </trkpt>
      <trkpt lat="45.075915" lon="5.600581">
        <ele>1525.300908</ele>
        <time>2026-04-27T12:39:45.185Z</time>
      </trkpt>
      <trkpt lat="45.075709" lon="5.600522">
        <ele>1527.244484</ele>
        <time>2026-04-27T12:40:10.329Z</time>
      </trkpt>
      <trkpt lat="45.075528" lon="5.600656">
        <ele>1529.108038</ele>
        <time>2026-04-27T12:40:35.896Z</time>
      </trkpt>
      <trkpt lat="45.074865" lon="5.600441">
        <ele>1535.256352</ele>
        <time>2026-04-27T12:41:55.188Z</time>
      </trkpt>
      <trkpt lat="45.07468" lon="5.600283">
        <ele>1537.180019</ele>
        <time>2026-04-27T12:42:15.191Z</time>
      </trkpt>
      <trkpt lat="45.074545" lon="5.600108">
        <ele>1538.809681</ele>
        <time>2026-04-27T12:42:30.315Z</time>
      </trkpt>
      <trkpt lat="45.074512" lon="5.599861">
        <ele>1540.409866</ele>
        <time>2026-04-27T12:42:43.729Z</time>
      </trkpt>
      <trkpt lat="45.074562" lon="5.599691">
        <ele>1541.636488</ele>
        <time>2026-04-27T12:42:53.105Z</time>
      </trkpt>
      <trkpt lat="45.074527" lon="5.599331">
        <ele>1543.972579</ele>
        <time>2026-04-27T12:43:08.943Z</time>
      </trkpt>
      <trkpt lat="45.074671" lon="5.598757">
        <ele>1544.847682</ele>
        <time>2026-04-27T12:43:32.412Z</time>
      </trkpt>
      <trkpt lat="45.074372" lon="5.598394">
        <ele>1544.888584</ele>
        <time>2026-04-27T12:43:52.992Z</time>
      </trkpt>
      <trkpt lat="45.074207" lon="5.598081">
        <ele>1544.917062</ele>
        <time>2026-04-27T12:44:07.813Z</time>
      </trkpt>
      <trkpt lat="45.074164" lon="5.597521">
        <ele>1544.958133</ele>
        <time>2026-04-27T12:44:31.700Z</time>
      </trkpt>
      <trkpt lat="45.074051" lon="5.597248">
        <ele>1544.981206</ele>
        <time>2026-04-27T12:44:46.305Z</time>
      </trkpt>
      <trkpt lat="45.073932" lon="5.597126">
        <ele>1544.996374</ele>
        <time>2026-04-27T12:44:56.010Z</time>
      </trkpt>
      <trkpt lat="45.073343" lon="5.59682">
        <ele>1544.612811</ele>
        <time>2026-04-27T12:45:36.937Z</time>
      </trkpt>
      <trkpt lat="45.073282" lon="5.596177">
        <ele>1544.320176</ele>
        <time>2026-04-27T12:46:05.773Z</time>
      </trkpt>
      <trkpt lat="45.073285" lon="5.595433">
        <ele>1543.987916</ele>
        <time>2026-04-27T12:46:34.902Z</time>
      </trkpt>
      <trkpt lat="45.072854" lon="5.59497">
        <ele>1540.886766</ele>
        <time>2026-04-27T12:47:00.102Z</time>
      </trkpt>
      <trkpt lat="45.07215" lon="5.593638">
        <ele>1530.677118</ele>
        <time>2026-04-27T12:47:53.280Z</time>
      </trkpt>
      <trkpt lat="45.072002" lon="5.593584">
        <ele>1529.296819</ele>
        <time>2026-04-27T12:48:01.148Z</time>
      </trkpt>
      <trkpt lat="45.071721" lon="5.593844">
        <ele>1528.493788</ele>
        <time>2026-04-27T12:48:18.463Z</time>
      </trkpt>
      <trkpt lat="45.071811" lon="5.593661">
        <ele>1528.674326</ele>
        <time>2026-04-27T12:48:27.332Z</time>
      </trkpt>
      <trkpt lat="45.071348" lon="5.594008">
        <ele>1529.271858</ele>
        <time>2026-04-27T12:49:04.284Z</time>
      </trkpt>
      <trkpt lat="45.071052" lon="5.594088">
        <ele>1529.614218</ele>
        <time>2026-04-27T12:49:26.251Z</time>
      </trkpt>
      <trkpt lat="45.070897" lon="5.59404">
        <ele>1529.794478</ele>
        <time>2026-04-27T12:49:36.606Z</time>
      </trkpt>
      <trkpt lat="45.0707" lon="5.594102">
        <ele>1530.023754</ele>
        <time>2026-04-27T12:49:49.840Z</time>
      </trkpt>
      <trkpt lat="45.070605" lon="5.594008">
        <ele>1530.157176</ele>
        <time>2026-04-27T12:49:57.525Z</time>
      </trkpt>
      <trkpt lat="45.070675" lon="5.593424">
        <ele>1527.456361</ele>
        <time>2026-04-27T12:50:21.134Z</time>
      </trkpt>
      <trkpt lat="45.0706" lon="5.593125">
        <ele>1525.338982</ele>
        <time>2026-04-27T12:50:32.627Z</time>
      </trkpt>
      <trkpt lat="45.070579" lon="5.592712">
        <ele>1522.485256</ele>
        <time>2026-04-27T12:50:46.992Z</time>
      </trkpt>
      <trkpt lat="45.070696" lon="5.591672">
        <ele>1515.368934</ele>
        <time>2026-04-27T12:51:20.556Z</time>
      </trkpt>
      <trkpt lat="45.070602" lon="5.590983">
        <ele>1510.977194</ele>
        <time>2026-04-27T12:51:42.516Z</time>
      </trkpt>
      <trkpt lat="45.070516" lon="5.590767">
        <ele>1509.487268</ele>
        <time>2026-04-27T12:51:50.350Z</time>
      </trkpt>
      <trkpt lat="45.070386" lon="5.59064">
        <ele>1508.161324</ele>
        <time>2026-04-27T12:51:57.367Z</time>
      </trkpt>
      <trkpt lat="45.068406" lon="5.589917">
        <ele>1502.293672</ele>
        <time>2026-04-27T12:54:07.022Z</time>
      </trkpt>
      <trkpt lat="45.068168" lon="5.589728">
        <ele>1503.595225</ele>
        <time>2026-04-27T12:54:29.362Z</time>
      </trkpt>
      <trkpt lat="45.067864" lon="5.588527">
        <ele>1506.069562</ele>
        <time>2026-04-27T12:55:29.104Z</time>
      </trkpt>
      <trkpt lat="45.067633" lon="5.588136">
        <ele>1504.994818</ele>
        <time>2026-04-27T12:55:48.557Z</time>
      </trkpt>
      <trkpt lat="45.067538" lon="5.58746">
        <ele>1503.555654</ele>
        <time>2026-04-27T12:56:13.866Z</time>
      </trkpt>
      <trkpt lat="45.067326" lon="5.586891">
        <ele>1502.216274</ele>
        <time>2026-04-27T12:56:37.311Z</time>
      </trkpt>
      <trkpt lat="45.067053" lon="5.586349">
        <ele>1499.472169</ele>
        <time>2026-04-27T12:57:01.016Z</time>
      </trkpt>
      <trkpt lat="45.066209" lon="5.585057">
        <ele>1488.064716</ele>
        <time>2026-04-27T12:57:58.753Z</time>
      </trkpt>
      <trkpt lat="45.065689" lon="5.584735">
        <ele>1482.879911</ele>
        <time>2026-04-27T12:58:24.163Z</time>
      </trkpt>
      <trkpt lat="45.064746" lon="5.584408">
        <ele>1474.058243</ele>
        <time>2026-04-27T12:59:07.914Z</time>
      </trkpt>
      <trkpt lat="45.064256" lon="5.584155">
        <ele>1469.303507</ele>
        <time>2026-04-27T12:59:33.753Z</time>
      </trkpt>
      <trkpt lat="45.063772" lon="5.584129">
        <ele>1468.451067</ele>
        <time>2026-04-27T12:59:59.617Z</time>
      </trkpt>
      <trkpt lat="45.063704" lon="5.584547">
        <ele>1468.311085</ele>
        <time>2026-04-27T13:00:16.174Z</time>
      </trkpt>
      <trkpt lat="45.063429" lon="5.585315">
        <ele>1468.030088</ele>
        <time>2026-04-27T13:00:50.827Z</time>
      </trkpt>
      <trkpt lat="45.062348" lon="5.586929">
        <ele>1472.064443</ele>
        <time>2026-04-27T13:02:36.548Z</time>
      </trkpt>
      <trkpt lat="45.061872" lon="5.5875">
        <ele>1474.469617</ele>
        <time>2026-04-27T13:03:19.930Z</time>
      </trkpt>
      <trkpt lat="45.061756" lon="5.587803">
        <ele>1474.719926</ele>
        <time>2026-04-27T13:03:35.283Z</time>
      </trkpt>
      <trkpt lat="45.061485" lon="5.587888">
        <ele>1474.676645</ele>
        <time>2026-04-27T13:03:51.726Z</time>
      </trkpt>
      <trkpt lat="45.061082" lon="5.588184">
        <ele>1474.605853</ele>
        <time>2026-04-27T13:04:16.921Z</time>
      </trkpt>
      <trkpt lat="45.06041" lon="5.588447">
        <ele>1474.496373</ele>
        <time>2026-04-27T13:04:54.863Z</time>
      </trkpt>
      <trkpt lat="45.059948" lon="5.589238">
        <ele>1476.258204</ele>
        <time>2026-04-27T13:05:36.356Z</time>
      </trkpt>
      <trkpt lat="45.059708" lon="5.589537">
        <ele>1477.3312</ele>
        <time>2026-04-27T13:05:56.889Z</time>
      </trkpt>
      <trkpt lat="45.059293" lon="5.589939">
        <ele>1479.018905</ele>
        <time>2026-04-27T13:06:32.271Z</time>
      </trkpt>
      <trkpt lat="45.058807" lon="5.590107">
        <ele>1480.769428</ele>
        <time>2026-04-27T13:07:09.345Z</time>
      </trkpt>
      <trkpt lat="45.058535" lon="5.590468">
        <ele>1482.429209</ele>
        <time>2026-04-27T13:07:37.132Z</time>
      </trkpt>
      <trkpt lat="45.058314" lon="5.590573">
        <ele>1483.466964</ele>
        <time>2026-04-27T13:07:56.177Z</time>
      </trkpt>
      <trkpt lat="45.058013" lon="5.590888">
        <ele>1485.133308</ele>
        <time>2026-04-27T13:08:26.702Z</time>
      </trkpt>
      <trkpt lat="45.057937" lon="5.590925">
        <ele>1485.491085</ele>
        <time>2026-04-27T13:08:32.486Z</time>
      </trkpt>
      <trkpt lat="45.057914" lon="5.590818">
        <ele>1485.842795</ele>
        <time>2026-04-27T13:08:38.339Z</time>
      </trkpt>
      <trkpt lat="45.057768" lon="5.590724">
        <ele>1486.556805</ele>
        <time>2026-04-27T13:08:49.179Z</time>
      </trkpt>
      <trkpt lat="45.057562" lon="5.590796">
        <ele>1487.542361</ele>
        <time>2026-04-27T13:09:02.881Z</time>
      </trkpt>
      <trkpt lat="45.057362" lon="5.590742">
        <ele>1488.449615</ele>
        <time>2026-04-27T13:09:14.380Z</time>
      </trkpt>
      <trkpt lat="45.057333" lon="5.589941">
        <ele>1485.437894</ele>
        <time>2026-04-27T13:09:43.398Z</time>
      </trkpt>
      <trkpt lat="45.057498" lon="5.588997">
        <ele>1481.613317</ele>
        <time>2026-04-27T13:10:16.695Z</time>
      </trkpt>
      <trkpt lat="45.057469" lon="5.588861">
        <ele>1481.056957</ele>
        <time>2026-04-27T13:10:21.321Z</time>
      </trkpt>
      <trkpt lat="45.056962" lon="5.589148">
        <ele>1478.313164</ele>
        <time>2026-04-27T13:10:47.687Z</time>
      </trkpt>
      <trkpt lat="45.056214" lon="5.589756">
        <ele>1476.221711</ele>
        <time>2026-04-27T13:11:33.314Z</time>
      </trkpt>
      <trkpt lat="45.055993" lon="5.589834">
        <ele>1475.669808</ele>
        <time>2026-04-27T13:11:46.205Z</time>
      </trkpt>
      <trkpt lat="45.055421" lon="5.59046">
        <ele>1474.099173</ele>
        <time>2026-04-27T13:12:27.252Z</time>
      </trkpt>
      <trkpt lat="45.055318" lon="5.590653">
        <ele>1473.971449</ele>
        <time>2026-04-27T13:12:36.871Z</time>
      </trkpt>
      <trkpt lat="45.055297" lon="5.590908">
        <ele>1473.828828</ele>
        <time>2026-04-27T13:12:47.448Z</time>
      </trkpt>
      <trkpt lat="45.054911" lon="5.590964">
        <ele>1473.537459</ele>
        <time>2026-04-27T13:13:09.740Z</time>
      </trkpt>
      <trkpt lat="45.054714" lon="5.590901">
        <ele>1473.386494</ele>
        <time>2026-04-27T13:13:21.615Z</time>
      </trkpt>
      <trkpt lat="45.054212" lon="5.590437">
        <ele>1472.938349</ele>
        <time>2026-04-27T13:13:56.082Z</time>
      </trkpt>
      <trkpt lat="45.053731" lon="5.590099">
        <ele>1470.144206</ele>
        <time>2026-04-27T13:14:23.862Z</time>
      </trkpt>
      <trkpt lat="45.053385" lon="5.589505">
        <ele>1466.475177</ele>
        <time>2026-04-27T13:14:50.271Z</time>
      </trkpt>
      <trkpt lat="45.053187" lon="5.588707">
        <ele>1462.45024</ele>
        <time>2026-04-27T13:15:19.094Z</time>
      </trkpt>
      <trkpt lat="45.052723" lon="5.588004">
        <ele>1454.990498</ele>
        <time>2026-04-27T13:15:47.783Z</time>
      </trkpt>
      <trkpt lat="45.052806" lon="5.587781">
        <ele>1452.614026</ele>
        <time>2026-04-27T13:15:55.764Z</time>
      </trkpt>
      <trkpt lat="45.052808" lon="5.58751">
        <ele>1450.029574</ele>
        <time>2026-04-27T13:16:04.440Z</time>
      </trkpt>
      <trkpt lat="45.052967" lon="5.587261">
        <ele>1446.81846</ele>
        <time>2026-04-27T13:16:15.204Z</time>
      </trkpt>
      <trkpt lat="45.053046" lon="5.586758">
        <ele>1441.96024</ele>
        <time>2026-04-27T13:16:31.431Z</time>
      </trkpt>
      <trkpt lat="45.053001" lon="5.586385">
        <ele>1438.338194</ele>
        <time>2026-04-27T13:16:42.572Z</time>
      </trkpt>
      <trkpt lat="45.053308" lon="5.585711">
        <ele>1428.417456</ele>
        <time>2026-04-27T13:17:02.000Z</time>
      </trkpt>
      <trkpt lat="45.053281" lon="5.585372">
        <ele>1423.747268</ele>
        <time>2026-04-27T13:17:13.207Z</time>
      </trkpt>
      <trkpt lat="45.053344" lon="5.585154">
        <ele>1420.678929</ele>
        <time>2026-04-27T13:17:20.557Z</time>
      </trkpt>
      <trkpt lat="45.053389" lon="5.585073">
        <ele>1419.336534</ele>
        <time>2026-04-27T13:17:23.782Z</time>
      </trkpt>
      <trkpt lat="45.053612" lon="5.585096">
        <ele>1415.123065</ele>
        <time>2026-04-27T13:17:32.353Z</time>
      </trkpt>
      <trkpt lat="45.054153" lon="5.584855">
        <ele>1404.638318</ele>
        <time>2026-04-27T13:17:53.534Z</time>
      </trkpt>
      <trkpt lat="45.054485" lon="5.584205">
        <ele>1391.576924</ele>
        <time>2026-04-27T13:18:14.643Z</time>
      </trkpt>
      <trkpt lat="45.054775" lon="5.583418">
        <ele>1376.766157</ele>
        <time>2026-04-27T13:18:38.396Z</time>
      </trkpt>
      <trkpt lat="45.054913" lon="5.583307">
        <ele>1373.022164</ele>
        <time>2026-04-27T13:18:44.675Z</time>
      </trkpt>
      <trkpt lat="45.055101" lon="5.58332">
        <ele>1368.582266</ele>
        <time>2026-04-27T13:18:52.170Z</time>
      </trkpt>
      <trkpt lat="45.055345" lon="5.583178">
        <ele>1362.359296</ele>
        <time>2026-04-27T13:19:02.713Z</time>
      </trkpt>
      <trkpt lat="45.056013" lon="5.58229">
        <ele>1342.570886</ele>
        <time>2026-04-27T13:19:43.664Z</time>
      </trkpt>
      <trkpt lat="45.056288" lon="5.582043">
        <ele>1335.57901</ele>
        <time>2026-04-27T13:19:57.979Z</time>
      </trkpt>
      <trkpt lat="45.056513" lon="5.581978">
        <ele>1330.649081</ele>
        <time>2026-04-27T13:20:08.078Z</time>
      </trkpt>
      <trkpt lat="45.056658" lon="5.581857">
        <ele>1327.035571</ele>
        <time>2026-04-27T13:20:15.519Z</time>
      </trkpt>
      <trkpt lat="45.057507" lon="5.581043">
        <ele>1306.433987</ele>
        <time>2026-04-27T13:21:00.928Z</time>
      </trkpt>
      <trkpt lat="45.05822" lon="5.580115">
        <ele>1287.287745</ele>
        <time>2026-04-27T13:21:43.544Z</time>
      </trkpt>
      <trkpt lat="45.059019" lon="5.578688">
        <ele>1260.071782</ele>
        <time>2026-04-27T13:22:40.355Z</time>
      </trkpt>
      <trkpt lat="45.059184" lon="5.578275">
        <ele>1252.979045</ele>
        <time>2026-04-27T13:22:55.095Z</time>
      </trkpt>
      <trkpt lat="45.059428" lon="5.576895">
        <ele>1241.326901</ele>
        <time>2026-04-27T13:23:40.065Z</time>
      </trkpt>
      <trkpt lat="45.058934" lon="5.577619">
        <ele>1234.672537</ele>
        <time>2026-04-27T13:24:10.043Z</time>
      </trkpt>
      <trkpt lat="45.058531" lon="5.578049">
        <ele>1232.018087</ele>
        <time>2026-04-27T13:24:33.649Z</time>
      </trkpt>
      <trkpt lat="45.058035" lon="5.578216">
        <ele>1231.705</ele>
        <time>2026-04-27T13:24:58.587Z</time>
      </trkpt>
      <trkpt lat="45.057593" lon="5.578586">
        <ele>1231.386783</ele>
        <time>2026-04-27T13:25:23.207Z</time>
      </trkpt>
      <trkpt lat="45.056962" lon="5.57874">
        <ele>1231.580173</ele>
        <time>2026-04-27T13:25:53.328Z</time>
      </trkpt>
      <trkpt lat="45.056871" lon="5.578707">
        <ele>1232.044508</ele>
        <time>2026-04-27T13:25:58.056Z</time>
      </trkpt>
      <trkpt lat="45.056623" lon="5.578465">
        <ele>1233.533382</ele>
        <time>2026-04-27T13:26:13.833Z</time>
      </trkpt>
      <trkpt lat="45.056157" lon="5.577761">
        <ele>1236.927531</ele>
        <time>2026-04-27T13:26:53.199Z</time>
      </trkpt>
      <trkpt lat="45.056682" lon="5.576852">
        <ele>1242.184196</ele>
        <time>2026-04-27T13:27:55.298Z</time>
      </trkpt>
      <trkpt lat="45.056901" lon="5.576683">
        <ele>1244.741404</ele>
        <time>2026-04-27T13:28:16.506Z</time>
      </trkpt>
      <trkpt lat="45.056515" lon="5.576385">
        <ele>1249.221403</ele>
        <time>2026-04-27T13:28:47.595Z</time>
      </trkpt>
      <trkpt lat="45.056754" lon="5.576317">
        <ele>1251.686007</ele>
        <time>2026-04-27T13:29:06.910Z</time>
      </trkpt>
      <trkpt lat="45.056893" lon="5.576174">
        <ele>1253.456551</ele>
        <time>2026-04-27T13:29:23.661Z</time>
      </trkpt>
      <trkpt lat="45.056908" lon="5.576064">
        <ele>1254.256644</ele>
        <time>2026-04-27T13:29:31.258Z</time>
      </trkpt>
      <trkpt lat="45.056845" lon="5.575921">
        <ele>1255.46025</ele>
        <time>2026-04-27T13:29:41.005Z</time>
      </trkpt>
      <trkpt lat="45.056901" lon="5.575744">
        <ele>1256.845332</ele>
        <time>2026-04-27T13:29:51.742Z</time>
      </trkpt>
      <trkpt lat="45.056797" lon="5.575325">
        <ele>1258.90984</ele>
        <time>2026-04-27T13:30:14.243Z</time>
      </trkpt>
      <trkpt lat="45.056539" lon="5.574774">
        <ele>1260.856048</ele>
        <time>2026-04-27T13:30:43.705Z</time>
      </trkpt>
      <trkpt lat="45.05601" lon="5.572718">
        <ele>1263.993831</ele>
        <time>2026-04-27T13:32:03.959Z</time>
      </trkpt>
      <trkpt lat="45.055545" lon="5.571464">
        <ele>1259.928185</ele>
        <time>2026-04-27T13:32:47.998Z</time>
      </trkpt>
      <trkpt lat="45.055543" lon="5.571016">
        <ele>1258.64507</ele>
        <time>2026-04-27T13:33:01.051Z</time>
      </trkpt>
      <trkpt lat="45.055756" lon="5.570589">
        <ele>1255.833737</ele>
        <time>2026-04-27T13:33:15.756Z</time>
      </trkpt>
      <trkpt lat="45.055878" lon="5.570202">
        <ele>1253.276738</ele>
        <time>2026-04-27T13:33:27.208Z</time>
      </trkpt>
      <trkpt lat="45.055838" lon="5.569478">
        <ele>1248.913035</ele>
        <time>2026-04-27T13:33:46.653Z</time>
      </trkpt>
      <trkpt lat="45.055917" lon="5.56865">
        <ele>1243.897242</ele>
        <time>2026-04-27T13:34:10.808Z</time>
      </trkpt>
      <trkpt lat="45.055841" lon="5.568147">
        <ele>1245.756654</ele>
        <time>2026-04-27T13:34:27.491Z</time>
      </trkpt>
      <trkpt lat="45.055845" lon="5.568262">
        <ele>1246.562225</ele>
        <time>2026-04-27T13:34:31.226Z</time>
      </trkpt>
      <trkpt lat="45.055461" lon="5.568932">
        <ele>1252.606125</ele>
        <time>2026-04-27T13:35:20.205Z</time>
      </trkpt>
      <trkpt lat="45.055028" lon="5.569288">
        <ele>1257.576181</ele>
        <time>2026-04-27T13:36:18.332Z</time>
      </trkpt>
      <trkpt lat="45.054672" lon="5.569698">
        <ele>1263.406502</ele>
        <time>2026-04-27T13:37:20.999Z</time>
      </trkpt>
      <trkpt lat="45.053672" lon="5.569898">
        <ele>1284.035931</ele>
        <time>2026-04-27T13:39:49.044Z</time>
      </trkpt>
      <trkpt lat="45.053028" lon="5.570228">
        <ele>1297.613771</ele>
        <time>2026-04-27T13:41:30.466Z</time>
      </trkpt>
      <trkpt lat="45.051881" lon="5.570621">
        <ele>1303.46869</ele>
        <time>2026-04-27T13:43:21.260Z</time>
      </trkpt>
      <trkpt lat="45.05172" lon="5.570601">
        <ele>1304.292759</ele>
        <time>2026-04-27T13:43:28.874Z</time>
      </trkpt>
      <trkpt lat="45.051517" lon="5.56995">
        <ele>1305.160768</ele>
        <time>2026-04-27T13:43:53.042Z</time>
      </trkpt>
      <trkpt lat="45.051521" lon="5.56936">
        <ele>1298.234692</ele>
        <time>2026-04-27T13:44:11.657Z</time>
      </trkpt>
      <trkpt lat="45.051584" lon="5.568711">
        <ele>1290.510544</ele>
        <time>2026-04-27T13:44:32.234Z</time>
      </trkpt>
      <trkpt lat="45.051703" lon="5.568322">
        <ele>1285.547992</ele>
        <time>2026-04-27T13:44:45.440Z</time>
      </trkpt>
      <trkpt lat="45.051885" lon="5.567512">
        <ele>1275.480936</ele>
        <time>2026-04-27T13:45:12.089Z</time>
      </trkpt>
      <trkpt lat="45.051904" lon="5.566324">
        <ele>1261.044725</ele>
        <time>2026-04-27T13:45:49.121Z</time>
      </trkpt>
      <trkpt lat="45.051951" lon="5.565708">
        <ele>1253.517686</ele>
        <time>2026-04-27T13:46:08.483Z</time>
      </trkpt>
      <trkpt lat="45.052056" lon="5.565427">
        <ele>1249.622448</ele>
        <time>2026-04-27T13:46:18.537Z</time>
      </trkpt>
      <trkpt lat="45.05212" lon="5.563586">
        <ele>1237.175235</ele>
        <time>2026-04-27T13:47:18.117Z</time>
      </trkpt>
      <trkpt lat="45.052396" lon="5.56157">
        <ele>1229.05057</ele>
        <time>2026-04-27T13:48:14.567Z</time>
      </trkpt>
      <trkpt lat="45.052358" lon="5.561191">
        <ele>1228.154699</ele>
        <time>2026-04-27T13:48:25.515Z</time>
      </trkpt>
      <trkpt lat="45.051996" lon="5.560142">
        <ele>1225.21125</ele>
        <time>2026-04-27T13:48:56.464Z</time>
      </trkpt>
      <trkpt lat="45.051901" lon="5.5597">
        <ele>1221.290174</ele>
        <time>2026-04-27T13:49:07.475Z</time>
      </trkpt>
      <trkpt lat="45.051872" lon="5.559152">
        <ele>1216.624466</ele>
        <time>2026-04-27T13:49:20.042Z</time>
      </trkpt>
      <trkpt lat="45.051499" lon="5.558279">
        <ele>1207.899202</ele>
        <time>2026-04-27T13:49:43.379Z</time>
      </trkpt>
      <trkpt lat="45.051348" lon="5.557376">
        <ele>1198.897849</ele>
        <time>2026-04-27T13:50:04.337Z</time>
      </trkpt>
      <trkpt lat="45.050941" lon="5.556845">
        <ele>1190.305221</ele>
        <time>2026-04-27T13:50:22.101Z</time>
      </trkpt>
      <trkpt lat="45.050558" lon="5.555883">
        <ele>1178.225589</ele>
        <time>2026-04-27T13:50:47.111Z</time>
      </trkpt>
      <trkpt lat="45.049879" lon="5.55471">
        <ele>1160.567398</ele>
        <time>2026-04-27T13:51:21.394Z</time>
      </trkpt>
      <trkpt lat="45.049659" lon="5.554052">
        <ele>1152.02038</ele>
        <time>2026-04-27T13:51:37.802Z</time>
      </trkpt>
      <trkpt lat="45.0488" lon="5.552839">
        <ele>1133.485</ele>
        <time>2026-04-27T13:52:16.362Z</time>
      </trkpt>
      <trkpt lat="45.048424" lon="5.552177">
        <ele>1124.643752</ele>
        <time>2026-04-27T13:52:35.599Z</time>
      </trkpt>
      <trkpt lat="45.048209" lon="5.553024">
        <ele>1119.629225</ele>
        <time>2026-04-27T13:52:57.302Z</time>
      </trkpt>
      <trkpt lat="45.04812" lon="5.554082">
        <ele>1119.415245</ele>
        <time>2026-04-27T13:53:28.456Z</time>
      </trkpt>
      <trkpt lat="45.048181" lon="5.555139">
        <ele>1119.217587</ele>
        <time>2026-04-27T13:54:07.472Z</time>
      </trkpt>
      <trkpt lat="45.048211" lon="5.555259">
        <ele>1119.251006</ele>
        <time>2026-04-27T13:54:11.951Z</time>
      </trkpt>
      <trkpt lat="45.047973" lon="5.55546">
        <ele>1119.353992</ele>
        <time>2026-04-27T13:54:25.148Z</time>
      </trkpt>
      <trkpt lat="45.047816" lon="5.55553">
        <ele>1119.415159</ele>
        <time>2026-04-27T13:54:32.677Z</time>
      </trkpt>
      <trkpt lat="45.047688" lon="5.555499">
        <ele>1119.463414</ele>
        <time>2026-04-27T13:54:38.338Z</time>
      </trkpt>
      <trkpt lat="45.047319" lon="5.555097">
        <ele>1119.637825</ele>
        <time>2026-04-27T13:54:57.745Z</time>
      </trkpt>
      <trkpt lat="45.047012" lon="5.554539">
        <ele>1119.823574</ele>
        <time>2026-04-27T13:55:17.309Z</time>
      </trkpt>
      <trkpt lat="45.046771" lon="5.554447">
        <ele>1119.498835</ele>
        <time>2026-04-27T13:55:26.854Z</time>
      </trkpt>
      <trkpt lat="45.046659" lon="5.554946">
        <ele>1118.314572</ele>
        <time>2026-04-27T13:55:40.894Z</time>
      </trkpt>
      <trkpt lat="45.046412" lon="5.555289">
        <ele>1117.242636</ele>
        <time>2026-04-27T13:55:53.603Z</time>
      </trkpt>
      <trkpt lat="45.046003" lon="5.555368">
        <ele>1115.963697</ele>
        <time>2026-04-27T13:56:09.118Z</time>
      </trkpt>
      <trkpt lat="45.045834" lon="5.555462">
        <ele>1115.401193</ele>
        <time>2026-04-27T13:56:16.139Z</time>
      </trkpt>
      <trkpt lat="45.04567" lon="5.555701">
        <ele>1114.666453</ele>
        <time>2026-04-27T13:56:25.319Z</time>
      </trkpt>
      <trkpt lat="45.045484" lon="5.556379">
        <ele>1116.252367</ele>
        <time>2026-04-27T13:56:46.078Z</time>
      </trkpt>
      <trkpt lat="45.045335" lon="5.557266">
        <ele>1119.427203</ele>
        <time>2026-04-27T13:57:16.863Z</time>
      </trkpt>
      <trkpt lat="45.04489" lon="5.558209">
        <ele>1123.59434</ele>
        <time>2026-04-27T13:58:07.777Z</time>
      </trkpt>
      <trkpt lat="45.044657" lon="5.558441">
        <ele>1126.456094</ele>
        <time>2026-04-27T13:58:28.349Z</time>
      </trkpt>
      <trkpt lat="45.044476" lon="5.558152">
        <ele>1129.098684</ele>
        <time>2026-04-27T13:58:47.066Z</time>
      </trkpt>
      <trkpt lat="45.044266" lon="5.557951">
        <ele>1131.553844</ele>
        <time>2026-04-27T13:59:03.060Z</time>
      </trkpt>
      <trkpt lat="45.04383" lon="5.556766">
        <ele>1140.689311</ele>
        <time>2026-04-27T14:00:03.377Z</time>
      </trkpt>
      <trkpt lat="45.04284" lon="5.554784">
        <ele>1153.240502</ele>
        <time>2026-04-27T14:01:43.391Z</time>
      </trkpt>
      <trkpt lat="45.042778" lon="5.554545">
        <ele>1153.679073</ele>
        <time>2026-04-27T14:01:52.379Z</time>
      </trkpt>
      <trkpt lat="45.042112" lon="5.553271">
        <ele>1153.271541</ele>
        <time>2026-04-27T14:02:38.742Z</time>
      </trkpt>
      <trkpt lat="45.041867" lon="5.552663">
        <ele>1153.091567</ele>
        <time>2026-04-27T14:02:57.428Z</time>
      </trkpt>
      <trkpt lat="45.041625" lon="5.552416">
        <ele>1152.158123</ele>
        <time>2026-04-27T14:03:08.472Z</time>
      </trkpt>
      <trkpt lat="45.041358" lon="5.551939">
        <ele>1150.448652</ele>
        <time>2026-04-27T14:03:24.556Z</time>
      </trkpt>
      <trkpt lat="45.041341" lon="5.55172">
        <ele>1149.829742</ele>
        <time>2026-04-27T14:03:30.422Z</time>
      </trkpt>
      <trkpt lat="45.041494" lon="5.551373">
        <ele>1148.680746</ele>
        <time>2026-04-27T14:03:41.403Z</time>
      </trkpt>
      <trkpt lat="45.041451" lon="5.551195">
        <ele>1148.152299</ele>
        <time>2026-04-27T14:03:46.432Z</time>
      </trkpt>
      <trkpt lat="45.041303" lon="5.550969">
        <ele>1147.286695</ele>
        <time>2026-04-27T14:03:54.612Z</time>
      </trkpt>
      <trkpt lat="45.041277" lon="5.550732">
        <ele>1146.612945</ele>
        <time>2026-04-27T14:04:00.951Z</time>
      </trkpt>
      <trkpt lat="45.041355" lon="5.5505">
        <ele>1145.865878</ele>
        <time>2026-04-27T14:04:07.677Z</time>
      </trkpt>
      <trkpt lat="45.042241" lon="5.549436">
        <ele>1136.378788</ele>
        <time>2026-04-27T14:04:48.861Z</time>
      </trkpt>
      <trkpt lat="45.042747" lon="5.54847">
        <ele>1128.162945</ele>
        <time>2026-04-27T14:05:16.714Z</time>
      </trkpt>
      <trkpt lat="45.043106" lon="5.548278">
        <ele>1122.905835</ele>
        <time>2026-04-27T14:05:29.122Z</time>
      </trkpt>
      <trkpt lat="45.043706" lon="5.548204">
        <ele>1114.697456</ele>
        <time>2026-04-27T14:05:48.366Z</time>
      </trkpt>
      <trkpt lat="45.043803" lon="5.548134">
        <ele>1113.191949</ele>
        <time>2026-04-27T14:05:51.897Z</time>
      </trkpt>
      <trkpt lat="45.04382" lon="5.548033">
        <ele>1112.192126</ele>
        <time>2026-04-27T14:05:54.240Z</time>
      </trkpt>
      <trkpt lat="45.043772" lon="5.547466">
        <ele>1106.718418</ele>
        <time>2026-04-27T14:06:07.226Z</time>
      </trkpt>
      <trkpt lat="45.04359" lon="5.546949">
        <ele>1104.325227</ele>
        <time>2026-04-27T14:06:20.519Z</time>
      </trkpt>
      <trkpt lat="45.043472" lon="5.546795">
        <ele>1103.384004</ele>
        <time>2026-04-27T14:06:25.972Z</time>
      </trkpt>
      <trkpt lat="45.043054" lon="5.546795">
        <ele>1100.932897</ele>
        <time>2026-04-27T14:06:40.740Z</time>
      </trkpt>
      <trkpt lat="45.042784" lon="5.546474">
        <ele>1098.846038</ele>
        <time>2026-04-27T14:06:54.319Z</time>
      </trkpt>
      <trkpt lat="45.042762" lon="5.546209">
        <ele>1097.740511</ele>
        <time>2026-04-27T14:07:01.936Z</time>
      </trkpt>
      <trkpt lat="45.042823" lon="5.545815">
        <ele>1096.169752</ele>
        <time>2026-04-27T14:07:13.996Z</time>
      </trkpt>
      <trkpt lat="45.042784" lon="5.545328">
        <ele>1095.660197</ele>
        <time>2026-04-27T14:07:28.585Z</time>
      </trkpt>
      <trkpt lat="45.042186" lon="5.543195">
        <ele>1093.294289</ele>
        <time>2026-04-27T14:08:31.980Z</time>
      </trkpt>
      <trkpt lat="45.041928" lon="5.54198">
        <ele>1092.072474</ele>
        <time>2026-04-27T14:09:06.920Z</time>
      </trkpt>
      <trkpt lat="45.041536" lon="5.541614">
        <ele>1091.42358</ele>
        <time>2026-04-27T14:09:26.527Z</time>
      </trkpt>
      <trkpt lat="45.041474" lon="5.541446">
        <ele>1091.241071</ele>
        <time>2026-04-27T14:09:32.215Z</time>
      </trkpt>
      <trkpt lat="45.041421" lon="5.540367">
        <ele>1090.866364</ele>
        <time>2026-04-27T14:10:04.351Z</time>
      </trkpt>
      <trkpt lat="45.041191" lon="5.539619">
        <ele>1090.657268</ele>
        <time>2026-04-27T14:10:27.330Z</time>
      </trkpt>
      <trkpt lat="45.041182" lon="5.539137">
        <ele>1090.534627</ele>
        <time>2026-04-27T14:10:41.033Z</time>
      </trkpt>
      <trkpt lat="45.041116" lon="5.538915">
        <ele>1090.473365</ele>
        <time>2026-04-27T14:10:47.821Z</time>
      </trkpt>
      <trkpt lat="45.040971" lon="5.538729">
        <ele>1090.676057</ele>
        <time>2026-04-27T14:10:57.042Z</time>
      </trkpt>
      <trkpt lat="45.040549" lon="5.538485">
        <ele>1091.323905</ele>
        <time>2026-04-27T14:11:19.866Z</time>
      </trkpt>
      <trkpt lat="45.039308" lon="5.537433">
        <ele>1092.895643</ele>
        <time>2026-04-27T14:12:30.636Z</time>
      </trkpt>
      <trkpt lat="45.038722" lon="5.536708">
        <ele>1092.565052</ele>
        <time>2026-04-27T14:13:02.502Z</time>
      </trkpt>
      <trkpt lat="45.037777" lon="5.535692">
        <ele>1091.80433</ele>
        <time>2026-04-27T14:13:49.888Z</time>
      </trkpt>
      <trkpt lat="45.037037" lon="5.535037">
        <ele>1090.909106</ele>
        <time>2026-04-27T14:14:24.731Z</time>
      </trkpt>
      <trkpt lat="45.03654" lon="5.534263">
        <ele>1090.505653</ele>
        <time>2026-04-27T14:14:54.308Z</time>
      </trkpt>
      <trkpt lat="45.036513" lon="5.534045">
        <ele>1090.575466</ele>
        <time>2026-04-27T14:15:00.657Z</time>
      </trkpt>
      <trkpt lat="45.036093" lon="5.53382">
        <ele>1090.775931</ele>
        <time>2026-04-27T14:15:19.048Z</time>
      </trkpt>
      <trkpt lat="45.034825" lon="5.533488">
        <ele>1091.770157</ele>
        <time>2026-04-27T14:16:14.738Z</time>
      </trkpt>
      <trkpt lat="45.034149" lon="5.532999">
        <ele>1093.050194</ele>
        <time>2026-04-27T14:16:48.135Z</time>
      </trkpt>
      <trkpt lat="45.033885" lon="5.532654">
        <ele>1093.696611</ele>
        <time>2026-04-27T14:17:04.680Z</time>
      </trkpt>
      <trkpt lat="45.033564" lon="5.532015">
        <ele>1094.831859</ele>
        <time>2026-04-27T14:17:29.322Z</time>
      </trkpt>
      <trkpt lat="45.03337" lon="5.531127">
        <ele>1096.498093</ele>
        <time>2026-04-27T14:17:59.022Z</time>
      </trkpt>
      <trkpt lat="45.032887" lon="5.531481">
        <ele>1097.934553</ele>
        <time>2026-04-27T14:18:25.329Z</time>
      </trkpt>
      <trkpt lat="45.03277" lon="5.53143">
        <ele>1098.244435</ele>
        <time>2026-04-27T14:18:31.084Z</time>
      </trkpt>
      <trkpt lat="45.032503" lon="5.530979">
        <ele>1099.043782</ele>
        <time>2026-04-27T14:18:50.262Z</time>
      </trkpt>
      <trkpt lat="45.032144" lon="5.530564">
        <ele>1099.63608</ele>
        <time>2026-04-27T14:19:10.351Z</time>
      </trkpt>
      <trkpt lat="45.031779" lon="5.530402">
        <ele>1100.12467</ele>
        <time>2026-04-27T14:19:26.563Z</time>
      </trkpt>
      <trkpt lat="45.031732" lon="5.529915">
        <ele>1100.574236</ele>
        <time>2026-04-27T14:19:41.597Z</time>
      </trkpt>
      <trkpt lat="45.031614" lon="5.529617">
        <ele>1100.882571</ele>
        <time>2026-04-27T14:19:51.846Z</time>
      </trkpt>
      <trkpt lat="45.031157" lon="5.529075">
        <ele>1101.862884</ele>
        <time>2026-04-27T14:20:16.350Z</time>
      </trkpt>
      <trkpt lat="45.031064" lon="5.528861">
        <ele>1102.176931</ele>
        <time>2026-04-27T14:20:23.735Z</time>
      </trkpt>
      <trkpt lat="45.031027" lon="5.528227">
        <ele>1102.972176</ele>
        <time>2026-04-27T14:20:43.063Z</time>
      </trkpt>
      <trkpt lat="45.030876" lon="5.52744">
        <ele>1103.991598</ele>
        <time>2026-04-27T14:21:09.325Z</time>
      </trkpt>
      <trkpt lat="45.030609" lon="5.527647">
        <ele>1105.085083</ele>
        <time>2026-04-27T14:21:23.938Z</time>
      </trkpt>
      <trkpt lat="45.029867" lon="5.527789">
        <ele>1109.063092</ele>
        <time>2026-04-27T14:22:02.465Z</time>
      </trkpt>
      <trkpt lat="45.029288" lon="5.527779">
        <ele>1112.139374</ele>
        <time>2026-04-27T14:22:33.908Z</time>
      </trkpt>
      <trkpt lat="45.029166" lon="5.527459">
        <ele>1113.504559</ele>
        <time>2026-04-27T14:22:49.900Z</time>
      </trkpt>
      <trkpt lat="45.028773" lon="5.527061">
        <ele>1115.294169</ele>
        <time>2026-04-27T14:23:18.807Z</time>
      </trkpt>
      <trkpt lat="45.028234" lon="5.526743">
        <ele>1117.324737</ele>
        <time>2026-04-27T14:23:51.600Z</time>
      </trkpt>
      <trkpt lat="45.028096" lon="5.526554">
        <ele>1117.992552</ele>
        <time>2026-04-27T14:24:01.802Z</time>
      </trkpt>
      <trkpt lat="45.027958" lon="5.526039">
        <ele>1119.346071</ele>
        <time>2026-04-27T14:24:22.293Z</time>
      </trkpt>
      <trkpt lat="45.027929" lon="5.525083">
        <ele>1120.839161</ele>
        <time>2026-04-27T14:24:56.950Z</time>
      </trkpt>
      <trkpt lat="45.027965" lon="5.525075">
        <ele>1120.898669</ele>
        <time>2026-04-27T14:24:58.513Z</time>
      </trkpt>
      <trkpt lat="45.027861" lon="5.524689">
        <ele>1121.37544</ele>
        <time>2026-04-27T14:25:11.274Z</time>
      </trkpt>
      <trkpt lat="45.026913" lon="5.522196">
        <ele>1125.902019</ele>
        <time>2026-04-27T14:26:40.096Z</time>
      </trkpt>
      <trkpt lat="45.026781" lon="5.522183">
        <ele>1126.284146</ele>
        <time>2026-04-27T14:26:47.500Z</time>
      </trkpt>
      <trkpt lat="45.026423" lon="5.521859">
        <ele>1127.525596</ele>
        <time>2026-04-27T14:27:11.462Z</time>
      </trkpt>
      <trkpt lat="45.026137" lon="5.521468">
        <ele>1128.935407</ele>
        <time>2026-04-27T14:27:33.118Z</time>
      </trkpt>
      <trkpt lat="45.025802" lon="5.521167">
        <ele>1130.715069</ele>
        <time>2026-04-27T14:27:55.605Z</time>
      </trkpt>
      <trkpt lat="45.025757" lon="5.520981">
        <ele>1131.37048</ele>
        <time>2026-04-27T14:28:04.065Z</time>
      </trkpt>
      <trkpt lat="45.025848" lon="5.520814">
        <ele>1132.037742</ele>
        <time>2026-04-27T14:28:12.728Z</time>
      </trkpt>
      <trkpt lat="45.026067" lon="5.520615">
        <ele>1133.203013</ele>
        <time>2026-04-27T14:28:27.861Z</time>
      </trkpt>
      <trkpt lat="45.02606" lon="5.520458">
        <ele>1133.700799</ele>
        <time>2026-04-27T14:28:34.490Z</time>
      </trkpt>
      <trkpt lat="45.025809" lon="5.52001">
        <ele>1135.509789</ele>
        <time>2026-04-27T14:28:58.909Z</time>
      </trkpt>
      <trkpt lat="45.025221" lon="5.519518">
        <ele>1138.951293</ele>
        <time>2026-04-27T14:29:39.600Z</time>
      </trkpt>
      <trkpt lat="45.025006" lon="5.51894">
        <ele>1141.355856</ele>
        <time>2026-04-27T14:30:08.508Z</time>
      </trkpt>
      <trkpt lat="45.024774" lon="5.518638">
        <ele>1143.02262</ele>
        <time>2026-04-27T14:30:28.245Z</time>
      </trkpt>
      <trkpt lat="45.02454" lon="5.518206">
        <ele>1145.025315</ele>
        <time>2026-04-27T14:30:50.637Z</time>
      </trkpt>
      <trkpt lat="45.024509" lon="5.518043">
        <ele>1145.642682</ele>
        <time>2026-04-27T14:30:57.105Z</time>
      </trkpt>
      <trkpt lat="45.024305" lon="5.517775">
        <ele>1146.866292</ele>
        <time>2026-04-27T14:31:12.652Z</time>
      </trkpt>
      <trkpt lat="45.024102" lon="5.517618">
        <ele>1147.883173</ele>
        <time>2026-04-27T14:31:26.111Z</time>
      </trkpt>
      <trkpt lat="45.023139" lon="5.517426">
        <ele>1152.173943</ele>
        <time>2026-04-27T14:32:23.262Z</time>
      </trkpt>
      <trkpt lat="45.022666" lon="5.517216">
        <ele>1154.306738</ele>
        <time>2026-04-27T14:32:51.275Z</time>
      </trkpt>
      <trkpt lat="45.022295" lon="5.51717">
        <ele>1155.85199</ele>
        <time>2026-04-27T14:33:12.363Z</time>
      </trkpt>
      <trkpt lat="45.021733" lon="5.516819">
        <ele>1158.401095</ele>
        <time>2026-04-27T14:33:44.788Z</time>
      </trkpt>
      <trkpt lat="45.021144" lon="5.516598">
        <ele>1160.929461</ele>
        <time>2026-04-27T14:34:14.405Z</time>
      </trkpt>
      <trkpt lat="45.020914" lon="5.516293">
        <ele>1162.246395</ele>
        <time>2026-04-27T14:34:29.935Z</time>
      </trkpt>
      <trkpt lat="45.020743" lon="5.51579">
        <ele>1163.914238</ele>
        <time>2026-04-27T14:34:50.061Z</time>
      </trkpt>
      <trkpt lat="45.020336" lon="5.515487">
        <ele>1165.836179</ele>
        <time>2026-04-27T14:35:12.948Z</time>
      </trkpt>
      <trkpt lat="45.019494" lon="5.515432">
        <ele>1168.964199</ele>
        <time>2026-04-27T14:36:00.058Z</time>
      </trkpt>
      <trkpt lat="45.019036" lon="5.515362">
        <ele>1169.976743</ele>
        <time>2026-04-27T14:36:20.800Z</time>
      </trkpt>
      <trkpt lat="45.018449" lon="5.514759">
        <ele>1171.573198</ele>
        <time>2026-04-27T14:36:52.640Z</time>
      </trkpt>
      <trkpt lat="45.017288" lon="5.514264">
        <ele>1175.999157</ele>
        <time>2026-04-27T14:37:46.973Z</time>
      </trkpt>
      <trkpt lat="45.016659" lon="5.513452">
        <ele>1179.737119</ele>
        <time>2026-04-27T14:38:32.239Z</time>
      </trkpt>
      <trkpt lat="45.016331" lon="5.513222">
        <ele>1181.835112</ele>
        <time>2026-04-27T14:38:51.418Z</time>
      </trkpt>
      <trkpt lat="45.016135" lon="5.513167">
        <ele>1183.130541</ele>
        <time>2026-04-27T14:39:02.229Z</time>
      </trkpt>
      <trkpt lat="45.01558" lon="5.512762">
        <ele>1187.17955</ele>
        <time>2026-04-27T14:39:37.298Z</time>
      </trkpt>
      <trkpt lat="45.015189" lon="5.512661">
        <ele>1189.767451</ele>
        <time>2026-04-27T14:39:59.496Z</time>
      </trkpt>
      <trkpt lat="45.015146" lon="5.512582">
        <ele>1190.224393</ele>
        <time>2026-04-27T14:40:03.313Z</time>
      </trkpt>
      <trkpt lat="45.015144" lon="5.512287">
        <ele>1191.58033</ele>
        <time>2026-04-27T14:40:15.257Z</time>
      </trkpt>
      <trkpt lat="45.015077" lon="5.512183">
        <ele>1192.141689</ele>
        <time>2026-04-27T14:40:21.137Z</time>
      </trkpt>
      <trkpt lat="45.014644" lon="5.512035">
        <ele>1194.107646</ele>
        <time>2026-04-27T14:40:48.152Z</time>
      </trkpt>
      <trkpt lat="45.013861" lon="5.51136">
        <ele>1198.159857</ele>
        <time>2026-04-27T14:41:41.933Z</time>
      </trkpt>
      <trkpt lat="45.01367" lon="5.511172">
        <ele>1199.184077</ele>
        <time>2026-04-27T14:41:54.446Z</time>
      </trkpt>
      <trkpt lat="45.013429" lon="5.510791">
        <ele>1200.701908</ele>
        <time>2026-04-27T14:42:13.533Z</time>
      </trkpt>
      <trkpt lat="45.013115" lon="5.510553">
        <ele>1202.141679</ele>
        <time>2026-04-27T14:42:32.359Z</time>
      </trkpt>
      <trkpt lat="45.012938" lon="5.510263">
        <ele>1203.23635</ele>
        <time>2026-04-27T14:42:47.036Z</time>
      </trkpt>
      <trkpt lat="45.012815" lon="5.510174">
        <ele>1203.794731</ele>
        <time>2026-04-27T14:42:53.522Z</time>
      </trkpt>
      <trkpt lat="45.012627" lon="5.510109">
        <ele>1204.576922</ele>
        <time>2026-04-27T14:43:02.694Z</time>
      </trkpt>
      <trkpt lat="45.011714" lon="5.510081">
        <ele>1208.757075</ele>
        <time>2026-04-27T14:43:51.027Z</time>
      </trkpt>
      <trkpt lat="45.010939" lon="5.509633">
        <ele>1213.59669</ele>
        <time>2026-04-27T14:44:38.069Z</time>
      </trkpt>
      <trkpt lat="45.01062" lon="5.509355">
        <ele>1215.757472</ele>
        <time>2026-04-27T14:44:57.578Z</time>
      </trkpt>
      <trkpt lat="45.010198" lon="5.509184">
        <ele>1217.702191</ele>
        <time>2026-04-27T14:45:18.738Z</time>
      </trkpt>
      <trkpt lat="45.009296" lon="5.509476">
        <ele>1218.950212</ele>
        <time>2026-04-27T14:46:05.096Z</time>
      </trkpt>
      <trkpt lat="45.009005" lon="5.509833">
        <ele>1219.472107</ele>
        <time>2026-04-27T14:46:23.822Z</time>
      </trkpt>
      <trkpt lat="45.008091" lon="5.510645">
        <ele>1222.451803</ele>
        <time>2026-04-27T14:47:19.555Z</time>
      </trkpt>
      <trkpt lat="45.007983" lon="5.51068">
        <ele>1222.830318</ele>
        <time>2026-04-27T14:47:25.694Z</time>
      </trkpt>
      <trkpt lat="45.00779" lon="5.510466">
        <ele>1223.676609</ele>
        <time>2026-04-27T14:47:39.548Z</time>
      </trkpt>
      <trkpt lat="45.007645" lon="5.510408">
        <ele>1224.201604</ele>
        <time>2026-04-27T14:47:48.264Z</time>
      </trkpt>
      <trkpt lat="45.007277" lon="5.510599">
        <ele>1225.540751</ele>
        <time>2026-04-27T14:48:11.458Z</time>
      </trkpt>
      <trkpt lat="45.007098" lon="5.510871">
        <ele>1226.661677</ele>
        <time>2026-04-27T14:48:27.934Z</time>
      </trkpt>
      <trkpt lat="45.006675" lon="5.511251">
        <ele>1229.456548</ele>
        <time>2026-04-27T14:48:58.564Z</time>
      </trkpt>
      <trkpt lat="45.00624" lon="5.511425">
        <ele>1231.996303</ele>
        <time>2026-04-27T14:49:26.801Z</time>
      </trkpt>
      <trkpt lat="45.005787" lon="5.51111">
        <ele>1234.812622</ele>
        <time>2026-04-27T14:49:58.181Z</time>
      </trkpt>
      <trkpt lat="45.004991" lon="5.510811">
        <ele>1239.601111</ele>
        <time>2026-04-27T14:50:46.696Z</time>
      </trkpt>
      <trkpt lat="45.004812" lon="5.510619">
        <ele>1240.927526</ele>
        <time>2026-04-27T14:50:59.658Z</time>
      </trkpt>
      <trkpt lat="45.004612" lon="5.510199">
        <ele>1243.057625</ele>
        <time>2026-04-27T14:51:20.963Z</time>
      </trkpt>
      <trkpt lat="45.004254" lon="5.510092">
        <ele>1245.230299</ele>
        <time>2026-04-27T14:51:44.569Z</time>
      </trkpt>
      <trkpt lat="45.003847" lon="5.509845">
        <ele>1248.305172</ele>
        <time>2026-04-27T14:52:15.225Z</time>
      </trkpt>
      <trkpt lat="45.003447" lon="5.510202">
        <ele>1252.312163</ele>
        <time>2026-04-27T14:52:51.299Z</time>
      </trkpt>
      <trkpt lat="45.003073" lon="5.510199">
        <ele>1255.438269</ele>
        <time>2026-04-27T14:53:19.840Z</time>
      </trkpt>
      <trkpt lat="45.002407" lon="5.509724">
        <ele>1261.626338</ele>
        <time>2026-04-27T14:54:12.113Z</time>
      </trkpt>
      <trkpt lat="45.001956" lon="5.509587">
        <ele>1263.289221</ele>
        <time>2026-04-27T14:54:39.937Z</time>
      </trkpt>
      <trkpt lat="45.001809" lon="5.509258">
        <ele>1264.30925</ele>
        <time>2026-04-27T14:54:56.217Z</time>
      </trkpt>
      <trkpt lat="45.001829" lon="5.508803">
        <ele>1265.474325</ele>
        <time>2026-04-27T14:55:14.453Z</time>
      </trkpt>
      <trkpt lat="45.001703" lon="5.508498">
        <ele>1266.373063</ele>
        <time>2026-04-27T14:55:27.786Z</time>
      </trkpt>
      <trkpt lat="45.001376" lon="5.508267">
        <ele>1267.697057</ele>
        <time>2026-04-27T14:55:46.872Z</time>
      </trkpt>
      <trkpt lat="45.001195" lon="5.507939">
        <ele>1267.701767</ele>
        <time>2026-04-27T14:56:01.596Z</time>
      </trkpt>
      <trkpt lat="45.000479" lon="5.507589">
        <ele>1266.045977</ele>
        <time>2026-04-27T14:56:36.317Z</time>
      </trkpt>
      <trkpt lat="45.000223" lon="5.507576">
        <ele>1265.486131</ele>
        <time>2026-04-27T14:56:47.510Z</time>
      </trkpt>
      <trkpt lat="44.999867" lon="5.507422">
        <ele>1264.672152</ele>
        <time>2026-04-27T14:57:03.723Z</time>
      </trkpt>
      <trkpt lat="44.999488" lon="5.507627">
        <ele>1264.532329</ele>
        <time>2026-04-27T14:57:21.896Z</time>
      </trkpt>
      <trkpt lat="44.999212" lon="5.507643">
        <ele>1265.092527</ele>
        <time>2026-04-27T14:57:34.684Z</time>
      </trkpt>
      <trkpt lat="44.998619" lon="5.507924">
        <ele>1266.365353</ele>
        <time>2026-04-27T14:58:06.471Z</time>
      </trkpt>
      <trkpt lat="44.998257" lon="5.507611">
        <ele>1267.240199</ele>
        <time>2026-04-27T14:58:31.786Z</time>
      </trkpt>
      <trkpt lat="44.997962" lon="5.507415">
        <ele>1268.156455</ele>
        <time>2026-04-27T14:58:52.746Z</time>
      </trkpt>
      <trkpt lat="44.997651" lon="5.507017">
        <ele>1271.695713</ele>
        <time>2026-04-27T14:59:21.428Z</time>
      </trkpt>
      <trkpt lat="44.997523" lon="5.506939">
        <ele>1272.871796</ele>
        <time>2026-04-27T14:59:31.228Z</time>
      </trkpt>
      <trkpt lat="44.997328" lon="5.50693">
        <ele>1274.520015</ele>
        <time>2026-04-27T14:59:45.107Z</time>
      </trkpt>
      <trkpt lat="44.996198" lon="5.507374">
        <ele>1284.780841</ele>
        <time>2026-04-27T15:01:11.463Z</time>
      </trkpt>
      <trkpt lat="44.995819" lon="5.507443">
        <ele>1288.609282</ele>
        <time>2026-04-27T15:01:40.324Z</time>
      </trkpt>
      <trkpt lat="44.995692" lon="5.507378">
        <ele>1289.962435</ele>
        <time>2026-04-27T15:01:50.619Z</time>
      </trkpt>
      <trkpt lat="44.99547" lon="5.507014">
        <ele>1293.40356</ele>
        <time>2026-04-27T15:02:17.204Z</time>
      </trkpt>
      <trkpt lat="44.994795" lon="5.506782">
        <ele>1300.363099</ele>
        <time>2026-04-27T15:03:12.621Z</time>
      </trkpt>
      <trkpt lat="44.994344" lon="5.506439">
        <ele>1304.494437</ele>
        <time>2026-04-27T15:03:53.169Z</time>
      </trkpt>
      <trkpt lat="44.994065" lon="5.506386">
        <ele>1306.706246</ele>
        <time>2026-04-27T15:04:13.904Z</time>
      </trkpt>
      <trkpt lat="44.9938" lon="5.506555">
        <ele>1308.963266</ele>
        <time>2026-04-27T15:04:33.589Z</time>
      </trkpt>
      <trkpt lat="44.993507" lon="5.506555">
        <ele>1311.256188</ele>
        <time>2026-04-27T15:04:52.177Z</time>
      </trkpt>
      <trkpt lat="44.993147" lon="5.506209">
        <ele>1314.635729</ele>
        <time>2026-04-27T15:05:18.273Z</time>
      </trkpt>
      <trkpt lat="44.99299" lon="5.505744">
        <ele>1317.109208</ele>
        <time>2026-04-27T15:05:40.131Z</time>
      </trkpt>
      <trkpt lat="44.992801" lon="5.505405">
        <ele>1319.139785</ele>
        <time>2026-04-27T15:05:58.706Z</time>
      </trkpt>
      <trkpt lat="44.992467" lon="5.505233">
        <ele>1321.520773</ele>
        <time>2026-04-27T15:06:21.298Z</time>
      </trkpt>
      <trkpt lat="44.991717" lon="5.504601">
        <ele>1327.302271</ele>
        <time>2026-04-27T15:07:20.709Z</time>
      </trkpt>
      <trkpt lat="44.991089" lon="5.504278">
        <ele>1331.411447</ele>
        <time>2026-04-27T15:08:06.531Z</time>
      </trkpt>
      <trkpt lat="44.9907" lon="5.503925">
        <ele>1334.232663</ele>
        <time>2026-04-27T15:08:35.291Z</time>
      </trkpt>
      <trkpt lat="44.990529" lon="5.503865">
        <ele>1335.308043</ele>
        <time>2026-04-27T15:08:45.718Z</time>
      </trkpt>
      <trkpt lat="44.990159" lon="5.503809">
        <ele>1337.609444</ele>
        <time>2026-04-27T15:09:07.362Z</time>
      </trkpt>
      <trkpt lat="44.989495" lon="5.504083">
        <ele>1341.474222</ele>
        <time>2026-04-27T15:09:46.597Z</time>
      </trkpt>
      <trkpt lat="44.989184" lon="5.503892">
        <ele>1343.335825</ele>
        <time>2026-04-27T15:10:06.058Z</time>
      </trkpt>
      <trkpt lat="44.989008" lon="5.503906">
        <ele>1344.29836</ele>
        <time>2026-04-27T15:10:16.375Z</time>
      </trkpt>
      <trkpt lat="44.988543" lon="5.50371">
        <ele>1346.962124</ele>
        <time>2026-04-27T15:10:47.074Z</time>
      </trkpt>
      <trkpt lat="44.987834" lon="5.503905">
        <ele>1353.148383</ele>
        <time>2026-04-27T15:11:42.272Z</time>
      </trkpt>
      <trkpt lat="44.987247" lon="5.503842">
        <ele>1358.615471</ele>
        <time>2026-04-27T15:12:31.070Z</time>
      </trkpt>
      <trkpt lat="44.986728" lon="5.504282">
        <ele>1364.226244</ele>
        <time>2026-04-27T15:13:16.306Z</time>
      </trkpt>
      <trkpt lat="44.98631" lon="5.504774">
        <ele>1366.031113</ele>
        <time>2026-04-27T15:13:49.998Z</time>
      </trkpt>
      <trkpt lat="44.985533" lon="5.505919">
        <ele>1369.495983</ele>
        <time>2026-04-27T15:14:46.249Z</time>
      </trkpt>
      <trkpt lat="44.985096" lon="5.506006">
        <ele>1371.694569</ele>
        <time>2026-04-27T15:15:08.366Z</time>
      </trkpt>
      <trkpt lat="44.984866" lon="5.50588">
        <ele>1373.156991</ele>
        <time>2026-04-27T15:15:21.687Z</time>
      </trkpt>
      <trkpt lat="44.984674" lon="5.505894">
        <ele>1374.296843</ele>
        <time>2026-04-27T15:15:32.864Z</time>
      </trkpt>
      <trkpt lat="44.984259" lon="5.506043">
        <ele>1376.836896</ele>
        <time>2026-04-27T15:15:59.564Z</time>
      </trkpt>
      <trkpt lat="44.983989" lon="5.506562">
        <ele>1379.538624</ele>
        <time>2026-04-27T15:16:32.812Z</time>
      </trkpt>
      <trkpt lat="44.983758" lon="5.506862">
        <ele>1382.169304</ele>
        <time>2026-04-27T15:16:58.690Z</time>
      </trkpt>
      <trkpt lat="44.983171" lon="5.507234">
        <ele>1389.788147</ele>
        <time>2026-04-27T15:17:53.303Z</time>
      </trkpt>
      <trkpt lat="44.982939" lon="5.507201">
        <ele>1392.554758</ele>
        <time>2026-04-27T15:18:13.779Z</time>
      </trkpt>
      <trkpt lat="44.982679" lon="5.506948">
        <ele>1396.27799</ele>
        <time>2026-04-27T15:18:41.197Z</time>
      </trkpt>
      <trkpt lat="44.98189" lon="5.506946">
        <ele>1404.696575</ele>
        <time>2026-04-27T15:19:47.929Z</time>
      </trkpt>
      <trkpt lat="44.981659" lon="5.507045">
        <ele>1406.864714</ele>
        <time>2026-04-27T15:20:06.884Z</time>
      </trkpt>
      <trkpt lat="44.981213" lon="5.506825">
        <ele>1411.107637</ele>
        <time>2026-04-27T15:20:43.809Z</time>
      </trkpt>
      <trkpt lat="44.980528" lon="5.506684">
        <ele>1417.325345</ele>
        <time>2026-04-27T15:21:30.176Z</time>
      </trkpt>
      <trkpt lat="44.980204" lon="5.506135">
        <ele>1418.972875</ele>
        <time>2026-04-27T15:21:59.629Z</time>
      </trkpt>
      <trkpt lat="44.979939" lon="5.505584">
        <ele>1420.058208</ele>
        <time>2026-04-27T15:22:25.568Z</time>
      </trkpt>
      <trkpt lat="44.979084" lon="5.504883">
        <ele>1421.918994</ele>
        <time>2026-04-27T15:23:14.415Z</time>
      </trkpt>
      <trkpt lat="44.97827" lon="5.503598">
        <ele>1420.262641</ele>
        <time>2026-04-27T15:24:10.746Z</time>
      </trkpt>
      <trkpt lat="44.978081" lon="5.503392">
        <ele>1419.938676</ele>
        <time>2026-04-27T15:24:21.878Z</time>
      </trkpt>
      <trkpt lat="44.977616" lon="5.503093">
        <ele>1419.370662</ele>
        <time>2026-04-27T15:24:46.185Z</time>
      </trkpt>
      <trkpt lat="44.977326" lon="5.502987">
        <ele>1419.10756</ele>
        <time>2026-04-27T15:25:00.427Z</time>
      </trkpt>
      <trkpt lat="44.976748" lon="5.502338">
        <ele>1418.458471</ele>
        <time>2026-04-27T15:25:35.765Z</time>
      </trkpt>
      <trkpt lat="44.976413" lon="5.502098">
        <ele>1418.128589</ele>
        <time>2026-04-27T15:25:53.640Z</time>
      </trkpt>
      <trkpt lat="44.976236" lon="5.502033">
        <ele>1417.78049</ele>
        <time>2026-04-27T15:26:02.220Z</time>
      </trkpt>
      <trkpt lat="44.975813" lon="5.502112">
        <ele>1416.449299</ele>
        <time>2026-04-27T15:26:21.964Z</time>
      </trkpt>
      <trkpt lat="44.97546" lon="5.501948">
        <ele>1415.281222</ele>
        <time>2026-04-27T15:26:38.938Z</time>
      </trkpt>
      <trkpt lat="44.974764" lon="5.500963">
        <ele>1411.9776</ele>
        <time>2026-04-27T15:27:22.232Z</time>
      </trkpt>
      <trkpt lat="44.974481" lon="5.50038">
        <ele>1408.961508</ele>
        <time>2026-04-27T15:27:43.589Z</time>
      </trkpt>
      <trkpt lat="44.973817" lon="5.499324">
        <ele>1402.936888</ele>
        <time>2026-04-27T15:28:25.656Z</time>
      </trkpt>
      <trkpt lat="44.973546" lon="5.498368">
        <ele>1397.044948</ele>
        <time>2026-04-27T15:28:55.578Z</time>
      </trkpt>
      <trkpt lat="44.973309" lon="5.498059">
        <ele>1394.160228</ele>
        <time>2026-04-27T15:29:08.435Z</time>
      </trkpt>
      <trkpt lat="44.973277" lon="5.497554">
        <ele>1390.951022</ele>
        <time>2026-04-27T15:29:22.540Z</time>
      </trkpt>
      <trkpt lat="44.972962" lon="5.496396">
        <ele>1383.153708</ele>
        <time>2026-04-27T15:29:56.363Z</time>
      </trkpt>
      <trkpt lat="44.972963" lon="5.496131">
        <ele>1381.524643</ele>
        <time>2026-04-27T15:30:03.576Z</time>
      </trkpt>
      <trkpt lat="44.972853" lon="5.495533">
        <ele>1377.726304</ele>
        <time>2026-04-27T15:30:20.612Z</time>
      </trkpt>
      <trkpt lat="44.9727" lon="5.49513">
        <ele>1374.914725</ele>
        <time>2026-04-27T15:30:33.549Z</time>
      </trkpt>
      <trkpt lat="44.972759" lon="5.494499">
        <ele>1370.935256</ele>
        <time>2026-04-27T15:30:52.439Z</time>
      </trkpt>
      <trkpt lat="44.972517" lon="5.493574">
        <ele>1365.803537</ele>
        <time>2026-04-27T15:31:22.113Z</time>
      </trkpt>
      <trkpt lat="44.972455" lon="5.493003">
        <ele>1362.885881</ele>
        <time>2026-04-27T15:31:39.608Z</time>
      </trkpt>
      <trkpt lat="44.972476" lon="5.492397">
        <ele>1359.855029</ele>
        <time>2026-04-27T15:31:57.255Z</time>
      </trkpt>
      <trkpt lat="44.972874" lon="5.491812">
        <ele>1355.866302</ele>
        <time>2026-04-27T15:32:19.899Z</time>
      </trkpt>
      <trkpt lat="44.973034" lon="5.490562">
        <ele>1349.880563</ele>
        <time>2026-04-27T15:32:55.132Z</time>
      </trkpt>
      <trkpt lat="44.972918" lon="5.490196">
        <ele>1347.990774</ele>
        <time>2026-04-27T15:33:07.034Z</time>
      </trkpt>
      <trkpt lat="44.972905" lon="5.489872">
        <ele>1346.461605</ele>
        <time>2026-04-27T15:33:17.185Z</time>
      </trkpt>
      <trkpt lat="44.972737" lon="5.489431">
        <ele>1345.661416</ele>
        <time>2026-04-27T15:33:33.884Z</time>
      </trkpt>
      <trkpt lat="44.972751" lon="5.489218">
        <ele>1346.073814</ele>
        <time>2026-04-27T15:33:41.526Z</time>
      </trkpt>
      <trkpt lat="44.972538" lon="5.488868">
        <ele>1346.980824</ele>
        <time>2026-04-27T15:33:59.653Z</time>
      </trkpt>
      <trkpt lat="44.972467" lon="5.487614">
        <ele>1349.412549</ele>
        <time>2026-04-27T15:34:52.294Z</time>
      </trkpt>
      <trkpt lat="44.972363" lon="5.486803">
        <ele>1350.948172</ele>
        <time>2026-04-27T15:35:24.631Z</time>
      </trkpt>
      <trkpt lat="44.97227" lon="5.486659">
        <ele>1351.301576</ele>
        <time>2026-04-27T15:35:31.947Z</time>
      </trkpt>
      <trkpt lat="44.972322" lon="5.486209">
        <ele>1352.128017</ele>
        <time>2026-04-27T15:35:48.800Z</time>
      </trkpt>
      <trkpt lat="44.972263" lon="5.485998">
        <ele>1352.539247</ele>
        <time>2026-04-27T15:35:57.113Z</time>
      </trkpt>
      <trkpt lat="44.971973" lon="5.485557">
        <ele>1353.637516</ele>
        <time>2026-04-27T15:36:19.513Z</time>
      </trkpt>
      <trkpt lat="44.972048" lon="5.485311">
        <ele>1354.123039</ele>
        <time>2026-04-27T15:36:29.522Z</time>
      </trkpt>
      <trkpt lat="44.972098" lon="5.484633">
        <ele>1353.935475</ele>
        <time>2026-04-27T15:36:55.993Z</time>
      </trkpt>
      <trkpt lat="44.971906" lon="5.484109">
        <ele>1352.644681</ele>
        <time>2026-04-27T15:37:17.975Z</time>
      </trkpt>
      <trkpt lat="44.971868" lon="5.483175">
        <ele>1350.622139</ele>
        <time>2026-04-27T15:37:47.878Z</time>
      </trkpt>
      <trkpt lat="44.97182" lon="5.483029">
        <ele>1350.275476</ele>
        <time>2026-04-27T15:37:52.537Z</time>
      </trkpt>
      <trkpt lat="44.97175" lon="5.482309">
        <ele>1347.497919</ele>
        <time>2026-04-27T15:38:12.750Z</time>
      </trkpt>
      <trkpt lat="44.971793" lon="5.482169">
        <ele>1346.463394</ele>
        <time>2026-04-27T15:38:16.847Z</time>
      </trkpt>
      <trkpt lat="44.971763" lon="5.481932">
        <ele>1344.757595</ele>
        <time>2026-04-27T15:38:23.596Z</time>
      </trkpt>
      <trkpt lat="44.971671" lon="5.481827">
        <ele>1343.563732</ele>
        <time>2026-04-27T15:38:28.288Z</time>
      </trkpt>
      <trkpt lat="44.971679" lon="5.481008">
        <ele>1337.988006</ele>
        <time>2026-04-27T15:38:50.376Z</time>
      </trkpt>
      <trkpt lat="44.97152" lon="5.480935">
        <ele>1336.334562</ele>
        <time>2026-04-27T15:38:57.094Z</time>
      </trkpt>
      <trkpt lat="44.971156" lon="5.481141">
        <ele>1332.57789</ele>
        <time>2026-04-27T15:39:13.196Z</time>
      </trkpt>
      <trkpt lat="44.970615" lon="5.481069">
        <ele>1330.905862</ele>
        <time>2026-04-27T15:39:37.369Z</time>
      </trkpt>
      <trkpt lat="44.970408" lon="5.480931">
        <ele>1330.383645</ele>
        <time>2026-04-27T15:39:48.094Z</time>
      </trkpt>
      <trkpt lat="44.96987" lon="5.480907">
        <ele>1329.15546</ele>
        <time>2026-04-27T15:40:13.359Z</time>
      </trkpt>
      <trkpt lat="44.969464" lon="5.480558">
        <ele>1328.071214</ele>
        <time>2026-04-27T15:40:35.791Z</time>
      </trkpt>
      <trkpt lat="44.969171" lon="5.480385">
        <ele>1327.607671</ele>
        <time>2026-04-27T15:40:50.896Z</time>
      </trkpt>
      <trkpt lat="44.968928" lon="5.480344">
        <ele>1327.309542</ele>
        <time>2026-04-27T15:41:02.566Z</time>
      </trkpt>
      <trkpt lat="44.967618" lon="5.480284">
        <ele>1325.703076</ele>
        <time>2026-04-27T15:42:04.035Z</time>
      </trkpt>
      <trkpt lat="44.96714" lon="5.48015">
        <ele>1324.770076</ele>
        <time>2026-04-27T15:42:26.459Z</time>
      </trkpt>
      <trkpt lat="44.966365" lon="5.480343">
        <ele>1323.263415</ele>
        <time>2026-04-27T15:43:02.723Z</time>
      </trkpt>
      <trkpt lat="44.965822" lon="5.480305">
        <ele>1322.222428</ele>
        <time>2026-04-27T15:43:27.864Z</time>
      </trkpt>
      <trkpt lat="44.965098" lon="5.479619">
        <ele>1320.696498</ele>
        <time>2026-04-27T15:44:08.014Z</time>
      </trkpt>
      <trkpt lat="44.964013" lon="5.478306">
        <ele>1319.918587</ele>
        <time>2026-04-27T15:45:14.648Z</time>
      </trkpt>
      <trkpt lat="44.963856" lon="5.477944">
        <ele>1320.368442</ele>
        <time>2026-04-27T15:45:29.274Z</time>
      </trkpt>
      <trkpt lat="44.963648" lon="5.477678">
        <ele>1320.788482</ele>
        <time>2026-04-27T15:45:43.534Z</time>
      </trkpt>
      <trkpt lat="44.963466" lon="5.477579">
        <ele>1321.080499</ele>
        <time>2026-04-27T15:45:54.001Z</time>
      </trkpt>
      <trkpt lat="44.963355" lon="5.477344">
        <ele>1321.383268</ele>
        <time>2026-04-27T15:46:05.268Z</time>
      </trkpt>
      <trkpt lat="44.962977" lon="5.476928">
        <ele>1322.988105</ele>
        <time>2026-04-27T15:46:33.367Z</time>
      </trkpt>
      <trkpt lat="44.962776" lon="5.476909">
        <ele>1324.231359</ele>
        <time>2026-04-27T15:46:45.777Z</time>
      </trkpt>
      <trkpt lat="44.962455" lon="5.476606">
        <ele>1326.613654</ele>
        <time>2026-04-27T15:47:10.062Z</time>
      </trkpt>
      <trkpt lat="44.961942" lon="5.476447">
        <ele>1329.895147</ele>
        <time>2026-04-27T15:47:45.301Z</time>
      </trkpt>
      <trkpt lat="44.961589" lon="5.475869">
        <ele>1333.214814</ele>
        <time>2026-04-27T15:48:20.362Z</time>
      </trkpt>
      <trkpt lat="44.961351" lon="5.475726">
        <ele>1334.665445</ele>
        <time>2026-04-27T15:48:36.498Z</time>
      </trkpt>
      <trkpt lat="44.961113" lon="5.475697">
        <ele>1335.995409</ele>
        <time>2026-04-27T15:48:51.130Z</time>
      </trkpt>
      <trkpt lat="44.960715" lon="5.475278">
        <ele>1338.784346</ele>
        <time>2026-04-27T15:49:21.573Z</time>
      </trkpt>
      <trkpt lat="44.960309" lon="5.475372">
        <ele>1341.074855</ele>
        <time>2026-04-27T15:49:46.349Z</time>
      </trkpt>
      <trkpt lat="44.9599" lon="5.475364">
        <ele>1343.300065</ele>
        <time>2026-04-27T15:50:10.915Z</time>
      </trkpt>
      <trkpt lat="44.959046" lon="5.475539">
        <ele>1347.308746</ele>
        <time>2026-04-27T15:51:00.722Z</time>
      </trkpt>
      <trkpt lat="44.958905" lon="5.475636">
        <ele>1348.033143</ele>
        <time>2026-04-27T15:51:09.633Z</time>
      </trkpt>
      <trkpt lat="44.958567" lon="5.475697">
        <ele>1349.607151</ele>
        <time>2026-04-27T15:51:29.312Z</time>
      </trkpt>
      <trkpt lat="44.958431" lon="5.475849">
        <ele>1350.408103</ele>
        <time>2026-04-27T15:51:39.500Z</time>
      </trkpt>
      <trkpt lat="44.958048" lon="5.476077">
        <ele>1352.633651</ele>
        <time>2026-04-27T15:52:04.845Z</time>
      </trkpt>
      <trkpt lat="44.957389" lon="5.476203">
        <ele>1356.465513</ele>
        <time>2026-04-27T15:52:45.922Z</time>
      </trkpt>
      <trkpt lat="44.957137" lon="5.476075">
        <ele>1358.005227</ele>
        <time>2026-04-27T15:53:03.005Z</time>
      </trkpt>
      <trkpt lat="44.95664" lon="5.476497">
        <ele>1361.364528</ele>
        <time>2026-04-27T15:53:39.387Z</time>
      </trkpt>
      <trkpt lat="44.956164" lon="5.476773">
        <ele>1364.182963</ele>
        <time>2026-04-27T15:54:10.624Z</time>
      </trkpt>
      <trkpt lat="44.956019" lon="5.477">
        <ele>1365.35947</ele>
        <time>2026-04-27T15:54:23.673Z</time>
      </trkpt>
      <trkpt lat="44.95561" lon="5.476998">
        <ele>1367.604215</ele>
        <time>2026-04-27T15:54:48.526Z</time>
      </trkpt>
      <trkpt lat="44.954964" lon="5.476467">
        <ele>1371.615414</ele>
        <time>2026-04-27T15:55:33.672Z</time>
      </trkpt>
      <trkpt lat="44.954192" lon="5.476435">
        <ele>1375.003895</ele>
        <time>2026-04-27T15:56:20.129Z</time>
      </trkpt>
      <trkpt lat="44.953969" lon="5.47649">
        <ele>1375.995086</ele>
        <time>2026-04-27T15:56:33.323Z</time>
      </trkpt>
      <trkpt lat="44.953235" lon="5.476472">
        <ele>1379.218213</ele>
        <time>2026-04-27T15:57:14.420Z</time>
      </trkpt>
      <trkpt lat="44.952183" lon="5.476984">
        <ele>1381.13721</ele>
        <time>2026-04-27T15:58:12.806Z</time>
      </trkpt>
      <trkpt lat="44.951851" lon="5.476907">
        <ele>1381.715216</ele>
        <time>2026-04-27T15:58:29.618Z</time>
      </trkpt>
      <trkpt lat="44.951493" lon="5.476599">
        <ele>1382.483378</ele>
        <time>2026-04-27T15:58:50.280Z</time>
      </trkpt>
      <trkpt lat="44.951103" lon="5.476044">
        <ele>1383.831979</ele>
        <time>2026-04-27T15:59:17.980Z</time>
      </trkpt>
      <trkpt lat="44.950917" lon="5.475602">
        <ele>1384.718676</ele>
        <time>2026-04-27T15:59:37.027Z</time>
      </trkpt>
      <trkpt lat="44.950564" lon="5.475578">
        <ele>1385.579738</ele>
        <time>2026-04-27T15:59:56.617Z</time>
      </trkpt>
      <trkpt lat="44.950384" lon="5.475362">
        <ele>1386.166113</ele>
        <time>2026-04-27T16:00:10.249Z</time>
      </trkpt>
      <trkpt lat="44.950037" lon="5.475109">
        <ele>1387.280383</ele>
        <time>2026-04-27T16:00:32.863Z</time>
      </trkpt>
      <trkpt lat="44.94979" lon="5.475031">
        <ele>1388.112364</ele>
        <time>2026-04-27T16:00:47.287Z</time>
      </trkpt>
      <trkpt lat="44.949428" lon="5.475047">
        <ele>1389.309237</ele>
        <time>2026-04-27T16:01:07.696Z</time>
      </trkpt>
      <trkpt lat="44.949211" lon="5.475216">
        <ele>1390.12375</ele>
        <time>2026-04-27T16:01:21.347Z</time>
      </trkpt>
      <trkpt lat="44.949073" lon="5.475468">
        <ele>1390.865039</ele>
        <time>2026-04-27T16:01:33.661Z</time>
      </trkpt>
      <trkpt lat="44.948445" lon="5.476086">
        <ele>1393.557355</ele>
        <time>2026-04-27T16:02:14.323Z</time>
      </trkpt>
      <trkpt lat="44.947992" lon="5.476314">
        <ele>1395.46281</ele>
        <time>2026-04-27T16:02:40.277Z</time>
      </trkpt>
      <trkpt lat="44.947751" lon="5.47615">
        <ele>1396.530913</ele>
        <time>2026-04-27T16:02:55.619Z</time>
      </trkpt>
      <trkpt lat="44.947156" lon="5.476569">
        <ele>1399.165512</ele>
        <time>2026-04-27T16:03:35.184Z</time>
      </trkpt>
      <trkpt lat="44.946737" lon="5.477067">
        <ele>1402.000217</ele>
        <time>2026-04-27T16:04:08.363Z</time>
      </trkpt>
      <trkpt lat="44.946293" lon="5.477446">
        <ele>1404.926222</ele>
        <time>2026-04-27T16:04:39.451Z</time>
      </trkpt>
      <trkpt lat="44.946142" lon="5.477682">
        <ele>1406.185978</ele>
        <time>2026-04-27T16:04:52.831Z</time>
      </trkpt>
      <trkpt lat="44.945689" lon="5.478716">
        <ele>1411.703924</ele>
        <time>2026-04-27T16:05:46.380Z</time>
      </trkpt>
      <trkpt lat="44.945515" lon="5.478799">
        <ele>1413.360083</ele>
        <time>2026-04-27T16:05:58.983Z</time>
      </trkpt>
      <trkpt lat="44.945173" lon="5.478657">
        <ele>1416.538247</ele>
        <time>2026-04-27T16:06:24.327Z</time>
      </trkpt>
      <trkpt lat="44.944942" lon="5.478909">
        <ele>1419.114608</ele>
        <time>2026-04-27T16:06:45.943Z</time>
      </trkpt>
      <trkpt lat="44.944691" lon="5.479372">
        <ele>1422.758604</ele>
        <time>2026-04-27T16:07:17.926Z</time>
      </trkpt>
      <trkpt lat="44.944197" lon="5.479469">
        <ele>1427.353562</ele>
        <time>2026-04-27T16:07:57.554Z</time>
      </trkpt>
      <trkpt lat="44.94393" lon="5.479675">
        <ele>1430.38586</ele>
        <time>2026-04-27T16:08:21.286Z</time>
      </trkpt>
      <trkpt lat="44.94364" lon="5.480163">
        <ele>1434.893533</ele>
        <time>2026-04-27T16:08:55.811Z</time>
      </trkpt>
      <trkpt lat="44.943501" lon="5.481231">
        <ele>1442.55464</ele>
        <time>2026-04-27T16:09:54.316Z</time>
      </trkpt>
      <trkpt lat="44.942991" lon="5.482662">
        <ele>1453.361508</ele>
        <time>2026-04-27T16:11:18.999Z</time>
      </trkpt>
      <trkpt lat="44.942904" lon="5.48341">
        <ele>1458.448895</ele>
        <time>2026-04-27T16:11:58.603Z</time>
      </trkpt>
      <trkpt lat="44.94292" lon="5.484406">
        <ele>1465.634375</ele>
        <time>2026-04-27T16:12:51.704Z</time>
      </trkpt>
      <trkpt lat="44.942742" lon="5.484689">
        <ele>1468.434357</ele>
        <time>2026-04-27T16:13:12.232Z</time>
      </trkpt>
      <trkpt lat="44.94239" lon="5.485642">
        <ele>1476.500141</ele>
        <time>2026-04-27T16:14:14.896Z</time>
      </trkpt>
      <trkpt lat="44.942233" lon="5.486145">
        <ele>1480.737364</ele>
        <time>2026-04-27T16:14:47.240Z</time>
      </trkpt>
      <trkpt lat="44.941875" lon="5.486708">
        <ele>1487.235596</ele>
        <time>2026-04-27T16:15:31.982Z</time>
      </trkpt>
      <trkpt lat="44.941224" lon="5.488117">
        <ele>1501.715337</ele>
        <time>2026-04-27T16:17:14.069Z</time>
      </trkpt>
      <trkpt lat="44.94115" lon="5.488632">
        <ele>1507.030845</ele>
        <time>2026-04-27T16:17:47.260Z</time>
      </trkpt>
      <trkpt lat="44.940917" lon="5.488909">
        <ele>1511.421874</ele>
        <time>2026-04-27T16:18:15.129Z</time>
      </trkpt>
      <trkpt lat="44.940357" lon="5.490279">
        <ele>1527.606056</ele>
        <time>2026-04-27T16:20:00.734Z</time>
      </trkpt>
      <trkpt lat="44.939847" lon="5.490957">
        <ele>1539.371471</ele>
        <time>2026-04-27T16:21:09.352Z</time>
      </trkpt>
      <trkpt lat="44.939732" lon="5.491467">
        <ele>1545.711364</ele>
        <time>2026-04-27T16:21:48.025Z</time>
      </trkpt>
      <trkpt lat="44.939365" lon="5.492184">
        <ele>1556.22843</ele>
        <time>2026-04-27T16:22:54.688Z</time>
      </trkpt>
      <trkpt lat="44.938974" lon="5.49388">
        <ele>1576.850176</ele>
        <time>2026-04-27T16:25:05.279Z</time>
      </trkpt>
      <trkpt lat="44.93868" lon="5.494232">
        <ele>1583.132417</ele>
        <time>2026-04-27T16:25:42.969Z</time>
      </trkpt>
      <trkpt lat="44.938484" lon="5.494996">
        <ele>1588.872043</ele>
        <time>2026-04-27T16:26:34.155Z</time>
      </trkpt>
      <trkpt lat="44.938172" lon="5.495659">
        <ele>1592.694372</ele>
        <time>2026-04-27T16:27:16.219Z</time>
      </trkpt>
      <trkpt lat="44.937954" lon="5.49634">
        <ele>1596.274705</ele>
        <time>2026-04-27T16:27:46.313Z</time>
      </trkpt>
      <trkpt lat="44.937372" lon="5.497767">
        <ele>1598.634974</ele>
        <time>2026-04-27T16:28:40.666Z</time>
      </trkpt>
      <trkpt lat="44.93717" lon="5.498095">
        <ele>1598.713034</ele>
        <time>2026-04-27T16:28:55.235Z</time>
      </trkpt>
      <trkpt lat="44.936714" lon="5.499532">
        <ele>1601.709115</ele>
        <time>2026-04-27T16:29:55.147Z</time>
      </trkpt>
      <trkpt lat="44.936574" lon="5.499748">
        <ele>1602.937657</ele>
        <time>2026-04-27T16:30:08.320Z</time>
      </trkpt>
      <trkpt lat="44.936259" lon="5.500568">
        <ele>1606.885467</ele>
        <time>2026-04-27T16:30:55.966Z</time>
      </trkpt>
      <trkpt lat="44.936077" lon="5.500777">
        <ele>1608.275394</ele>
        <time>2026-04-27T16:31:12.242Z</time>
      </trkpt>
      <trkpt lat="44.935959" lon="5.501028">
        <ele>1609.531077</ele>
        <time>2026-04-27T16:31:25.807Z</time>
      </trkpt>
      <trkpt lat="44.935809" lon="5.501663">
        <ele>1609.43709</ele>
        <time>2026-04-27T16:31:52.424Z</time>
      </trkpt>
      <trkpt lat="44.935601" lon="5.501811">
        <ele>1609.39014</ele>
        <time>2026-04-27T16:32:04.298Z</time>
      </trkpt>
      <trkpt lat="44.93538" lon="5.501666">
        <ele>1609.340084</ele>
        <time>2026-04-27T16:32:16.239Z</time>
      </trkpt>
      <trkpt lat="44.935204" lon="5.501724">
        <ele>1609.304422</ele>
        <time>2026-04-27T16:32:24.454Z</time>
      </trkpt>
      <trkpt lat="44.93511" lon="5.501553">
        <ele>1609.27418</ele>
        <time>2026-04-27T16:32:31.286Z</time>
      </trkpt>
      <trkpt lat="44.935023" lon="5.501461">
        <ele>1609.248688</ele>
        <time>2026-04-27T16:32:36.916Z</time>
      </trkpt>
      <trkpt lat="44.934787" lon="5.501329">
        <ele>1609.19741</ele>
        <time>2026-04-27T16:32:48.063Z</time>
      </trkpt>
      <trkpt lat="44.934655" lon="5.501">
        <ele>1609.245523</ele>
        <time>2026-04-27T16:32:59.772Z</time>
      </trkpt>
      <trkpt lat="44.934424" lon="5.500782">
        <ele>1609.358773</ele>
        <time>2026-04-27T16:33:12.316Z</time>
      </trkpt>
      <trkpt lat="44.934365" lon="5.50052">
        <ele>1609.438116</ele>
        <time>2026-04-27T16:33:21.514Z</time>
      </trkpt>
      <trkpt lat="44.93413" lon="5.500318">
        <ele>1609.550257</ele>
        <time>2026-04-27T16:33:35.158Z</time>
      </trkpt>
      <trkpt lat="44.933888" lon="5.500241">
        <ele>1609.651381</ele>
        <time>2026-04-27T16:33:48.212Z</time>
      </trkpt>
      <trkpt lat="44.933757" lon="5.500072">
        <ele>1609.724997</ele>
        <time>2026-04-27T16:33:58.138Z</time>
      </trkpt>
      <trkpt lat="44.933464" lon="5.500241">
        <ele>1609.856064</ele>
        <time>2026-04-27T16:34:16.395Z</time>
      </trkpt>
      <trkpt lat="44.933081" lon="5.500067">
        <ele>1609.731328</ele>
        <time>2026-04-27T16:34:39.319Z</time>
      </trkpt>
      <trkpt lat="44.932812" lon="5.500116">
        <ele>1609.552448</ele>
        <time>2026-04-27T16:34:53.973Z</time>
      </trkpt>
      <trkpt lat="44.93255" lon="5.500036">
        <ele>1609.376393</ele>
        <time>2026-04-27T16:35:07.534Z</time>
      </trkpt>
      <trkpt lat="44.932102" lon="5.49979">
        <ele>1609.062089</ele>
        <time>2026-04-27T16:35:29.961Z</time>
      </trkpt>
      <trkpt lat="44.9319" lon="5.499408">
        <ele>1608.842937</ele>
        <time>2026-04-27T16:35:44.950Z</time>
      </trkpt>
      <trkpt lat="44.931459" lon="5.498864">
        <ele>1606.816263</ele>
        <time>2026-04-27T16:36:10.214Z</time>
      </trkpt>
      <trkpt lat="44.931308" lon="5.498402">
        <ele>1605.236215</ele>
        <time>2026-04-27T16:36:25.714Z</time>
      </trkpt>
      <trkpt lat="44.931103" lon="5.498377">
        <ele>1604.333741</ele>
        <time>2026-04-27T16:36:34.692Z</time>
      </trkpt>
      <trkpt lat="44.930898" lon="5.498256">
        <ele>1603.359268</ele>
        <time>2026-04-27T16:36:44.423Z</time>
      </trkpt>
      <trkpt lat="44.930759" lon="5.498043">
        <ele>1602.459761</ele>
        <time>2026-04-27T16:36:53.425Z</time>
      </trkpt>
      <trkpt lat="44.930703" lon="5.497785">
        <ele>1601.607565</ele>
        <time>2026-04-27T16:37:02.032Z</time>
      </trkpt>
      <trkpt lat="44.930475" lon="5.497727">
        <ele>1600.500341</ele>
        <time>2026-04-27T16:37:12.466Z</time>
      </trkpt>
      <trkpt lat="44.93029" lon="5.49758">
        <ele>1599.339392</ele>
        <time>2026-04-27T16:37:21.759Z</time>
      </trkpt>
      <trkpt lat="44.929845" lon="5.496978">
        <ele>1595.969308</ele>
        <time>2026-04-27T16:37:48.142Z</time>
      </trkpt>
      <trkpt lat="44.929691" lon="5.496951">
        <ele>1595.12056</ele>
        <time>2026-04-27T16:37:54.665Z</time>
      </trkpt>
      <trkpt lat="44.928702" lon="5.495768">
        <ele>1588.927126</ele>
        <time>2026-04-27T16:38:48.821Z</time>
      </trkpt>
      <trkpt lat="44.928545" lon="5.495685">
        <ele>1588.284564</ele>
        <time>2026-04-27T16:38:56.091Z</time>
      </trkpt>
      <trkpt lat="44.928304" lon="5.495627">
        <ele>1587.285709</ele>
        <time>2026-04-27T16:39:07.578Z</time>
      </trkpt>
      <trkpt lat="44.928224" lon="5.495701">
        <ele>1586.919158</ele>
        <time>2026-04-27T16:39:11.873Z</time>
      </trkpt>
      <trkpt lat="44.927873" lon="5.495761">
        <ele>1585.563937</ele>
        <time>2026-04-27T16:39:27.902Z</time>
      </trkpt>
      <trkpt lat="44.927799" lon="5.495874">
        <ele>1585.146211</ele>
        <time>2026-04-27T16:39:32.926Z</time>
      </trkpt>
      <trkpt lat="44.927524" lon="5.495703">
        <ele>1584.146731</ele>
        <time>2026-04-27T16:39:46.963Z</time>
      </trkpt>
      <trkpt lat="44.927115" lon="5.49564">
        <ele>1584.355096</ele>
        <time>2026-04-27T16:40:06.468Z</time>
      </trkpt>
      <trkpt lat="44.926644" lon="5.495916">
        <ele>1584.622725</ele>
        <time>2026-04-27T16:40:31.964Z</time>
      </trkpt>
      <trkpt lat="44.925934" lon="5.495814">
        <ele>1584.985117</ele>
        <time>2026-04-27T16:41:08.136Z</time>
      </trkpt>
      <trkpt lat="44.925818" lon="5.495677">
        <ele>1585.372979</ele>
        <time>2026-04-27T16:41:16.154Z</time>
      </trkpt>
      <trkpt lat="44.925497" lon="5.495693">
        <ele>1587.882282</ele>
        <time>2026-04-27T16:41:33.919Z</time>
      </trkpt>
      <trkpt lat="44.925261" lon="5.495801">
        <ele>1589.800449</ele>
        <time>2026-04-27T16:41:48.292Z</time>
      </trkpt>
      <trkpt lat="44.925138" lon="5.496061">
        <ele>1591.51232</ele>
        <time>2026-04-27T16:42:02.012Z</time>
      </trkpt>
      <trkpt lat="44.924933" lon="5.496157">
        <ele>1593.211188</ele>
        <time>2026-04-27T16:42:16.754Z</time>
      </trkpt>
      <trkpt lat="44.924932" lon="5.496431">
        <ele>1594.783641</ele>
        <time>2026-04-27T16:42:31.448Z</time>
      </trkpt>
      <trkpt lat="44.924805" lon="5.496645">
        <ele>1596.312308</ele>
        <time>2026-04-27T16:42:46.786Z</time>
      </trkpt>
      <trkpt lat="44.924547" lon="5.496825">
        <ele>1598.537303</ele>
        <time>2026-04-27T16:43:11.371Z</time>
      </trkpt>
      <trkpt lat="44.924344" lon="5.49687">
        <ele>1601.602701</ele>
        <time>2026-04-27T16:43:30.317Z</time>
      </trkpt>
      <trkpt lat="44.924243" lon="5.497075">
        <ele>1604.682333</ele>
        <time>2026-04-27T16:43:47.508Z</time>
      </trkpt>
      <trkpt lat="44.924242" lon="5.497343">
        <ele>1607.987101</ele>
        <time>2026-04-27T16:44:07.008Z</time>
      </trkpt>
      <trkpt lat="44.924092" lon="5.498091">
        <ele>1617.745561</ele>
        <time>2026-04-27T16:45:09.361Z</time>
      </trkpt>
      <trkpt lat="44.924035" lon="5.498225">
        <ele>1619.673192</ele>
        <time>2026-04-27T16:45:22.121Z</time>
      </trkpt>
      <trkpt lat="44.92411" lon="5.498708">
        <ele>1625.799505</ele>
        <time>2026-04-27T16:46:02.812Z</time>
      </trkpt>
      <trkpt lat="44.924065" lon="5.49894">
        <ele>1628.765722</ele>
        <time>2026-04-27T16:46:22.087Z</time>
      </trkpt>
      <trkpt lat="44.923851" lon="5.499282">
        <ele>1633.20047</ele>
        <time>2026-04-27T16:46:56.626Z</time>
      </trkpt>
      <trkpt lat="44.923746" lon="5.499768">
        <ele>1637.652227</ele>
        <time>2026-04-27T16:47:31.832Z</time>
      </trkpt>
      <trkpt lat="44.923511" lon="5.499832">
        <ele>1640.613632</ele>
        <time>2026-04-27T16:47:53.387Z</time>
      </trkpt>
      <trkpt lat="44.923442" lon="5.499957">
        <ele>1642.062509</ele>
        <time>2026-04-27T16:48:03.421Z</time>
      </trkpt>
      <trkpt lat="44.923309" lon="5.500631">
        <ele>1648.244929</ele>
        <time>2026-04-27T16:48:42.625Z</time>
      </trkpt>
      <trkpt lat="44.923163" lon="5.500736">
        <ele>1650.400352</ele>
        <time>2026-04-27T16:48:54.730Z</time>
      </trkpt>
      <trkpt lat="44.922772" lon="5.501852">
        <ele>1653.917235</ele>
        <time>2026-04-27T16:49:46.871Z</time>
      </trkpt>
      <trkpt lat="44.922519" lon="5.502013">
        <ele>1654.458448</ele>
        <time>2026-04-27T16:50:01.026Z</time>
      </trkpt>
      <trkpt lat="44.92178" lon="5.502032">
        <ele>1655.916323</ele>
        <time>2026-04-27T16:50:36.647Z</time>
      </trkpt>
      <trkpt lat="44.921285" lon="5.502123">
        <ele>1654.738341</ele>
        <time>2026-04-27T16:50:59.887Z</time>
      </trkpt>
      <trkpt lat="44.920854" lon="5.501958">
        <ele>1653.438965</ele>
        <time>2026-04-27T16:51:20.173Z</time>
      </trkpt>
      <trkpt lat="44.920675" lon="5.50198">
        <ele>1652.918067</ele>
        <time>2026-04-27T16:51:28.214Z</time>
      </trkpt>
      <trkpt lat="44.920332" lon="5.501876">
        <ele>1651.90102</ele>
        <time>2026-04-27T16:51:43.980Z</time>
      </trkpt>
      <trkpt lat="44.919463" lon="5.501819">
        <ele>1647.599628</ele>
        <time>2026-04-27T16:52:22.853Z</time>
      </trkpt>
      <trkpt lat="44.918762" lon="5.501558">
        <ele>1642.991114</ele>
        <time>2026-04-27T16:52:53.700Z</time>
      </trkpt>
      <trkpt lat="44.918251" lon="5.500757">
        <ele>1637.117349</ele>
        <time>2026-04-27T16:53:24.693Z</time>
      </trkpt>
      <trkpt lat="44.917969" lon="5.500636">
        <ele>1633.893264</ele>
        <time>2026-04-27T16:53:36.241Z</time>
      </trkpt>
      <trkpt lat="44.917447" lon="5.500136">
        <ele>1626.993427</ele>
        <time>2026-04-27T16:54:00.412Z</time>
      </trkpt>
      <trkpt lat="44.917375" lon="5.50014">
        <ele>1626.2052</ele>
        <time>2026-04-27T16:54:03.143Z</time>
      </trkpt>
      <trkpt lat="44.917313" lon="5.500437">
        <ele>1623.639472</ele>
        <time>2026-04-27T16:54:12.062Z</time>
      </trkpt>
      <trkpt lat="44.917162" lon="5.500331">
        <ele>1621.794833</ele>
        <time>2026-04-27T16:54:18.455Z</time>
      </trkpt>
      <trkpt lat="44.917037" lon="5.500115">
        <ele>1619.635274</ele>
        <time>2026-04-27T16:54:25.938Z</time>
      </trkpt>
      <trkpt lat="44.91689" lon="5.499992">
        <ele>1617.777414</ele>
        <time>2026-04-27T16:54:32.392Z</time>
      </trkpt>
      <trkpt lat="44.916771" lon="5.499659">
        <ele>1614.905451</ele>
        <time>2026-04-27T16:54:42.378Z</time>
      </trkpt>
      <trkpt lat="44.916659" lon="5.499622">
        <ele>1613.65478</ele>
        <time>2026-04-27T16:54:46.720Z</time>
      </trkpt>
      <trkpt lat="44.916565" lon="5.499474">
        <ele>1612.124024</ele>
        <time>2026-04-27T16:54:52.017Z</time>
      </trkpt>
      <trkpt lat="44.916502" lon="5.499456">
        <ele>1611.425135</ele>
        <time>2026-04-27T16:54:54.454Z</time>
      </trkpt>
      <trkpt lat="44.916454" lon="5.499639">
        <ele>1609.922541</ele>
        <time>2026-04-27T16:54:59.679Z</time>
      </trkpt>
      <trkpt lat="44.916267" lon="5.499489">
        <ele>1607.584135</ele>
        <time>2026-04-27T16:55:07.832Z</time>
      </trkpt>
      <trkpt lat="44.916218" lon="5.499288">
        <ele>1605.796696</ele>
        <time>2026-04-27T16:55:14.188Z</time>
      </trkpt>
      <trkpt lat="44.916139" lon="5.499282">
        <ele>1604.936476</ele>
        <time>2026-04-27T16:55:17.310Z</time>
      </trkpt>
      <trkpt lat="44.916135" lon="5.499123">
        <ele>1603.630215</ele>
        <time>2026-04-27T16:55:22.094Z</time>
      </trkpt>
      <trkpt lat="44.915926" lon="5.499285">
        <ele>1601.037899</ele>
        <time>2026-04-27T16:55:31.827Z</time>
      </trkpt>
      <trkpt lat="44.915755" lon="5.499297">
        <ele>1600.34501</ele>
        <time>2026-04-27T16:55:39.077Z</time>
      </trkpt>
      <trkpt lat="44.915644" lon="5.499426">
        <ele>1600.415021</ele>
        <time>2026-04-27T16:55:45.313Z</time>
      </trkpt>
      <trkpt lat="44.91547" lon="5.499969">
        <ele>1600.620567</ele>
        <time>2026-04-27T16:56:04.778Z</time>
      </trkpt>
      <trkpt lat="44.915382" lon="5.500543">
        <ele>1600.82496</ele>
        <time>2026-04-27T16:56:26.526Z</time>
      </trkpt>
      <trkpt lat="44.91521" lon="5.500812">
        <ele>1600.949953</ele>
        <time>2026-04-27T16:56:41.323Z</time>
      </trkpt>
      <trkpt lat="44.91465" lon="5.501208">
        <ele>1601.920093</ele>
        <time>2026-04-27T16:57:18.143Z</time>
      </trkpt>
      <trkpt lat="44.914507" lon="5.501136">
        <ele>1602.568054</ele>
        <time>2026-04-27T16:57:27.007Z</time>
      </trkpt>
      <trkpt lat="44.914413" lon="5.500918">
        <ele>1603.339478</ele>
        <time>2026-04-27T16:57:37.541Z</time>
      </trkpt>
      <trkpt lat="44.913848" lon="5.500791">
        <ele>1605.796987</ele>
        <time>2026-04-27T16:58:11.198Z</time>
      </trkpt>
      <trkpt lat="44.913673" lon="5.501159">
        <ele>1607.142991</ele>
        <time>2026-04-27T16:58:29.290Z</time>
      </trkpt>
      <trkpt lat="44.913398" lon="5.501287">
        <ele>1608.378812</ele>
        <time>2026-04-27T16:58:45.843Z</time>
      </trkpt>
      <trkpt lat="44.913046" lon="5.501618">
        <ele>1609.350437</ele>
        <time>2026-04-27T16:59:09.370Z</time>
      </trkpt>
      <trkpt lat="44.912564" lon="5.501633">
        <ele>1610.126677</ele>
        <time>2026-04-27T16:59:33.734Z</time>
      </trkpt>
      <trkpt lat="44.912078" lon="5.50204">
        <ele>1611.036929</ele>
        <time>2026-04-27T17:00:01.971Z</time>
      </trkpt>
      <trkpt lat="44.911721" lon="5.502019">
        <ele>1611.616942</ele>
        <time>2026-04-27T17:00:19.455Z</time>
      </trkpt>
      <trkpt lat="44.911375" lon="5.501893">
        <ele>1612.718025</ele>
        <time>2026-04-27T17:00:37.715Z</time>
      </trkpt>
      <trkpt lat="44.911168" lon="5.501901">
        <ele>1613.435767</ele>
        <time>2026-04-27T17:00:48.779Z</time>
      </trkpt>
      <trkpt lat="44.910719" lon="5.502078">
        <ele>1615.057529</ele>
        <time>2026-04-27T17:01:14.339Z</time>
      </trkpt>
      <trkpt lat="44.910357" lon="5.502383">
        <ele>1616.529876</ele>
        <time>2026-04-27T17:01:40.130Z</time>
      </trkpt>
      <trkpt lat="44.910345" lon="5.503198">
        <ele>1618.167157</ele>
        <time>2026-04-27T17:02:14.421Z</time>
      </trkpt>
      <trkpt lat="44.910253" lon="5.503523">
        <ele>1618.469942</ele>
        <time>2026-04-27T17:02:29.131Z</time>
      </trkpt>
      <trkpt lat="44.910057" lon="5.503839">
        <ele>1618.831197</ele>
        <time>2026-04-27T17:02:45.323Z</time>
      </trkpt>
      <trkpt lat="44.909771" lon="5.504648">
        <ele>1619.608816</ele>
        <time>2026-04-27T17:03:15.949Z</time>
      </trkpt>
      <trkpt lat="44.909351" lon="5.505234">
        <ele>1620.339023</ele>
        <time>2026-04-27T17:03:43.398Z</time>
      </trkpt>
      <trkpt lat="44.909079" lon="5.505787">
        <ele>1620.960756</ele>
        <time>2026-04-27T17:04:05.644Z</time>
      </trkpt>
      <trkpt lat="44.908957" lon="5.506165">
        <ele>1621.347491</ele>
        <time>2026-04-27T17:04:20.044Z</time>
      </trkpt>
      <trkpt lat="44.908678" lon="5.506487">
        <ele>1621.818948</ele>
        <time>2026-04-27T17:04:38.938Z</time>
      </trkpt>
      <trkpt lat="44.908433" lon="5.506892">
        <ele>1622.310802</ele>
        <time>2026-04-27T17:05:00.049Z</time>
      </trkpt>
      <trkpt lat="44.90795" lon="5.507411">
        <ele>1625.657614</ele>
        <time>2026-04-27T17:05:36.514Z</time>
      </trkpt>
      <trkpt lat="44.907465" lon="5.507813">
        <ele>1629.513114</ele>
        <time>2026-04-27T17:06:12.663Z</time>
      </trkpt>
      <trkpt lat="44.907282" lon="5.507761">
        <ele>1630.785973</ele>
        <time>2026-04-27T17:06:25.020Z</time>
      </trkpt>
      <trkpt lat="44.907067" lon="5.507849">
        <ele>1632.327133</ele>
        <time>2026-04-27T17:06:40.159Z</time>
      </trkpt>
      <trkpt lat="44.906825" lon="5.508141">
        <ele>1634.497765</ele>
        <time>2026-04-27T17:07:02.180Z</time>
      </trkpt>
      <trkpt lat="44.906621" lon="5.508282">
        <ele>1636.576837</ele>
        <time>2026-04-27T17:07:18.689Z</time>
      </trkpt>
      <trkpt lat="44.906427" lon="5.508683">
        <ele>1639.967359</ele>
        <time>2026-04-27T17:07:45.935Z</time>
      </trkpt>
      <trkpt lat="44.906178" lon="5.509127">
        <ele>1643.867017</ele>
        <time>2026-04-27T17:08:22.025Z</time>
      </trkpt>
      <trkpt lat="44.905777" lon="5.509693">
        <ele>1649.349786</ele>
        <time>2026-04-27T17:09:09.309Z</time>
      </trkpt>
      <trkpt lat="44.905561" lon="5.510278">
        <ele>1651.716837</ele>
        <time>2026-04-27T17:09:38.963Z</time>
      </trkpt>
      <trkpt lat="44.905468" lon="5.510333">
        <ele>1651.504665</ele>
        <time>2026-04-27T17:09:44.296Z</time>
      </trkpt>
      <trkpt lat="44.905323" lon="5.510315">
        <ele>1651.198367</ele>
        <time>2026-04-27T17:09:51.720Z</time>
      </trkpt>
      <trkpt lat="44.905378" lon="5.510154">
        <ele>1650.884914</ele>
        <time>2026-04-27T17:09:58.913Z</time>
      </trkpt>
      <trkpt lat="44.905347" lon="5.510075">
        <ele>1650.750308</ele>
        <time>2026-04-27T17:10:01.955Z</time>
      </trkpt>
      <trkpt lat="44.905186" lon="5.509832">
        <ele>1650.25438</ele>
        <time>2026-04-27T17:10:12.735Z</time>
      </trkpt>
      <trkpt lat="44.905185" lon="5.509701">
        <ele>1650.059125</ele>
        <time>2026-04-27T17:10:16.872Z</time>
      </trkpt>
      <trkpt lat="44.90509" lon="5.509516">
        <ele>1649.718555</ele>
        <time>2026-04-27T17:10:23.806Z</time>
      </trkpt>
      <trkpt lat="44.904747" lon="5.508952">
        <ele>1648.601195</ele>
        <time>2026-04-27T17:10:45.209Z</time>
      </trkpt>
      <trkpt lat="44.904353" lon="5.508691">
        <ele>1646.87373</ele>
        <time>2026-04-27T17:11:03.231Z</time>
      </trkpt>
      <trkpt lat="44.904066" lon="5.508706">
        <ele>1645.478847</ele>
        <time>2026-04-27T17:11:15.783Z</time>
      </trkpt>
      <trkpt lat="44.903884" lon="5.508542">
        <ele>1644.447074</ele>
        <time>2026-04-27T17:11:25.236Z</time>
      </trkpt>
      <trkpt lat="44.903688" lon="5.508197">
        <ele>1642.950119</ele>
        <time>2026-04-27T17:11:39.205Z</time>
      </trkpt>
      <trkpt lat="44.902812" lon="5.506963">
        <ele>1636.707451</ele>
        <time>2026-04-27T17:12:33.921Z</time>
      </trkpt>
      <trkpt lat="44.902152" lon="5.506403">
        <ele>1632.646555</ele>
        <time>2026-04-27T17:13:06.589Z</time>
      </trkpt>
      <trkpt lat="44.901274" lon="5.505861">
        <ele>1627.041396</ele>
        <time>2026-04-27T17:13:47.248Z</time>
      </trkpt>
      <trkpt lat="44.901113" lon="5.505645">
        <ele>1625.627146</ele>
        <time>2026-04-27T17:13:56.459Z</time>
      </trkpt>
      <trkpt lat="44.901048" lon="5.505174">
        <ele>1623.45458</ele>
        <time>2026-04-27T17:14:10.464Z</time>
      </trkpt>
      <trkpt lat="44.900786" lon="5.504982">
        <ele>1621.553919</ele>
        <time>2026-04-27T17:14:22.681Z</time>
      </trkpt>
      <trkpt lat="44.900547" lon="5.504922">
        <ele>1619.997497</ele>
        <time>2026-04-27T17:14:32.860Z</time>
      </trkpt>
      <trkpt lat="44.900357" lon="5.505023">
        <ele>1618.749052</ele>
        <time>2026-04-27T17:14:41.396Z</time>
      </trkpt>
      <trkpt lat="44.899979" lon="5.50485">
        <ele>1617.425806</ele>
        <time>2026-04-27T17:14:58.313Z</time>
      </trkpt>
      <trkpt lat="44.899837" lon="5.504865">
        <ele>1616.95236</ele>
        <time>2026-04-27T17:15:04.374Z</time>
      </trkpt>
      <trkpt lat="44.898252" lon="5.505665">
        <ele>1611.781062</ele>
        <time>2026-04-27T17:16:22.934Z</time>
      </trkpt>
      <trkpt lat="44.897965" lon="5.505689">
        <ele>1611.105776</ele>
        <time>2026-04-27T17:16:36.755Z</time>
      </trkpt>
      <trkpt lat="44.897864" lon="5.505634">
        <ele>1610.852841</ele>
        <time>2026-04-27T17:16:41.845Z</time>
      </trkpt>
      <trkpt lat="44.897653" lon="5.505709">
        <ele>1610.344451</ele>
        <time>2026-04-27T17:16:51.934Z</time>
      </trkpt>
      <trkpt lat="44.897146" lon="5.506114">
        <ele>1608.965093</ele>
        <time>2026-04-27T17:17:18.126Z</time>
      </trkpt>
      <trkpt lat="44.896591" lon="5.505986">
        <ele>1606.602794</ele>
        <time>2026-04-27T17:17:41.688Z</time>
      </trkpt>
      <trkpt lat="44.896347" lon="5.505563">
        <ele>1604.7015</ele>
        <time>2026-04-27T17:17:57.762Z</time>
      </trkpt>
      <trkpt lat="44.896007" lon="5.505437">
        <ele>1602.916302</ele>
        <time>2026-04-27T17:18:13.173Z</time>
      </trkpt>
      <trkpt lat="44.895679" lon="5.505148">
        <ele>1601.008244</ele>
        <time>2026-04-27T17:18:30.304Z</time>
      </trkpt>
      <trkpt lat="44.895501" lon="5.505176">
        <ele>1600.138472</ele>
        <time>2026-04-27T17:18:38.489Z</time>
      </trkpt>
      <trkpt lat="44.894883" lon="5.505522">
        <ele>1599.739574</ele>
        <time>2026-04-27T17:19:10.527Z</time>
      </trkpt>
      <trkpt lat="44.894463" lon="5.505677">
        <ele>1599.639163</ele>
        <time>2026-04-27T17:19:32.698Z</time>
      </trkpt>
      <trkpt lat="44.894175" lon="5.505924">
        <ele>1599.561101</ele>
        <time>2026-04-27T17:19:49.576Z</time>
      </trkpt>
      <trkpt lat="44.893751" lon="5.505926">
        <ele>1599.4491</ele>
        <time>2026-04-27T17:20:10.150Z</time>
      </trkpt>
      <trkpt lat="44.893156" lon="5.505642">
        <ele>1598.882057</ele>
        <time>2026-04-27T17:20:39.652Z</time>
      </trkpt>
      <trkpt lat="44.892862" lon="5.505407">
        <ele>1598.578802</ele>
        <time>2026-04-27T17:20:55.381Z</time>
      </trkpt>
      <trkpt lat="44.892332" lon="5.505384">
        <ele>1598.09675</ele>
        <time>2026-04-27T17:21:20.814Z</time>
      </trkpt>
      <trkpt lat="44.891573" lon="5.505017">
        <ele>1598.246996</ele>
        <time>2026-04-27T17:21:59.347Z</time>
      </trkpt>
      <trkpt lat="44.891268" lon="5.504988">
        <ele>1598.473199</ele>
        <time>2026-04-27T17:22:14.417Z</time>
      </trkpt>
      <trkpt lat="44.890372" lon="5.506346">
        <ele>1600.298635</ele>
        <time>2026-04-27T17:23:22.188Z</time>
      </trkpt>
      <trkpt lat="44.889926" lon="5.507291">
        <ele>1602.749164</ele>
        <time>2026-04-27T17:24:06.028Z</time>
      </trkpt>
      <trkpt lat="44.889595" lon="5.507763">
        <ele>1604.174407</ele>
        <time>2026-04-27T17:24:32.196Z</time>
      </trkpt>
      <trkpt lat="44.889328" lon="5.50827">
        <ele>1605.942598</ele>
        <time>2026-04-27T17:24:57.907Z</time>
      </trkpt>
      <trkpt lat="44.88892" lon="5.508923">
        <ele>1608.669147</ele>
        <time>2026-04-27T17:25:35.091Z</time>
      </trkpt>
      <trkpt lat="44.888482" lon="5.509479">
        <ele>1611.276446</ele>
        <time>2026-04-27T17:26:09.805Z</time>
      </trkpt>
      <trkpt lat="44.886959" lon="5.508273">
        <ele>1616.524246</ele>
        <time>2026-04-27T17:27:43.106Z</time>
      </trkpt>
      <trkpt lat="44.886564" lon="5.507698">
        <ele>1618.555443</ele>
        <time>2026-04-27T17:28:14.296Z</time>
      </trkpt>
      <trkpt lat="44.886369" lon="5.507586">
        <ele>1619.58238</ele>
        <time>2026-04-27T17:28:26.090Z</time>
      </trkpt>
      <trkpt lat="44.885694" lon="5.507495">
        <ele>1622.92509</ele>
        <time>2026-04-27T17:29:05.413Z</time>
      </trkpt>
      <trkpt lat="44.885539" lon="5.507537">
        <ele>1623.694975</ele>
        <time>2026-04-27T17:29:14.949Z</time>
      </trkpt>
      <trkpt lat="44.884226" lon="5.507337">
        <ele>1633.929106</ele>
        <time>2026-04-27T17:30:42.686Z</time>
      </trkpt>
      <trkpt lat="44.884137" lon="5.507435">
        <ele>1635.013678</ele>
        <time>2026-04-27T17:30:51.102Z</time>
      </trkpt>
      <trkpt lat="44.88383" lon="5.508138">
        <ele>1640.635416</ele>
        <time>2026-04-27T17:31:38.781Z</time>
      </trkpt>
      <trkpt lat="44.883398" lon="5.508767">
        <ele>1647.81437</ele>
        <time>2026-04-27T17:32:31.815Z</time>
      </trkpt>
      <trkpt lat="44.883157" lon="5.509381">
        <ele>1654.493441</ele>
        <time>2026-04-27T17:33:15.878Z</time>
      </trkpt>
      <trkpt lat="44.882818" lon="5.509528">
        <ele>1659.297021</ele>
        <time>2026-04-27T17:33:48.357Z</time>
      </trkpt>
      <trkpt lat="44.88251" lon="5.509839">
        <ele>1664.350084</ele>
        <time>2026-04-27T17:34:23.104Z</time>
      </trkpt>
      <trkpt lat="44.882324" lon="5.510354">
        <ele>1669.429116</ele>
        <time>2026-04-27T17:35:00.872Z</time>
      </trkpt>
      <trkpt lat="44.881868" lon="5.510751">
        <ele>1675.390382</ele>
        <time>2026-04-27T17:35:49.343Z</time>
      </trkpt>
      <trkpt lat="44.881317" lon="5.510829">
        <ele>1681.542749</ele>
        <time>2026-04-27T17:36:35.902Z</time>
      </trkpt>
      <trkpt lat="44.881113" lon="5.510738">
        <ele>1683.983882</ele>
        <time>2026-04-27T17:36:52.276Z</time>
      </trkpt>
      <trkpt lat="44.880844" lon="5.510824">
        <ele>1687.129424</ele>
        <time>2026-04-27T17:37:11.637Z</time>
      </trkpt>
      <trkpt lat="44.880507" lon="5.510522">
        <ele>1687.994876</ele>
        <time>2026-04-27T17:37:35.986Z</time>
      </trkpt>
      <trkpt lat="44.880153" lon="5.510503">
        <ele>1688.47756</ele>
        <time>2026-04-27T17:37:55.186Z</time>
      </trkpt>
      <trkpt lat="44.879694" lon="5.510226">
        <ele>1689.157742</ele>
        <time>2026-04-27T17:38:19.584Z</time>
      </trkpt>
      <trkpt lat="44.878836" lon="5.509429">
        <ele>1688.309438</ele>
        <time>2026-04-27T17:39:06.084Z</time>
      </trkpt>
      <trkpt lat="44.87838" lon="5.509182">
        <ele>1686.556927</ele>
        <time>2026-04-27T17:39:27.358Z</time>
      </trkpt>
      <trkpt lat="44.878033" lon="5.508871">
        <ele>1685.078185</ele>
        <time>2026-04-27T17:39:45.456Z</time>
      </trkpt>
      <trkpt lat="44.877046" lon="5.508683">
        <ele>1682.664032</ele>
        <time>2026-04-27T17:40:30.368Z</time>
      </trkpt>
      <trkpt lat="44.876932" lon="5.50849">
        <ele>1682.399528</ele>
        <time>2026-04-27T17:40:38.601Z</time>
      </trkpt>
      <trkpt lat="44.876619" lon="5.508278">
        <ele>1681.883751</ele>
        <time>2026-04-27T17:40:54.831Z</time>
      </trkpt>
      <trkpt lat="44.876312" lon="5.507649">
        <ele>1681.074287</ele>
        <time>2026-04-27T17:41:20.621Z</time>
      </trkpt>
      <trkpt lat="44.875865" lon="5.507533">
        <ele>1681.031335</ele>
        <time>2026-04-27T17:41:42.668Z</time>
      </trkpt>
      <trkpt lat="44.87563" lon="5.507554">
        <ele>1681.210417</ele>
        <time>2026-04-27T17:41:54.431Z</time>
      </trkpt>
      <trkpt lat="44.875358" lon="5.507774">
        <ele>1681.448851</ele>
        <time>2026-04-27T17:42:10.465Z</time>
      </trkpt>
      <trkpt lat="44.875026" lon="5.507771">
        <ele>1681.701351</ele>
        <time>2026-04-27T17:42:27.830Z</time>
      </trkpt>
      <trkpt lat="44.874537" lon="5.508367">
        <ele>1682.1579</ele>
        <time>2026-04-27T17:43:00.244Z</time>
      </trkpt>
      <trkpt lat="44.874419" lon="5.508399">
        <ele>1681.829277</ele>
        <time>2026-04-27T17:43:06.051Z</time>
      </trkpt>
      <trkpt lat="44.874182" lon="5.508402">
        <ele>1681.181079</ele>
        <time>2026-04-27T17:43:17.392Z</time>
      </trkpt>
      <trkpt lat="44.874053" lon="5.508311">
        <ele>1680.786649</ele>
        <time>2026-04-27T17:43:24.138Z</time>
      </trkpt>
      <trkpt lat="44.873629" lon="5.508345">
        <ele>1679.607525</ele>
        <time>2026-04-27T17:43:43.705Z</time>
      </trkpt>
      <trkpt lat="44.873407" lon="5.508133">
        <ele>1678.855052</ele>
        <time>2026-04-27T17:43:55.792Z</time>
      </trkpt>
      <trkpt lat="44.873341" lon="5.508317">
        <ele>1678.455356</ele>
        <time>2026-04-27T17:44:02.095Z</time>
      </trkpt>
      <trkpt lat="44.873255" lon="5.508333">
        <ele>1678.218119</ele>
        <time>2026-04-27T17:44:05.780Z</time>
      </trkpt>
      <trkpt lat="44.872916" lon="5.508066">
        <ele>1677.062451</ele>
        <time>2026-04-27T17:44:22.566Z</time>
      </trkpt>
      <trkpt lat="44.872703" lon="5.507809">
        <ele>1675.750564</ele>
        <time>2026-04-27T17:44:34.759Z</time>
      </trkpt>
      <trkpt lat="44.872572" lon="5.507777">
        <ele>1675.128216</ele>
        <time>2026-04-27T17:44:40.662Z</time>
      </trkpt>
      <trkpt lat="44.872401" lon="5.507881">
        <ele>1674.23979</ele>
        <time>2026-04-27T17:44:49.070Z</time>
      </trkpt>
      <trkpt lat="44.871738" lon="5.507861">
        <ele>1671.078596</ele>
        <time>2026-04-27T17:45:18.501Z</time>
      </trkpt>
      <trkpt lat="44.871395" lon="5.507959">
        <ele>1669.419193</ele>
        <time>2026-04-27T17:45:33.709Z</time>
      </trkpt>
      <trkpt lat="44.871056" lon="5.507756">
        <ele>1667.328797</ele>
        <time>2026-04-27T17:45:49.451Z</time>
      </trkpt>
      <trkpt lat="44.870763" lon="5.507159">
        <ele>1664.152631</ele>
        <time>2026-04-27T17:46:11.082Z</time>
      </trkpt>
      <trkpt lat="44.870057" lon="5.506468">
        <ele>1658.831358</ele>
        <time>2026-04-27T17:46:46.703Z</time>
      </trkpt>
      <trkpt lat="44.869801" lon="5.505981">
        <ele>1656.607154</ele>
        <time>2026-04-27T17:47:04.824Z</time>
      </trkpt>
      <trkpt lat="44.869386" lon="5.505486">
        <ele>1654.165541</ele>
        <time>2026-04-27T17:47:28.102Z</time>
      </trkpt>
      <trkpt lat="44.868996" lon="5.505258">
        <ele>1652.271751</ele>
        <time>2026-04-27T17:47:46.502Z</time>
      </trkpt>
      <trkpt lat="44.868584" lon="5.505266">
        <ele>1650.404303</ele>
        <time>2026-04-27T17:48:05.023Z</time>
      </trkpt>
      <trkpt lat="44.868173" lon="5.504813">
        <ele>1648.797313</ele>
        <time>2026-04-27T17:48:28.794Z</time>
      </trkpt>
      <trkpt lat="44.867897" lon="5.504644">
        <ele>1648.06088</ele>
        <time>2026-04-27T17:48:42.638Z</time>
      </trkpt>
      <trkpt lat="44.867694" lon="5.504429">
        <ele>1647.439592</ele>
        <time>2026-04-27T17:48:54.317Z</time>
      </trkpt>
      <trkpt lat="44.867603" lon="5.504421">
        <ele>1647.216421</ele>
        <time>2026-04-27T17:48:58.514Z</time>
      </trkpt>
      <trkpt lat="44.867394" lon="5.50403">
        <ele>1646.366843</ele>
        <time>2026-04-27T17:49:14.398Z</time>
      </trkpt>
      <trkpt lat="44.866976" lon="5.503509">
        <ele>1645.066145</ele>
        <time>2026-04-27T17:49:39.722Z</time>
      </trkpt>
      <trkpt lat="44.866649" lon="5.503316">
        <ele>1644.407519</ele>
        <time>2026-04-27T17:49:55.753Z</time>
      </trkpt>
      <trkpt lat="44.866244" lon="5.502887">
        <ele>1643.46162</ele>
        <time>2026-04-27T17:50:18.889Z</time>
      </trkpt>
      <trkpt lat="44.866069" lon="5.502426">
        <ele>1642.767585</ele>
        <time>2026-04-27T17:50:36.184Z</time>
      </trkpt>
      <trkpt lat="44.865947" lon="5.501777">
        <ele>1641.895045</ele>
        <time>2026-04-27T17:50:58.752Z</time>
      </trkpt>
      <trkpt lat="44.865495" lon="5.501157">
        <ele>1641.042887</ele>
        <time>2026-04-27T17:51:29.340Z</time>
      </trkpt>
      <trkpt lat="44.865299" lon="5.500635">
        <ele>1640.478933</ele>
        <time>2026-04-27T17:51:49.399Z</time>
      </trkpt>
      <trkpt lat="44.865329" lon="5.500373">
        <ele>1640.225564</ele>
        <time>2026-04-27T17:51:58.292Z</time>
      </trkpt>
      <trkpt lat="44.865413" lon="5.50017">
        <ele>1640.001153</ele>
        <time>2026-04-27T17:52:06.001Z</time>
      </trkpt>
      <trkpt lat="44.865322" lon="5.499953">
        <ele>1639.75124</ele>
        <time>2026-04-27T17:52:14.457Z</time>
      </trkpt>
      <trkpt lat="44.865244" lon="5.499499">
        <ele>1638.728065</ele>
        <time>2026-04-27T17:52:29.248Z</time>
      </trkpt>
      <trkpt lat="44.865223" lon="5.498866">
        <ele>1636.449236</ele>
        <time>2026-04-27T17:52:48.656Z</time>
      </trkpt>
      <trkpt lat="44.865095" lon="5.498645">
        <ele>1635.428815</ele>
        <time>2026-04-27T17:52:57.224Z</time>
      </trkpt>
      <trkpt lat="44.865027" lon="5.498228">
        <ele>1633.898937</ele>
        <time>2026-04-27T17:53:10.005Z</time>
      </trkpt>
      <trkpt lat="44.864759" lon="5.498032">
        <ele>1632.37619</ele>
        <time>2026-04-27T17:53:22.772Z</time>
      </trkpt>
      <trkpt lat="44.864607" lon="5.498085">
        <ele>1631.586364</ele>
        <time>2026-04-27T17:53:29.392Z</time>
      </trkpt>
      <trkpt lat="44.864097" lon="5.49767">
        <ele>1628.818111</ele>
        <time>2026-04-27T17:53:54.700Z</time>
      </trkpt>
      <trkpt lat="44.863786" lon="5.497531">
        <ele>1627.339278</ele>
        <time>2026-04-27T17:54:09.095Z</time>
      </trkpt>
      <trkpt lat="44.863376" lon="5.496208">
        <ele>1622.762236</ele>
        <time>2026-04-27T17:54:54.128Z</time>
      </trkpt>
      <trkpt lat="44.863166" lon="5.496061">
        <ele>1621.877587</ele>
        <time>2026-04-27T17:55:04.519Z</time>
      </trkpt>
      <trkpt lat="44.862877" lon="5.49598">
        <ele>1620.855868</ele>
        <time>2026-04-27T17:55:17.698Z</time>
      </trkpt>
      <trkpt lat="44.861992" lon="5.495383">
        <ele>1617.477252</ele>
        <time>2026-04-27T17:56:01.341Z</time>
      </trkpt>
      <trkpt lat="44.861191" lon="5.495004">
        <ele>1614.726276</ele>
        <time>2026-04-27T17:56:39.488Z</time>
      </trkpt>
      <trkpt lat="44.860935" lon="5.495095">
        <ele>1613.910788</ele>
        <time>2026-04-27T17:56:51.313Z</time>
      </trkpt>
      <trkpt lat="44.860219" lon="5.495629">
        <ele>1611.408708</ele>
        <time>2026-04-27T17:57:27.598Z</time>
      </trkpt>
      <trkpt lat="44.859983" lon="5.495669">
        <ele>1610.674472</ele>
        <time>2026-04-27T17:57:38.354Z</time>
      </trkpt>
      <trkpt lat="44.859746" lon="5.495618">
        <ele>1609.762102</ele>
        <time>2026-04-27T17:57:49.363Z</time>
      </trkpt>
      <trkpt lat="44.859177" lon="5.495889">
        <ele>1607.474138</ele>
        <time>2026-04-27T17:58:16.437Z</time>
      </trkpt>
      <trkpt lat="44.858919" lon="5.495873">
        <ele>1606.499099</ele>
        <time>2026-04-27T17:58:27.950Z</time>
      </trkpt>
      <trkpt lat="44.858398" lon="5.496147">
        <ele>1604.391223</ele>
        <time>2026-04-27T17:58:52.522Z</time>
      </trkpt>
      <trkpt lat="44.857706" lon="5.496232">
        <ele>1599.530614</ele>
        <time>2026-04-27T17:59:21.974Z</time>
      </trkpt>
      <trkpt lat="44.857483" lon="5.49619">
        <ele>1597.785208</ele>
        <time>2026-04-27T17:59:31.170Z</time>
      </trkpt>
      <trkpt lat="44.856974" lon="5.495881">
        <ele>1593.458741</ele>
        <time>2026-04-27T17:59:53.408Z</time>
      </trkpt>
      <trkpt lat="44.856696" lon="5.495787">
        <ele>1591.227386</ele>
        <time>2026-04-27T18:00:04.571Z</time>
      </trkpt>
      <trkpt lat="44.856144" lon="5.495095">
        <ele>1585.076281</ele>
        <time>2026-04-27T18:00:33.457Z</time>
      </trkpt>
      <trkpt lat="44.855814" lon="5.495">
        <ele>1582.164972</ele>
        <time>2026-04-27T18:00:47.128Z</time>
      </trkpt>
      <trkpt lat="44.855677" lon="5.494846">
        <ele>1580.651843</ele>
        <time>2026-04-27T18:00:54.284Z</time>
      </trkpt>
      <trkpt lat="44.855076" lon="5.492898">
        <ele>1569.88674</ele>
        <time>2026-04-27T18:01:55.855Z</time>
      </trkpt>
      <trkpt lat="44.854758" lon="5.492174">
        <ele>1566.271205</ele>
        <time>2026-04-27T18:02:21.408Z</time>
      </trkpt>
      <trkpt lat="44.854696" lon="5.49163">
        <ele>1563.94018</ele>
        <time>2026-04-27T18:02:38.581Z</time>
      </trkpt>
      <trkpt lat="44.854165" lon="5.491072">
        <ele>1563.132187</ele>
        <time>2026-04-27T18:03:08.864Z</time>
      </trkpt>
      <trkpt lat="44.853926" lon="5.490587">
        <ele>1562.631553</ele>
        <time>2026-04-27T18:03:25.624Z</time>
      </trkpt>
      <trkpt lat="44.853871" lon="5.489492">
        <ele>1561.893049</ele>
        <time>2026-04-27T18:03:58.118Z</time>
      </trkpt>
      <trkpt lat="44.853895" lon="5.489404">
        <ele>1562.012321</ele>
        <time>2026-04-27T18:04:00.943Z</time>
      </trkpt>
      <trkpt lat="44.85408" lon="5.489294">
        <ele>1562.370565</ele>
        <time>2026-04-27T18:04:09.434Z</time>
      </trkpt>
      <trkpt lat="44.854032" lon="5.488742">
        <ele>1563.074066</ele>
        <time>2026-04-27T18:04:26.386Z</time>
      </trkpt>
      <trkpt lat="44.85398" lon="5.488626">
        <ele>1563.24768</ele>
        <time>2026-04-27T18:04:30.662Z</time>
      </trkpt>
      <trkpt lat="44.853324" lon="5.488354">
        <ele>1564.467774</ele>
        <time>2026-04-27T18:05:01.357Z</time>
      </trkpt>
      <trkpt lat="44.852963" lon="5.487885">
        <ele>1565.461502</ele>
        <time>2026-04-27T18:05:23.777Z</time>
      </trkpt>
      <trkpt lat="44.852151" lon="5.487092">
        <ele>1567.809721</ele>
        <time>2026-04-27T18:06:08.848Z</time>
      </trkpt>
      <trkpt lat="44.851716" lon="5.486957">
        <ele>1568.875546</ele>
        <time>2026-04-27T18:06:29.142Z</time>
      </trkpt>
      <trkpt lat="44.850902" lon="5.48696">
        <ele>1569.626319</ele>
        <time>2026-04-27T18:07:04.096Z</time>
      </trkpt>
      <trkpt lat="44.850678" lon="5.486593">
        <ele>1569.820936</ele>
        <time>2026-04-27T18:07:18.295Z</time>
      </trkpt>
      <trkpt lat="44.850339" lon="5.486341">
        <ele>1570.035121</ele>
        <time>2026-04-27T18:07:33.915Z</time>
      </trkpt>
      <trkpt lat="44.849929" lon="5.486526">
        <ele>1570.300257</ele>
        <time>2026-04-27T18:07:51.787Z</time>
      </trkpt>
      <trkpt lat="44.849725" lon="5.486711">
        <ele>1570.79469</ele>
        <time>2026-04-27T18:08:01.915Z</time>
      </trkpt>
      <trkpt lat="44.849495" lon="5.486759">
        <ele>1571.274453</ele>
        <time>2026-04-27T18:08:11.936Z</time>
      </trkpt>
      <trkpt lat="44.849357" lon="5.486985">
        <ele>1571.705558</ele>
        <time>2026-04-27T18:08:21.146Z</time>
      </trkpt>
      <trkpt lat="44.849122" lon="5.486891">
        <ele>1572.203543</ele>
        <time>2026-04-27T18:08:33.967Z</time>
      </trkpt>
      <trkpt lat="44.848615" lon="5.486512">
        <ele>1573.373347</ele>
        <time>2026-04-27T18:09:05.314Z</time>
      </trkpt>
      <trkpt lat="44.847547" lon="5.485551">
        <ele>1576.232869</ele>
        <time>2026-04-27T18:10:14.060Z</time>
      </trkpt>
      <trkpt lat="44.846983" lon="5.485357">
        <ele>1577.576979</ele>
        <time>2026-04-27T18:10:44.535Z</time>
      </trkpt>
      <trkpt lat="44.846665" lon="5.485089">
        <ele>1578.205797</ele>
        <time>2026-04-27T18:11:03.343Z</time>
      </trkpt>
      <trkpt lat="44.845933" lon="5.485318">
        <ele>1578.762438</ele>
        <time>2026-04-27T18:11:39.771Z</time>
      </trkpt>
      <trkpt lat="44.845651" lon="5.485176">
        <ele>1578.984736</ele>
        <time>2026-04-27T18:11:54.233Z</time>
      </trkpt>
      <trkpt lat="44.84522" lon="5.485262">
        <ele>1579.307895</ele>
        <time>2026-04-27T18:12:15.302Z</time>
      </trkpt>
      <trkpt lat="44.843432" lon="5.484178">
        <ele>1584.109108</ele>
        <time>2026-04-27T18:13:58.191Z</time>
      </trkpt>
      <trkpt lat="44.842911" lon="5.484095">
        <ele>1587.847177</ele>
        <time>2026-04-27T18:14:30.459Z</time>
      </trkpt>
      <trkpt lat="44.842295" lon="5.483635">
        <ele>1592.924252</ele>
        <time>2026-04-27T18:15:18.301Z</time>
      </trkpt>
      <trkpt lat="44.840628" lon="5.48352">
        <ele>1605.766209</ele>
        <time>2026-04-27T18:17:20.268Z</time>
      </trkpt>
      <trkpt lat="44.84042" lon="5.48335">
        <ele>1607.677868</ele>
        <time>2026-04-27T18:17:36.650Z</time>
      </trkpt>
      <trkpt lat="44.840087" lon="5.483239">
        <ele>1610.373724</ele>
        <time>2026-04-27T18:17:58.820Z</time>
      </trkpt>
      <trkpt lat="44.838573" lon="5.482177">
        <ele>1618.52574</ele>
        <time>2026-04-27T18:19:37.901Z</time>
      </trkpt>
      <trkpt lat="44.837441" lon="5.481891">
        <ele>1621.822278</ele>
        <time>2026-04-27T18:20:39.587Z</time>
      </trkpt>
      <trkpt lat="44.837072" lon="5.481941">
        <ele>1622.716033</ele>
        <time>2026-04-27T18:20:59.014Z</time>
      </trkpt>
      <trkpt lat="44.83627" lon="5.481574">
        <ele>1624.299044</ele>
        <time>2026-04-27T18:21:42.888Z</time>
      </trkpt>
      <trkpt lat="44.835633" lon="5.481405">
        <ele>1624.962995</ele>
        <time>2026-04-27T18:22:16.137Z</time>
      </trkpt>
      <trkpt lat="44.834341" lon="5.48171">
        <ele>1625.235657</ele>
        <time>2026-04-27T18:23:19.892Z</time>
      </trkpt>
      <trkpt lat="44.833804" lon="5.481739">
        <ele>1624.601307</ele>
        <time>2026-04-27T18:23:45.168Z</time>
      </trkpt>
      <trkpt lat="44.833292" lon="5.482216">
        <ele>1623.876897</ele>
        <time>2026-04-27T18:24:13.520Z</time>
      </trkpt>
      <trkpt lat="44.83322" lon="5.482144">
        <ele>1623.772985</ele>
        <time>2026-04-27T18:24:17.608Z</time>
      </trkpt>
      <trkpt lat="44.833136" lon="5.481833">
        <ele>1623.427601</ele>
        <time>2026-04-27T18:24:28.532Z</time>
      </trkpt>
      <trkpt lat="44.833009" lon="5.481712">
        <ele>1623.18458</ele>
        <time>2026-04-27T18:24:35.615Z</time>
      </trkpt>
      <trkpt lat="44.832742" lon="5.481693">
        <ele>1622.760696</ele>
        <time>2026-04-27T18:24:47.985Z</time>
      </trkpt>
      <trkpt lat="44.832479" lon="5.481563">
        <ele>1622.318816</ele>
        <time>2026-04-27T18:25:00.935Z</time>
      </trkpt>
      <trkpt lat="44.832242" lon="5.481566">
        <ele>1621.943023</ele>
        <time>2026-04-27T18:25:11.922Z</time>
      </trkpt>
      <trkpt lat="44.831774" lon="5.481173">
        <ele>1621.069857</ele>
        <time>2026-04-27T18:25:37.596Z</time>
      </trkpt>
      <trkpt lat="44.831397" lon="5.481338">
        <ele>1620.589572</ele>
        <time>2026-04-27T18:25:56.351Z</time>
      </trkpt>
      <trkpt lat="44.831167" lon="5.481774">
        <ele>1620.211273</ele>
        <time>2026-04-27T18:26:14.327Z</time>
      </trkpt>
      <trkpt lat="44.830518" lon="5.4841">
        <ele>1619.284123</ele>
        <time>2026-04-27T18:27:39.093Z</time>
      </trkpt>
      <trkpt lat="44.830296" lon="5.485093">
        <ele>1619.540097</ele>
        <time>2026-04-27T18:28:17.038Z</time>
      </trkpt>
      <trkpt lat="44.829884" lon="5.485512">
        <ele>1619.532575</ele>
        <time>2026-04-27T18:28:41.992Z</time>
      </trkpt>
      <trkpt lat="44.829791" lon="5.485932">
        <ele>1618.872753</ele>
        <time>2026-04-27T18:28:56.728Z</time>
      </trkpt>
      <trkpt lat="44.829321" lon="5.486306">
        <ele>1617.731871</ele>
        <time>2026-04-27T18:29:21.322Z</time>
      </trkpt>
      <trkpt lat="44.828796" lon="5.48633">
        <ele>1616.632366</ele>
        <time>2026-04-27T18:29:44.824Z</time>
      </trkpt>
      <trkpt lat="44.828334" lon="5.486542">
        <ele>1616.222951</ele>
        <time>2026-04-27T18:30:06.885Z</time>
      </trkpt>
      <trkpt lat="44.827954" lon="5.48653">
        <ele>1616.960383</ele>
        <time>2026-04-27T18:30:25.061Z</time>
      </trkpt>
      <trkpt lat="44.827836" lon="5.486483">
        <ele>1617.198276</ele>
        <time>2026-04-27T18:30:31.254Z</time>
      </trkpt>
      <trkpt lat="44.827508" lon="5.486089">
        <ele>1618.037477</ele>
        <time>2026-04-27T18:30:54.092Z</time>
      </trkpt>
      <trkpt lat="44.827355" lon="5.486071">
        <ele>1618.335347</ele>
        <time>2026-04-27T18:31:02.634Z</time>
      </trkpt>
      <trkpt lat="44.826973" lon="5.486324">
        <ele>1619.154164</ele>
        <time>2026-04-27T18:31:27.244Z</time>
      </trkpt>
      <trkpt lat="44.826211" lon="5.486199">
        <ele>1622.647396</ele>
        <time>2026-04-27T18:32:15.060Z</time>
      </trkpt>
      <trkpt lat="44.825947" lon="5.486029">
        <ele>1624.11801</ele>
        <time>2026-04-27T18:32:32.578Z</time>
      </trkpt>
      <trkpt lat="44.825485" lon="5.485997">
        <ele>1626.461814</ele>
        <time>2026-04-27T18:32:59.049Z</time>
      </trkpt>
      <trkpt lat="44.82511" lon="5.485745">
        <ele>1628.595054</ele>
        <time>2026-04-27T18:33:23.137Z</time>
      </trkpt>
      <trkpt lat="44.824559" lon="5.485294">
        <ele>1631.469207</ele>
        <time>2026-04-27T18:34:02.348Z</time>
      </trkpt>
      <trkpt lat="44.824393" lon="5.48526">
        <ele>1632.22592</ele>
        <time>2026-04-27T18:34:12.977Z</time>
      </trkpt>
      <trkpt lat="44.823961" lon="5.485378">
        <ele>1634.214636</ele>
        <time>2026-04-27T18:34:40.290Z</time>
      </trkpt>
      <trkpt lat="44.823709" lon="5.485356">
        <ele>1635.353625</ele>
        <time>2026-04-27T18:34:54.451Z</time>
      </trkpt>
      <trkpt lat="44.823487" lon="5.485594">
        <ele>1636.622839</ele>
        <time>2026-04-27T18:35:09.431Z</time>
      </trkpt>
      <trkpt lat="44.823436" lon="5.485855">
        <ele>1636.410486</ele>
        <time>2026-04-27T18:35:19.444Z</time>
      </trkpt>
      <trkpt lat="44.823329" lon="5.485993">
        <ele>1636.230863</ele>
        <time>2026-04-27T18:35:26.793Z</time>
      </trkpt>
      <trkpt lat="44.823136" lon="5.485804">
        <ele>1635.939797</ele>
        <time>2026-04-27T18:35:37.946Z</time>
      </trkpt>
      <trkpt lat="44.822956" lon="5.485266">
        <ele>1635.417192</ele>
        <time>2026-04-27T18:35:57.282Z</time>
      </trkpt>
      <trkpt lat="44.822789" lon="5.485016">
        <ele>1635.1118</ele>
        <time>2026-04-27T18:36:08.487Z</time>
      </trkpt>
      <trkpt lat="44.8225" lon="5.484871">
        <ele>1634.731842</ele>
        <time>2026-04-27T18:36:21.852Z</time>
      </trkpt>
      <trkpt lat="44.822237" lon="5.484964">
        <ele>1634.438444</ele>
        <time>2026-04-27T18:36:33.890Z</time>
      </trkpt>
      <trkpt lat="44.821765" lon="5.484757">
        <ele>1635.195745</ele>
        <time>2026-04-27T18:36:56.866Z</time>
      </trkpt>
      <trkpt lat="44.821637" lon="5.484611">
        <ele>1635.447989</ele>
        <time>2026-04-27T18:37:04.910Z</time>
      </trkpt>
      <trkpt lat="44.821105" lon="5.484924">
        <ele>1636.336802</ele>
        <time>2026-04-27T18:37:35.575Z</time>
      </trkpt>
      <trkpt lat="44.820911" lon="5.48493">
        <ele>1636.638653</ele>
        <time>2026-04-27T18:37:46.614Z</time>
      </trkpt>
      <trkpt lat="44.820538" lon="5.484544">
        <ele>1637.949646</ele>
        <time>2026-04-27T18:38:13.688Z</time>
      </trkpt>
      <trkpt lat="44.820127" lon="5.484372">
        <ele>1640.771185</ele>
        <time>2026-04-27T18:38:41.100Z</time>
      </trkpt>
      <trkpt lat="44.819998" lon="5.484085">
        <ele>1642.357303</ele>
        <time>2026-04-27T18:38:57.442Z</time>
      </trkpt>
      <trkpt lat="44.819674" lon="5.484016">
        <ele>1644.550575</ele>
        <time>2026-04-27T18:39:20.296Z</time>
      </trkpt>
      <trkpt lat="44.819412" lon="5.483619">
        <ele>1647.08195</ele>
        <time>2026-04-27T18:39:46.216Z</time>
      </trkpt>
      <trkpt lat="44.819282" lon="5.483114">
        <ele>1649.283945</ele>
        <time>2026-04-27T18:40:10.194Z</time>
      </trkpt>
      <trkpt lat="44.819248" lon="5.48273">
        <ele>1650.140938</ele>
        <time>2026-04-27T18:40:26.735Z</time>
      </trkpt>
      <trkpt lat="44.818863" lon="5.481527">
        <ele>1653.065322</ele>
        <time>2026-04-27T18:41:20.485Z</time>
      </trkpt>
      <trkpt lat="44.818626" lon="5.481356">
        <ele>1653.896522</ele>
        <time>2026-04-27T18:41:33.919Z</time>
      </trkpt>
      <trkpt lat="44.818568" lon="5.481197">
        <ele>1654.292474</ele>
        <time>2026-04-27T18:41:39.922Z</time>
      </trkpt>
      <trkpt lat="44.818482" lon="5.481133">
        <ele>1654.596082</ele>
        <time>2026-04-27T18:41:44.481Z</time>
      </trkpt>
      <trkpt lat="44.81827" lon="5.480733">
        <ele>1653.339244</ele>
        <time>2026-04-27T18:42:00.669Z</time>
      </trkpt>
      <trkpt lat="44.818" lon="5.479941">
        <ele>1651.011377</ele>
        <time>2026-04-27T18:42:28.202Z</time>
      </trkpt>
      <trkpt lat="44.81746" lon="5.479378">
        <ele>1648.50813</ele>
        <time>2026-04-27T18:42:57.065Z</time>
      </trkpt>
      <trkpt lat="44.817182" lon="5.479182">
        <ele>1647.551805</ele>
        <time>2026-04-27T18:43:10.493Z</time>
      </trkpt>
      <trkpt lat="44.816593" lon="5.478445">
        <ele>1645.618911</ele>
        <time>2026-04-27T18:43:44.523Z</time>
      </trkpt>
      <trkpt lat="44.816358" lon="5.478329">
        <ele>1645.007815</ele>
        <time>2026-04-27T18:43:55.992Z</time>
      </trkpt>
      <trkpt lat="44.81618" lon="5.478043">
        <ele>1644.345407</ele>
        <time>2026-04-27T18:44:08.896Z</time>
      </trkpt>
      <trkpt lat="44.816036" lon="5.477545">
        <ele>1643.659754</ele>
        <time>2026-04-27T18:44:27.997Z</time>
      </trkpt>
      <trkpt lat="44.815565" lon="5.477075">
        <ele>1645.268772</ele>
        <time>2026-04-27T18:44:58.955Z</time>
      </trkpt>
      <trkpt lat="44.815385" lon="5.477028">
        <ele>1645.783825</ele>
        <time>2026-04-27T18:45:09.161Z</time>
      </trkpt>
      <trkpt lat="44.814962" lon="5.477109">
        <ele>1646.970474</ele>
        <time>2026-04-27T18:45:35.811Z</time>
      </trkpt>
      <trkpt lat="44.814377" lon="5.477062">
        <ele>1648.457075</ele>
        <time>2026-04-27T18:46:07.725Z</time>
      </trkpt>
      <trkpt lat="44.813738" lon="5.477258">
        <ele>1647.502792</ele>
        <time>2026-04-27T18:46:38.683Z</time>
      </trkpt>
      <trkpt lat="44.81323" lon="5.477294">
        <ele>1646.758684</ele>
        <time>2026-04-27T18:47:01.639Z</time>
      </trkpt>
      <trkpt lat="44.812958" lon="5.477103">
        <ele>1646.311816</ele>
        <time>2026-04-27T18:47:15.223Z</time>
      </trkpt>
      <trkpt lat="44.812652" lon="5.477076">
        <ele>1645.859562</ele>
        <time>2026-04-27T18:47:29.352Z</time>
      </trkpt>
      <trkpt lat="44.812214" lon="5.476556">
        <ele>1644.73876</ele>
        <time>2026-04-27T18:47:55.958Z</time>
      </trkpt>
      <trkpt lat="44.812008" lon="5.476556">
        <ele>1644.339952</ele>
        <time>2026-04-27T18:48:05.331Z</time>
      </trkpt>
      <trkpt lat="44.811824" lon="5.476727">
        <ele>1643.895101</ele>
        <time>2026-04-27T18:48:15.944Z</time>
      </trkpt>
      <trkpt lat="44.811413" lon="5.476046">
        <ele>1642.666381</ele>
        <time>2026-04-27T18:48:45.734Z</time>
      </trkpt>
      <trkpt lat="44.811339" lon="5.475958">
        <ele>1642.478948</ele>
        <time>2026-04-27T18:48:50.375Z</time>
      </trkpt>
      <trkpt lat="44.811192" lon="5.475936">
        <ele>1641.853726</ele>
        <time>2026-04-27T18:48:57.304Z</time>
      </trkpt>
      <trkpt lat="44.810901" lon="5.475923">
        <ele>1640.339619</ele>
        <time>2026-04-27T18:49:10.729Z</time>
      </trkpt>
      <trkpt lat="44.810648" lon="5.47607">
        <ele>1638.922909</ele>
        <time>2026-04-27T18:49:23.005Z</time>
      </trkpt>
      <trkpt lat="44.809325" lon="5.476105">
        <ele>1631.282116</ele>
        <time>2026-04-27T18:50:18.551Z</time>
      </trkpt>
      <trkpt lat="44.808496" lon="5.475872">
        <ele>1623.387409</ele>
        <time>2026-04-27T18:50:50.697Z</time>
      </trkpt>
      <trkpt lat="44.808149" lon="5.475821">
        <ele>1620.140266</ele>
        <time>2026-04-27T18:51:03.925Z</time>
      </trkpt>
      <trkpt lat="44.807764" lon="5.475619">
        <ele>1616.405779</ele>
        <time>2026-04-27T18:51:20.733Z</time>
      </trkpt>
      <trkpt lat="44.806877" lon="5.475945">
        <ele>1616.999116</ele>
        <time>2026-04-27T18:52:05.788Z</time>
      </trkpt>
      <trkpt lat="44.806422" lon="5.476289">
        <ele>1617.333742</ele>
        <time>2026-04-27T18:52:35.899Z</time>
      </trkpt>
      <trkpt lat="44.806196" lon="5.476268">
        <ele>1617.480264</ele>
        <time>2026-04-27T18:52:48.664Z</time>
      </trkpt>
      <trkpt lat="44.806055" lon="5.476167">
        <ele>1617.599956</ele>
        <time>2026-04-27T18:52:57.410Z</time>
      </trkpt>
      <trkpt lat="44.805691" lon="5.476192">
        <ele>1618.052759</ele>
        <time>2026-04-27T18:53:15.856Z</time>
      </trkpt>
      <trkpt lat="44.805394" lon="5.476127">
        <ele>1618.424918</ele>
        <time>2026-04-27T18:53:30.222Z</time>
      </trkpt>
      <trkpt lat="44.805189" lon="5.476244">
        <ele>1618.698775</ele>
        <time>2026-04-27T18:53:40.720Z</time>
      </trkpt>
      <trkpt lat="44.804664" lon="5.476437">
        <ele>1619.380901</ele>
        <time>2026-04-27T18:54:07.173Z</time>
      </trkpt>
      <trkpt lat="44.804397" lon="5.476367">
        <ele>1619.717177</ele>
        <time>2026-04-27T18:54:21.009Z</time>
      </trkpt>
      <trkpt lat="44.804037" lon="5.476014">
        <ele>1622.940156</ele>
        <time>2026-04-27T18:54:46.202Z</time>
      </trkpt>
      <trkpt lat="44.803757" lon="5.475934">
        <ele>1625.313462</ele>
        <time>2026-04-27T18:55:04.622Z</time>
      </trkpt>
      <trkpt lat="44.803145" lon="5.476216">
        <ele>1630.619107</ele>
        <time>2026-04-27T18:55:52.588Z</time>
      </trkpt>
      <trkpt lat="44.802885" lon="5.47622">
        <ele>1632.759496</ele>
        <time>2026-04-27T18:56:14.418Z</time>
      </trkpt>
      <trkpt lat="44.80214" lon="5.476599">
        <ele>1637.71709</ele>
        <time>2026-04-27T18:57:24.204Z</time>
      </trkpt>
      <trkpt lat="44.80206" lon="5.476702">
        <ele>1638.307114</ele>
        <time>2026-04-27T18:57:32.844Z</time>
      </trkpt>
      <trkpt lat="44.801833" lon="5.476773">
        <ele>1639.573268</ele>
        <time>2026-04-27T18:57:49.724Z</time>
      </trkpt>
      <trkpt lat="44.801312" lon="5.477071">
        <ele>1642.661005</ele>
        <time>2026-04-27T18:58:21.695Z</time>
      </trkpt>
      <trkpt lat="44.800852" lon="5.477001">
        <ele>1642.748516</ele>
        <time>2026-04-27T18:58:42.374Z</time>
      </trkpt>
      <trkpt lat="44.800685" lon="5.477128">
        <ele>1640.61859</ele>
        <time>2026-04-27T18:58:49.973Z</time>
      </trkpt>
      <trkpt lat="44.800224" lon="5.477218">
        <ele>1635.382792</ele>
        <time>2026-04-27T18:59:07.668Z</time>
      </trkpt>
      <trkpt lat="44.799838" lon="5.477115">
        <ele>1630.925378</ele>
        <time>2026-04-27T18:59:22.616Z</time>
      </trkpt>
      <trkpt lat="44.799547" lon="5.477139">
        <ele>1627.653546</ele>
        <time>2026-04-27T18:59:33.608Z</time>
      </trkpt>
      <trkpt lat="44.799284" lon="5.477383">
        <ele>1624.140462</ele>
        <time>2026-04-27T18:59:45.512Z</time>
      </trkpt>
      <trkpt lat="44.798753" lon="5.477352">
        <ele>1619.667688</ele>
        <time>2026-04-27T19:00:05.803Z</time>
      </trkpt>
      <trkpt lat="44.798586" lon="5.477493">
        <ele>1618.038477</ele>
        <time>2026-04-27T19:00:13.401Z</time>
      </trkpt>
      <trkpt lat="44.798261" lon="5.477509">
        <ele>1615.298792</ele>
        <time>2026-04-27T19:00:26.654Z</time>
      </trkpt>
      <trkpt lat="44.798065" lon="5.477607">
        <ele>1613.558334</ele>
        <time>2026-04-27T19:00:35.341Z</time>
      </trkpt>
      <trkpt lat="44.797696" lon="5.477516">
        <ele>1610.414701</ele>
        <time>2026-04-27T19:00:51.465Z</time>
      </trkpt>
      <trkpt lat="44.797503" lon="5.477575">
        <ele>1609.061328</ele>
        <time>2026-04-27T19:01:00.106Z</time>
      </trkpt>
      <trkpt lat="44.797172" lon="5.4775">
        <ele>1608.417972</ele>
        <time>2026-04-27T19:01:15.201Z</time>
      </trkpt>
      <trkpt lat="44.796799" lon="5.477696">
        <ele>1607.605049</ele>
        <time>2026-04-27T19:01:34.651Z</time>
      </trkpt>
      <trkpt lat="44.796573" lon="5.477956">
        <ele>1607.047352</ele>
        <time>2026-04-27T19:01:48.199Z</time>
      </trkpt>
      <trkpt lat="44.796293" lon="5.478012">
        <ele>1606.506745</ele>
        <time>2026-04-27T19:02:01.440Z</time>
      </trkpt>
      <trkpt lat="44.796192" lon="5.47798">
        <ele>1606.308856</ele>
        <time>2026-04-27T19:02:06.325Z</time>
      </trkpt>
      <trkpt lat="44.796106" lon="5.477851">
        <ele>1606.068758</ele>
        <time>2026-04-27T19:02:12.267Z</time>
      </trkpt>
      <trkpt lat="44.795983" lon="5.477495">
        <ele>1605.714758</ele>
        <time>2026-04-27T19:02:25.730Z</time>
      </trkpt>
      <trkpt lat="44.795973" lon="5.477288">
        <ele>1605.719543</ele>
        <time>2026-04-27T19:02:32.841Z</time>
      </trkpt>
      <trkpt lat="44.79582" lon="5.477065">
        <ele>1605.726698</ele>
        <time>2026-04-27T19:02:44.008Z</time>
      </trkpt>
      <trkpt lat="44.795718" lon="5.477045">
        <ele>1605.730045</ele>
        <time>2026-04-27T19:02:49.298Z</time>
      </trkpt>
      <trkpt lat="44.795606" lon="5.476825">
        <ele>1605.73629</ele>
        <time>2026-04-27T19:02:59.289Z</time>
      </trkpt>
      <trkpt lat="44.795232" lon="5.477064">
        <ele>1605.750195</ele>
        <time>2026-04-27T19:03:21.065Z</time>
      </trkpt>
      <trkpt lat="44.795008" lon="5.476676">
        <ele>1605.762066</ele>
        <time>2026-04-27T19:03:38.842Z</time>
      </trkpt>
      <trkpt lat="44.794846" lon="5.476701">
        <ele>1605.767363</ele>
        <time>2026-04-27T19:03:46.506Z</time>
      </trkpt>
      <trkpt lat="44.794568" lon="5.477032">
        <ele>1604.05102</ele>
        <time>2026-04-27T19:04:03.091Z</time>
      </trkpt>
      <trkpt lat="44.794552" lon="5.477504">
        <ele>1601.951533</ele>
        <time>2026-04-27T19:04:17.927Z</time>
      </trkpt>
      <trkpt lat="44.794341" lon="5.478353">
        <ele>1597.992219</ele>
        <time>2026-04-27T19:04:43.944Z</time>
      </trkpt>
      <trkpt lat="44.793864" lon="5.479488">
        <ele>1592.836106</ele>
        <time>2026-04-27T19:05:21.234Z</time>
      </trkpt>
      <trkpt lat="44.793839" lon="5.479812">
        <ele>1591.765039</ele>
        <time>2026-04-27T19:05:31.033Z</time>
      </trkpt>
      <trkpt lat="44.793691" lon="5.480009">
        <ele>1590.837166</ele>
        <time>2026-04-27T19:05:39.682Z</time>
      </trkpt>
      <trkpt lat="44.793554" lon="5.479997">
        <ele>1590.211571</ele>
        <time>2026-04-27T19:05:45.662Z</time>
      </trkpt>
      <trkpt lat="44.793244" lon="5.480206">
        <ele>1588.62836</ele>
        <time>2026-04-27T19:06:01.150Z</time>
      </trkpt>
      <trkpt lat="44.792663" lon="5.480348">
        <ele>1586.450676</ele>
        <time>2026-04-27T19:06:28.951Z</time>
      </trkpt>
      <trkpt lat="44.792418" lon="5.480294">
        <ele>1586.453228</ele>
        <time>2026-04-27T19:06:41.224Z</time>
      </trkpt>
      <trkpt lat="44.792225" lon="5.480182">
        <ele>1586.455377</ele>
        <time>2026-04-27T19:06:51.507Z</time>
      </trkpt>
      <trkpt lat="44.791719" lon="5.479608">
        <ele>1586.462063</ele>
        <time>2026-04-27T19:07:23.434Z</time>
      </trkpt>
      <trkpt lat="44.790935" lon="5.478048">
        <ele>1585.682026</ele>
        <time>2026-04-27T19:08:28.732Z</time>
      </trkpt>
      <trkpt lat="44.790408" lon="5.47724">
        <ele>1584.895198</ele>
        <time>2026-04-27T19:09:05.264Z</time>
      </trkpt>
      <trkpt lat="44.789802" lon="5.476623">
        <ele>1584.171571</ele>
        <time>2026-04-27T19:09:39.626Z</time>
      </trkpt>
      <trkpt lat="44.789561" lon="5.476632">
        <ele>1583.943122</ele>
        <time>2026-04-27T19:09:50.552Z</time>
      </trkpt>
      <trkpt lat="44.789347" lon="5.476534">
        <ele>1583.729897</ele>
        <time>2026-04-27T19:10:00.897Z</time>
      </trkpt>
      <trkpt lat="44.789169" lon="5.476562">
        <ele>1583.560178</ele>
        <time>2026-04-27T19:10:09.243Z</time>
      </trkpt>
      <trkpt lat="44.788952" lon="5.476701">
        <ele>1583.334301</ele>
        <time>2026-04-27T19:10:20.575Z</time>
      </trkpt>
      <trkpt lat="44.788721" lon="5.476613">
        <ele>1583.107548</ele>
        <time>2026-04-27T19:10:32.250Z</time>
      </trkpt>
      <trkpt lat="44.788609" lon="5.47639">
        <ele>1583.002505</ele>
        <time>2026-04-27T19:10:42.071Z</time>
      </trkpt>
      <trkpt lat="44.788481" lon="5.475517">
        <ele>1584.483936</ele>
        <time>2026-04-27T19:11:15.461Z</time>
      </trkpt>
      <trkpt lat="44.788277" lon="5.47489">
        <ele>1585.630194</ele>
        <time>2026-04-27T19:11:41.849Z</time>
      </trkpt>
      <trkpt lat="44.788243" lon="5.474624">
        <ele>1586.07936</ele>
        <time>2026-04-27T19:11:52.481Z</time>
      </trkpt>
      <trkpt lat="44.788485" lon="5.473921">
        <ele>1587.308829</ele>
        <time>2026-04-27T19:12:23.255Z</time>
      </trkpt>
      <trkpt lat="44.78835" lon="5.473624">
        <ele>1587.710862</ele>
        <time>2026-04-27T19:12:36.071Z</time>
      </trkpt>
      <trkpt lat="44.788152" lon="5.47366">
        <ele>1588.031514</ele>
        <time>2026-04-27T19:12:45.894Z</time>
      </trkpt>
      <trkpt lat="44.787946" lon="5.473583">
        <ele>1588.373823</ele>
        <time>2026-04-27T19:12:56.224Z</time>
      </trkpt>
      <trkpt lat="44.787795" lon="5.473297">
        <ele>1588.780153</ele>
        <time>2026-04-27T19:13:08.631Z</time>
      </trkpt>
      <trkpt lat="44.787904" lon="5.472063">
        <ele>1590.587897</ele>
        <time>2026-04-27T19:13:54.001Z</time>
      </trkpt>
      <trkpt lat="44.787561" lon="5.471386">
        <ele>1593.965007</ele>
        <time>2026-04-27T19:14:25.763Z</time>
      </trkpt>
      <trkpt lat="44.787077" lon="5.471023">
        <ele>1597.101559</ele>
        <time>2026-04-27T19:14:59.649Z</time>
      </trkpt>
      <trkpt lat="44.786724" lon="5.470893">
        <ele>1599.188745</ele>
        <time>2026-04-27T19:15:25.241Z</time>
      </trkpt>
      <trkpt lat="44.78629" lon="5.470314">
        <ele>1605.838023</ele>
        <time>2026-04-27T19:16:11.508Z</time>
      </trkpt>
      <trkpt lat="44.786138" lon="5.470198">
        <ele>1608.228773</ele>
        <time>2026-04-27T19:16:26.361Z</time>
      </trkpt>
      <trkpt lat="44.785983" lon="5.469357">
        <ele>1616.80975</ele>
        <time>2026-04-27T19:17:21.011Z</time>
      </trkpt>
      <trkpt lat="44.785828" lon="5.469259">
        <ele>1619.159156</ele>
        <time>2026-04-27T19:17:37.257Z</time>
      </trkpt>
      <trkpt lat="44.785578" lon="5.469279">
        <ele>1622.621952</ele>
        <time>2026-04-27T19:18:02.713Z</time>
      </trkpt>
      <trkpt lat="44.785467" lon="5.469539">
        <ele>1625.908331</ele>
        <time>2026-04-27T19:18:25.451Z</time>
      </trkpt>
      <trkpt lat="44.785496" lon="5.469858">
        <ele>1631.236616</ele>
        <time>2026-04-27T19:18:51.569Z</time>
      </trkpt>
      <trkpt lat="44.784957" lon="5.47032">
        <ele>1646.084016</ele>
        <time>2026-04-27T19:20:14.315Z</time>
      </trkpt>
      <trkpt lat="44.784546" lon="5.470435">
        <ele>1656.309408</ele>
        <time>2026-04-27T19:21:15.092Z</time>
      </trkpt>
      <trkpt lat="44.784384" lon="5.470582">
        <ele>1660.726733</ele>
        <time>2026-04-27T19:21:42.426Z</time>
      </trkpt>
      <trkpt lat="44.784273" lon="5.470814">
        <ele>1665.279152</ele>
        <time>2026-04-27T19:22:10.405Z</time>
      </trkpt>
      <trkpt lat="44.783884" lon="5.470712">
        <ele>1677.290243</ele>
        <time>2026-04-27T19:23:10.765Z</time>
      </trkpt>
      <trkpt lat="44.783805" lon="5.470541">
        <ele>1681.844537</ele>
        <time>2026-04-27T19:23:34.178Z</time>
      </trkpt>
      <trkpt lat="44.78368" lon="5.470773">
        <ele>1688.346149</ele>
        <time>2026-04-27T19:24:08.465Z</time>
      </trkpt>
      <trkpt lat="44.783225" lon="5.470722">
        <ele>1702.700549</ele>
        <time>2026-04-27T19:25:27.288Z</time>
      </trkpt>
      <trkpt lat="44.783083" lon="5.470457">
        <ele>1710.112199</ele>
        <time>2026-04-27T19:26:10.794Z</time>
      </trkpt>
      <trkpt lat="44.782654" lon="5.47016">
        <ele>1725.419975</ele>
        <time>2026-04-27T19:27:44.069Z</time>
      </trkpt>
      <trkpt lat="44.782548" lon="5.469956">
        <ele>1731.790702</ele>
        <time>2026-04-27T19:28:20.815Z</time>
      </trkpt>
      <trkpt lat="44.782336" lon="5.469895">
        <ele>1739.472405</ele>
        <time>2026-04-27T19:29:06.991Z</time>
      </trkpt>
      <trkpt lat="44.781658" lon="5.469111">
        <ele>1770.611812</ele>
        <time>2026-04-27T19:32:04.733Z</time>
      </trkpt>
      <trkpt lat="44.781407" lon="5.468976">
        <ele>1780.149994</ele>
        <time>2026-04-27T19:32:57.349Z</time>
      </trkpt>
      <trkpt lat="44.780352" lon="5.467207">
        <ele>1831.572072</ele>
        <time>2026-04-27T19:37:48.076Z</time>
      </trkpt>
      <trkpt lat="44.779989" lon="5.466803">
        <ele>1844.507886</ele>
        <time>2026-04-27T19:38:56.339Z</time>
      </trkpt>
      <trkpt lat="44.779798" lon="5.466358">
        <ele>1851.645655</ele>
        <time>2026-04-27T19:39:46.626Z</time>
      </trkpt>
      <trkpt lat="44.77932" lon="5.465921">
        <ele>1862.69292</ele>
        <time>2026-04-27T19:40:55.058Z</time>
      </trkpt>
      <trkpt lat="44.779199" lon="5.465313">
        <ele>1871.420448</ele>
        <time>2026-04-27T19:41:40.550Z</time>
      </trkpt>
      <trkpt lat="44.778922" lon="5.465011">
        <ele>1877.317096</ele>
        <time>2026-04-27T19:42:11.746Z</time>
      </trkpt>
      <trkpt lat="44.778773" lon="5.46497">
        <ele>1877.939822</ele>
        <time>2026-04-27T19:42:23.625Z</time>
      </trkpt>
      <trkpt lat="44.778629" lon="5.464635">
        <ele>1879.080123</ele>
        <time>2026-04-27T19:42:42.694Z</time>
      </trkpt>
      <trkpt lat="44.778289" lon="5.464148">
        <ele>1881.069001</ele>
        <time>2026-04-27T19:43:10.483Z</time>
      </trkpt>
      <trkpt lat="44.776915" lon="5.463438">
        <ele>1884.626757</ele>
        <time>2026-04-27T19:44:19.817Z</time>
      </trkpt>
      <trkpt lat="44.776595" lon="5.463368">
        <ele>1884.719255</ele>
        <time>2026-04-27T19:44:35.818Z</time>
      </trkpt>
      <trkpt lat="44.776364" lon="5.463191">
        <ele>1884.794366</ele>
        <time>2026-04-27T19:44:49.074Z</time>
      </trkpt>
      <trkpt lat="44.776078" lon="5.463173">
        <ele>1884.876139</ele>
        <time>2026-04-27T19:45:03.744Z</time>
      </trkpt>
      <trkpt lat="44.775748" lon="5.463424">
        <ele>1884.847884</ele>
        <time>2026-04-27T19:45:22.788Z</time>
      </trkpt>
      <trkpt lat="44.775003" lon="5.464269">
        <ele>1883.684965</ele>
        <time>2026-04-27T19:46:08.328Z</time>
      </trkpt>
      <trkpt lat="44.774744" lon="5.464769">
        <ele>1883.148192</ele>
        <time>2026-04-27T19:46:28.391Z</time>
      </trkpt>
      <trkpt lat="44.774445" lon="5.464936">
        <ele>1882.748041</ele>
        <time>2026-04-27T19:46:42.931Z</time>
      </trkpt>
      <trkpt lat="44.774043" lon="5.464943">
        <ele>1881.962336</ele>
        <time>2026-04-27T19:47:01.267Z</time>
      </trkpt>
      <trkpt lat="44.773801" lon="5.464827">
        <ele>1881.462754</ele>
        <time>2026-04-27T19:47:13.082Z</time>
      </trkpt>
      <trkpt lat="44.773477" lon="5.465103">
        <ele>1880.722771</ele>
        <time>2026-04-27T19:47:30.797Z</time>
      </trkpt>
      <trkpt lat="44.77256" lon="5.465502">
        <ele>1878.887507</ele>
        <time>2026-04-27T19:48:15.166Z</time>
      </trkpt>
      <trkpt lat="44.772086" lon="5.465299">
        <ele>1878.014482</ele>
        <time>2026-04-27T19:48:37.614Z</time>
      </trkpt>
      <trkpt lat="44.771767" lon="5.464972">
        <ele>1877.319256</ele>
        <time>2026-04-27T19:48:55.625Z</time>
      </trkpt>
      <trkpt lat="44.770954" lon="5.461957">
        <ele>1879.038169</ele>
        <time>2026-04-27T19:50:50.917Z</time>
      </trkpt>
      <trkpt lat="44.770861" lon="5.461284">
        <ele>1880.513903</ele>
        <time>2026-04-27T19:51:18.268Z</time>
      </trkpt>
      <trkpt lat="44.770632" lon="5.46092">
        <ele>1881.858545</ele>
        <time>2026-04-27T19:51:37.776Z</time>
      </trkpt>
      <trkpt lat="44.77044" lon="5.460877">
        <ele>1882.618241</ele>
        <time>2026-04-27T19:51:48.783Z</time>
      </trkpt>
      <trkpt lat="44.769857" lon="5.461389">
        <ele>1885.272393</ele>
        <time>2026-04-27T19:52:27.232Z</time>
      </trkpt>
      <trkpt lat="44.769218" lon="5.46149">
        <ele>1888.876456</ele>
        <time>2026-04-27T19:53:04.074Z</time>
      </trkpt>
      <trkpt lat="44.767626" lon="5.461345">
        <ele>1899.813198</ele>
        <time>2026-04-27T19:54:54.108Z</time>
      </trkpt>
      <trkpt lat="44.766905" lon="5.461048">
        <ele>1904.116358</ele>
        <time>2026-04-27T19:55:45.739Z</time>
      </trkpt>
      <trkpt lat="44.766575" lon="5.460777">
        <ele>1906.310662</ele>
        <time>2026-04-27T19:56:09.038Z</time>
      </trkpt>
      <trkpt lat="44.766444" lon="5.460794">
        <ele>1907.064256</ele>
        <time>2026-04-27T19:56:16.514Z</time>
      </trkpt>
      <trkpt lat="44.766191" lon="5.461016">
        <ele>1908.771772</ele>
        <time>2026-04-27T19:56:32.575Z</time>
      </trkpt>
      <trkpt lat="44.765774" lon="5.461153">
        <ele>1908.683831</ele>
        <time>2026-04-27T19:56:53.705Z</time>
      </trkpt>
      <trkpt lat="44.765342" lon="5.46109">
        <ele>1908.026948</ele>
        <time>2026-04-27T19:57:13.963Z</time>
      </trkpt>
      <trkpt lat="44.765188" lon="5.460941">
        <ele>1907.744364</ele>
        <time>2026-04-27T19:57:22.458Z</time>
      </trkpt>
      <trkpt lat="44.764869" lon="5.460864">
        <ele>1907.254849</ele>
        <time>2026-04-27T19:57:36.970Z</time>
      </trkpt>
      <trkpt lat="44.764747" lon="5.460927">
        <ele>1907.058316</ele>
        <time>2026-04-27T19:57:42.764Z</time>
      </trkpt>
      <trkpt lat="44.764339" lon="5.46151">
        <ele>1905.957679</ele>
        <time>2026-04-27T19:58:08.784Z</time>
      </trkpt>
      <trkpt lat="44.76418" lon="5.461536">
        <ele>1905.527731</ele>
        <time>2026-04-27T19:58:16.361Z</time>
      </trkpt>
      <trkpt lat="44.76396" lon="5.461352">
        <ele>1904.860456</ele>
        <time>2026-04-27T19:58:28.230Z</time>
      </trkpt>
      <trkpt lat="44.763655" lon="5.461384">
        <ele>1904.07239</ele>
        <time>2026-04-27T19:58:42.347Z</time>
      </trkpt>
      <trkpt lat="44.763482" lon="5.461455">
        <ele>1903.608083</ele>
        <time>2026-04-27T19:58:50.573Z</time>
      </trkpt>
      <trkpt lat="44.763382" lon="5.461759">
        <ele>1902.95808</ele>
        <time>2026-04-27T19:59:02.074Z</time>
      </trkpt>
      <trkpt lat="44.763258" lon="5.461709">
        <ele>1902.625734</ele>
        <time>2026-04-27T19:59:07.943Z</time>
      </trkpt>
      <trkpt lat="44.763212" lon="5.461401">
        <ele>1902.049915</ele>
        <time>2026-04-27T19:59:17.971Z</time>
      </trkpt>
      <trkpt lat="44.763032" lon="5.461142">
        <ele>1901.766417</ele>
        <time>2026-04-27T19:59:29.509Z</time>
      </trkpt>
      <trkpt lat="44.762873" lon="5.460583">
        <ele>1901.549239</ele>
        <time>2026-04-27T19:59:48.847Z</time>
      </trkpt>
      <trkpt lat="44.762873" lon="5.4603">
        <ele>1901.447175</ele>
        <time>2026-04-27T19:59:58.060Z</time>
      </trkpt>
      <trkpt lat="44.762718" lon="5.45996">
        <ele>1901.301454</ele>
        <time>2026-04-27T20:00:11.536Z</time>
      </trkpt>
      <trkpt lat="44.762388" lon="5.4598">
        <ele>1901.12418</ele>
        <time>2026-04-27T20:00:28.620Z</time>
      </trkpt>
      <trkpt lat="44.761956" lon="5.459894">
        <ele>1901.241876</ele>
        <time>2026-04-27T20:00:52.032Z</time>
      </trkpt>
      <trkpt lat="44.761435" lon="5.460228">
        <ele>1903.203195</ele>
        <time>2026-04-27T20:01:25.305Z</time>
      </trkpt>
      <trkpt lat="44.761193" lon="5.460569">
        <ele>1904.376105</ele>
        <time>2026-04-27T20:01:45.408Z</time>
      </trkpt>
      <trkpt lat="44.760725" lon="5.46062">
        <ele>1905.984392</ele>
        <time>2026-04-27T20:02:12.057Z</time>
      </trkpt>
      <trkpt lat="44.760168" lon="5.460417">
        <ele>1907.241657</ele>
        <time>2026-04-27T20:02:42.193Z</time>
      </trkpt>
      <trkpt lat="44.759937" lon="5.460417">
        <ele>1907.365944</ele>
        <time>2026-04-27T20:02:53.707Z</time>
      </trkpt>
      <trkpt lat="44.759391" lon="5.460757">
        <ele>1907.687149</ele>
        <time>2026-04-27T20:03:22.451Z</time>
      </trkpt>
      <trkpt lat="44.758891" lon="5.460939">
        <ele>1907.965009</ele>
        <time>2026-04-27T20:03:47.209Z</time>
      </trkpt>
      <trkpt lat="44.758401" lon="5.461367">
        <ele>1908.231149</ele>
        <time>2026-04-27T20:04:15.317Z</time>
      </trkpt>
      <trkpt lat="44.757974" lon="5.461541">
        <ele>1908.417288</ele>
        <time>2026-04-27T20:04:37.227Z</time>
      </trkpt>
      <trkpt lat="44.757588" lon="5.461396">
        <ele>1908.584575</ele>
        <time>2026-04-27T20:04:57.089Z</time>
      </trkpt>
      <trkpt lat="44.757036" lon="5.461352">
        <ele>1908.816093</ele>
        <time>2026-04-27T20:05:24.651Z</time>
      </trkpt>
      <trkpt lat="44.756273" lon="5.461879">
        <ele>1908.628117</ele>
        <time>2026-04-27T20:06:05.414Z</time>
      </trkpt>
      <trkpt lat="44.755697" lon="5.462143">
        <ele>1908.478457</ele>
        <time>2026-04-27T20:06:34.224Z</time>
      </trkpt>
      <trkpt lat="44.755213" lon="5.462491">
        <ele>1908.406608</ele>
        <time>2026-04-27T20:07:00.463Z</time>
      </trkpt>
      <trkpt lat="44.754783" lon="5.462466">
        <ele>1908.457406</ele>
        <time>2026-04-27T20:07:21.257Z</time>
      </trkpt>
      <trkpt lat="44.754372" lon="5.462335">
        <ele>1908.50698</ele>
        <time>2026-04-27T20:07:41.590Z</time>
      </trkpt>
      <trkpt lat="44.753852" lon="5.462388">
        <ele>1908.568596</ele>
        <time>2026-04-27T20:08:07.157Z</time>
      </trkpt>
      <trkpt lat="44.753614" lon="5.462155">
        <ele>1908.681135</ele>
        <time>2026-04-27T20:08:21.417Z</time>
      </trkpt>
      <trkpt lat="44.753302" lon="5.46202">
        <ele>1909.368176</ele>
        <time>2026-04-27T20:08:37.569Z</time>
      </trkpt>
      <trkpt lat="44.752663" lon="5.462157">
        <ele>1910.728725</ele>
        <time>2026-04-27T20:09:10.303Z</time>
      </trkpt>
      <trkpt lat="44.752137" lon="5.462078">
        <ele>1911.842197</ele>
        <time>2026-04-27T20:09:38.615Z</time>
      </trkpt>
      <trkpt lat="44.751354" lon="5.462237">
        <ele>1915.910041</ele>
        <time>2026-04-27T20:10:24.207Z</time>
      </trkpt>
      <trkpt lat="44.750839" lon="5.462433">
        <ele>1919.434748</ele>
        <time>2026-04-27T20:10:58.307Z</time>
      </trkpt>
      <trkpt lat="44.750664" lon="5.462731">
        <ele>1921.249134</ele>
        <time>2026-04-27T20:11:16.855Z</time>
      </trkpt>
      <trkpt lat="44.75018" lon="5.463224">
        <ele>1925.602773</ele>
        <time>2026-04-27T20:11:59.771Z</time>
      </trkpt>
      <trkpt lat="44.74842" lon="5.46356">
        <ele>1942.212399</ele>
        <time>2026-04-27T20:14:14.498Z</time>
      </trkpt>
      <trkpt lat="44.748129" lon="5.463681">
        <ele>1944.403501</ele>
        <time>2026-04-27T20:14:37.947Z</time>
      </trkpt>
      <trkpt lat="44.747472" lon="5.464175">
        <ele>1949.781968</ele>
        <time>2026-04-27T20:15:28.013Z</time>
      </trkpt>
      <trkpt lat="44.746831" lon="5.463957">
        <ele>1954.350142</ele>
        <time>2026-04-27T20:16:08.957Z</time>
      </trkpt>
      <trkpt lat="44.746608" lon="5.46399">
        <ele>1954.357652</ele>
        <time>2026-04-27T20:16:21.494Z</time>
      </trkpt>
      <trkpt lat="44.74604" lon="5.464389">
        <ele>1954.378955</ele>
        <time>2026-04-27T20:16:53.529Z</time>
      </trkpt>
      <trkpt lat="44.745625" lon="5.464878">
        <ele>1954.397079</ele>
        <time>2026-04-27T20:17:19.412Z</time>
      </trkpt>
      <trkpt lat="44.74494" lon="5.4654">
        <ele>1951.135955</ele>
        <time>2026-04-27T20:17:53.555Z</time>
      </trkpt>
      <trkpt lat="44.744301" lon="5.466437">
        <ele>1943.352174</ele>
        <time>2026-04-27T20:18:32.067Z</time>
      </trkpt>
      <trkpt lat="44.743765" lon="5.467613">
        <ele>1937.17596</ele>
        <time>2026-04-27T20:19:10.116Z</time>
      </trkpt>
      <trkpt lat="44.742869" lon="5.468614">
        <ele>1931.48752</ele>
        <time>2026-04-27T20:20:01.406Z</time>
      </trkpt>
      <trkpt lat="44.742766" lon="5.469216">
        <ele>1931.992329</ele>
        <time>2026-04-27T20:20:25.732Z</time>
      </trkpt>
      <trkpt lat="44.742024" lon="5.47013">
        <ele>1934.355354</ele>
        <time>2026-04-27T20:21:21.719Z</time>
      </trkpt>
      <trkpt lat="44.742101" lon="5.470456">
        <ele>1934.938937</ele>
        <time>2026-04-27T20:21:34.352Z</time>
      </trkpt>
      <trkpt lat="44.741545" lon="5.471167">
        <ele>1936.404313</ele>
        <time>2026-04-27T20:22:10.896Z</time>
      </trkpt>
      <trkpt lat="44.740555" lon="5.471566">
        <ele>1938.247454</ele>
        <time>2026-04-27T20:23:03.588Z</time>
      </trkpt>
      <trkpt lat="44.739643" lon="5.472459">
        <ele>1939.752998</ele>
        <time>2026-04-27T20:24:07.079Z</time>
      </trkpt>
      <trkpt lat="44.739334" lon="5.473184">
        <ele>1940.502892</ele>
        <time>2026-04-27T20:24:37.348Z</time>
      </trkpt>
      <trkpt lat="44.738618" lon="5.474316">
        <ele>1936.661747</ele>
        <time>2026-04-27T20:25:24.473Z</time>
      </trkpt>
      <trkpt lat="44.737665" lon="5.476078">
        <ele>1927.391763</ele>
        <time>2026-04-27T20:26:29.431Z</time>
      </trkpt>
      <trkpt lat="44.737319" lon="5.476398">
        <ele>1924.630143</ele>
        <time>2026-04-27T20:26:46.656Z</time>
      </trkpt>
      <trkpt lat="44.735608" lon="5.479307">
        <ele>1905.691501</ele>
        <time>2026-04-27T20:28:37.419Z</time>
      </trkpt>
      <trkpt lat="44.734957" lon="5.479787">
        <ele>1899.740725</ele>
        <time>2026-04-27T20:29:07.133Z</time>
      </trkpt>
      <trkpt lat="44.734341" lon="5.480054">
        <ele>1894.531731</ele>
        <time>2026-04-27T20:29:33.003Z</time>
      </trkpt>
      <trkpt lat="44.733964" lon="5.480093">
        <ele>1891.484222</ele>
        <time>2026-04-27T20:29:48.176Z</time>
      </trkpt>
      <trkpt lat="44.733657" lon="5.480054">
        <ele>1889.430504</ele>
        <time>2026-04-27T20:30:00.673Z</time>
      </trkpt>
      <trkpt lat="44.73278" lon="5.480051">
        <ele>1883.55646</ele>
        <time>2026-04-27T20:30:36.831Z</time>
      </trkpt>
      <trkpt lat="44.73246" lon="5.479874">
        <ele>1881.257475</ele>
        <time>2026-04-27T20:30:51.558Z</time>
      </trkpt>
      <trkpt lat="44.731973" lon="5.479982">
        <ele>1877.403126</ele>
        <time>2026-04-27T20:31:13.418Z</time>
      </trkpt>
      <trkpt lat="44.731182" lon="5.479736">
        <ele>1870.261201</ele>
        <time>2026-04-27T20:31:47.792Z</time>
      </trkpt>
      <trkpt lat="44.731116" lon="5.480225">
        <ele>1867.145742</ele>
        <time>2026-04-27T20:32:01.870Z</time>
      </trkpt>
      <trkpt lat="44.730874" lon="5.481022">
        <ele>1858.512707</ele>
        <time>2026-04-27T20:32:25.182Z</time>
      </trkpt>
      <trkpt lat="44.730386" lon="5.481714">
        <ele>1842.866844</ele>
        <time>2026-04-27T20:32:51.224Z</time>
      </trkpt>
      <trkpt lat="44.729847" lon="5.482325">
        <ele>1827.259074</ele>
        <time>2026-04-27T20:33:18.398Z</time>
      </trkpt>
      <trkpt lat="44.729153" lon="5.482856">
        <ele>1807.932489</ele>
        <time>2026-04-27T20:33:50.574Z</time>
      </trkpt>
      <trkpt lat="44.728719" lon="5.482859">
        <ele>1797.153519</ele>
        <time>2026-04-27T20:34:07.817Z</time>
      </trkpt>
      <trkpt lat="44.728231" lon="5.483304">
        <ele>1782.712179</ele>
        <time>2026-04-27T20:34:29.772Z</time>
      </trkpt>
      <trkpt lat="44.727746" lon="5.483609">
        <ele>1775.218145</ele>
        <time>2026-04-27T20:34:49.681Z</time>
      </trkpt>
      <trkpt lat="44.727563" lon="5.483952">
        <ele>1772.303911</ele>
        <time>2026-04-27T20:35:01.403Z</time>
      </trkpt>
      <trkpt lat="44.727349" lon="5.484163">
        <ele>1769.813327</ele>
        <time>2026-04-27T20:35:11.908Z</time>
      </trkpt>
      <trkpt lat="44.727048" lon="5.484372">
        <ele>1766.517796</ele>
        <time>2026-04-27T20:35:26.560Z</time>
      </trkpt>
      <trkpt lat="44.726836" lon="5.484928">
        <ele>1762.215883</ele>
        <time>2026-04-27T20:35:46.724Z</time>
      </trkpt>
      <trkpt lat="44.72698" lon="5.487398">
        <ele>1759.608542</ele>
        <time>2026-04-27T20:37:09.302Z</time>
      </trkpt>
      <trkpt lat="44.727704" lon="5.489748">
        <ele>1761.772469</ele>
        <time>2026-04-27T20:38:42.076Z</time>
      </trkpt>
      <trkpt lat="44.727665" lon="5.490012">
        <ele>1762.17251</ele>
        <time>2026-04-27T20:38:52.254Z</time>
      </trkpt>
      <trkpt lat="44.727592" lon="5.490149">
        <ele>1762.480384</ele>
        <time>2026-04-27T20:38:58.756Z</time>
      </trkpt>
      <trkpt lat="44.726978" lon="5.489845">
        <ele>1764.130321</ele>
        <time>2026-04-27T20:39:33.425Z</time>
      </trkpt>
      <trkpt lat="44.726394" lon="5.489793">
        <ele>1765.599478</ele>
        <time>2026-04-27T20:40:04.608Z</time>
      </trkpt>
      <trkpt lat="44.724554" lon="5.489945">
        <ele>1768.061546</ele>
        <time>2026-04-27T20:41:43.238Z</time>
      </trkpt>
      <trkpt lat="44.724456" lon="5.489912">
        <ele>1768.172203</ele>
        <time>2026-04-27T20:41:48.067Z</time>
      </trkpt>
      <trkpt lat="44.723461" lon="5.488917">
        <ele>1758.05756</ele>
        <time>2026-04-27T20:42:40.754Z</time>
      </trkpt>
      <trkpt lat="44.72288" lon="5.489074">
        <ele>1752.272272</ele>
        <time>2026-04-27T20:43:03.261Z</time>
      </trkpt>
      <trkpt lat="44.721215" lon="5.489386">
        <ele>1707.368505</ele>
        <time>2026-04-27T20:44:11.341Z</time>
      </trkpt>
      <trkpt lat="44.721041" lon="5.489346">
        <ele>1702.387873</ele>
        <time>2026-04-27T20:44:18.832Z</time>
      </trkpt>
      <trkpt lat="44.720981" lon="5.489224">
        <ele>1699.389136</ele>
        <time>2026-04-27T20:44:23.277Z</time>
      </trkpt>
      <trkpt lat="44.721144" lon="5.489207">
        <ele>1694.614633</ele>
        <time>2026-04-27T20:44:30.273Z</time>
      </trkpt>
      <trkpt lat="44.721365" lon="5.489042">
        <ele>1687.306782</ele>
        <time>2026-04-27T20:44:41.013Z</time>
      </trkpt>
      <trkpt lat="44.720807" lon="5.488915">
        <ele>1670.795094</ele>
        <time>2026-04-27T20:45:05.012Z</time>
      </trkpt>
      <trkpt lat="44.720937" lon="5.488772">
        <ele>1665.657517</ele>
        <time>2026-04-27T20:45:12.120Z</time>
      </trkpt>
      <trkpt lat="44.720679" lon="5.488637">
        <ele>1657.373904</ele>
        <time>2026-04-27T20:45:23.813Z</time>
      </trkpt>
      <trkpt lat="44.720792" lon="5.488492">
        <ele>1652.041483</ele>
        <time>2026-04-27T20:45:31.042Z</time>
      </trkpt>
      <trkpt lat="44.720403" lon="5.48837">
        <ele>1643.696677</ele>
        <time>2026-04-27T20:45:46.196Z</time>
      </trkpt>
      <trkpt lat="44.720486" lon="5.488223">
        <ele>1641.130886</ele>
        <time>2026-04-27T20:45:52.419Z</time>
      </trkpt>
      <trkpt lat="44.720321" lon="5.488132">
        <ele>1638.160591</ele>
        <time>2026-04-27T20:45:59.715Z</time>
      </trkpt>
      <trkpt lat="44.720988" lon="5.487844">
        <ele>1627.418282</ele>
        <time>2026-04-27T20:46:26.568Z</time>
      </trkpt>
      <trkpt lat="44.720814" lon="5.487747">
        <ele>1624.34356</ele>
        <time>2026-04-27T20:46:34.357Z</time>
      </trkpt>
      <trkpt lat="44.721037" lon="5.487549">
        <ele>1620.171176</ele>
        <time>2026-04-27T20:46:44.680Z</time>
      </trkpt>
      <trkpt lat="44.721044" lon="5.48746">
        <ele>1618.904721</ele>
        <time>2026-04-27T20:46:47.072Z</time>
      </trkpt>
      <trkpt lat="44.720968" lon="5.487346">
        <ele>1616.025164</ele>
        <time>2026-04-27T20:46:51.872Z</time>
      </trkpt>
      <trkpt lat="44.721095" lon="5.487237">
        <ele>1612.281257</ele>
        <time>2026-04-27T20:46:58.048Z</time>
      </trkpt>
      <trkpt lat="44.720877" lon="5.487217">
        <ele>1607.336343</ele>
        <time>2026-04-27T20:47:06.215Z</time>
      </trkpt>
      <trkpt lat="44.721578" lon="5.486194">
        <ele>1584.41535</ele>
        <time>2026-04-27T20:47:45.284Z</time>
      </trkpt>
      <trkpt lat="44.721758" lon="5.485728">
        <ele>1573.94941</ele>
        <time>2026-04-27T20:48:00.601Z</time>
      </trkpt>
      <trkpt lat="44.721702" lon="5.485708">
        <ele>1571.908765</ele>
        <time>2026-04-27T20:48:02.938Z</time>
      </trkpt>
      <trkpt lat="44.72177" lon="5.485563">
        <ele>1567.548623</ele>
        <time>2026-04-27T20:48:08.030Z</time>
      </trkpt>
      <trkpt lat="44.721691" lon="5.485502">
        <ele>1564.365932</ele>
        <time>2026-04-27T20:48:11.811Z</time>
      </trkpt>
      <trkpt lat="44.721882" lon="5.485179">
        <ele>1553.764839</ele>
        <time>2026-04-27T20:48:24.645Z</time>
      </trkpt>
      <trkpt lat="44.7218" lon="5.485162">
        <ele>1549.784104</ele>
        <time>2026-04-27T20:48:29.572Z</time>
      </trkpt>
      <trkpt lat="44.721826" lon="5.484991">
        <ele>1545.395462</ele>
        <time>2026-04-27T20:48:35.066Z</time>
      </trkpt>
      <trkpt lat="44.721264" lon="5.485018">
        <ele>1525.391161</ele>
        <time>2026-04-27T20:49:01.780Z</time>
      </trkpt>
      <trkpt lat="44.721282" lon="5.484921">
        <ele>1522.875137</ele>
        <time>2026-04-27T20:49:05.383Z</time>
      </trkpt>
      <trkpt lat="44.720903" lon="5.484889">
        <ele>1509.281859</ele>
        <time>2026-04-27T20:49:24.614Z</time>
      </trkpt>
      <trkpt lat="44.720939" lon="5.484853">
        <ele>1507.684714</ele>
        <time>2026-04-27T20:49:26.852Z</time>
      </trkpt>
      <trkpt lat="44.720895" lon="5.484704">
        <ele>1503.538357</ele>
        <time>2026-04-27T20:49:32.498Z</time>
      </trkpt>
      <trkpt lat="44.720806" lon="5.484888">
        <ele>1497.638597</ele>
        <time>2026-04-27T20:49:40.364Z</time>
      </trkpt>
      <trkpt lat="44.720556" lon="5.484782">
        <ele>1488.195862</ele>
        <time>2026-04-27T20:49:52.487Z</time>
      </trkpt>
      <trkpt lat="44.720624" lon="5.484644">
        <ele>1483.880372</ele>
        <time>2026-04-27T20:49:57.893Z</time>
      </trkpt>
      <trkpt lat="44.720434" lon="5.484608">
        <ele>1476.946967</ele>
        <time>2026-04-27T20:50:06.359Z</time>
      </trkpt>
      <trkpt lat="44.720102" lon="5.484684">
        <ele>1464.782284</ele>
        <time>2026-04-27T20:50:20.805Z</time>
      </trkpt>
      <trkpt lat="44.719738" lon="5.48491">
        <ele>1450.295115</ele>
        <time>2026-04-27T20:50:37.870Z</time>
      </trkpt>
      <trkpt lat="44.719559" lon="5.484888">
        <ele>1444.631566</ele>
        <time>2026-04-27T20:50:45.373Z</time>
      </trkpt>
      <trkpt lat="44.719441" lon="5.485056">
        <ele>1439.340889</ele>
        <time>2026-04-27T20:50:52.329Z</time>
      </trkpt>
      <trkpt lat="44.719387" lon="5.484819">
        <ele>1433.766615</ele>
        <time>2026-04-27T20:50:59.665Z</time>
      </trkpt>
      <trkpt lat="44.719275" lon="5.484937">
        <ele>1429.356724</ele>
        <time>2026-04-27T20:51:05.454Z</time>
      </trkpt>
      <trkpt lat="44.719224" lon="5.484594">
        <ele>1421.278588</ele>
        <time>2026-04-27T20:51:16.114Z</time>
      </trkpt>
      <trkpt lat="44.719126" lon="5.484408">
        <ele>1416.092469</ele>
        <time>2026-04-27T20:51:23.002Z</time>
      </trkpt>
      <trkpt lat="44.719037" lon="5.484502">
        <ele>1412.48063</ele>
        <time>2026-04-27T20:51:27.891Z</time>
      </trkpt>
      <trkpt lat="44.718973" lon="5.484109">
        <ele>1403.28777</ele>
        <time>2026-04-27T20:51:40.400Z</time>
      </trkpt>
      <trkpt lat="44.718826" lon="5.484045">
        <ele>1397.844036</ele>
        <time>2026-04-27T20:51:47.892Z</time>
      </trkpt>
      <trkpt lat="44.718847" lon="5.48381">
        <ele>1392.809814</ele>
        <time>2026-04-27T20:51:55.121Z</time>
      </trkpt>
      <trkpt lat="44.718778" lon="5.483723">
        <ele>1390.50679</ele>
        <time>2026-04-27T20:51:59.061Z</time>
      </trkpt>
      <trkpt lat="44.718695" lon="5.48378">
        <ele>1388.210915</ele>
        <time>2026-04-27T20:52:02.954Z</time>
      </trkpt>
      <trkpt lat="44.718613" lon="5.483703">
        <ele>1385.760342</ele>
        <time>2026-04-27T20:52:07.061Z</time>
      </trkpt>
      <trkpt lat="44.718564" lon="5.483741">
        <ele>1384.369536</ele>
        <time>2026-04-27T20:52:09.363Z</time>
      </trkpt>
      <trkpt lat="44.718633" lon="5.483508">
        <ele>1379.816091</ele>
        <time>2026-04-27T20:52:16.826Z</time>
      </trkpt>
      <trkpt lat="44.718319" lon="5.483524">
        <ele>1371.735224</ele>
        <time>2026-04-27T20:52:29.631Z</time>
      </trkpt>
      <trkpt lat="44.718248" lon="5.483604">
        <ele>1369.474199</ele>
        <time>2026-04-27T20:52:33.116Z</time>
      </trkpt>
      <trkpt lat="44.718179" lon="5.483817">
        <ele>1365.339141</ele>
        <time>2026-04-27T20:52:39.367Z</time>
      </trkpt>
      <trkpt lat="44.718089" lon="5.484972">
        <ele>1345.401981</ele>
        <time>2026-04-27T20:53:10.250Z</time>
      </trkpt>
      <trkpt lat="44.717775" lon="5.485975">
        <ele>1328.64041</ele>
        <time>2026-04-27T20:53:39.453Z</time>
      </trkpt>
      <trkpt lat="44.717763" lon="5.485731">
        <ele>1324.732558</ele>
        <time>2026-04-27T20:53:46.214Z</time>
      </trkpt>
      <trkpt lat="44.717689" lon="5.485868">
        <ele>1322.010389</ele>
        <time>2026-04-27T20:53:50.950Z</time>
      </trkpt>
      <trkpt lat="44.717673" lon="5.485621">
        <ele>1318.170454</ele>
        <time>2026-04-27T20:53:57.699Z</time>
      </trkpt>
      <trkpt lat="44.717534" lon="5.485864">
        <ele>1313.414254</ele>
        <time>2026-04-27T20:54:06.196Z</time>
      </trkpt>
      <trkpt lat="44.717409" lon="5.485261">
        <ele>1301.739215</ele>
        <time>2026-04-27T20:54:23.994Z</time>
      </trkpt>
      <trkpt lat="44.717283" lon="5.485549">
        <ele>1294.969665</ele>
        <time>2026-04-27T20:54:33.862Z</time>
      </trkpt>
      <trkpt lat="44.717211" lon="5.485429">
        <ele>1291.265202</ele>
        <time>2026-04-27T20:54:39.312Z</time>
      </trkpt>
      <trkpt lat="44.717084" lon="5.485799">
        <ele>1283.098375</ele>
        <time>2026-04-27T20:54:51.340Z</time>
      </trkpt>
      <trkpt lat="44.716965" lon="5.48532">
        <ele>1273.058703</ele>
        <time>2026-04-27T20:55:06.064Z</time>
      </trkpt>
      <trkpt lat="44.71673" lon="5.485854">
        <ele>1260.631273</ele>
        <time>2026-04-27T20:55:23.956Z</time>
      </trkpt>
      <trkpt lat="44.71672" lon="5.485799">
        <ele>1259.719731</ele>
        <time>2026-04-27T20:55:25.547Z</time>
      </trkpt>
      <trkpt lat="44.716481" lon="5.486214">
        <ele>1251.533754</ele>
        <time>2026-04-27T20:55:40.332Z</time>
      </trkpt>
      <trkpt lat="44.716453" lon="5.486236">
        <ele>1250.845067</ele>
        <time>2026-04-27T20:55:41.563Z</time>
      </trkpt>
      <trkpt lat="44.716454" lon="5.485626">
        <ele>1241.348051</ele>
        <time>2026-04-27T20:55:58.190Z</time>
      </trkpt>
      <trkpt lat="44.715988" lon="5.486475">
        <ele>1224.860777</ele>
        <time>2026-04-27T20:56:26.879Z</time>
      </trkpt>
      <trkpt lat="44.715773" lon="5.486627">
        <ele>1220.133767</ele>
        <time>2026-04-27T20:56:35.952Z</time>
      </trkpt>
      <trkpt lat="44.715207" lon="5.487354">
        <ele>1207.103864</ele>
        <time>2026-04-27T20:57:04.792Z</time>
      </trkpt>
      <trkpt lat="44.714572" lon="5.487649">
        <ele>1195.646734</ele>
        <time>2026-04-27T20:57:30.031Z</time>
      </trkpt>
      <trkpt lat="44.714357" lon="5.487679">
        <ele>1191.973111</ele>
        <time>2026-04-27T20:57:38.135Z</time>
      </trkpt>
      <trkpt lat="44.713937" lon="5.487892">
        <ele>1183.726744</ele>
        <time>2026-04-27T20:57:54.863Z</time>
      </trkpt>
      <trkpt lat="44.713685" lon="5.487857">
        <ele>1179.018768</ele>
        <time>2026-04-27T20:58:04.354Z</time>
      </trkpt>
      <trkpt lat="44.713509" lon="5.487743">
        <ele>1175.301418</ele>
        <time>2026-04-27T20:58:11.855Z</time>
      </trkpt>
      <trkpt lat="44.712358" lon="5.487631">
        <ele>1152.925044</ele>
        <time>2026-04-27T20:58:54.974Z</time>
      </trkpt>
      <trkpt lat="44.712182" lon="5.487517">
        <ele>1148.474907</ele>
        <time>2026-04-27T20:59:02.201Z</time>
      </trkpt>
      <trkpt lat="44.711527" lon="5.486713">
        <ele>1128.423218</ele>
        <time>2026-04-27T20:59:34.968Z</time>
      </trkpt>
      <trkpt lat="44.711458" lon="5.486732">
        <ele>1126.80834</ele>
        <time>2026-04-27T20:59:37.695Z</time>
      </trkpt>
      <trkpt lat="44.711373" lon="5.486901">
        <ele>1123.428837</ele>
        <time>2026-04-27T20:59:43.367Z</time>
      </trkpt>
      <trkpt lat="44.711313" lon="5.486869">
        <ele>1121.955068</ele>
        <time>2026-04-27T20:59:45.850Z</time>
      </trkpt>
      <trkpt lat="44.710443" lon="5.485309">
        <ele>1088.138288</ele>
        <time>2026-04-27T21:00:40.728Z</time>
      </trkpt>
      <trkpt lat="44.710301" lon="5.485313">
        <ele>1084.383187</ele>
        <time>2026-04-27T21:00:46.571Z</time>
      </trkpt>
      <trkpt lat="44.710144" lon="5.485018">
        <ele>1077.939914</ele>
        <time>2026-04-27T21:00:56.463Z</time>
      </trkpt>
      <trkpt lat="44.709892" lon="5.48486">
        <ele>1071.361884</ele>
        <time>2026-04-27T21:01:07.036Z</time>
      </trkpt>
      <trkpt lat="44.709811" lon="5.484928">
        <ele>1069.419406</ele>
        <time>2026-04-27T21:01:10.554Z</time>
      </trkpt>
      <trkpt lat="44.70984" lon="5.485716">
        <ele>1057.870794</ele>
        <time>2026-04-27T21:01:31.466Z</time>
      </trkpt>
      <trkpt lat="44.709766" lon="5.486491">
        <ele>1046.306239</ele>
        <time>2026-04-27T21:01:52.469Z</time>
      </trkpt>
      <trkpt lat="44.709689" lon="5.486173">
        <ele>1041.276484</ele>
        <time>2026-04-27T21:02:01.587Z</time>
      </trkpt>
      <trkpt lat="44.709593" lon="5.486161">
        <ele>1039.124883</ele>
        <time>2026-04-27T21:02:05.449Z</time>
      </trkpt>
      <trkpt lat="44.709082" lon="5.485435">
        <ele>1020.800633</ele>
        <time>2026-04-27T21:02:33.356Z</time>
      </trkpt>
      <trkpt lat="44.708583" lon="5.484935">
        <ele>1004.665922</ele>
        <time>2026-04-27T21:02:57.920Z</time>
      </trkpt>
      <trkpt lat="44.708482" lon="5.484691">
        <ele>999.402185</ele>
        <time>2026-04-27T21:03:06.083Z</time>
      </trkpt>
      <trkpt lat="44.708384" lon="5.484172">
        <ele>989.348402</ele>
        <time>2026-04-27T21:03:21.907Z</time>
      </trkpt>
      <trkpt lat="44.708331" lon="5.484122">
        <ele>988.120935</ele>
        <time>2026-04-27T21:03:24.508Z</time>
      </trkpt>
      <trkpt lat="44.708162" lon="5.484741">
        <ele>980.830733</ele>
        <time>2026-04-27T21:03:42.671Z</time>
      </trkpt>
      <trkpt lat="44.708194" lon="5.485057">
        <ele>977.345465</ele>
        <time>2026-04-27T21:03:51.163Z</time>
      </trkpt>
      <trkpt lat="44.70815" lon="5.485148">
        <ele>975.962329</ele>
        <time>2026-04-27T21:03:54.521Z</time>
      </trkpt>
      <trkpt lat="44.70815" lon="5.485417">
        <ele>973.025105</ele>
        <time>2026-04-27T21:04:01.708Z</time>
      </trkpt>
      <trkpt lat="44.708338" lon="5.48607">
        <ele>965.304858</ele>
        <time>2026-04-27T21:04:21.279Z</time>
      </trkpt>
      <trkpt lat="44.708608" lon="5.486636">
        <ele>959.306857</ele>
        <time>2026-04-27T21:04:42.610Z</time>
      </trkpt>
      <trkpt lat="44.708449" lon="5.486976">
        <ele>956.699576</ele>
        <time>2026-04-27T21:04:58.476Z</time>
      </trkpt>
      <trkpt lat="44.708435" lon="5.487188">
        <ele>955.4066</ele>
        <time>2026-04-27T21:05:05.941Z</time>
      </trkpt>
      <trkpt lat="44.70852" lon="5.487666">
        <ele>952.368085</ele>
        <time>2026-04-27T21:05:21.735Z</time>
      </trkpt>
      <trkpt lat="44.70836" lon="5.487781">
        <ele>950.832869</ele>
        <time>2026-04-27T21:05:29.013Z</time>
      </trkpt>
      <trkpt lat="44.708196" lon="5.488135">
        <ele>948.249619</ele>
        <time>2026-04-27T21:05:40.516Z</time>
      </trkpt>
      <trkpt lat="44.708105" lon="5.48817">
        <ele>947.443511</ele>
        <time>2026-04-27T21:05:44.078Z</time>
      </trkpt>
      <trkpt lat="44.707695" lon="5.487886">
        <ele>939.48262</ele>
        <time>2026-04-27T21:06:01.095Z</time>
      </trkpt>
      <trkpt lat="44.707653" lon="5.487744">
        <ele>936.834463</ele>
        <time>2026-04-27T21:06:05.263Z</time>
      </trkpt>
      <trkpt lat="44.707286" lon="5.487524">
        <ele>927.070844</ele>
        <time>2026-04-27T21:06:20.945Z</time>
      </trkpt>
      <trkpt lat="44.707085" lon="5.487478">
        <ele>922.137446</ele>
        <time>2026-04-27T21:06:29.089Z</time>
      </trkpt>
      <trkpt lat="44.707169" lon="5.487403">
        <ele>919.727332</ele>
        <time>2026-04-27T21:06:33.053Z</time>
      </trkpt>
      <trkpt lat="44.706976" lon="5.487271">
        <ele>914.528625</ele>
        <time>2026-04-27T21:06:41.580Z</time>
      </trkpt>
      <trkpt lat="44.706429" lon="5.48714">
        <ele>901.195</ele>
        <time>2026-04-27T21:07:03.384Z</time>
      </trkpt>
      <trkpt lat="44.706141" lon="5.487478">
        <ele>893.30336</ele>
        <time>2026-04-27T21:07:17.830Z</time>
      </trkpt>
      <trkpt lat="44.705575" lon="5.486825">
        <ele>878.255904</ele>
        <time>2026-04-27T21:07:45.400Z</time>
      </trkpt>
      <trkpt lat="44.705047" lon="5.486593">
        <ele>866.914897</ele>
        <time>2026-04-27T21:08:06.168Z</time>
      </trkpt>
      <trkpt lat="44.704591" lon="5.486206">
        <ele>852.532482</ele>
        <time>2026-04-27T21:08:25.932Z</time>
      </trkpt>
      <trkpt lat="44.704" lon="5.485228">
        <ele>826.796835</ele>
        <time>2026-04-27T21:09:03.011Z</time>
      </trkpt>
      <trkpt lat="44.703884" lon="5.485163">
        <ele>823.292431</ele>
        <time>2026-04-27T21:09:08.936Z</time>
      </trkpt>
      <trkpt lat="44.70347" lon="5.484615">
        <ele>807.616137</ele>
        <time>2026-04-27T21:09:34.621Z</time>
      </trkpt>
      <trkpt lat="44.703291" lon="5.484254">
        <ele>799.419712</ele>
        <time>2026-04-27T21:09:47.759Z</time>
      </trkpt>
      <trkpt lat="44.703254" lon="5.484014">
        <ele>794.846693</ele>
        <time>2026-04-27T21:09:54.734Z</time>
      </trkpt>
      <trkpt lat="44.702968" lon="5.484219">
        <ele>786.279047</ele>
        <time>2026-04-27T21:10:07.488Z</time>
      </trkpt>
      <trkpt lat="44.702839" lon="5.484216">
        <ele>782.898904</ele>
        <time>2026-04-27T21:10:12.417Z</time>
      </trkpt>
      <trkpt lat="44.702419" lon="5.484411">
        <ele>771.245861</ele>
        <time>2026-04-27T21:10:29.000Z</time>
      </trkpt>
      <trkpt lat="44.702294" lon="5.484533">
        <ele>767.455005</ele>
        <time>2026-04-27T21:10:34.827Z</time>
      </trkpt>
      <trkpt lat="44.701413" lon="5.484526">
        <ele>754.747171</ele>
        <time>2026-04-27T21:11:08.262Z</time>
      </trkpt>
      <trkpt lat="44.701223" lon="5.484746">
        <ele>751.183067</ele>
        <time>2026-04-27T21:11:17.648Z</time>
      </trkpt>
      <trkpt lat="44.701102" lon="5.48504">
        <ele>747.720361</ele>
        <time>2026-04-27T21:11:26.774Z</time>
      </trkpt>
      <trkpt lat="44.701153" lon="5.484661">
        <ele>743.69733</ele>
        <time>2026-04-27T21:11:37.409Z</time>
      </trkpt>
      <trkpt lat="44.701256" lon="5.484373">
        <ele>740.879855</ele>
        <time>2026-04-27T21:11:46.260Z</time>
      </trkpt>
      <trkpt lat="44.701523" lon="5.484106">
        <ele>737.545355</ele>
        <time>2026-04-27T21:11:59.240Z</time>
      </trkpt>
      <trkpt lat="44.701397" lon="5.484097">
        <ele>736.267875</ele>
        <time>2026-04-27T21:12:04.300Z</time>
      </trkpt>
      <trkpt lat="44.701231" lon="5.484208">
        <ele>734.406821</ele>
        <time>2026-04-27T21:12:11.633Z</time>
      </trkpt>
      <trkpt lat="44.701295" lon="5.483978">
        <ele>732.629141</ele>
        <time>2026-04-27T21:12:18.604Z</time>
      </trkpt>
      <trkpt lat="44.70152" lon="5.483793">
        <ele>729.990319</ele>
        <time>2026-04-27T21:12:28.999Z</time>
      </trkpt>
      <trkpt lat="44.700902" lon="5.483696">
        <ele>723.632285</ele>
        <time>2026-04-27T21:12:53.045Z</time>
      </trkpt>
      <trkpt lat="44.700745" lon="5.483557">
        <ele>721.026061</ele>
        <time>2026-04-27T21:13:00.106Z</time>
      </trkpt>
      <trkpt lat="44.700529" lon="5.483175">
        <ele>716.151394</ele>
        <time>2026-04-27T21:13:13.246Z</time>
      </trkpt>
      <trkpt lat="44.70012" lon="5.483122">
        <ele>710.321485</ele>
        <time>2026-04-27T21:13:28.908Z</time>
      </trkpt>
      <trkpt lat="44.699488" lon="5.483214">
        <ele>701.364275</ele>
        <time>2026-04-27T21:13:52.901Z</time>
      </trkpt>
      <trkpt lat="44.699485" lon="5.483269">
        <ele>700.457802</ele>
        <time>2026-04-27T21:13:55.321Z</time>
      </trkpt>
      <trkpt lat="44.699731" lon="5.48344">
        <ele>696.786812</ele>
        <time>2026-04-27T21:14:05.763Z</time>
      </trkpt>
      <trkpt lat="44.699345" lon="5.483543">
        <ele>691.818537</ele>
        <time>2026-04-27T21:14:21.007Z</time>
      </trkpt>
      <trkpt lat="44.698832" lon="5.483229">
        <ele>684.9029</ele>
        <time>2026-04-27T21:14:42.808Z</time>
      </trkpt>
      <trkpt lat="44.699323" lon="5.484047">
        <ele>675.297371</ele>
        <time>2026-04-27T21:15:12.156Z</time>
      </trkpt>
      <trkpt lat="44.69943" lon="5.484364">
        <ele>671.694001</ele>
        <time>2026-04-27T21:15:22.034Z</time>
      </trkpt>
      <trkpt lat="44.699312" lon="5.484441">
        <ele>669.891155</ele>
        <time>2026-04-27T21:15:26.961Z</time>
      </trkpt>
      <trkpt lat="44.698476" lon="5.484683">
        <ele>657.910793</ele>
        <time>2026-04-27T21:15:59.634Z</time>
      </trkpt>
      <trkpt lat="44.698382" lon="5.484962">
        <ele>654.832477</ele>
        <time>2026-04-27T21:16:07.956Z</time>
      </trkpt>
      <trkpt lat="44.698326" lon="5.484613">
        <ele>651.188614</ele>
        <time>2026-04-27T21:16:17.795Z</time>
      </trkpt>
      <trkpt lat="44.698522" lon="5.484316">
        <ele>646.894802</ele>
        <time>2026-04-27T21:16:28.735Z</time>
      </trkpt>
      <trkpt lat="44.698108" lon="5.48444">
        <ele>640.589231</ele>
        <time>2026-04-27T21:16:44.847Z</time>
      </trkpt>
      <trkpt lat="44.698018" lon="5.484999">
        <ele>634.506448</ele>
        <time>2026-04-27T21:17:00.432Z</time>
      </trkpt>
      <trkpt lat="44.697738" lon="5.485356">
        <ele>628.922289</ele>
        <time>2026-04-27T21:17:14.677Z</time>
      </trkpt>
      <trkpt lat="44.697714" lon="5.485287">
        <ele>628.115379</ele>
        <time>2026-04-27T21:17:16.722Z</time>
      </trkpt>
      <trkpt lat="44.697805" lon="5.484963">
        <ele>624.470025</ele>
        <time>2026-04-27T21:17:26.098Z</time>
      </trkpt>
      <trkpt lat="44.697776" lon="5.484861">
        <ele>623.413266</ele>
        <time>2026-04-27T21:17:29.032Z</time>
      </trkpt>
      <trkpt lat="44.697688" lon="5.484949">
        <ele>621.653212</ele>
        <time>2026-04-27T21:17:33.877Z</time>
      </trkpt>
      <trkpt lat="44.697627" lon="5.484726">
        <ele>619.354716</ele>
        <time>2026-04-27T21:17:40.279Z</time>
      </trkpt>
      <trkpt lat="44.697557" lon="5.484792">
        <ele>617.871603</ele>
        <time>2026-04-27T21:17:44.402Z</time>
      </trkpt>
      <trkpt lat="44.697554" lon="5.484694">
        <ele>616.92802</ele>
        <time>2026-04-27T21:17:47.030Z</time>
      </trkpt>
      <trkpt lat="44.697423" lon="5.484663">
        <ele>615.130321</ele>
        <time>2026-04-27T21:17:52.058Z</time>
      </trkpt>
      <trkpt lat="44.697073" lon="5.484204">
        <ele>608.655013</ele>
        <time>2026-04-27T21:18:10.187Z</time>
      </trkpt>
      <trkpt lat="44.69666" lon="5.484265">
        <ele>603.014864</ele>
        <time>2026-04-27T21:18:25.965Z</time>
      </trkpt>
      <trkpt lat="44.696403" lon="5.484098">
        <ele>599.279694</ele>
        <time>2026-04-27T21:18:36.790Z</time>
      </trkpt>
      <trkpt lat="44.696106" lon="5.484689">
        <ele>592.95071</ele>
        <time>2026-04-27T21:18:53.497Z</time>
      </trkpt>
      <trkpt lat="44.695746" lon="5.484999">
        <ele>587.766852</ele>
        <time>2026-04-27T21:19:07.224Z</time>
      </trkpt>
      <trkpt lat="44.695559" lon="5.485058">
        <ele>585.415624</ele>
        <time>2026-04-27T21:19:13.401Z</time>
      </trkpt>
      <trkpt lat="44.694834" lon="5.485128">
        <ele>577.285204</ele>
        <time>2026-04-27T21:19:36.750Z</time>
      </trkpt>
      <trkpt lat="44.694506" lon="5.485235">
        <ele>574.80616</ele>
        <time>2026-04-27T21:19:47.588Z</time>
      </trkpt>
      <trkpt lat="44.694223" lon="5.485001">
        <ele>572.389235</ele>
        <time>2026-04-27T21:19:58.198Z</time>
      </trkpt>
      <trkpt lat="44.694245" lon="5.485335">
        <ele>570.63362</ele>
        <time>2026-04-27T21:20:06.169Z</time>
      </trkpt>
      <trkpt lat="44.693937" lon="5.485287">
        <ele>568.288683</ele>
        <time>2026-04-27T21:20:17.152Z</time>
      </trkpt>
      <trkpt lat="44.693268" lon="5.485447">
        <ele>568.986841</ele>
        <time>2026-04-27T21:20:46.178Z</time>
      </trkpt>
      <trkpt lat="44.693291" lon="5.485303">
        <ele>570.478506</ele>
        <time>2026-04-27T21:20:52.150Z</time>
      </trkpt>
      <trkpt lat="44.692987" lon="5.485272">
        <ele>574.813268</ele>
        <time>2026-04-27T21:21:15.292Z</time>
      </trkpt>
      <trkpt lat="44.692743" lon="5.485643">
        <ele>579.96522</ele>
        <time>2026-04-27T21:21:48.791Z</time>
      </trkpt>
      <trkpt lat="44.69261" lon="5.485545">
        <ele>582.099828</ele>
        <time>2026-04-27T21:22:03.979Z</time>
      </trkpt>
      <trkpt lat="44.69254" lon="5.485261">
        <ele>585.137833</ele>
        <time>2026-04-27T21:22:25.931Z</time>
      </trkpt>
      <trkpt lat="44.692455" lon="5.485375">
        <ele>586.807547</ele>
        <time>2026-04-27T21:22:41.321Z</time>
      </trkpt>
      <trkpt lat="44.692382" lon="5.485729">
        <ele>590.532905</ele>
        <time>2026-04-27T21:23:14.871Z</time>
      </trkpt>
      <trkpt lat="44.692344" lon="5.486475">
        <ele>596.495686</ele>
        <time>2026-04-27T21:24:14.167Z</time>
      </trkpt>
      <trkpt lat="44.692393" lon="5.488612">
        <ele>612.174457</ele>
        <time>2026-04-27T21:25:55.656Z</time>
      </trkpt>
      <trkpt lat="44.691784" lon="5.489931">
        <ele>618.599914</ele>
        <time>2026-04-27T21:26:59.324Z</time>
      </trkpt>
      <trkpt lat="44.69143" lon="5.490208">
        <ele>620.923248</ele>
        <time>2026-04-27T21:27:28.088Z</time>
      </trkpt>
      <trkpt lat="44.691242" lon="5.490248">
        <ele>623.282277</ele>
        <time>2026-04-27T21:27:43.629Z</time>
      </trkpt>
      <trkpt lat="44.690798" lon="5.490538">
        <ele>629.95954</ele>
        <time>2026-04-27T21:28:27.425Z</time>
      </trkpt>
      <trkpt lat="44.690354" lon="5.49095">
        <ele>637.161908</ele>
        <time>2026-04-27T21:29:17.596Z</time>
      </trkpt>
      <trkpt lat="44.690003" lon="5.491487">
        <ele>644.18408</ele>
        <time>2026-04-27T21:30:06.293Z</time>
      </trkpt>
      <trkpt lat="44.689729" lon="5.492055">
        <ele>651.786877</ele>
        <time>2026-04-27T21:30:52.974Z</time>
      </trkpt>
      <trkpt lat="44.689287" lon="5.492377">
        <ele>659.77926</ele>
        <time>2026-04-27T21:31:37.347Z</time>
      </trkpt>
      <trkpt lat="44.688661" lon="5.492452">
        <ele>669.867093</ele>
        <time>2026-04-27T21:32:38.283Z</time>
      </trkpt>
      <trkpt lat="44.688005" lon="5.492645">
        <ele>683.050692</ele>
        <time>2026-04-27T21:33:56.508Z</time>
      </trkpt>
      <trkpt lat="44.687509" lon="5.492892">
        <ele>694.741774</ele>
        <time>2026-04-27T21:35:04.959Z</time>
      </trkpt>
      <trkpt lat="44.6868" lon="5.493032">
        <ele>710.649729</ele>
        <time>2026-04-27T21:36:40.881Z</time>
      </trkpt>
      <trkpt lat="44.686281" lon="5.493407">
        <ele>724.872451</ele>
        <time>2026-04-27T21:38:00.014Z</time>
      </trkpt>
      <trkpt lat="44.685846" lon="5.49359">
        <ele>736.321073</ele>
        <time>2026-04-27T21:39:02.026Z</time>
      </trkpt>
      <trkpt lat="44.685419" lon="5.493493">
        <ele>747.227388</ele>
        <time>2026-04-27T21:40:02.101Z</time>
      </trkpt>
      <trkpt lat="44.684611" lon="5.493042">
        <ele>770.440057</ele>
        <time>2026-04-27T21:42:12.583Z</time>
      </trkpt>
      <trkpt lat="44.683985" lon="5.492216">
        <ele>795.025855</ele>
        <time>2026-04-27T21:44:30.171Z</time>
      </trkpt>
      <trkpt lat="44.683802" lon="5.491787">
        <ele>805.214238</ele>
        <time>2026-04-27T21:45:27.543Z</time>
      </trkpt>
      <trkpt lat="44.683444" lon="5.491465">
        <ele>815.998002</ele>
        <time>2026-04-27T21:46:36.479Z</time>
      </trkpt>
      <trkpt lat="44.683123" lon="5.491068">
        <ele>825.515596</ele>
        <time>2026-04-27T21:47:41.181Z</time>
      </trkpt>
      <trkpt lat="44.682505" lon="5.490972">
        <ele>839.359527</ele>
        <time>2026-04-27T21:49:07.035Z</time>
      </trkpt>
      <trkpt lat="44.680787" lon="5.490392">
        <ele>856.660212</ele>
        <time>2026-04-27T21:51:40.323Z</time>
      </trkpt>
      <trkpt lat="44.680462" lon="5.490464">
        <ele>858.114733</ele>
        <time>2026-04-27T21:51:54.021Z</time>
      </trkpt>
      <trkpt lat="44.680341" lon="5.490674">
        <ele>858.964393</ele>
        <time>2026-04-27T21:52:01.325Z</time>
      </trkpt>
      <trkpt lat="44.679722" lon="5.490422">
        <ele>846.499043</ele>
        <time>2026-04-27T21:52:25.486Z</time>
      </trkpt>
      <trkpt lat="44.679361" lon="5.490485">
        <ele>838.898843</ele>
        <time>2026-04-27T21:52:39.611Z</time>
      </trkpt>
      <trkpt lat="44.679093" lon="5.490343">
        <ele>832.915325</ele>
        <time>2026-04-27T21:52:50.627Z</time>
      </trkpt>
      <trkpt lat="44.678401" lon="5.490731">
        <ele>816.199774</ele>
        <time>2026-04-27T21:53:18.287Z</time>
      </trkpt>
      <trkpt lat="44.677718" lon="5.491442">
        <ele>793.573001</ele>
        <time>2026-04-27T21:53:50.584Z</time>
      </trkpt>
      <trkpt lat="44.67748" lon="5.490521">
        <ele>775.046337</ele>
        <time>2026-04-27T21:54:19.882Z</time>
      </trkpt>
      <trkpt lat="44.67704" lon="5.489521">
        <ele>760.020191</ele>
        <time>2026-04-27T21:54:54.156Z</time>
      </trkpt>
      <trkpt lat="44.676256" lon="5.489689">
        <ele>746.192423</ele>
        <time>2026-04-27T21:55:24.097Z</time>
      </trkpt>
      <trkpt lat="44.675623" lon="5.490856">
        <ele>745.842936</ele>
        <time>2026-04-27T21:56:27.490Z</time>
      </trkpt>
      <trkpt lat="44.675357" lon="5.491148">
        <ele>747.254604</ele>
        <time>2026-04-27T21:56:52.789Z</time>
      </trkpt>
      <trkpt lat="44.675351" lon="5.491552">
        <ele>748.456685</ele>
        <time>2026-04-27T21:57:11.860Z</time>
      </trkpt>
      <trkpt lat="44.675117" lon="5.491552">
        <ele>749.435593</ele>
        <time>2026-04-27T21:57:25.951Z</time>
      </trkpt>
      <trkpt lat="44.675011" lon="5.491836">
        <ele>749.45139</ele>
        <time>2026-04-27T21:57:38.352Z</time>
      </trkpt>
      <trkpt lat="44.674846" lon="5.491859">
        <ele>748.778121</ele>
        <time>2026-04-27T21:57:46.610Z</time>
      </trkpt>
      <trkpt lat="44.674819" lon="5.492083">
        <ele>748.122101</ele>
        <time>2026-04-27T21:57:54.212Z</time>
      </trkpt>
      <trkpt lat="44.674314" lon="5.491978">
        <ele>746.049246</ele>
        <time>2026-04-27T21:58:16.440Z</time>
      </trkpt>
      <trkpt lat="44.673367" lon="5.492816">
        <ele>740.69407</ele>
        <time>2026-04-27T21:59:01.676Z</time>
      </trkpt>
      <trkpt lat="44.673229" lon="5.493804">
        <ele>735.662252</ele>
        <time>2026-04-27T21:59:31.243Z</time>
      </trkpt>
      <trkpt lat="44.673091" lon="5.494028">
        <ele>734.181161</ele>
        <time>2026-04-27T21:59:40.163Z</time>
      </trkpt>
      <trkpt lat="44.672947" lon="5.494829">
        <ele>730.052255</ele>
        <time>2026-04-27T22:00:04.742Z</time>
      </trkpt>
      <trkpt lat="44.672894" lon="5.493377">
        <ele>722.42715</ele>
        <time>2026-04-27T22:00:46.609Z</time>
      </trkpt>
      <trkpt lat="44.673021" lon="5.492741">
        <ele>718.960751</ele>
        <time>2026-04-27T22:01:05.636Z</time>
      </trkpt>
      <trkpt lat="44.673137" lon="5.492573">
        <ele>717.732014</ele>
        <time>2026-04-27T22:01:12.454Z</time>
      </trkpt>
      <trkpt lat="44.672852" lon="5.492777">
        <ele>716.107166</ele>
        <time>2026-04-27T22:01:25.643Z</time>
      </trkpt>
      <trkpt lat="44.672559" lon="5.493206">
        <ele>714.715928</ele>
        <time>2026-04-27T22:01:43.500Z</time>
      </trkpt>
      <trkpt lat="44.672535" lon="5.493406">
        <ele>714.241522</ele>
        <time>2026-04-27T22:01:49.824Z</time>
      </trkpt>
      <trkpt lat="44.67239" lon="5.493606">
        <ele>713.573482</ele>
        <time>2026-04-27T22:01:58.985Z</time>
      </trkpt>
      <trkpt lat="44.672297" lon="5.494272">
        <ele>711.976521</ele>
        <time>2026-04-27T22:02:21.767Z</time>
      </trkpt>
      <trkpt lat="44.672135" lon="5.494529">
        <ele>711.173248</ele>
        <time>2026-04-27T22:02:33.605Z</time>
      </trkpt>
      <trkpt lat="44.672004" lon="5.494982">
        <ele>710.020172</ele>
        <time>2026-04-27T22:02:50.352Z</time>
      </trkpt>
      <trkpt lat="44.672277" lon="5.495297">
        <ele>708.844383</ele>
        <time>2026-04-27T22:03:06.871Z</time>
      </trkpt>
      <trkpt lat="44.67196" lon="5.495419">
        <ele>707.750112</ele>
        <time>2026-04-27T22:03:21.864Z</time>
      </trkpt>
      <trkpt lat="44.671626" lon="5.495799">
        <ele>706.306011</ele>
        <time>2026-04-27T22:03:40.874Z</time>
      </trkpt>
      <trkpt lat="44.671121" lon="5.496089">
        <ele>704.476163</ele>
        <time>2026-04-27T22:04:03.749Z</time>
      </trkpt>
      <trkpt lat="44.670842" lon="5.496628">
        <ele>702.826806</ele>
        <time>2026-04-27T22:04:23.329Z</time>
      </trkpt>
      <trkpt lat="44.670578" lon="5.496783">
        <ele>701.831524</ele>
        <time>2026-04-27T22:04:35.573Z</time>
      </trkpt>
      <trkpt lat="44.670445" lon="5.496742">
        <ele>701.357837</ele>
        <time>2026-04-27T22:04:41.552Z</time>
      </trkpt>
      <trkpt lat="44.670089" lon="5.49645">
        <ele>699.924033</ele>
        <time>2026-04-27T22:05:00.204Z</time>
      </trkpt>
      <trkpt lat="44.669919" lon="5.496195">
        <ele>699.050998</ele>
        <time>2026-04-27T22:05:10.300Z</time>
      </trkpt>
      <trkpt lat="44.669773" lon="5.496283">
        <ele>698.60183</ele>
        <time>2026-04-27T22:05:16.894Z</time>
      </trkpt>
      <trkpt lat="44.669581" lon="5.496287">
        <ele>699.775208</ele>
        <time>2026-04-27T22:05:26.693Z</time>
      </trkpt>
      <trkpt lat="44.669404" lon="5.496029">
        <ele>701.340038</ele>
        <time>2026-04-27T22:05:38.267Z</time>
      </trkpt>
      <trkpt lat="44.669053" lon="5.495869">
        <ele>703.550111</ele>
        <time>2026-04-27T22:05:56.617Z</time>
      </trkpt>
      <trkpt lat="44.668699" lon="5.49557">
        <ele>706.023574</ele>
        <time>2026-04-27T22:06:19.656Z</time>
      </trkpt>
      <trkpt lat="44.668447" lon="5.495508">
        <ele>707.555891</ele>
        <time>2026-04-27T22:06:35.396Z</time>
      </trkpt>
      <trkpt lat="44.668304" lon="5.495734">
        <ele>708.844463</ele>
        <time>2026-04-27T22:06:55.507Z</time>
      </trkpt>
      <trkpt lat="44.668329" lon="5.495881">
        <ele>709.858113</ele>
        <time>2026-04-27T22:07:05.989Z</time>
      </trkpt>
      <trkpt lat="44.668179" lon="5.496137">
        <ele>714.249472</ele>
        <time>2026-04-27T22:07:29.771Z</time>
      </trkpt>
      <trkpt lat="44.668102" lon="5.495967">
        <ele>716.88462</ele>
        <time>2026-04-27T22:07:44.591Z</time>
      </trkpt>
      <trkpt lat="44.668066" lon="5.495982">
        <ele>717.574886</ele>
        <time>2026-04-27T22:07:48.506Z</time>
      </trkpt>
      <trkpt lat="44.667907" lon="5.496278">
        <ele>722.424773</ele>
        <time>2026-04-27T22:08:17.130Z</time>
      </trkpt>
      <trkpt lat="44.66706" lon="5.496782">
        <ele>739.332861</ele>
        <time>2026-04-27T22:10:20.185Z</time>
      </trkpt>
      <trkpt lat="44.665982" lon="5.49807">
        <ele>781.07327</ele>
        <time>2026-04-27T22:15:21.990Z</time>
      </trkpt>
      <trkpt lat="44.665711" lon="5.499682">
        <ele>812.019592</ele>
        <time>2026-04-27T22:19:02.312Z</time>
      </trkpt>
      <trkpt lat="44.665557" lon="5.498968">
        <ele>823.819957</ele>
        <time>2026-04-27T22:20:15.704Z</time>
      </trkpt>
      <trkpt lat="44.665349" lon="5.498692">
        <ele>830.146642</ele>
        <time>2026-04-27T22:20:53.389Z</time>
      </trkpt>
      <trkpt lat="44.665241" lon="5.498659">
        <ele>832.576628</ele>
        <time>2026-04-27T22:21:07.453Z</time>
      </trkpt>
      <trkpt lat="44.665339" lon="5.499161">
        <ele>839.886084</ele>
        <time>2026-04-27T22:21:53.735Z</time>
      </trkpt>
      <trkpt lat="44.665244" lon="5.499789">
        <ele>847.2917</ele>
        <time>2026-04-27T22:22:48.589Z</time>
      </trkpt>
      <trkpt lat="44.664988" lon="5.499191">
        <ele>855.483841</ele>
        <time>2026-04-27T22:23:47.032Z</time>
      </trkpt>
      <trkpt lat="44.664571" lon="5.498796">
        <ele>863.616794</ele>
        <time>2026-04-27T22:24:42.582Z</time>
      </trkpt>
      <trkpt lat="44.664176" lon="5.498706">
        <ele>871.017407</ele>
        <time>2026-04-27T22:25:26.566Z</time>
      </trkpt>
      <trkpt lat="44.664366" lon="5.498984">
        <ele>876.655648</ele>
        <time>2026-04-27T22:25:58.244Z</time>
      </trkpt>
      <trkpt lat="44.664487" lon="5.499314">
        <ele>882.085097</ele>
        <time>2026-04-27T22:26:31.725Z</time>
      </trkpt>
      <trkpt lat="44.664572" lon="5.499917">
        <ele>891.07482</ele>
        <time>2026-04-27T22:27:35.156Z</time>
      </trkpt>
      <trkpt lat="44.664357" lon="5.499663">
        <ele>896.848866</ele>
        <time>2026-04-27T22:28:20.563Z</time>
      </trkpt>
      <trkpt lat="44.664132" lon="5.499516">
        <ele>901.950218</ele>
        <time>2026-04-27T22:29:02.526Z</time>
      </trkpt>
      <trkpt lat="44.664254" lon="5.499934">
        <ele>910.005883</ele>
        <time>2026-04-27T22:29:57.174Z</time>
      </trkpt>
      <trkpt lat="44.664259" lon="5.500282">
        <ele>916.757213</ele>
        <time>2026-04-27T22:30:40.870Z</time>
      </trkpt>
      <trkpt lat="44.66404" lon="5.499951">
        <ele>925.394755</ele>
        <time>2026-04-27T22:31:37.933Z</time>
      </trkpt>
      <trkpt lat="44.664054" lon="5.500275">
        <ele>931.542128</ele>
        <time>2026-04-27T22:32:18.680Z</time>
      </trkpt>
      <trkpt lat="44.663956" lon="5.500517">
        <ele>936.816054</ele>
        <time>2026-04-27T22:32:53.444Z</time>
      </trkpt>
      <trkpt lat="44.663755" lon="5.500701">
        <ele>943.202602</ele>
        <time>2026-04-27T22:33:36.233Z</time>
      </trkpt>
      <trkpt lat="44.663722" lon="5.501085">
        <ele>950.527902</ele>
        <time>2026-04-27T22:34:24.860Z</time>
      </trkpt>
      <trkpt lat="44.663562" lon="5.50132">
        <ele>956.608678</ele>
        <time>2026-04-27T22:35:04.929Z</time>
      </trkpt>
      <trkpt lat="44.66322" lon="5.501382">
        <ele>965.647434</ele>
        <time>2026-04-27T22:36:04.115Z</time>
      </trkpt>
      <trkpt lat="44.662497" lon="5.501711">
        <ele>985.616133</ele>
        <time>2026-04-27T22:38:14.211Z</time>
      </trkpt>
      <trkpt lat="44.661921" lon="5.502097">
        <ele>1001.690412</ele>
        <time>2026-04-27T22:40:03.118Z</time>
      </trkpt>
      <trkpt lat="44.661356" lon="5.502762">
        <ele>1017.601313</ele>
        <time>2026-04-27T22:42:04.532Z</time>
      </trkpt>
      <trkpt lat="44.661179" lon="5.502882">
        <ele>1021.833868</ele>
        <time>2026-04-27T22:42:34.843Z</time>
      </trkpt>
      <trkpt lat="44.66104" lon="5.503108">
        <ele>1026.411193</ele>
        <time>2026-04-27T22:43:06.646Z</time>
      </trkpt>
      <trkpt lat="44.661055" lon="5.503603">
        <ele>1034.001643</ele>
        <time>2026-04-27T22:43:55.699Z</time>
      </trkpt>
      <trkpt lat="44.660969" lon="5.504069">
        <ele>1037.566489</ele>
        <time>2026-04-27T22:44:34.444Z</time>
      </trkpt>
      <trkpt lat="44.660629" lon="5.504663">
        <ele>1037.972462</ele>
        <time>2026-04-27T22:45:15.933Z</time>
      </trkpt>
      <trkpt lat="44.660601" lon="5.504946">
        <ele>1038.124078</ele>
        <time>2026-04-27T22:45:26.659Z</time>
      </trkpt>
      <trkpt lat="44.660768" lon="5.505593">
        <ele>1038.489308</ele>
        <time>2026-04-27T22:46:01.416Z</time>
      </trkpt>
      <trkpt lat="44.661285" lon="5.506298">
        <ele>1038.042345</ele>
        <time>2026-04-27T22:46:50.597Z</time>
      </trkpt>
      <trkpt lat="44.660929" lon="5.5069">
        <ele>1036.854394</ele>
        <time>2026-04-27T22:47:17.454Z</time>
      </trkpt>
      <trkpt lat="44.66067" lon="5.507142">
        <ele>1036.190963</ele>
        <time>2026-04-27T22:47:34.970Z</time>
      </trkpt>
      <trkpt lat="44.658006" lon="5.508608">
        <ele>1044.091026</ele>
        <time>2026-04-27T22:50:48.665Z</time>
      </trkpt>
      <trkpt lat="44.657903" lon="5.508549">
        <ele>1044.485516</ele>
        <time>2026-04-27T22:50:55.854Z</time>
      </trkpt>
      <trkpt lat="44.657711" lon="5.508577">
        <ele>1045.170169</ele>
        <time>2026-04-27T22:51:08.243Z</time>
      </trkpt>
      <trkpt lat="44.657287" lon="5.508992">
        <ele>1047.006822</ele>
        <time>2026-04-27T22:51:41.360Z</time>
      </trkpt>
      <trkpt lat="44.656954" lon="5.509135">
        <ele>1048.241804</ele>
        <time>2026-04-27T22:52:03.751Z</time>
      </trkpt>
      <trkpt lat="44.656534" lon="5.509127">
        <ele>1050.002843</ele>
        <time>2026-04-27T22:52:31.502Z</time>
      </trkpt>
      <trkpt lat="44.656461" lon="5.509338">
        <ele>1050.765733</ele>
        <time>2026-04-27T22:52:42.987Z</time>
      </trkpt>
      <trkpt lat="44.656003" lon="5.509639">
        <ele>1053.076664</ele>
        <time>2026-04-27T22:53:18.776Z</time>
      </trkpt>
      <trkpt lat="44.655797" lon="5.509646">
        <ele>1054.01854</ele>
        <time>2026-04-27T22:53:33.367Z</time>
      </trkpt>
      <trkpt lat="44.655407" lon="5.509805">
        <ele>1055.881249</ele>
        <time>2026-04-27T22:54:01.758Z</time>
      </trkpt>
      <trkpt lat="44.655064" lon="5.510108">
        <ele>1057.529425</ele>
        <time>2026-04-27T22:54:29.653Z</time>
      </trkpt>
      <trkpt lat="44.654976" lon="5.510035">
        <ele>1057.864351</ele>
        <time>2026-04-27T22:54:36.424Z</time>
      </trkpt>
      <trkpt lat="44.654738" lon="5.510049">
        <ele>1058.64516</ele>
        <time>2026-04-27T22:54:52.273Z</time>
      </trkpt>
      <trkpt lat="44.654648" lon="5.510118">
        <ele>1058.981185</ele>
        <time>2026-04-27T22:54:59.182Z</time>
      </trkpt>
      <trkpt lat="44.65448" lon="5.510464">
        <ele>1059.96205</ele>
        <time>2026-04-27T22:55:19.254Z</time>
      </trkpt>
      <trkpt lat="44.654245" lon="5.510593">
        <ele>1060.788988</ele>
        <time>2026-04-27T22:55:35.545Z</time>
      </trkpt>
      <trkpt lat="44.65403" lon="5.510539">
        <ele>1061.504883</ele>
        <time>2026-04-27T22:55:49.195Z</time>
      </trkpt>
      <trkpt lat="44.653776" lon="5.510791">
        <ele>1062.529046</ele>
        <time>2026-04-27T22:56:08.433Z</time>
      </trkpt>
      <trkpt lat="44.653529" lon="5.510854">
        <ele>1063.217933</ele>
        <time>2026-04-27T22:56:24.084Z</time>
      </trkpt>
      <trkpt lat="44.653444" lon="5.510995">
        <ele>1063.509282</ele>
        <time>2026-04-27T22:56:32.031Z</time>
      </trkpt>
      <trkpt lat="44.653245" lon="5.511012">
        <ele>1063.951078</ele>
        <time>2026-04-27T22:56:44.129Z</time>
      </trkpt>
      <trkpt lat="44.653139" lon="5.511167">
        <ele>1064.290017</ele>
        <time>2026-04-27T22:56:53.598Z</time>
      </trkpt>
      <trkpt lat="44.65286" lon="5.511403">
        <ele>1065.040905</ele>
        <time>2026-04-27T22:57:14.617Z</time>
      </trkpt>
      <trkpt lat="44.652707" lon="5.511441">
        <ele>1065.385204</ele>
        <time>2026-04-27T22:57:24.088Z</time>
      </trkpt>
      <trkpt lat="44.651479" lon="5.512438">
        <ele>1069.612453</ele>
        <time>2026-04-27T22:58:53.650Z</time>
      </trkpt>
      <trkpt lat="44.651173" lon="5.512798">
        <ele>1071.084183</ele>
        <time>2026-04-27T22:59:20.067Z</time>
      </trkpt>
      <trkpt lat="44.650796" lon="5.51308">
        <ele>1072.659276</ele>
        <time>2026-04-27T22:59:49.119Z</time>
      </trkpt>
      <trkpt lat="44.650254" lon="5.513629">
        <ele>1075.23179</ele>
        <time>2026-04-27T23:00:36.626Z</time>
      </trkpt>
      <trkpt lat="44.649677" lon="5.514075">
        <ele>1077.825787</ele>
        <time>2026-04-27T23:01:22.408Z</time>
      </trkpt>
      <trkpt lat="44.64954" lon="5.514032">
        <ele>1078.378768</ele>
        <time>2026-04-27T23:01:31.553Z</time>
      </trkpt>
      <trkpt lat="44.649148" lon="5.514287">
        <ele>1080.080338</ele>
        <time>2026-04-27T23:01:57.968Z</time>
      </trkpt>
      <trkpt lat="44.649093" lon="5.514477">
        <ele>1080.732112</ele>
        <time>2026-04-27T23:02:06.207Z</time>
      </trkpt>
      <trkpt lat="44.648735" lon="5.514799">
        <ele>1085.606945</ele>
        <time>2026-04-27T23:02:33.061Z</time>
      </trkpt>
      <trkpt lat="44.648632" lon="5.515056">
        <ele>1087.99114</ele>
        <time>2026-04-27T23:02:49.775Z</time>
      </trkpt>
      <trkpt lat="44.648384" lon="5.515464">
        <ele>1092.432128</ele>
        <time>2026-04-27T23:03:25.184Z</time>
      </trkpt>
      <trkpt lat="44.648227" lon="5.515539">
        <ele>1094.31604</ele>
        <time>2026-04-27T23:03:42.297Z</time>
      </trkpt>
      <trkpt lat="44.647876" lon="5.515201">
        <ele>1099.149906</ele>
        <time>2026-04-27T23:04:26.015Z</time>
      </trkpt>
      <trkpt lat="44.647327" lon="5.515339">
        <ele>1111.21472</ele>
        <time>2026-04-27T23:05:38.196Z</time>
      </trkpt>
      <trkpt lat="44.646933" lon="5.515472">
        <ele>1121.800447</ele>
        <time>2026-04-27T23:06:39.403Z</time>
      </trkpt>
      <trkpt lat="44.646582" lon="5.515807">
        <ele>1132.884197</ele>
        <time>2026-04-27T23:07:41.521Z</time>
      </trkpt>
      <trkpt lat="44.646227" lon="5.516">
        <ele>1142.791871</ele>
        <time>2026-04-27T23:08:39.110Z</time>
      </trkpt>
      <trkpt lat="44.644895" lon="5.516274">
        <ele>1182.163754</ele>
        <time>2026-04-27T23:12:32.499Z</time>
      </trkpt>
      <trkpt lat="44.644716" lon="5.516349">
        <ele>1187.712213</ele>
        <time>2026-04-27T23:13:05.995Z</time>
      </trkpt>
      <trkpt lat="44.644452" lon="5.516483">
        <ele>1196.050078</ele>
        <time>2026-04-27T23:13:54.955Z</time>
      </trkpt>
      <trkpt lat="44.644078" lon="5.516961">
        <ele>1204.957486</ele>
        <time>2026-04-27T23:15:05.052Z</time>
      </trkpt>
      <trkpt lat="44.64364" lon="5.517116">
        <ele>1209.956882</ele>
        <time>2026-04-27T23:15:49.504Z</time>
      </trkpt>
      <trkpt lat="44.643577" lon="5.517053">
        <ele>1210.812699</ele>
        <time>2026-04-27T23:15:56.284Z</time>
      </trkpt>
      <trkpt lat="44.64308" lon="5.517947">
        <ele>1219.767691</ele>
        <time>2026-04-27T23:16:44.988Z</time>
      </trkpt>
      <trkpt lat="44.642721" lon="5.518982">
        <ele>1216.301423</ele>
        <time>2026-04-27T23:17:19.829Z</time>
      </trkpt>
      <trkpt lat="44.642361" lon="5.521007">
        <ele>1203.958721</ele>
        <time>2026-04-27T23:18:18.203Z</time>
      </trkpt>
      <trkpt lat="44.64246" lon="5.521252">
        <ele>1201.583555</ele>
        <time>2026-04-27T23:18:25.855Z</time>
      </trkpt>
      <trkpt lat="44.64257" lon="5.521338">
        <ele>1200.092205</ele>
        <time>2026-04-27T23:18:30.658Z</time>
      </trkpt>
      <trkpt lat="44.641998" lon="5.522005">
        <ele>1191.286292</ele>
        <time>2026-04-27T23:18:58.888Z</time>
      </trkpt>
      <trkpt lat="44.641098" lon="5.522375">
        <ele>1175.706928</ele>
        <time>2026-04-27T23:19:34.330Z</time>
      </trkpt>
      <trkpt lat="44.640337" lon="5.522959">
        <ele>1158.804225</ele>
        <time>2026-04-27T23:20:06.651Z</time>
      </trkpt>
      <trkpt lat="44.639902" lon="5.523714">
        <ele>1143.08978</ele>
        <time>2026-04-27T23:20:33.561Z</time>
      </trkpt>
      <trkpt lat="44.639442" lon="5.524199">
        <ele>1128.138112</ele>
        <time>2026-04-27T23:20:56.631Z</time>
      </trkpt>
      <trkpt lat="44.639014" lon="5.524154">
        <ele>1116.978897</ele>
        <time>2026-04-27T23:21:13.869Z</time>
      </trkpt>
      <trkpt lat="44.637837" lon="5.523148">
        <ele>1085.351711</ele>
        <time>2026-04-27T23:22:05.851Z</time>
      </trkpt>
      <trkpt lat="44.6356" lon="5.519959">
        <ele>1021.927287</ele>
        <time>2026-04-27T23:24:04.777Z</time>
      </trkpt>
      <trkpt lat="44.635076" lon="5.519546">
        <ele>1011.28378</ele>
        <time>2026-04-27T23:24:27.516Z</time>
      </trkpt>
      <trkpt lat="44.635299" lon="5.519069">
        <ele>1004.088803</ele>
        <time>2026-04-27T23:24:42.745Z</time>
      </trkpt>
      <trkpt lat="44.635311" lon="5.518629">
        <ele>998.267771</ele>
        <time>2026-04-27T23:24:54.451Z</time>
      </trkpt>
      <trkpt lat="44.634884" lon="5.518872">
        <ele>986.869691</ele>
        <time>2026-04-27T23:25:11.594Z</time>
      </trkpt>
      <trkpt lat="44.634424" lon="5.518494">
        <ele>973.685544</ele>
        <time>2026-04-27T23:25:32.376Z</time>
      </trkpt>
      <trkpt lat="44.633823" lon="5.518216">
        <ele>958.030966</ele>
        <time>2026-04-27T23:25:58.454Z</time>
      </trkpt>
      <trkpt lat="44.63306" lon="5.51802">
        <ele>940.780843</ele>
        <time>2026-04-27T23:26:27.740Z</time>
      </trkpt>
      <trkpt lat="44.632992" lon="5.518063">
        <ele>939.161409</ele>
        <time>2026-04-27T23:26:30.533Z</time>
      </trkpt>
      <trkpt lat="44.632947" lon="5.518351">
        <ele>934.604416</ele>
        <time>2026-04-27T23:26:38.335Z</time>
      </trkpt>
      <trkpt lat="44.632881" lon="5.518345">
        <ele>933.168056</ele>
        <time>2026-04-27T23:26:40.800Z</time>
      </trkpt>
      <trkpt lat="44.632778" lon="5.518116">
        <ele>928.981251</ele>
        <time>2026-04-27T23:26:47.980Z</time>
      </trkpt>
      <trkpt lat="44.632659" lon="5.518081">
        <ele>926.340852</ele>
        <time>2026-04-27T23:26:52.505Z</time>
      </trkpt>
      <trkpt lat="44.63234" lon="5.518422">
        <ele>917.636246</ele>
        <time>2026-04-27T23:27:07.496Z</time>
      </trkpt>
      <trkpt lat="44.631984" lon="5.518447">
        <ele>910.747836</ele>
        <time>2026-04-27T23:27:20.797Z</time>
      </trkpt>
      <trkpt lat="44.631024" lon="5.519139">
        <ele>890.784645</ele>
        <time>2026-04-27T23:28:01.087Z</time>
      </trkpt>
      <trkpt lat="44.63069" lon="5.519568">
        <ele>882.412099</ele>
        <time>2026-04-27T23:28:18.002Z</time>
      </trkpt>
      <trkpt lat="44.629959" lon="5.520026">
        <ele>874.211678</ele>
        <time>2026-04-27T23:28:48.263Z</time>
      </trkpt>
      <trkpt lat="44.630104" lon="5.520518">
        <ele>870.336539</ele>
        <time>2026-04-27T23:29:03.339Z</time>
      </trkpt>
      <trkpt lat="44.630762" lon="5.522037">
        <ele>858.313947</ele>
        <time>2026-04-27T23:29:49.994Z</time>
      </trkpt>
      <trkpt lat="44.63075" lon="5.522158">
        <ele>857.557567</ele>
        <time>2026-04-27T23:29:53.039Z</time>
      </trkpt>
      <trkpt lat="44.630203" lon="5.522019">
        <ele>852.676799</ele>
        <time>2026-04-27T23:30:11.982Z</time>
      </trkpt>
      <trkpt lat="44.629384" lon="5.521847">
        <ele>843.73733</ele>
        <time>2026-04-27T23:30:38.652Z</time>
      </trkpt>
      <trkpt lat="44.629067" lon="5.522139">
        <ele>838.440815</ele>
        <time>2026-04-27T23:30:50.771Z</time>
      </trkpt>
      <trkpt lat="44.628953" lon="5.522407">
        <ele>835.336296</ele>
        <time>2026-04-27T23:30:57.888Z</time>
      </trkpt>
      <trkpt lat="44.628858" lon="5.522461">
        <ele>833.904494</ele>
        <time>2026-04-27T23:31:01.154Z</time>
      </trkpt>
      <trkpt lat="44.628776" lon="5.52242">
        <ele>832.688443</ele>
        <time>2026-04-27T23:31:03.937Z</time>
      </trkpt>
      <trkpt lat="44.628476" lon="5.522503">
        <ele>828.416455</ele>
        <time>2026-04-27T23:31:13.768Z</time>
      </trkpt>
      <trkpt lat="44.62812" lon="5.522675">
        <ele>823.167395</ele>
        <time>2026-04-27T23:31:25.861Z</time>
      </trkpt>
      <trkpt lat="44.627593" lon="5.522634">
        <ele>817.394017</ele>
        <time>2026-04-27T23:31:42.879Z</time>
      </trkpt>
      <trkpt lat="44.627367" lon="5.522746">
        <ele>814.752732</ele>
        <time>2026-04-27T23:31:50.674Z</time>
      </trkpt>
      <trkpt lat="44.62716" lon="5.523044">
        <ele>811.513766</ele>
        <time>2026-04-27T23:32:00.363Z</time>
      </trkpt>
      <trkpt lat="44.625648" lon="5.521939">
        <ele>795.999051</ele>
        <time>2026-04-27T23:32:58.414Z</time>
      </trkpt>
      <trkpt lat="44.624788" lon="5.520087">
        <ele>784.575171</ele>
        <time>2026-04-27T23:33:53.570Z</time>
      </trkpt>
      <trkpt lat="44.6242" lon="5.518005">
        <ele>773.963859</ele>
        <time>2026-04-27T23:34:49.929Z</time>
      </trkpt>
      <trkpt lat="44.62334" lon="5.51745">
        <ele>767.905174</ele>
        <time>2026-04-27T23:35:23.549Z</time>
      </trkpt>
      <trkpt lat="44.621661" lon="5.514754">
        <ele>754.806428</ele>
        <time>2026-04-27T23:36:55.830Z</time>
      </trkpt>
      <trkpt lat="44.620605" lon="5.515901">
        <ele>751.301079</ele>
        <time>2026-04-27T23:37:56.578Z</time>
      </trkpt>
      <trkpt lat="44.6205" lon="5.515887">
        <ele>751.68446</ele>
        <time>2026-04-27T23:38:01.633Z</time>
      </trkpt>
      <trkpt lat="44.619914" lon="5.514858">
        <ele>755.688758</ele>
        <time>2026-04-27T23:38:51.948Z</time>
      </trkpt>
      <trkpt lat="44.619706" lon="5.51475">
        <ele>756.642262</ele>
        <time>2026-04-27T23:39:05.682Z</time>
      </trkpt>
      <trkpt lat="44.619635" lon="5.514504">
        <ele>757.447834</ele>
        <time>2026-04-27T23:39:17.775Z</time>
      </trkpt>
      <trkpt lat="44.61954" lon="5.514434">
        <ele>757.905192</ele>
        <time>2026-04-27T23:39:24.886Z</time>
      </trkpt>
      <trkpt lat="44.619375" lon="5.514525">
        <ele>758.660932</ele>
        <time>2026-04-27T23:39:36.899Z</time>
      </trkpt>
      <trkpt lat="44.618973" lon="5.515045">
        <ele>766.526298</ele>
        <time>2026-04-27T23:40:18.516Z</time>
      </trkpt>
      <trkpt lat="44.618837" lon="5.515094">
        <ele>768.74415</ele>
        <time>2026-04-27T23:40:30.852Z</time>
      </trkpt>
      <trkpt lat="44.618323" lon="5.514459">
        <ele>779.556336</ele>
        <time>2026-04-27T23:41:39.392Z</time>
      </trkpt>
      <trkpt lat="44.61763" lon="5.514042">
        <ele>793.637158</ele>
        <time>2026-04-27T23:43:13.013Z</time>
      </trkpt>
      <trkpt lat="44.617539" lon="5.513874">
        <ele>797.245259</ele>
        <time>2026-04-27T23:43:34.265Z</time>
      </trkpt>
      <trkpt lat="44.617346" lon="5.513736">
        <ele>802.444995</ele>
        <time>2026-04-27T23:44:06.577Z</time>
      </trkpt>
      <trkpt lat="44.617223" lon="5.513439">
        <ele>808.317676</ele>
        <time>2026-04-27T23:44:44.309Z</time>
      </trkpt>
      <trkpt lat="44.617232" lon="5.513133">
        <ele>813.552022</ele>
        <time>2026-04-27T23:45:15.757Z</time>
      </trkpt>
      <trkpt lat="44.617125" lon="5.51296">
        <ele>817.469027</ele>
        <time>2026-04-27T23:45:38.391Z</time>
      </trkpt>
      <trkpt lat="44.616647" lon="5.513162">
        <ele>829.454126</ele>
        <time>2026-04-27T23:46:44.539Z</time>
      </trkpt>
      <trkpt lat="44.61654" lon="5.513269">
        <ele>832.390559</ele>
        <time>2026-04-27T23:47:01.330Z</time>
      </trkpt>
      <trkpt lat="44.616365" lon="5.512937">
        <ele>838.708712</ele>
        <time>2026-04-27T23:47:37.260Z</time>
      </trkpt>
      <trkpt lat="44.615861" lon="5.512551">
        <ele>851.042062</ele>
        <time>2026-04-27T23:48:44.097Z</time>
      </trkpt>
      <trkpt lat="44.615579" lon="5.512224">
        <ele>859.046249</ele>
        <time>2026-04-27T23:49:27.610Z</time>
      </trkpt>
      <trkpt lat="44.615335" lon="5.511755">
        <ele>867.930772</ele>
        <time>2026-04-27T23:50:21.586Z</time>
      </trkpt>
      <trkpt lat="44.615064" lon="5.511845">
        <ele>873.555218</ele>
        <time>2026-04-27T23:50:59.044Z</time>
      </trkpt>
      <trkpt lat="44.614465" lon="5.511517">
        <ele>886.392896</ele>
        <time>2026-04-27T23:52:23.670Z</time>
      </trkpt>
      <trkpt lat="44.614047" lon="5.511591">
        <ele>894.757978</ele>
        <time>2026-04-27T23:53:12.292Z</time>
      </trkpt>
      <trkpt lat="44.613913" lon="5.511843">
        <ele>899.333582</ele>
        <time>2026-04-27T23:53:36.011Z</time>
      </trkpt>
      <trkpt lat="44.613974" lon="5.512036">
        <ele>902.318228</ele>
        <time>2026-04-27T23:53:50.650Z</time>
      </trkpt>
      <trkpt lat="44.61428" lon="5.512089">
        <ele>907.88844</ele>
        <time>2026-04-27T23:54:18.943Z</time>
      </trkpt>
      <trkpt lat="44.614311" lon="5.512304">
        <ele>910.505898</ele>
        <time>2026-04-27T23:54:32.979Z</time>
      </trkpt>
      <trkpt lat="44.61399" lon="5.512422">
        <ele>916.067612</ele>
        <time>2026-04-27T23:55:02.183Z</time>
      </trkpt>
      <trkpt lat="44.612997" lon="5.511424">
        <ele>936.748303</ele>
        <time>2026-04-27T23:57:08.219Z</time>
      </trkpt>
      <trkpt lat="44.612813" lon="5.510505">
        <ele>949.789091</ele>
        <time>2026-04-27T23:58:37.147Z</time>
      </trkpt>
      <trkpt lat="44.612713" lon="5.510506">
        <ele>951.708061</ele>
        <time>2026-04-27T23:58:49.407Z</time>
      </trkpt>
      <trkpt lat="44.612686" lon="5.510928">
        <ele>957.495913</ele>
        <time>2026-04-27T23:59:24.951Z</time>
      </trkpt>
      <trkpt lat="44.612561" lon="5.511794">
        <ele>969.678627</ele>
        <time>2026-04-28T00:00:31.743Z</time>
      </trkpt>
      <trkpt lat="44.612762" lon="5.512856">
        <ele>980.070538</ele>
        <time>2026-04-28T00:01:43.082Z</time>
      </trkpt>
      <trkpt lat="44.612925" lon="5.513309">
        <ele>984.870564</ele>
        <time>2026-04-28T00:02:14.688Z</time>
      </trkpt>
      <trkpt lat="44.612183" lon="5.512763">
        <ele>994.481967</ele>
        <time>2026-04-28T00:03:26.144Z</time>
      </trkpt>
      <trkpt lat="44.611813" lon="5.512309">
        <ele>997.114499</ele>
        <time>2026-04-28T00:04:00.300Z</time>
      </trkpt>
      <trkpt lat="44.611711" lon="5.511998">
        <ele>998.420707</ele>
        <time>2026-04-28T00:04:15.002Z</time>
      </trkpt>
      <trkpt lat="44.6116" lon="5.511906">
        <ele>999.111323</ele>
        <time>2026-04-28T00:04:22.200Z</time>
      </trkpt>
      <trkpt lat="44.611216" lon="5.512056">
        <ele>1001.24708</ele>
        <time>2026-04-28T00:04:42.705Z</time>
      </trkpt>
      <trkpt lat="44.610429" lon="5.51283">
        <ele>1004.83304</ele>
        <time>2026-04-28T00:05:30.482Z</time>
      </trkpt>
      <trkpt lat="44.610371" lon="5.513124">
        <ele>1005.445951</ele>
        <time>2026-04-28T00:05:42.058Z</time>
      </trkpt>
      <trkpt lat="44.610427" lon="5.513896">
        <ele>1007.004942</ele>
        <time>2026-04-28T00:06:12.797Z</time>
      </trkpt>
      <trkpt lat="44.610348" lon="5.514198">
        <ele>1007.651329</ele>
        <time>2026-04-28T00:06:26.051Z</time>
      </trkpt>
      <trkpt lat="44.610205" lon="5.514414">
        <ele>1008.318565</ele>
        <time>2026-04-28T00:06:38.493Z</time>
      </trkpt>
      <trkpt lat="44.609988" lon="5.51541">
        <ele>1012.552108</ele>
        <time>2026-04-28T00:07:22.277Z</time>
      </trkpt>
      <trkpt lat="44.61005" lon="5.516311">
        <ele>1016.231261</ele>
        <time>2026-04-28T00:08:01.046Z</time>
      </trkpt>
      <trkpt lat="44.60994" lon="5.517057">
        <ele>1019.439918</ele>
        <time>2026-04-28T00:08:37.138Z</time>
      </trkpt>
      <trkpt lat="44.609979" lon="5.517843">
        <ele>1023.047104</ele>
        <time>2026-04-28T00:09:16.956Z</time>
      </trkpt>
      <trkpt lat="44.609909" lon="5.51788">
        <ele>1023.528084</ele>
        <time>2026-04-28T00:09:22.110Z</time>
      </trkpt>
      <trkpt lat="44.609552" lon="5.517426">
        <ele>1026.644019</ele>
        <time>2026-04-28T00:09:54.281Z</time>
      </trkpt>
      <trkpt lat="44.609465" lon="5.51671">
        <ele>1029.979759</ele>
        <time>2026-04-28T00:10:24.702Z</time>
      </trkpt>
      <trkpt lat="44.609176" lon="5.515905">
        <ele>1033.489888</ele>
        <time>2026-04-28T00:10:57.759Z</time>
      </trkpt>
      <trkpt lat="44.608955" lon="5.514953">
        <ele>1037.383941</ele>
        <time>2026-04-28T00:11:37.958Z</time>
      </trkpt>
      <trkpt lat="44.608907" lon="5.514951">
        <ele>1037.646259</ele>
        <time>2026-04-28T00:11:40.911Z</time>
      </trkpt>
      <trkpt lat="44.608826" lon="5.515997">
        <ele>1046.050293</ele>
        <time>2026-04-28T00:12:39.283Z</time>
      </trkpt>
      <trkpt lat="44.608871" lon="5.51709">
        <ele>1059.880943</ele>
        <time>2026-04-28T00:14:02.852Z</time>
      </trkpt>
      <trkpt lat="44.608791" lon="5.517245">
        <ele>1062.299464</ele>
        <time>2026-04-28T00:14:19.878Z</time>
      </trkpt>
      <trkpt lat="44.608655" lon="5.517332">
        <ele>1064.951219</ele>
        <time>2026-04-28T00:14:39.191Z</time>
      </trkpt>
      <trkpt lat="44.608503" lon="5.517207">
        <ele>1068.07666</ele>
        <time>2026-04-28T00:15:01.851Z</time>
      </trkpt>
      <trkpt lat="44.608292" lon="5.517181">
        <ele>1071.855415</ele>
        <time>2026-04-28T00:15:29.469Z</time>
      </trkpt>
      <trkpt lat="44.608088" lon="5.517346">
        <ele>1077.006935</ele>
        <time>2026-04-28T00:16:00.397Z</time>
      </trkpt>
      <trkpt lat="44.607952" lon="5.517934">
        <ele>1086.639126</ele>
        <time>2026-04-28T00:16:58.696Z</time>
      </trkpt>
      <trkpt lat="44.607788" lon="5.51942">
        <ele>1110.067138</ele>
        <time>2026-04-28T00:19:13.476Z</time>
      </trkpt>
      <trkpt lat="44.607824" lon="5.519976">
        <ele>1118.377298</ele>
        <time>2026-04-28T00:20:00.517Z</time>
      </trkpt>
      <trkpt lat="44.607752" lon="5.520697">
        <ele>1129.145496</ele>
        <time>2026-04-28T00:21:00.539Z</time>
      </trkpt>
      <trkpt lat="44.607475" lon="5.52116">
        <ele>1138.090332</ele>
        <time>2026-04-28T00:21:52.564Z</time>
      </trkpt>
      <trkpt lat="44.607275" lon="5.521722">
        <ele>1147.383159</ele>
        <time>2026-04-28T00:22:48.553Z</time>
      </trkpt>
      <trkpt lat="44.607034" lon="5.521238">
        <ele>1154.916888</ele>
        <time>2026-04-28T00:23:40.647Z</time>
      </trkpt>
      <trkpt lat="44.606611" lon="5.520126">
        <ele>1170.631693</ele>
        <time>2026-04-28T00:25:18.500Z</time>
      </trkpt>
      <trkpt lat="44.606321" lon="5.519564">
        <ele>1179.283187</ele>
        <time>2026-04-28T00:26:04.234Z</time>
      </trkpt>
      <trkpt lat="44.605885" lon="5.519109">
        <ele>1182.729298</ele>
        <time>2026-04-28T00:26:49.998Z</time>
      </trkpt>
      <trkpt lat="44.605611" lon="5.518951">
        <ele>1184.352684</ele>
        <time>2026-04-28T00:27:10.444Z</time>
      </trkpt>
      <trkpt lat="44.604981" lon="5.518392">
        <ele>1188.436908</ele>
        <time>2026-04-28T00:27:50.853Z</time>
      </trkpt>
      <trkpt lat="44.604575" lon="5.517802">
        <ele>1187.148775</ele>
        <time>2026-04-28T00:28:17.612Z</time>
      </trkpt>
      <trkpt lat="44.604464" lon="5.517795">
        <ele>1186.250936</ele>
        <time>2026-04-28T00:28:22.342Z</time>
      </trkpt>
      <trkpt lat="44.604367" lon="5.517252">
        <ele>1183.030191</ele>
        <time>2026-04-28T00:28:38.585Z</time>
      </trkpt>
      <trkpt lat="44.604276" lon="5.517177">
        <ele>1182.177622</ele>
        <time>2026-04-28T00:28:42.716Z</time>
      </trkpt>
      <trkpt lat="44.604222" lon="5.517693">
        <ele>1179.177134</ele>
        <time>2026-04-28T00:28:56.875Z</time>
      </trkpt>
      <trkpt lat="44.604024" lon="5.516784">
        <ele>1172.626292</ele>
        <time>2026-04-28T00:29:22.570Z</time>
      </trkpt>
      <trkpt lat="44.603604" lon="5.518846">
        <ele>1151.848093</ele>
        <time>2026-04-28T00:30:20.310Z</time>
      </trkpt>
      <trkpt lat="44.603309" lon="5.519879">
        <ele>1137.606707</ele>
        <time>2026-04-28T00:30:50.154Z</time>
      </trkpt>
      <trkpt lat="44.602475" lon="5.521396">
        <ele>1111.346771</ele>
        <time>2026-04-28T00:31:41.256Z</time>
      </trkpt>
      <trkpt lat="44.60206" lon="5.521727">
        <ele>1100.699269</ele>
        <time>2026-04-28T00:31:59.667Z</time>
      </trkpt>
      <trkpt lat="44.601588" lon="5.52232">
        <ele>1086.570519</ele>
        <time>2026-04-28T00:32:23.460Z</time>
      </trkpt>
      <trkpt lat="44.601395" lon="5.522968">
        <ele>1076.019384</ele>
        <time>2026-04-28T00:32:42.107Z</time>
      </trkpt>
      <trkpt lat="44.601339" lon="5.522968">
        <ele>1075.127677</ele>
        <time>2026-04-28T00:32:44.224Z</time>
      </trkpt>
      <trkpt lat="44.601216" lon="5.522702">
        <ele>1071.531701</ele>
        <time>2026-04-28T00:32:52.694Z</time>
      </trkpt>
      <trkpt lat="44.601155" lon="5.522725">
        <ele>1070.525983</ele>
        <time>2026-04-28T00:32:55.029Z</time>
      </trkpt>
      <trkpt lat="44.601067" lon="5.523142">
        <ele>1065.594908</ele>
        <time>2026-04-28T00:33:06.668Z</time>
      </trkpt>
      <trkpt lat="44.600727" lon="5.523564">
        <ele>1058.369805</ele>
        <time>2026-04-28T00:33:23.742Z</time>
      </trkpt>
      <trkpt lat="44.600571" lon="5.523629">
        <ele>1055.778751</ele>
        <time>2026-04-28T00:33:29.888Z</time>
      </trkpt>
      <trkpt lat="44.600123" lon="5.524177">
        <ele>1047.921815</ele>
        <time>2026-04-28T00:33:52.337Z</time>
      </trkpt>
      <trkpt lat="44.599834" lon="5.524433">
        <ele>1045.871202</ele>
        <time>2026-04-28T00:34:05.489Z</time>
      </trkpt>
      <trkpt lat="44.599658" lon="5.524707">
        <ele>1044.294291</ele>
        <time>2026-04-28T00:34:15.976Z</time>
      </trkpt>
      <trkpt lat="44.59926" lon="5.525604">
        <ele>1039.773422</ele>
        <time>2026-04-28T00:34:49.021Z</time>
      </trkpt>
      <trkpt lat="44.599153" lon="5.525658">
        <ele>1039.091057</ele>
        <time>2026-04-28T00:34:54.467Z</time>
      </trkpt>
      <trkpt lat="44.598871" lon="5.526302">
        <ele>1038.447372</ele>
        <time>2026-04-28T00:35:23.062Z</time>
      </trkpt>
      <trkpt lat="44.598923" lon="5.526766">
        <ele>1038.761922</ele>
        <time>2026-04-28T00:35:41.525Z</time>
      </trkpt>
      <trkpt lat="44.598669" lon="5.527732">
        <ele>1039.452754</ele>
        <time>2026-04-28T00:36:15.818Z</time>
      </trkpt>
      <trkpt lat="44.598674" lon="5.528376">
        <ele>1039.207454</ele>
        <time>2026-04-28T00:36:34.138Z</time>
      </trkpt>
      <trkpt lat="44.598596" lon="5.528484">
        <ele>1038.581337</ele>
        <time>2026-04-28T00:36:38.300Z</time>
      </trkpt>
      <trkpt lat="44.598162" lon="5.528477">
        <ele>1036.093353</ele>
        <time>2026-04-28T00:36:54.379Z</time>
      </trkpt>
      <trkpt lat="44.598064" lon="5.528357">
        <ele>1035.348995</ele>
        <time>2026-04-28T00:36:59.052Z</time>
      </trkpt>
      <trkpt lat="44.597903" lon="5.527924">
        <ele>1033.327929</ele>
        <time>2026-04-28T00:37:11.511Z</time>
      </trkpt>
      <trkpt lat="44.597778" lon="5.527911">
        <ele>1032.591997</ele>
        <time>2026-04-28T00:37:16.011Z</time>
      </trkpt>
      <trkpt lat="44.597625" lon="5.528447">
        <ele>1030.177146</ele>
        <time>2026-04-28T00:37:30.518Z</time>
      </trkpt>
      <trkpt lat="44.59722" lon="5.528892">
        <ele>1026.409532</ele>
        <time>2026-04-28T00:37:48.250Z</time>
      </trkpt>
      <trkpt lat="44.59724" lon="5.529073">
        <ele>1025.410899</ele>
        <time>2026-04-28T00:37:52.709Z</time>
      </trkpt>
      <trkpt lat="44.596627" lon="5.5295">
        <ele>1020.171679</ele>
        <time>2026-04-28T00:38:16.043Z</time>
      </trkpt>
      <trkpt lat="44.596608" lon="5.529633">
        <ele>1019.432099</ele>
        <time>2026-04-28T00:38:19.338Z</time>
      </trkpt>
      <trkpt lat="44.596244" lon="5.5297">
        <ele>1016.621211</ele>
        <time>2026-04-28T00:38:31.938Z</time>
      </trkpt>
      <trkpt lat="44.59546" lon="5.530374">
        <ele>1014.479584</ele>
        <time>2026-04-28T00:39:06.185Z</time>
      </trkpt>
      <trkpt lat="44.594889" lon="5.530707">
        <ele>1013.513952</ele>
        <time>2026-04-28T00:39:31.768Z</time>
      </trkpt>
      <trkpt lat="44.59468" lon="5.531125">
        <ele>1012.941097</ele>
        <time>2026-04-28T00:39:47.924Z</time>
      </trkpt>
      <trkpt lat="44.594573" lon="5.531707">
        <ele>1014.165519</ele>
        <time>2026-04-28T00:40:07.690Z</time>
      </trkpt>
      <trkpt lat="44.594298" lon="5.532421">
        <ele>1015.872258</ele>
        <time>2026-04-28T00:40:34.603Z</time>
      </trkpt>
      <trkpt lat="44.593962" lon="5.532823">
        <ele>1017.17042</ele>
        <time>2026-04-28T00:40:54.808Z</time>
      </trkpt>
      <trkpt lat="44.593755" lon="5.53344">
        <ele>1018.459703</ele>
        <time>2026-04-28T00:41:17.806Z</time>
      </trkpt>
      <trkpt lat="44.593362" lon="5.534202">
        <ele>1019.714242</ele>
        <time>2026-04-28T00:41:50.300Z</time>
      </trkpt>
      <trkpt lat="44.592781" lon="5.535114">
        <ele>1021.349851</ele>
        <time>2026-04-28T00:42:28.486Z</time>
      </trkpt>
      <trkpt lat="44.592692" lon="5.535525">
        <ele>1020.403216</ele>
        <time>2026-04-28T00:42:40.488Z</time>
      </trkpt>
      <trkpt lat="44.592266" lon="5.53653">
        <ele>1014.962756</ele>
        <time>2026-04-28T00:43:10.502Z</time>
      </trkpt>
      <trkpt lat="44.591739" lon="5.537211">
        <ele>1010.258853</ele>
        <time>2026-04-28T00:43:34.579Z</time>
      </trkpt>
      <trkpt lat="44.591598" lon="5.537554">
        <ele>1007.85523</ele>
        <time>2026-04-28T00:43:43.948Z</time>
      </trkpt>
      <trkpt lat="44.591632" lon="5.537887">
        <ele>1005.621757</ele>
        <time>2026-04-28T00:43:52.108Z</time>
      </trkpt>
      <trkpt lat="44.591529" lon="5.538145">
        <ele>1003.621051</ele>
        <time>2026-04-28T00:43:59.416Z</time>
      </trkpt>
      <trkpt lat="44.591308" lon="5.538155">
        <ele>1001.534157</ele>
        <time>2026-04-28T00:44:07.109Z</time>
      </trkpt>
      <trkpt lat="44.590945" lon="5.537914">
        <ele>997.864743</ele>
        <time>2026-04-28T00:44:20.683Z</time>
      </trkpt>
      <trkpt lat="44.590622" lon="5.538">
        <ele>994.827065</ele>
        <time>2026-04-28T00:44:31.990Z</time>
      </trkpt>
      <trkpt lat="44.590171" lon="5.538483">
        <ele>990.626529</ele>
        <time>2026-04-28T00:44:51.389Z</time>
      </trkpt>
      <trkpt lat="44.589717" lon="5.539346">
        <ele>985.414576</ele>
        <time>2026-04-28T00:45:18.064Z</time>
      </trkpt>
      <trkpt lat="44.589169" lon="5.540094">
        <ele>980.716772</ele>
        <time>2026-04-28T00:45:45.725Z</time>
      </trkpt>
      <trkpt lat="44.588263" lon="5.540867">
        <ele>977.11132</ele>
        <time>2026-04-28T00:46:25.673Z</time>
      </trkpt>
      <trkpt lat="44.587113" lon="5.54164">
        <ele>974.364045</ele>
        <time>2026-04-28T00:47:15.691Z</time>
      </trkpt>
      <trkpt lat="44.586356" lon="5.542237">
        <ele>973.414788</ele>
        <time>2026-04-28T00:47:57.227Z</time>
      </trkpt>
      <trkpt lat="44.586249" lon="5.542381">
        <ele>973.252807</ele>
        <time>2026-04-28T00:48:04.322Z</time>
      </trkpt>
      <trkpt lat="44.586065" lon="5.542955">
        <ele>972.326733</ele>
        <time>2026-04-28T00:48:25.832Z</time>
      </trkpt>
      <trkpt lat="44.585122" lon="5.543867">
        <ele>969.701134</ele>
        <time>2026-04-28T00:49:18.130Z</time>
      </trkpt>
      <trkpt lat="44.584961" lon="5.544162">
        <ele>969.094186</ele>
        <time>2026-04-28T00:49:29.763Z</time>
      </trkpt>
      <trkpt lat="44.584402" lon="5.544732">
        <ele>966.647852</ele>
        <time>2026-04-28T00:50:00.048Z</time>
      </trkpt>
      <trkpt lat="44.583764" lon="5.54567">
        <ele>963.325207</ele>
        <time>2026-04-28T00:50:41.084Z</time>
      </trkpt>
      <trkpt lat="44.583706" lon="5.545837">
        <ele>962.84924</ele>
        <time>2026-04-28T00:50:46.984Z</time>
      </trkpt>
      <trkpt lat="44.583436" lon="5.545826">
        <ele>961.839601</ele>
        <time>2026-04-28T00:50:57.290Z</time>
      </trkpt>
      <trkpt lat="44.582916" lon="5.54596">
        <ele>959.831385</ele>
        <time>2026-04-28T00:51:17.341Z</time>
      </trkpt>
      <trkpt lat="44.581812" lon="5.546937">
        <ele>954.362878</ele>
        <time>2026-04-28T00:52:06.083Z</time>
      </trkpt>
      <trkpt lat="44.581208" lon="5.547355">
        <ele>950.280901</ele>
        <time>2026-04-28T00:52:30.840Z</time>
      </trkpt>
      <trkpt lat="44.58108" lon="5.547933">
        <ele>947.649958</ele>
        <time>2026-04-28T00:52:46.487Z</time>
      </trkpt>
      <trkpt lat="44.580519" lon="5.547901">
        <ele>943.753382</ele>
        <time>2026-04-28T00:53:05.981Z</time>
      </trkpt>
      <trkpt lat="44.580166" lon="5.548923">
        <ele>935.068182</ele>
        <time>2026-04-28T00:53:37.451Z</time>
      </trkpt>
      <trkpt lat="44.580148" lon="5.549036">
        <ele>934.184658</ele>
        <time>2026-04-28T00:53:40.605Z</time>
      </trkpt>
      <trkpt lat="44.580235" lon="5.549378">
        <ele>931.38368</ele>
        <time>2026-04-28T00:53:50.520Z</time>
      </trkpt>
      <trkpt lat="44.580198" lon="5.549679">
        <ele>929.053009</ele>
        <time>2026-04-28T00:53:58.770Z</time>
      </trkpt>
      <trkpt lat="44.579884" lon="5.550107">
        <ele>924.255642</ele>
        <time>2026-04-28T00:54:15.380Z</time>
      </trkpt>
      <trkpt lat="44.579773" lon="5.550375">
        <ele>921.694996</ele>
        <time>2026-04-28T00:54:23.753Z</time>
      </trkpt>
      <trkpt lat="44.579385" lon="5.550962">
        <ele>915.080466</ele>
        <time>2026-04-28T00:54:45.450Z</time>
      </trkpt>
      <trkpt lat="44.579334" lon="5.551238">
        <ele>912.725299</ele>
        <time>2026-04-28T00:54:53.168Z</time>
      </trkpt>
      <trkpt lat="44.578971" lon="5.551776">
        <ele>906.604294</ele>
        <time>2026-04-28T00:55:13.235Z</time>
      </trkpt>
      <trkpt lat="44.578376" lon="5.552328">
        <ele>898.399766</ele>
        <time>2026-04-28T00:55:40.634Z</time>
      </trkpt>
      <trkpt lat="44.577983" lon="5.552887">
        <ele>891.983275</ele>
        <time>2026-04-28T00:56:02.192Z</time>
      </trkpt>
      <trkpt lat="44.577766" lon="5.553015">
        <ele>889.257821</ele>
        <time>2026-04-28T00:56:11.233Z</time>
      </trkpt>
      <trkpt lat="44.577572" lon="5.552972">
        <ele>887.008883</ele>
        <time>2026-04-28T00:56:18.706Z</time>
      </trkpt>
      <trkpt lat="44.577349" lon="5.553277">
        <ele>883.030418</ele>
        <time>2026-04-28T00:56:28.786Z</time>
      </trkpt>
      <trkpt lat="44.577103" lon="5.553473">
        <ele>878.058781</ele>
        <time>2026-04-28T00:56:39.513Z</time>
      </trkpt>
      <trkpt lat="44.576057" lon="5.554827">
        <ele>852.998919</ele>
        <time>2026-04-28T00:57:32.865Z</time>
      </trkpt>
      <trkpt lat="44.575658" lon="5.555534">
        <ele>835.752673</ele>
        <time>2026-04-28T00:57:57.638Z</time>
      </trkpt>
      <trkpt lat="44.575166" lon="5.556019">
        <ele>819.472638</ele>
        <time>2026-04-28T00:58:22.154Z</time>
      </trkpt>
      <trkpt lat="44.574912" lon="5.556165">
        <ele>812.017292</ele>
        <time>2026-04-28T00:58:33.562Z</time>
      </trkpt>
      <trkpt lat="44.574569" lon="5.556085">
        <ele>802.836109</ele>
        <time>2026-04-28T00:58:47.909Z</time>
      </trkpt>
      <trkpt lat="44.574447" lon="5.556228">
        <ele>799.270812</ele>
        <time>2026-04-28T00:58:54.490Z</time>
      </trkpt>
      <trkpt lat="44.574299" lon="5.556162">
        <ele>795.859992</ele>
        <time>2026-04-28T00:59:00.679Z</time>
      </trkpt>
      <trkpt lat="44.574232" lon="5.557206">
        <ele>779.281802</ele>
        <time>2026-04-28T00:59:29.418Z</time>
      </trkpt>
      <trkpt lat="44.574014" lon="5.557834">
        <ele>768.272895</ele>
        <time>2026-04-28T00:59:48.206Z</time>
      </trkpt>
      <trkpt lat="44.573904" lon="5.557895">
        <ele>765.675121</ele>
        <time>2026-04-28T00:59:52.696Z</time>
      </trkpt>
      <trkpt lat="44.573943" lon="5.557655">
        <ele>763.299592</ele>
        <time>2026-04-28T00:59:59.335Z</time>
      </trkpt>
      <trkpt lat="44.573877" lon="5.557569">
        <ele>762.43417</ele>
        <time>2026-04-28T01:00:02.740Z</time>
      </trkpt>
      <trkpt lat="44.573657" lon="5.557813">
        <ele>759.739625</ele>
        <time>2026-04-28T01:00:13.401Z</time>
      </trkpt>
      <trkpt lat="44.573258" lon="5.558018">
        <ele>755.64446</ele>
        <time>2026-04-28T01:00:30.108Z</time>
      </trkpt>
      <trkpt lat="44.573095" lon="5.558571">
        <ele>751.545925</ele>
        <time>2026-04-28T01:00:44.754Z</time>
      </trkpt>
      <trkpt lat="44.572681" lon="5.558308">
        <ele>747.178754</ele>
        <time>2026-04-28T01:01:00.799Z</time>
      </trkpt>
      <trkpt lat="44.572198" lon="5.558297">
        <ele>745.003751</ele>
        <time>2026-04-28T01:01:18.266Z</time>
      </trkpt>
      <trkpt lat="44.57105" lon="5.557719">
        <ele>739.53474</ele>
        <time>2026-04-28T01:02:03.606Z</time>
      </trkpt>
      <trkpt lat="44.570382" lon="5.557638">
        <ele>739.578387</ele>
        <time>2026-04-28T01:02:29.772Z</time>
      </trkpt>
      <trkpt lat="44.570346" lon="5.557706">
        <ele>739.639725</ele>
        <time>2026-04-28T01:02:32.710Z</time>
      </trkpt>
      <trkpt lat="44.570401" lon="5.559737">
        <ele>742.017618</ele>
        <time>2026-04-28T01:03:40.026Z</time>
      </trkpt>
      <trkpt lat="44.570371" lon="5.560441">
        <ele>744.367908</ele>
        <time>2026-04-28T01:04:05.830Z</time>
      </trkpt>
      <trkpt lat="44.569927" lon="5.562574">
        <ele>750.84053</ele>
        <time>2026-04-28T01:05:23.577Z</time>
      </trkpt>
      <trkpt lat="44.56982" lon="5.562799">
        <ele>751.477912</ele>
        <time>2026-04-28T01:05:33.272Z</time>
      </trkpt>
      <trkpt lat="44.569597" lon="5.56369">
        <ele>753.560715</ele>
        <time>2026-04-28T01:06:03.741Z</time>
      </trkpt>
      <trkpt lat="44.56946" lon="5.564466">
        <ele>755.515739</ele>
        <time>2026-04-28T01:06:29.804Z</time>
      </trkpt>
      <trkpt lat="44.568738" lon="5.565893">
        <ele>760.309624</ele>
        <time>2026-04-28T01:07:29.906Z</time>
      </trkpt>
      <trkpt lat="44.568245" lon="5.567537">
        <ele>765.723902</ele>
        <time>2026-04-28T01:08:32.922Z</time>
      </trkpt>
      <trkpt lat="44.567387" lon="5.569007">
        <ele>771.888516</ele>
        <time>2026-04-28T01:09:38.625Z</time>
      </trkpt>
      <trkpt lat="44.567008" lon="5.570087">
        <ele>775.994622</ele>
        <time>2026-04-28T01:10:20.826Z</time>
      </trkpt>
      <trkpt lat="44.566666" lon="5.571632">
        <ele>783.15294</ele>
        <time>2026-04-28T01:11:23.239Z</time>
      </trkpt>
      <trkpt lat="44.566156" lon="5.571993">
        <ele>787.150018</ele>
        <time>2026-04-28T01:11:55.786Z</time>
      </trkpt>
      <trkpt lat="44.565895" lon="5.572353">
        <ele>789.71075</ele>
        <time>2026-04-28T01:12:17.048Z</time>
      </trkpt>
      <trkpt lat="44.565412" lon="5.572577">
        <ele>792.661447</ele>
        <time>2026-04-28T01:12:46.528Z</time>
      </trkpt>
      <trkpt lat="44.565248" lon="5.573068">
        <ele>794.75128</ele>
        <time>2026-04-28T01:13:10.401Z</time>
      </trkpt>
      <trkpt lat="44.564963" lon="5.573278">
        <ele>796.492414</ele>
        <time>2026-04-28T01:13:29.543Z</time>
      </trkpt>
      <trkpt lat="44.564702" lon="5.573868">
        <ele>799.168812</ele>
        <time>2026-04-28T01:13:58.108Z</time>
      </trkpt>
      <trkpt lat="44.564534" lon="5.574412">
        <ele>801.188981</ele>
        <time>2026-04-28T01:14:22.020Z</time>
      </trkpt>
      <trkpt lat="44.564225" lon="5.574865">
        <ele>803.049382</ele>
        <time>2026-04-28T01:14:46.953Z</time>
      </trkpt>
      <trkpt lat="44.564076" lon="5.575343">
        <ele>804.597132</ele>
        <time>2026-04-28T01:15:07.876Z</time>
      </trkpt>
      <trkpt lat="44.563707" lon="5.575606">
        <ele>806.320269</ele>
        <time>2026-04-28T01:15:31.312Z</time>
      </trkpt>
      <trkpt lat="44.563646" lon="5.576215">
        <ele>808.393207</ele>
        <time>2026-04-28T01:15:57.074Z</time>
      </trkpt>
      <trkpt lat="44.563473" lon="5.576629">
        <ele>810.706879</ele>
        <time>2026-04-28T01:16:17.685Z</time>
      </trkpt>
      <trkpt lat="44.563184" lon="5.577042">
        <ele>813.49745</ele>
        <time>2026-04-28T01:16:43.643Z</time>
      </trkpt>
      <trkpt lat="44.563286" lon="5.577468">
        <ele>815.663905</ele>
        <time>2026-04-28T01:17:04.584Z</time>
      </trkpt>
      <trkpt lat="44.562978" lon="5.578255">
        <ele>820.008908</ele>
        <time>2026-04-28T01:17:48.155Z</time>
      </trkpt>
      <trkpt lat="44.562731" lon="5.578589">
        <ele>823.605069</ele>
        <time>2026-04-28T01:18:12.966Z</time>
      </trkpt>
      <trkpt lat="44.562749" lon="5.579461">
        <ele>830.121923</ele>
        <time>2026-04-28T01:19:01.976Z</time>
      </trkpt>
      <trkpt lat="44.562595" lon="5.579796">
        <ele>833.100177</ele>
        <time>2026-04-28T01:19:25.762Z</time>
      </trkpt>
      <trkpt lat="44.561371" lon="5.581153">
        <ele>846.788123</ele>
        <time>2026-04-28T01:21:36.504Z</time>
      </trkpt>
      <trkpt lat="44.561222" lon="5.58152">
        <ele>849.152384</ele>
        <time>2026-04-28T01:21:54.877Z</time>
      </trkpt>
      <trkpt lat="44.561279" lon="5.582245">
        <ele>853.087481</ele>
        <time>2026-04-28T01:22:22.547Z</time>
      </trkpt>
      <trkpt lat="44.560958" lon="5.583052">
        <ele>855.576025</ele>
        <time>2026-04-28T01:22:55.011Z</time>
      </trkpt>
      <trkpt lat="44.56091" lon="5.583404">
        <ele>856.541</ele>
        <time>2026-04-28T01:23:07.880Z</time>
      </trkpt>
      <trkpt lat="44.560493" lon="5.584353">
        <ele>859.54307</ele>
        <time>2026-04-28T01:23:54.186Z</time>
      </trkpt>
      <trkpt lat="44.560471" lon="5.584593">
        <ele>861.256639</ele>
        <time>2026-04-28T01:24:06.472Z</time>
      </trkpt>
      <trkpt lat="44.560313" lon="5.584919">
        <ele>864.841357</ele>
        <time>2026-04-28T01:24:28.688Z</time>
      </trkpt>
      <trkpt lat="44.56033" lon="5.586096">
        <ele>875.544878</ele>
        <time>2026-04-28T01:25:44.253Z</time>
      </trkpt>
      <trkpt lat="44.56041" lon="5.586603">
        <ele>880.266219</ele>
        <time>2026-04-28T01:26:20.524Z</time>
      </trkpt>
      <trkpt lat="44.560323" lon="5.586944">
        <ele>883.634043</ele>
        <time>2026-04-28T01:26:45.614Z</time>
      </trkpt>
      <trkpt lat="44.559998" lon="5.586862">
        <ele>888.213592</ele>
        <time>2026-04-28T01:27:17.104Z</time>
      </trkpt>
      <trkpt lat="44.560149" lon="5.58757">
        <ele>895.516454</ele>
        <time>2026-04-28T01:28:05.679Z</time>
      </trkpt>
      <trkpt lat="44.559671" lon="5.587122">
        <ele>903.487912</ele>
        <time>2026-04-28T01:28:54.785Z</time>
      </trkpt>
      <trkpt lat="44.558509" lon="5.58719">
        <ele>921.279056</ele>
        <time>2026-04-28T01:30:38.143Z</time>
      </trkpt>
      <trkpt lat="44.558531" lon="5.587379">
        <ele>923.434145</ele>
        <time>2026-04-28T01:30:52.044Z</time>
      </trkpt>
      <trkpt lat="44.55897" lon="5.587557">
        <ele>930.651051</ele>
        <time>2026-04-28T01:31:40.013Z</time>
      </trkpt>
      <trkpt lat="44.559366" lon="5.588301">
        <ele>942.267323</ele>
        <time>2026-04-28T01:32:52.836Z</time>
      </trkpt>
      <trkpt lat="44.558863" lon="5.587993">
        <ele>952.935196</ele>
        <time>2026-04-28T01:33:54.459Z</time>
      </trkpt>
      <trkpt lat="44.558483" lon="5.588062">
        <ele>960.383541</ele>
        <time>2026-04-28T01:34:37.613Z</time>
      </trkpt>
      <trkpt lat="44.557995" lon="5.588551">
        <ele>971.98425</ele>
        <time>2026-04-28T01:35:46.787Z</time>
      </trkpt>
      <trkpt lat="44.55776" lon="5.588716">
        <ele>976.816612</ele>
        <time>2026-04-28T01:36:18.551Z</time>
      </trkpt>
      <trkpt lat="44.557556" lon="5.588704">
        <ele>980.571496</ele>
        <time>2026-04-28T01:36:43.353Z</time>
      </trkpt>
      <trkpt lat="44.557471" lon="5.588774">
        <ele>982.383914</ele>
        <time>2026-04-28T01:36:55.946Z</time>
      </trkpt>
      <trkpt lat="44.557638" lon="5.588801">
        <ele>985.475381</ele>
        <time>2026-04-28T01:37:13.164Z</time>
      </trkpt>
      <trkpt lat="44.557799" lon="5.588971">
        <ele>989.180623</ele>
        <time>2026-04-28T01:37:32.919Z</time>
      </trkpt>
      <trkpt lat="44.557113" lon="5.589287">
        <ele>1002.458454</ele>
        <time>2026-04-28T01:38:46.269Z</time>
      </trkpt>
      <trkpt lat="44.556926" lon="5.589181">
        <ele>1005.678235</ele>
        <time>2026-04-28T01:39:04.678Z</time>
      </trkpt>
      <trkpt lat="44.55675" lon="5.589206">
        <ele>1008.164791</ele>
        <time>2026-04-28T01:39:20.718Z</time>
      </trkpt>
      <trkpt lat="44.55666" lon="5.589115">
        <ele>1009.724004</ele>
        <time>2026-04-28T01:39:30.445Z</time>
      </trkpt>
      <trkpt lat="44.556476" lon="5.589171">
        <ele>1012.370491</ele>
        <time>2026-04-28T01:39:46.883Z</time>
      </trkpt>
      <trkpt lat="44.556368" lon="5.588964">
        <ele>1014.940158</ele>
        <time>2026-04-28T01:40:02.890Z</time>
      </trkpt>
      <trkpt lat="44.556253" lon="5.589024">
        <ele>1016.664732</ele>
        <time>2026-04-28T01:40:13.679Z</time>
      </trkpt>
      <trkpt lat="44.556185" lon="5.58915">
        <ele>1018.247863</ele>
        <time>2026-04-28T01:40:23.620Z</time>
      </trkpt>
      <trkpt lat="44.55626" lon="5.589267">
        <ele>1019.82415</ele>
        <time>2026-04-28T01:40:33.470Z</time>
      </trkpt>
      <trkpt lat="44.555839" lon="5.589327">
        <ele>1025.772305</ele>
        <time>2026-04-28T01:41:11.776Z</time>
      </trkpt>
      <trkpt lat="44.555598" lon="5.589827">
        <ele>1031.910399</ele>
        <time>2026-04-28T01:41:51.923Z</time>
      </trkpt>
      <trkpt lat="44.555436" lon="5.589706">
        <ele>1034.586963</ele>
        <time>2026-04-28T01:42:09.446Z</time>
      </trkpt>
      <trkpt lat="44.55509" lon="5.589863">
        <ele>1039.890578</ele>
        <time>2026-04-28T01:42:44.135Z</time>
      </trkpt>
      <trkpt lat="44.554068" lon="5.589645">
        <ele>1054.967572</ele>
        <time>2026-04-28T01:44:19.749Z</time>
      </trkpt>
      <trkpt lat="44.554459" lon="5.590097">
        <ele>1062.004109</ele>
        <time>2026-04-28T01:45:05.802Z</time>
      </trkpt>
      <trkpt lat="44.553919" lon="5.590108">
        <ele>1069.470105</ele>
        <time>2026-04-28T01:45:54.793Z</time>
      </trkpt>
      <trkpt lat="44.554508" lon="5.590614">
        <ele>1079.017304</ele>
        <time>2026-04-28T01:46:55.468Z</time>
      </trkpt>
      <trkpt lat="44.553584" lon="5.590556">
        <ele>1090.567551</ele>
        <time>2026-04-28T01:48:21.191Z</time>
      </trkpt>
      <trkpt lat="44.553199" lon="5.591004">
        <ele>1096.72735</ele>
        <time>2026-04-28T01:49:02.930Z</time>
      </trkpt>
      <trkpt lat="44.552915" lon="5.591206">
        <ele>1100.648757</ele>
        <time>2026-04-28T01:49:28.043Z</time>
      </trkpt>
      <trkpt lat="44.552903" lon="5.591369">
        <ele>1102.135927</ele>
        <time>2026-04-28T01:49:36.005Z</time>
      </trkpt>
      <trkpt lat="44.552814" lon="5.591481">
        <ele>1103.268967</ele>
        <time>2026-04-28T01:49:44.036Z</time>
      </trkpt>
      <trkpt lat="44.55247" lon="5.591633">
        <ele>1106.165234</ele>
        <time>2026-04-28T01:50:07.962Z</time>
      </trkpt>
      <trkpt lat="44.552328" lon="5.591846">
        <ele>1107.828094</ele>
        <time>2026-04-28T01:50:20.503Z</time>
      </trkpt>
      <trkpt lat="44.552237" lon="5.592334">
        <ele>1110.703861</ele>
        <time>2026-04-28T01:50:40.242Z</time>
      </trkpt>
      <trkpt lat="44.552227" lon="5.593016">
        <ele>1114.592773</ele>
        <time>2026-04-28T01:51:06.148Z</time>
      </trkpt>
      <trkpt lat="44.552175" lon="5.593189">
        <ele>1115.663195</ele>
        <time>2026-04-28T01:51:13.859Z</time>
      </trkpt>
      <trkpt lat="44.551919" lon="5.593414">
        <ele>1118.061307</ele>
        <time>2026-04-28T01:51:31.360Z</time>
      </trkpt>
      <trkpt lat="44.551578" lon="5.593861">
        <ele>1121.684126</ele>
        <time>2026-04-28T01:51:57.808Z</time>
      </trkpt>
      <trkpt lat="44.551069" lon="5.594024">
        <ele>1125.751412</ele>
        <time>2026-04-28T01:52:26.624Z</time>
      </trkpt>
      <trkpt lat="44.550853" lon="5.594182">
        <ele>1127.642533</ele>
        <time>2026-04-28T01:52:40.300Z</time>
      </trkpt>
      <trkpt lat="44.550612" lon="5.594758">
        <ele>1131.632665</ele>
        <time>2026-04-28T01:53:09.227Z</time>
      </trkpt>
      <trkpt lat="44.55008" lon="5.595668">
        <ele>1142.439216</ele>
        <time>2026-04-28T01:54:07.762Z</time>
      </trkpt>
      <trkpt lat="44.54943" lon="5.596474">
        <ele>1153.614502</ele>
        <time>2026-04-28T01:55:16.891Z</time>
      </trkpt>
      <trkpt lat="44.549312" lon="5.596902">
        <ele>1159.570319</ele>
        <time>2026-04-28T01:55:48.970Z</time>
      </trkpt>
      <trkpt lat="44.548665" lon="5.597888">
        <ele>1177.322171</ele>
        <time>2026-04-28T01:57:28.223Z</time>
      </trkpt>
      <trkpt lat="44.548679" lon="5.598222">
        <ele>1181.79724</ele>
        <time>2026-04-28T01:57:54.779Z</time>
      </trkpt>
      <trkpt lat="44.548366" lon="5.59838">
        <ele>1188.179506</ele>
        <time>2026-04-28T01:58:34.650Z</time>
      </trkpt>
      <trkpt lat="44.547833" lon="5.598478">
        <ele>1202.603259</ele>
        <time>2026-04-28T01:59:48.753Z</time>
      </trkpt>
      <trkpt lat="44.547148" lon="5.598074">
        <ele>1222.540813</ele>
        <time>2026-04-28T02:01:42.864Z</time>
      </trkpt>
      <trkpt lat="44.546445" lon="5.598781">
        <ele>1244.569815</ele>
        <time>2026-04-28T02:04:04.539Z</time>
      </trkpt>
      <trkpt lat="44.546117" lon="5.598804">
        <ele>1252.338695</ele>
        <time>2026-04-28T02:04:55.090Z</time>
      </trkpt>
      <trkpt lat="44.54498" lon="5.599466">
        <ele>1279.018457</ele>
        <time>2026-04-28T02:07:26.366Z</time>
      </trkpt>
      <trkpt lat="44.544694" lon="5.599841">
        <ele>1281.022278</ele>
        <time>2026-04-28T02:07:56.901Z</time>
      </trkpt>
      <trkpt lat="44.544387" lon="5.600507">
        <ele>1283.916052</ele>
        <time>2026-04-28T02:08:27.059Z</time>
      </trkpt>
      <trkpt lat="44.544313" lon="5.601019">
        <ele>1285.822065</ele>
        <time>2026-04-28T02:08:44.545Z</time>
      </trkpt>
      <trkpt lat="44.544147" lon="5.601648">
        <ele>1288.23185</ele>
        <time>2026-04-28T02:09:06.692Z</time>
      </trkpt>
      <trkpt lat="44.543236" lon="5.602258">
        <ele>1293.139692</ele>
        <time>2026-04-28T02:10:02.886Z</time>
      </trkpt>
      <trkpt lat="44.541935" lon="5.602859">
        <ele>1296.027441</ele>
        <time>2026-04-28T02:11:42.944Z</time>
      </trkpt>
      <trkpt lat="44.541598" lon="5.603127">
        <ele>1295.893994</ele>
        <time>2026-04-28T02:12:04.063Z</time>
      </trkpt>
      <trkpt lat="44.541453" lon="5.603334">
        <ele>1295.822731</ele>
        <time>2026-04-28T02:12:13.456Z</time>
      </trkpt>
      <trkpt lat="44.541288" lon="5.602938">
        <ele>1295.710103</ele>
        <time>2026-04-28T02:12:26.560Z</time>
      </trkpt>
      <trkpt lat="44.540948" lon="5.602455">
        <ele>1287.50558</ele>
        <time>2026-04-28T02:12:44.740Z</time>
      </trkpt>
      <trkpt lat="44.54052" lon="5.602358">
        <ele>1276.941663</ele>
        <time>2026-04-28T02:13:01.326Z</time>
      </trkpt>
      <trkpt lat="44.540229" lon="5.60164">
        <ele>1262.597062</ele>
        <time>2026-04-28T02:13:25.412Z</time>
      </trkpt>
      <trkpt lat="44.538713" lon="5.601724">
        <ele>1227.143046</ele>
        <time>2026-04-28T02:14:25.752Z</time>
      </trkpt>
      <trkpt lat="44.537606" lon="5.602294">
        <ele>1203.968237</ele>
        <time>2026-04-28T02:15:10.066Z</time>
      </trkpt>
      <trkpt lat="44.537331" lon="5.602305">
        <ele>1199.992529</ele>
        <time>2026-04-28T02:15:20.494Z</time>
      </trkpt>
      <trkpt lat="44.53673" lon="5.602062">
        <ele>1190.953824</ele>
        <time>2026-04-28T02:15:44.157Z</time>
      </trkpt>
      <trkpt lat="44.536409" lon="5.602223">
        <ele>1186.027429</ele>
        <time>2026-04-28T02:15:57.040Z</time>
      </trkpt>
      <trkpt lat="44.536332" lon="5.602169">
        <ele>1184.783396</ele>
        <time>2026-04-28T02:16:00.267Z</time>
      </trkpt>
      <trkpt lat="44.535461" lon="5.602373">
        <ele>1170.929914</ele>
        <time>2026-04-28T02:16:33.543Z</time>
      </trkpt>
      <trkpt lat="44.53494" lon="5.60277">
        <ele>1161.618245</ele>
        <time>2026-04-28T02:16:55.778Z</time>
      </trkpt>
      <trkpt lat="44.534512" lon="5.602738">
        <ele>1154.899978</ele>
        <time>2026-04-28T02:17:11.956Z</time>
      </trkpt>
      <trkpt lat="44.534038" lon="5.602126">
        <ele>1144.961149</ele>
        <time>2026-04-28T02:17:36.316Z</time>
      </trkpt>
      <trkpt lat="44.533828" lon="5.601704">
        <ele>1139.332327</ele>
        <time>2026-04-28T02:17:50.122Z</time>
      </trkpt>
      <trkpt lat="44.533591" lon="5.601478">
        <ele>1134.935476</ele>
        <time>2026-04-28T02:18:00.915Z</time>
      </trkpt>
      <trkpt lat="44.533036" lon="5.601354">
        <ele>1126.792924</ele>
        <time>2026-04-28T02:18:22.117Z</time>
      </trkpt>
      <trkpt lat="44.532937" lon="5.601096">
        <ele>1124.216438</ele>
        <time>2026-04-28T02:18:29.998Z</time>
      </trkpt>
      <trkpt lat="44.532126" lon="5.600849">
        <ele>1113.979268</ele>
        <time>2026-04-28T02:19:01.437Z</time>
      </trkpt>
      <trkpt lat="44.531863" lon="5.600942">
        <ele>1110.63354</ele>
        <time>2026-04-28T02:19:11.773Z</time>
      </trkpt>
      <trkpt lat="44.53127" lon="5.600667">
        <ele>1103.338214</ele>
        <time>2026-04-28T02:19:36.007Z</time>
      </trkpt>
      <trkpt lat="44.530872" lon="5.600356">
        <ele>1098.348799</ele>
        <time>2026-04-28T02:19:53.936Z</time>
      </trkpt>
      <trkpt lat="44.53052" lon="5.60042">
        <ele>1094.46155</ele>
        <time>2026-04-28T02:20:07.739Z</time>
      </trkpt>
      <trkpt lat="44.530234" lon="5.60018">
        <ele>1090.811687</ele>
        <time>2026-04-28T02:20:20.444Z</time>
      </trkpt>
      <trkpt lat="44.53003" lon="5.599787">
        <ele>1087.016211</ele>
        <time>2026-04-28T02:20:33.576Z</time>
      </trkpt>
      <trkpt lat="44.529362" lon="5.597981">
        <ele>1068.478085</ele>
        <time>2026-04-28T02:21:28.403Z</time>
      </trkpt>
      <trkpt lat="44.529204" lon="5.59792">
        <ele>1066.382455</ele>
        <time>2026-04-28T02:21:34.600Z</time>
      </trkpt>
      <trkpt lat="44.529097" lon="5.598092">
        <ele>1064.301349</ele>
        <time>2026-04-28T02:21:40.846Z</time>
      </trkpt>
      <trkpt lat="44.529074" lon="5.598382">
        <ele>1062.437762</ele>
        <time>2026-04-28T02:21:48.974Z</time>
      </trkpt>
      <trkpt lat="44.528926" lon="5.598732">
        <ele>1060.050257</ele>
        <time>2026-04-28T02:22:00.670Z</time>
      </trkpt>
      <trkpt lat="44.528707" lon="5.598795">
        <ele>1058.210422</ele>
        <time>2026-04-28T02:22:09.865Z</time>
      </trkpt>
      <trkpt lat="44.528826" lon="5.598618">
        <ele>1056.783007</ele>
        <time>2026-04-28T02:22:16.064Z</time>
      </trkpt>
      <trkpt lat="44.528994" lon="5.597759">
        <ele>1051.515445</ele>
        <time>2026-04-28T02:22:38.795Z</time>
      </trkpt>
      <trkpt lat="44.528985" lon="5.597488">
        <ele>1049.923768</ele>
        <time>2026-04-28T02:22:45.388Z</time>
      </trkpt>
      <trkpt lat="44.529122" lon="5.597157">
        <ele>1047.056058</ele>
        <time>2026-04-28T02:22:54.554Z</time>
      </trkpt>
      <trkpt lat="44.528947" lon="5.596841">
        <ele>1043.661496</ele>
        <time>2026-04-28T02:23:05.421Z</time>
      </trkpt>
      <trkpt lat="44.528386" lon="5.596355">
        <ele>1035.794201</ele>
        <time>2026-04-28T02:23:30.425Z</time>
      </trkpt>
      <trkpt lat="44.527694" lon="5.595616">
        <ele>1026.452799</ele>
        <time>2026-04-28T02:24:03.434Z</time>
      </trkpt>
      <trkpt lat="44.526958" lon="5.595176">
        <ele>1021.307865</ele>
        <time>2026-04-28T02:24:34.966Z</time>
      </trkpt>
      <trkpt lat="44.526112" lon="5.594028">
        <ele>1019.692897</ele>
        <time>2026-04-28T02:25:31.001Z</time>
      </trkpt>
      <trkpt lat="44.526035" lon="5.593589">
        <ele>1022.804334</ele>
        <time>2026-04-28T02:25:51.377Z</time>
      </trkpt>
      <trkpt lat="44.525815" lon="5.592996">
        <ele>1027.405085</ele>
        <time>2026-04-28T02:26:29.047Z</time>
      </trkpt>
      <trkpt lat="44.52515" lon="5.592556">
        <ele>1035.358924</ele>
        <time>2026-04-28T02:27:41.392Z</time>
      </trkpt>
      <trkpt lat="44.524887" lon="5.592464">
        <ele>1040.136065</ele>
        <time>2026-04-28T02:28:13.070Z</time>
      </trkpt>
      <trkpt lat="44.525101" lon="5.592256">
        <ele>1044.724681</ele>
        <time>2026-04-28T02:28:44.475Z</time>
      </trkpt>
      <trkpt lat="44.524411" lon="5.590757">
        <ele>1066.33569</ele>
        <time>2026-04-28T02:30:59.816Z</time>
      </trkpt>
      <trkpt lat="44.523611" lon="5.59009">
        <ele>1076.00578</ele>
        <time>2026-04-28T02:32:16.250Z</time>
      </trkpt>
      <trkpt lat="44.523584" lon="5.589942">
        <ele>1077.137492</ele>
        <time>2026-04-28T02:32:22.478Z</time>
      </trkpt>
      <trkpt lat="44.523335" lon="5.589607">
        <ele>1080.723896</ele>
        <time>2026-04-28T02:32:44.182Z</time>
      </trkpt>
      <trkpt lat="44.523228" lon="5.588896">
        <ele>1084.012856</ele>
        <time>2026-04-28T02:33:19.568Z</time>
      </trkpt>
      <trkpt lat="44.52307" lon="5.588718">
        <ele>1084.160413</ele>
        <time>2026-04-28T02:33:33.085Z</time>
      </trkpt>
      <trkpt lat="44.522878" lon="5.588653">
        <ele>1084.304225</ele>
        <time>2026-04-28T02:33:45.243Z</time>
      </trkpt>
      <trkpt lat="44.522546" lon="5.58816">
        <ele>1084.656268</ele>
        <time>2026-04-28T02:34:10.873Z</time>
      </trkpt>
      <trkpt lat="44.52237" lon="5.587743">
        <ele>1084.907831</ele>
        <time>2026-04-28T02:34:27.235Z</time>
      </trkpt>
      <trkpt lat="44.522089" lon="5.585744">
        <ele>1073.885112</ele>
        <time>2026-04-28T02:35:24.168Z</time>
      </trkpt>
      <trkpt lat="44.522007" lon="5.585596">
        <ele>1072.514722</ele>
        <time>2026-04-28T02:35:29.236Z</time>
      </trkpt>
      <trkpt lat="44.521836" lon="5.585433">
        <ele>1070.394541</ele>
        <time>2026-04-28T02:35:37.030Z</time>
      </trkpt>
      <trkpt lat="44.521346" lon="5.585176">
        <ele>1065.469754</ele>
        <time>2026-04-28T02:35:56.894Z</time>
      </trkpt>
      <trkpt lat="44.520513" lon="5.584909">
        <ele>1058.972356</ele>
        <time>2026-04-28T02:36:30.714Z</time>
      </trkpt>
      <trkpt lat="44.519277" lon="5.584149">
        <ele>1048.407713</ele>
        <time>2026-04-28T02:37:29.981Z</time>
      </trkpt>
      <trkpt lat="44.519139" lon="5.583925">
        <ele>1046.687138</ele>
        <time>2026-04-28T02:37:38.498Z</time>
      </trkpt>
      <trkpt lat="44.519046" lon="5.583633">
        <ele>1044.828381</ele>
        <time>2026-04-28T02:37:47.382Z</time>
      </trkpt>
      <trkpt lat="44.519057" lon="5.583147">
        <ele>1042.002264</ele>
        <time>2026-04-28T02:38:00.584Z</time>
      </trkpt>
      <trkpt lat="44.518601" lon="5.582276">
        <ele>1035.68621</ele>
        <time>2026-04-28T02:38:30.238Z</time>
      </trkpt>
      <trkpt lat="44.518376" lon="5.582176">
        <ele>1033.750372</ele>
        <time>2026-04-28T02:38:39.406Z</time>
      </trkpt>
      <trkpt lat="44.518024" lon="5.582338">
        <ele>1030.711886</ele>
        <time>2026-04-28T02:38:54.026Z</time>
      </trkpt>
      <trkpt lat="44.517562" lon="5.582669">
        <ele>1026.456874</ele>
        <time>2026-04-28T02:39:15.833Z</time>
      </trkpt>
      <trkpt lat="44.517211" lon="5.582808">
        <ele>1023.416054</ele>
        <time>2026-04-28T02:39:31.619Z</time>
      </trkpt>
      <trkpt lat="44.516777" lon="5.583132">
        <ele>1018.366114</ele>
        <time>2026-04-28T02:39:51.656Z</time>
      </trkpt>
      <trkpt lat="44.516161" lon="5.58324">
        <ele>1011.968848</ele>
        <time>2026-04-28T02:40:15.675Z</time>
      </trkpt>
      <trkpt lat="44.515689" lon="5.582993">
        <ele>1006.794317</ele>
        <time>2026-04-28T02:40:34.805Z</time>
      </trkpt>
      <trkpt lat="44.515403" lon="5.582993">
        <ele>1003.063442</ele>
        <time>2026-04-28T02:40:45.612Z</time>
      </trkpt>
      <trkpt lat="44.514787" lon="5.582369">
        <ele>990.604435</ele>
        <time>2026-04-28T02:41:14.253Z</time>
      </trkpt>
      <trkpt lat="44.514068" lon="5.581798">
        <ele>977.056928</ele>
        <time>2026-04-28T02:41:45.229Z</time>
      </trkpt>
      <trkpt lat="44.513617" lon="5.581899">
        <ele>967.809999</ele>
        <time>2026-04-28T02:42:02.314Z</time>
      </trkpt>
      <trkpt lat="44.512947" lon="5.581721">
        <ele>953.51017</ele>
        <time>2026-04-28T02:42:27.657Z</time>
      </trkpt>
      <trkpt lat="44.512518" lon="5.582045">
        <ele>943.271232</ele>
        <time>2026-04-28T02:42:45.794Z</time>
      </trkpt>
      <trkpt lat="44.512111" lon="5.58176">
        <ele>933.839641</ele>
        <time>2026-04-28T02:43:02.872Z</time>
      </trkpt>
      <trkpt lat="44.511908" lon="5.581413">
        <ele>927.422631</ele>
        <time>2026-04-28T02:43:14.811Z</time>
      </trkpt>
      <trkpt lat="44.511771" lon="5.580982">
        <ele>920.676031</ele>
        <time>2026-04-28T02:43:27.393Z</time>
      </trkpt>
      <trkpt lat="44.510941" lon="5.579394">
        <ele>892.44476</ele>
        <time>2026-04-28T02:44:19.744Z</time>
      </trkpt>
      <trkpt lat="44.510281" lon="5.579263">
        <ele>878.964243</ele>
        <time>2026-04-28T02:44:44.560Z</time>
      </trkpt>
      <trkpt lat="44.509732" lon="5.578855">
        <ele>866.398719</ele>
        <time>2026-04-28T02:45:07.718Z</time>
      </trkpt>
      <trkpt lat="44.509534" lon="5.578616">
        <ele>861.439452</ele>
        <time>2026-04-28T02:45:17.460Z</time>
      </trkpt>
      <trkpt lat="44.509089" lon="5.578469">
        <ele>852.838111</ele>
        <time>2026-04-28T02:45:32.749Z</time>
      </trkpt>
      <trkpt lat="44.508198" lon="5.577622">
        <ele>832.658641</ele>
        <time>2026-04-28T02:46:06.993Z</time>
      </trkpt>
      <trkpt lat="44.507457" lon="5.576793">
        <ele>816.108702</ele>
        <time>2026-04-28T02:46:38.993Z</time>
      </trkpt>
      <trkpt lat="44.506665" lon="5.576477">
        <ele>801.769641</ele>
        <time>2026-04-28T02:47:09.841Z</time>
      </trkpt>
      <trkpt lat="44.50576" lon="5.576527">
        <ele>794.367412</ele>
        <time>2026-04-28T02:47:43.751Z</time>
      </trkpt>
      <trkpt lat="44.50626" lon="5.57581">
        <ele>789.100468</ele>
        <time>2026-04-28T02:48:10.291Z</time>
      </trkpt>
      <trkpt lat="44.505629" lon="5.574778">
        <ele>789.099269</ele>
        <time>2026-04-28T02:48:50.475Z</time>
      </trkpt>
      <trkpt lat="44.504857" lon="5.575311">
        <ele>791.243466</ele>
        <time>2026-04-28T02:49:31.911Z</time>
      </trkpt>
      <trkpt lat="44.504152" lon="5.574507">
        <ele>795.39689</ele>
        <time>2026-04-28T02:50:20.783Z</time>
      </trkpt>
      <trkpt lat="44.503924" lon="5.574116">
        <ele>797.261362</ele>
        <time>2026-04-28T02:50:41.248Z</time>
      </trkpt>
      <trkpt lat="44.503776" lon="5.573495">
        <ele>799.685869</ele>
        <time>2026-04-28T02:51:05.664Z</time>
      </trkpt>
      <trkpt lat="44.503681" lon="5.572388">
        <ele>802.108383</ele>
        <time>2026-04-28T02:51:39.444Z</time>
      </trkpt>
      <trkpt lat="44.503689" lon="5.571989">
        <ele>802.667061</ele>
        <time>2026-04-28T02:51:51.291Z</time>
      </trkpt>
      <trkpt lat="44.50391" lon="5.571706">
        <ele>803.259288</ele>
        <time>2026-04-28T02:52:03.924Z</time>
      </trkpt>
      <trkpt lat="44.503482" lon="5.570652">
        <ele>805.917388</ele>
        <time>2026-04-28T02:52:42.002Z</time>
      </trkpt>
      <trkpt lat="44.503259" lon="5.569626">
        <ele>811.448908</ele>
        <time>2026-04-28T02:53:29.157Z</time>
      </trkpt>
      <trkpt lat="44.502871" lon="5.5697">
        <ele>814.363179</ele>
        <time>2026-04-28T02:53:52.754Z</time>
      </trkpt>
      <trkpt lat="44.502823" lon="5.569655">
        <ele>814.779905</ele>
        <time>2026-04-28T02:53:56.114Z</time>
      </trkpt>
      <trkpt lat="44.502577" lon="5.568399">
        <ele>820.732235</ele>
        <time>2026-04-28T02:54:52.246Z</time>
      </trkpt>
      <trkpt lat="44.502313" lon="5.567684">
        <ele>824.069885</ele>
        <time>2026-04-28T02:55:20.444Z</time>
      </trkpt>
      <trkpt lat="44.502095" lon="5.567469">
        <ele>825.619042</ele>
        <time>2026-04-28T02:55:33.843Z</time>
      </trkpt>
      <trkpt lat="44.501579" lon="5.566645">
        <ele>829.676223</ele>
        <time>2026-04-28T02:56:12.394Z</time>
      </trkpt>
      <trkpt lat="44.501307" lon="5.566466">
        <ele>831.022367</ele>
        <time>2026-04-28T02:56:26.836Z</time>
      </trkpt>
      <trkpt lat="44.501016" lon="5.565857">
        <ele>833.364696</ele>
        <time>2026-04-28T02:56:52.027Z</time>
      </trkpt>
      <trkpt lat="44.500559" lon="5.565557">
        <ele>835.625407</ele>
        <time>2026-04-28T02:57:16.992Z</time>
      </trkpt>
      <trkpt lat="44.49923" lon="5.565253">
        <ele>842.151271</ele>
        <time>2026-04-28T02:58:26.983Z</time>
      </trkpt>
      <trkpt lat="44.497926" lon="5.564355">
        <ele>848.016954</ele>
        <time>2026-04-28T02:59:35.862Z</time>
      </trkpt>
      <trkpt lat="44.497599" lon="5.563852">
        <ele>849.7358</ele>
        <time>2026-04-28T02:59:58.501Z</time>
      </trkpt>
      <trkpt lat="44.497486" lon="5.562979">
        <ele>852.133371</ele>
        <time>2026-04-28T03:00:28.099Z</time>
      </trkpt>
      <trkpt lat="44.497145" lon="5.562398">
        <ele>854.440726</ele>
        <time>2026-04-28T03:00:54.034Z</time>
      </trkpt>
      <trkpt lat="44.495952" lon="5.561237">
        <ele>861.703448</ele>
        <time>2026-04-28T03:02:06.005Z</time>
      </trkpt>
      <trkpt lat="44.494973" lon="5.561116">
        <ele>868.38168</ele>
        <time>2026-04-28T03:02:59.913Z</time>
      </trkpt>
      <trkpt lat="44.494681" lon="5.561302">
        <ele>870.557781</ele>
        <time>2026-04-28T03:03:19.262Z</time>
      </trkpt>
      <trkpt lat="44.494385" lon="5.561382">
        <ele>873.321666</ele>
        <time>2026-04-28T03:03:38.047Z</time>
      </trkpt>
      <trkpt lat="44.494095" lon="5.561246">
        <ele>876.442988</ele>
        <time>2026-04-28T03:03:58.190Z</time>
      </trkpt>
      <trkpt lat="44.493788" lon="5.561278">
        <ele>879.591959</ele>
        <time>2026-04-28T03:04:19.370Z</time>
      </trkpt>
      <trkpt lat="44.493514" lon="5.561005">
        <ele>882.981848</ele>
        <time>2026-04-28T03:04:42.077Z</time>
      </trkpt>
      <trkpt lat="44.493169" lon="5.561111">
        <ele>886.620957</ele>
        <time>2026-04-28T03:05:06.455Z</time>
      </trkpt>
      <trkpt lat="44.492511" lon="5.561221">
        <ele>893.015658</ele>
        <time>2026-04-28T03:05:51.229Z</time>
      </trkpt>
      <trkpt lat="44.492337" lon="5.561359">
        <ele>894.872226</ele>
        <time>2026-04-28T03:06:04.086Z</time>
      </trkpt>
      <trkpt lat="44.491973" lon="5.561166">
        <ele>898.534296</ele>
        <time>2026-04-28T03:06:28.800Z</time>
      </trkpt>
      <trkpt lat="44.491715" lon="5.561386">
        <ele>901.385542</ele>
        <time>2026-04-28T03:06:47.172Z</time>
      </trkpt>
      <trkpt lat="44.491345" lon="5.561356">
        <ele>904.827366</ele>
        <time>2026-04-28T03:07:08.622Z</time>
      </trkpt>
      <trkpt lat="44.491121" lon="5.56166">
        <ele>908.392384</ele>
        <time>2026-04-28T03:07:27.740Z</time>
      </trkpt>
      <trkpt lat="44.490871" lon="5.561759">
        <ele>911.725086</ele>
        <time>2026-04-28T03:07:43.879Z</time>
      </trkpt>
      <trkpt lat="44.490689" lon="5.56193">
        <ele>914.535854</ele>
        <time>2026-04-28T03:07:58.392Z</time>
      </trkpt>
      <trkpt lat="44.490603" lon="5.562142">
        <ele>916.834016</ele>
        <time>2026-04-28T03:08:11.057Z</time>
      </trkpt>
      <trkpt lat="44.490188" lon="5.562113">
        <ele>922.164562</ele>
        <time>2026-04-28T03:08:47.924Z</time>
      </trkpt>
      <trkpt lat="44.489635" lon="5.562121">
        <ele>929.603311</ele>
        <time>2026-04-28T03:09:44.037Z</time>
      </trkpt>
      <trkpt lat="44.489043" lon="5.563009">
        <ele>946.780133</ele>
        <time>2026-04-28T03:11:22.703Z</time>
      </trkpt>
      <trkpt lat="44.48886" lon="5.563162">
        <ele>951.044528</ele>
        <time>2026-04-28T03:11:48.420Z</time>
      </trkpt>
      <trkpt lat="44.488509" lon="5.562762">
        <ele>960.29584</ele>
        <time>2026-04-28T03:12:44.893Z</time>
      </trkpt>
      <trkpt lat="44.488263" lon="5.56288">
        <ele>965.668104</ele>
        <time>2026-04-28T03:13:16.861Z</time>
      </trkpt>
      <trkpt lat="44.487809" lon="5.56292">
        <ele>976.092021</ele>
        <time>2026-04-28T03:14:12.397Z</time>
      </trkpt>
      <trkpt lat="44.487478" lon="5.563717">
        <ele>991.370898</ele>
        <time>2026-04-28T03:15:40.010Z</time>
      </trkpt>
      <trkpt lat="44.487539" lon="5.564227">
        <ele>999.929979</ele>
        <time>2026-04-28T03:16:31.009Z</time>
      </trkpt>
      <trkpt lat="44.487497" lon="5.564444">
        <ele>1003.605644</ele>
        <time>2026-04-28T03:16:52.946Z</time>
      </trkpt>
      <trkpt lat="44.487402" lon="5.564623">
        <ele>1007.343953</ele>
        <time>2026-04-28T03:17:14.888Z</time>
      </trkpt>
      <trkpt lat="44.487197" lon="5.564618">
        <ele>1012.397328</ele>
        <time>2026-04-28T03:17:43.649Z</time>
      </trkpt>
      <trkpt lat="44.486583" lon="5.564063">
        <ele>1030.184556</ele>
        <time>2026-04-28T03:19:28.687Z</time>
      </trkpt>
      <trkpt lat="44.486489" lon="5.563803">
        <ele>1035.330298</ele>
        <time>2026-04-28T03:19:59.928Z</time>
      </trkpt>
      <trkpt lat="44.486334" lon="5.563768">
        <ele>1039.149219</ele>
        <time>2026-04-28T03:20:22.676Z</time>
      </trkpt>
      <trkpt lat="44.485473" lon="5.562735">
        <ele>1057.985453</ele>
        <time>2026-04-28T03:22:40.595Z</time>
      </trkpt>
      <trkpt lat="44.485362" lon="5.562392">
        <ele>1061.233991</ele>
        <time>2026-04-28T03:23:03.319Z</time>
      </trkpt>
      <trkpt lat="44.485392" lon="5.561338">
        <ele>1070.258116</ele>
        <time>2026-04-28T03:23:49.150Z</time>
      </trkpt>
      <trkpt lat="44.48563" lon="5.560681">
        <ele>1072.273138</ele>
        <time>2026-04-28T03:24:14.819Z</time>
      </trkpt>
      <trkpt lat="44.485511" lon="5.560353">
        <ele>1072.961159</ele>
        <time>2026-04-28T03:24:27.374Z</time>
      </trkpt>
      <trkpt lat="44.485205" lon="5.560136">
        <ele>1073.859916</ele>
        <time>2026-04-28T03:24:44.310Z</time>
      </trkpt>
      <trkpt lat="44.48554" lon="5.55993">
        <ele>1074.846445</ele>
        <time>2026-04-28T03:25:04.098Z</time>
      </trkpt>
      <trkpt lat="44.485905" lon="5.559922">
        <ele>1075.911153</ele>
        <time>2026-04-28T03:25:26.167Z</time>
      </trkpt>
      <trkpt lat="44.486255" lon="5.560091">
        <ele>1080.068799</ele>
        <time>2026-04-28T03:25:51.030Z</time>
      </trkpt>
      <trkpt lat="44.486361" lon="5.560083">
        <ele>1081.261039</ele>
        <time>2026-04-28T03:25:58.560Z</time>
      </trkpt>
      <trkpt lat="44.486372" lon="5.559965">
        <ele>1082.337936</ele>
        <time>2026-04-28T03:26:05.758Z</time>
      </trkpt>
      <trkpt lat="44.48625" lon="5.559908">
        <ele>1083.863983</ele>
        <time>2026-04-28T03:26:14.619Z</time>
      </trkpt>
      <trkpt lat="44.485798" lon="5.559404">
        <ele>1090.350865</ele>
        <time>2026-04-28T03:26:57.119Z</time>
      </trkpt>
      <trkpt lat="44.485232" lon="5.559087">
        <ele>1097.367316</ele>
        <time>2026-04-28T03:27:48.044Z</time>
      </trkpt>
      <trkpt lat="44.484853" lon="5.558347">
        <ele>1105.707473</ele>
        <time>2026-04-28T03:28:37.439Z</time>
      </trkpt>
      <trkpt lat="44.48465" lon="5.558277">
        <ele>1108.461718</ele>
        <time>2026-04-28T03:28:52.678Z</time>
      </trkpt>
      <trkpt lat="44.484462" lon="5.558406">
        <ele>1111.164034</ele>
        <time>2026-04-28T03:29:07.661Z</time>
      </trkpt>
      <trkpt lat="44.484397" lon="5.558701">
        <ele>1114.008398</ele>
        <time>2026-04-28T03:29:23.634Z</time>
      </trkpt>
      <trkpt lat="44.484321" lon="5.558798">
        <ele>1115.323842</ele>
        <time>2026-04-28T03:29:31.017Z</time>
      </trkpt>
      <trkpt lat="44.4839" lon="5.558873">
        <ele>1120.948141</ele>
        <time>2026-04-28T03:30:01.406Z</time>
      </trkpt>
      <trkpt lat="44.483651" lon="5.559082">
        <ele>1124.965498</ele>
        <time>2026-04-28T03:30:22.512Z</time>
      </trkpt>
      <trkpt lat="44.483441" lon="5.559071">
        <ele>1127.874314</ele>
        <time>2026-04-28T03:30:38.402Z</time>
      </trkpt>
      <trkpt lat="44.483264" lon="5.55891">
        <ele>1130.795016</ele>
        <time>2026-04-28T03:30:54.662Z</time>
      </trkpt>
      <trkpt lat="44.482943" lon="5.558927">
        <ele>1135.336676</ele>
        <time>2026-04-28T03:31:21.419Z</time>
      </trkpt>
      <trkpt lat="44.482472" lon="5.559651">
        <ele>1144.74412</ele>
        <time>2026-04-28T03:32:19.289Z</time>
      </trkpt>
      <trkpt lat="44.482258" lon="5.559731">
        <ele>1146.963542</ele>
        <time>2026-04-28T03:32:35.750Z</time>
      </trkpt>
      <trkpt lat="44.482181" lon="5.559844">
        <ele>1148.080712</ele>
        <time>2026-04-28T03:32:43.746Z</time>
      </trkpt>
      <trkpt lat="44.482105" lon="5.560278">
        <ele>1151.292737</ele>
        <time>2026-04-28T03:33:05.932Z</time>
      </trkpt>
      <trkpt lat="44.481822" lon="5.560509">
        <ele>1154.593597</ele>
        <time>2026-04-28T03:33:26.543Z</time>
      </trkpt>
      <trkpt lat="44.481672" lon="5.561249">
        <ele>1160.164393</ele>
        <time>2026-04-28T03:33:58.773Z</time>
      </trkpt>
      <trkpt lat="44.4815" lon="5.561437">
        <ele>1162.286616</ele>
        <time>2026-04-28T03:34:10.606Z</time>
      </trkpt>
      <trkpt lat="44.481056" lon="5.561689">
        <ele>1166.393584</ele>
        <time>2026-04-28T03:34:36.428Z</time>
      </trkpt>
      <trkpt lat="44.480681" lon="5.562">
        <ele>1170.129387</ele>
        <time>2026-04-28T03:35:01.652Z</time>
      </trkpt>
      <trkpt lat="44.479138" lon="5.562349">
        <ele>1183.971027</ele>
        <time>2026-04-28T03:36:45.972Z</time>
      </trkpt>
      <trkpt lat="44.477179" lon="5.563572">
        <ele>1199.641532</ele>
        <time>2026-04-28T03:38:52.886Z</time>
      </trkpt>
      <trkpt lat="44.476936" lon="5.563651">
        <ele>1200.999281</ele>
        <time>2026-04-28T03:39:03.756Z</time>
      </trkpt>
      <trkpt lat="44.477105" lon="5.563851">
        <ele>1202.203214</ele>
        <time>2026-04-28T03:39:13.378Z</time>
      </trkpt>
      <trkpt lat="44.477675" lon="5.563866">
        <ele>1204.911247</ele>
        <time>2026-04-28T03:39:38.064Z</time>
      </trkpt>
      <trkpt lat="44.477517" lon="5.563981">
        <ele>1205.680034</ele>
        <time>2026-04-28T03:39:45.967Z</time>
      </trkpt>
      <trkpt lat="44.477134" lon="5.564024">
        <ele>1207.285737</ele>
        <time>2026-04-28T03:40:02.865Z</time>
      </trkpt>
      <trkpt lat="44.476093" lon="5.564549">
        <ele>1212.432732</ele>
        <time>2026-04-28T03:41:04.255Z</time>
      </trkpt>
      <trkpt lat="44.475113" lon="5.565171">
        <ele>1219.818441</ele>
        <time>2026-04-28T03:42:03.689Z</time>
      </trkpt>
      <trkpt lat="44.473026" lon="5.567183">
        <ele>1234.696104</ele>
        <time>2026-04-28T03:44:17.071Z</time>
      </trkpt>
      <trkpt lat="44.471737" lon="5.568347">
        <ele>1241.350409</ele>
        <time>2026-04-28T03:45:31.442Z</time>
      </trkpt>
      <trkpt lat="44.471369" lon="5.56883">
        <ele>1243.224572</ele>
        <time>2026-04-28T03:45:55.607Z</time>
      </trkpt>
      <trkpt lat="44.470956" lon="5.569088">
        <ele>1244.866681</ele>
        <time>2026-04-28T03:46:17.531Z</time>
      </trkpt>
      <trkpt lat="44.469459" lon="5.569777">
        <ele>1248.870076</ele>
        <time>2026-04-28T03:47:44.092Z</time>
      </trkpt>
      <trkpt lat="44.468054" lon="5.569806">
        <ele>1249.129553</ele>
        <time>2026-04-28T03:48:51.831Z</time>
      </trkpt>
      <trkpt lat="44.467671" lon="5.569645">
        <ele>1247.780501</ele>
        <time>2026-04-28T03:49:10.295Z</time>
      </trkpt>
      <trkpt lat="44.466554" lon="5.56971">
        <ele>1243.966474</ele>
        <time>2026-04-28T03:50:00.026Z</time>
      </trkpt>
      <trkpt lat="44.465741" lon="5.569859">
        <ele>1231.273567</ele>
        <time>2026-04-28T03:50:32.185Z</time>
      </trkpt>
      <trkpt lat="44.465542" lon="5.569457">
        <ele>1225.844173</ele>
        <time>2026-04-28T03:50:45.356Z</time>
      </trkpt>
      <trkpt lat="44.464934" lon="5.569247">
        <ele>1216.093523</ele>
        <time>2026-04-28T03:51:08.832Z</time>
      </trkpt>
      <trkpt lat="44.464911" lon="5.568707">
        <ele>1205.570824</ele>
        <time>2026-04-28T03:51:24.055Z</time>
      </trkpt>
      <trkpt lat="44.464658" lon="5.568555">
        <ele>1198.067973</ele>
        <time>2026-04-28T03:51:35.234Z</time>
      </trkpt>
      <trkpt lat="44.464685" lon="5.567436">
        <ele>1176.288802</ele>
        <time>2026-04-28T03:52:07.300Z</time>
      </trkpt>
      <trkpt lat="44.464472" lon="5.567691">
        <ele>1168.652856</ele>
        <time>2026-04-28T03:52:18.502Z</time>
      </trkpt>
      <trkpt lat="44.46415" lon="5.56736">
        <ele>1157.155055</ele>
        <time>2026-04-28T03:52:34.490Z</time>
      </trkpt>
      <trkpt lat="44.463814" lon="5.567303">
        <ele>1147.329323</ele>
        <time>2026-04-28T03:52:48.226Z</time>
      </trkpt>
      <trkpt lat="44.463438" lon="5.566699">
        <ele>1130.72307</ele>
        <time>2026-04-28T03:53:11.780Z</time>
      </trkpt>
      <trkpt lat="44.462889" lon="5.566">
        <ele>1109.686165</ele>
        <time>2026-04-28T03:53:42.071Z</time>
      </trkpt>
      <trkpt lat="44.462775" lon="5.565638">
        <ele>1102.196146</ele>
        <time>2026-04-28T03:53:53.313Z</time>
      </trkpt>
      <trkpt lat="44.462553" lon="5.565562">
        <ele>1096.134771</ele>
        <time>2026-04-28T03:54:02.320Z</time>
      </trkpt>
      <trkpt lat="44.462513" lon="5.566032">
        <ele>1087.174691</ele>
        <time>2026-04-28T03:54:15.485Z</time>
      </trkpt>
      <trkpt lat="44.462327" lon="5.565905">
        <ele>1081.686756</ele>
        <time>2026-04-28T03:54:23.477Z</time>
      </trkpt>
      <trkpt lat="44.462222" lon="5.565117">
        <ele>1066.553893</ele>
        <time>2026-04-28T03:54:45.387Z</time>
      </trkpt>
      <trkpt lat="44.462268" lon="5.564577">
        <ele>1056.837556</ele>
        <time>2026-04-28T03:55:00.410Z</time>
      </trkpt>
      <trkpt lat="44.462141" lon="5.564475">
        <ele>1053.173083</ele>
        <time>2026-04-28T03:55:06.136Z</time>
      </trkpt>
      <trkpt lat="44.461365" lon="5.564945">
        <ele>1032.010127</ele>
        <time>2026-04-28T03:55:39.732Z</time>
      </trkpt>
      <trkpt lat="44.461152" lon="5.565352">
        <ele>1022.992975</ele>
        <time>2026-04-28T03:55:53.141Z</time>
      </trkpt>
      <trkpt lat="44.460983" lon="5.565222">
        <ele>1019.973808</ele>
        <time>2026-04-28T03:56:00.320Z</time>
      </trkpt>
      <trkpt lat="44.461109" lon="5.564614">
        <ele>1013.694319</ele>
        <time>2026-04-28T03:56:17.246Z</time>
      </trkpt>
      <trkpt lat="44.461262" lon="5.564324">
        <ele>1010.117436</ele>
        <time>2026-04-28T03:56:26.921Z</time>
      </trkpt>
      <trkpt lat="44.461454" lon="5.563433">
        <ele>1000.886127</ele>
        <time>2026-04-28T03:56:52.408Z</time>
      </trkpt>
      <trkpt lat="44.461661" lon="5.563111">
        <ele>997.001919</ele>
        <time>2026-04-28T03:57:05.265Z</time>
      </trkpt>
      <trkpt lat="44.461638" lon="5.563026">
        <ele>996.678436</ele>
        <time>2026-04-28T03:57:08.040Z</time>
      </trkpt>
      <trkpt lat="44.461492" lon="5.563069">
        <ele>995.934589</ele>
        <time>2026-04-28T03:57:14.387Z</time>
      </trkpt>
      <trkpt lat="44.461209" lon="5.563648">
        <ele>993.430289</ele>
        <time>2026-04-28T03:57:36.567Z</time>
      </trkpt>
      <trkpt lat="44.460857" lon="5.56412">
        <ele>991.001026</ele>
        <time>2026-04-28T03:57:58.510Z</time>
      </trkpt>
      <trkpt lat="44.460634" lon="5.564656">
        <ele>988.793227</ele>
        <time>2026-04-28T03:58:18.007Z</time>
      </trkpt>
      <trkpt lat="44.460642" lon="5.564388">
        <ele>987.451684</ele>
        <time>2026-04-28T03:58:26.168Z</time>
      </trkpt>
      <trkpt lat="44.461017" lon="5.562833">
        <ele>976.301427</ele>
        <time>2026-04-28T03:59:12.116Z</time>
      </trkpt>
      <trkpt lat="44.460956" lon="5.562221">
        <ele>972.076782</ele>
        <time>2026-04-28T03:59:28.999Z</time>
      </trkpt>
      <trkpt lat="44.460765" lon="5.561856">
        <ele>968.732411</ele>
        <time>2026-04-28T03:59:41.330Z</time>
      </trkpt>
      <trkpt lat="44.460497" lon="5.561577">
        <ele>965.157057</ele>
        <time>2026-04-28T03:59:54.134Z</time>
      </trkpt>
      <trkpt lat="44.46029" lon="5.561545">
        <ele>962.926958</ele>
        <time>2026-04-28T04:00:02.117Z</time>
      </trkpt>
      <trkpt lat="44.460183" lon="5.561449">
        <ele>961.566363</ele>
        <time>2026-04-28T04:00:06.988Z</time>
      </trkpt>
      <trkpt lat="44.460167" lon="5.561127">
        <ele>959.052689</ele>
        <time>2026-04-28T04:00:15.932Z</time>
      </trkpt>
      <trkpt lat="44.459999" lon="5.560998">
        <ele>957.001211</ele>
        <time>2026-04-28T04:00:23.273Z</time>
      </trkpt>
      <trkpt lat="44.459654" lon="5.560558">
        <ele>952.005406</ele>
        <time>2026-04-28T04:00:41.270Z</time>
      </trkpt>
      <trkpt lat="44.459425" lon="5.560408">
        <ele>949.29849</ele>
        <time>2026-04-28T04:00:51.169Z</time>
      </trkpt>
      <trkpt lat="44.459264" lon="5.56015">
        <ele>946.679243</ele>
        <time>2026-04-28T04:01:00.716Z</time>
      </trkpt>
      <trkpt lat="44.459249" lon="5.559614">
        <ele>942.5795</ele>
        <time>2026-04-28T04:01:15.633Z</time>
      </trkpt>
      <trkpt lat="44.459425" lon="5.559077">
        <ele>938.006879</ele>
        <time>2026-04-28T04:01:32.071Z</time>
      </trkpt>
      <trkpt lat="44.45921" lon="5.558541">
        <ele>933.307689</ele>
        <time>2026-04-28T04:01:48.769Z</time>
      </trkpt>
      <trkpt lat="44.458889" lon="5.558037">
        <ele>927.008583</ele>
        <time>2026-04-28T04:02:07.075Z</time>
      </trkpt>
      <trkpt lat="44.458644" lon="5.557908">
        <ele>923.499019</ele>
        <time>2026-04-28T04:02:16.956Z</time>
      </trkpt>
      <trkpt lat="44.458429" lon="5.557586">
        <ele>919.278949</ele>
        <time>2026-04-28T04:02:28.800Z</time>
      </trkpt>
      <trkpt lat="44.458284" lon="5.557179">
        <ele>914.925321</ele>
        <time>2026-04-28T04:02:41.064Z</time>
      </trkpt>
      <trkpt lat="44.458307" lon="5.557007">
        <ele>913.250489</ele>
        <time>2026-04-28T04:02:45.770Z</time>
      </trkpt>
      <trkpt lat="44.458552" lon="5.556771">
        <ele>909.263692</ele>
        <time>2026-04-28T04:02:57.015Z</time>
      </trkpt>
      <trkpt lat="44.458616" lon="5.556516">
        <ele>906.986891</ele>
        <time>2026-04-28T04:03:04.335Z</time>
      </trkpt>
      <trkpt lat="44.458636" lon="5.555784">
        <ele>901.148119</ele>
        <time>2026-04-28T04:03:24.229Z</time>
      </trkpt>
      <trkpt lat="44.458697" lon="5.555548">
        <ele>899.14751</ele>
        <time>2026-04-28T04:03:31.087Z</time>
      </trkpt>
      <trkpt lat="44.458483" lon="5.555365">
        <ele>896.347761</ele>
        <time>2026-04-28T04:03:40.761Z</time>
      </trkpt>
      <trkpt lat="44.457587" lon="5.553413">
        <ele>878.517707</ele>
        <time>2026-04-28T04:04:44.639Z</time>
      </trkpt>
      <trkpt lat="44.457334" lon="5.553112">
        <ele>875.058986</ele>
        <time>2026-04-28T04:04:57.386Z</time>
      </trkpt>
      <trkpt lat="44.457234" lon="5.552565">
        <ele>870.835655</ele>
        <time>2026-04-28T04:05:13.085Z</time>
      </trkpt>
      <trkpt lat="44.456921" lon="5.552072">
        <ele>866.043196</ele>
        <time>2026-04-28T04:05:31.545Z</time>
      </trkpt>
      <trkpt lat="44.456522" lon="5.551256">
        <ele>858.91056</ele>
        <time>2026-04-28T04:05:58.938Z</time>
      </trkpt>
      <trkpt lat="44.456254" lon="5.55087">
        <ele>855.027402</ele>
        <time>2026-04-28T04:06:13.725Z</time>
      </trkpt>
      <trkpt lat="44.455956" lon="5.549947">
        <ele>847.899411</ele>
        <time>2026-04-28T04:06:41.680Z</time>
      </trkpt>
      <trkpt lat="44.455573" lon="5.549228">
        <ele>841.730752</ele>
        <time>2026-04-28T04:07:06.709Z</time>
      </trkpt>
      <trkpt lat="44.455355" lon="5.548637">
        <ele>837.15656</ele>
        <time>2026-04-28T04:07:25.405Z</time>
      </trkpt>
      <trkpt lat="44.45503" lon="5.548402">
        <ele>833.610604</ele>
        <time>2026-04-28T04:07:40.175Z</time>
      </trkpt>
      <trkpt lat="44.454971" lon="5.547194">
        <ele>825.892761</ele>
        <time>2026-04-28T04:08:14.717Z</time>
      </trkpt>
      <trkpt lat="44.454607" lon="5.546284">
        <ele>819.258444</ele>
        <time>2026-04-28T04:08:44.122Z</time>
      </trkpt>
      <trkpt lat="44.454315" lon="5.545927">
        <ele>816.415261</ele>
        <time>2026-04-28T04:08:59.531Z</time>
      </trkpt>
      <trkpt lat="44.453892" lon="5.545674">
        <ele>813.343868</ele>
        <time>2026-04-28T04:09:18.436Z</time>
      </trkpt>
      <trkpt lat="44.453676" lon="5.545204">
        <ele>810.671538</ele>
        <time>2026-04-28T04:09:35.617Z</time>
      </trkpt>
      <trkpt lat="44.45343" lon="5.544886">
        <ele>808.444852</ele>
        <time>2026-04-28T04:09:49.748Z</time>
      </trkpt>
      <trkpt lat="44.453398" lon="5.544648">
        <ele>807.255406</ele>
        <time>2026-04-28T04:09:57.286Z</time>
      </trkpt>
      <trkpt lat="44.453553" lon="5.544359">
        <ele>805.537215</ele>
        <time>2026-04-28T04:10:08.362Z</time>
      </trkpt>
      <trkpt lat="44.453545" lon="5.544224">
        <ele>804.860775</ele>
        <time>2026-04-28T04:10:12.789Z</time>
      </trkpt>
      <trkpt lat="44.453388" lon="5.544211">
        <ele>803.793973</ele>
        <time>2026-04-28T04:10:19.804Z</time>
      </trkpt>
      <trkpt lat="44.45339" lon="5.544306">
        <ele>803.352525</ele>
        <time>2026-04-28T04:10:22.254Z</time>
      </trkpt>
      <trkpt lat="44.453073" lon="5.545056">
        <ele>799.304028</ele>
        <time>2026-04-28T04:10:44.775Z</time>
      </trkpt>
      <trkpt lat="44.452981" lon="5.545089">
        <ele>798.686075</ele>
        <time>2026-04-28T04:10:48.135Z</time>
      </trkpt>
      <trkpt lat="44.452233" lon="5.544293">
        <ele>792.366041</ele>
        <time>2026-04-28T04:11:20.416Z</time>
      </trkpt>
      <trkpt lat="44.451746" lon="5.54385">
        <ele>788.239158</ele>
        <time>2026-04-28T04:11:40.579Z</time>
      </trkpt>
      <trkpt lat="44.451146" lon="5.543576">
        <ele>783.756172</ele>
        <time>2026-04-28T04:12:02.577Z</time>
      </trkpt>
      <trkpt lat="44.450502" lon="5.543395">
        <ele>780.360034</ele>
        <time>2026-04-28T04:12:26.398Z</time>
      </trkpt>
      <trkpt lat="44.450185" lon="5.543099">
        <ele>778.933545</ele>
        <time>2026-04-28T04:12:40.748Z</time>
      </trkpt>
      <trkpt lat="44.451082" lon="5.54027">
        <ele>769.029721</ele>
        <time>2026-04-28T04:14:04.385Z</time>
      </trkpt>
      <trkpt lat="44.451245" lon="5.539233">
        <ele>765.125078</ele>
        <time>2026-04-28T04:14:30.837Z</time>
      </trkpt>
      <trkpt lat="44.451355" lon="5.537521">
        <ele>758.748872</ele>
        <time>2026-04-28T04:15:14.641Z</time>
      </trkpt>
      <trkpt lat="44.450268" lon="5.536918">
        <ele>757.082875</ele>
        <time>2026-04-28T04:16:01.008Z</time>
      </trkpt>
      <trkpt lat="44.450233" lon="5.53647">
        <ele>757.356111</ele>
        <time>2026-04-28T04:16:15.067Z</time>
      </trkpt>
      <trkpt lat="44.44949" lon="5.533812">
        <ele>762.429802</ele>
        <time>2026-04-28T04:17:50.324Z</time>
      </trkpt>
      <trkpt lat="44.449128" lon="5.533242">
        <ele>764.288329</ele>
        <time>2026-04-28T04:18:16.349Z</time>
      </trkpt>
      <trkpt lat="44.449064" lon="5.532902">
        <ele>765.097219</ele>
        <time>2026-04-28T04:18:28.231Z</time>
      </trkpt>
      <trkpt lat="44.448677" lon="5.531958">
        <ele>767.601478</ele>
        <time>2026-04-28T04:19:04.226Z</time>
      </trkpt>
      <trkpt lat="44.44835" lon="5.531354">
        <ele>769.345351</ele>
        <time>2026-04-28T04:19:28.666Z</time>
      </trkpt>
      <trkpt lat="44.44782" lon="5.529813">
        <ele>776.064268</ele>
        <time>2026-04-28T04:20:28.837Z</time>
      </trkpt>
      <trkpt lat="44.447761" lon="5.529556">
        <ele>777.203155</ele>
        <time>2026-04-28T04:20:40.222Z</time>
      </trkpt>
      <trkpt lat="44.447775" lon="5.528876">
        <ele>780.083737</ele>
        <time>2026-04-28T04:21:09.812Z</time>
      </trkpt>
      <trkpt lat="44.447404" lon="5.528182">
        <ele>784.370953</ele>
        <time>2026-04-28T04:21:44.512Z</time>
      </trkpt>
      <trkpt lat="44.44728" lon="5.528238">
        <ele>785.283834</ele>
        <time>2026-04-28T04:21:51.855Z</time>
      </trkpt>
      <trkpt lat="44.447131" lon="5.528973">
        <ele>789.105901</ele>
        <time>2026-04-28T04:22:22.447Z</time>
      </trkpt>
      <trkpt lat="44.447007" lon="5.529022">
        <ele>790.008654</ele>
        <time>2026-04-28T04:22:29.669Z</time>
      </trkpt>
      <trkpt lat="44.44612" lon="5.527266">
        <ele>797.955603</ele>
        <time>2026-04-28T04:23:49.425Z</time>
      </trkpt>
      <trkpt lat="44.446105" lon="5.527134">
        <ele>798.375748</ele>
        <time>2026-04-28T04:23:53.837Z</time>
      </trkpt>
      <trkpt lat="44.446219" lon="5.527092">
        <ele>798.894762</ele>
        <time>2026-04-28T04:23:59.366Z</time>
      </trkpt>
      <trkpt lat="44.446393" lon="5.527398">
        <ele>800.124443</ele>
        <time>2026-04-28T04:24:12.340Z</time>
      </trkpt>
      <trkpt lat="44.446556" lon="5.527544">
        <ele>800.976318</ele>
        <time>2026-04-28T04:24:21.192Z</time>
      </trkpt>
      <trkpt lat="44.446621" lon="5.527752">
        <ele>801.874323</ele>
        <time>2026-04-28T04:24:28.492Z</time>
      </trkpt>
      <trkpt lat="44.446754" lon="5.527925">
        <ele>802.920087</ele>
        <time>2026-04-28T04:24:36.650Z</time>
      </trkpt>
      <trkpt lat="44.446829" lon="5.527891">
        <ele>803.374286</ele>
        <time>2026-04-28T04:24:40.205Z</time>
      </trkpt>
      <trkpt lat="44.446839" lon="5.527675">
        <ele>804.264631</ele>
        <time>2026-04-28T04:24:47.119Z</time>
      </trkpt>
      <trkpt lat="44.446735" lon="5.527523">
        <ele>805.130643</ele>
        <time>2026-04-28T04:24:55.221Z</time>
      </trkpt>
      <trkpt lat="44.446616" lon="5.526391">
        <ele>809.837151</ele>
        <time>2026-04-28T04:25:46.489Z</time>
      </trkpt>
      <trkpt lat="44.44674" lon="5.52635">
        <ele>810.571245</ele>
        <time>2026-04-28T04:25:56.663Z</time>
      </trkpt>
      <trkpt lat="44.446824" lon="5.526718">
        <ele>812.70501</ele>
        <time>2026-04-28T04:26:18.372Z</time>
      </trkpt>
      <trkpt lat="44.446933" lon="5.526822">
        <ele>814.052461</ele>
        <time>2026-04-28T04:26:28.880Z</time>
      </trkpt>
      <trkpt lat="44.447483" lon="5.525905">
        <ele>822.788646</ele>
        <time>2026-04-28T04:27:39.363Z</time>
      </trkpt>
      <trkpt lat="44.447612" lon="5.525204">
        <ele>828.078733</ele>
        <time>2026-04-28T04:28:21.226Z</time>
      </trkpt>
      <trkpt lat="44.447746" lon="5.524885">
        <ele>830.58754</ele>
        <time>2026-04-28T04:28:40.743Z</time>
      </trkpt>
      <trkpt lat="44.447721" lon="5.524401">
        <ele>833.412714</ele>
        <time>2026-04-28T04:29:04.844Z</time>
      </trkpt>
      <trkpt lat="44.447648" lon="5.52424">
        <ele>834.523122</ele>
        <time>2026-04-28T04:29:13.875Z</time>
      </trkpt>
      <trkpt lat="44.447511" lon="5.524197">
        <ele>835.668089</ele>
        <time>2026-04-28T04:29:23.197Z</time>
      </trkpt>
      <trkpt lat="44.447239" lon="5.524278">
        <ele>837.949382</ele>
        <time>2026-04-28T04:29:41.556Z</time>
      </trkpt>
      <trkpt lat="44.447078" lon="5.524197">
        <ele>839.34449</ele>
        <time>2026-04-28T04:29:52.885Z</time>
      </trkpt>
      <trkpt lat="44.446389" lon="5.523575">
        <ele>846.274887</ele>
        <time>2026-04-28T04:30:49.643Z</time>
      </trkpt>
      <trkpt lat="44.446274" lon="5.522835">
        <ele>851.413355</ele>
        <time>2026-04-28T04:31:28.969Z</time>
      </trkpt>
      <trkpt lat="44.446013" lon="5.522131">
        <ele>856.746301</ele>
        <time>2026-04-28T04:32:11.487Z</time>
      </trkpt>
      <trkpt lat="44.445837" lon="5.522035">
        <ele>858.524539</ele>
        <time>2026-04-28T04:32:26.072Z</time>
      </trkpt>
      <trkpt lat="44.445194" lon="5.522057">
        <ele>865.196135</ele>
        <time>2026-04-28T04:33:16.798Z</time>
      </trkpt>
      <trkpt lat="44.44455" lon="5.52232">
        <ele>872.757328</ele>
        <time>2026-04-28T04:34:12.570Z</time>
      </trkpt>
      <trkpt lat="44.444071" lon="5.522395">
        <ele>878.183977</ele>
        <time>2026-04-28T04:34:53.839Z</time>
      </trkpt>
      <trkpt lat="44.4437" lon="5.522582">
        <ele>882.488601</ele>
        <time>2026-04-28T04:35:27.132Z</time>
      </trkpt>
      <trkpt lat="44.442662" lon="5.522722">
        <ele>892.555692</ele>
        <time>2026-04-28T04:36:45.887Z</time>
      </trkpt>
      <trkpt lat="44.440805" lon="5.523473">
        <ele>911.90293</ele>
        <time>2026-04-28T04:39:07.832Z</time>
      </trkpt>
      <trkpt lat="44.439819" lon="5.524019">
        <ele>923.581951</ele>
        <time>2026-04-28T04:40:38.017Z</time>
      </trkpt>
      <trkpt lat="44.439273" lon="5.524095">
        <ele>930.062292</ele>
        <time>2026-04-28T04:41:24.568Z</time>
      </trkpt>
      <trkpt lat="44.438717" lon="5.524444">
        <ele>937.305652</ele>
        <time>2026-04-28T04:42:15.777Z</time>
      </trkpt>
      <trkpt lat="44.438572" lon="5.52446">
        <ele>939.06229</ele>
        <time>2026-04-28T04:42:27.986Z</time>
      </trkpt>
      <trkpt lat="44.438403" lon="5.524337">
        <ele>941.528124</ele>
        <time>2026-04-28T04:42:43.889Z</time>
      </trkpt>
      <trkpt lat="44.437058" lon="5.524303">
        <ele>958.978114</ele>
        <time>2026-04-28T04:44:40.535Z</time>
      </trkpt>
      <trkpt lat="44.436465" lon="5.524133">
        <ele>967.772591</ele>
        <time>2026-04-28T04:45:38.673Z</time>
      </trkpt>
      <trkpt lat="44.436228" lon="5.52417">
        <ele>971.48252</ele>
        <time>2026-04-28T04:46:03.604Z</time>
      </trkpt>
      <trkpt lat="44.43599" lon="5.523966">
        <ele>975.813395</ele>
        <time>2026-04-28T04:46:31.993Z</time>
      </trkpt>
      <trkpt lat="44.435867" lon="5.523993">
        <ele>977.724015</ele>
        <time>2026-04-28T04:46:44.199Z</time>
      </trkpt>
      <trkpt lat="44.43573" lon="5.524385">
        <ele>982.559533</ele>
        <time>2026-04-28T04:47:13.893Z</time>
      </trkpt>
      <trkpt lat="44.43573" lon="5.524578">
        <ele>984.674368</ele>
        <time>2026-04-28T04:47:26.261Z</time>
      </trkpt>
      <trkpt lat="44.435864" lon="5.525055">
        <ele>990.062123</ele>
        <time>2026-04-28T04:48:00.312Z</time>
      </trkpt>
      <trkpt lat="44.435645" lon="5.525125">
        <ele>992.333357</ele>
        <time>2026-04-28T04:48:22.947Z</time>
      </trkpt>
      <trkpt lat="44.435343" lon="5.524748">
        <ele>996.421799</ele>
        <time>2026-04-28T04:49:00.549Z</time>
      </trkpt>
      <trkpt lat="44.435255" lon="5.52476">
        <ele>997.300262</ele>
        <time>2026-04-28T04:49:07.697Z</time>
      </trkpt>
      <trkpt lat="44.435035" lon="5.525092">
        <ele>1000.526284</ele>
        <time>2026-04-28T04:49:28.847Z</time>
      </trkpt>
      <trkpt lat="44.434917" lon="5.525565">
        <ele>1004.181038</ele>
        <time>2026-04-28T04:49:52.316Z</time>
      </trkpt>
      <trkpt lat="44.434799" lon="5.525544">
        <ele>1005.362861</ele>
        <time>2026-04-28T04:50:00.194Z</time>
      </trkpt>
      <trkpt lat="44.434634" lon="5.524986">
        <ele>1008.771771</ele>
        <time>2026-04-28T04:50:29.224Z</time>
      </trkpt>
      <trkpt lat="44.434565" lon="5.524911">
        <ele>1009.290745</ele>
        <time>2026-04-28T04:50:34.768Z</time>
      </trkpt>
      <trkpt lat="44.433937" lon="5.525082">
        <ele>1013.106911</ele>
        <time>2026-04-28T04:51:10.198Z</time>
      </trkpt>
      <trkpt lat="44.433776" lon="5.525066">
        <ele>1014.065883</ele>
        <time>2026-04-28T04:51:18.514Z</time>
      </trkpt>
      <trkpt lat="44.4336" lon="5.52497">
        <ele>1015.188088</ele>
        <time>2026-04-28T04:51:29.186Z</time>
      </trkpt>
      <trkpt lat="44.433412" lon="5.524492">
        <ele>1017.503294</ele>
        <time>2026-04-28T04:51:56.206Z</time>
      </trkpt>
      <trkpt lat="44.433098" lon="5.524374">
        <ele>1021.332153</ele>
        <time>2026-04-28T04:52:21.785Z</time>
      </trkpt>
      <trkpt lat="44.43234" lon="5.524658">
        <ele>1032.482462</ele>
        <time>2026-04-28T04:53:31.309Z</time>
      </trkpt>
      <trkpt lat="44.431895" lon="5.524594">
        <ele>1038.849029</ele>
        <time>2026-04-28T04:54:18.180Z</time>
      </trkpt>
      <trkpt lat="44.431581" lon="5.524353">
        <ele>1043.903662</ele>
        <time>2026-04-28T04:54:57.068Z</time>
      </trkpt>
      <trkpt lat="44.431355" lon="5.524417">
        <ele>1047.012449</ele>
        <time>2026-04-28T04:55:21.300Z</time>
      </trkpt>
      <trkpt lat="44.431244" lon="5.52438">
        <ele>1048.529744</ele>
        <time>2026-04-28T04:55:32.686Z</time>
      </trkpt>
      <trkpt lat="44.431213" lon="5.524186">
        <ele>1050.417496</ele>
        <time>2026-04-28T04:55:46.348Z</time>
      </trkpt>
      <trkpt lat="44.430991" lon="5.523966">
        <ele>1054.03402</ele>
        <time>2026-04-28T04:56:11.317Z</time>
      </trkpt>
      <trkpt lat="44.430746" lon="5.523414">
        <ele>1060.205736</ele>
        <time>2026-04-28T04:56:51.512Z</time>
      </trkpt>
      <trkpt lat="44.430861" lon="5.522937">
        <ele>1065.007729</ele>
        <time>2026-04-28T04:57:20.512Z</time>
      </trkpt>
      <trkpt lat="44.430495" lon="5.521896">
        <ele>1072.854828</ele>
        <time>2026-04-28T04:58:19.620Z</time>
      </trkpt>
      <trkpt lat="44.430408" lon="5.52116">
        <ele>1077.304304</ele>
        <time>2026-04-28T04:58:53.776Z</time>
      </trkpt>
      <trkpt lat="44.430616" lon="5.51978">
        <ele>1087.482771</ele>
        <time>2026-04-28T05:00:06.153Z</time>
      </trkpt>
      <trkpt lat="44.430586" lon="5.519516">
        <ele>1089.946612</ele>
        <time>2026-04-28T05:00:22.404Z</time>
      </trkpt>
      <trkpt lat="44.430502" lon="5.519269">
        <ele>1092.468135</ele>
        <time>2026-04-28T05:00:39.460Z</time>
      </trkpt>
      <trkpt lat="44.430129" lon="5.518731">
        <ele>1099.390347</ele>
        <time>2026-04-28T05:01:28.766Z</time>
      </trkpt>
      <trkpt lat="44.430197" lon="5.51829">
        <ele>1103.548646</ele>
        <time>2026-04-28T05:02:00.040Z</time>
      </trkpt>
      <trkpt lat="44.430221" lon="5.517408">
        <ele>1111.931873</ele>
        <time>2026-04-28T05:03:00.400Z</time>
      </trkpt>
      <trkpt lat="44.43031" lon="5.517108">
        <ele>1115.04998</ele>
        <time>2026-04-28T05:03:21.544Z</time>
      </trkpt>
      <trkpt lat="44.430507" lon="5.516848">
        <ele>1118.688555</ele>
        <time>2026-04-28T05:03:45.378Z</time>
      </trkpt>
      <trkpt lat="44.43083" lon="5.516172">
        <ele>1126.495498</ele>
        <time>2026-04-28T05:04:34.413Z</time>
      </trkpt>
      <trkpt lat="44.431018" lon="5.515496">
        <ele>1133.661473</ele>
        <time>2026-04-28T05:05:18.907Z</time>
      </trkpt>
      <trkpt lat="44.431275" lon="5.5151">
        <ele>1139.06981</ele>
        <time>2026-04-28T05:05:52.704Z</time>
      </trkpt>
      <trkpt lat="44.430507" lon="5.515338">
        <ele>1150.202748</ele>
        <time>2026-04-28T05:07:04.498Z</time>
      </trkpt>
      <trkpt lat="44.42983" lon="5.516169">
        <ele>1165.098851</ele>
        <time>2026-04-28T05:08:33.797Z</time>
      </trkpt>
      <trkpt lat="44.429388" lon="5.516424">
        <ele>1173.777302</ele>
        <time>2026-04-28T05:09:25.526Z</time>
      </trkpt>
      <trkpt lat="44.428731" lon="5.517374">
        <ele>1191.21417</ele>
        <time>2026-04-28T05:11:13.151Z</time>
      </trkpt>
      <trkpt lat="44.428467" lon="5.517594">
        <ele>1197.462155</ele>
        <time>2026-04-28T05:11:48.738Z</time>
      </trkpt>
      <trkpt lat="44.428329" lon="5.518017">
        <ele>1204.059903</ele>
        <time>2026-04-28T05:12:26.608Z</time>
      </trkpt>
      <trkpt lat="44.427985" lon="5.518646">
        <ele>1215.223451</ele>
        <time>2026-04-28T05:13:31.797Z</time>
      </trkpt>
      <trkpt lat="44.427494" lon="5.518998">
        <ele>1226.342137</ele>
        <time>2026-04-28T05:14:34.223Z</time>
      </trkpt>
      <trkpt lat="44.427315" lon="5.519585">
        <ele>1236.135381</ele>
        <time>2026-04-28T05:15:31.098Z</time>
      </trkpt>
      <trkpt lat="44.426902" lon="5.519996">
        <ele>1247.021296</ele>
        <time>2026-04-28T05:16:36.569Z</time>
      </trkpt>
      <trkpt lat="44.426381" lon="5.521018">
        <ele>1265.295228</ele>
        <time>2026-04-28T05:18:30.452Z</time>
      </trkpt>
      <trkpt lat="44.426064" lon="5.52184">
        <ele>1276.223774</ele>
        <time>2026-04-28T05:19:52.614Z</time>
      </trkpt>
      <trkpt lat="44.425806" lon="5.521253">
        <ele>1284.287065</ele>
        <time>2026-04-28T05:20:42.814Z</time>
      </trkpt>
      <trkpt lat="44.425651" lon="5.520431">
        <ele>1289.568039</ele>
        <time>2026-04-28T05:21:31.084Z</time>
      </trkpt>
      <trkpt lat="44.425621" lon="5.519694">
        <ele>1283.056361</ele>
        <time>2026-04-28T05:21:56.493Z</time>
      </trkpt>
      <trkpt lat="44.425357" lon="5.519333">
        <ele>1278.498557</ele>
        <time>2026-04-28T05:22:10.472Z</time>
      </trkpt>
      <trkpt lat="44.425185" lon="5.519224">
        <ele>1276.166619</ele>
        <time>2026-04-28T05:22:17.514Z</time>
      </trkpt>
      <trkpt lat="44.425231" lon="5.519291">
        <ele>1275.346787</ele>
        <time>2026-04-28T05:22:19.984Z</time>
      </trkpt>
      <trkpt lat="44.425101" lon="5.519734">
        <ele>1271.121985</ele>
        <time>2026-04-28T05:22:33.449Z</time>
      </trkpt>
      <trkpt lat="44.424843" lon="5.519817">
        <ele>1264.425318</ele>
        <time>2026-04-28T05:22:44.889Z</time>
      </trkpt>
      <trkpt lat="44.424739" lon="5.519957">
        <ele>1258.188482</ele>
        <time>2026-04-28T05:22:51.903Z</time>
      </trkpt>
      <trkpt lat="44.424578" lon="5.520005">
        <ele>1251.525219</ele>
        <time>2026-04-28T05:22:59.848Z</time>
      </trkpt>
      <trkpt lat="44.424542" lon="5.520152">
        <ele>1247.03265</ele>
        <time>2026-04-28T05:23:05.569Z</time>
      </trkpt>
      <trkpt lat="44.424299" lon="5.520284">
        <ele>1236.4819</ele>
        <time>2026-04-28T05:23:19.656Z</time>
      </trkpt>
      <trkpt lat="44.424264" lon="5.520244">
        <ele>1234.653114</ele>
        <time>2026-04-28T05:23:22.158Z</time>
      </trkpt>
      <trkpt lat="44.424296" lon="5.520195">
        <ele>1232.733598</ele>
        <time>2026-04-28T05:23:24.789Z</time>
      </trkpt>
      <trkpt lat="44.424165" lon="5.520155">
        <ele>1227.306185</ele>
        <time>2026-04-28T05:23:32.290Z</time>
      </trkpt>
      <trkpt lat="44.423957" lon="5.520162">
        <ele>1218.312165</ele>
        <time>2026-04-28T05:23:44.662Z</time>
      </trkpt>
      <trkpt lat="44.423818" lon="5.520214">
        <ele>1212.22553</ele>
        <time>2026-04-28T05:23:52.967Z</time>
      </trkpt>
      <trkpt lat="44.423749" lon="5.520061">
        <ele>1206.73937</ele>
        <time>2026-04-28T05:24:00.281Z</time>
      </trkpt>
      <trkpt lat="44.42344" lon="5.520147">
        <ele>1194.516418</ele>
        <time>2026-04-28T05:24:16.806Z</time>
      </trkpt>
      <trkpt lat="44.423482" lon="5.520034">
        <ele>1192.162022</ele>
        <time>2026-04-28T05:24:21.020Z</time>
      </trkpt>
      <trkpt lat="44.423425" lon="5.519881">
        <ele>1188.899898</ele>
        <time>2026-04-28T05:24:26.714Z</time>
      </trkpt>
      <trkpt lat="44.423247" lon="5.519852">
        <ele>1184.2624</ele>
        <time>2026-04-28T05:24:34.566Z</time>
      </trkpt>
      <trkpt lat="44.423193" lon="5.519761">
        <ele>1182.075705</ele>
        <time>2026-04-28T05:24:38.127Z</time>
      </trkpt>
      <trkpt lat="44.423096" lon="5.519251">
        <ele>1172.248726</ele>
        <time>2026-04-28T05:24:53.330Z</time>
      </trkpt>
      <trkpt lat="44.42314" lon="5.518146">
        <ele>1151.754889</ele>
        <time>2026-04-28T05:25:22.978Z</time>
      </trkpt>
      <trkpt lat="44.422992" lon="5.517288">
        <ele>1143.70404</ele>
        <time>2026-04-28T05:25:47.214Z</time>
      </trkpt>
      <trkpt lat="44.423013" lon="5.516231">
        <ele>1135.250612</ele>
        <time>2026-04-28T05:26:16.397Z</time>
      </trkpt>
      <trkpt lat="44.423166" lon="5.515568">
        <ele>1129.74427</ele>
        <time>2026-04-28T05:26:35.469Z</time>
      </trkpt>
      <trkpt lat="44.422435" lon="5.514386">
        <ele>1121.437488</ele>
        <time>2026-04-28T05:27:19.156Z</time>
      </trkpt>
      <trkpt lat="44.422159" lon="5.513526">
        <ele>1116.543253</ele>
        <time>2026-04-28T05:27:48.753Z</time>
      </trkpt>
      <trkpt lat="44.422123" lon="5.513051">
        <ele>1116.400104</ele>
        <time>2026-04-28T05:28:04.686Z</time>
      </trkpt>
      <trkpt lat="44.42225" lon="5.512328">
        <ele>1116.176975</ele>
        <time>2026-04-28T05:28:30.367Z</time>
      </trkpt>
      <trkpt lat="44.421625" lon="5.511423">
        <ele>1115.79847</ele>
        <time>2026-04-28T05:29:15.366Z</time>
      </trkpt>
      <trkpt lat="44.421618" lon="5.511261">
        <ele>1115.605749</ele>
        <time>2026-04-28T05:29:20.090Z</time>
      </trkpt>
      <trkpt lat="44.421482" lon="5.510962">
        <ele>1115.155663</ele>
        <time>2026-04-28T05:29:30.223Z</time>
      </trkpt>
      <trkpt lat="44.420916" lon="5.510387">
        <ele>1113.912501</ele>
        <time>2026-04-28T05:29:58.636Z</time>
      </trkpt>
      <trkpt lat="44.420816" lon="5.510359">
        <ele>1113.731207</ele>
        <time>2026-04-28T05:30:02.904Z</time>
      </trkpt>
      <trkpt lat="44.420131" lon="5.509584">
        <ele>1109.750216</ele>
        <time>2026-04-28T05:30:36.119Z</time>
      </trkpt>
      <trkpt lat="44.420325" lon="5.509102">
        <ele>1105.072662</ele>
        <time>2026-04-28T05:30:49.708Z</time>
      </trkpt>
      <trkpt lat="44.420409" lon="5.508467">
        <ele>1099.660167</ele>
        <time>2026-04-28T05:31:04.581Z</time>
      </trkpt>
      <trkpt lat="44.420596" lon="5.507718">
        <ele>1093.010273</ele>
        <time>2026-04-28T05:31:22.693Z</time>
      </trkpt>
      <trkpt lat="44.420571" lon="5.506971">
        <ele>1084.233752</ele>
        <time>2026-04-28T05:31:39.842Z</time>
      </trkpt>
      <trkpt lat="44.420356" lon="5.506881">
        <ele>1080.263976</ele>
        <time>2026-04-28T05:31:46.986Z</time>
      </trkpt>
      <trkpt lat="44.420311" lon="5.506697">
        <ele>1077.806641</ele>
        <time>2026-04-28T05:31:51.386Z</time>
      </trkpt>
      <trkpt lat="44.420347" lon="5.506489">
        <ele>1075.102523</ele>
        <time>2026-04-28T05:31:56.253Z</time>
      </trkpt>
      <trkpt lat="44.420278" lon="5.5054">
        <ele>1061.271701</ele>
        <time>2026-04-28T05:32:21.150Z</time>
      </trkpt>
      <trkpt lat="44.420403" lon="5.50472">
        <ele>1053.305295</ele>
        <time>2026-04-28T05:32:37.163Z</time>
      </trkpt>
      <trkpt lat="44.420415" lon="5.503866">
        <ele>1043.856596</ele>
        <time>2026-04-28T05:32:56.655Z</time>
      </trkpt>
      <trkpt lat="44.420129" lon="5.501966">
        <ele>1024.570889</ele>
        <time>2026-04-28T05:33:41.304Z</time>
      </trkpt>
      <trkpt lat="44.420137" lon="5.50034">
        <ele>1010.754219</ele>
        <time>2026-04-28T05:34:20.793Z</time>
      </trkpt>
      <trkpt lat="44.420235" lon="5.499867">
        <ele>1009.703449</ele>
        <time>2026-04-28T05:34:35.408Z</time>
      </trkpt>
      <trkpt lat="44.41999" lon="5.499537">
        <ele>1008.81998</ele>
        <time>2026-04-28T05:34:50.737Z</time>
      </trkpt>
      <trkpt lat="44.419948" lon="5.499273">
        <ele>1008.323363</ele>
        <time>2026-04-28T05:34:59.749Z</time>
      </trkpt>
      <trkpt lat="44.420128" lon="5.498113">
        <ele>1006.140625</ele>
        <time>2026-04-28T05:35:41.022Z</time>
      </trkpt>
      <trkpt lat="44.420146" lon="5.49736">
        <ele>1006.60292</ele>
        <time>2026-04-28T05:36:08.120Z</time>
      </trkpt>
      <trkpt lat="44.420455" lon="5.496035">
        <ele>1008.0276</ele>
        <time>2026-04-28T05:36:56.914Z</time>
      </trkpt>
      <trkpt lat="44.420617" lon="5.495631">
        <ele>1008.500966</ele>
        <time>2026-04-28T05:37:14.328Z</time>
      </trkpt>
      <trkpt lat="44.421352" lon="5.494467">
        <ele>1015.364594</ele>
        <time>2026-04-28T05:38:23.811Z</time>
      </trkpt>
      <trkpt lat="44.421375" lon="5.494309">
        <ele>1016.08217</ele>
        <time>2026-04-28T05:38:32.128Z</time>
      </trkpt>
      <trkpt lat="44.421286" lon="5.493525">
        <ele>1019.634274</ele>
        <time>2026-04-28T05:39:12.194Z</time>
      </trkpt>
      <trkpt lat="44.421428" lon="5.492909">
        <ele>1021.252174</ele>
        <time>2026-04-28T05:39:41.792Z</time>
      </trkpt>
      <trkpt lat="44.421419" lon="5.492697">
        <ele>1021.786919</ele>
        <time>2026-04-28T05:39:51.192Z</time>
      </trkpt>
      <trkpt lat="44.421132" lon="5.492579">
        <ele>1022.814761</ele>
        <time>2026-04-28T05:40:08.621Z</time>
      </trkpt>
      <trkpt lat="44.419366" lon="5.492554">
        <ele>1026.398298</ele>
        <time>2026-04-28T05:41:34.918Z</time>
      </trkpt>
      <trkpt lat="44.418769" lon="5.492389">
        <ele>1026.807644</ele>
        <time>2026-04-28T05:42:04.414Z</time>
      </trkpt>
      <trkpt lat="44.418587" lon="5.492193">
        <ele>1026.961329</ele>
        <time>2026-04-28T05:42:15.907Z</time>
      </trkpt>
      <trkpt lat="44.417977" lon="5.491074">
        <ele>1034.681582</ele>
        <time>2026-04-28T05:43:21.129Z</time>
      </trkpt>
      <trkpt lat="44.417897" lon="5.490858">
        <ele>1036.112575</ele>
        <time>2026-04-28T05:43:35.535Z</time>
      </trkpt>
      <trkpt lat="44.41791" lon="5.49048">
        <ele>1038.338279</ele>
        <time>2026-04-28T05:43:57.837Z</time>
      </trkpt>
      <trkpt lat="44.417707" lon="5.489622">
        <ele>1044.552897</ele>
        <time>2026-04-28T05:44:50.183Z</time>
      </trkpt>
      <trkpt lat="44.417597" lon="5.48956">
        <ele>1045.965169</ele>
        <time>2026-04-28T05:45:00.176Z</time>
      </trkpt>
      <trkpt lat="44.417299" lon="5.4896">
        <ele>1049.530602</ele>
        <time>2026-04-28T05:45:25.332Z</time>
      </trkpt>
      <trkpt lat="44.41695" lon="5.489288">
        <ele>1054.505354</ele>
        <time>2026-04-28T05:46:00.544Z</time>
      </trkpt>
      <trkpt lat="44.416549" lon="5.488753">
        <ele>1061.102498</ele>
        <time>2026-04-28T05:46:47.882Z</time>
      </trkpt>
      <trkpt lat="44.416061" lon="5.487627">
        <ele>1067.767183</ele>
        <time>2026-04-28T05:48:10.565Z</time>
      </trkpt>
      <trkpt lat="44.415781" lon="5.487477">
        <ele>1069.557831</ele>
        <time>2026-04-28T05:48:31.604Z</time>
      </trkpt>
      <trkpt lat="44.415286" lon="5.487513">
        <ele>1072.505232</ele>
        <time>2026-04-28T05:48:56.846Z</time>
      </trkpt>
      <trkpt lat="44.415003" lon="5.487345">
        <ele>1073.365896</ele>
        <time>2026-04-28T05:49:10.374Z</time>
      </trkpt>
      <trkpt lat="44.414961" lon="5.487163">
        <ele>1072.345098</ele>
        <time>2026-04-28T05:49:16.206Z</time>
      </trkpt>
      <trkpt lat="44.415006" lon="5.486974">
        <ele>1071.281817</ele>
        <time>2026-04-28T05:49:22.211Z</time>
      </trkpt>
      <trkpt lat="44.415514" lon="5.486312">
        <ele>1066.087741</ele>
        <time>2026-04-28T05:49:50.318Z</time>
      </trkpt>
      <trkpt lat="44.415702" lon="5.485768">
        <ele>1062.862403</ele>
        <time>2026-04-28T05:50:07.192Z</time>
      </trkpt>
      <trkpt lat="44.415892" lon="5.485498">
        <ele>1060.839544</ele>
        <time>2026-04-28T05:50:18.021Z</time>
      </trkpt>
      <trkpt lat="44.415896" lon="5.485399">
        <ele>1060.237756</ele>
        <time>2026-04-28T05:50:20.829Z</time>
      </trkpt>
      <trkpt lat="44.415515" lon="5.484765">
        <ele>1053.81613</ele>
        <time>2026-04-28T05:50:44.110Z</time>
      </trkpt>
      <trkpt lat="44.415475" lon="5.484528">
        <ele>1051.933677</ele>
        <time>2026-04-28T05:50:50.756Z</time>
      </trkpt>
      <trkpt lat="44.41541" lon="5.484462">
        <ele>1051.064713</ele>
        <time>2026-04-28T05:50:53.790Z</time>
      </trkpt>
      <trkpt lat="44.414746" lon="5.484545">
        <ele>1043.794707</ele>
        <time>2026-04-28T05:51:19.311Z</time>
      </trkpt>
      <trkpt lat="44.41464" lon="5.484484">
        <ele>1042.554441</ele>
        <time>2026-04-28T05:51:23.639Z</time>
      </trkpt>
      <trkpt lat="44.414248" lon="5.484051">
        <ele>1037.828486</ele>
        <time>2026-04-28T05:51:42.656Z</time>
      </trkpt>
      <trkpt lat="44.413691" lon="5.483184">
        <ele>1030.375713</ele>
        <time>2026-04-28T05:52:15.598Z</time>
      </trkpt>
      <trkpt lat="44.412843" lon="5.482124">
        <ele>1021.551567</ele>
        <time>2026-04-28T05:53:02.827Z</time>
      </trkpt>
      <trkpt lat="44.412356" lon="5.480283">
        <ele>1012.161963</ele>
        <time>2026-04-28T05:54:01.797Z</time>
      </trkpt>
      <trkpt lat="44.411495" lon="5.478545">
        <ele>998.383547</ele>
        <time>2026-04-28T05:55:01.626Z</time>
      </trkpt>
      <trkpt lat="44.410859" lon="5.477593">
        <ele>990.756628</ele>
        <time>2026-04-28T05:55:37.017Z</time>
      </trkpt>
      <trkpt lat="44.410425" lon="5.47719">
        <ele>986.583049</ele>
        <time>2026-04-28T05:55:57.281Z</time>
      </trkpt>
      <trkpt lat="44.410269" lon="5.476801">
        <ele>984.008687</ele>
        <time>2026-04-28T05:56:10.934Z</time>
      </trkpt>
      <trkpt lat="44.410133" lon="5.476748">
        <ele>982.850704</ele>
        <time>2026-04-28T05:56:17.515Z</time>
      </trkpt>
      <trkpt lat="44.409989" lon="5.476119">
        <ele>985.7631</ele>
        <time>2026-04-28T05:56:41.664Z</time>
      </trkpt>
      <trkpt lat="44.409951" lon="5.475703">
        <ele>987.914939</ele>
        <time>2026-04-28T05:57:00.791Z</time>
      </trkpt>
      <trkpt lat="44.410031" lon="5.474662">
        <ele>993.287035</ele>
        <time>2026-04-28T05:58:03.205Z</time>
      </trkpt>
      <trkpt lat="44.410006" lon="5.474046">
        <ele>996.417315</ele>
        <time>2026-04-28T05:58:41.242Z</time>
      </trkpt>
      <trkpt lat="44.409776" lon="5.473425">
        <ele>999.878526</ele>
        <time>2026-04-28T05:59:19.267Z</time>
      </trkpt>
      <trkpt lat="44.409294" lon="5.473039">
        <ele>1003.735395</ele>
        <time>2026-04-28T05:59:54.001Z</time>
      </trkpt>
      <trkpt lat="44.408983" lon="5.472687">
        <ele>1006.499006</ele>
        <time>2026-04-28T06:00:16.617Z</time>
      </trkpt>
      <trkpt lat="44.408483" lon="5.472657">
        <ele>1008.424382</ele>
        <time>2026-04-28T06:00:44.689Z</time>
      </trkpt>
      <trkpt lat="44.40827" lon="5.472564">
        <ele>1008.790451</ele>
        <time>2026-04-28T06:00:56.938Z</time>
      </trkpt>
      <trkpt lat="44.407614" lon="5.471914">
        <ele>1010.109084</ele>
        <time>2026-04-28T06:01:39.053Z</time>
      </trkpt>
      <trkpt lat="44.407044" lon="5.471787">
        <ele>1010.72347</ele>
        <time>2026-04-28T06:02:06.603Z</time>
      </trkpt>
      <trkpt lat="44.406604" lon="5.471801">
        <ele>1009.924954</ele>
        <time>2026-04-28T06:02:26.705Z</time>
      </trkpt>
      <trkpt lat="44.406216" lon="5.471645">
        <ele>1009.188763</ele>
        <time>2026-04-28T06:02:44.762Z</time>
      </trkpt>
      <trkpt lat="44.405725" lon="5.471177">
        <ele>1008.108511</ele>
        <time>2026-04-28T06:03:11.135Z</time>
      </trkpt>
      <trkpt lat="44.405369" lon="5.47058">
        <ele>1011.04133</ele>
        <time>2026-04-28T06:03:37.394Z</time>
      </trkpt>
      <trkpt lat="44.405014" lon="5.470135">
        <ele>1016.554749</ele>
        <time>2026-04-28T06:04:08.131Z</time>
      </trkpt>
      <trkpt lat="44.404923" lon="5.469852">
        <ele>1019.160549</ele>
        <time>2026-04-28T06:04:26.699Z</time>
      </trkpt>
      <trkpt lat="44.405368" lon="5.469835">
        <ele>1024.340282</ele>
        <time>2026-04-28T06:05:11.016Z</time>
      </trkpt>
      <trkpt lat="44.405849" lon="5.469723">
        <ele>1031.099015</ele>
        <time>2026-04-28T06:06:14.151Z</time>
      </trkpt>
      <trkpt lat="44.406892" lon="5.469839">
        <ele>1051.843567</ele>
        <time>2026-04-28T06:08:41.610Z</time>
      </trkpt>
      <trkpt lat="44.407291" lon="5.469811">
        <ele>1059.752158</ele>
        <time>2026-04-28T06:09:21.817Z</time>
      </trkpt>
      <trkpt lat="44.407639" lon="5.469953">
        <ele>1064.956867</ele>
        <time>2026-04-28T06:09:51.807Z</time>
      </trkpt>
      <trkpt lat="44.407938" lon="5.47027">
        <ele>1067.303885</ele>
        <time>2026-04-28T06:10:16.225Z</time>
      </trkpt>
      <trkpt lat="44.408306" lon="5.470516">
        <ele>1069.846556</ele>
        <time>2026-04-28T06:10:39.012Z</time>
      </trkpt>
      <trkpt lat="44.408636" lon="5.470624">
        <ele>1071.959581</ele>
        <time>2026-04-28T06:10:57.057Z</time>
      </trkpt>
      <trkpt lat="44.409065" lon="5.470591">
        <ele>1074.638421</ele>
        <time>2026-04-28T06:11:20.993Z</time>
      </trkpt>
      <trkpt lat="44.409686" lon="5.470919">
        <ele>1081.126442</ele>
        <time>2026-04-28T06:12:05.590Z</time>
      </trkpt>
      <trkpt lat="44.412115" lon="5.470988">
        <ele>1108.585667</ele>
        <time>2026-04-28T06:15:37.800Z</time>
      </trkpt>
      <trkpt lat="44.412797" lon="5.471155">
        <ele>1116.548151</ele>
        <time>2026-04-28T06:16:34.575Z</time>
      </trkpt>
      <trkpt lat="44.413334" lon="5.471568">
        <ele>1120.913075</ele>
        <time>2026-04-28T06:17:16.196Z</time>
      </trkpt>
      <trkpt lat="44.413747" lon="5.471713">
        <ele>1123.935614</ele>
        <time>2026-04-28T06:17:42.632Z</time>
      </trkpt>
      <trkpt lat="44.414234" lon="5.471589">
        <ele>1127.464282</ele>
        <time>2026-04-28T06:18:12.299Z</time>
      </trkpt>
      <trkpt lat="44.414812" lon="5.471825">
        <ele>1133.200684</ele>
        <time>2026-04-28T06:18:49.961Z</time>
      </trkpt>
      <trkpt lat="44.415004" lon="5.471831">
        <ele>1135.194514</ele>
        <time>2026-04-28T06:19:02.993Z</time>
      </trkpt>
      <trkpt lat="44.415955" lon="5.471359">
        <ele>1145.703424</ele>
        <time>2026-04-28T06:20:26.778Z</time>
      </trkpt>
      <trkpt lat="44.416338" lon="5.470946">
        <ele>1153.399795</ele>
        <time>2026-04-28T06:21:14.187Z</time>
      </trkpt>
      <trkpt lat="44.416483" lon="5.470683">
        <ele>1157.777966</ele>
        <time>2026-04-28T06:21:39.047Z</time>
      </trkpt>
      <trkpt lat="44.417238" lon="5.470092">
        <ele>1173.736734</ele>
        <time>2026-04-28T06:23:17.023Z</time>
      </trkpt>
      <trkpt lat="44.417617" lon="5.470157">
        <ele>1180.845855</ele>
        <time>2026-04-28T06:24:02.054Z</time>
      </trkpt>
      <trkpt lat="44.418618" lon="5.47049">
        <ele>1204.05785</ele>
        <time>2026-04-28T06:26:06.215Z</time>
      </trkpt>
      <trkpt lat="44.41887" lon="5.470667">
        <ele>1210.418456</ele>
        <time>2026-04-28T06:26:43.548Z</time>
      </trkpt>
      <trkpt lat="44.419277" lon="5.470795">
        <ele>1219.829458</ele>
        <time>2026-04-28T06:27:41.562Z</time>
      </trkpt>
      <trkpt lat="44.419591" lon="5.470811">
        <ele>1227.723697</ele>
        <time>2026-04-28T06:28:28.140Z</time>
      </trkpt>
      <trkpt lat="44.419794" lon="5.470972">
        <ele>1233.712297</ele>
        <time>2026-04-28T06:29:03.832Z</time>
      </trkpt>
      <trkpt lat="44.420173" lon="5.471101">
        <ele>1243.833252</ele>
        <time>2026-04-28T06:30:05.165Z</time>
      </trkpt>
      <trkpt lat="44.420487" lon="5.471106">
        <ele>1251.893637</ele>
        <time>2026-04-28T06:30:53.518Z</time>
      </trkpt>
      <trkpt lat="44.421365" lon="5.471348">
        <ele>1269.607562</ele>
        <time>2026-04-28T06:32:52.130Z</time>
      </trkpt>
      <trkpt lat="44.421445" lon="5.471444">
        <ele>1270.438715</ele>
        <time>2026-04-28T06:33:03.266Z</time>
      </trkpt>
      <trkpt lat="44.421445" lon="5.471546">
        <ele>1271.013394</ele>
        <time>2026-04-28T06:33:10.697Z</time>
      </trkpt>
      <trkpt lat="44.421352" lon="5.471735">
        <ele>1272.306501</ele>
        <time>2026-04-28T06:33:26.469Z</time>
      </trkpt>
      <trkpt lat="44.421623" lon="5.471936">
        <ele>1274.766831</ele>
        <time>2026-04-28T06:33:52.841Z</time>
      </trkpt>
      <trkpt lat="44.421746" lon="5.472238">
        <ele>1276.725543</ele>
        <time>2026-04-28T06:34:08.280Z</time>
      </trkpt>
      <trkpt lat="44.421901" lon="5.473062">
        <ele>1281.185106</ele>
        <time>2026-04-28T06:34:35.791Z</time>
      </trkpt>
      <trkpt lat="44.422" lon="5.47323">
        <ele>1278.173967</ele>
        <time>2026-04-28T06:34:41.874Z</time>
      </trkpt>
      <trkpt lat="44.422068" lon="5.472937">
        <ele>1273.637082</ele>
        <time>2026-04-28T06:34:50.728Z</time>
      </trkpt>
      <trkpt lat="44.422198" lon="5.472619">
        <ele>1268.571477</ele>
        <time>2026-04-28T06:35:00.570Z</time>
      </trkpt>
      <trkpt lat="44.422388" lon="5.472427">
        <ele>1264.035777</ele>
        <time>2026-04-28T06:35:09.295Z</time>
      </trkpt>
      <trkpt lat="44.422794" lon="5.472371">
        <ele>1255.853501</ele>
        <time>2026-04-28T06:35:25.691Z</time>
      </trkpt>
      <trkpt lat="44.423104" lon="5.472265">
        <ele>1249.676411</ele>
        <time>2026-04-28T06:35:38.280Z</time>
      </trkpt>
      <trkpt lat="44.423233" lon="5.472115">
        <ele>1246.410447</ele>
        <time>2026-04-28T06:35:44.926Z</time>
      </trkpt>
      <trkpt lat="44.423705" lon="5.471912">
        <ele>1235.78721</ele>
        <time>2026-04-28T06:36:04.361Z</time>
      </trkpt>
      <trkpt lat="44.423954" lon="5.471592">
        <ele>1228.515633</ele>
        <time>2026-04-28T06:36:17.278Z</time>
      </trkpt>
      <trkpt lat="44.424047" lon="5.471125">
        <ele>1221.066235</ele>
        <time>2026-04-28T06:36:30.159Z</time>
      </trkpt>
      <trkpt lat="44.42421" lon="5.470702">
        <ele>1213.68093</ele>
        <time>2026-04-28T06:36:43.025Z</time>
      </trkpt>
      <trkpt lat="44.424292" lon="5.470132">
        <ele>1205.296773</ele>
        <time>2026-04-28T06:36:58.692Z</time>
      </trkpt>
      <trkpt lat="44.424656" lon="5.469227">
        <ele>1192.109609</ele>
        <time>2026-04-28T06:37:26.671Z</time>
      </trkpt>
      <trkpt lat="44.424777" lon="5.468782">
        <ele>1186.064078</ele>
        <time>2026-04-28T06:37:39.430Z</time>
      </trkpt>
      <trkpt lat="44.425203" lon="5.468115">
        <ele>1174.354772</ele>
        <time>2026-04-28T06:38:03.215Z</time>
      </trkpt>
      <trkpt lat="44.42533" lon="5.467822">
        <ele>1168.774823</ele>
        <time>2026-04-28T06:38:12.515Z</time>
      </trkpt>
      <trkpt lat="44.425811" lon="5.46714">
        <ele>1153.103974</ele>
        <time>2026-04-28T06:38:38.626Z</time>
      </trkpt>
      <trkpt lat="44.425996" lon="5.466412">
        <ele>1140.505495</ele>
        <time>2026-04-28T06:38:59.239Z</time>
      </trkpt>
      <trkpt lat="44.426123" lon="5.464322">
        <ele>1106.597051</ele>
        <time>2026-04-28T06:39:55.624Z</time>
      </trkpt>
      <trkpt lat="44.426243" lon="5.464065">
        <ele>1101.652866</ele>
        <time>2026-04-28T06:40:03.965Z</time>
      </trkpt>
      <trkpt lat="44.42676" lon="5.463506">
        <ele>1089.678772</ele>
        <time>2026-04-28T06:40:28.281Z</time>
      </trkpt>
      <trkpt lat="44.426812" lon="5.463272">
        <ele>1087.189933</ele>
        <time>2026-04-28T06:40:34.862Z</time>
      </trkpt>
      <trkpt lat="44.426826" lon="5.462746">
        <ele>1081.844307</ele>
        <time>2026-04-28T06:40:49.025Z</time>
      </trkpt>
      <trkpt lat="44.426782" lon="5.46242">
        <ele>1078.474927</ele>
        <time>2026-04-28T06:40:58.005Z</time>
      </trkpt>
      <trkpt lat="44.426553" lon="5.462463">
        <ele>1075.189207</ele>
        <time>2026-04-28T06:41:05.460Z</time>
      </trkpt>
      <trkpt lat="44.426414" lon="5.4623">
        <ele>1072.416981</ele>
        <time>2026-04-28T06:41:11.866Z</time>
      </trkpt>
      <trkpt lat="44.425564" lon="5.461019">
        <ele>1063.540974</ele>
        <time>2026-04-28T06:42:03.366Z</time>
      </trkpt>
      <trkpt lat="44.425362" lon="5.46015">
        <ele>1060.087711</ele>
        <time>2026-04-28T06:42:32.076Z</time>
      </trkpt>
      <trkpt lat="44.425321" lon="5.459203">
        <ele>1060.042407</ele>
        <time>2026-04-28T06:43:04.488Z</time>
      </trkpt>
      <trkpt lat="44.425017" lon="5.458516">
        <ele>1060.848343</ele>
        <time>2026-04-28T06:43:33.228Z</time>
      </trkpt>
      <trkpt lat="44.424539" lon="5.45706">
        <ele>1066.933086</ele>
        <time>2026-04-28T06:44:37.983Z</time>
      </trkpt>
      <trkpt lat="44.424504" lon="5.456617">
        <ele>1070.527268</ele>
        <time>2026-04-28T06:45:03.302Z</time>
      </trkpt>
      <trkpt lat="44.424669" lon="5.456089">
        <ele>1075.191794</ele>
        <time>2026-04-28T06:45:40.308Z</time>
      </trkpt>
      <trkpt lat="44.425168" lon="5.455521">
        <ele>1082.672493</ele>
        <time>2026-04-28T06:46:41.809Z</time>
      </trkpt>
      <trkpt lat="44.425324" lon="5.455227">
        <ele>1087.409085</ele>
        <time>2026-04-28T06:47:08.218Z</time>
      </trkpt>
      <trkpt lat="44.425242" lon="5.454923">
        <ele>1091.611512</ele>
        <time>2026-04-28T06:47:31.966Z</time>
      </trkpt>
      <trkpt lat="44.425157" lon="5.454124">
        <ele>1102.131222</ele>
        <time>2026-04-28T06:48:32.954Z</time>
      </trkpt>
      <trkpt lat="44.425204" lon="5.45359">
        <ele>1109.089223</ele>
        <time>2026-04-28T06:49:14.781Z</time>
      </trkpt>
      <trkpt lat="44.425252" lon="5.453512">
        <ele>1110.420751</ele>
        <time>2026-04-28T06:49:22.969Z</time>
      </trkpt>
      <trkpt lat="44.425388" lon="5.453682">
        <ele>1113.721973</ele>
        <time>2026-04-28T06:49:43.931Z</time>
      </trkpt>
      <trkpt lat="44.425587" lon="5.453377">
        <ele>1120.57937</ele>
        <time>2026-04-28T06:50:21.159Z</time>
      </trkpt>
      <trkpt lat="44.42603" lon="5.45296">
        <ele>1133.248039</ele>
        <time>2026-04-28T06:51:32.358Z</time>
      </trkpt>
      <trkpt lat="44.426416" lon="5.452296">
        <ele>1147.537238</ele>
        <time>2026-04-28T06:52:55.788Z</time>
      </trkpt>
      <trkpt lat="44.426509" lon="5.451847">
        <ele>1155.408391</ele>
        <time>2026-04-28T06:53:42.839Z</time>
      </trkpt>
      <trkpt lat="44.426752" lon="5.451276">
        <ele>1167.80789</ele>
        <time>2026-04-28T06:54:52.164Z</time>
      </trkpt>
      <trkpt lat="44.427281" lon="5.450526">
        <ele>1187.507514</ele>
        <time>2026-04-28T06:56:46.754Z</time>
      </trkpt>
      <trkpt lat="44.427638" lon="5.449524">
        <ele>1207.171025</ele>
        <time>2026-04-28T06:58:41.951Z</time>
      </trkpt>
      <trkpt lat="44.427551" lon="5.449168">
        <ele>1212.602412</ele>
        <time>2026-04-28T06:59:17.224Z</time>
      </trkpt>
      <trkpt lat="44.427584" lon="5.449072">
        <ele>1214.070094</ele>
        <time>2026-04-28T06:59:26.243Z</time>
      </trkpt>
      <trkpt lat="44.427538" lon="5.448772">
        <ele>1218.296942</ele>
        <time>2026-04-28T06:59:51.353Z</time>
      </trkpt>
      <trkpt lat="44.427596" lon="5.448186">
        <ele>1226.463744</ele>
        <time>2026-04-28T07:00:36.985Z</time>
      </trkpt>
      <trkpt lat="44.427701" lon="5.447822">
        <ele>1231.87165</ele>
        <time>2026-04-28T07:01:06.110Z</time>
      </trkpt>
      <trkpt lat="44.427885" lon="5.447566">
        <ele>1236.875055</ele>
        <time>2026-04-28T07:01:31.907Z</time>
      </trkpt>
      <trkpt lat="44.427912" lon="5.447398">
        <ele>1238.992865</ele>
        <time>2026-04-28T07:01:43.629Z</time>
      </trkpt>
      <trkpt lat="44.428147" lon="5.446963">
        <ele>1244.59547</ele>
        <time>2026-04-28T07:02:18.726Z</time>
      </trkpt>
      <trkpt lat="44.428277" lon="5.446502">
        <ele>1249.727163</ele>
        <time>2026-04-28T07:02:49.806Z</time>
      </trkpt>
      <trkpt lat="44.428234" lon="5.445813">
        <ele>1256.869301</ele>
        <time>2026-04-28T07:03:31.894Z</time>
      </trkpt>
      <trkpt lat="44.428024" lon="5.445271">
        <ele>1263.235275</ele>
        <time>2026-04-28T07:04:11.634Z</time>
      </trkpt>
      <trkpt lat="44.427995" lon="5.444616">
        <ele>1275.934212</ele>
        <time>2026-04-28T07:05:02.050Z</time>
      </trkpt>
      <trkpt lat="44.428114" lon="5.44438">
        <ele>1281.96198</ele>
        <time>2026-04-28T07:05:29.728Z</time>
      </trkpt>
      <trkpt lat="44.428197" lon="5.444341">
        <ele>1284.501896</ele>
        <time>2026-04-28T07:05:42.162Z</time>
      </trkpt>
      <trkpt lat="44.428323" lon="5.44448">
        <ele>1289.381013</ele>
        <time>2026-04-28T07:06:08.001Z</time>
      </trkpt>
      <trkpt lat="44.429273" lon="5.444626">
        <ele>1317.668587</ele>
        <time>2026-04-28T07:09:21.213Z</time>
      </trkpt>
      <trkpt lat="44.430111" lon="5.444986">
        <ele>1353.154914</ele>
        <time>2026-04-28T07:12:55.651Z</time>
      </trkpt>
      <trkpt lat="44.431111" lon="5.445222">
        <ele>1391.782666</ele>
        <time>2026-04-28T07:16:46.727Z</time>
      </trkpt>
      <trkpt lat="44.432289" lon="5.445258">
        <ele>1420.688317</ele>
        <time>2026-04-28T07:19:44.818Z</time>
      </trkpt>
      <trkpt lat="44.432686" lon="5.443165">
        <ele>1438.141692</ele>
        <time>2026-04-28T07:21:36.571Z</time>
      </trkpt>
      <trkpt lat="44.433119" lon="5.442399">
        <ele>1441.844791</ele>
        <time>2026-04-28T07:22:13.387Z</time>
      </trkpt>
      <trkpt lat="44.433349" lon="5.440526">
        <ele>1441.122208</ele>
        <time>2026-04-28T07:23:18.481Z</time>
      </trkpt>
      <trkpt lat="44.433382" lon="5.439847">
        <ele>1440.758456</ele>
        <time>2026-04-28T07:23:40.552Z</time>
      </trkpt>
      <trkpt lat="44.433578" lon="5.43883">
        <ele>1437.72064</ele>
        <time>2026-04-28T07:24:14.440Z</time>
      </trkpt>
      <trkpt lat="44.433491" lon="5.437112">
        <ele>1431.970272</ele>
        <time>2026-04-28T07:25:08.052Z</time>
      </trkpt>
      <trkpt lat="44.43357" lon="5.435428">
        <ele>1422.220049</ele>
        <time>2026-04-28T07:25:55.637Z</time>
      </trkpt>
      <trkpt lat="44.433485" lon="5.435311">
        <ele>1421.255734</ele>
        <time>2026-04-28T07:26:00.242Z</time>
      </trkpt>
      <trkpt lat="44.433431" lon="5.434957">
        <ele>1419.164362</ele>
        <time>2026-04-28T07:26:10.431Z</time>
      </trkpt>
      <trkpt lat="44.433279" lon="5.434879">
        <ele>1418.513991</ele>
        <time>2026-04-28T07:26:17.353Z</time>
      </trkpt>
      <trkpt lat="44.43324" lon="5.434527">
        <ele>1417.711309</ele>
        <time>2026-04-28T07:26:27.883Z</time>
      </trkpt>
      <trkpt lat="44.433033" lon="5.434016">
        <ele>1416.387444</ele>
        <time>2026-04-28T07:26:46.023Z</time>
      </trkpt>
      <trkpt lat="44.43267" lon="5.433732">
        <ele>1415.07528</ele>
        <time>2026-04-28T07:27:05.355Z</time>
      </trkpt>
      <trkpt lat="44.432273" lon="5.433289">
        <ele>1413.473383</ele>
        <time>2026-04-28T07:27:30.597Z</time>
      </trkpt>
      <trkpt lat="44.431913" lon="5.432636">
        <ele>1410.077777</ele>
        <time>2026-04-28T07:28:00.690Z</time>
      </trkpt>
      <trkpt lat="44.431728" lon="5.431208">
        <ele>1403.82857</ele>
        <time>2026-04-28T07:28:44.455Z</time>
      </trkpt>
      <trkpt lat="44.431495" lon="5.430358">
        <ele>1396.171581</ele>
        <time>2026-04-28T07:29:08.844Z</time>
      </trkpt>
      <trkpt lat="44.431271" lon="5.42997">
        <ele>1390.9082</ele>
        <time>2026-04-28T07:29:22.142Z</time>
      </trkpt>
      <trkpt lat="44.430972" lon="5.429185">
        <ele>1381.44343</ele>
        <time>2026-04-28T07:29:46.147Z</time>
      </trkpt>
      <trkpt lat="44.43077" lon="5.428892">
        <ele>1377.147085</ele>
        <time>2026-04-28T07:29:57.220Z</time>
      </trkpt>
      <trkpt lat="44.429946" lon="5.428036">
        <ele>1374.321961</ele>
        <time>2026-04-28T07:30:43.739Z</time>
      </trkpt>
      <trkpt lat="44.429305" lon="5.426927">
        <ele>1372.83226</ele>
        <time>2026-04-28T07:31:36.531Z</time>
      </trkpt>
      <trkpt lat="44.429146" lon="5.426474">
        <ele>1372.725849</ele>
        <time>2026-04-28T07:31:54.971Z</time>
      </trkpt>
      <trkpt lat="44.42871" lon="5.425678">
        <ele>1372.514744</ele>
        <time>2026-04-28T07:32:29.998Z</time>
      </trkpt>
      <trkpt lat="44.428236" lon="5.424571">
        <ele>1368.785961</ele>
        <time>2026-04-28T07:33:12.184Z</time>
      </trkpt>
      <trkpt lat="44.427805" lon="5.423259">
        <ele>1358.929406</ele>
        <time>2026-04-28T07:33:52.866Z</time>
      </trkpt>
      <trkpt lat="44.427254" lon="5.422468">
        <ele>1349.58372</ele>
        <time>2026-04-28T07:34:22.743Z</time>
      </trkpt>
      <trkpt lat="44.426957" lon="5.421744">
        <ele>1341.21906</ele>
        <time>2026-04-28T07:34:45.300Z</time>
      </trkpt>
      <trkpt lat="44.426963" lon="5.421648">
        <ele>1340.259889</ele>
        <time>2026-04-28T07:34:47.909Z</time>
      </trkpt>
      <trkpt lat="44.426695" lon="5.421396">
        <ele>1335.640303</ele>
        <time>2026-04-28T07:35:00.433Z</time>
      </trkpt>
      <trkpt lat="44.426669" lon="5.421239">
        <ele>1334.036159</ele>
        <time>2026-04-28T07:35:04.797Z</time>
      </trkpt>
      <trkpt lat="44.426426" lon="5.420782">
        <ele>1328.98296</ele>
        <time>2026-04-28T07:35:20.405Z</time>
      </trkpt>
      <trkpt lat="44.426294" lon="5.420649">
        <ele>1327.513986</ele>
        <time>2026-04-28T07:35:26.775Z</time>
      </trkpt>
      <trkpt lat="44.42576" lon="5.419717">
        <ele>1319.763988</ele>
        <time>2026-04-28T07:36:01.162Z</time>
      </trkpt>
      <trkpt lat="44.425256" lon="5.419149">
        <ele>1313.919888</ele>
        <time>2026-04-28T07:36:27.095Z</time>
      </trkpt>
      <trkpt lat="44.424921" lon="5.418434">
        <ele>1308.896509</ele>
        <time>2026-04-28T07:36:51.541Z</time>
      </trkpt>
      <trkpt lat="44.424768" lon="5.417674">
        <ele>1304.253477</ele>
        <time>2026-04-28T07:37:14.078Z</time>
      </trkpt>
      <trkpt lat="44.424391" lon="5.41687">
        <ele>1298.661428</ele>
        <time>2026-04-28T07:37:41.898Z</time>
      </trkpt>
      <trkpt lat="44.423983" lon="5.415769">
        <ele>1292.288894</ele>
        <time>2026-04-28T07:38:18.490Z</time>
      </trkpt>
      <trkpt lat="44.423201" lon="5.414636">
        <ele>1284.610711</ele>
        <time>2026-04-28T07:39:04.793Z</time>
      </trkpt>
      <trkpt lat="44.423029" lon="5.414204">
        <ele>1282.609693</ele>
        <time>2026-04-28T07:39:19.531Z</time>
      </trkpt>
      <trkpt lat="44.422966" lon="5.413902">
        <ele>1281.336812</ele>
        <time>2026-04-28T07:39:28.982Z</time>
      </trkpt>
      <trkpt lat="44.422997" lon="5.413809">
        <ele>1280.921591</ele>
        <time>2026-04-28T07:39:32.076Z</time>
      </trkpt>
      <trkpt lat="44.422802" lon="5.413375">
        <ele>1278.808537</ele>
        <time>2026-04-28T07:39:47.945Z</time>
      </trkpt>
      <trkpt lat="44.422814" lon="5.413069">
        <ele>1277.547778</ele>
        <time>2026-04-28T07:39:57.491Z</time>
      </trkpt>
      <trkpt lat="44.422654" lon="5.41251">
        <ele>1275.504814</ele>
        <time>2026-04-28T07:40:16.462Z</time>
      </trkpt>
      <trkpt lat="44.422615" lon="5.412189">
        <ele>1274.707659</ele>
        <time>2026-04-28T07:40:27.753Z</time>
      </trkpt>
      <trkpt lat="44.421901" lon="5.410535">
        <ele>1270.386829</ele>
        <time>2026-04-28T07:41:30.493Z</time>
      </trkpt>
      <trkpt lat="44.421603" lon="5.410032">
        <ele>1271.684617</ele>
        <time>2026-04-28T07:41:52.538Z</time>
      </trkpt>
      <trkpt lat="44.421506" lon="5.409678">
        <ele>1272.444795</ele>
        <time>2026-04-28T07:42:06.175Z</time>
      </trkpt>
      <trkpt lat="44.42139" lon="5.4095">
        <ele>1272.922505</ele>
        <time>2026-04-28T07:42:15.186Z</time>
      </trkpt>
      <trkpt lat="44.421359" lon="5.40908">
        <ele>1273.759593</ele>
        <time>2026-04-28T07:42:31.974Z</time>
      </trkpt>
      <trkpt lat="44.421056" lon="5.408063">
        <ele>1276.643233</ele>
        <time>2026-04-28T07:43:23.823Z</time>
      </trkpt>
      <trkpt lat="44.420978" lon="5.407542">
        <ele>1278.922973</ele>
        <time>2026-04-28T07:43:51.459Z</time>
      </trkpt>
      <trkpt lat="44.42068" lon="5.406971">
        <ele>1281.984837</ele>
        <time>2026-04-28T07:44:26.388Z</time>
      </trkpt>
      <trkpt lat="44.420532" lon="5.406525">
        <ele>1284.109112</ele>
        <time>2026-04-28T07:44:48.004Z</time>
      </trkpt>
      <trkpt lat="44.420275" lon="5.406144">
        <ele>1286.018089</ele>
        <time>2026-04-28T07:45:08.669Z</time>
      </trkpt>
      <trkpt lat="44.420203" lon="5.405684">
        <ele>1285.070349</ele>
        <time>2026-04-28T07:45:25.332Z</time>
      </trkpt>
      <trkpt lat="44.419702" lon="5.404359">
        <ele>1282.074191</ele>
        <time>2026-04-28T07:46:12.856Z</time>
      </trkpt>
      <trkpt lat="44.419291" lon="5.403733">
        <ele>1279.333111</ele>
        <time>2026-04-28T07:46:38.686Z</time>
      </trkpt>
      <trkpt lat="44.419238" lon="5.4035">
        <ele>1278.175122</ele>
        <time>2026-04-28T07:46:45.959Z</time>
      </trkpt>
      <trkpt lat="44.418864" lon="5.403223">
        <ele>1275.328858</ele>
        <time>2026-04-28T07:47:03.654Z</time>
      </trkpt>
      <trkpt lat="44.418784" lon="5.402912">
        <ele>1273.763486</ele>
        <time>2026-04-28T07:47:13.269Z</time>
      </trkpt>
      <trkpt lat="44.418694" lon="5.402699">
        <ele>1272.49095</ele>
        <time>2026-04-28T07:47:21.132Z</time>
      </trkpt>
      <trkpt lat="44.418446" lon="5.402295">
        <ele>1269.955443</ele>
        <time>2026-04-28T07:47:36.871Z</time>
      </trkpt>
      <trkpt lat="44.418148" lon="5.401506">
        <ele>1267.096765</ele>
        <time>2026-04-28T07:48:04.089Z</time>
      </trkpt>
      <trkpt lat="44.417934" lon="5.401092">
        <ele>1265.628788</ele>
        <time>2026-04-28T07:48:20.287Z</time>
      </trkpt>
      <trkpt lat="44.417788" lon="5.400597">
        <ele>1264.103126</ele>
        <time>2026-04-28T07:48:37.514Z</time>
      </trkpt>
      <trkpt lat="44.417655" lon="5.400511">
        <ele>1263.522575</ele>
        <time>2026-04-28T07:48:44.181Z</time>
      </trkpt>
      <trkpt lat="44.417499" lon="5.400221">
        <ele>1262.494981</ele>
        <time>2026-04-28T07:48:56.070Z</time>
      </trkpt>
      <trkpt lat="44.417222" lon="5.399298">
        <ele>1261.684555</ele>
        <time>2026-04-28T07:49:30.014Z</time>
      </trkpt>
      <trkpt lat="44.417038" lon="5.39906">
        <ele>1261.532172</ele>
        <time>2026-04-28T07:49:41.832Z</time>
      </trkpt>
      <trkpt lat="44.416956" lon="5.39883">
        <ele>1261.420483</ele>
        <time>2026-04-28T07:49:50.533Z</time>
      </trkpt>
      <trkpt lat="44.416979" lon="5.398619">
        <ele>1261.327745</ele>
        <time>2026-04-28T07:49:57.795Z</time>
      </trkpt>
      <trkpt lat="44.416835" lon="5.398182">
        <ele>1261.117229</ele>
        <time>2026-04-28T07:50:14.470Z</time>
      </trkpt>
      <trkpt lat="44.416839" lon="5.397951">
        <ele>1261.016833</ele>
        <time>2026-04-28T07:50:22.596Z</time>
      </trkpt>
      <trkpt lat="44.416909" lon="5.397906">
        <ele>1260.969978</ele>
        <time>2026-04-28T07:50:26.448Z</time>
      </trkpt>
      <trkpt lat="44.416902" lon="5.397585">
        <ele>1261.968354</ele>
        <time>2026-04-28T07:50:38.087Z</time>
      </trkpt>
      <trkpt lat="44.416986" lon="5.397536">
        <ele>1262.430995</ele>
        <time>2026-04-28T07:50:43.637Z</time>
      </trkpt>
      <trkpt lat="44.417058" lon="5.396575">
        <ele>1265.44587</ele>
        <time>2026-04-28T07:51:21.738Z</time>
      </trkpt>
      <trkpt lat="44.417069" lon="5.39495">
        <ele>1272.225264</ele>
        <time>2026-04-28T07:52:36.507Z</time>
      </trkpt>
      <trkpt lat="44.41717" lon="5.394706">
        <ele>1273.995097</ele>
        <time>2026-04-28T07:52:51.584Z</time>
      </trkpt>
      <trkpt lat="44.417111" lon="5.394377">
        <ele>1276.12389</ele>
        <time>2026-04-28T07:53:10.200Z</time>
      </trkpt>
      <trkpt lat="44.417112" lon="5.393614">
        <ele>1280.912272</ele>
        <time>2026-04-28T07:53:53.828Z</time>
      </trkpt>
      <trkpt lat="44.417342" lon="5.392713">
        <ele>1284.51653</ele>
        <time>2026-04-28T07:54:46.166Z</time>
      </trkpt>
      <trkpt lat="44.417303" lon="5.392715">
        <ele>1284.499594</ele>
        <time>2026-04-28T07:54:48.434Z</time>
      </trkpt>
      <trkpt lat="44.417349" lon="5.392526">
        <ele>1284.437703</ele>
        <time>2026-04-28T07:54:56.166Z</time>
      </trkpt>
      <trkpt lat="44.417313" lon="5.392561">
        <ele>1284.418683</ele>
        <time>2026-04-28T07:54:58.280Z</time>
      </trkpt>
      <trkpt lat="44.417315" lon="5.392492">
        <ele>1284.397278</ele>
        <time>2026-04-28T07:55:00.721Z</time>
      </trkpt>
      <trkpt lat="44.417454" lon="5.3918">
        <ele>1284.174462</ele>
        <time>2026-04-28T07:55:26.182Z</time>
      </trkpt>
      <trkpt lat="44.417912" lon="5.391378">
        <ele>1283.936526</ele>
        <time>2026-04-28T07:55:50.124Z</time>
      </trkpt>
      <trkpt lat="44.417573" lon="5.391338">
        <ele>1281.947644</ele>
        <time>2026-04-28T07:56:03.895Z</time>
      </trkpt>
      <trkpt lat="44.417375" lon="5.391233">
        <ele>1279.057168</ele>
        <time>2026-04-28T07:56:11.918Z</time>
      </trkpt>
      <trkpt lat="44.416641" lon="5.39043">
        <ele>1266.340245</ele>
        <time>2026-04-28T07:56:47.155Z</time>
      </trkpt>
      <trkpt lat="44.416742" lon="5.390367">
        <ele>1264.556083</ele>
        <time>2026-04-28T07:56:52.026Z</time>
      </trkpt>
      <trkpt lat="44.417504" lon="5.390534">
        <ele>1252.491488</ele>
        <time>2026-04-28T07:57:20.880Z</time>
      </trkpt>
      <trkpt lat="44.417683" lon="5.390452">
        <ele>1249.028953</ele>
        <time>2026-04-28T07:57:28.197Z</time>
      </trkpt>
      <trkpt lat="44.417556" lon="5.390384">
        <ele>1246.631738</ele>
        <time>2026-04-28T07:57:33.268Z</time>
      </trkpt>
      <trkpt lat="44.416937" lon="5.389823">
        <ele>1233.516196</ele>
        <time>2026-04-28T07:58:01.150Z</time>
      </trkpt>
      <trkpt lat="44.4166" lon="5.3895">
        <ele>1226.213446</ele>
        <time>2026-04-28T07:58:16.540Z</time>
      </trkpt>
      <trkpt lat="44.41549" lon="5.38882">
        <ele>1203.127084</ele>
        <time>2026-04-28T07:59:02.032Z</time>
      </trkpt>
      <trkpt lat="44.415382" lon="5.388741">
        <ele>1200.805271</ele>
        <time>2026-04-28T07:59:06.570Z</time>
      </trkpt>
      <trkpt lat="44.415383" lon="5.388665">
        <ele>1199.580128</ele>
        <time>2026-04-28T07:59:08.930Z</time>
      </trkpt>
      <trkpt lat="44.416319" lon="5.388516">
        <ele>1178.949409</ele>
        <time>2026-04-28T07:59:45.634Z</time>
      </trkpt>
      <trkpt lat="44.416785" lon="5.388352">
        <ele>1167.692605</ele>
        <time>2026-04-28T08:00:04.672Z</time>
      </trkpt>
      <trkpt lat="44.417943" lon="5.388151">
        <ele>1144.471169</ele>
        <time>2026-04-28T08:00:48.560Z</time>
      </trkpt>
      <trkpt lat="44.418372" lon="5.388009">
        <ele>1138.077204</ele>
        <time>2026-04-28T08:01:05.286Z</time>
      </trkpt>
      <trkpt lat="44.420358" lon="5.387724">
        <ele>1102.748437</ele>
        <time>2026-04-28T08:02:20.761Z</time>
      </trkpt>
      <trkpt lat="44.42096" lon="5.386267">
        <ele>1079.568776</ele>
        <time>2026-04-28T08:03:05.950Z</time>
      </trkpt>
      <trkpt lat="44.420916" lon="5.385091">
        <ele>1064.523554</ele>
        <time>2026-04-28T08:03:37.684Z</time>
      </trkpt>
      <trkpt lat="44.420379" lon="5.383656">
        <ele>1049.332748</ele>
        <time>2026-04-28T08:04:21.473Z</time>
      </trkpt>
      <trkpt lat="44.420335" lon="5.383374">
        <ele>1047.22142</ele>
        <time>2026-04-28T08:04:29.326Z</time>
      </trkpt>
      <trkpt lat="44.420334" lon="5.38301">
        <ele>1044.415431</ele>
        <time>2026-04-28T08:04:40.049Z</time>
      </trkpt>
      <trkpt lat="44.420238" lon="5.383053">
        <ele>1043.334229</ele>
        <time>2026-04-28T08:04:44.337Z</time>
      </trkpt>
      <trkpt lat="44.420023" lon="5.38354">
        <ele>1039.146492</ele>
        <time>2026-04-28T08:05:01.583Z</time>
      </trkpt>
      <trkpt lat="44.419976" lon="5.384454">
        <ele>1033.098734</ele>
        <time>2026-04-28T08:05:30.577Z</time>
      </trkpt>
      <trkpt lat="44.419834" lon="5.384729">
        <ele>1030.8472</ele>
        <time>2026-04-28T08:05:41.253Z</time>
      </trkpt>
      <trkpt lat="44.419662" lon="5.384764">
        <ele>1029.243517</ele>
        <time>2026-04-28T08:05:48.567Z</time>
      </trkpt>
      <trkpt lat="44.419228" lon="5.384478">
        <ele>1024.879289</ele>
        <time>2026-04-28T08:06:07.271Z</time>
      </trkpt>
      <trkpt lat="44.418829" lon="5.384422">
        <ele>1019.896502</ele>
        <time>2026-04-28T08:06:22.487Z</time>
      </trkpt>
      <trkpt lat="44.419092" lon="5.384009">
        <ele>1009.989127</ele>
        <time>2026-04-28T08:06:37.259Z</time>
      </trkpt>
      <trkpt lat="44.419226" lon="5.383579">
        <ele>1001.528193</ele>
        <time>2026-04-28T08:06:50.206Z</time>
      </trkpt>
      <trkpt lat="44.419077" lon="5.383293">
        <ele>994.81608</ele>
        <time>2026-04-28T08:07:00.798Z</time>
      </trkpt>
      <trkpt lat="44.419002" lon="5.382994">
        <ele>989.160251</ele>
        <time>2026-04-28T08:07:09.912Z</time>
      </trkpt>
      <trkpt lat="44.418838" lon="5.382907">
        <ele>984.777975</ele>
        <time>2026-04-28T08:07:17.036Z</time>
      </trkpt>
      <trkpt lat="44.418321" lon="5.382835">
        <ele>970.798834</ele>
        <time>2026-04-28T08:07:38.823Z</time>
      </trkpt>
      <trkpt lat="44.417923" lon="5.382633">
        <ele>958.196482</ele>
        <time>2026-04-28T08:07:56.712Z</time>
      </trkpt>
      <trkpt lat="44.417703" lon="5.382292">
        <ele>948.426133</ele>
        <time>2026-04-28T08:08:10.279Z</time>
      </trkpt>
      <trkpt lat="44.417823" lon="5.382199">
        <ele>944.343129</ele>
        <time>2026-04-28T08:08:15.879Z</time>
      </trkpt>
      <trkpt lat="44.417563" lon="5.381465">
        <ele>926.922714</ele>
        <time>2026-04-28T08:08:39.390Z</time>
      </trkpt>
      <trkpt lat="44.41699" lon="5.381047">
        <ele>907.230405</ele>
        <time>2026-04-28T08:09:05.480Z</time>
      </trkpt>
      <trkpt lat="44.417134" lon="5.380757">
        <ele>899.513092</ele>
        <time>2026-04-28T08:09:15.689Z</time>
      </trkpt>
      <trkpt lat="44.417338" lon="5.380717">
        <ele>893.048939</ele>
        <time>2026-04-28T08:09:24.227Z</time>
      </trkpt>
      <trkpt lat="44.417415" lon="5.380589">
        <ele>889.392359</ele>
        <time>2026-04-28T08:09:29.085Z</time>
      </trkpt>
      <trkpt lat="44.417612" lon="5.380555">
        <ele>883.201045</ele>
        <time>2026-04-28T08:09:37.445Z</time>
      </trkpt>
      <trkpt lat="44.417644" lon="5.380388">
        <ele>879.423076</ele>
        <time>2026-04-28T08:09:42.626Z</time>
      </trkpt>
      <trkpt lat="44.41771" lon="5.380383">
        <ele>877.401108</ele>
        <time>2026-04-28T08:09:45.448Z</time>
      </trkpt>
      <trkpt lat="44.417753" lon="5.38022">
        <ele>873.604418</ele>
        <time>2026-04-28T08:09:50.739Z</time>
      </trkpt>
      <trkpt lat="44.417577" lon="5.379586">
        <ele>856.872005</ele>
        <time>2026-04-28T08:10:12.552Z</time>
      </trkpt>
      <trkpt lat="44.417484" lon="5.378847">
        <ele>837.314419</ele>
        <time>2026-04-28T08:10:37.397Z</time>
      </trkpt>
      <trkpt lat="44.417524" lon="5.378699">
        <ele>833.190105</ele>
        <time>2026-04-28T08:10:42.649Z</time>
      </trkpt>
      <trkpt lat="44.417918" lon="5.378224">
        <ele>814.063682</ele>
        <time>2026-04-28T08:11:06.741Z</time>
      </trkpt>
      <trkpt lat="44.418146" lon="5.377608">
        <ele>797.739599</ele>
        <time>2026-04-28T08:11:29.003Z</time>
      </trkpt>
      <trkpt lat="44.418366" lon="5.377486">
        <ele>791.353129</ele>
        <time>2026-04-28T08:11:39.279Z</time>
      </trkpt>
      <trkpt lat="44.418637" lon="5.37705">
        <ele>780.114918</ele>
        <time>2026-04-28T08:11:56.294Z</time>
      </trkpt>
      <trkpt lat="44.41889" lon="5.376124">
        <ele>761.002959</ele>
        <time>2026-04-28T08:12:22.688Z</time>
      </trkpt>
      <trkpt lat="44.418909" lon="5.375899">
        <ele>756.635431</ele>
        <time>2026-04-28T08:12:28.701Z</time>
      </trkpt>
      <trkpt lat="44.418864" lon="5.375511">
        <ele>749.828851</ele>
        <time>2026-04-28T08:12:39.167Z</time>
      </trkpt>
      <trkpt lat="44.418684" lon="5.375104">
        <ele>741.967631</ele>
        <time>2026-04-28T08:12:51.915Z</time>
      </trkpt>
      <trkpt lat="44.418638" lon="5.374104">
        <ele>725.374458</ele>
        <time>2026-04-28T08:13:18.793Z</time>
      </trkpt>
      <trkpt lat="44.418771" lon="5.373418">
        <ele>713.616763</ele>
        <time>2026-04-28T08:13:38.646Z</time>
      </trkpt>
      <trkpt lat="44.418659" lon="5.372769">
        <ele>701.025253</ele>
        <time>2026-04-28T08:13:57.493Z</time>
      </trkpt>
      <trkpt lat="44.418694" lon="5.372115">
        <ele>688.60148</ele>
        <time>2026-04-28T08:14:15.741Z</time>
      </trkpt>
      <trkpt lat="44.418609" lon="5.371892">
        <ele>683.81317</ele>
        <time>2026-04-28T08:14:22.738Z</time>
      </trkpt>
      <trkpt lat="44.418632" lon="5.371624">
        <ele>678.699792</ele>
        <time>2026-04-28T08:14:30.235Z</time>
      </trkpt>
      <trkpt lat="44.418311" lon="5.37121">
        <ele>666.943672</ele>
        <time>2026-04-28T08:14:47.608Z</time>
      </trkpt>
      <trkpt lat="44.418229" lon="5.370824">
        <ele>658.171695</ele>
        <time>2026-04-28T08:14:59.198Z</time>
      </trkpt>
      <trkpt lat="44.418152" lon="5.370688">
        <ele>654.245933</ele>
        <time>2026-04-28T08:15:04.263Z</time>
      </trkpt>
      <trkpt lat="44.417943" lon="5.369836">
        <ele>633.778511</ele>
        <time>2026-04-28T08:15:31.637Z</time>
      </trkpt>
      <trkpt lat="44.417901" lon="5.369411">
        <ele>623.996227</ele>
        <time>2026-04-28T08:15:45.156Z</time>
      </trkpt>
      <trkpt lat="44.417846" lon="5.369074">
        <ele>615.76381</ele>
        <time>2026-04-28T08:15:56.604Z</time>
      </trkpt>
      <trkpt lat="44.417628" lon="5.368541">
        <ele>603.262494</ele>
        <time>2026-04-28T08:16:15.725Z</time>
      </trkpt>
      <trkpt lat="44.417479" lon="5.367513">
        <ele>584.664686</ele>
        <time>2026-04-28T08:16:45.993Z</time>
      </trkpt>
      <trkpt lat="44.417392" lon="5.367278">
        <ele>579.986206</ele>
        <time>2026-04-28T08:16:53.002Z</time>
      </trkpt>
      <trkpt lat="44.417029" lon="5.366962">
        <ele>569.408447</ele>
        <time>2026-04-28T08:17:08.981Z</time>
      </trkpt>
      <trkpt lat="44.417015" lon="5.366883">
        <ele>567.969756</ele>
        <time>2026-04-28T08:17:11.150Z</time>
      </trkpt>
      <trkpt lat="44.417131" lon="5.366804">
        <ele>564.777586</ele>
        <time>2026-04-28T08:17:15.976Z</time>
      </trkpt>
      <trkpt lat="44.417685" lon="5.36675">
        <ele>557.43703</ele>
        <time>2026-04-28T08:17:36.843Z</time>
      </trkpt>
      <trkpt lat="44.417831" lon="5.366308">
        <ele>553.092956</ele>
        <time>2026-04-28T08:17:48.735Z</time>
      </trkpt>
      <trkpt lat="44.418084" lon="5.366051">
        <ele>549.258769</ele>
        <time>2026-04-28T08:17:59.278Z</time>
      </trkpt>
      <trkpt lat="44.418242" lon="5.365382">
        <ele>543.085367</ele>
        <time>2026-04-28T08:18:19.141Z</time>
      </trkpt>
      <trkpt lat="44.418824" lon="5.365849">
        <ele>541.666726</ele>
        <time>2026-04-28T08:18:41.615Z</time>
      </trkpt>
      <trkpt lat="44.419338" lon="5.365452">
        <ele>541.666726</ele>
        <time>2026-04-28T08:19:01.843Z</time>
      </trkpt>
      <trkpt lat="44.419767" lon="5.365248">
        <ele>541.666726</ele>
        <time>2026-04-28T08:19:16.673Z</time>
      </trkpt>
      <trkpt lat="44.41997" lon="5.365034">
        <ele>541.666726</ele>
        <time>2026-04-28T08:19:24.912Z</time>
      </trkpt>
      <trkpt lat="44.419978" lon="5.364921">
        <ele>541.666726</ele>
        <time>2026-04-28T08:19:27.572Z</time>
      </trkpt>
      <trkpt lat="44.419821" lon="5.364411">
        <ele>541.666726</ele>
        <time>2026-04-28T08:19:41.127Z</time>
      </trkpt>
    </trkseg>
  </trk>
</gpx>
