<?xml version='1.0' encoding='UTF-8'?>
<gpx version="1.1" creator="https://www.komoot.de" xmlns="http://www.topografix.com/GPX/1/1" xmlns:xsi="http://www.w3.org/2001/XMLSchema-instance" xsi:schemaLocation="http://www.topografix.com/GPX/1/1 http://www.topografix.com/GPX/1/1/gpx.xsd">
  <metadata>
    <name>OFF Rapace Lolo</name>
    <author>
      <link href="https://www.komoot.de">
        <text>komoot</text>
        <type>text/html</type>
      </link>
    </author>
  </metadata>
  <trk>
    <name>OFF Rapace Lolo</name>
    <trkseg>
      <trkpt lat="45.738523" lon="4.656973">
        <ele>429.286697</ele>
        <time>2026-03-09T18:13:47.678Z</time>
      </trkpt>
      <trkpt lat="45.738860" lon="4.657072">
        <ele>429.286697</ele>
        <time>2026-03-09T18:14:06.866Z</time>
      </trkpt>
      <trkpt lat="45.738996" lon="4.657110">
        <ele>429.286697</ele>
        <time>2026-03-09T18:14:14.892Z</time>
      </trkpt>
      <trkpt lat="45.739283" lon="4.657136">
        <ele>429.286697</ele>
        <time>2026-03-09T18:14:32.363Z</time>
      </trkpt>
      <trkpt lat="45.739619" lon="4.656839">
        <ele>431.762130</ele>
        <time>2026-03-09T18:15:00.709Z</time>
      </trkpt>
      <trkpt lat="45.740052" lon="4.656626">
        <ele>436.028685</ele>
        <time>2026-03-09T18:15:32.045Z</time>
      </trkpt>
      <trkpt lat="45.740095" lon="4.656599">
        <ele>436.466215</ele>
        <time>2026-03-09T18:15:34.781Z</time>
      </trkpt>
      <trkpt lat="45.740236" lon="4.656736">
        <ele>438.053906</ele>
        <time>2026-03-09T18:15:47.105Z</time>
      </trkpt>
      <trkpt lat="45.740583" lon="4.656858">
        <ele>441.383717</ele>
        <time>2026-03-09T18:16:12.124Z</time>
      </trkpt>
      <trkpt lat="45.740580" lon="4.655977">
        <ele>447.200823</ele>
        <time>2026-03-09T18:16:55.053Z</time>
      </trkpt>
      <trkpt lat="45.740664" lon="4.655977">
        <ele>448.047522</ele>
        <time>2026-03-09T18:17:00.350Z</time>
      </trkpt>
      <trkpt lat="45.740842" lon="4.655676">
        <ele>450.822901</ele>
        <time>2026-03-09T18:17:17.651Z</time>
      </trkpt>
      <trkpt lat="45.740926" lon="4.655724">
        <ele>451.734447</ele>
        <time>2026-03-09T18:17:23.099Z</time>
      </trkpt>
      <trkpt lat="45.741228" lon="4.656012">
        <ele>455.391094</ele>
        <time>2026-03-09T18:17:44.381Z</time>
      </trkpt>
      <trkpt lat="45.741609" lon="4.656283">
        <ele>459.678617</ele>
        <time>2026-03-09T18:18:14.147Z</time>
      </trkpt>
      <trkpt lat="45.741763" lon="4.656398">
        <ele>461.429052</ele>
        <time>2026-03-09T18:18:27.127Z</time>
      </trkpt>
      <trkpt lat="45.741872" lon="4.656479">
        <ele>462.666710</ele>
        <time>2026-03-09T18:18:36.390Z</time>
      </trkpt>
      <trkpt lat="45.742236" lon="4.656763">
        <ele>466.371066</ele>
        <time>2026-03-09T18:19:06.656Z</time>
      </trkpt>
      <trkpt lat="45.742458" lon="4.656782">
        <ele>468.214659</ele>
        <time>2026-03-09T18:19:22.341Z</time>
      </trkpt>
      <trkpt lat="45.742722" lon="4.656805">
        <ele>470.407182</ele>
        <time>2026-03-09T18:19:39.628Z</time>
      </trkpt>
      <trkpt lat="45.743708" lon="4.657049">
        <ele>478.701824</ele>
        <time>2026-03-09T18:20:34.939Z</time>
      </trkpt>
      <trkpt lat="45.744028" lon="4.656685">
        <ele>480.278866</ele>
        <time>2026-03-09T18:20:53.884Z</time>
      </trkpt>
      <trkpt lat="45.744493" lon="4.655945">
        <ele>482.563524</ele>
        <time>2026-03-09T18:21:25.317Z</time>
      </trkpt>
      <trkpt lat="45.744494" lon="4.655944">
        <ele>482.567534</ele>
        <time>2026-03-09T18:21:25.336Z</time>
      </trkpt>
      <trkpt lat="45.745056" lon="4.654867">
        <ele>485.940062</ele>
        <time>2026-03-09T18:22:08.268Z</time>
      </trkpt>
      <trkpt lat="45.745348" lon="4.654335">
        <ele>488.178621</ele>
        <time>2026-03-09T18:22:30.900Z</time>
      </trkpt>
      <trkpt lat="45.745443" lon="4.654178">
        <ele>488.865898</ele>
        <time>2026-03-09T18:22:37.957Z</time>
      </trkpt>
      <trkpt lat="45.745469" lon="4.654135">
        <ele>489.054073</ele>
        <time>2026-03-09T18:22:39.891Z</time>
      </trkpt>
      <trkpt lat="45.745966" lon="4.653339">
        <ele>492.586663</ele>
        <time>2026-03-09T18:23:18.137Z</time>
      </trkpt>
      <trkpt lat="45.746020" lon="4.652988">
        <ele>493.771683</ele>
        <time>2026-03-09T18:23:32.236Z</time>
      </trkpt>
      <trkpt lat="45.746098" lon="4.652226">
        <ele>496.280524</ele>
        <time>2026-03-09T18:24:01.529Z</time>
      </trkpt>
      <trkpt lat="45.746147" lon="4.651375">
        <ele>499.062146</ele>
        <time>2026-03-09T18:24:31.365Z</time>
      </trkpt>
      <trkpt lat="45.746578" lon="4.651385">
        <ele>501.074360</ele>
        <time>2026-03-09T18:24:51.783Z</time>
      </trkpt>
      <trkpt lat="45.746721" lon="4.651283">
        <ele>501.820021</ele>
        <time>2026-03-09T18:24:59.091Z</time>
      </trkpt>
      <trkpt lat="45.746846" lon="4.651058">
        <ele>502.229954</ele>
        <time>2026-03-09T18:25:08.062Z</time>
      </trkpt>
      <trkpt lat="45.747144" lon="4.650296">
        <ele>503.276589</ele>
        <time>2026-03-09T18:25:34.359Z</time>
      </trkpt>
      <trkpt lat="45.747303" lon="4.650022">
        <ele>503.703579</ele>
        <time>2026-03-09T18:25:45.403Z</time>
      </trkpt>
      <trkpt lat="45.747502" lon="4.649533">
        <ele>504.381851</ele>
        <time>2026-03-09T18:26:03.068Z</time>
      </trkpt>
      <trkpt lat="45.747548" lon="4.649349">
        <ele>504.616040</ele>
        <time>2026-03-09T18:26:09.041Z</time>
      </trkpt>
      <trkpt lat="45.747496" lon="4.648897">
        <ele>504.471969</ele>
        <time>2026-03-09T18:26:22.746Z</time>
      </trkpt>
      <trkpt lat="45.747520" lon="4.648752">
        <ele>503.842902</ele>
        <time>2026-03-09T18:26:27.113Z</time>
      </trkpt>
      <trkpt lat="45.747772" lon="4.648655">
        <ele>502.264464</ele>
        <time>2026-03-09T18:26:37.890Z</time>
      </trkpt>
      <trkpt lat="45.747845" lon="4.648585">
        <ele>501.733129</ele>
        <time>2026-03-09T18:26:41.449Z</time>
      </trkpt>
      <trkpt lat="45.747896" lon="4.648507">
        <ele>501.281920</ele>
        <time>2026-03-09T18:26:44.432Z</time>
      </trkpt>
      <trkpt lat="45.747969" lon="4.648306">
        <ele>500.325413</ele>
        <time>2026-03-09T18:26:50.581Z</time>
      </trkpt>
      <trkpt lat="45.748188" lon="4.648064">
        <ele>498.652518</ele>
        <time>2026-03-09T18:27:00.620Z</time>
      </trkpt>
      <trkpt lat="45.748481" lon="4.647651">
        <ele>496.166399</ele>
        <time>2026-03-09T18:27:13.972Z</time>
      </trkpt>
      <trkpt lat="45.748575" lon="4.647549">
        <ele>495.453153</ele>
        <time>2026-03-09T18:27:17.747Z</time>
      </trkpt>
      <trkpt lat="45.748708" lon="4.647468">
        <ele>494.578966</ele>
        <time>2026-03-09T18:27:22.410Z</time>
      </trkpt>
      <trkpt lat="45.748771" lon="4.647456">
        <ele>494.194514</ele>
        <time>2026-03-09T18:27:24.437Z</time>
      </trkpt>
      <trkpt lat="45.748923" lon="4.647470">
        <ele>492.750523</ele>
        <time>2026-03-09T18:27:29.314Z</time>
      </trkpt>
      <trkpt lat="45.749017" lon="4.647512">
        <ele>491.792188</ele>
        <time>2026-03-09T18:27:32.494Z</time>
      </trkpt>
      <trkpt lat="45.749068" lon="4.647575">
        <ele>491.136847</ele>
        <time>2026-03-09T18:27:34.644Z</time>
      </trkpt>
      <trkpt lat="45.749189" lon="4.647976">
        <ele>488.169663</ele>
        <time>2026-03-09T18:27:44.465Z</time>
      </trkpt>
      <trkpt lat="45.749390" lon="4.648354">
        <ele>484.941978</ele>
        <time>2026-03-09T18:27:55.137Z</time>
      </trkpt>
      <trkpt lat="45.749520" lon="4.648454">
        <ele>483.505939</ele>
        <time>2026-03-09T18:27:59.900Z</time>
      </trkpt>
      <trkpt lat="45.749700" lon="4.648520">
        <ele>481.697572</ele>
        <time>2026-03-09T18:28:05.984Z</time>
      </trkpt>
      <trkpt lat="45.750374" lon="4.648644">
        <ele>476.537150</ele>
        <time>2026-03-09T18:28:30.750Z</time>
      </trkpt>
      <trkpt lat="45.750657" lon="4.648775">
        <ele>476.371775</ele>
        <time>2026-03-09T18:28:43.893Z</time>
      </trkpt>
      <trkpt lat="45.750743" lon="4.648775">
        <ele>476.323953</ele>
        <time>2026-03-09T18:28:47.675Z</time>
      </trkpt>
      <trkpt lat="45.750973" lon="4.648644">
        <ele>476.186326</ele>
        <time>2026-03-09T18:28:58.379Z</time>
      </trkpt>
      <trkpt lat="45.751085" lon="4.648485">
        <ele>476.098661</ele>
        <time>2026-03-09T18:29:05.119Z</time>
      </trkpt>
      <trkpt lat="45.751205" lon="4.648182">
        <ele>475.963476</ele>
        <time>2026-03-09T18:29:15.386Z</time>
      </trkpt>
      <trkpt lat="45.751349" lon="4.648013">
        <ele>475.859978</ele>
        <time>2026-03-09T18:29:23.013Z</time>
      </trkpt>
      <trkpt lat="45.751751" lon="4.647917">
        <ele>475.633354</ele>
        <time>2026-03-09T18:29:39.682Z</time>
      </trkpt>
      <trkpt lat="45.751952" lon="4.647834">
        <ele>475.171074</ele>
        <time>2026-03-09T18:29:48.260Z</time>
      </trkpt>
      <trkpt lat="45.752366" lon="4.647533">
        <ele>474.086052</ele>
        <time>2026-03-09T18:30:06.552Z</time>
      </trkpt>
      <trkpt lat="45.752831" lon="4.647329">
        <ele>472.949444</ele>
        <time>2026-03-09T18:30:24.682Z</time>
      </trkpt>
      <trkpt lat="45.753144" lon="4.647227">
        <ele>472.199207</ele>
        <time>2026-03-09T18:30:36.537Z</time>
      </trkpt>
      <trkpt lat="45.753309" lon="4.647214">
        <ele>471.812977</ele>
        <time>2026-03-09T18:30:42.808Z</time>
      </trkpt>
      <trkpt lat="45.753540" lon="4.647243">
        <ele>471.514670</ele>
        <time>2026-03-09T18:30:51.949Z</time>
      </trkpt>
      <trkpt lat="45.753661" lon="4.647332">
        <ele>471.712693</ele>
        <time>2026-03-09T18:30:57.387Z</time>
      </trkpt>
      <trkpt lat="45.753855" lon="4.647575">
        <ele>472.087832</ele>
        <time>2026-03-09T18:31:07.881Z</time>
      </trkpt>
      <trkpt lat="45.753915" lon="4.647431">
        <ele>472.258222</ele>
        <time>2026-03-09T18:31:12.764Z</time>
      </trkpt>
      <trkpt lat="45.753988" lon="4.647016">
        <ele>472.693016</ele>
        <time>2026-03-09T18:31:25.562Z</time>
      </trkpt>
      <trkpt lat="45.753996" lon="4.646798">
        <ele>472.914790</ele>
        <time>2026-03-09T18:31:32.154Z</time>
      </trkpt>
      <trkpt lat="45.753964" lon="4.646391">
        <ele>473.330882</ele>
        <time>2026-03-09T18:31:44.919Z</time>
      </trkpt>
      <trkpt lat="45.753883" lon="4.646000">
        <ele>473.745241</ele>
        <time>2026-03-09T18:31:58.548Z</time>
      </trkpt>
      <trkpt lat="45.753887" lon="4.645916">
        <ele>473.830776</ele>
        <time>2026-03-09T18:32:01.503Z</time>
      </trkpt>
      <trkpt lat="45.753913" lon="4.645825">
        <ele>473.930674</ele>
        <time>2026-03-09T18:32:05.067Z</time>
      </trkpt>
      <trkpt lat="45.754059" lon="4.645691">
        <ele>474.525438</ele>
        <time>2026-03-09T18:32:13.964Z</time>
      </trkpt>
      <trkpt lat="45.754187" lon="4.645465">
        <ele>475.528379</ele>
        <time>2026-03-09T18:32:24.178Z</time>
      </trkpt>
      <trkpt lat="45.754288" lon="4.644988">
        <ele>477.245909</ele>
        <time>2026-03-09T18:32:41.343Z</time>
      </trkpt>
      <trkpt lat="45.754543" lon="4.644230">
        <ele>480.145334</ele>
        <time>2026-03-09T18:33:09.785Z</time>
      </trkpt>
      <trkpt lat="45.754733" lon="4.643867">
        <ele>481.708859</ele>
        <time>2026-03-09T18:33:25.175Z</time>
      </trkpt>
      <trkpt lat="45.754948" lon="4.643719">
        <ele>482.886672</ele>
        <time>2026-03-09T18:33:37.401Z</time>
      </trkpt>
      <trkpt lat="45.755169" lon="4.643700">
        <ele>485.001904</ele>
        <time>2026-03-09T18:33:49.825Z</time>
      </trkpt>
      <trkpt lat="45.755628" lon="4.644033">
        <ele>489.996152</ele>
        <time>2026-03-09T18:34:22.744Z</time>
      </trkpt>
      <trkpt lat="45.755813" lon="4.644253">
        <ele>492.329809</ele>
        <time>2026-03-09T18:34:39.796Z</time>
      </trkpt>
      <trkpt lat="45.755905" lon="4.644173">
        <ele>493.374455</ele>
        <time>2026-03-09T18:34:47.505Z</time>
      </trkpt>
      <trkpt lat="45.756048" lon="4.643908">
        <ele>495.643581</ele>
        <time>2026-03-09T18:35:03.979Z</time>
      </trkpt>
      <trkpt lat="45.756248" lon="4.643618">
        <ele>498.405464</ele>
        <time>2026-03-09T18:35:23.976Z</time>
      </trkpt>
      <trkpt lat="45.756411" lon="4.643311">
        <ele>500.813713</ele>
        <time>2026-03-09T18:35:46.177Z</time>
      </trkpt>
      <trkpt lat="45.756523" lon="4.643169">
        <ele>501.797689</ele>
        <time>2026-03-09T18:35:58.464Z</time>
      </trkpt>
      <trkpt lat="45.756531" lon="4.642710">
        <ele>503.905699</ele>
        <time>2026-03-09T18:36:22.853Z</time>
      </trkpt>
      <trkpt lat="45.756466" lon="4.642236">
        <ele>506.123557</ele>
        <time>2026-03-09T18:36:44.940Z</time>
      </trkpt>
      <trkpt lat="45.756419" lon="4.641602">
        <ele>509.050756</ele>
        <time>2026-03-09T18:37:10.970Z</time>
      </trkpt>
      <trkpt lat="45.756411" lon="4.641384">
        <ele>510.053019</ele>
        <time>2026-03-09T18:37:19.435Z</time>
      </trkpt>
      <trkpt lat="45.756430" lon="4.641195">
        <ele>510.929716</ele>
        <time>2026-03-09T18:37:26.899Z</time>
      </trkpt>
      <trkpt lat="45.756529" lon="4.640896">
        <ele>512.201166</ele>
        <time>2026-03-09T18:37:39.805Z</time>
      </trkpt>
      <trkpt lat="45.756681" lon="4.640597">
        <ele>512.072519</ele>
        <time>2026-03-09T18:37:54.164Z</time>
      </trkpt>
      <trkpt lat="45.757180" lon="4.640118">
        <ele>511.773190</ele>
        <time>2026-03-09T18:38:25.467Z</time>
      </trkpt>
      <trkpt lat="45.757528" lon="4.639843">
        <ele>511.575130</ele>
        <time>2026-03-09T18:38:44.174Z</time>
      </trkpt>
      <trkpt lat="45.757647" lon="4.639795">
        <ele>511.513516</ele>
        <time>2026-03-09T18:38:49.769Z</time>
      </trkpt>
      <trkpt lat="45.757677" lon="4.639843">
        <ele>511.491107</ele>
        <time>2026-03-09T18:38:51.776Z</time>
      </trkpt>
      <trkpt lat="45.757499" lon="4.640126">
        <ele>511.358612</ele>
        <time>2026-03-09T18:39:03.318Z</time>
      </trkpt>
      <trkpt lat="45.757329" lon="4.640553">
        <ele>509.945110</ele>
        <time>2026-03-09T18:39:17.614Z</time>
      </trkpt>
      <trkpt lat="45.757262" lon="4.640867">
        <ele>508.776272</ele>
        <time>2026-03-09T18:39:26.889Z</time>
      </trkpt>
      <trkpt lat="45.757285" lon="4.641090">
        <ele>507.973839</ele>
        <time>2026-03-09T18:39:33.199Z</time>
      </trkpt>
      <trkpt lat="45.757348" lon="4.641227">
        <ele>507.389767</ele>
        <time>2026-03-09T18:39:37.838Z</time>
      </trkpt>
      <trkpt lat="45.757463" lon="4.641347">
        <ele>506.664013</ele>
        <time>2026-03-09T18:39:43.714Z</time>
      </trkpt>
      <trkpt lat="45.757628" lon="4.641446">
        <ele>505.751397</ele>
        <time>2026-03-09T18:39:51.249Z</time>
      </trkpt>
      <trkpt lat="45.757989" lon="4.641580">
        <ele>503.848810</ele>
        <time>2026-03-09T18:40:07.336Z</time>
      </trkpt>
      <trkpt lat="45.758249" lon="4.641720">
        <ele>502.431768</ele>
        <time>2026-03-09T18:40:19.786Z</time>
      </trkpt>
      <trkpt lat="45.758353" lon="4.641738">
        <ele>502.311275</ele>
        <time>2026-03-09T18:40:24.626Z</time>
      </trkpt>
      <trkpt lat="45.758479" lon="4.641703">
        <ele>502.748682</ele>
        <time>2026-03-09T18:40:30.621Z</time>
      </trkpt>
      <trkpt lat="45.758626" lon="4.641706">
        <ele>503.249720</ele>
        <time>2026-03-09T18:40:37.549Z</time>
      </trkpt>
      <trkpt lat="45.758762" lon="4.641764">
        <ele>503.733299</ele>
        <time>2026-03-09T18:40:44.377Z</time>
      </trkpt>
      <trkpt lat="45.758884" lon="4.641892">
        <ele>504.248573</ele>
        <time>2026-03-09T18:40:51.872Z</time>
      </trkpt>
      <trkpt lat="45.758923" lon="4.641965">
        <ele>504.467193</ele>
        <time>2026-03-09T18:40:55.117Z</time>
      </trkpt>
      <trkpt lat="45.758972" lon="4.642192">
        <ele>505.032184</ele>
        <time>2026-03-09T18:41:03.948Z</time>
      </trkpt>
      <trkpt lat="45.759039" lon="4.642367">
        <ele>505.506823</ele>
        <time>2026-03-09T18:41:11.798Z</time>
      </trkpt>
      <trkpt lat="45.759128" lon="4.642531">
        <ele>506.000849</ele>
        <time>2026-03-09T18:41:20.394Z</time>
      </trkpt>
      <trkpt lat="45.759234" lon="4.642641">
        <ele>506.446847</ele>
        <time>2026-03-09T18:41:28.361Z</time>
      </trkpt>
      <trkpt lat="45.759392" lon="4.643119">
        <ele>507.704506</ele>
        <time>2026-03-09T18:41:51.204Z</time>
      </trkpt>
      <trkpt lat="45.759607" lon="4.643452">
        <ele>510.551368</ele>
        <time>2026-03-09T18:42:13.385Z</time>
      </trkpt>
      <trkpt lat="45.760211" lon="4.643948">
        <ele>521.182077</ele>
        <time>2026-03-09T18:43:14.209Z</time>
      </trkpt>
      <trkpt lat="45.760250" lon="4.643855">
        <ele>522.338173</ele>
        <time>2026-03-09T18:43:21.746Z</time>
      </trkpt>
      <trkpt lat="45.760183" lon="4.643389">
        <ele>527.407509</ele>
        <time>2026-03-09T18:43:56.759Z</time>
      </trkpt>
      <trkpt lat="45.760200" lon="4.643010">
        <ele>531.453906</ele>
        <time>2026-03-09T18:44:26.383Z</time>
      </trkpt>
      <trkpt lat="45.760185" lon="4.642634">
        <ele>535.466546</ele>
        <time>2026-03-09T18:44:57.018Z</time>
      </trkpt>
      <trkpt lat="45.760228" lon="4.642554">
        <ele>536.888504</ele>
        <time>2026-03-09T18:45:05.462Z</time>
      </trkpt>
      <trkpt lat="45.760266" lon="4.642535">
        <ele>537.769332</ele>
        <time>2026-03-09T18:45:10.336Z</time>
      </trkpt>
      <trkpt lat="45.760446" lon="4.642486">
        <ele>541.779286</ele>
        <time>2026-03-09T18:45:32.990Z</time>
      </trkpt>
      <trkpt lat="45.760685" lon="4.642520">
        <ele>547.035813</ele>
        <time>2026-03-09T18:46:03.541Z</time>
      </trkpt>
      <trkpt lat="45.760728" lon="4.642470">
        <ele>548.247653</ele>
        <time>2026-03-09T18:46:10.673Z</time>
      </trkpt>
      <trkpt lat="45.760686" lon="4.642041">
        <ele>554.862291</ele>
        <time>2026-03-09T18:46:50.039Z</time>
      </trkpt>
      <trkpt lat="45.760684" lon="4.641490">
        <ele>563.275697</ele>
        <time>2026-03-09T18:47:40.335Z</time>
      </trkpt>
      <trkpt lat="45.760668" lon="4.641340">
        <ele>565.592682</ele>
        <time>2026-03-09T18:47:54.198Z</time>
      </trkpt>
      <trkpt lat="45.760599" lon="4.641075">
        <ele>569.911630</ele>
        <time>2026-03-09T18:48:19.913Z</time>
      </trkpt>
      <trkpt lat="45.760624" lon="4.641008">
        <ele>571.071793</ele>
        <time>2026-03-09T18:48:26.813Z</time>
      </trkpt>
      <trkpt lat="45.760774" lon="4.640882">
        <ele>574.876943</ele>
        <time>2026-03-09T18:48:49.341Z</time>
      </trkpt>
      <trkpt lat="45.760865" lon="4.640711">
        <ele>577.925158</ele>
        <time>2026-03-09T18:49:08.634Z</time>
      </trkpt>
      <trkpt lat="45.760884" lon="4.640616">
        <ele>579.317592</ele>
        <time>2026-03-09T18:49:17.417Z</time>
      </trkpt>
      <trkpt lat="45.760874" lon="4.640522">
        <ele>580.657331</ele>
        <time>2026-03-09T18:49:25.862Z</time>
      </trkpt>
      <trkpt lat="45.760786" lon="4.640268">
        <ele>584.653104</ele>
        <time>2026-03-09T18:49:50.749Z</time>
      </trkpt>
      <trkpt lat="45.760807" lon="4.640124">
        <ele>586.725872</ele>
        <time>2026-03-09T18:50:03.485Z</time>
      </trkpt>
      <trkpt lat="45.760939" lon="4.639645">
        <ele>593.982254</ele>
        <time>2026-03-09T18:50:46.836Z</time>
      </trkpt>
      <trkpt lat="45.761058" lon="4.638900">
        <ele>604.750645</ele>
        <time>2026-03-09T18:51:47.547Z</time>
      </trkpt>
      <trkpt lat="45.761186" lon="4.638523">
        <ele>610.658061</ele>
        <time>2026-03-09T18:52:18.991Z</time>
      </trkpt>
      <trkpt lat="45.761266" lon="4.638387">
        <ele>612.819170</ele>
        <time>2026-03-09T18:52:32.017Z</time>
      </trkpt>
      <trkpt lat="45.761374" lon="4.638311">
        <ele>614.764017</ele>
        <time>2026-03-09T18:52:44.507Z</time>
      </trkpt>
      <trkpt lat="45.761442" lon="4.638312">
        <ele>615.863285</ele>
        <time>2026-03-09T18:52:51.509Z</time>
      </trkpt>
      <trkpt lat="45.761702" lon="4.638396">
        <ele>620.171585</ele>
        <time>2026-03-09T18:53:18.643Z</time>
      </trkpt>
      <trkpt lat="45.761974" lon="4.638437">
        <ele>624.592673</ele>
        <time>2026-03-09T18:53:45.828Z</time>
      </trkpt>
      <trkpt lat="45.762523" lon="4.638358">
        <ele>633.511790</ele>
        <time>2026-03-09T18:54:38.979Z</time>
      </trkpt>
      <trkpt lat="45.762767" lon="4.638280">
        <ele>637.552910</ele>
        <time>2026-03-09T18:55:02.563Z</time>
      </trkpt>
      <trkpt lat="45.762508" lon="4.637575">
        <ele>645.453384</ele>
        <time>2026-03-09T18:55:46.684Z</time>
      </trkpt>
      <trkpt lat="45.762414" lon="4.637149">
        <ele>649.585350</ele>
        <time>2026-03-09T18:56:11.200Z</time>
      </trkpt>
      <trkpt lat="45.762381" lon="4.636753">
        <ele>653.273553</ele>
        <time>2026-03-09T18:56:32.326Z</time>
      </trkpt>
      <trkpt lat="45.762321" lon="4.636378">
        <ele>656.831557</ele>
        <time>2026-03-09T18:56:52.133Z</time>
      </trkpt>
      <trkpt lat="45.762323" lon="4.635709">
        <ele>663.018468</ele>
        <time>2026-03-09T18:57:25.714Z</time>
      </trkpt>
      <trkpt lat="45.762261" lon="4.635513">
        <ele>664.904668</ele>
        <time>2026-03-09T18:57:36.323Z</time>
      </trkpt>
      <trkpt lat="45.762160" lon="4.635033">
        <ele>668.806589</ele>
        <time>2026-03-09T18:58:00.942Z</time>
      </trkpt>
      <trkpt lat="45.762149" lon="4.634714">
        <ele>671.292306</ele>
        <time>2026-03-09T18:58:16.491Z</time>
      </trkpt>
      <trkpt lat="45.762167" lon="4.634181">
        <ele>675.445350</ele>
        <time>2026-03-09T18:58:42.798Z</time>
      </trkpt>
      <trkpt lat="45.762201" lon="4.633877">
        <ele>677.841505</ele>
        <time>2026-03-09T18:58:57.823Z</time>
      </trkpt>
      <trkpt lat="45.762203" lon="4.633087">
        <ele>683.989886</ele>
        <time>2026-03-09T18:59:36.126Z</time>
      </trkpt>
      <trkpt lat="45.762309" lon="4.633005">
        <ele>685.253986</ele>
        <time>2026-03-09T18:59:44.367Z</time>
      </trkpt>
      <trkpt lat="45.762338" lon="4.632899">
        <ele>686.063096</ele>
        <time>2026-03-09T18:59:49.646Z</time>
      </trkpt>
      <trkpt lat="45.762335" lon="4.632722">
        <ele>687.321267</ele>
        <time>2026-03-09T18:59:57.756Z</time>
      </trkpt>
      <trkpt lat="45.762280" lon="4.632305">
        <ele>690.337053</ele>
        <time>2026-03-09T19:00:17.361Z</time>
      </trkpt>
      <trkpt lat="45.762254" lon="4.631866">
        <ele>693.467907</ele>
        <time>2026-03-09T19:00:37.795Z</time>
      </trkpt>
      <trkpt lat="45.762255" lon="4.631860">
        <ele>693.511744</ele>
        <time>2026-03-09T19:00:38.049Z</time>
      </trkpt>
      <trkpt lat="45.762263" lon="4.631627">
        <ele>695.169498</ele>
        <time>2026-03-09T19:00:48.941Z</time>
      </trkpt>
      <trkpt lat="45.762295" lon="4.631188">
        <ele>698.306112</ele>
        <time>2026-03-09T19:01:09.056Z</time>
      </trkpt>
      <trkpt lat="45.762397" lon="4.630654">
        <ele>702.240495</ele>
        <time>2026-03-09T19:01:34.742Z</time>
      </trkpt>
      <trkpt lat="45.762678" lon="4.629380">
        <ele>709.519248</ele>
        <time>2026-03-09T19:02:33.184Z</time>
      </trkpt>
      <trkpt lat="45.762793" lon="4.628987">
        <ele>711.801680</ele>
        <time>2026-03-09T19:02:50.126Z</time>
      </trkpt>
      <trkpt lat="45.762827" lon="4.628909">
        <ele>712.294262</ele>
        <time>2026-03-09T19:02:53.696Z</time>
      </trkpt>
      <trkpt lat="45.762956" lon="4.629301">
        <ele>714.615528</ele>
        <time>2026-03-09T19:03:09.886Z</time>
      </trkpt>
      <trkpt lat="45.763154" lon="4.629435">
        <ele>716.296457</ele>
        <time>2026-03-09T19:03:21.100Z</time>
      </trkpt>
      <trkpt lat="45.763324" lon="4.629615">
        <ele>716.703603</ele>
        <time>2026-03-09T19:03:31.673Z</time>
      </trkpt>
      <trkpt lat="45.763720" lon="4.629941">
        <ele>717.104371</ele>
        <time>2026-03-09T19:03:52.944Z</time>
      </trkpt>
      <trkpt lat="45.763723" lon="4.629943">
        <ele>717.107275</ele>
        <time>2026-03-09T19:03:53.094Z</time>
      </trkpt>
      <trkpt lat="45.764220" lon="4.630452">
        <ele>717.643332</ele>
        <time>2026-03-09T19:04:20.768Z</time>
      </trkpt>
      <trkpt lat="45.764311" lon="4.630545">
        <ele>717.741413</ele>
        <time>2026-03-09T19:04:25.443Z</time>
      </trkpt>
      <trkpt lat="45.764449" lon="4.630639">
        <ele>717.875501</ele>
        <time>2026-03-09T19:04:31.537Z</time>
      </trkpt>
      <trkpt lat="45.764825" lon="4.630705">
        <ele>716.774277</ele>
        <time>2026-03-09T19:04:45.730Z</time>
      </trkpt>
      <trkpt lat="45.764960" lon="4.631102">
        <ele>712.357755</ele>
        <time>2026-03-09T19:04:56.247Z</time>
      </trkpt>
      <trkpt lat="45.765098" lon="4.631204">
        <ele>710.132084</ele>
        <time>2026-03-09T19:05:01.280Z</time>
      </trkpt>
      <trkpt lat="45.765379" lon="4.631633">
        <ele>704.247456</ele>
        <time>2026-03-09T19:05:14.435Z</time>
      </trkpt>
      <trkpt lat="45.765588" lon="4.631756">
        <ele>701.008849</ele>
        <time>2026-03-09T19:05:21.648Z</time>
      </trkpt>
      <trkpt lat="45.765738" lon="4.631960">
        <ele>698.044929</ele>
        <time>2026-03-09T19:05:28.197Z</time>
      </trkpt>
      <trkpt lat="45.765847" lon="4.632250">
        <ele>694.750846</ele>
        <time>2026-03-09T19:05:35.457Z</time>
      </trkpt>
      <trkpt lat="45.766034" lon="4.633339">
        <ele>679.824176</ele>
        <time>2026-03-09T19:06:00.193Z</time>
      </trkpt>
      <trkpt lat="45.766456" lon="4.634895">
        <ele>656.093433</ele>
        <time>2026-03-09T19:06:37.096Z</time>
      </trkpt>
      <trkpt lat="45.766584" lon="4.635200">
        <ele>651.549285</ele>
        <time>2026-03-09T19:06:44.979Z</time>
      </trkpt>
      <trkpt lat="45.766621" lon="4.635388">
        <ele>649.079884</ele>
        <time>2026-03-09T19:06:49.301Z</time>
      </trkpt>
      <trkpt lat="45.766614" lon="4.635656">
        <ele>645.689554</ele>
        <time>2026-03-09T19:06:55.244Z</time>
      </trkpt>
      <trkpt lat="45.766415" lon="4.636365">
        <ele>636.028322</ele>
        <time>2026-03-09T19:07:12.160Z</time>
      </trkpt>
      <trkpt lat="45.766352" lon="4.636869">
        <ele>629.555434</ele>
        <time>2026-03-09T19:07:23.547Z</time>
      </trkpt>
      <trkpt lat="45.766269" lon="4.637201">
        <ele>625.097007</ele>
        <time>2026-03-09T19:07:31.403Z</time>
      </trkpt>
      <trkpt lat="45.766254" lon="4.637462">
        <ele>622.059261</ele>
        <time>2026-03-09T19:07:37.234Z</time>
      </trkpt>
      <trkpt lat="45.766179" lon="4.638288">
        <ele>613.722742</ele>
        <time>2026-03-09T19:07:55.841Z</time>
      </trkpt>
      <trkpt lat="45.766229" lon="4.639185">
        <ele>604.716756</ele>
        <time>2026-03-09T19:08:16.016Z</time>
      </trkpt>
      <trkpt lat="45.766575" lon="4.640277">
        <ele>592.368880</ele>
        <time>2026-03-09T19:08:42.954Z</time>
      </trkpt>
      <trkpt lat="45.766522" lon="4.640401">
        <ele>590.803954</ele>
        <time>2026-03-09T19:08:46.790Z</time>
      </trkpt>
      <trkpt lat="45.766359" lon="4.640531">
        <ele>587.926527</ele>
        <time>2026-03-09T19:08:53.835Z</time>
      </trkpt>
      <trkpt lat="45.766299" lon="4.640607">
        <ele>586.691395</ele>
        <time>2026-03-09T19:08:56.848Z</time>
      </trkpt>
      <trkpt lat="45.766288" lon="4.640662">
        <ele>586.075690</ele>
        <time>2026-03-09T19:08:58.355Z</time>
      </trkpt>
      <trkpt lat="45.766351" lon="4.640979">
        <ele>582.528685</ele>
        <time>2026-03-09T19:09:07.022Z</time>
      </trkpt>
      <trkpt lat="45.766463" lon="4.641356">
        <ele>578.119182</ele>
        <time>2026-03-09T19:09:17.776Z</time>
      </trkpt>
      <trkpt lat="45.766461" lon="4.641702">
        <ele>574.395723</ele>
        <time>2026-03-09T19:09:26.840Z</time>
      </trkpt>
      <trkpt lat="45.766520" lon="4.641898">
        <ele>572.098561</ele>
        <time>2026-03-09T19:09:32.423Z</time>
      </trkpt>
      <trkpt lat="45.766563" lon="4.642330">
        <ele>567.268880</ele>
        <time>2026-03-09T19:09:43.839Z</time>
      </trkpt>
      <trkpt lat="45.766540" lon="4.643151">
        <ele>557.874697</ele>
        <time>2026-03-09T19:10:05.265Z</time>
      </trkpt>
      <trkpt lat="45.766445" lon="4.643770">
        <ele>550.628317</ele>
        <time>2026-03-09T19:10:21.829Z</time>
      </trkpt>
      <trkpt lat="45.766427" lon="4.644379">
        <ele>543.659267</ele>
        <time>2026-03-09T19:10:37.838Z</time>
      </trkpt>
      <trkpt lat="45.766336" lon="4.644614">
        <ele>540.586266</ele>
        <time>2026-03-09T19:10:44.914Z</time>
      </trkpt>
      <trkpt lat="45.766129" lon="4.644851">
        <ele>537.625806</ele>
        <time>2026-03-09T19:10:54.958Z</time>
      </trkpt>
      <trkpt lat="45.766114" lon="4.644953">
        <ele>536.864791</ele>
        <time>2026-03-09T19:10:57.718Z</time>
      </trkpt>
      <trkpt lat="45.766133" lon="4.645063">
        <ele>536.037489</ele>
        <time>2026-03-09T19:11:00.719Z</time>
      </trkpt>
      <trkpt lat="45.766393" lon="4.645205">
        <ele>533.125724</ele>
        <time>2026-03-09T19:11:11.381Z</time>
      </trkpt>
      <trkpt lat="45.766545" lon="4.645401">
        <ele>530.986138</ele>
        <time>2026-03-09T19:11:19.320Z</time>
      </trkpt>
      <trkpt lat="45.766685" lon="4.645726">
        <ele>528.197588</ele>
        <time>2026-03-09T19:11:29.825Z</time>
      </trkpt>
      <trkpt lat="45.766764" lon="4.645849">
        <ele>526.976999</ele>
        <time>2026-03-09T19:11:34.502Z</time>
      </trkpt>
      <trkpt lat="45.766792" lon="4.645944">
        <ele>526.224099</ele>
        <time>2026-03-09T19:11:37.389Z</time>
      </trkpt>
      <trkpt lat="45.766785" lon="4.646092">
        <ele>525.141162</ele>
        <time>2026-03-09T19:11:41.564Z</time>
      </trkpt>
      <trkpt lat="45.767123" lon="4.646730">
        <ele>518.979770</ele>
        <time>2026-03-09T19:12:03.911Z</time>
      </trkpt>
      <trkpt lat="45.767210" lon="4.647201">
        <ele>514.852273</ele>
        <time>2026-03-09T19:12:17.022Z</time>
      </trkpt>
      <trkpt lat="45.767339" lon="4.647381">
        <ele>512.666125</ele>
        <time>2026-03-09T19:12:23.896Z</time>
      </trkpt>
      <trkpt lat="45.767354" lon="4.647465">
        <ele>511.931591</ele>
        <time>2026-03-09T19:12:26.176Z</time>
      </trkpt>
      <trkpt lat="45.767335" lon="4.647657">
        <ele>510.288821</ele>
        <time>2026-03-09T19:12:31.299Z</time>
      </trkpt>
      <trkpt lat="45.767080" lon="4.648078">
        <ele>505.565591</ele>
        <time>2026-03-09T19:12:46.033Z</time>
      </trkpt>
      <trkpt lat="45.766977" lon="4.648386">
        <ele>502.672094</ele>
        <time>2026-03-09T19:12:55.018Z</time>
      </trkpt>
      <trkpt lat="45.766940" lon="4.648572">
        <ele>501.033610</ele>
        <time>2026-03-09T19:13:00.097Z</time>
      </trkpt>
      <trkpt lat="45.766909" lon="4.648948">
        <ele>498.081344</ele>
        <time>2026-03-09T19:13:10.064Z</time>
      </trkpt>
      <trkpt lat="45.766829" lon="4.649160">
        <ele>496.370439</ele>
        <time>2026-03-09T19:13:16.416Z</time>
      </trkpt>
      <trkpt lat="45.766846" lon="4.649357">
        <ele>494.961420</ele>
        <time>2026-03-09T19:13:21.653Z</time>
      </trkpt>
      <trkpt lat="45.766812" lon="4.649470">
        <ele>494.087882</ele>
        <time>2026-03-09T19:13:24.884Z</time>
      </trkpt>
      <trkpt lat="45.766687" lon="4.649589">
        <ele>492.561003</ele>
        <time>2026-03-09T19:13:30.570Z</time>
      </trkpt>
      <trkpt lat="45.766682" lon="4.649590">
        <ele>492.509632</ele>
        <time>2026-03-09T19:13:30.758Z</time>
      </trkpt>
      <trkpt lat="45.766610" lon="4.649617">
        <ele>491.752338</ele>
        <time>2026-03-09T19:13:33.580Z</time>
      </trkpt>
      <trkpt lat="45.766496" lon="4.649608">
        <ele>490.590564</ele>
        <time>2026-03-09T19:13:37.914Z</time>
      </trkpt>
      <trkpt lat="45.766493" lon="4.649951">
        <ele>488.155649</ele>
        <time>2026-03-09T19:13:45.662Z</time>
      </trkpt>
      <trkpt lat="45.766578" lon="4.650504">
        <ele>484.136121</ele>
        <time>2026-03-09T19:13:58.957Z</time>
      </trkpt>
      <trkpt lat="45.766619" lon="4.651058">
        <ele>481.313165</ele>
        <time>2026-03-09T19:14:13.332Z</time>
      </trkpt>
      <trkpt lat="45.766685" lon="4.651727">
        <ele>482.439031</ele>
        <time>2026-03-09T19:14:32.167Z</time>
      </trkpt>
      <trkpt lat="45.766820" lon="4.651419">
        <ele>483.045161</ele>
        <time>2026-03-09T19:14:44.962Z</time>
      </trkpt>
      <trkpt lat="45.766919" lon="4.651193">
        <ele>483.489844</ele>
        <time>2026-03-09T19:14:54.726Z</time>
      </trkpt>
      <trkpt lat="45.767024" lon="4.650884">
        <ele>484.062577</ele>
        <time>2026-03-09T19:15:08.172Z</time>
      </trkpt>
      <trkpt lat="45.767090" lon="4.650525">
        <ele>484.681210</ele>
        <time>2026-03-09T19:15:24.331Z</time>
      </trkpt>
      <trkpt lat="45.767177" lon="4.650420">
        <ele>484.952872</ele>
        <time>2026-03-09T19:15:32.128Z</time>
      </trkpt>
      <trkpt lat="45.767592" lon="4.649872">
        <ele>489.659263</ele>
        <time>2026-03-09T19:16:14.296Z</time>
      </trkpt>
      <trkpt lat="45.767863" lon="4.649518">
        <ele>493.781005</ele>
        <time>2026-03-09T19:16:43.674Z</time>
      </trkpt>
      <trkpt lat="45.767881" lon="4.649361">
        <ele>495.028740</ele>
        <time>2026-03-09T19:16:52.995Z</time>
      </trkpt>
      <trkpt lat="45.767943" lon="4.649239">
        <ele>496.212454</ele>
        <time>2026-03-09T19:17:02.050Z</time>
      </trkpt>
      <trkpt lat="45.767944" lon="4.649238">
        <ele>496.226161</ele>
        <time>2026-03-09T19:17:02.140Z</time>
      </trkpt>
      <trkpt lat="45.768060" lon="4.649108">
        <ele>497.881448</ele>
        <time>2026-03-09T19:17:14.988Z</time>
      </trkpt>
      <trkpt lat="45.768154" lon="4.648855">
        <ele>500.129383</ele>
        <time>2026-03-09T19:17:32.587Z</time>
      </trkpt>
      <trkpt lat="45.768045" lon="4.648713">
        <ele>501.785174</ele>
        <time>2026-03-09T19:17:43.440Z</time>
      </trkpt>
      <trkpt lat="45.767937" lon="4.648165">
        <ele>506.437915</ele>
        <time>2026-03-09T19:18:12.576Z</time>
      </trkpt>
      <trkpt lat="45.767858" lon="4.648099">
        <ele>507.768241</ele>
        <time>2026-03-09T19:18:19.337Z</time>
      </trkpt>
      <trkpt lat="45.767929" lon="4.647898">
        <ele>510.054830</ele>
        <time>2026-03-09T19:18:32.974Z</time>
      </trkpt>
      <trkpt lat="45.767948" lon="4.647701">
        <ele>512.073206</ele>
        <time>2026-03-09T19:18:45.066Z</time>
      </trkpt>
      <trkpt lat="45.767989" lon="4.647556">
        <ele>513.661117</ele>
        <time>2026-03-09T19:18:54.647Z</time>
      </trkpt>
      <trkpt lat="45.767948" lon="4.647701">
        <ele>515.249027</ele>
        <time>2026-03-09T19:19:04.271Z</time>
      </trkpt>
      <trkpt lat="45.768208" lon="4.647596">
        <ele>519.179051</ele>
        <time>2026-03-09T19:19:29.400Z</time>
      </trkpt>
      <trkpt lat="45.768272" lon="4.647262">
        <ele>522.694370</ele>
        <time>2026-03-09T19:19:52.768Z</time>
      </trkpt>
      <trkpt lat="45.768279" lon="4.646938">
        <ele>525.984209</ele>
        <time>2026-03-09T19:20:15.198Z</time>
      </trkpt>
      <trkpt lat="45.768333" lon="4.646822">
        <ele>527.399568</ele>
        <time>2026-03-09T19:20:24.932Z</time>
      </trkpt>
      <trkpt lat="45.768415" lon="4.646702">
        <ele>529.104426</ele>
        <time>2026-03-09T19:20:36.528Z</time>
      </trkpt>
      <trkpt lat="45.768400" lon="4.646307">
        <ele>532.773386</ele>
        <time>2026-03-09T19:21:03.814Z</time>
      </trkpt>
      <trkpt lat="45.768430" lon="4.646191">
        <ele>533.703816</ele>
        <time>2026-03-09T19:21:12.532Z</time>
      </trkpt>
      <trkpt lat="45.768596" lon="4.645916">
        <ele>536.438867</ele>
        <time>2026-03-09T19:21:37.166Z</time>
      </trkpt>
      <trkpt lat="45.768652" lon="4.645799">
        <ele>537.506006</ele>
        <time>2026-03-09T19:21:46.233Z</time>
      </trkpt>
      <trkpt lat="45.768653" lon="4.645790">
        <ele>537.574545</ele>
        <time>2026-03-09T19:21:46.788Z</time>
      </trkpt>
      <trkpt lat="45.768655" lon="4.645747">
        <ele>537.898652</ele>
        <time>2026-03-09T19:21:49.518Z</time>
      </trkpt>
      <trkpt lat="45.768616" lon="4.645534">
        <ele>539.554821</ele>
        <time>2026-03-09T19:22:02.941Z</time>
      </trkpt>
      <trkpt lat="45.768560" lon="4.645447">
        <ele>540.445121</ele>
        <time>2026-03-09T19:22:09.937Z</time>
      </trkpt>
      <trkpt lat="45.768440" lon="4.645339">
        <ele>541.972725</ele>
        <time>2026-03-09T19:22:21.416Z</time>
      </trkpt>
      <trkpt lat="45.768765" lon="4.645334">
        <ele>545.476894</ele>
        <time>2026-03-09T19:22:44.843Z</time>
      </trkpt>
      <trkpt lat="45.768851" lon="4.645404">
        <ele>546.543127</ele>
        <time>2026-03-09T19:22:51.418Z</time>
      </trkpt>
      <trkpt lat="45.769018" lon="4.645683">
        <ele>549.307993</ele>
        <time>2026-03-09T19:23:07.670Z</time>
      </trkpt>
      <trkpt lat="45.769320" lon="4.645910">
        <ele>552.752792</ele>
        <time>2026-03-09T19:23:27.541Z</time>
      </trkpt>
      <trkpt lat="45.769018" lon="4.645683">
        <ele>555.958396</ele>
        <time>2026-03-09T19:23:48.079Z</time>
      </trkpt>
      <trkpt lat="45.769379" lon="4.645593">
        <ele>559.403008</ele>
        <time>2026-03-09T19:24:12.069Z</time>
      </trkpt>
      <trkpt lat="45.769578" lon="4.645629">
        <ele>561.288596</ele>
        <time>2026-03-09T19:24:27.050Z</time>
      </trkpt>
      <trkpt lat="45.769664" lon="4.645566">
        <ele>562.196498</ele>
        <time>2026-03-09T19:24:34.966Z</time>
      </trkpt>
      <trkpt lat="45.769791" lon="4.645392">
        <ele>563.847940</ele>
        <time>2026-03-09T19:24:49.759Z</time>
      </trkpt>
      <trkpt lat="45.769676" lon="4.645194">
        <ele>565.537475</ele>
        <time>2026-03-09T19:25:05.388Z</time>
      </trkpt>
      <trkpt lat="45.769698" lon="4.645138">
        <ele>565.958927</ele>
        <time>2026-03-09T19:25:09.431Z</time>
      </trkpt>
      <trkpt lat="45.769790" lon="4.645120">
        <ele>566.831815</ele>
        <time>2026-03-09T19:25:17.761Z</time>
      </trkpt>
      <trkpt lat="45.769835" lon="4.645062">
        <ele>567.400682</ele>
        <time>2026-03-09T19:25:23.365Z</time>
      </trkpt>
      <trkpt lat="45.769700" lon="4.644799">
        <ele>570.539914</ele>
        <time>2026-03-09T19:25:44.315Z</time>
      </trkpt>
      <trkpt lat="45.769719" lon="4.644699">
        <ele>571.684928</ele>
        <time>2026-03-09T19:25:50.949Z</time>
      </trkpt>
      <trkpt lat="45.769780" lon="4.644667">
        <ele>572.713690</ele>
        <time>2026-03-09T19:25:57.081Z</time>
      </trkpt>
      <trkpt lat="45.769811" lon="4.644595">
        <ele>573.648444</ele>
        <time>2026-03-09T19:26:02.641Z</time>
      </trkpt>
      <trkpt lat="45.769679" lon="4.644414">
        <ele>576.541385</ele>
        <time>2026-03-09T19:26:20.215Z</time>
      </trkpt>
      <trkpt lat="45.769678" lon="4.644376">
        <ele>576.961494</ele>
        <time>2026-03-09T19:26:22.717Z</time>
      </trkpt>
      <trkpt lat="45.769713" lon="4.644279">
        <ele>578.167998</ele>
        <time>2026-03-09T19:26:29.963Z</time>
      </trkpt>
      <trkpt lat="45.769716" lon="4.644171">
        <ele>579.362088</ele>
        <time>2026-03-09T19:26:37.196Z</time>
      </trkpt>
      <trkpt lat="45.769901" lon="4.644154">
        <ele>582.298114</ele>
        <time>2026-03-09T19:26:54.875Z</time>
      </trkpt>
      <trkpt lat="45.769990" lon="4.644036">
        <ele>584.218092</ele>
        <time>2026-03-09T19:27:06.540Z</time>
      </trkpt>
      <trkpt lat="45.769972" lon="4.643979">
        <ele>584.909329</ele>
        <time>2026-03-09T19:27:10.765Z</time>
      </trkpt>
      <trkpt lat="45.769845" lon="4.643885">
        <ele>587.173003</ele>
        <time>2026-03-09T19:27:24.691Z</time>
      </trkpt>
      <trkpt lat="45.769615" lon="4.643532">
        <ele>592.509477</ele>
        <time>2026-03-09T19:27:58.332Z</time>
      </trkpt>
      <trkpt lat="45.769621" lon="4.643434">
        <ele>593.596310</ele>
        <time>2026-03-09T19:28:05.460Z</time>
      </trkpt>
      <trkpt lat="45.769621" lon="4.643430">
        <ele>593.640501</ele>
        <time>2026-03-09T19:28:05.734Z</time>
      </trkpt>
      <trkpt lat="45.769758" lon="4.643442">
        <ele>595.814340</ele>
        <time>2026-03-09T19:28:20.027Z</time>
      </trkpt>
      <trkpt lat="45.769765" lon="4.643416">
        <ele>596.122232</ele>
        <time>2026-03-09T19:28:22.046Z</time>
      </trkpt>
      <trkpt lat="45.769566" lon="4.642967">
        <ele>603.499167</ele>
        <time>2026-03-09T19:29:02.668Z</time>
      </trkpt>
      <trkpt lat="45.769553" lon="4.642831">
        <ele>605.434759</ele>
        <time>2026-03-09T19:29:13.589Z</time>
      </trkpt>
      <trkpt lat="45.769579" lon="4.642701">
        <ele>607.341684</ele>
        <time>2026-03-09T19:29:24.519Z</time>
      </trkpt>
      <trkpt lat="45.769670" lon="4.642550">
        <ele>610.155437</ele>
        <time>2026-03-09T19:29:40.855Z</time>
      </trkpt>
      <trkpt lat="45.769658" lon="4.642134">
        <ele>616.026253</ele>
        <time>2026-03-09T19:30:15.998Z</time>
      </trkpt>
      <trkpt lat="45.769720" lon="4.641948">
        <ele>618.933013</ele>
        <time>2026-03-09T19:30:33.883Z</time>
      </trkpt>
      <trkpt lat="45.769696" lon="4.641620">
        <ele>623.583346</ele>
        <time>2026-03-09T19:31:02.917Z</time>
      </trkpt>
      <trkpt lat="45.769634" lon="4.641498">
        <ele>625.711736</ele>
        <time>2026-03-09T19:31:16.161Z</time>
      </trkpt>
      <trkpt lat="45.769632" lon="4.641438">
        <ele>626.558731</ele>
        <time>2026-03-09T19:31:21.428Z</time>
      </trkpt>
      <trkpt lat="45.769698" lon="4.641193">
        <ele>630.262022</ele>
        <time>2026-03-09T19:31:44.264Z</time>
      </trkpt>
      <trkpt lat="45.769687" lon="4.641126">
        <ele>631.232570</ele>
        <time>2026-03-09T19:31:50.141Z</time>
      </trkpt>
      <trkpt lat="45.769605" lon="4.640931">
        <ele>634.405663</ele>
        <time>2026-03-09T19:32:09.676Z</time>
      </trkpt>
      <trkpt lat="45.769484" lon="4.640829">
        <ele>637.172834</ele>
        <time>2026-03-09T19:32:26.718Z</time>
      </trkpt>
      <trkpt lat="45.769462" lon="4.640768">
        <ele>638.117142</ele>
        <time>2026-03-09T19:32:32.478Z</time>
      </trkpt>
      <trkpt lat="45.769434" lon="4.640657">
        <ele>639.740265</ele>
        <time>2026-03-09T19:32:42.140Z</time>
      </trkpt>
      <trkpt lat="45.769436" lon="4.640513">
        <ele>641.720830</ele>
        <time>2026-03-09T19:32:53.999Z</time>
      </trkpt>
      <trkpt lat="45.769410" lon="4.640405">
        <ele>643.291920</ele>
        <time>2026-03-09T19:33:03.175Z</time>
      </trkpt>
      <trkpt lat="45.769263" lon="4.640089">
        <ele>648.514968</ele>
        <time>2026-03-09T19:33:33.463Z</time>
      </trkpt>
      <trkpt lat="45.769255" lon="4.639908">
        <ele>651.008934</ele>
        <time>2026-03-09T19:33:47.805Z</time>
      </trkpt>
      <trkpt lat="45.769014" lon="4.639658">
        <ele>656.873273</ele>
        <time>2026-03-09T19:34:21.249Z</time>
      </trkpt>
      <trkpt lat="45.769006" lon="4.639550">
        <ele>658.366764</ele>
        <time>2026-03-09T19:34:29.784Z</time>
      </trkpt>
      <trkpt lat="45.769060" lon="4.639462">
        <ele>659.978475</ele>
        <time>2026-03-09T19:34:38.857Z</time>
      </trkpt>
      <trkpt lat="45.769260" lon="4.639389">
        <ele>664.046988</ele>
        <time>2026-03-09T19:35:01.643Z</time>
      </trkpt>
      <trkpt lat="45.769332" lon="4.639271">
        <ele>666.202823</ele>
        <time>2026-03-09T19:35:13.695Z</time>
      </trkpt>
      <trkpt lat="45.769328" lon="4.639214">
        <ele>666.990599</ele>
        <time>2026-03-09T19:35:18.057Z</time>
      </trkpt>
      <trkpt lat="45.769211" lon="4.638968">
        <ele>670.421095</ele>
        <time>2026-03-09T19:35:40.933Z</time>
      </trkpt>
      <trkpt lat="45.769193" lon="4.638854">
        <ele>671.632840</ele>
        <time>2026-03-09T19:35:49.907Z</time>
      </trkpt>
      <trkpt lat="45.769213" lon="4.638755">
        <ele>672.701356</ele>
        <time>2026-03-09T19:35:57.789Z</time>
      </trkpt>
      <trkpt lat="45.769423" lon="4.638541">
        <ele>676.530569</ele>
        <time>2026-03-09T19:36:25.828Z</time>
      </trkpt>
      <trkpt lat="45.769528" lon="4.638394">
        <ele>678.711775</ele>
        <time>2026-03-09T19:36:41.617Z</time>
      </trkpt>
      <trkpt lat="45.769545" lon="4.638249">
        <ele>680.236076</ele>
        <time>2026-03-09T19:36:52.589Z</time>
      </trkpt>
      <trkpt lat="45.769489" lon="4.637985">
        <ele>683.096717</ele>
        <time>2026-03-09T19:37:13.001Z</time>
      </trkpt>
      <trkpt lat="45.769440" lon="4.637584">
        <ele>687.317197</ele>
        <time>2026-03-09T19:37:40.464Z</time>
      </trkpt>
      <trkpt lat="45.769473" lon="4.637456">
        <ele>688.731911</ele>
        <time>2026-03-09T19:37:48.956Z</time>
      </trkpt>
      <trkpt lat="45.769567" lon="4.637278">
        <ele>691.046420</ele>
        <time>2026-03-09T19:38:02.191Z</time>
      </trkpt>
      <trkpt lat="45.769730" lon="4.637064">
        <ele>694.331313</ele>
        <time>2026-03-09T19:38:18.969Z</time>
      </trkpt>
      <trkpt lat="45.769833" lon="4.636690">
        <ele>694.235030</ele>
        <time>2026-03-09T19:38:37.028Z</time>
      </trkpt>
      <trkpt lat="45.770041" lon="4.636854">
        <ele>693.312252</ele>
        <time>2026-03-09T19:38:48.019Z</time>
      </trkpt>
      <trkpt lat="45.770258" lon="4.636871">
        <ele>692.467450</ele>
        <time>2026-03-09T19:38:56.963Z</time>
      </trkpt>
      <trkpt lat="45.770666" lon="4.636839">
        <ele>690.879062</ele>
        <time>2026-03-09T19:39:11.993Z</time>
      </trkpt>
      <trkpt lat="45.770770" lon="4.636853">
        <ele>690.473005</ele>
        <time>2026-03-09T19:39:15.573Z</time>
      </trkpt>
      <trkpt lat="45.770773" lon="4.636853">
        <ele>690.461343</ele>
        <time>2026-03-09T19:39:15.690Z</time>
      </trkpt>
      <trkpt lat="45.771059" lon="4.636975">
        <ele>689.301405</ele>
        <time>2026-03-09T19:39:25.339Z</time>
      </trkpt>
      <trkpt lat="45.771847" lon="4.637085">
        <ele>680.073545</ele>
        <time>2026-03-09T19:39:50.748Z</time>
      </trkpt>
      <trkpt lat="45.772216" lon="4.637321">
        <ele>673.428461</ele>
        <time>2026-03-09T19:40:03.641Z</time>
      </trkpt>
      <trkpt lat="45.772115" lon="4.637461">
        <ele>671.117984</ele>
        <time>2026-03-09T19:40:08.892Z</time>
      </trkpt>
      <trkpt lat="45.772024" lon="4.637676">
        <ele>668.233082</ele>
        <time>2026-03-09T19:40:15.500Z</time>
      </trkpt>
      <trkpt lat="45.772011" lon="4.637785">
        <ele>666.964554</ele>
        <time>2026-03-09T19:40:18.392Z</time>
      </trkpt>
      <trkpt lat="45.772038" lon="4.637912">
        <ele>665.441519</ele>
        <time>2026-03-09T19:40:21.845Z</time>
      </trkpt>
      <trkpt lat="45.772220" lon="4.638060">
        <ele>662.000362</ele>
        <time>2026-03-09T19:40:29.683Z</time>
      </trkpt>
      <trkpt lat="45.772343" lon="4.638246">
        <ele>659.060203</ele>
        <time>2026-03-09T19:40:36.364Z</time>
      </trkpt>
      <trkpt lat="45.772340" lon="4.638327">
        <ele>658.039675</ele>
        <time>2026-03-09T19:40:38.467Z</time>
      </trkpt>
      <trkpt lat="45.772296" lon="4.638450">
        <ele>656.111592</ele>
        <time>2026-03-09T19:40:42.088Z</time>
      </trkpt>
      <trkpt lat="45.772285" lon="4.638614">
        <ele>653.813550</ele>
        <time>2026-03-09T19:40:46.389Z</time>
      </trkpt>
      <trkpt lat="45.772336" lon="4.638833">
        <ele>650.593166</ele>
        <time>2026-03-09T19:40:52.402Z</time>
      </trkpt>
      <trkpt lat="45.772322" lon="4.639120">
        <ele>646.580284</ele>
        <time>2026-03-09T19:40:59.891Z</time>
      </trkpt>
      <trkpt lat="45.772409" lon="4.639516">
        <ele>640.789334</ele>
        <time>2026-03-09T19:41:10.651Z</time>
      </trkpt>
      <trkpt lat="45.772412" lon="4.639610">
        <ele>639.476843</ele>
        <time>2026-03-09T19:41:13.104Z</time>
      </trkpt>
      <trkpt lat="45.772260" lon="4.639801">
        <ele>635.435044</ele>
        <time>2026-03-09T19:41:20.613Z</time>
      </trkpt>
      <trkpt lat="45.772233" lon="4.639976">
        <ele>632.935123</ele>
        <time>2026-03-09T19:41:25.273Z</time>
      </trkpt>
      <trkpt lat="45.772267" lon="4.640358">
        <ele>627.563739</ele>
        <time>2026-03-09T19:41:35.230Z</time>
      </trkpt>
      <trkpt lat="45.772357" lon="4.640606">
        <ele>623.664432</ele>
        <time>2026-03-09T19:41:42.508Z</time>
      </trkpt>
      <trkpt lat="45.772348" lon="4.640719">
        <ele>622.328034</ele>
        <time>2026-03-09T19:41:45.454Z</time>
      </trkpt>
      <trkpt lat="45.772270" lon="4.640864">
        <ele>621.047535</ele>
        <time>2026-03-09T19:41:50.231Z</time>
      </trkpt>
      <trkpt lat="45.772304" lon="4.641042">
        <ele>619.756955</ele>
        <time>2026-03-09T19:41:55.062Z</time>
      </trkpt>
      <trkpt lat="45.772253" lon="4.641249">
        <ele>618.221759</ele>
        <time>2026-03-09T19:42:00.811Z</time>
      </trkpt>
      <trkpt lat="45.772258" lon="4.641585">
        <ele>615.871582</ele>
        <time>2026-03-09T19:42:09.649Z</time>
      </trkpt>
      <trkpt lat="45.772290" lon="4.641841">
        <ele>614.052860</ele>
        <time>2026-03-09T19:42:16.503Z</time>
      </trkpt>
      <trkpt lat="45.772373" lon="4.641865">
        <ele>613.203978</ele>
        <time>2026-03-09T19:42:19.719Z</time>
      </trkpt>
      <trkpt lat="45.772842" lon="4.642032">
        <ele>608.359114</ele>
        <time>2026-03-09T19:42:39.567Z</time>
      </trkpt>
      <trkpt lat="45.772930" lon="4.642038">
        <ele>607.475864</ele>
        <time>2026-03-09T19:42:43.496Z</time>
      </trkpt>
      <trkpt lat="45.773109" lon="4.641973">
        <ele>605.624611</ele>
        <time>2026-03-09T19:42:52.081Z</time>
      </trkpt>
      <trkpt lat="45.773228" lon="4.641888">
        <ele>604.613753</ele>
        <time>2026-03-09T19:42:58.660Z</time>
      </trkpt>
      <trkpt lat="45.773562" lon="4.641474">
        <ele>605.773703</ele>
        <time>2026-03-09T19:43:23.724Z</time>
      </trkpt>
      <trkpt lat="45.773922" lon="4.640757">
        <ele>607.392565</ele>
        <time>2026-03-09T19:44:01.190Z</time>
      </trkpt>
      <trkpt lat="45.774281" lon="4.640041">
        <ele>609.008399</ele>
        <time>2026-03-09T19:44:34.536Z</time>
      </trkpt>
      <trkpt lat="45.774572" lon="4.639760">
        <ele>609.167819</ele>
        <time>2026-03-09T19:44:51.767Z</time>
      </trkpt>
      <trkpt lat="45.775002" lon="4.639636">
        <ele>608.984963</ele>
        <time>2026-03-09T19:45:12.323Z</time>
      </trkpt>
      <trkpt lat="45.775374" lon="4.639371">
        <ele>608.811789</ele>
        <time>2026-03-09T19:45:31.116Z</time>
      </trkpt>
      <trkpt lat="45.775741" lon="4.638909">
        <ele>608.608182</ele>
        <time>2026-03-09T19:45:53.926Z</time>
      </trkpt>
      <trkpt lat="45.775883" lon="4.638536">
        <ele>609.203369</ele>
        <time>2026-03-09T19:46:08.400Z</time>
      </trkpt>
      <trkpt lat="45.775727" lon="4.638189">
        <ele>611.368730</ele>
        <time>2026-03-09T19:46:23.448Z</time>
      </trkpt>
      <trkpt lat="45.775525" lon="4.637614">
        <ele>614.745612</ele>
        <time>2026-03-09T19:46:49.355Z</time>
      </trkpt>
      <trkpt lat="45.775409" lon="4.637378">
        <ele>616.259950</ele>
        <time>2026-03-09T19:47:03.779Z</time>
      </trkpt>
      <trkpt lat="45.775119" lon="4.636990">
        <ele>619.242853</ele>
        <time>2026-03-09T19:47:38.035Z</time>
      </trkpt>
      <trkpt lat="45.774816" lon="4.636673">
        <ele>622.081564</ele>
        <time>2026-03-09T19:48:09.850Z</time>
      </trkpt>
      <trkpt lat="45.774603" lon="4.636609">
        <ele>625.654799</ele>
        <time>2026-03-09T19:48:28.810Z</time>
      </trkpt>
      <trkpt lat="45.774485" lon="4.636538">
        <ele>627.755949</ele>
        <time>2026-03-09T19:48:40.116Z</time>
      </trkpt>
      <trkpt lat="45.774348" lon="4.636349">
        <ele>630.877590</ele>
        <time>2026-03-09T19:48:57.724Z</time>
      </trkpt>
      <trkpt lat="45.774097" lon="4.635485">
        <ele>641.596144</ele>
        <time>2026-03-09T19:50:10.066Z</time>
      </trkpt>
      <trkpt lat="45.773938" lon="4.635093">
        <ele>646.789278</ele>
        <time>2026-03-09T19:50:44.774Z</time>
      </trkpt>
      <trkpt lat="45.773663" lon="4.634594">
        <ele>653.237741</ele>
        <time>2026-03-09T19:51:29.967Z</time>
      </trkpt>
      <trkpt lat="45.773438" lon="4.634286">
        <ele>656.634654</ele>
        <time>2026-03-09T19:52:00.341Z</time>
      </trkpt>
      <trkpt lat="45.773213" lon="4.633627">
        <ele>662.222846</ele>
        <time>2026-03-09T19:52:44.594Z</time>
      </trkpt>
      <trkpt lat="45.773237" lon="4.633292">
        <ele>664.787729</ele>
        <time>2026-03-09T19:52:58.796Z</time>
      </trkpt>
      <trkpt lat="45.773334" lon="4.633044">
        <ele>666.953274</ele>
        <time>2026-03-09T19:53:10.494Z</time>
      </trkpt>
      <trkpt lat="45.773465" lon="4.632878">
        <ele>668.862365</ele>
        <time>2026-03-09T19:53:21.311Z</time>
      </trkpt>
      <trkpt lat="45.773645" lon="4.632856">
        <ele>670.834991</ele>
        <time>2026-03-09T19:53:32.904Z</time>
      </trkpt>
      <trkpt lat="45.774037" lon="4.632604">
        <ele>675.528776</ele>
        <time>2026-03-09T19:54:01.010Z</time>
      </trkpt>
      <trkpt lat="45.773686" lon="4.632314">
        <ele>679.955207</ele>
        <time>2026-03-09T19:54:31.495Z</time>
      </trkpt>
      <trkpt lat="45.773443" lon="4.632218">
        <ele>682.709293</ele>
        <time>2026-03-09T19:54:52.168Z</time>
      </trkpt>
      <trkpt lat="45.773054" lon="4.632186">
        <ele>686.966675</ele>
        <time>2026-03-09T19:55:26.661Z</time>
      </trkpt>
      <trkpt lat="45.772848" lon="4.632255">
        <ele>689.278137</ele>
        <time>2026-03-09T19:55:48.590Z</time>
      </trkpt>
      <trkpt lat="45.772694" lon="4.632207">
        <ele>691.010863</ele>
        <time>2026-03-09T19:56:03.829Z</time>
      </trkpt>
      <trkpt lat="45.772536" lon="4.632218">
        <ele>692.885835</ele>
        <time>2026-03-09T19:56:18.285Z</time>
      </trkpt>
      <trkpt lat="45.772498" lon="4.632000">
        <ele>694.743586</ele>
        <time>2026-03-09T19:56:29.994Z</time>
      </trkpt>
      <trkpt lat="45.772241" lon="4.632076">
        <ele>697.853922</ele>
        <time>2026-03-09T19:56:49.101Z</time>
      </trkpt>
      <trkpt lat="45.772025" lon="4.632181">
        <ele>700.557328</ele>
        <time>2026-03-09T19:57:05.188Z</time>
      </trkpt>
      <trkpt lat="45.771968" lon="4.632218">
        <ele>701.298972</ele>
        <time>2026-03-09T19:57:09.525Z</time>
      </trkpt>
      <trkpt lat="45.771940" lon="4.632344">
        <ele>702.392282</ele>
        <time>2026-03-09T19:57:15.664Z</time>
      </trkpt>
      <trkpt lat="45.772022" lon="4.632525">
        <ele>704.176658</ele>
        <time>2026-03-09T19:57:25.632Z</time>
      </trkpt>
      <trkpt lat="45.771997" lon="4.632584">
        <ele>704.747400</ele>
        <time>2026-03-09T19:57:28.817Z</time>
      </trkpt>
      <trkpt lat="45.771751" lon="4.632808">
        <ele>708.201637</ele>
        <time>2026-03-09T19:57:47.921Z</time>
      </trkpt>
      <trkpt lat="45.771680" lon="4.632988">
        <ele>709.911285</ele>
        <time>2026-03-09T19:57:57.922Z</time>
      </trkpt>
      <trkpt lat="45.771681" lon="4.633071">
        <ele>710.597603</ele>
        <time>2026-03-09T19:58:01.995Z</time>
      </trkpt>
      <trkpt lat="45.771654" lon="4.633133">
        <ele>711.201898</ele>
        <time>2026-03-09T19:58:05.511Z</time>
      </trkpt>
      <trkpt lat="45.771536" lon="4.633259">
        <ele>712.694562</ele>
        <time>2026-03-09T19:58:15.838Z</time>
      </trkpt>
      <trkpt lat="45.771162" lon="4.633414">
        <ele>715.769558</ele>
        <time>2026-03-09T19:58:43.833Z</time>
      </trkpt>
      <trkpt lat="45.771107" lon="4.633538">
        <ele>716.579148</ele>
        <time>2026-03-09T19:58:51.222Z</time>
      </trkpt>
      <trkpt lat="45.771092" lon="4.633652">
        <ele>717.218299</ele>
        <time>2026-03-09T19:58:57.018Z</time>
      </trkpt>
      <trkpt lat="45.771117" lon="4.633725">
        <ele>717.666346</ele>
        <time>2026-03-09T19:59:01.035Z</time>
      </trkpt>
      <trkpt lat="45.771195" lon="4.633817">
        <ele>718.464137</ele>
        <time>2026-03-09T19:59:07.941Z</time>
      </trkpt>
      <trkpt lat="45.771191" lon="4.633896">
        <ele>718.900526</ele>
        <time>2026-03-09T19:59:11.558Z</time>
      </trkpt>
      <trkpt lat="45.771155" lon="4.633917">
        <ele>719.207509</ele>
        <time>2026-03-09T19:59:14.163Z</time>
      </trkpt>
      <trkpt lat="45.770939" lon="4.633908">
        <ele>720.914307</ele>
        <time>2026-03-09T19:59:27.255Z</time>
      </trkpt>
      <trkpt lat="45.770895" lon="4.633942">
        <ele>721.309109</ele>
        <time>2026-03-09T19:59:30.107Z</time>
      </trkpt>
      <trkpt lat="45.770651" lon="4.634369">
        <ele>724.350270</ele>
        <time>2026-03-09T19:59:50.281Z</time>
      </trkpt>
      <trkpt lat="45.770577" lon="4.634458">
        <ele>725.113201</ele>
        <time>2026-03-09T19:59:55.673Z</time>
      </trkpt>
      <trkpt lat="45.770521" lon="4.634483">
        <ele>725.576466</ele>
        <time>2026-03-09T19:59:58.868Z</time>
      </trkpt>
      <trkpt lat="45.770415" lon="4.634441">
        <ele>726.376675</ele>
        <time>2026-03-09T20:00:04.658Z</time>
      </trkpt>
      <trkpt lat="45.770334" lon="4.634316">
        <ele>725.914929</ele>
        <time>2026-03-09T20:00:10.698Z</time>
      </trkpt>
      <trkpt lat="45.770218" lon="4.634005">
        <ele>724.960473</ele>
        <time>2026-03-09T20:00:20.896Z</time>
      </trkpt>
      <trkpt lat="45.769970" lon="4.633546">
        <ele>723.389175</ele>
        <time>2026-03-09T20:00:36.939Z</time>
      </trkpt>
      <trkpt lat="45.769969" lon="4.633541">
        <ele>723.375098</ele>
        <time>2026-03-09T20:00:37.075Z</time>
      </trkpt>
      <trkpt lat="45.769933" lon="4.633436">
        <ele>723.058456</ele>
        <time>2026-03-09T20:00:40.117Z</time>
      </trkpt>
      <trkpt lat="45.769751" lon="4.633264">
        <ele>722.212689</ele>
        <time>2026-03-09T20:00:47.978Z</time>
      </trkpt>
      <trkpt lat="45.769711" lon="4.633158">
        <ele>721.886523</ele>
        <time>2026-03-09T20:00:50.942Z</time>
      </trkpt>
      <trkpt lat="45.769583" lon="4.632908">
        <ele>721.047224</ele>
        <time>2026-03-09T20:00:58.482Z</time>
      </trkpt>
      <trkpt lat="45.769500" lon="4.632802">
        <ele>720.615943</ele>
        <time>2026-03-09T20:01:02.288Z</time>
      </trkpt>
      <trkpt lat="45.769421" lon="4.632703">
        <ele>720.208834</ele>
        <time>2026-03-09T20:01:05.890Z</time>
      </trkpt>
      <trkpt lat="45.769492" lon="4.632681">
        <ele>719.927001</ele>
        <time>2026-03-09T20:01:08.809Z</time>
      </trkpt>
      <trkpt lat="45.769633" lon="4.632542">
        <ele>719.011918</ele>
        <time>2026-03-09T20:01:15.563Z</time>
      </trkpt>
      <trkpt lat="45.770209" lon="4.632230">
        <ele>712.815787</ele>
        <time>2026-03-09T20:01:39.543Z</time>
      </trkpt>
      <trkpt lat="45.770345" lon="4.632179">
        <ele>711.401196</ele>
        <time>2026-03-09T20:01:44.950Z</time>
      </trkpt>
      <trkpt lat="45.770945" lon="4.632089">
        <ele>705.330531</ele>
        <time>2026-03-09T20:02:07.872Z</time>
      </trkpt>
      <trkpt lat="45.771211" lon="4.631960">
        <ele>702.504813</ele>
        <time>2026-03-09T20:02:18.541Z</time>
      </trkpt>
      <trkpt lat="45.771491" lon="4.631585">
        <ele>699.187588</ele>
        <time>2026-03-09T20:02:33.718Z</time>
      </trkpt>
      <trkpt lat="45.771812" lon="4.630960">
        <ele>694.837725</ele>
        <time>2026-03-09T20:02:56.392Z</time>
      </trkpt>
      <trkpt lat="45.772059" lon="4.630445">
        <ele>691.335009</ele>
        <time>2026-03-09T20:03:15.015Z</time>
      </trkpt>
      <trkpt lat="45.772147" lon="4.630316">
        <ele>690.323769</ele>
        <time>2026-03-09T20:03:19.464Z</time>
      </trkpt>
      <trkpt lat="45.772582" lon="4.630796">
        <ele>684.672010</ele>
        <time>2026-03-09T20:03:41.396Z</time>
      </trkpt>
      <trkpt lat="45.772702" lon="4.630866">
        <ele>682.279924</ele>
        <time>2026-03-09T20:03:46.310Z</time>
      </trkpt>
      <trkpt lat="45.772771" lon="4.630700">
        <ele>679.791203</ele>
        <time>2026-03-09T20:03:51.423Z</time>
      </trkpt>
      <trkpt lat="45.773095" lon="4.630614">
        <ele>673.707147</ele>
        <time>2026-03-09T20:04:03.795Z</time>
      </trkpt>
      <trkpt lat="45.773312" lon="4.630351">
        <ele>668.460586</ele>
        <time>2026-03-09T20:04:14.386Z</time>
      </trkpt>
      <trkpt lat="45.774228" lon="4.629917">
        <ele>650.922296</ele>
        <time>2026-03-09T20:04:51.286Z</time>
      </trkpt>
      <trkpt lat="45.774430" lon="4.630045">
        <ele>647.216234</ele>
        <time>2026-03-09T20:04:59.509Z</time>
      </trkpt>
      <trkpt lat="45.774813" lon="4.630536">
        <ele>638.594522</ele>
        <time>2026-03-09T20:05:18.691Z</time>
      </trkpt>
      <trkpt lat="45.774819" lon="4.630544">
        <ele>638.457027</ele>
        <time>2026-03-09T20:05:19.032Z</time>
      </trkpt>
      <trkpt lat="45.775351" lon="4.631601">
        <ele>623.176811</ele>
        <time>2026-03-09T20:05:53.542Z</time>
      </trkpt>
      <trkpt lat="45.775164" lon="4.631928">
        <ele>617.796165</ele>
        <time>2026-03-09T20:06:04.742Z</time>
      </trkpt>
      <trkpt lat="45.775403" lon="4.631858">
        <ele>613.345927</ele>
        <time>2026-03-09T20:06:13.969Z</time>
      </trkpt>
      <trkpt lat="45.775815" lon="4.632127">
        <ele>605.086949</ele>
        <time>2026-03-09T20:06:30.897Z</time>
      </trkpt>
      <trkpt lat="45.775998" lon="4.632422">
        <ele>600.063425</ele>
        <time>2026-03-09T20:06:41.134Z</time>
      </trkpt>
      <trkpt lat="45.776181" lon="4.632577">
        <ele>596.185834</ele>
        <time>2026-03-09T20:06:49.199Z</time>
      </trkpt>
      <trkpt lat="45.776357" lon="4.632631">
        <ele>592.902288</ele>
        <time>2026-03-09T20:06:56.029Z</time>
      </trkpt>
      <trkpt lat="45.777016" lon="4.632593">
        <ele>585.655601</ele>
        <time>2026-03-09T20:07:20.513Z</time>
      </trkpt>
      <trkpt lat="45.777124" lon="4.632304">
        <ele>583.522488</ele>
        <time>2026-03-09T20:07:27.803Z</time>
      </trkpt>
      <trkpt lat="45.777154" lon="4.632005">
        <ele>581.557183</ele>
        <time>2026-03-09T20:07:34.578Z</time>
      </trkpt>
      <trkpt lat="45.777152" lon="4.631709">
        <ele>579.631332</ele>
        <time>2026-03-09T20:07:41.831Z</time>
      </trkpt>
      <trkpt lat="45.777089" lon="4.630856">
        <ele>574.050727</ele>
        <time>2026-03-09T20:08:09.220Z</time>
      </trkpt>
      <trkpt lat="45.776998" lon="4.630980">
        <ele>575.382280</ele>
        <time>2026-03-09T20:08:18.359Z</time>
      </trkpt>
      <trkpt lat="45.776950" lon="4.631092">
        <ele>576.656773</ele>
        <time>2026-03-09T20:08:25.299Z</time>
      </trkpt>
      <trkpt lat="45.776884" lon="4.631475">
        <ele>580.481728</ele>
        <time>2026-03-09T20:08:47.412Z</time>
      </trkpt>
      <trkpt lat="45.776838" lon="4.631526">
        <ele>581.290048</ele>
        <time>2026-03-09T20:08:52.508Z</time>
      </trkpt>
      <trkpt lat="45.776778" lon="4.631526">
        <ele>582.124105</ele>
        <time>2026-03-09T20:08:57.612Z</time>
      </trkpt>
      <trkpt lat="45.776533" lon="4.631343">
        <ele>585.964286</ele>
        <time>2026-03-09T20:09:24.792Z</time>
      </trkpt>
      <trkpt lat="45.776124" lon="4.631121">
        <ele>592.043560</ele>
        <time>2026-03-09T20:10:16.148Z</time>
      </trkpt>
      <trkpt lat="45.775859" lon="4.631118">
        <ele>595.727430</ele>
        <time>2026-03-09T20:10:43.915Z</time>
      </trkpt>
      <trkpt lat="45.775515" lon="4.630566">
        <ele>602.415159</ele>
        <time>2026-03-09T20:11:31.838Z</time>
      </trkpt>
      <trkpt lat="45.775388" lon="4.630435">
        <ele>604.325076</ele>
        <time>2026-03-09T20:11:45.975Z</time>
      </trkpt>
      <trkpt lat="45.774831" lon="4.629664">
        <ele>613.776598</ele>
        <time>2026-03-09T20:12:55.701Z</time>
      </trkpt>
      <trkpt lat="45.774709" lon="4.629336">
        <ele>616.941694</ele>
        <time>2026-03-09T20:13:15.282Z</time>
      </trkpt>
      <trkpt lat="45.774554" lon="4.628860">
        <ele>621.274207</ele>
        <time>2026-03-09T20:13:38.805Z</time>
      </trkpt>
      <trkpt lat="45.774510" lon="4.628535">
        <ele>623.398580</ele>
        <time>2026-03-09T20:13:54.513Z</time>
      </trkpt>
      <trkpt lat="45.774528" lon="4.628308">
        <ele>624.864570</ele>
        <time>2026-03-09T20:14:05.067Z</time>
      </trkpt>
      <trkpt lat="45.774625" lon="4.628007">
        <ele>626.992207</ele>
        <time>2026-03-09T20:14:19.909Z</time>
      </trkpt>
      <trkpt lat="45.774666" lon="4.627870">
        <ele>627.948808</ele>
        <time>2026-03-09T20:14:26.433Z</time>
      </trkpt>
      <trkpt lat="45.774667" lon="4.627861">
        <ele>628.007287</ele>
        <time>2026-03-09T20:14:26.829Z</time>
      </trkpt>
      <trkpt lat="45.774682" lon="4.627668">
        <ele>629.253386</ele>
        <time>2026-03-09T20:14:35.016Z</time>
      </trkpt>
      <trkpt lat="45.774669" lon="4.627566">
        <ele>629.918732</ele>
        <time>2026-03-09T20:14:39.521Z</time>
      </trkpt>
      <trkpt lat="45.774642" lon="4.627524">
        <ele>630.285247</ele>
        <time>2026-03-09T20:14:42.086Z</time>
      </trkpt>
      <trkpt lat="45.774431" lon="4.627494">
        <ele>632.235944</ele>
        <time>2026-03-09T20:14:56.077Z</time>
      </trkpt>
      <trkpt lat="45.774256" lon="4.627433">
        <ele>633.892823</ele>
        <time>2026-03-09T20:15:08.558Z</time>
      </trkpt>
      <trkpt lat="45.773762" lon="4.627041">
        <ele>640.620458</ele>
        <time>2026-03-09T20:15:57.808Z</time>
      </trkpt>
      <trkpt lat="45.773660" lon="4.627047">
        <ele>642.409099</ele>
        <time>2026-03-09T20:16:09.226Z</time>
      </trkpt>
      <trkpt lat="45.773525" lon="4.627127">
        <ele>644.968514</ele>
        <time>2026-03-09T20:16:26.479Z</time>
      </trkpt>
      <trkpt lat="45.773209" lon="4.627411">
        <ele>651.503041</ele>
        <time>2026-03-09T20:17:11.485Z</time>
      </trkpt>
      <trkpt lat="45.773016" lon="4.627470">
        <ele>654.960602</ele>
        <time>2026-03-09T20:17:37.325Z</time>
      </trkpt>
      <trkpt lat="45.772913" lon="4.627631">
        <ele>657.630455</ele>
        <time>2026-03-09T20:17:57.177Z</time>
      </trkpt>
      <trkpt lat="45.772784" lon="4.628087">
        <ele>663.644113</ele>
        <time>2026-03-09T20:18:39.720Z</time>
      </trkpt>
      <trkpt lat="45.772767" lon="4.628385">
        <ele>667.298121</ele>
        <time>2026-03-09T20:19:01.267Z</time>
      </trkpt>
      <trkpt lat="45.772623" lon="4.628576">
        <ele>668.983952</ele>
        <time>2026-03-09T20:19:18.975Z</time>
      </trkpt>
      <trkpt lat="45.772590" lon="4.628736">
        <ele>669.070815</ele>
        <time>2026-03-09T20:19:28.576Z</time>
      </trkpt>
      <trkpt lat="45.772307" lon="4.628999">
        <ele>669.322537</ele>
        <time>2026-03-09T20:19:50.364Z</time>
      </trkpt>
      <trkpt lat="45.772099" lon="4.628726">
        <ele>669.533017</ele>
        <time>2026-03-09T20:20:05.052Z</time>
      </trkpt>
      <trkpt lat="45.771932" lon="4.628439">
        <ele>669.727599</ele>
        <time>2026-03-09T20:20:17.132Z</time>
      </trkpt>
      <trkpt lat="45.771834" lon="4.628373">
        <ele>669.808413</ele>
        <time>2026-03-09T20:20:21.882Z</time>
      </trkpt>
      <trkpt lat="45.771820" lon="4.627997">
        <ele>670.004444</ele>
        <time>2026-03-09T20:20:32.719Z</time>
      </trkpt>
      <trkpt lat="45.771735" lon="4.627863">
        <ele>670.098740</ele>
        <time>2026-03-09T20:20:37.729Z</time>
      </trkpt>
      <trkpt lat="45.771666" lon="4.627768">
        <ele>670.170144</ele>
        <time>2026-03-09T20:20:41.482Z</time>
      </trkpt>
      <trkpt lat="45.771664" lon="4.627758">
        <ele>670.175560</ele>
        <time>2026-03-09T20:20:41.773Z</time>
      </trkpt>
      <trkpt lat="45.771647" lon="4.627693">
        <ele>670.211701</ele>
        <time>2026-03-09T20:20:43.656Z</time>
      </trkpt>
      <trkpt lat="45.771654" lon="4.627411">
        <ele>668.937260</ele>
        <time>2026-03-09T20:20:51.189Z</time>
      </trkpt>
      <trkpt lat="45.771568" lon="4.627139">
        <ele>667.085621</ele>
        <time>2026-03-09T20:20:59.123Z</time>
      </trkpt>
      <trkpt lat="45.771517" lon="4.626979">
        <ele>665.994905</ele>
        <time>2026-03-09T20:21:03.813Z</time>
      </trkpt>
      <trkpt lat="45.771532" lon="4.626776">
        <ele>664.729209</ele>
        <time>2026-03-09T20:21:09.251Z</time>
      </trkpt>
      <trkpt lat="45.771479" lon="4.626636">
        <ele>663.741566</ele>
        <time>2026-03-09T20:21:13.497Z</time>
      </trkpt>
      <trkpt lat="45.771428" lon="4.626243">
        <ele>661.263048</ele>
        <time>2026-03-09T20:21:24.313Z</time>
      </trkpt>
      <trkpt lat="45.771329" lon="4.625931">
        <ele>659.137805</ele>
        <time>2026-03-09T20:21:33.767Z</time>
      </trkpt>
      <trkpt lat="45.771351" lon="4.625480">
        <ele>656.334648</ele>
        <time>2026-03-09T20:21:46.457Z</time>
      </trkpt>
      <trkpt lat="45.771445" lon="4.625115">
        <ele>654.244194</ele>
        <time>2026-03-09T20:21:57.510Z</time>
      </trkpt>
      <trkpt lat="45.771523" lon="4.624917">
        <ele>654.176705</ele>
        <time>2026-03-09T20:22:04.094Z</time>
      </trkpt>
      <trkpt lat="45.771700" lon="4.624498">
        <ele>654.031323</ele>
        <time>2026-03-09T20:22:19.006Z</time>
      </trkpt>
      <trkpt lat="45.771852" lon="4.624289">
        <ele>653.941710</ele>
        <time>2026-03-09T20:22:29.009Z</time>
      </trkpt>
      <trkpt lat="45.771980" lon="4.624203">
        <ele>653.881563</ele>
        <time>2026-03-09T20:22:35.993Z</time>
      </trkpt>
      <trkpt lat="45.772269" lon="4.624248">
        <ele>653.757872</ele>
        <time>2026-03-09T20:22:51.649Z</time>
      </trkpt>
      <trkpt lat="45.772277" lon="4.624249">
        <ele>653.754455</ele>
        <time>2026-03-09T20:22:52.099Z</time>
      </trkpt>
      <trkpt lat="45.772406" lon="4.624300">
        <ele>653.697518</ele>
        <time>2026-03-09T20:22:59.880Z</time>
      </trkpt>
      <trkpt lat="45.772309" lon="4.624566">
        <ele>653.608435</ele>
        <time>2026-03-09T20:23:12.688Z</time>
      </trkpt>
      <trkpt lat="45.772301" lon="4.624734">
        <ele>653.558459</ele>
        <time>2026-03-09T20:23:19.987Z</time>
      </trkpt>
      <trkpt lat="45.772357" lon="4.625091">
        <ele>652.499814</ele>
        <time>2026-03-09T20:23:34.699Z</time>
      </trkpt>
      <trkpt lat="45.772350" lon="4.625217">
        <ele>651.674005</ele>
        <time>2026-03-09T20:23:39.513Z</time>
      </trkpt>
      <trkpt lat="45.772380" lon="4.625472">
        <ele>649.984468</ele>
        <time>2026-03-09T20:23:48.327Z</time>
      </trkpt>
      <trkpt lat="45.772288" lon="4.625909">
        <ele>647.002180</ele>
        <time>2026-03-09T20:24:02.397Z</time>
      </trkpt>
      <trkpt lat="45.772292" lon="4.626277">
        <ele>644.597612</ele>
        <time>2026-03-09T20:24:12.666Z</time>
      </trkpt>
      <trkpt lat="45.772466" lon="4.626389">
        <ele>642.811083</ele>
        <time>2026-03-09T20:24:19.899Z</time>
      </trkpt>
      <trkpt lat="45.772541" lon="4.626304">
        <ele>641.915594</ele>
        <time>2026-03-09T20:24:23.515Z</time>
      </trkpt>
      <trkpt lat="45.772659" lon="4.626274">
        <ele>640.793083</ele>
        <time>2026-03-09T20:24:28.014Z</time>
      </trkpt>
      <trkpt lat="45.772722" lon="4.626237">
        <ele>640.155390</ele>
        <time>2026-03-09T20:24:30.206Z</time>
      </trkpt>
      <trkpt lat="45.772762" lon="4.626159">
        <ele>639.522883</ele>
        <time>2026-03-09T20:24:32.337Z</time>
      </trkpt>
      <trkpt lat="45.772810" lon="4.625944">
        <ele>638.048024</ele>
        <time>2026-03-09T20:24:37.336Z</time>
      </trkpt>
      <trkpt lat="45.772889" lon="4.625764">
        <ele>636.658596</ele>
        <time>2026-03-09T20:24:42.019Z</time>
      </trkpt>
      <trkpt lat="45.773211" lon="4.625333">
        <ele>626.549009</ele>
        <time>2026-03-09T20:24:56.053Z</time>
      </trkpt>
      <trkpt lat="45.773360" lon="4.624847">
        <ele>618.038036</ele>
        <time>2026-03-09T20:25:08.145Z</time>
      </trkpt>
      <trkpt lat="45.773426" lon="4.624048">
        <ele>605.139032</ele>
        <time>2026-03-09T20:25:25.986Z</time>
      </trkpt>
      <trkpt lat="45.773525" lon="4.623721">
        <ele>599.424058</ele>
        <time>2026-03-09T20:25:33.848Z</time>
      </trkpt>
      <trkpt lat="45.773762" lon="4.623265">
        <ele>589.730388</ele>
        <time>2026-03-09T20:25:46.536Z</time>
      </trkpt>
      <trkpt lat="45.774327" lon="4.622473">
        <ele>569.472742</ele>
        <time>2026-03-09T20:26:13.706Z</time>
      </trkpt>
      <trkpt lat="45.774664" lon="4.621704">
        <ele>553.233181</ele>
        <time>2026-03-09T20:26:35.900Z</time>
      </trkpt>
      <trkpt lat="45.774937" lon="4.621390">
        <ele>549.589622</ele>
        <time>2026-03-09T20:26:46.999Z</time>
      </trkpt>
      <trkpt lat="45.775146" lon="4.620989">
        <ele>550.305836</ele>
        <time>2026-03-09T20:26:58.253Z</time>
      </trkpt>
      <trkpt lat="45.774814" lon="4.620515">
        <ele>551.266938</ele>
        <time>2026-03-09T20:27:20.292Z</time>
      </trkpt>
      <trkpt lat="45.774560" lon="4.620328">
        <ele>551.852647</ele>
        <time>2026-03-09T20:27:41.635Z</time>
      </trkpt>
      <trkpt lat="45.774441" lon="4.620287">
        <ele>552.103702</ele>
        <time>2026-03-09T20:27:53.518Z</time>
      </trkpt>
      <trkpt lat="45.774400" lon="4.620296">
        <ele>552.188785</ele>
        <time>2026-03-09T20:27:57.552Z</time>
      </trkpt>
      <trkpt lat="45.774395" lon="4.620361">
        <ele>552.282348</ele>
        <time>2026-03-09T20:28:03.179Z</time>
      </trkpt>
      <trkpt lat="45.774395" lon="4.620365">
        <ele>552.288071</ele>
        <time>2026-03-09T20:28:03.560Z</time>
      </trkpt>
      <trkpt lat="45.774471" lon="4.620515">
        <ele>552.553331</ele>
        <time>2026-03-09T20:28:20.467Z</time>
      </trkpt>
      <trkpt lat="45.774461" lon="4.620561">
        <ele>552.622268</ele>
        <time>2026-03-09T20:28:25.407Z</time>
      </trkpt>
      <trkpt lat="45.774335" lon="4.620568">
        <ele>552.880926</ele>
        <time>2026-03-09T20:28:44.071Z</time>
      </trkpt>
      <trkpt lat="45.774245" lon="4.620540">
        <ele>554.987037</ele>
        <time>2026-03-09T20:28:57.997Z</time>
      </trkpt>
      <trkpt lat="45.774023" lon="4.620668">
        <ele>560.551573</ele>
        <time>2026-03-09T20:29:34.145Z</time>
      </trkpt>
      <trkpt lat="45.773908" lon="4.620774">
        <ele>563.730954</ele>
        <time>2026-03-09T20:29:54.856Z</time>
      </trkpt>
      <trkpt lat="45.773708" lon="4.620811">
        <ele>568.420592</ele>
        <time>2026-03-09T20:30:25.049Z</time>
      </trkpt>
      <trkpt lat="45.773615" lon="4.620879">
        <ele>570.848366</ele>
        <time>2026-03-09T20:30:40.554Z</time>
      </trkpt>
      <trkpt lat="45.773448" lon="4.620826">
        <ele>574.826028</ele>
        <time>2026-03-09T20:31:05.608Z</time>
      </trkpt>
      <trkpt lat="45.773316" lon="4.620831">
        <ele>577.896810</ele>
        <time>2026-03-09T20:31:24.706Z</time>
      </trkpt>
      <trkpt lat="45.773203" lon="4.620976">
        <ele>581.423493</ele>
        <time>2026-03-09T20:31:45.953Z</time>
      </trkpt>
      <trkpt lat="45.773125" lon="4.621022">
        <ele>583.384882</ele>
        <time>2026-03-09T20:31:57.575Z</time>
      </trkpt>
      <trkpt lat="45.773004" lon="4.620983">
        <ele>586.269016</ele>
        <time>2026-03-09T20:32:14.216Z</time>
      </trkpt>
      <trkpt lat="45.772787" lon="4.620973">
        <ele>591.318041</ele>
        <time>2026-03-09T20:32:42.446Z</time>
      </trkpt>
      <trkpt lat="45.772604" lon="4.620864">
        <ele>594.753353</ele>
        <time>2026-03-09T20:33:05.822Z</time>
      </trkpt>
      <trkpt lat="45.772539" lon="4.620869">
        <ele>594.804288</ele>
        <time>2026-03-09T20:33:13.147Z</time>
      </trkpt>
      <trkpt lat="45.772532" lon="4.620912">
        <ele>594.828387</ele>
        <time>2026-03-09T20:33:16.337Z</time>
      </trkpt>
      <trkpt lat="45.772578" lon="4.621047">
        <ele>594.910391</ele>
        <time>2026-03-09T20:33:26.285Z</time>
      </trkpt>
      <trkpt lat="45.772754" lon="4.621349">
        <ele>595.125182</ele>
        <time>2026-03-09T20:33:46.970Z</time>
      </trkpt>
      <trkpt lat="45.772777" lon="4.621505">
        <ele>595.212207</ele>
        <time>2026-03-09T20:33:53.691Z</time>
      </trkpt>
      <trkpt lat="45.772664" lon="4.621628">
        <ele>595.323225</ele>
        <time>2026-03-09T20:34:01.503Z</time>
      </trkpt>
      <trkpt lat="45.772577" lon="4.621649">
        <ele>595.392260</ele>
        <time>2026-03-09T20:34:05.828Z</time>
      </trkpt>
      <trkpt lat="45.772273" lon="4.621441">
        <ele>595.655838</ele>
        <time>2026-03-09T20:34:20.884Z</time>
      </trkpt>
      <trkpt lat="45.772200" lon="4.621173">
        <ele>595.812869</ele>
        <time>2026-03-09T20:34:28.989Z</time>
      </trkpt>
      <trkpt lat="45.772227" lon="4.620840">
        <ele>595.995843</ele>
        <time>2026-03-09T20:34:37.868Z</time>
      </trkpt>
      <trkpt lat="45.772114" lon="4.620545">
        <ele>594.940841</ele>
        <time>2026-03-09T20:34:46.729Z</time>
      </trkpt>
      <trkpt lat="45.772107" lon="4.620271">
        <ele>591.980702</ele>
        <time>2026-03-09T20:34:53.898Z</time>
      </trkpt>
      <trkpt lat="45.772058" lon="4.620014">
        <ele>589.104292</ele>
        <time>2026-03-09T20:35:00.864Z</time>
      </trkpt>
      <trkpt lat="45.771983" lon="4.619874">
        <ele>587.198478</ele>
        <time>2026-03-09T20:35:05.450Z</time>
      </trkpt>
      <trkpt lat="45.771923" lon="4.619853">
        <ele>586.242519</ele>
        <time>2026-03-09T20:35:07.751Z</time>
      </trkpt>
      <trkpt lat="45.771852" lon="4.619912">
        <ele>584.972314</ele>
        <time>2026-03-09T20:35:10.823Z</time>
      </trkpt>
      <trkpt lat="45.771766" lon="4.619912">
        <ele>583.641198</ele>
        <time>2026-03-09T20:35:14.044Z</time>
      </trkpt>
      <trkpt lat="45.771153" lon="4.619619">
        <ele>573.639694</ele>
        <time>2026-03-09T20:35:38.344Z</time>
      </trkpt>
      <trkpt lat="45.771307" lon="4.619448">
        <ele>570.624724</ele>
        <time>2026-03-09T20:35:44.608Z</time>
      </trkpt>
      <trkpt lat="45.771488" lon="4.619127">
        <ele>566.366498</ele>
        <time>2026-03-09T20:35:53.862Z</time>
      </trkpt>
      <trkpt lat="45.771605" lon="4.618563">
        <ele>560.609763</ele>
        <time>2026-03-09T20:36:07.075Z</time>
      </trkpt>
      <trkpt lat="45.771768" lon="4.618181">
        <ele>556.228650</ele>
        <time>2026-03-09T20:36:17.096Z</time>
      </trkpt>
      <trkpt lat="45.771899" lon="4.618030">
        <ele>553.871005</ele>
        <time>2026-03-09T20:36:22.444Z</time>
      </trkpt>
      <trkpt lat="45.772264" lon="4.617906">
        <ele>548.609723</ele>
        <time>2026-03-09T20:36:34.428Z</time>
      </trkpt>
      <trkpt lat="45.772129" lon="4.617326">
        <ele>542.699583</ele>
        <time>2026-03-09T20:36:50.604Z</time>
      </trkpt>
      <trkpt lat="45.772137" lon="4.617090">
        <ele>540.778770</ele>
        <time>2026-03-09T20:36:57.027Z</time>
      </trkpt>
      <trkpt lat="45.772058" lon="4.616811">
        <ele>538.330892</ele>
        <time>2026-03-09T20:37:05.233Z</time>
      </trkpt>
      <trkpt lat="45.771950" lon="4.616715">
        <ele>536.849857</ele>
        <time>2026-03-09T20:37:10.269Z</time>
      </trkpt>
      <trkpt lat="45.771572" lon="4.616865">
        <ele>532.278661</ele>
        <time>2026-03-09T20:37:25.398Z</time>
      </trkpt>
      <trkpt lat="45.771441" lon="4.616801">
        <ele>530.665654</ele>
        <time>2026-03-09T20:37:30.662Z</time>
      </trkpt>
      <trkpt lat="45.771385" lon="4.616731">
        <ele>529.799732</ele>
        <time>2026-03-09T20:37:33.484Z</time>
      </trkpt>
      <trkpt lat="45.771323" lon="4.616538">
        <ele>528.072326</ele>
        <time>2026-03-09T20:37:39.121Z</time>
      </trkpt>
      <trkpt lat="45.771252" lon="4.616166">
        <ele>524.936959</ele>
        <time>2026-03-09T20:37:49.433Z</time>
      </trkpt>
      <trkpt lat="45.771216" lon="4.615687">
        <ele>520.760381</ele>
        <time>2026-03-09T20:38:02.198Z</time>
      </trkpt>
      <trkpt lat="45.771217" lon="4.615408">
        <ele>517.940673</ele>
        <time>2026-03-09T20:38:09.516Z</time>
      </trkpt>
      <trkpt lat="45.771260" lon="4.615141">
        <ele>515.171291</ele>
        <time>2026-03-09T20:38:16.680Z</time>
      </trkpt>
      <trkpt lat="45.771193" lon="4.614538">
        <ele>509.000334</ele>
        <time>2026-03-09T20:38:32.563Z</time>
      </trkpt>
      <trkpt lat="45.771189" lon="4.613612">
        <ele>499.641675</ele>
        <time>2026-03-09T20:38:56.751Z</time>
      </trkpt>
      <trkpt lat="45.771230" lon="4.613373">
        <ele>497.154282</ele>
        <time>2026-03-09T20:39:03.277Z</time>
      </trkpt>
      <trkpt lat="45.771465" lon="4.612792">
        <ele>498.975635</ele>
        <time>2026-03-09T20:39:23.614Z</time>
      </trkpt>
      <trkpt lat="45.771075" lon="4.612897">
        <ele>501.967285</ele>
        <time>2026-03-09T20:39:42.686Z</time>
      </trkpt>
      <trkpt lat="45.770761" lon="4.613078">
        <ele>504.518755</ele>
        <time>2026-03-09T20:40:06.448Z</time>
      </trkpt>
      <trkpt lat="45.770232" lon="4.613803">
        <ele>510.751239</ele>
        <time>2026-03-09T20:41:13.098Z</time>
      </trkpt>
      <trkpt lat="45.770187" lon="4.614041">
        <ele>514.123554</ele>
        <time>2026-03-09T20:41:30.540Z</time>
      </trkpt>
      <trkpt lat="45.770103" lon="4.614317">
        <ele>518.241744</ele>
        <time>2026-03-09T20:41:51.130Z</time>
      </trkpt>
      <trkpt lat="45.769858" lon="4.614834">
        <ele>526.789527</ele>
        <time>2026-03-09T20:42:33.435Z</time>
      </trkpt>
      <trkpt lat="45.769528" lon="4.615412">
        <ele>537.004476</ele>
        <time>2026-03-09T20:43:23.161Z</time>
      </trkpt>
      <trkpt lat="45.769496" lon="4.615822">
        <ele>542.646648</ele>
        <time>2026-03-09T20:43:50.615Z</time>
      </trkpt>
      <trkpt lat="45.769364" lon="4.616251">
        <ele>549.831149</ele>
        <time>2026-03-09T20:44:23.481Z</time>
      </trkpt>
      <trkpt lat="45.769235" lon="4.616468">
        <ele>554.446164</ele>
        <time>2026-03-09T20:44:44.844Z</time>
      </trkpt>
      <trkpt lat="45.769097" lon="4.617116">
        <ele>565.413070</ele>
        <time>2026-03-09T20:45:38.920Z</time>
      </trkpt>
      <trkpt lat="45.768979" lon="4.618099">
        <ele>581.558490</ele>
        <time>2026-03-09T20:47:01.187Z</time>
      </trkpt>
      <trkpt lat="45.768915" lon="4.618333">
        <ele>585.626933</ele>
        <time>2026-03-09T20:47:21.954Z</time>
      </trkpt>
      <trkpt lat="45.768808" lon="4.618537">
        <ele>589.239259</ele>
        <time>2026-03-09T20:47:42.857Z</time>
      </trkpt>
      <trkpt lat="45.768683" lon="4.618704">
        <ele>592.554378</ele>
        <time>2026-03-09T20:48:02.470Z</time>
      </trkpt>
      <trkpt lat="45.768619" lon="4.618848">
        <ele>594.865219</ele>
        <time>2026-03-09T20:48:15.916Z</time>
      </trkpt>
      <trkpt lat="45.768613" lon="4.619155">
        <ele>599.021752</ele>
        <time>2026-03-09T20:48:39.536Z</time>
      </trkpt>
      <trkpt lat="45.768573" lon="4.619263">
        <ele>600.676665</ele>
        <time>2026-03-09T20:48:48.606Z</time>
      </trkpt>
      <trkpt lat="45.768338" lon="4.619598">
        <ele>607.106618</ele>
        <time>2026-03-09T20:49:22.398Z</time>
      </trkpt>
      <trkpt lat="45.768299" lon="4.619810">
        <ele>610.073915</ele>
        <time>2026-03-09T20:49:37.116Z</time>
      </trkpt>
      <trkpt lat="45.768316" lon="4.621307">
        <ele>625.805819</ele>
        <time>2026-03-09T20:50:58.643Z</time>
      </trkpt>
      <trkpt lat="45.768249" lon="4.622165">
        <ele>631.507368</ele>
        <time>2026-03-09T20:51:33.590Z</time>
      </trkpt>
      <trkpt lat="45.768077" lon="4.622937">
        <ele>636.859328</ele>
        <time>2026-03-09T20:52:04.252Z</time>
      </trkpt>
      <trkpt lat="45.767931" lon="4.623261">
        <ele>639.394659</ele>
        <time>2026-03-09T20:52:19.240Z</time>
      </trkpt>
      <trkpt lat="45.767931" lon="4.623262">
        <ele>639.401174</ele>
        <time>2026-03-09T20:52:19.282Z</time>
      </trkpt>
      <trkpt lat="45.767749" lon="4.623511">
        <ele>641.750950</ele>
        <time>2026-03-09T20:52:34.088Z</time>
      </trkpt>
      <trkpt lat="45.767564" lon="4.623632">
        <ele>643.650193</ele>
        <time>2026-03-09T20:52:46.664Z</time>
      </trkpt>
      <trkpt lat="45.767394" lon="4.623627">
        <ele>645.238325</ele>
        <time>2026-03-09T20:52:57.793Z</time>
      </trkpt>
      <trkpt lat="45.767255" lon="4.623527">
        <ele>646.690898</ele>
        <time>2026-03-09T20:53:08.323Z</time>
      </trkpt>
      <trkpt lat="45.767126" lon="4.623345">
        <ele>648.381398</ele>
        <time>2026-03-09T20:53:21.046Z</time>
      </trkpt>
      <trkpt lat="45.767029" lon="4.623077">
        <ele>650.348558</ele>
        <time>2026-03-09T20:53:35.862Z</time>
      </trkpt>
      <trkpt lat="45.766939" lon="4.622605">
        <ele>653.536629</ele>
        <time>2026-03-09T20:53:59.681Z</time>
      </trkpt>
      <trkpt lat="45.766797" lon="4.622380">
        <ele>655.440949</ele>
        <time>2026-03-09T20:54:13.574Z</time>
      </trkpt>
      <trkpt lat="45.766625" lon="4.622304">
        <ele>656.506782</ele>
        <time>2026-03-09T20:54:24.477Z</time>
      </trkpt>
      <trkpt lat="45.766505" lon="4.622347">
        <ele>657.239260</ele>
        <time>2026-03-09T20:54:31.520Z</time>
      </trkpt>
      <trkpt lat="45.766026" lon="4.622680">
        <ele>660.391753</ele>
        <time>2026-03-09T20:54:58.906Z</time>
      </trkpt>
      <trkpt lat="45.765899" lon="4.622691">
        <ele>661.145190</ele>
        <time>2026-03-09T20:55:04.899Z</time>
      </trkpt>
      <trkpt lat="45.765540" lon="4.622943">
        <ele>663.512305</ele>
        <time>2026-03-09T20:55:23.575Z</time>
      </trkpt>
      <trkpt lat="45.765237" lon="4.623270">
        <ele>665.758255</ele>
        <time>2026-03-09T20:55:41.798Z</time>
      </trkpt>
      <trkpt lat="45.765064" lon="4.623506">
        <ele>667.889272</ele>
        <time>2026-03-09T20:55:53.856Z</time>
      </trkpt>
      <trkpt lat="45.764758" lon="4.624595">
        <ele>675.621701</ele>
        <time>2026-03-09T20:56:44.410Z</time>
      </trkpt>
      <trkpt lat="45.764742" lon="4.625046">
        <ele>678.595955</ele>
        <time>2026-03-09T20:57:07.408Z</time>
      </trkpt>
      <trkpt lat="45.764630" lon="4.625469">
        <ele>681.575879</ele>
        <time>2026-03-09T20:57:30.881Z</time>
      </trkpt>
      <trkpt lat="45.764323" lon="4.626124">
        <ele>687.599871</ele>
        <time>2026-03-09T20:58:09.682Z</time>
      </trkpt>
      <trkpt lat="45.764181" lon="4.626596">
        <ele>691.717026</ele>
        <time>2026-03-09T20:58:34.843Z</time>
      </trkpt>
      <trkpt lat="45.764140" lon="4.626891">
        <ele>694.126330</ele>
        <time>2026-03-09T20:58:49.804Z</time>
      </trkpt>
      <trkpt lat="45.764141" lon="4.627294">
        <ele>697.354269</ele>
        <time>2026-03-09T20:59:10.191Z</time>
      </trkpt>
      <trkpt lat="45.764031" lon="4.627700">
        <ele>700.842864</ele>
        <time>2026-03-09T20:59:31.818Z</time>
      </trkpt>
      <trkpt lat="45.763748" lon="4.628016">
        <ele>704.602509</ele>
        <time>2026-03-09T20:59:56.727Z</time>
      </trkpt>
      <trkpt lat="45.763649" lon="4.628065">
        <ele>705.488062</ele>
        <time>2026-03-09T21:00:03.810Z</time>
      </trkpt>
      <trkpt lat="45.763584" lon="4.628036">
        <ele>706.063651</ele>
        <time>2026-03-09T21:00:08.554Z</time>
      </trkpt>
      <trkpt lat="45.763517" lon="4.627950">
        <ele>706.824072</ele>
        <time>2026-03-09T21:00:14.468Z</time>
      </trkpt>
      <trkpt lat="45.763472" lon="4.627826">
        <ele>707.648530</ele>
        <time>2026-03-09T21:00:21.110Z</time>
      </trkpt>
      <trkpt lat="45.763458" lon="4.627659">
        <ele>708.640666</ele>
        <time>2026-03-09T21:00:28.901Z</time>
      </trkpt>
      <trkpt lat="45.763190" lon="4.628397">
        <ele>713.548227</ele>
        <time>2026-03-09T21:01:05.517Z</time>
      </trkpt>
      <trkpt lat="45.763109" lon="4.628540">
        <ele>714.634743</ele>
        <time>2026-03-09T21:01:12.573Z</time>
      </trkpt>
      <trkpt lat="45.762827" lon="4.628909">
        <ele>717.863143</ele>
        <time>2026-03-09T21:01:31.050Z</time>
      </trkpt>
      <trkpt lat="45.762700" lon="4.628661">
        <ele>719.585031</ele>
        <time>2026-03-09T21:01:41.632Z</time>
      </trkpt>
      <trkpt lat="45.762373" lon="4.628662">
        <ele>722.055334</ele>
        <time>2026-03-09T21:01:59.137Z</time>
      </trkpt>
      <trkpt lat="45.762020" lon="4.628615">
        <ele>724.733525</ele>
        <time>2026-03-09T21:02:19.533Z</time>
      </trkpt>
      <trkpt lat="45.761851" lon="4.628507">
        <ele>726.131358</ele>
        <time>2026-03-09T21:02:30.782Z</time>
      </trkpt>
      <trkpt lat="45.761547" lon="4.627873">
        <ele>730.185847</ele>
        <time>2026-03-09T21:03:03.343Z</time>
      </trkpt>
      <trkpt lat="45.761442" lon="4.627698">
        <ele>731.402333</ele>
        <time>2026-03-09T21:03:12.624Z</time>
      </trkpt>
      <trkpt lat="45.761286" lon="4.627559">
        <ele>732.737755</ele>
        <time>2026-03-09T21:03:22.958Z</time>
      </trkpt>
      <trkpt lat="45.761165" lon="4.627529">
        <ele>733.542889</ele>
        <time>2026-03-09T21:03:30.869Z</time>
      </trkpt>
      <trkpt lat="45.761071" lon="4.627546">
        <ele>734.164100</ele>
        <time>2026-03-09T21:03:36.750Z</time>
      </trkpt>
      <trkpt lat="45.760998" lon="4.627618">
        <ele>734.745100</ele>
        <time>2026-03-09T21:03:42.171Z</time>
      </trkpt>
      <trkpt lat="45.760849" lon="4.628001">
        <ele>736.751021</ele>
        <time>2026-03-09T21:04:00.772Z</time>
      </trkpt>
      <trkpt lat="45.760845" lon="4.628007">
        <ele>736.788983</ele>
        <time>2026-03-09T21:04:01.108Z</time>
      </trkpt>
      <trkpt lat="45.760525" lon="4.628460">
        <ele>739.737872</ele>
        <time>2026-03-09T21:04:25.412Z</time>
      </trkpt>
      <trkpt lat="45.760477" lon="4.628341">
        <ele>740.366646</ele>
        <time>2026-03-09T21:04:31.526Z</time>
      </trkpt>
      <trkpt lat="45.760611" lon="4.628160">
        <ele>741.573882</ele>
        <time>2026-03-09T21:04:40.649Z</time>
      </trkpt>
      <trkpt lat="45.760682" lon="4.627867">
        <ele>742.992693</ele>
        <time>2026-03-09T21:04:51.180Z</time>
      </trkpt>
      <trkpt lat="45.760699" lon="4.627653">
        <ele>743.977916</ele>
        <time>2026-03-09T21:04:58.300Z</time>
      </trkpt>
      <trkpt lat="45.760650" lon="4.627132">
        <ele>745.529083</ele>
        <time>2026-03-09T21:05:16.040Z</time>
      </trkpt>
      <trkpt lat="45.760691" lon="4.627041">
        <ele>745.831896</ele>
        <time>2026-03-09T21:05:19.795Z</time>
      </trkpt>
      <trkpt lat="45.760828" lon="4.626896">
        <ele>746.514255</ele>
        <time>2026-03-09T21:05:28.666Z</time>
      </trkpt>
      <trkpt lat="45.761260" lon="4.626781">
        <ele>748.274783</ele>
        <time>2026-03-09T21:05:50.536Z</time>
      </trkpt>
      <trkpt lat="45.761370" lon="4.626776">
        <ele>748.715751</ele>
        <time>2026-03-09T21:05:55.735Z</time>
      </trkpt>
      <trkpt lat="45.761260" lon="4.626781">
        <ele>749.156719</ele>
        <time>2026-03-09T21:06:01.060Z</time>
      </trkpt>
      <trkpt lat="45.761239" lon="4.626639">
        <ele>749.562477</ele>
        <time>2026-03-09T21:06:06.738Z</time>
      </trkpt>
      <trkpt lat="45.760806" lon="4.626633">
        <ele>751.297496</ele>
        <time>2026-03-09T21:06:26.680Z</time>
      </trkpt>
      <trkpt lat="45.760541" lon="4.626523">
        <ele>751.634077</ele>
        <time>2026-03-09T21:06:39.203Z</time>
      </trkpt>
      <trkpt lat="45.760471" lon="4.626524">
        <ele>751.700706</ele>
        <time>2026-03-09T21:06:42.533Z</time>
      </trkpt>
      <trkpt lat="45.760386" lon="4.626572">
        <ele>751.787660</ele>
        <time>2026-03-09T21:06:46.701Z</time>
      </trkpt>
      <trkpt lat="45.760265" lon="4.626722">
        <ele>751.939925</ele>
        <time>2026-03-09T21:06:54.309Z</time>
      </trkpt>
      <trkpt lat="45.760160" lon="4.626966">
        <ele>752.130290</ele>
        <time>2026-03-09T21:07:03.424Z</time>
      </trkpt>
      <trkpt lat="45.760064" lon="4.627288">
        <ele>752.362813</ele>
        <time>2026-03-09T21:07:14.059Z</time>
      </trkpt>
      <trkpt lat="45.760020" lon="4.627529">
        <ele>752.528234</ele>
        <time>2026-03-09T21:07:21.343Z</time>
      </trkpt>
      <trkpt lat="45.759986" lon="4.627602">
        <ele>752.586517</ele>
        <time>2026-03-09T21:07:23.827Z</time>
      </trkpt>
      <trkpt lat="45.759943" lon="4.627610">
        <ele>752.627788</ele>
        <time>2026-03-09T21:07:25.589Z</time>
      </trkpt>
      <trkpt lat="45.759895" lon="4.627666">
        <ele>752.686694</ele>
        <time>2026-03-09T21:07:28.105Z</time>
      </trkpt>
      <trkpt lat="45.759801" lon="4.627833">
        <ele>752.829180</ele>
        <time>2026-03-09T21:07:34.102Z</time>
      </trkpt>
      <trkpt lat="45.759668" lon="4.627999">
        <ele>752.997034</ele>
        <time>2026-03-09T21:07:41.069Z</time>
      </trkpt>
      <trkpt lat="45.759442" lon="4.628129">
        <ele>752.809342</ele>
        <time>2026-03-09T21:07:50.520Z</time>
      </trkpt>
      <trkpt lat="45.759108" lon="4.628228">
        <ele>752.020907</ele>
        <time>2026-03-09T21:08:03.631Z</time>
      </trkpt>
      <trkpt lat="45.758293" lon="4.628122">
        <ele>750.129153</ele>
        <time>2026-03-09T21:08:34.696Z</time>
      </trkpt>
      <trkpt lat="45.758072" lon="4.628062">
        <ele>749.609189</ele>
        <time>2026-03-09T21:08:43.378Z</time>
      </trkpt>
      <trkpt lat="45.757867" lon="4.627969">
        <ele>749.112125</ele>
        <time>2026-03-09T21:08:51.844Z</time>
      </trkpt>
      <trkpt lat="45.757636" lon="4.627806">
        <ele>749.206481</ele>
        <time>2026-03-09T21:09:02.141Z</time>
      </trkpt>
      <trkpt lat="45.757392" lon="4.627500">
        <ele>749.654214</ele>
        <time>2026-03-09T21:09:15.415Z</time>
      </trkpt>
      <trkpt lat="45.757323" lon="4.627334">
        <ele>749.840388</ele>
        <time>2026-03-09T21:09:21.153Z</time>
      </trkpt>
      <trkpt lat="45.757211" lon="4.626813">
        <ele>750.365661</ele>
        <time>2026-03-09T21:09:37.864Z</time>
      </trkpt>
      <trkpt lat="45.757153" lon="4.626400">
        <ele>750.771570</ele>
        <time>2026-03-09T21:09:51.379Z</time>
      </trkpt>
      <trkpt lat="45.757085" lon="4.625707">
        <ele>751.449538</ele>
        <time>2026-03-09T21:10:14.354Z</time>
      </trkpt>
      <trkpt lat="45.757057" lon="4.624847">
        <ele>752.507781</ele>
        <time>2026-03-09T21:10:41.936Z</time>
      </trkpt>
      <trkpt lat="45.756948" lon="4.623087">
        <ele>754.446824</ele>
        <time>2026-03-09T21:11:35.393Z</time>
      </trkpt>
      <trkpt lat="45.756827" lon="4.622130">
        <ele>752.092371</ele>
        <time>2026-03-09T21:12:02.932Z</time>
      </trkpt>
      <trkpt lat="45.756827" lon="4.622130">
        <ele>752.092371</ele>
        <time>2026-03-09T21:12:02.953Z</time>
      </trkpt>
      <trkpt lat="45.756820" lon="4.622130">
        <ele>752.068083</ele>
        <time>2026-03-09T21:12:03.257Z</time>
      </trkpt>
      <trkpt lat="45.756810" lon="4.621280">
        <ele>750.010096</ele>
        <time>2026-03-09T21:12:27.636Z</time>
      </trkpt>
      <trkpt lat="45.756580" lon="4.621150">
        <ele>749.152256</ele>
        <time>2026-03-09T21:12:37.807Z</time>
      </trkpt>
      <trkpt lat="45.756490" lon="4.620990">
        <ele>748.654722</ele>
        <time>2026-03-09T21:12:43.705Z</time>
      </trkpt>
      <trkpt lat="45.756420" lon="4.620650">
        <ele>748.129769</ele>
        <time>2026-03-09T21:12:53.877Z</time>
      </trkpt>
      <trkpt lat="45.756240" lon="4.620220">
        <ele>747.633090</ele>
        <time>2026-03-09T21:13:08.274Z</time>
      </trkpt>
      <trkpt lat="45.756200" lon="4.619250">
        <ele>746.670648</ele>
        <time>2026-03-09T21:13:36.125Z</time>
      </trkpt>
      <trkpt lat="45.755930" lon="4.619256">
        <ele>746.287308</ele>
        <time>2026-03-09T21:13:47.221Z</time>
      </trkpt>
      <trkpt lat="45.755922" lon="4.618536">
        <ele>746.322274</ele>
        <time>2026-03-09T21:14:15.103Z</time>
      </trkpt>
      <trkpt lat="45.755914" lon="4.618324">
        <ele>746.787052</ele>
        <time>2026-03-09T21:14:23.607Z</time>
      </trkpt>
      <trkpt lat="45.756061" lon="4.617885">
        <ele>747.853035</ele>
        <time>2026-03-09T21:14:42.664Z</time>
      </trkpt>
      <trkpt lat="45.756060" lon="4.617890">
        <ele>747.864421</ele>
        <time>2026-03-09T21:14:42.798Z</time>
      </trkpt>
      <trkpt lat="45.756240" lon="4.617680">
        <ele>748.592641</ele>
        <time>2026-03-09T21:14:52.346Z</time>
      </trkpt>
      <trkpt lat="45.756190" lon="4.617280">
        <ele>749.482239</ele>
        <time>2026-03-09T21:15:03.999Z</time>
      </trkpt>
      <trkpt lat="45.756190" lon="4.616970">
        <ele>750.160872</ele>
        <time>2026-03-09T21:15:12.884Z</time>
      </trkpt>
      <trkpt lat="45.756280" lon="4.616810">
        <ele>750.610787</ele>
        <time>2026-03-09T21:15:18.773Z</time>
      </trkpt>
      <trkpt lat="45.756320" lon="4.616820">
        <ele>750.738186</ele>
        <time>2026-03-09T21:15:20.440Z</time>
      </trkpt>
      <trkpt lat="45.756340" lon="4.616790">
        <ele>750.829020</ele>
        <time>2026-03-09T21:15:21.629Z</time>
      </trkpt>
      <trkpt lat="45.756490" lon="4.616020">
        <ele>746.549862</ele>
        <time>2026-03-09T21:15:44.552Z</time>
      </trkpt>
      <trkpt lat="45.756524" lon="4.615956">
        <ele>745.785189</ele>
        <time>2026-03-09T21:15:46.880Z</time>
      </trkpt>
      <trkpt lat="45.756394" lon="4.615455">
        <ele>740.703958</ele>
        <time>2026-03-09T21:16:00.974Z</time>
      </trkpt>
      <trkpt lat="45.756727" lon="4.614825">
        <ele>733.190618</ele>
        <time>2026-03-09T21:16:21.601Z</time>
      </trkpt>
      <trkpt lat="45.756767" lon="4.614750">
        <ele>732.293228</ele>
        <time>2026-03-09T21:16:24.079Z</time>
      </trkpt>
      <trkpt lat="45.756949" lon="4.614518">
        <ele>728.974704</ele>
        <time>2026-03-09T21:16:33.157Z</time>
      </trkpt>
      <trkpt lat="45.757039" lon="4.614325">
        <ele>726.781014</ele>
        <time>2026-03-09T21:16:39.202Z</time>
      </trkpt>
      <trkpt lat="45.757245" lon="4.613660">
        <ele>720.374179</ele>
        <time>2026-03-09T21:16:58.176Z</time>
      </trkpt>
      <trkpt lat="45.757046" lon="4.613092">
        <ele>714.777519</ele>
        <time>2026-03-09T21:17:12.421Z</time>
      </trkpt>
      <trkpt lat="45.756966" lon="4.612929">
        <ele>713.022680</ele>
        <time>2026-03-09T21:17:16.931Z</time>
      </trkpt>
      <trkpt lat="45.756477" lon="4.612184">
        <ele>704.121747</ele>
        <time>2026-03-09T21:17:41.721Z</time>
      </trkpt>
      <trkpt lat="45.756338" lon="4.612019">
        <ele>702.898258</ele>
        <time>2026-03-09T21:17:48.225Z</time>
      </trkpt>
      <trkpt lat="45.755855" lon="4.611599">
        <ele>699.068523</ele>
        <time>2026-03-09T21:18:08.320Z</time>
      </trkpt>
      <trkpt lat="45.755665" lon="4.611306">
        <ele>697.176568</ele>
        <time>2026-03-09T21:18:17.992Z</time>
      </trkpt>
      <trkpt lat="45.755378" lon="4.611046">
        <ele>694.874934</ele>
        <time>2026-03-09T21:18:29.723Z</time>
      </trkpt>
      <trkpt lat="45.755037" lon="4.610842">
        <ele>692.370011</ele>
        <time>2026-03-09T21:18:42.827Z</time>
      </trkpt>
      <trkpt lat="45.754609" lon="4.610476">
        <ele>689.837822</ele>
        <time>2026-03-09T21:19:00.565Z</time>
      </trkpt>
      <trkpt lat="45.754263" lon="4.610284">
        <ele>688.018290</ele>
        <time>2026-03-09T21:19:14.510Z</time>
      </trkpt>
      <trkpt lat="45.753917" lon="4.609823">
        <ele>685.701541</ele>
        <time>2026-03-09T21:19:32.658Z</time>
      </trkpt>
      <trkpt lat="45.753504" lon="4.609541">
        <ele>683.458069</ele>
        <time>2026-03-09T21:19:49.938Z</time>
      </trkpt>
      <trkpt lat="45.753396" lon="4.609314">
        <ele>681.497344</ele>
        <time>2026-03-09T21:19:56.723Z</time>
      </trkpt>
      <trkpt lat="45.753192" lon="4.608607">
        <ele>675.132897</ele>
        <time>2026-03-09T21:20:14.756Z</time>
      </trkpt>
      <trkpt lat="45.752969" lon="4.607451">
        <ele>665.155569</ele>
        <time>2026-03-09T21:20:41.630Z</time>
      </trkpt>
      <trkpt lat="45.752956" lon="4.606143">
        <ele>651.194428</ele>
        <time>2026-03-09T21:21:10.725Z</time>
      </trkpt>
      <trkpt lat="45.752595" lon="4.604744">
        <ele>633.701172</ele>
        <time>2026-03-09T21:21:43.907Z</time>
      </trkpt>
      <trkpt lat="45.752607" lon="4.604226">
        <ele>628.179659</ele>
        <time>2026-03-09T21:21:55.450Z</time>
      </trkpt>
      <trkpt lat="45.752737" lon="4.603933">
        <ele>624.684130</ele>
        <time>2026-03-09T21:22:03.209Z</time>
      </trkpt>
      <trkpt lat="45.752927" lon="4.603678">
        <ele>620.928469</ele>
        <time>2026-03-09T21:22:11.552Z</time>
      </trkpt>
      <trkpt lat="45.752912" lon="4.603478">
        <ele>618.903436</ele>
        <time>2026-03-09T21:22:16.061Z</time>
      </trkpt>
      <trkpt lat="45.752707" lon="4.603330">
        <ele>615.591619</ele>
        <time>2026-03-09T21:22:23.429Z</time>
      </trkpt>
      <trkpt lat="45.752348" lon="4.603425">
        <ele>610.324420</ele>
        <time>2026-03-09T21:22:35.170Z</time>
      </trkpt>
      <trkpt lat="45.752117" lon="4.603592">
        <ele>606.591520</ele>
        <time>2026-03-09T21:22:43.514Z</time>
      </trkpt>
      <trkpt lat="45.751885" lon="4.603569">
        <ele>603.858794</ele>
        <time>2026-03-09T21:22:50.995Z</time>
      </trkpt>
      <trkpt lat="45.750907" lon="4.602994">
        <ele>592.615842</ele>
        <time>2026-03-09T21:23:24.971Z</time>
      </trkpt>
      <trkpt lat="45.750744" lon="4.602959">
        <ele>590.862880</ele>
        <time>2026-03-09T21:23:30.297Z</time>
      </trkpt>
      <trkpt lat="45.750565" lon="4.602964">
        <ele>588.958736</ele>
        <time>2026-03-09T21:23:36.347Z</time>
      </trkpt>
      <trkpt lat="45.750445" lon="4.603017">
        <ele>587.623222</ele>
        <time>2026-03-09T21:23:40.802Z</time>
      </trkpt>
      <trkpt lat="45.750271" lon="4.603154">
        <ele>587.256407</ele>
        <time>2026-03-09T21:23:48.224Z</time>
      </trkpt>
      <trkpt lat="45.750223" lon="4.603155">
        <ele>587.670531</ele>
        <time>2026-03-09T21:23:50.141Z</time>
      </trkpt>
      <trkpt lat="45.750198" lon="4.603125">
        <ele>587.951821</ele>
        <time>2026-03-09T21:23:51.431Z</time>
      </trkpt>
      <trkpt lat="45.750200" lon="4.603080">
        <ele>588.223251</ele>
        <time>2026-03-09T21:23:52.701Z</time>
      </trkpt>
      <trkpt lat="45.750233" lon="4.603034">
        <ele>588.620386</ele>
        <time>2026-03-09T21:23:54.562Z</time>
      </trkpt>
      <trkpt lat="45.750217" lon="4.602997">
        <ele>588.882412</ele>
        <time>2026-03-09T21:23:55.843Z</time>
      </trkpt>
      <trkpt lat="45.750150" lon="4.603068">
        <ele>589.601252</ele>
        <time>2026-03-09T21:24:00.119Z</time>
      </trkpt>
      <trkpt lat="45.749947" lon="4.603097">
        <ele>591.361144</ele>
        <time>2026-03-09T21:24:11.278Z</time>
      </trkpt>
      <trkpt lat="45.749319" lon="4.603821">
        <ele>598.314120</ele>
        <time>2026-03-09T21:25:16.690Z</time>
      </trkpt>
      <trkpt lat="45.749235" lon="4.604128">
        <ele>600.299155</ele>
        <time>2026-03-09T21:25:40.631Z</time>
      </trkpt>
      <trkpt lat="45.748991" lon="4.604517">
        <ele>605.195292</ele>
        <time>2026-03-09T21:26:21.327Z</time>
      </trkpt>
      <trkpt lat="45.748753" lon="4.604762">
        <ele>610.756288</ele>
        <time>2026-03-09T21:26:55.714Z</time>
      </trkpt>
      <trkpt lat="45.748646" lon="4.604940">
        <ele>613.867412</ele>
        <time>2026-03-09T21:27:15.719Z</time>
      </trkpt>
      <trkpt lat="45.748435" lon="4.605617">
        <ele>623.686010</ele>
        <time>2026-03-09T21:28:16.033Z</time>
      </trkpt>
      <trkpt lat="45.748405" lon="4.605900">
        <ele>627.476582</ele>
        <time>2026-03-09T21:28:38.938Z</time>
      </trkpt>
      <trkpt lat="45.748291" lon="4.606246">
        <ele>632.543486</ele>
        <time>2026-03-09T21:29:09.575Z</time>
      </trkpt>
      <trkpt lat="45.748224" lon="4.606299">
        <ele>633.995790</ele>
        <time>2026-03-09T21:29:18.137Z</time>
      </trkpt>
      <trkpt lat="45.748009" lon="4.606207">
        <ele>637.636634</ele>
        <time>2026-03-09T21:29:41.802Z</time>
      </trkpt>
      <trkpt lat="45.747825" lon="4.606222">
        <ele>640.120468</ele>
        <time>2026-03-09T21:30:00.129Z</time>
      </trkpt>
      <trkpt lat="45.747637" lon="4.606260">
        <ele>642.679281</ele>
        <time>2026-03-09T21:30:18.362Z</time>
      </trkpt>
      <trkpt lat="45.747470" lon="4.606246">
        <ele>644.933840</ele>
        <time>2026-03-09T21:30:33.912Z</time>
      </trkpt>
      <trkpt lat="45.747267" lon="4.606161">
        <ele>647.784132</ele>
        <time>2026-03-09T21:30:52.765Z</time>
      </trkpt>
      <trkpt lat="45.747148" lon="4.606078">
        <ele>649.567810</ele>
        <time>2026-03-09T21:31:04.109Z</time>
      </trkpt>
      <trkpt lat="45.746984" lon="4.605857">
        <ele>652.601843</ele>
        <time>2026-03-09T21:31:22.726Z</time>
      </trkpt>
      <trkpt lat="45.746361" lon="4.605458">
        <ele>661.474962</ele>
        <time>2026-03-09T21:32:18.405Z</time>
      </trkpt>
      <trkpt lat="45.746358" lon="4.605454">
        <ele>661.517721</ele>
        <time>2026-03-09T21:32:18.741Z</time>
      </trkpt>
      <trkpt lat="45.745939" lon="4.604954">
        <ele>667.207332</ele>
        <time>2026-03-09T21:33:00.762Z</time>
      </trkpt>
      <trkpt lat="45.745788" lon="4.604892">
        <ele>668.846380</ele>
        <time>2026-03-09T21:33:12.950Z</time>
      </trkpt>
      <trkpt lat="45.745697" lon="4.604776">
        <ele>670.117271</ele>
        <time>2026-03-09T21:33:22.156Z</time>
      </trkpt>
      <trkpt lat="45.745460" lon="4.604724">
        <ele>672.619122</ele>
        <time>2026-03-09T21:33:41.102Z</time>
      </trkpt>
      <trkpt lat="45.744818" lon="4.603922">
        <ele>680.508221</ele>
        <time>2026-03-09T21:34:50.996Z</time>
      </trkpt>
      <trkpt lat="45.744452" lon="4.603210">
        <ele>684.239047</ele>
        <time>2026-03-09T21:35:35.465Z</time>
      </trkpt>
      <trkpt lat="45.744383" lon="4.602894">
        <ele>685.635963</ele>
        <time>2026-03-09T21:35:49.254Z</time>
      </trkpt>
      <trkpt lat="45.744415" lon="4.602671">
        <ele>686.596468</ele>
        <time>2026-03-09T21:35:58.261Z</time>
      </trkpt>
      <trkpt lat="45.744557" lon="4.602343">
        <ele>688.224927</ele>
        <time>2026-03-09T21:36:13.185Z</time>
      </trkpt>
      <trkpt lat="45.744815" lon="4.601579">
        <ele>689.774892</ele>
        <time>2026-03-09T21:36:43.111Z</time>
      </trkpt>
      <trkpt lat="45.744939" lon="4.601250">
        <ele>689.571276</ele>
        <time>2026-03-09T21:36:55.357Z</time>
      </trkpt>
      <trkpt lat="45.745056" lon="4.600836">
        <ele>689.328048</ele>
        <time>2026-03-09T21:37:09.628Z</time>
      </trkpt>
      <trkpt lat="45.745191" lon="4.599941">
        <ele>688.829423</ele>
        <time>2026-03-09T21:37:39.248Z</time>
      </trkpt>
      <trkpt lat="45.745228" lon="4.599483">
        <ele>688.644474</ele>
        <time>2026-03-09T21:37:54.426Z</time>
      </trkpt>
      <trkpt lat="45.745016" lon="4.598358">
        <ele>689.676068</ele>
        <time>2026-03-09T21:38:32.757Z</time>
      </trkpt>
      <trkpt lat="45.744786" lon="4.597808">
        <ele>690.243692</ele>
        <time>2026-03-09T21:38:56.343Z</time>
      </trkpt>
      <trkpt lat="45.744715" lon="4.597537">
        <ele>690.499949</ele>
        <time>2026-03-09T21:39:07.496Z</time>
      </trkpt>
      <trkpt lat="45.744526" lon="4.596822">
        <ele>691.378082</ele>
        <time>2026-03-09T21:39:38.157Z</time>
      </trkpt>
      <trkpt lat="45.744583" lon="4.596105">
        <ele>692.457908</ele>
        <time>2026-03-09T21:40:08.220Z</time>
      </trkpt>
      <trkpt lat="45.744561" lon="4.595892">
        <ele>692.780103</ele>
        <time>2026-03-09T21:40:17.433Z</time>
      </trkpt>
      <trkpt lat="45.744784" lon="4.594743">
        <ele>694.564665</ele>
        <time>2026-03-09T21:40:59.816Z</time>
      </trkpt>
      <trkpt lat="45.744966" lon="4.594334">
        <ele>693.252128</ele>
        <time>2026-03-09T21:41:14.857Z</time>
      </trkpt>
      <trkpt lat="45.745241" lon="4.593841">
        <ele>690.687632</ele>
        <time>2026-03-09T21:41:33.416Z</time>
      </trkpt>
      <trkpt lat="45.745510" lon="4.593595">
        <ele>688.829592</ele>
        <time>2026-03-09T21:41:46.571Z</time>
      </trkpt>
      <trkpt lat="45.745652" lon="4.593133">
        <ele>686.778360</ele>
        <time>2026-03-09T21:42:00.720Z</time>
      </trkpt>
      <trkpt lat="45.745832" lon="4.592865">
        <ele>685.266993</ele>
        <time>2026-03-09T21:42:11.129Z</time>
      </trkpt>
      <trkpt lat="45.746199" lon="4.592028">
        <ele>681.356316</ele>
        <time>2026-03-09T21:42:39.758Z</time>
      </trkpt>
      <trkpt lat="45.746206" lon="4.591781">
        <ele>680.387096</ele>
        <time>2026-03-09T21:42:47.145Z</time>
      </trkpt>
      <trkpt lat="45.746311" lon="4.591352">
        <ele>678.604648</ele>
        <time>2026-03-09T21:43:00.945Z</time>
      </trkpt>
      <trkpt lat="45.746356" lon="4.590837">
        <ele>676.569706</ele>
        <time>2026-03-09T21:43:16.792Z</time>
      </trkpt>
      <trkpt lat="45.746326" lon="4.590408">
        <ele>674.879291</ele>
        <time>2026-03-09T21:43:29.891Z</time>
      </trkpt>
      <trkpt lat="45.746349" lon="4.589207">
        <ele>668.685291</ele>
        <time>2026-03-09T21:44:05.089Z</time>
      </trkpt>
      <trkpt lat="45.746719" lon="4.587275">
        <ele>656.061183</ele>
        <time>2026-03-09T21:45:00.687Z</time>
      </trkpt>
      <trkpt lat="45.746798" lon="4.586750">
        <ele>650.937393</ele>
        <time>2026-03-09T21:45:15.043Z</time>
      </trkpt>
      <trkpt lat="45.746757" lon="4.586224">
        <ele>645.887980</ele>
        <time>2026-03-09T21:45:29.035Z</time>
      </trkpt>
      <trkpt lat="45.746596" lon="4.585687">
        <ele>640.312000</ele>
        <time>2026-03-09T21:45:44.372Z</time>
      </trkpt>
      <trkpt lat="45.746266" lon="4.585044">
        <ele>632.758175</ele>
        <time>2026-03-09T21:46:05.161Z</time>
      </trkpt>
      <trkpt lat="45.745973" lon="4.583963">
        <ele>621.917984</ele>
        <time>2026-03-09T21:46:35.341Z</time>
      </trkpt>
      <trkpt lat="45.745673" lon="4.583417">
        <ele>615.422029</ele>
        <time>2026-03-09T21:46:53.837Z</time>
      </trkpt>
      <trkpt lat="45.745504" lon="4.583737">
        <ele>611.670727</ele>
        <time>2026-03-09T21:47:04.257Z</time>
      </trkpt>
      <trkpt lat="45.745306" lon="4.583909">
        <ele>612.780148</ele>
        <time>2026-03-09T21:47:13.777Z</time>
      </trkpt>
      <trkpt lat="45.744997" lon="4.584084">
        <ele>614.466875</ele>
        <time>2026-03-09T21:47:30.152Z</time>
      </trkpt>
      <trkpt lat="45.744650" lon="4.584214">
        <ele>616.287651</ele>
        <time>2026-03-09T21:47:52.906Z</time>
      </trkpt>
      <trkpt lat="45.744105" lon="4.584297">
        <ele>619.069959</ele>
        <time>2026-03-09T21:48:28.087Z</time>
      </trkpt>
      <trkpt lat="45.743427" lon="4.584354">
        <ele>623.163479</ele>
        <time>2026-03-09T21:49:02.695Z</time>
      </trkpt>
      <trkpt lat="45.742983" lon="4.584563">
        <ele>626.404403</ele>
        <time>2026-03-09T21:49:26.500Z</time>
      </trkpt>
      <trkpt lat="45.742917" lon="4.584648">
        <ele>627.019796</ele>
        <time>2026-03-09T21:49:31.116Z</time>
      </trkpt>
      <trkpt lat="45.742849" lon="4.584800">
        <ele>627.893591</ele>
        <time>2026-03-09T21:49:37.840Z</time>
      </trkpt>
      <trkpt lat="45.742815" lon="4.585018">
        <ele>628.974659</ele>
        <time>2026-03-09T21:49:46.525Z</time>
      </trkpt>
      <trkpt lat="45.742867" lon="4.585754">
        <ele>632.554842</ele>
        <time>2026-03-09T21:50:17.645Z</time>
      </trkpt>
      <trkpt lat="45.742920" lon="4.586503">
        <ele>635.447411</ele>
        <time>2026-03-09T21:50:50.807Z</time>
      </trkpt>
      <trkpt lat="45.742894" lon="4.586832">
        <ele>636.644872</ele>
        <time>2026-03-09T21:51:04.815Z</time>
      </trkpt>
      <trkpt lat="45.742758" lon="4.587076">
        <ele>637.774225</ele>
        <time>2026-03-09T21:51:16.583Z</time>
      </trkpt>
      <trkpt lat="45.742517" lon="4.587306">
        <ele>639.274802</ele>
        <time>2026-03-09T21:51:30.899Z</time>
      </trkpt>
      <trkpt lat="45.742320" lon="4.587428">
        <ele>640.386974</ele>
        <time>2026-03-09T21:51:40.805Z</time>
      </trkpt>
      <trkpt lat="45.741739" lon="4.587623">
        <ele>642.854565</ele>
        <time>2026-03-09T21:52:06.130Z</time>
      </trkpt>
      <trkpt lat="45.741132" lon="4.587997">
        <ele>643.981667</ele>
        <time>2026-03-09T21:52:33.083Z</time>
      </trkpt>
      <trkpt lat="45.740936" lon="4.588207">
        <ele>644.399143</ele>
        <time>2026-03-09T21:52:43.646Z</time>
      </trkpt>
      <trkpt lat="45.740091" lon="4.589528">
        <ele>647.797368</ele>
        <time>2026-03-09T21:53:42.271Z</time>
      </trkpt>
      <trkpt lat="45.739792" lon="4.590116">
        <ele>649.859186</ele>
        <time>2026-03-09T21:54:06.157Z</time>
      </trkpt>
      <trkpt lat="45.739275" lon="4.591674">
        <ele>655.430635</ele>
        <time>2026-03-09T21:55:06.620Z</time>
      </trkpt>
      <trkpt lat="45.739138" lon="4.592294">
        <ele>657.961512</ele>
        <time>2026-03-09T21:55:30.551Z</time>
      </trkpt>
      <trkpt lat="45.739042" lon="4.592612">
        <ele>659.309875</ele>
        <time>2026-03-09T21:55:42.215Z</time>
      </trkpt>
      <trkpt lat="45.738754" lon="4.593108">
        <ele>661.820829</ele>
        <time>2026-03-09T21:56:03.954Z</time>
      </trkpt>
      <trkpt lat="45.738230" lon="4.593917">
        <ele>670.731487</ele>
        <time>2026-03-09T21:56:49.646Z</time>
      </trkpt>
      <trkpt lat="45.737668" lon="4.594909">
        <ele>682.950539</ele>
        <time>2026-03-09T21:57:59.153Z</time>
      </trkpt>
      <trkpt lat="45.737426" lon="4.595163">
        <ele>687.061084</ele>
        <time>2026-03-09T21:58:30.619Z</time>
      </trkpt>
      <trkpt lat="45.737355" lon="4.595250">
        <ele>688.569776</ele>
        <time>2026-03-09T21:58:41.058Z</time>
      </trkpt>
      <trkpt lat="45.736819" lon="4.595463">
        <ele>698.526128</ele>
        <time>2026-03-09T21:59:41.742Z</time>
      </trkpt>
      <trkpt lat="45.736190" lon="4.595460">
        <ele>709.785011</ele>
        <time>2026-03-09T22:00:42.005Z</time>
      </trkpt>
      <trkpt lat="45.735629" lon="4.595008">
        <ele>720.487537</ele>
        <time>2026-03-09T22:01:33.423Z</time>
      </trkpt>
      <trkpt lat="45.734877" lon="4.593625">
        <ele>730.568377</ele>
        <time>2026-03-09T22:02:50.875Z</time>
      </trkpt>
      <trkpt lat="45.734519" lon="4.593237">
        <ele>734.266532</ele>
        <time>2026-03-09T22:03:13.524Z</time>
      </trkpt>
      <trkpt lat="45.734232" lon="4.593214">
        <ele>733.337125</ele>
        <time>2026-03-09T22:03:25.853Z</time>
      </trkpt>
      <trkpt lat="45.733991" lon="4.593343">
        <ele>732.008233</ele>
        <time>2026-03-09T22:03:35.975Z</time>
      </trkpt>
      <trkpt lat="45.733836" lon="4.593595">
        <ele>730.797252</ele>
        <time>2026-03-09T22:03:44.668Z</time>
      </trkpt>
      <trkpt lat="45.733917" lon="4.592897">
        <ele>728.246161</ele>
        <time>2026-03-09T22:04:04.932Z</time>
      </trkpt>
      <trkpt lat="45.733903" lon="4.592768">
        <ele>727.775481</ele>
        <time>2026-03-09T22:04:08.553Z</time>
      </trkpt>
      <trkpt lat="45.733784" lon="4.592409">
        <ele>726.342612</ele>
        <time>2026-03-09T22:04:19.345Z</time>
      </trkpt>
      <trkpt lat="45.733772" lon="4.592277">
        <ele>725.862683</ele>
        <time>2026-03-09T22:04:22.862Z</time>
      </trkpt>
      <trkpt lat="45.733784" lon="4.592148">
        <ele>725.393477</ele>
        <time>2026-03-09T22:04:26.302Z</time>
      </trkpt>
      <trkpt lat="45.733864" lon="4.591867">
        <ele>723.692053</ele>
        <time>2026-03-09T22:04:34.369Z</time>
      </trkpt>
      <trkpt lat="45.733890" lon="4.591389">
        <ele>720.932212</ele>
        <time>2026-03-09T22:04:47.239Z</time>
      </trkpt>
      <trkpt lat="45.733834" lon="4.590917">
        <ele>718.176279</ele>
        <time>2026-03-09T22:05:00.670Z</time>
      </trkpt>
      <trkpt lat="45.733819" lon="4.590477">
        <ele>715.640498</ele>
        <time>2026-03-09T22:05:13.560Z</time>
      </trkpt>
      <trkpt lat="45.733890" lon="4.589876">
        <ele>712.131775</ele>
        <time>2026-03-09T22:05:31.809Z</time>
      </trkpt>
      <trkpt lat="45.734048" lon="4.589219">
        <ele>705.655385</ele>
        <time>2026-03-09T22:05:51.831Z</time>
      </trkpt>
      <trkpt lat="45.734098" lon="4.588644">
        <ele>698.808622</ele>
        <time>2026-03-09T22:06:07.188Z</time>
      </trkpt>
      <trkpt lat="45.734057" lon="4.588514">
        <ele>697.123002</ele>
        <time>2026-03-09T22:06:10.939Z</time>
      </trkpt>
      <trkpt lat="45.733911" lon="4.588355">
        <ele>694.018408</ele>
        <time>2026-03-09T22:06:17.813Z</time>
      </trkpt>
      <trkpt lat="45.733730" lon="4.588298">
        <ele>690.881159</ele>
        <time>2026-03-09T22:06:24.741Z</time>
      </trkpt>
      <trkpt lat="45.733427" lon="4.588377">
        <ele>685.667508</ele>
        <time>2026-03-09T22:06:36.285Z</time>
      </trkpt>
      <trkpt lat="45.733421" lon="4.588369">
        <ele>685.528754</ele>
        <time>2026-03-09T22:06:36.628Z</time>
      </trkpt>
      <trkpt lat="45.733212" lon="4.588112">
        <ele>680.866120</ele>
        <time>2026-03-09T22:06:47.284Z</time>
      </trkpt>
      <trkpt lat="45.733075" lon="4.587887">
        <ele>677.494504</ele>
        <time>2026-03-09T22:06:55.489Z</time>
      </trkpt>
      <trkpt lat="45.733016" lon="4.587628">
        <ele>674.461968</ele>
        <time>2026-03-09T22:07:02.947Z</time>
      </trkpt>
      <trkpt lat="45.732961" lon="4.587512">
        <ele>672.901071</ele>
        <time>2026-03-09T22:07:06.756Z</time>
      </trkpt>
      <trkpt lat="45.732938" lon="4.587158">
        <ele>668.943708</ele>
        <time>2026-03-09T22:07:16.184Z</time>
      </trkpt>
      <trkpt lat="45.732878" lon="4.587031">
        <ele>667.236722</ele>
        <time>2026-03-09T22:07:20.181Z</time>
      </trkpt>
      <trkpt lat="45.732999" lon="4.586598">
        <ele>662.045153</ele>
        <time>2026-03-09T22:07:32.385Z</time>
      </trkpt>
      <trkpt lat="45.733127" lon="4.586435">
        <ele>659.314181</ele>
        <time>2026-03-09T22:07:38.887Z</time>
      </trkpt>
      <trkpt lat="45.733312" lon="4.586347">
        <ele>656.205676</ele>
        <time>2026-03-09T22:07:46.622Z</time>
      </trkpt>
      <trkpt lat="45.733509" lon="4.586326">
        <ele>653.055487</ele>
        <time>2026-03-09T22:07:55.105Z</time>
      </trkpt>
      <trkpt lat="45.733690" lon="4.586210">
        <ele>651.428443</ele>
        <time>2026-03-09T22:08:04.259Z</time>
      </trkpt>
      <trkpt lat="45.733891" lon="4.586214">
        <ele>651.594564</ele>
        <time>2026-03-09T22:08:14.464Z</time>
      </trkpt>
      <trkpt lat="45.734151" lon="4.586121">
        <ele>651.816022</ele>
        <time>2026-03-09T22:08:28.062Z</time>
      </trkpt>
      <trkpt lat="45.734250" lon="4.586029">
        <ele>651.913538</ele>
        <time>2026-03-09T22:08:33.951Z</time>
      </trkpt>
      <trkpt lat="45.734620" lon="4.585928">
        <ele>652.224804</ele>
        <time>2026-03-09T22:08:52.319Z</time>
      </trkpt>
      <trkpt lat="45.734621" lon="4.585928">
        <ele>652.225631</ele>
        <time>2026-03-09T22:08:52.323Z</time>
      </trkpt>
      <trkpt lat="45.734939" lon="4.585883">
        <ele>652.489703</ele>
        <time>2026-03-09T22:09:10.024Z</time>
      </trkpt>
      <trkpt lat="45.735279" lon="4.585123">
        <ele>652.762659</ele>
        <time>2026-03-09T22:09:46.201Z</time>
      </trkpt>
      <trkpt lat="45.735379" lon="4.585250">
        <ele>652.713278</ele>
        <time>2026-03-09T22:09:53.261Z</time>
      </trkpt>
      <trkpt lat="45.735401" lon="4.585566">
        <ele>652.631371</ele>
        <time>2026-03-09T22:10:04.384Z</time>
      </trkpt>
      <trkpt lat="45.735497" lon="4.585915">
        <ele>652.534618</ele>
        <time>2026-03-09T22:10:16.992Z</time>
      </trkpt>
      <trkpt lat="45.735613" lon="4.585851">
        <ele>652.488685</ele>
        <time>2026-03-09T22:10:23.050Z</time>
      </trkpt>
      <trkpt lat="45.735806" lon="4.585931">
        <ele>652.414441</ele>
        <time>2026-03-09T22:10:33.224Z</time>
      </trkpt>
      <trkpt lat="45.736176" lon="4.586266">
        <ele>652.252703</ele>
        <time>2026-03-09T22:10:55.655Z</time>
      </trkpt>
      <trkpt lat="45.736294" lon="4.586443">
        <ele>652.189573</ele>
        <time>2026-03-09T22:11:03.239Z</time>
      </trkpt>
      <trkpt lat="45.736388" lon="4.586618">
        <ele>650.313277</ele>
        <time>2026-03-09T22:11:09.554Z</time>
      </trkpt>
      <trkpt lat="45.736519" lon="4.587661">
        <ele>638.182330</ele>
        <time>2026-03-09T22:11:37.561Z</time>
      </trkpt>
      <trkpt lat="45.736617" lon="4.588533">
        <ele>628.072032</ele>
        <time>2026-03-09T22:12:00.504Z</time>
      </trkpt>
      <trkpt lat="45.736834" lon="4.588780">
        <ele>623.526696</ele>
        <time>2026-03-09T22:12:11.261Z</time>
      </trkpt>
      <trkpt lat="45.736992" lon="4.589106">
        <ele>618.433046</ele>
        <time>2026-03-09T22:12:21.906Z</time>
      </trkpt>
      <trkpt lat="45.737158" lon="4.589258">
        <ele>614.720317</ele>
        <time>2026-03-09T22:12:29.310Z</time>
      </trkpt>
      <trkpt lat="45.737207" lon="4.589399">
        <ele>612.648490</ele>
        <time>2026-03-09T22:12:33.451Z</time>
      </trkpt>
      <trkpt lat="45.737468" lon="4.589541">
        <ele>607.387022</ele>
        <time>2026-03-09T22:12:43.820Z</time>
      </trkpt>
      <trkpt lat="45.737529" lon="4.588735">
        <ele>596.723208</ele>
        <time>2026-03-09T22:13:04.970Z</time>
      </trkpt>
      <trkpt lat="45.737508" lon="4.588485">
        <ele>593.411121</ele>
        <time>2026-03-09T22:13:11.567Z</time>
      </trkpt>
      <trkpt lat="45.737656" lon="4.587304">
        <ele>583.432456</ele>
        <time>2026-03-09T22:13:44.211Z</time>
      </trkpt>
      <trkpt lat="45.737656" lon="4.587304">
        <ele>583.432456</ele>
        <time>2026-03-09T22:13:44.222Z</time>
      </trkpt>
      <trkpt lat="45.737984" lon="4.586161">
        <ele>575.638356</ele>
        <time>2026-03-09T22:14:19.324Z</time>
      </trkpt>
      <trkpt lat="45.738037" lon="4.585463">
        <ele>571.265442</ele>
        <time>2026-03-09T22:14:39.007Z</time>
      </trkpt>
      <trkpt lat="45.738145" lon="4.584500">
        <ele>565.371985</ele>
        <time>2026-03-09T22:15:06.561Z</time>
      </trkpt>
      <trkpt lat="45.738132" lon="4.584183">
        <ele>563.453247</ele>
        <time>2026-03-09T22:15:15.520Z</time>
      </trkpt>
      <trkpt lat="45.738018" lon="4.583847">
        <ele>561.195826</ele>
        <time>2026-03-09T22:15:25.842Z</time>
      </trkpt>
      <trkpt lat="45.737596" lon="4.583165">
        <ele>554.283537</ele>
        <time>2026-03-09T22:15:51.281Z</time>
      </trkpt>
      <trkpt lat="45.737575" lon="4.582983">
        <ele>551.931433</ele>
        <time>2026-03-09T22:15:56.227Z</time>
      </trkpt>
      <trkpt lat="45.737636" lon="4.582771">
        <ele>549.007611</ele>
        <time>2026-03-09T22:16:02.265Z</time>
      </trkpt>
      <trkpt lat="45.737596" lon="4.582541">
        <ele>545.985306</ele>
        <time>2026-03-09T22:16:08.527Z</time>
      </trkpt>
      <trkpt lat="45.737391" lon="4.582095">
        <ele>539.176120</ele>
        <time>2026-03-09T22:16:22.497Z</time>
      </trkpt>
      <trkpt lat="45.737374" lon="4.581907">
        <ele>536.758968</ele>
        <time>2026-03-09T22:16:27.435Z</time>
      </trkpt>
      <trkpt lat="45.737455" lon="4.581350">
        <ele>529.504351</ele>
        <time>2026-03-09T22:16:42.211Z</time>
      </trkpt>
      <trkpt lat="45.737529" lon="4.581139">
        <ele>526.493418</ele>
        <time>2026-03-09T22:16:48.594Z</time>
      </trkpt>
      <trkpt lat="45.737508" lon="4.580352">
        <ele>513.653497</ele>
        <time>2026-03-09T22:17:10.817Z</time>
      </trkpt>
      <trkpt lat="45.737428" lon="4.579478">
        <ele>498.300100</ele>
        <time>2026-03-09T22:17:35.469Z</time>
      </trkpt>
      <trkpt lat="45.737582" lon="4.578719">
        <ele>484.532810</ele>
        <time>2026-03-09T22:17:56.599Z</time>
      </trkpt>
      <trkpt lat="45.737648" lon="4.578053">
        <ele>476.701108</ele>
        <time>2026-03-09T22:18:14.122Z</time>
      </trkpt>
      <trkpt lat="45.737663" lon="4.577884">
        <ele>475.536992</ele>
        <time>2026-03-09T22:18:18.602Z</time>
      </trkpt>
      <trkpt lat="45.737878" lon="4.577715">
        <ele>473.136066</ele>
        <time>2026-03-09T22:18:27.860Z</time>
      </trkpt>
      <trkpt lat="45.738173" lon="4.577267">
        <ele>468.927379</ele>
        <time>2026-03-09T22:18:41.994Z</time>
      </trkpt>
      <trkpt lat="45.738539" lon="4.576815">
        <ele>464.196676</ele>
        <time>2026-03-09T22:18:59.723Z</time>
      </trkpt>
      <trkpt lat="45.738643" lon="4.576646">
        <ele>462.657094</ele>
        <time>2026-03-09T22:19:06.070Z</time>
      </trkpt>
      <trkpt lat="45.738757" lon="4.576314">
        <ele>461.587207</ele>
        <time>2026-03-09T22:19:17.617Z</time>
      </trkpt>
      <trkpt lat="45.738796" lon="4.576090">
        <ele>461.574037</ele>
        <time>2026-03-09T22:19:24.563Z</time>
      </trkpt>
      <trkpt lat="45.738755" lon="4.575897">
        <ele>461.562529</ele>
        <time>2026-03-09T22:19:30.418Z</time>
      </trkpt>
      <trkpt lat="45.738623" lon="4.575717">
        <ele>461.547636</ele>
        <time>2026-03-09T22:19:38.134Z</time>
      </trkpt>
      <trkpt lat="45.738513" lon="4.575571">
        <ele>461.535380</ele>
        <time>2026-03-09T22:19:44.539Z</time>
      </trkpt>
      <trkpt lat="45.738401" lon="4.575305">
        <ele>461.517659</ele>
        <time>2026-03-09T22:19:53.935Z</time>
      </trkpt>
      <trkpt lat="45.738405" lon="4.575078">
        <ele>461.504706</ele>
        <time>2026-03-09T22:20:00.858Z</time>
      </trkpt>
      <trkpt lat="45.738621" lon="4.574690">
        <ele>461.476395</ele>
        <time>2026-03-09T22:20:15.689Z</time>
      </trkpt>
      <trkpt lat="45.738625" lon="4.574492">
        <ele>461.465096</ele>
        <time>2026-03-09T22:20:21.453Z</time>
      </trkpt>
      <trkpt lat="45.738485" lon="4.573617">
        <ele>459.913039</ele>
        <time>2026-03-09T22:20:45.175Z</time>
      </trkpt>
      <trkpt lat="45.738497" lon="4.573413">
        <ele>459.447166</ele>
        <time>2026-03-09T22:20:50.416Z</time>
      </trkpt>
      <trkpt lat="45.738575" lon="4.573186">
        <ele>458.871389</ele>
        <time>2026-03-09T22:20:57.025Z</time>
      </trkpt>
      <trkpt lat="45.738963" lon="4.572848">
        <ele>457.390840</ele>
        <time>2026-03-09T22:21:13.684Z</time>
      </trkpt>
      <trkpt lat="45.738966" lon="4.572845">
        <ele>457.378912</ele>
        <time>2026-03-09T22:21:13.812Z</time>
      </trkpt>
      <trkpt lat="45.739129" lon="4.572600">
        <ele>456.608662</ele>
        <time>2026-03-09T22:21:22.361Z</time>
      </trkpt>
      <trkpt lat="45.739154" lon="4.572332">
        <ele>455.993379</ele>
        <time>2026-03-09T22:21:29.307Z</time>
      </trkpt>
      <trkpt lat="45.739129" lon="4.572094">
        <ele>455.892963</ele>
        <time>2026-03-09T22:21:35.747Z</time>
      </trkpt>
      <trkpt lat="45.739007" lon="4.571799">
        <ele>457.565441</ele>
        <time>2026-03-09T22:21:45.366Z</time>
      </trkpt>
      <trkpt lat="45.738871" lon="4.571586">
        <ele>458.973498</ele>
        <time>2026-03-09T22:21:54.246Z</time>
      </trkpt>
      <trkpt lat="45.738720" lon="4.571466">
        <ele>460.180204</ele>
        <time>2026-03-09T22:22:02.609Z</time>
      </trkpt>
      <trkpt lat="45.738448" lon="4.571429">
        <ele>462.089613</ele>
        <time>2026-03-09T22:22:17.927Z</time>
      </trkpt>
      <trkpt lat="45.737583" lon="4.571583">
        <ele>468.202252</ele>
        <time>2026-03-09T22:23:21.039Z</time>
      </trkpt>
      <trkpt lat="45.737408" lon="4.571411">
        <ele>471.025041</ele>
        <time>2026-03-09T22:23:37.861Z</time>
      </trkpt>
      <trkpt lat="45.737327" lon="4.571061">
        <ele>474.448301</ele>
        <time>2026-03-09T22:23:58.433Z</time>
      </trkpt>
      <trkpt lat="45.737345" lon="4.570981">
        <ele>475.228635</ele>
        <time>2026-03-09T22:24:02.799Z</time>
      </trkpt>
      <trkpt lat="45.737266" lon="4.571026">
        <ele>476.359445</ele>
        <time>2026-03-09T22:24:10.607Z</time>
      </trkpt>
      <trkpt lat="45.737208" lon="4.571105">
        <ele>477.423907</ele>
        <time>2026-03-09T22:24:17.518Z</time>
      </trkpt>
      <trkpt lat="45.737183" lon="4.571209">
        <ele>478.445074</ele>
        <time>2026-03-09T22:24:24.379Z</time>
      </trkpt>
      <trkpt lat="45.737215" lon="4.571527">
        <ele>481.427822</ele>
        <time>2026-03-09T22:24:43.969Z</time>
      </trkpt>
      <trkpt lat="45.737253" lon="4.571731">
        <ele>483.387989</ele>
        <time>2026-03-09T22:24:56.773Z</time>
      </trkpt>
      <trkpt lat="45.737489" lon="4.572297">
        <ele>489.508824</ele>
        <time>2026-03-09T22:25:36.011Z</time>
      </trkpt>
      <trkpt lat="45.737558" lon="4.572644">
        <ele>493.128884</ele>
        <time>2026-03-09T22:25:58.020Z</time>
      </trkpt>
      <trkpt lat="45.737562" lon="4.572882">
        <ele>496.109030</ele>
        <time>2026-03-09T22:26:12.803Z</time>
      </trkpt>
      <trkpt lat="45.737568" lon="4.573050">
        <ele>498.214804</ele>
        <time>2026-03-09T22:26:23.656Z</time>
      </trkpt>
      <trkpt lat="45.737364" lon="4.574033">
        <ele>511.052454</ele>
        <time>2026-03-09T22:27:38.281Z</time>
      </trkpt>
      <trkpt lat="45.737270" lon="4.574300">
        <ele>514.795911</ele>
        <time>2026-03-09T22:28:03.235Z</time>
      </trkpt>
      <trkpt lat="45.736532" lon="4.575049">
        <ele>531.210786</ele>
        <time>2026-03-09T22:29:54.152Z</time>
      </trkpt>
      <trkpt lat="45.736304" lon="4.575325">
        <ele>536.719940</ele>
        <time>2026-03-09T22:30:31.313Z</time>
      </trkpt>
      <trkpt lat="45.736025" lon="4.575454">
        <ele>542.130972</ele>
        <time>2026-03-09T22:31:05.397Z</time>
      </trkpt>
      <trkpt lat="45.735920" lon="4.575430">
        <ele>544.093473</ele>
        <time>2026-03-09T22:31:17.022Z</time>
      </trkpt>
      <trkpt lat="45.735740" lon="4.575287">
        <ele>547.892311</ele>
        <time>2026-03-09T22:31:38.873Z</time>
      </trkpt>
      <trkpt lat="45.735266" lon="4.575404">
        <ele>556.769856</ele>
        <time>2026-03-09T22:32:24.966Z</time>
      </trkpt>
      <trkpt lat="45.734536" lon="4.575774">
        <ele>566.241221</ele>
        <time>2026-03-09T22:33:32.955Z</time>
      </trkpt>
      <trkpt lat="45.734204" lon="4.575977">
        <ele>570.528595</ele>
        <time>2026-03-09T22:34:02.812Z</time>
      </trkpt>
      <trkpt lat="45.733584" lon="4.576008">
        <ele>577.897017</ele>
        <time>2026-03-09T22:34:49.767Z</time>
      </trkpt>
      <trkpt lat="45.733508" lon="4.576052">
        <ele>578.870611</ele>
        <time>2026-03-09T22:34:56.256Z</time>
      </trkpt>
      <trkpt lat="45.733430" lon="4.576096">
        <ele>579.966075</ele>
        <time>2026-03-09T22:35:02.482Z</time>
      </trkpt>
      <trkpt lat="45.733356" lon="4.576218">
        <ele>581.444790</ele>
        <time>2026-03-09T22:35:11.509Z</time>
      </trkpt>
      <trkpt lat="45.733363" lon="4.576741">
        <ele>586.230527</ele>
        <time>2026-03-09T22:35:42.266Z</time>
      </trkpt>
      <trkpt lat="45.733272" lon="4.577608">
        <ele>594.251778</ele>
        <time>2026-03-09T22:36:34.223Z</time>
      </trkpt>
      <trkpt lat="45.733246" lon="4.578261">
        <ele>600.235711</ele>
        <time>2026-03-09T22:37:15.877Z</time>
      </trkpt>
      <trkpt lat="45.733194" lon="4.578540">
        <ele>602.968283</ele>
        <time>2026-03-09T22:37:36.762Z</time>
      </trkpt>
      <trkpt lat="45.733121" lon="4.578711">
        <ele>605.217671</ele>
        <time>2026-03-09T22:37:51.780Z</time>
      </trkpt>
      <trkpt lat="45.732810" lon="4.579272">
        <ele>613.257149</ele>
        <time>2026-03-09T22:38:46.873Z</time>
      </trkpt>
      <trkpt lat="45.732699" lon="4.579415">
        <ele>615.657120</ele>
        <time>2026-03-09T22:39:02.755Z</time>
      </trkpt>
      <trkpt lat="45.732407" lon="4.579613">
        <ele>620.850935</ele>
        <time>2026-03-09T22:39:35.508Z</time>
      </trkpt>
      <trkpt lat="45.732099" lon="4.579939">
        <ele>627.007541</ele>
        <time>2026-03-09T22:40:12.075Z</time>
      </trkpt>
      <trkpt lat="45.732056" lon="4.580060">
        <ele>628.531267</ele>
        <time>2026-03-09T22:40:20.657Z</time>
      </trkpt>
      <trkpt lat="45.731879" lon="4.580990">
        <ele>639.131131</ele>
        <time>2026-03-09T22:41:18.948Z</time>
      </trkpt>
      <trkpt lat="45.731628" lon="4.581462">
        <ele>645.607774</ele>
        <time>2026-03-09T22:41:55.056Z</time>
      </trkpt>
      <trkpt lat="45.731451" lon="4.581666">
        <ele>649.160044</ele>
        <time>2026-03-09T22:42:15.777Z</time>
      </trkpt>
      <trkpt lat="45.731455" lon="4.581569">
        <ele>650.220651</ele>
        <time>2026-03-09T22:42:22.353Z</time>
      </trkpt>
      <trkpt lat="45.731366" lon="4.581002">
        <ele>656.564047</ele>
        <time>2026-03-09T22:43:05.135Z</time>
      </trkpt>
      <trkpt lat="45.731330" lon="4.580997">
        <ele>657.129623</ele>
        <time>2026-03-09T22:43:09.485Z</time>
      </trkpt>
      <trkpt lat="45.731199" lon="4.581167">
        <ele>659.960839</ele>
        <time>2026-03-09T22:43:30.755Z</time>
      </trkpt>
      <trkpt lat="45.731035" lon="4.581199">
        <ele>663.015801</ele>
        <time>2026-03-09T22:43:51.826Z</time>
      </trkpt>
      <trkpt lat="45.730584" lon="4.581223">
        <ele>671.345834</ele>
        <time>2026-03-09T22:44:50.513Z</time>
      </trkpt>
      <trkpt lat="45.730254" lon="4.581177">
        <ele>677.465545</ele>
        <time>2026-03-09T22:45:29.839Z</time>
      </trkpt>
      <trkpt lat="45.730099" lon="4.581207">
        <ele>680.352436</ele>
        <time>2026-03-09T22:45:47.186Z</time>
      </trkpt>
      <trkpt lat="45.729930" lon="4.581402">
        <ele>684.357696</ele>
        <time>2026-03-09T22:46:10.331Z</time>
      </trkpt>
      <trkpt lat="45.729218" lon="4.582861">
        <ele>703.609271</ele>
        <time>2026-03-09T22:48:02.707Z</time>
      </trkpt>
      <trkpt lat="45.729028" lon="4.582952">
        <ele>706.372205</ele>
        <time>2026-03-09T22:48:20.197Z</time>
      </trkpt>
      <trkpt lat="45.728823" lon="4.582993">
        <ele>709.226861</ele>
        <time>2026-03-09T22:48:38.511Z</time>
      </trkpt>
      <trkpt lat="45.728460" lon="4.582982">
        <ele>714.234257</ele>
        <time>2026-03-09T22:49:11.258Z</time>
      </trkpt>
      <trkpt lat="45.727969" lon="4.582909">
        <ele>720.820717</ele>
        <time>2026-03-09T22:49:56.763Z</time>
      </trkpt>
      <trkpt lat="45.727042" lon="4.582574">
        <ele>733.175666</ele>
        <time>2026-03-09T22:51:19.772Z</time>
      </trkpt>
      <trkpt lat="45.726799" lon="4.582620">
        <ele>736.343259</ele>
        <time>2026-03-09T22:51:41.329Z</time>
      </trkpt>
      <trkpt lat="45.726793" lon="4.582848">
        <ele>738.401578</ele>
        <time>2026-03-09T22:51:55.267Z</time>
      </trkpt>
      <trkpt lat="45.726688" lon="4.583093">
        <ele>740.967352</ele>
        <time>2026-03-09T22:52:12.667Z</time>
      </trkpt>
      <trkpt lat="45.726484" lon="4.583439">
        <ele>744.552909</ele>
        <time>2026-03-09T22:52:39.769Z</time>
      </trkpt>
      <trkpt lat="45.726321" lon="4.584080">
        <ele>749.953915</ele>
        <time>2026-03-09T22:53:18.975Z</time>
      </trkpt>
      <trkpt lat="45.726373" lon="4.584783">
        <ele>755.550730</ele>
        <time>2026-03-09T22:54:01.004Z</time>
      </trkpt>
      <trkpt lat="45.726678" lon="4.585601">
        <ele>763.160278</ele>
        <time>2026-03-09T22:54:50.294Z</time>
      </trkpt>
      <trkpt lat="45.726891" lon="4.586100">
        <ele>768.508819</ele>
        <time>2026-03-09T22:55:21.075Z</time>
      </trkpt>
      <trkpt lat="45.726960" lon="4.586546">
        <ele>772.686197</ele>
        <time>2026-03-09T22:55:47.408Z</time>
      </trkpt>
      <trkpt lat="45.726981" lon="4.586997">
        <ele>776.819501</ele>
        <time>2026-03-09T22:56:15.375Z</time>
      </trkpt>
      <trkpt lat="45.726934" lon="4.587263">
        <ele>779.328629</ele>
        <time>2026-03-09T22:56:33.474Z</time>
      </trkpt>
      <trkpt lat="45.726831" lon="4.587378">
        <ele>781.039285</ele>
        <time>2026-03-09T22:56:46.176Z</time>
      </trkpt>
      <trkpt lat="45.726582" lon="4.587367">
        <ele>784.302596</ele>
        <time>2026-03-09T22:57:11.242Z</time>
      </trkpt>
      <trkpt lat="45.726317" lon="4.587167">
        <ele>789.523421</ele>
        <time>2026-03-09T22:57:42.990Z</time>
      </trkpt>
      <trkpt lat="45.726061" lon="4.587324">
        <ele>794.523979</ele>
        <time>2026-03-09T22:58:14.115Z</time>
      </trkpt>
      <trkpt lat="45.725802" lon="4.587653">
        <ele>800.740051</ele>
        <time>2026-03-09T22:58:53.801Z</time>
      </trkpt>
      <trkpt lat="45.725638" lon="4.587723">
        <ele>803.812945</ele>
        <time>2026-03-09T22:59:13.392Z</time>
      </trkpt>
      <trkpt lat="45.725480" lon="4.587646">
        <ele>806.809844</ele>
        <time>2026-03-09T22:59:32.080Z</time>
      </trkpt>
      <trkpt lat="45.725285" lon="4.587744">
        <ele>810.520703</ele>
        <time>2026-03-09T22:59:54.567Z</time>
      </trkpt>
      <trkpt lat="45.724675" lon="4.587933">
        <ele>820.137718</ele>
        <time>2026-03-09T23:00:58.147Z</time>
      </trkpt>
      <trkpt lat="45.723868" lon="4.589155">
        <ele>834.093102</ele>
        <time>2026-03-09T23:02:39.949Z</time>
      </trkpt>
      <trkpt lat="45.723209" lon="4.589855">
        <ele>839.449967</ele>
        <time>2026-03-09T23:03:30.821Z</time>
      </trkpt>
      <trkpt lat="45.722971" lon="4.590044">
        <ele>840.073264</ele>
        <time>2026-03-09T23:03:45.398Z</time>
      </trkpt>
      <trkpt lat="45.722658" lon="4.590279">
        <ele>840.882689</ele>
        <time>2026-03-09T23:04:03.331Z</time>
      </trkpt>
      <trkpt lat="45.722445" lon="4.590380">
        <ele>841.396593</ele>
        <time>2026-03-09T23:04:14.406Z</time>
      </trkpt>
      <trkpt lat="45.722226" lon="4.590380">
        <ele>841.898203</ele>
        <time>2026-03-09T23:04:25.007Z</time>
      </trkpt>
      <trkpt lat="45.722025" lon="4.590310">
        <ele>842.371996</ele>
        <time>2026-03-09T23:04:34.916Z</time>
      </trkpt>
      <trkpt lat="45.721864" lon="4.590221">
        <ele>842.302888</ele>
        <time>2026-03-09T23:04:43.031Z</time>
      </trkpt>
      <trkpt lat="45.721721" lon="4.590069">
        <ele>841.942109</ele>
        <time>2026-03-09T23:04:51.229Z</time>
      </trkpt>
      <trkpt lat="45.721218" lon="4.589409">
        <ele>840.560065</ele>
        <time>2026-03-09T23:05:21.819Z</time>
      </trkpt>
      <trkpt lat="45.721138" lon="4.589344">
        <ele>840.373723</ele>
        <time>2026-03-09T23:05:26.035Z</time>
      </trkpt>
      <trkpt lat="45.721131" lon="4.589436">
        <ele>840.242821</ele>
        <time>2026-03-09T23:05:28.529Z</time>
      </trkpt>
      <trkpt lat="45.720879" lon="4.589916">
        <ele>839.393329</ele>
        <time>2026-03-09T23:05:45.046Z</time>
      </trkpt>
      <trkpt lat="45.720842" lon="4.590058">
        <ele>839.178941</ele>
        <time>2026-03-09T23:05:49.221Z</time>
      </trkpt>
      <trkpt lat="45.720733" lon="4.589879">
        <ele>838.837959</ele>
        <time>2026-03-09T23:05:55.744Z</time>
      </trkpt>
      <trkpt lat="45.720475" lon="4.589292">
        <ele>837.711244</ele>
        <time>2026-03-09T23:06:14.641Z</time>
      </trkpt>
      <trkpt lat="45.720301" lon="4.588890">
        <ele>836.942938</ele>
        <time>2026-03-09T23:06:27.788Z</time>
      </trkpt>
      <trkpt lat="45.719949" lon="4.588444">
        <ele>835.849513</ele>
        <time>2026-03-09T23:06:46.788Z</time>
      </trkpt>
      <trkpt lat="45.719664" lon="4.588036">
        <ele>834.912003</ele>
        <time>2026-03-09T23:07:02.246Z</time>
      </trkpt>
      <trkpt lat="45.719216" lon="4.587311">
        <ele>830.666133</ele>
        <time>2026-03-09T23:07:26.471Z</time>
      </trkpt>
      <trkpt lat="45.718630" lon="4.586491">
        <ele>824.993255</ele>
        <time>2026-03-09T23:07:54.185Z</time>
      </trkpt>
      <trkpt lat="45.718076" lon="4.585933">
        <ele>822.260839</ele>
        <time>2026-03-09T23:08:17.607Z</time>
      </trkpt>
      <trkpt lat="45.717694" lon="4.585720">
        <ele>822.295516</ele>
        <time>2026-03-09T23:08:32.898Z</time>
      </trkpt>
      <trkpt lat="45.717560" lon="4.585594">
        <ele>822.309076</ele>
        <time>2026-03-09T23:08:39.249Z</time>
      </trkpt>
      <trkpt lat="45.716985" lon="4.585120">
        <ele>822.365199</ele>
        <time>2026-03-09T23:09:14.535Z</time>
      </trkpt>
      <trkpt lat="45.716773" lon="4.584986">
        <ele>822.384801</ele>
        <time>2026-03-09T23:09:29.463Z</time>
      </trkpt>
      <trkpt lat="45.716251" lon="4.584513">
        <ele>827.414344</ele>
        <time>2026-03-09T23:10:15.347Z</time>
      </trkpt>
      <trkpt lat="45.715885" lon="4.584279">
        <ele>830.987263</ele>
        <time>2026-03-09T23:10:46.116Z</time>
      </trkpt>
      <trkpt lat="45.715642" lon="4.584007">
        <ele>833.736499</ele>
        <time>2026-03-09T23:11:09.911Z</time>
      </trkpt>
      <trkpt lat="45.715476" lon="4.583872">
        <ele>835.438178</ele>
        <time>2026-03-09T23:11:24.687Z</time>
      </trkpt>
      <trkpt lat="45.715018" lon="4.583543">
        <ele>839.167656</ele>
        <time>2026-03-09T23:12:02.307Z</time>
      </trkpt>
      <trkpt lat="45.714898" lon="4.583555">
        <ele>839.672241</ele>
        <time>2026-03-09T23:12:10.527Z</time>
      </trkpt>
      <trkpt lat="45.714651" lon="4.583482">
        <ele>840.730153</ele>
        <time>2026-03-09T23:12:27.225Z</time>
      </trkpt>
      <trkpt lat="45.714622" lon="4.583553">
        <ele>840.971068</ele>
        <time>2026-03-09T23:12:30.853Z</time>
      </trkpt>
      <trkpt lat="45.714617" lon="4.583799">
        <ele>841.691870</ele>
        <time>2026-03-09T23:12:41.503Z</time>
      </trkpt>
      <trkpt lat="45.714585" lon="4.583906">
        <ele>842.032793</ele>
        <time>2026-03-09T23:12:46.423Z</time>
      </trkpt>
      <trkpt lat="45.714088" lon="4.584656">
        <ele>845.061231</ele>
        <time>2026-03-09T23:13:26.218Z</time>
      </trkpt>
      <trkpt lat="45.713788" lon="4.585096">
        <ele>843.726470</ele>
        <time>2026-03-09T23:13:43.258Z</time>
      </trkpt>
      <trkpt lat="45.713481" lon="4.585420">
        <ele>839.720365</ele>
        <time>2026-03-09T23:13:57.127Z</time>
      </trkpt>
      <trkpt lat="45.713113" lon="4.585615">
        <ele>835.598400</ele>
        <time>2026-03-09T23:14:10.197Z</time>
      </trkpt>
      <trkpt lat="45.713036" lon="4.585656">
        <ele>834.735417</ele>
        <time>2026-03-09T23:14:12.835Z</time>
      </trkpt>
      <trkpt lat="45.712956" lon="4.585761">
        <ele>833.595477</ele>
        <time>2026-03-09T23:14:16.953Z</time>
      </trkpt>
      <trkpt lat="45.712895" lon="4.585897">
        <ele>832.409813</ele>
        <time>2026-03-09T23:14:21.230Z</time>
      </trkpt>
      <trkpt lat="45.712819" lon="4.585927">
        <ele>831.581662</ele>
        <time>2026-03-09T23:14:24.188Z</time>
      </trkpt>
      <trkpt lat="45.712780" lon="4.586138">
        <ele>829.980634</ele>
        <time>2026-03-09T23:14:29.904Z</time>
      </trkpt>
      <trkpt lat="45.712459" lon="4.587082">
        <ele>816.238570</ele>
        <time>2026-03-09T23:14:57.235Z</time>
      </trkpt>
      <trkpt lat="45.712358" lon="4.587216">
        <ele>812.969964</ele>
        <time>2026-03-09T23:15:02.413Z</time>
      </trkpt>
      <trkpt lat="45.712165" lon="4.587631">
        <ele>804.704248</ele>
        <time>2026-03-09T23:15:15.685Z</time>
      </trkpt>
      <trkpt lat="45.711826" lon="4.588037">
        <ele>794.212860</ele>
        <time>2026-03-09T23:15:32.744Z</time>
      </trkpt>
      <trkpt lat="45.711821" lon="4.588038">
        <ele>794.093005</ele>
        <time>2026-03-09T23:15:32.951Z</time>
      </trkpt>
      <trkpt lat="45.711596" lon="4.588106">
        <ele>788.633718</ele>
        <time>2026-03-09T23:15:41.963Z</time>
      </trkpt>
      <trkpt lat="45.711459" lon="4.588270">
        <ele>784.394637</ele>
        <time>2026-03-09T23:15:49.004Z</time>
      </trkpt>
      <trkpt lat="45.711283" lon="4.588412">
        <ele>779.533256</ele>
        <time>2026-03-09T23:15:57.091Z</time>
      </trkpt>
      <trkpt lat="45.711130" lon="4.588455">
        <ele>775.780814</ele>
        <time>2026-03-09T23:16:03.418Z</time>
      </trkpt>
      <trkpt lat="45.710999" lon="4.588442">
        <ele>772.620516</ele>
        <time>2026-03-09T23:16:08.725Z</time>
      </trkpt>
      <trkpt lat="45.710735" lon="4.588256">
        <ele>765.539635</ele>
        <time>2026-03-09T23:16:20.429Z</time>
      </trkpt>
      <trkpt lat="45.710585" lon="4.588208">
        <ele>761.840604</ele>
        <time>2026-03-09T23:16:26.416Z</time>
      </trkpt>
      <trkpt lat="45.710036" lon="4.588266">
        <ele>748.592080</ele>
        <time>2026-03-09T23:16:47.111Z</time>
      </trkpt>
      <trkpt lat="45.709929" lon="4.587857">
        <ele>741.252058</ele>
        <time>2026-03-09T23:16:58.494Z</time>
      </trkpt>
      <trkpt lat="45.709804" lon="4.586816">
        <ele>730.267737</ele>
        <time>2026-03-09T23:17:26.253Z</time>
      </trkpt>
      <trkpt lat="45.709752" lon="4.586753">
        <ele>729.259347</ele>
        <time>2026-03-09T23:17:28.803Z</time>
      </trkpt>
      <trkpt lat="45.709670" lon="4.586800">
        <ele>727.951732</ele>
        <time>2026-03-09T23:17:31.635Z</time>
      </trkpt>
      <trkpt lat="45.709375" lon="4.587617">
        <ele>718.443165</ele>
        <time>2026-03-09T23:17:52.279Z</time>
      </trkpt>
      <trkpt lat="45.709271" lon="4.587720">
        <ele>716.571131</ele>
        <time>2026-03-09T23:17:56.334Z</time>
      </trkpt>
      <trkpt lat="45.709191" lon="4.587738">
        <ele>715.372223</ele>
        <time>2026-03-09T23:17:58.931Z</time>
      </trkpt>
      <trkpt lat="45.709088" lon="4.587703">
        <ele>714.295541</ele>
        <time>2026-03-09T23:18:02.335Z</time>
      </trkpt>
      <trkpt lat="45.708966" lon="4.587588">
        <ele>713.762384</ele>
        <time>2026-03-09T23:18:07.039Z</time>
      </trkpt>
      <trkpt lat="45.708241" lon="4.587433">
        <ele>711.086574</ele>
        <time>2026-03-09T23:18:36.583Z</time>
      </trkpt>
      <trkpt lat="45.708208" lon="4.587334">
        <ele>710.806940</ele>
        <time>2026-03-09T23:18:40.023Z</time>
      </trkpt>
      <trkpt lat="45.708168" lon="4.587324">
        <ele>710.658719</ele>
        <time>2026-03-09T23:18:41.835Z</time>
      </trkpt>
      <trkpt lat="45.708143" lon="4.587554">
        <ele>710.065375</ele>
        <time>2026-03-09T23:18:48.341Z</time>
      </trkpt>
      <trkpt lat="45.707898" lon="4.587551">
        <ele>709.171014</ele>
        <time>2026-03-09T23:18:59.613Z</time>
      </trkpt>
      <trkpt lat="45.707794" lon="4.587595">
        <ele>708.775160</ele>
        <time>2026-03-09T23:19:05.009Z</time>
      </trkpt>
      <trkpt lat="45.707720" lon="4.587705">
        <ele>708.385814</ele>
        <time>2026-03-09T23:19:10.297Z</time>
      </trkpt>
      <trkpt lat="45.707414" lon="4.588488">
        <ele>710.448637</ele>
        <time>2026-03-09T23:19:44.082Z</time>
      </trkpt>
      <trkpt lat="45.707323" lon="4.588986">
        <ele>712.321992</ele>
        <time>2026-03-09T23:20:03.370Z</time>
      </trkpt>
      <trkpt lat="45.707362" lon="4.589196">
        <ele>713.112794</ele>
        <time>2026-03-09T23:20:11.742Z</time>
      </trkpt>
      <trkpt lat="45.707604" lon="4.590235">
        <ele>717.098719</ele>
        <time>2026-03-09T23:20:51.052Z</time>
      </trkpt>
      <trkpt lat="45.707484" lon="4.590242">
        <ele>717.149950</ele>
        <time>2026-03-09T23:20:56.490Z</time>
      </trkpt>
      <trkpt lat="45.707368" lon="4.590184">
        <ele>716.991631</ele>
        <time>2026-03-09T23:21:01.793Z</time>
      </trkpt>
      <trkpt lat="45.707270" lon="4.590299">
        <ele>716.828372</ele>
        <time>2026-03-09T23:21:07.286Z</time>
      </trkpt>
      <trkpt lat="45.707217" lon="4.590321">
        <ele>716.757268</ele>
        <time>2026-03-09T23:21:09.712Z</time>
      </trkpt>
      <trkpt lat="45.706986" lon="4.590178">
        <ele>716.432995</ele>
        <time>2026-03-09T23:21:20.834Z</time>
      </trkpt>
      <trkpt lat="45.706842" lon="4.589968">
        <ele>716.168164</ele>
        <time>2026-03-09T23:21:29.742Z</time>
      </trkpt>
      <trkpt lat="45.706400" lon="4.590017">
        <ele>715.596928</ele>
        <time>2026-03-09T23:21:47.370Z</time>
      </trkpt>
      <trkpt lat="45.706403" lon="4.590103">
        <ele>715.519446</ele>
        <time>2026-03-09T23:21:49.662Z</time>
      </trkpt>
      <trkpt lat="45.706328" lon="4.590757">
        <ele>714.741294</ele>
        <time>2026-03-09T23:22:06.214Z</time>
      </trkpt>
      <trkpt lat="45.706046" lon="4.590785">
        <ele>711.520602</ele>
        <time>2026-03-09T23:22:15.802Z</time>
      </trkpt>
      <trkpt lat="45.704886" lon="4.591157">
        <ele>697.976720</ele>
        <time>2026-03-09T23:22:54.236Z</time>
      </trkpt>
      <trkpt lat="45.704065" lon="4.591307">
        <ele>686.135460</ele>
        <time>2026-03-09T23:23:20.666Z</time>
      </trkpt>
      <trkpt lat="45.703210" lon="4.591646">
        <ele>671.900866</ele>
        <time>2026-03-09T23:23:48.981Z</time>
      </trkpt>
      <trkpt lat="45.703221" lon="4.591542">
        <ele>670.722219</ele>
        <time>2026-03-09T23:23:51.339Z</time>
      </trkpt>
      <trkpt lat="45.703558" lon="4.590529">
        <ele>658.641819</ele>
        <time>2026-03-09T23:24:16.373Z</time>
      </trkpt>
      <trkpt lat="45.703638" lon="4.590193">
        <ele>654.927274</ele>
        <time>2026-03-09T23:24:24.342Z</time>
      </trkpt>
      <trkpt lat="45.703615" lon="4.589987">
        <ele>652.744362</ele>
        <time>2026-03-09T23:24:29.850Z</time>
      </trkpt>
      <trkpt lat="45.703686" lon="4.589775">
        <ele>650.284154</ele>
        <time>2026-03-09T23:24:36.046Z</time>
      </trkpt>
      <trkpt lat="45.703791" lon="4.589608">
        <ele>647.932850</ele>
        <time>2026-03-09T23:24:41.945Z</time>
      </trkpt>
      <trkpt lat="45.703840" lon="4.589396">
        <ele>645.596201</ele>
        <time>2026-03-09T23:24:47.821Z</time>
      </trkpt>
      <trkpt lat="45.703862" lon="4.588833">
        <ele>639.695901</ele>
        <time>2026-03-09T23:25:02.667Z</time>
      </trkpt>
      <trkpt lat="45.703909" lon="4.588560">
        <ele>637.045974</ele>
        <time>2026-03-09T23:25:10.060Z</time>
      </trkpt>
      <trkpt lat="45.703896" lon="4.588364">
        <ele>635.304152</ele>
        <time>2026-03-09T23:25:15.243Z</time>
      </trkpt>
      <trkpt lat="45.703853" lon="4.588211">
        <ele>633.845056</ele>
        <time>2026-03-09T23:25:19.593Z</time>
      </trkpt>
      <trkpt lat="45.703379" lon="4.587594">
        <ele>625.730035</ele>
        <time>2026-03-09T23:25:43.887Z</time>
      </trkpt>
      <trkpt lat="45.703295" lon="4.587508">
        <ele>624.421881</ele>
        <time>2026-03-09T23:25:47.821Z</time>
      </trkpt>
      <trkpt lat="45.703218" lon="4.587508">
        <ele>623.446430</ele>
        <time>2026-03-09T23:25:50.758Z</time>
      </trkpt>
      <trkpt lat="45.702989" lon="4.587656">
        <ele>620.263606</ele>
        <time>2026-03-09T23:26:00.415Z</time>
      </trkpt>
      <trkpt lat="45.702884" lon="4.587693">
        <ele>618.893759</ele>
        <time>2026-03-09T23:26:04.563Z</time>
      </trkpt>
      <trkpt lat="45.702326" lon="4.587634">
        <ele>611.059733</ele>
        <time>2026-03-09T23:26:25.830Z</time>
      </trkpt>
      <trkpt lat="45.702058" lon="4.587699">
        <ele>606.982670</ele>
        <time>2026-03-09T23:26:36.108Z</time>
      </trkpt>
      <trkpt lat="45.701540" lon="4.587938">
        <ele>598.819635</ele>
        <time>2026-03-09T23:26:56.580Z</time>
      </trkpt>
      <trkpt lat="45.700728" lon="4.588297">
        <ele>586.719671</ele>
        <time>2026-03-09T23:27:28.402Z</time>
      </trkpt>
      <trkpt lat="45.700484" lon="4.588302">
        <ele>583.902551</ele>
        <time>2026-03-09T23:27:37.630Z</time>
      </trkpt>
      <trkpt lat="45.700217" lon="4.588187">
        <ele>580.683759</ele>
        <time>2026-03-09T23:27:48.214Z</time>
      </trkpt>
      <trkpt lat="45.700163" lon="4.588195">
        <ele>580.057034</ele>
        <time>2026-03-09T23:27:50.325Z</time>
      </trkpt>
      <trkpt lat="45.700121" lon="4.588273">
        <ele>579.262929</ele>
        <time>2026-03-09T23:27:52.982Z</time>
      </trkpt>
      <trkpt lat="45.700101" lon="4.588487">
        <ele>577.522118</ele>
        <time>2026-03-09T23:27:58.928Z</time>
      </trkpt>
      <trkpt lat="45.700127" lon="4.588581">
        <ele>576.706946</ele>
        <time>2026-03-09T23:28:01.726Z</time>
      </trkpt>
      <trkpt lat="45.700454" lon="4.588783">
        <ele>572.595581</ele>
        <time>2026-03-09T23:28:16.049Z</time>
      </trkpt>
      <trkpt lat="45.700676" lon="4.589030">
        <ele>569.349931</ele>
        <time>2026-03-09T23:28:27.452Z</time>
      </trkpt>
      <trkpt lat="45.700865" lon="4.589125">
        <ele>566.863354</ele>
        <time>2026-03-09T23:28:35.466Z</time>
      </trkpt>
      <trkpt lat="45.700877" lon="4.589179">
        <ele>566.332742</ele>
        <time>2026-03-09T23:28:37.024Z</time>
      </trkpt>
      <trkpt lat="45.700855" lon="4.589226">
        <ele>565.802953</ele>
        <time>2026-03-09T23:28:38.587Z</time>
      </trkpt>
      <trkpt lat="45.700316" lon="4.589364">
        <ele>558.461907</ele>
        <time>2026-03-09T23:28:59.380Z</time>
      </trkpt>
      <trkpt lat="45.700171" lon="4.589477">
        <ele>556.248580</ele>
        <time>2026-03-09T23:29:05.612Z</time>
      </trkpt>
      <trkpt lat="45.699940" lon="4.589565">
        <ele>553.043796</ele>
        <time>2026-03-09T23:29:14.616Z</time>
      </trkpt>
      <trkpt lat="45.699870" lon="4.589643">
        <ele>551.854587</ele>
        <time>2026-03-09T23:29:17.923Z</time>
      </trkpt>
      <trkpt lat="45.699747" lon="4.589705">
        <ele>550.106307</ele>
        <time>2026-03-09T23:29:22.837Z</time>
      </trkpt>
      <trkpt lat="45.699621" lon="4.589726">
        <ele>548.405606</ele>
        <time>2026-03-09T23:29:27.580Z</time>
      </trkpt>
      <trkpt lat="45.699453" lon="4.589659">
        <ele>546.067472</ele>
        <time>2026-03-09T23:29:34.154Z</time>
      </trkpt>
      <trkpt lat="45.699333" lon="4.589654">
        <ele>544.457940</ele>
        <time>2026-03-09T23:29:38.664Z</time>
      </trkpt>
      <trkpt lat="45.699265" lon="4.589713">
        <ele>543.567059</ele>
        <time>2026-03-09T23:29:41.636Z</time>
      </trkpt>
      <trkpt lat="45.699213" lon="4.589810">
        <ele>542.750622</ele>
        <time>2026-03-09T23:29:44.854Z</time>
      </trkpt>
      <trkpt lat="45.699102" lon="4.590241">
        <ele>539.683506</ele>
        <time>2026-03-09T23:29:56.982Z</time>
      </trkpt>
      <trkpt lat="45.698812" lon="4.590971">
        <ele>534.076132</ele>
        <time>2026-03-09T23:30:19.290Z</time>
      </trkpt>
      <trkpt lat="45.698531" lon="4.591526">
        <ele>529.499215</ele>
        <time>2026-03-09T23:30:38.995Z</time>
      </trkpt>
      <trkpt lat="45.698167" lon="4.592138">
        <ele>526.645417</ele>
        <time>2026-03-09T23:31:00.573Z</time>
      </trkpt>
      <trkpt lat="45.698173" lon="4.591895">
        <ele>526.547028</ele>
        <time>2026-03-09T23:31:08.776Z</time>
      </trkpt>
      <trkpt lat="45.698308" lon="4.591573">
        <ele>526.395063</ele>
        <time>2026-03-09T23:31:21.510Z</time>
      </trkpt>
      <trkpt lat="45.698433" lon="4.591125">
        <ele>526.199856</ele>
        <time>2026-03-09T23:31:37.999Z</time>
      </trkpt>
      <trkpt lat="45.698376" lon="4.590810">
        <ele>526.068188</ele>
        <time>2026-03-09T23:31:49.533Z</time>
      </trkpt>
      <trkpt lat="45.698396" lon="4.590645">
        <ele>526.000425</ele>
        <time>2026-03-09T23:31:55.578Z</time>
      </trkpt>
      <trkpt lat="45.698454" lon="4.590550">
        <ele>525.949369</ele>
        <time>2026-03-09T23:32:00.266Z</time>
      </trkpt>
      <trkpt lat="45.698414" lon="4.590496">
        <ele>525.917518</ele>
        <time>2026-03-09T23:32:03.221Z</time>
      </trkpt>
      <trkpt lat="45.698306" lon="4.590526">
        <ele>525.853782</ele>
        <time>2026-03-09T23:32:09.031Z</time>
      </trkpt>
      <trkpt lat="45.698267" lon="4.590529">
        <ele>525.831155</ele>
        <time>2026-03-09T23:32:11.067Z</time>
      </trkpt>
      <trkpt lat="45.698171" lon="4.590631">
        <ele>525.727847</ele>
        <time>2026-03-09T23:32:16.210Z</time>
      </trkpt>
      <trkpt lat="45.698120" lon="4.590814">
        <ele>524.899236</ele>
        <time>2026-03-09T23:32:22.813Z</time>
      </trkpt>
      <trkpt lat="45.697854" lon="4.591110">
        <ele>522.870708</ele>
        <time>2026-03-09T23:32:38.178Z</time>
      </trkpt>
      <trkpt lat="45.697799" lon="4.591224">
        <ele>522.288019</ele>
        <time>2026-03-09T23:32:42.378Z</time>
      </trkpt>
      <trkpt lat="45.697694" lon="4.591220">
        <ele>521.655560</ele>
        <time>2026-03-09T23:32:46.815Z</time>
      </trkpt>
      <trkpt lat="45.697454" lon="4.591220">
        <ele>520.210451</ele>
        <time>2026-03-09T23:32:56.578Z</time>
      </trkpt>
      <trkpt lat="45.697450" lon="4.591221">
        <ele>520.186002</ele>
        <time>2026-03-09T23:32:56.735Z</time>
      </trkpt>
      <trkpt lat="45.697364" lon="4.591252">
        <ele>519.652011</ele>
        <time>2026-03-09T23:33:00.318Z</time>
      </trkpt>
      <trkpt lat="45.697160" lon="4.592001">
        <ele>516.271017</ele>
        <time>2026-03-09T23:33:22.238Z</time>
      </trkpt>
      <trkpt lat="45.696798" lon="4.592235">
        <ele>515.161837</ele>
        <time>2026-03-09T23:33:37.373Z</time>
      </trkpt>
      <trkpt lat="45.696767" lon="4.592268">
        <ele>515.211723</ele>
        <time>2026-03-09T23:33:38.882Z</time>
      </trkpt>
      <trkpt lat="45.696749" lon="4.592304">
        <ele>515.251656</ele>
        <time>2026-03-09T23:33:39.910Z</time>
      </trkpt>
      <trkpt lat="45.696692" lon="4.592367">
        <ele>515.344647</ele>
        <time>2026-03-09T23:33:42.839Z</time>
      </trkpt>
      <trkpt lat="45.696758" lon="4.592655">
        <ele>515.618040</ele>
        <time>2026-03-09T23:33:51.849Z</time>
      </trkpt>
      <trkpt lat="45.696776" lon="4.592829">
        <ele>515.776695</ele>
        <time>2026-03-09T23:33:56.530Z</time>
      </trkpt>
      <trkpt lat="45.696793" lon="4.592834">
        <ele>515.799106</ele>
        <time>2026-03-09T23:33:57.331Z</time>
      </trkpt>
      <trkpt lat="45.696829" lon="4.592868">
        <ele>515.854800</ele>
        <time>2026-03-09T23:33:59.295Z</time>
      </trkpt>
      <trkpt lat="45.696825" lon="4.593110">
        <ele>516.073138</ele>
        <time>2026-03-09T23:34:07.297Z</time>
      </trkpt>
      <trkpt lat="45.696927" lon="4.593234">
        <ele>516.245937</ele>
        <time>2026-03-09T23:34:13.906Z</time>
      </trkpt>
      <trkpt lat="45.697141" lon="4.593537">
        <ele>516.634605</ele>
        <time>2026-03-09T23:34:27.691Z</time>
      </trkpt>
      <trkpt lat="45.697166" lon="4.593515">
        <ele>516.672500</ele>
        <time>2026-03-09T23:34:29.198Z</time>
      </trkpt>
      <trkpt lat="45.697290" lon="4.593648">
        <ele>516.872581</ele>
        <time>2026-03-09T23:34:37.814Z</time>
      </trkpt>
      <trkpt lat="45.697317" lon="4.593625">
        <ele>516.913153</ele>
        <time>2026-03-09T23:34:39.899Z</time>
      </trkpt>
      <trkpt lat="45.697512" lon="4.593436">
        <ele>517.217247</ele>
        <time>2026-03-09T23:34:56.495Z</time>
      </trkpt>
      <trkpt lat="45.697781" lon="4.593303">
        <ele>521.555694</ele>
        <time>2026-03-09T23:35:20.813Z</time>
      </trkpt>
      <trkpt lat="45.697783" lon="4.593302">
        <ele>521.591686</ele>
        <time>2026-03-09T23:35:21.082Z</time>
      </trkpt>
      <trkpt lat="45.697872" lon="4.593229">
        <ele>523.334346</ele>
        <time>2026-03-09T23:35:31.158Z</time>
      </trkpt>
      <trkpt lat="45.697922" lon="4.593099">
        <ele>525.095424</ele>
        <time>2026-03-09T23:35:41.468Z</time>
      </trkpt>
      <trkpt lat="45.698089" lon="4.593318">
        <ele>528.943012</ele>
        <time>2026-03-09T23:36:09.729Z</time>
      </trkpt>
      <trkpt lat="45.698355" lon="4.593543">
        <ele>534.192100</ele>
        <time>2026-03-09T23:36:46.204Z</time>
      </trkpt>
      <trkpt lat="45.698602" lon="4.593715">
        <ele>538.858631</ele>
        <time>2026-03-09T23:37:16.880Z</time>
      </trkpt>
      <trkpt lat="45.698760" lon="4.593782">
        <ele>541.658304</ele>
        <time>2026-03-09T23:37:34.705Z</time>
      </trkpt>
      <trkpt lat="45.698862" lon="4.593889">
        <ele>543.806635</ele>
        <time>2026-03-09T23:37:48.165Z</time>
      </trkpt>
      <trkpt lat="45.698990" lon="4.594393">
        <ele>549.426046</ele>
        <time>2026-03-09T23:38:25.331Z</time>
      </trkpt>
      <trkpt lat="45.699037" lon="4.594463">
        <ele>550.213848</ele>
        <time>2026-03-09T23:38:31.240Z</time>
      </trkpt>
      <trkpt lat="45.699095" lon="4.594482">
        <ele>550.905014</ele>
        <time>2026-03-09T23:38:36.369Z</time>
      </trkpt>
      <trkpt lat="45.699267" lon="4.594436">
        <ele>552.937607</ele>
        <time>2026-03-09T23:38:50.203Z</time>
      </trkpt>
      <trkpt lat="45.699335" lon="4.594342">
        <ele>554.035606</ele>
        <time>2026-03-09T23:38:57.121Z</time>
      </trkpt>
      <trkpt lat="45.699342" lon="4.594223">
        <ele>555.004499</ele>
        <time>2026-03-09T23:39:03.091Z</time>
      </trkpt>
      <trkpt lat="45.699284" lon="4.593667">
        <ele>559.565496</ele>
        <time>2026-03-09T23:39:29.868Z</time>
      </trkpt>
      <trkpt lat="45.699046" lon="4.593015">
        <ele>565.534260</ele>
        <time>2026-03-09T23:40:06.761Z</time>
      </trkpt>
      <trkpt lat="45.699084" lon="4.592819">
        <ele>567.184592</ele>
        <time>2026-03-09T23:40:18.359Z</time>
      </trkpt>
      <trkpt lat="45.699318" lon="4.592615">
        <ele>571.504818</ele>
        <time>2026-03-09T23:40:42.633Z</time>
      </trkpt>
      <trkpt lat="45.699557" lon="4.592455">
        <ele>576.675035</ele>
        <time>2026-03-09T23:41:09.419Z</time>
      </trkpt>
      <trkpt lat="45.699597" lon="4.592461">
        <ele>577.463184</ele>
        <time>2026-03-09T23:41:13.840Z</time>
      </trkpt>
      <trkpt lat="45.699770" lon="4.592720">
        <ele>582.368190</ele>
        <time>2026-03-09T23:41:44.589Z</time>
      </trkpt>
      <trkpt lat="45.699914" lon="4.593044">
        <ele>587.624349</ele>
        <time>2026-03-09T23:42:21.334Z</time>
      </trkpt>
      <trkpt lat="45.700118" lon="4.593396">
        <ele>593.884623</ele>
        <time>2026-03-09T23:43:05.473Z</time>
      </trkpt>
      <trkpt lat="45.700380" lon="4.593672">
        <ele>600.258779</ele>
        <time>2026-03-09T23:43:48.088Z</time>
      </trkpt>
      <trkpt lat="45.700507" lon="4.593768">
        <ele>603.073062</ele>
        <time>2026-03-09T23:44:05.480Z</time>
      </trkpt>
      <trkpt lat="45.700723" lon="4.593819">
        <ele>606.165269</ele>
        <time>2026-03-09T23:44:29.890Z</time>
      </trkpt>
      <trkpt lat="45.700758" lon="4.593957">
        <ele>607.467833</ele>
        <time>2026-03-09T23:44:40.710Z</time>
      </trkpt>
      <trkpt lat="45.700839" lon="4.594067">
        <ele>608.885990</ele>
        <time>2026-03-09T23:44:51.757Z</time>
      </trkpt>
      <trkpt lat="45.700863" lon="4.594407">
        <ele>611.917825</ele>
        <time>2026-03-09T23:45:12.951Z</time>
      </trkpt>
      <trkpt lat="45.700849" lon="4.594637">
        <ele>613.966112</ele>
        <time>2026-03-09T23:45:26.446Z</time>
      </trkpt>
      <trkpt lat="45.700726" lon="4.595258">
        <ele>619.692885</ele>
        <time>2026-03-09T23:45:59.983Z</time>
      </trkpt>
      <trkpt lat="45.700764" lon="4.595368">
        <ele>620.781662</ele>
        <time>2026-03-09T23:46:05.993Z</time>
      </trkpt>
      <trkpt lat="45.700884" lon="4.594853">
        <ele>625.598308</ele>
        <time>2026-03-09T23:46:28.769Z</time>
      </trkpt>
      <trkpt lat="45.701150" lon="4.594204">
        <ele>631.952708</ele>
        <time>2026-03-09T23:47:03.938Z</time>
      </trkpt>
      <trkpt lat="45.701233" lon="4.593825">
        <ele>635.269231</ele>
        <time>2026-03-09T23:47:22.893Z</time>
      </trkpt>
      <trkpt lat="45.701273" lon="4.593857">
        <ele>635.817039</ele>
        <time>2026-03-09T23:47:26.711Z</time>
      </trkpt>
      <trkpt lat="45.701404" lon="4.594087">
        <ele>638.295166</ele>
        <time>2026-03-09T23:47:44.474Z</time>
      </trkpt>
      <trkpt lat="45.701461" lon="4.594321">
        <ele>640.364454</ele>
        <time>2026-03-09T23:48:00.341Z</time>
      </trkpt>
      <trkpt lat="45.701457" lon="4.594453">
        <ele>641.467664</ele>
        <time>2026-03-09T23:48:08.450Z</time>
      </trkpt>
      <trkpt lat="45.701342" lon="4.595106">
        <ele>647.090767</ele>
        <time>2026-03-09T23:48:50.913Z</time>
      </trkpt>
      <trkpt lat="45.701381" lon="4.595373">
        <ele>649.288583</ele>
        <time>2026-03-09T23:49:08.414Z</time>
      </trkpt>
      <trkpt lat="45.701610" lon="4.595055">
        <ele>652.814769</ele>
        <time>2026-03-09T23:49:35.845Z</time>
      </trkpt>
      <trkpt lat="45.701703" lon="4.594867">
        <ele>654.593282</ele>
        <time>2026-03-09T23:49:49.311Z</time>
      </trkpt>
      <trkpt lat="45.701640" lon="4.595143">
        <ele>656.834864</ele>
        <time>2026-03-09T23:50:03.637Z</time>
      </trkpt>
      <trkpt lat="45.701591" lon="4.595711">
        <ele>661.253047</ele>
        <time>2026-03-09T23:50:30.622Z</time>
      </trkpt>
      <trkpt lat="45.701491" lon="4.595878">
        <ele>662.951252</ele>
        <time>2026-03-09T23:50:40.727Z</time>
      </trkpt>
      <trkpt lat="45.701356" lon="4.596382">
        <ele>667.118401</ele>
        <time>2026-03-09T23:51:04.462Z</time>
      </trkpt>
      <trkpt lat="45.701323" lon="4.596730">
        <ele>669.543953</ele>
        <time>2026-03-09T23:51:20.231Z</time>
      </trkpt>
      <trkpt lat="45.701251" lon="4.596945">
        <ele>671.063630</ele>
        <time>2026-03-09T23:51:30.732Z</time>
      </trkpt>
      <trkpt lat="45.700989" lon="4.597524">
        <ele>675.460732</ele>
        <time>2026-03-09T23:52:00.985Z</time>
      </trkpt>
      <trkpt lat="45.700989" lon="4.597526">
        <ele>675.473479</ele>
        <time>2026-03-09T23:52:01.071Z</time>
      </trkpt>
      <trkpt lat="45.700847" lon="4.597937">
        <ele>678.395986</ele>
        <time>2026-03-09T23:52:21.935Z</time>
      </trkpt>
      <trkpt lat="45.700783" lon="4.598345">
        <ele>681.061155</ele>
        <time>2026-03-09T23:52:40.491Z</time>
      </trkpt>
      <trkpt lat="45.700816" lon="4.598575">
        <ele>682.557674</ele>
        <time>2026-03-09T23:52:50.550Z</time>
      </trkpt>
      <trkpt lat="45.701179" lon="4.597971">
        <ele>686.307939</ele>
        <time>2026-03-09T23:53:23.471Z</time>
      </trkpt>
      <trkpt lat="45.700874" lon="4.598723">
        <ele>689.420720</ele>
        <time>2026-03-09T23:54:00.220Z</time>
      </trkpt>
      <trkpt lat="45.700873" lon="4.598726">
        <ele>689.432619</ele>
        <time>2026-03-09T23:54:00.366Z</time>
      </trkpt>
      <trkpt lat="45.700536" lon="4.599471">
        <ele>692.609864</ele>
        <time>2026-03-09T23:54:32.820Z</time>
      </trkpt>
      <trkpt lat="45.700250" lon="4.600027">
        <ele>695.950212</ele>
        <time>2026-03-09T23:54:59.960Z</time>
      </trkpt>
      <trkpt lat="45.700039" lon="4.600706">
        <ele>700.448597</ele>
        <time>2026-03-09T23:55:32.986Z</time>
      </trkpt>
      <trkpt lat="45.699981" lon="4.601074">
        <ele>702.732083</ele>
        <time>2026-03-09T23:55:51.447Z</time>
      </trkpt>
      <trkpt lat="45.699500" lon="4.602526">
        <ele>715.431872</ele>
        <time>2026-03-09T23:57:27.448Z</time>
      </trkpt>
      <trkpt lat="45.699350" lon="4.602848">
        <ele>720.060407</ele>
        <time>2026-03-09T23:57:52.293Z</time>
      </trkpt>
      <trkpt lat="45.699274" lon="4.603106">
        <ele>723.408873</ele>
        <time>2026-03-09T23:58:10.376Z</time>
      </trkpt>
      <trkpt lat="45.699217" lon="4.603455">
        <ele>727.694960</ele>
        <time>2026-03-09T23:58:34.707Z</time>
      </trkpt>
      <trkpt lat="45.699210" lon="4.603652">
        <ele>730.053821</ele>
        <time>2026-03-09T23:58:49.046Z</time>
      </trkpt>
      <trkpt lat="45.699323" lon="4.603937">
        <ele>733.972866</ele>
        <time>2026-03-09T23:59:14.292Z</time>
      </trkpt>
      <trkpt lat="45.699385" lon="4.603953">
        <ele>735.051536</ele>
        <time>2026-03-09T23:59:21.743Z</time>
      </trkpt>
      <trkpt lat="45.699550" lon="4.603676">
        <ele>739.405139</ele>
        <time>2026-03-09T23:59:54.381Z</time>
      </trkpt>
      <trkpt lat="45.699694" lon="4.603663">
        <ele>742.883305</ele>
        <time>2026-03-10T00:00:14.198Z</time>
      </trkpt>
      <trkpt lat="45.699754" lon="4.603693">
        <ele>744.629488</ele>
        <time>2026-03-10T00:00:23.216Z</time>
      </trkpt>
      <trkpt lat="45.699818" lon="4.603816">
        <ele>747.572843</ele>
        <time>2026-03-10T00:00:38.604Z</time>
      </trkpt>
      <trkpt lat="45.699955" lon="4.603851">
        <ele>751.396494</ele>
        <time>2026-03-10T00:00:58.994Z</time>
      </trkpt>
      <trkpt lat="45.700009" lon="4.603902">
        <ele>753.173897</ele>
        <time>2026-03-10T00:01:08.812Z</time>
      </trkpt>
      <trkpt lat="45.700071" lon="4.603880">
        <ele>754.928937</ele>
        <time>2026-03-10T00:01:18.450Z</time>
      </trkpt>
      <trkpt lat="45.700105" lon="4.603776">
        <ele>757.132474</ele>
        <time>2026-03-10T00:01:30.992Z</time>
      </trkpt>
      <trkpt lat="45.700303" lon="4.603599">
        <ele>763.545950</ele>
        <time>2026-03-10T00:02:08.895Z</time>
      </trkpt>
      <trkpt lat="45.700436" lon="4.603618">
        <ele>767.218392</ele>
        <time>2026-03-10T00:02:30.844Z</time>
      </trkpt>
      <trkpt lat="45.700578" lon="4.603625">
        <ele>771.122285</ele>
        <time>2026-03-10T00:02:53.896Z</time>
      </trkpt>
      <trkpt lat="45.700695" lon="4.603703">
        <ele>774.668341</ele>
        <time>2026-03-10T00:03:14.677Z</time>
      </trkpt>
      <trkpt lat="45.701167" lon="4.603545">
        <ele>787.986673</ele>
        <time>2026-03-10T00:04:34.757Z</time>
      </trkpt>
      <trkpt lat="45.701334" lon="4.603384">
        <ele>791.384430</ele>
        <time>2026-03-10T00:05:07.021Z</time>
      </trkpt>
      <trkpt lat="45.701423" lon="4.603298">
        <ele>792.716133</ele>
        <time>2026-03-10T00:05:23.623Z</time>
      </trkpt>
      <trkpt lat="45.701701" lon="4.603328">
        <ele>796.173902</ele>
        <time>2026-03-10T00:06:02.716Z</time>
      </trkpt>
      <trkpt lat="45.701882" lon="4.603233">
        <ele>798.564886</ele>
        <time>2026-03-10T00:06:25.397Z</time>
      </trkpt>
      <trkpt lat="45.701955" lon="4.603235">
        <ele>799.470459</ele>
        <time>2026-03-10T00:06:32.630Z</time>
      </trkpt>
      <trkpt lat="45.702193" lon="4.603580">
        <ele>803.670945</ele>
        <time>2026-03-10T00:07:01.801Z</time>
      </trkpt>
      <trkpt lat="45.702380" lon="4.603739">
        <ele>806.368376</ele>
        <time>2026-03-10T00:07:15.787Z</time>
      </trkpt>
      <trkpt lat="45.702505" lon="4.603864">
        <ele>808.259392</ele>
        <time>2026-03-10T00:07:24.041Z</time>
      </trkpt>
      <trkpt lat="45.702351" lon="4.603896">
        <ele>810.189437</ele>
        <time>2026-03-10T00:07:31.542Z</time>
      </trkpt>
      <trkpt lat="45.702297" lon="4.604002">
        <ele>811.325925</ele>
        <time>2026-03-10T00:07:35.651Z</time>
      </trkpt>
      <trkpt lat="45.702169" lon="4.604048">
        <ele>810.448792</ele>
        <time>2026-03-10T00:07:41.201Z</time>
      </trkpt>
      <trkpt lat="45.702153" lon="4.604084">
        <ele>809.912626</ele>
        <time>2026-03-10T00:07:42.400Z</time>
      </trkpt>
      <trkpt lat="45.702153" lon="4.604690">
        <ele>802.298275</ele>
        <time>2026-03-10T00:07:58.389Z</time>
      </trkpt>
      <trkpt lat="45.702270" lon="4.605074">
        <ele>797.034160</ele>
        <time>2026-03-10T00:08:09.257Z</time>
      </trkpt>
      <trkpt lat="45.702287" lon="4.605337">
        <ele>793.715465</ele>
        <time>2026-03-10T00:08:16.383Z</time>
      </trkpt>
      <trkpt lat="45.702244" lon="4.605586">
        <ele>790.492574</ele>
        <time>2026-03-10T00:08:23.268Z</time>
      </trkpt>
      <trkpt lat="45.702122" lon="4.605680">
        <ele>788.000030</ele>
        <time>2026-03-10T00:08:28.508Z</time>
      </trkpt>
      <trkpt lat="45.702015" lon="4.605833">
        <ele>785.279429</ele>
        <time>2026-03-10T00:08:34.210Z</time>
      </trkpt>
      <trkpt lat="45.702006" lon="4.606152">
        <ele>781.267935</ele>
        <time>2026-03-10T00:08:42.624Z</time>
      </trkpt>
      <trkpt lat="45.701796" lon="4.606316">
        <ele>777.944454</ele>
        <time>2026-03-10T00:08:51.563Z</time>
      </trkpt>
      <trkpt lat="45.701656" lon="4.606505">
        <ele>775.781384</ele>
        <time>2026-03-10T00:08:58.747Z</time>
      </trkpt>
      <trkpt lat="45.701555" lon="4.606762">
        <ele>773.466104</ele>
        <time>2026-03-10T00:09:06.452Z</time>
      </trkpt>
      <trkpt lat="45.701538" lon="4.606858">
        <ele>772.688537</ele>
        <time>2026-03-10T00:09:09.039Z</time>
      </trkpt>
      <trkpt lat="45.701377" lon="4.607154">
        <ele>769.742927</ele>
        <time>2026-03-10T00:09:18.924Z</time>
      </trkpt>
      <trkpt lat="45.701137" lon="4.607338">
        <ele>766.682488</ele>
        <time>2026-03-10T00:09:29.473Z</time>
      </trkpt>
      <trkpt lat="45.701182" lon="4.607407">
        <ele>765.941277</ele>
        <time>2026-03-10T00:09:32.194Z</time>
      </trkpt>
      <trkpt lat="45.701192" lon="4.607576">
        <ele>764.609661</ele>
        <time>2026-03-10T00:09:37.070Z</time>
      </trkpt>
      <trkpt lat="45.701163" lon="4.607740">
        <ele>763.281425</ele>
        <time>2026-03-10T00:09:42.215Z</time>
      </trkpt>
      <trkpt lat="45.701105" lon="4.607901">
        <ele>761.859115</ele>
        <time>2026-03-10T00:09:48.131Z</time>
      </trkpt>
      <trkpt lat="45.701042" lon="4.607814">
        <ele>760.875162</ele>
        <time>2026-03-10T00:09:52.347Z</time>
      </trkpt>
      <trkpt lat="45.700933" lon="4.607732">
        <ele>759.490975</ele>
        <time>2026-03-10T00:09:58.256Z</time>
      </trkpt>
      <trkpt lat="45.701042" lon="4.607814">
        <ele>759.784709</ele>
        <time>2026-03-10T00:10:04.537Z</time>
      </trkpt>
      <trkpt lat="45.701105" lon="4.607901">
        <ele>760.121365</ele>
        <time>2026-03-10T00:10:09.405Z</time>
      </trkpt>
      <trkpt lat="45.701163" lon="4.607740">
        <ele>760.608003</ele>
        <time>2026-03-10T00:10:16.317Z</time>
      </trkpt>
      <trkpt lat="45.701192" lon="4.607576">
        <ele>761.062455</ele>
        <time>2026-03-10T00:10:22.997Z</time>
      </trkpt>
      <trkpt lat="45.701182" lon="4.607407">
        <ele>761.518063</ele>
        <time>2026-03-10T00:10:30.377Z</time>
      </trkpt>
      <trkpt lat="45.701493" lon="4.607492">
        <ele>762.735870</ele>
        <time>2026-03-10T00:10:49.373Z</time>
      </trkpt>
      <trkpt lat="45.701548" lon="4.607535">
        <ele>762.976899</ele>
        <time>2026-03-10T00:10:53.289Z</time>
      </trkpt>
      <trkpt lat="45.701631" lon="4.607534">
        <ele>763.296156</ele>
        <time>2026-03-10T00:10:58.439Z</time>
      </trkpt>
      <trkpt lat="45.701636" lon="4.607634">
        <ele>763.565469</ele>
        <time>2026-03-10T00:11:03.208Z</time>
      </trkpt>
      <trkpt lat="45.701764" lon="4.607894">
        <ele>764.419980</ele>
        <time>2026-03-10T00:11:18.071Z</time>
      </trkpt>
      <trkpt lat="45.701788" lon="4.607990">
        <ele>764.693885</ele>
        <time>2026-03-10T00:11:22.539Z</time>
      </trkpt>
      <trkpt lat="45.701783" lon="4.608054">
        <ele>764.866877</ele>
        <time>2026-03-10T00:11:25.337Z</time>
      </trkpt>
      <trkpt lat="45.701691" lon="4.608152">
        <ele>765.307923</ele>
        <time>2026-03-10T00:11:32.376Z</time>
      </trkpt>
      <trkpt lat="45.701663" lon="4.608232">
        <ele>765.548299</ele>
        <time>2026-03-10T00:11:36.147Z</time>
      </trkpt>
      <trkpt lat="45.701660" lon="4.608240">
        <ele>765.572691</ele>
        <time>2026-03-10T00:11:36.498Z</time>
      </trkpt>
      <trkpt lat="45.701636" lon="4.608511">
        <ele>766.270514</ele>
        <time>2026-03-10T00:11:47.923Z</time>
      </trkpt>
      <trkpt lat="45.701669" lon="4.608598">
        <ele>766.231228</ele>
        <time>2026-03-10T00:11:51.759Z</time>
      </trkpt>
      <trkpt lat="45.701678" lon="4.608796">
        <ele>766.152493</ele>
        <time>2026-03-10T00:11:58.975Z</time>
      </trkpt>
      <trkpt lat="45.701519" lon="4.608859">
        <ele>766.058758</ele>
        <time>2026-03-10T00:12:06.986Z</time>
      </trkpt>
      <trkpt lat="45.701472" lon="4.608919">
        <ele>766.022981</ele>
        <time>2026-03-10T00:12:09.995Z</time>
      </trkpt>
      <trkpt lat="45.701378" lon="4.609234">
        <ele>765.887053</ele>
        <time>2026-03-10T00:12:21.190Z</time>
      </trkpt>
      <trkpt lat="45.701216" lon="4.609469">
        <ele>765.756026</ele>
        <time>2026-03-10T00:12:31.801Z</time>
      </trkpt>
      <trkpt lat="45.700826" lon="4.610057">
        <ele>765.434244</ele>
        <time>2026-03-10T00:12:57.404Z</time>
      </trkpt>
      <trkpt lat="45.700725" lon="4.610103">
        <ele>765.374025</ele>
        <time>2026-03-10T00:13:02.127Z</time>
      </trkpt>
      <trkpt lat="45.700655" lon="4.610185">
        <ele>765.322637</ele>
        <time>2026-03-10T00:13:06.113Z</time>
      </trkpt>
      <trkpt lat="45.700567" lon="4.610433">
        <ele>765.393016</ele>
        <time>2026-03-10T00:13:14.695Z</time>
      </trkpt>
      <trkpt lat="45.700309" lon="4.612459">
        <ele>768.183701</ele>
        <time>2026-03-10T00:14:26.925Z</time>
      </trkpt>
      <trkpt lat="45.700331" lon="4.612992">
        <ele>769.070003</ele>
        <time>2026-03-10T00:14:52.278Z</time>
      </trkpt>
      <trkpt lat="45.700365" lon="4.613226">
        <ele>769.714955</ele>
        <time>2026-03-10T00:15:04.244Z</time>
      </trkpt>
      <trkpt lat="45.700336" lon="4.613485">
        <ele>770.422771</ele>
        <time>2026-03-10T00:15:17.304Z</time>
      </trkpt>
      <trkpt lat="45.700541" lon="4.613642">
        <ele>771.321006</ele>
        <time>2026-03-10T00:15:33.786Z</time>
      </trkpt>
      <trkpt lat="45.700567" lon="4.613693">
        <ele>771.491388</ele>
        <time>2026-03-10T00:15:36.852Z</time>
      </trkpt>
      <trkpt lat="45.700578" lon="4.613798">
        <ele>771.777892</ele>
        <time>2026-03-10T00:15:41.932Z</time>
      </trkpt>
      <trkpt lat="45.700641" lon="4.613877">
        <ele>772.101453</ele>
        <time>2026-03-10T00:15:47.749Z</time>
      </trkpt>
      <trkpt lat="45.700687" lon="4.614011">
        <ele>772.504358</ele>
        <time>2026-03-10T00:15:54.652Z</time>
      </trkpt>
      <trkpt lat="45.700695" lon="4.614432">
        <ele>773.640808</ele>
        <time>2026-03-10T00:16:12.202Z</time>
      </trkpt>
      <trkpt lat="45.700780" lon="4.614582">
        <ele>774.162043</ele>
        <time>2026-03-10T00:16:19.414Z</time>
      </trkpt>
      <trkpt lat="45.701101" lon="4.614780">
        <ele>775.512466</ele>
        <time>2026-03-10T00:16:36.003Z</time>
      </trkpt>
      <trkpt lat="45.701270" lon="4.614934">
        <ele>773.864737</ele>
        <time>2026-03-10T00:16:44.711Z</time>
      </trkpt>
      <trkpt lat="45.701476" lon="4.614982">
        <ele>771.383896</ele>
        <time>2026-03-10T00:16:53.379Z</time>
      </trkpt>
      <trkpt lat="45.701828" lon="4.615121">
        <ele>767.043629</ele>
        <time>2026-03-10T00:17:07.679Z</time>
      </trkpt>
      <trkpt lat="45.702124" lon="4.615136">
        <ele>763.523006</ele>
        <time>2026-03-10T00:17:18.910Z</time>
      </trkpt>
      <trkpt lat="45.702354" lon="4.615046">
        <ele>760.688849</ele>
        <time>2026-03-10T00:17:27.926Z</time>
      </trkpt>
      <trkpt lat="45.702571" lon="4.615125">
        <ele>758.027402</ele>
        <time>2026-03-10T00:17:36.329Z</time>
      </trkpt>
      <trkpt lat="45.702681" lon="4.615166">
        <ele>756.676309</ele>
        <time>2026-03-10T00:17:40.601Z</time>
      </trkpt>
      <trkpt lat="45.702803" lon="4.615128">
        <ele>755.192236</ele>
        <time>2026-03-10T00:17:45.256Z</time>
      </trkpt>
      <trkpt lat="45.702868" lon="4.615038">
        <ele>753.984462</ele>
        <time>2026-03-10T00:17:48.631Z</time>
      </trkpt>
      <trkpt lat="45.702864" lon="4.614915">
        <ele>752.265994</ele>
        <time>2026-03-10T00:17:51.840Z</time>
      </trkpt>
      <trkpt lat="45.703148" lon="4.614303">
        <ele>742.011199</ele>
        <time>2026-03-10T00:18:10.918Z</time>
      </trkpt>
      <trkpt lat="45.703180" lon="4.614130">
        <ele>739.513546</ele>
        <time>2026-03-10T00:18:15.566Z</time>
      </trkpt>
      <trkpt lat="45.703221" lon="4.614081">
        <ele>738.446331</ele>
        <time>2026-03-10T00:18:17.541Z</time>
      </trkpt>
      <trkpt lat="45.703262" lon="4.614075">
        <ele>737.622734</ele>
        <time>2026-03-10T00:18:19.082Z</time>
      </trkpt>
      <trkpt lat="45.703315" lon="4.614102">
        <ele>736.498568</ele>
        <time>2026-03-10T00:18:21.189Z</time>
      </trkpt>
      <trkpt lat="45.703683" lon="4.614633">
        <ele>726.058333</ele>
        <time>2026-03-10T00:18:40.666Z</time>
      </trkpt>
      <trkpt lat="45.704015" lon="4.615507">
        <ele>713.460433</ele>
        <time>2026-03-10T00:19:06.592Z</time>
      </trkpt>
      <trkpt lat="45.704242" lon="4.615783">
        <ele>708.745721</ele>
        <time>2026-03-10T00:19:17.787Z</time>
      </trkpt>
      <trkpt lat="45.704454" lon="4.615891">
        <ele>705.183217</ele>
        <time>2026-03-10T00:19:26.258Z</time>
      </trkpt>
      <trkpt lat="45.704667" lon="4.616095">
        <ele>701.126189</ele>
        <time>2026-03-10T00:19:35.915Z</time>
      </trkpt>
      <trkpt lat="45.704956" lon="4.616435">
        <ele>695.204474</ele>
        <time>2026-03-10T00:19:50.020Z</time>
      </trkpt>
      <trkpt lat="45.705197" lon="4.616558">
        <ele>691.153814</ele>
        <time>2026-03-10T00:19:59.667Z</time>
      </trkpt>
      <trkpt lat="45.705338" lon="4.616373">
        <ele>688.563622</ele>
        <time>2026-03-10T00:20:05.819Z</time>
      </trkpt>
      <trkpt lat="45.705480" lon="4.616271">
        <ele>686.671312</ele>
        <time>2026-03-10T00:20:10.907Z</time>
      </trkpt>
      <trkpt lat="45.705661" lon="4.616207">
        <ele>684.450579</ele>
        <time>2026-03-10T00:20:16.943Z</time>
      </trkpt>
      <trkpt lat="45.705994" lon="4.616204">
        <ele>680.483980</ele>
        <time>2026-03-10T00:20:27.706Z</time>
      </trkpt>
      <trkpt lat="45.706053" lon="4.616227">
        <ele>679.755627</ele>
        <time>2026-03-10T00:20:29.673Z</time>
      </trkpt>
      <trkpt lat="45.706592" lon="4.616675">
        <ele>672.332199</ele>
        <time>2026-03-10T00:20:50.176Z</time>
      </trkpt>
      <trkpt lat="45.706680" lon="4.616659">
        <ele>671.275574</ele>
        <time>2026-03-10T00:20:53.653Z</time>
      </trkpt>
      <trkpt lat="45.706706" lon="4.616519">
        <ele>670.070555</ele>
        <time>2026-03-10T00:20:57.561Z</time>
      </trkpt>
      <trkpt lat="45.707272" lon="4.615342">
        <ele>655.960995</ele>
        <time>2026-03-10T00:21:35.371Z</time>
      </trkpt>
      <trkpt lat="45.707492" lon="4.614590">
        <ele>647.713661</ele>
        <time>2026-03-10T00:21:56.784Z</time>
      </trkpt>
      <trkpt lat="45.707505" lon="4.614148">
        <ele>643.238700</ele>
        <time>2026-03-10T00:22:08.387Z</time>
      </trkpt>
      <trkpt lat="45.707581" lon="4.613727">
        <ele>638.362721</ele>
        <time>2026-03-10T00:22:19.774Z</time>
      </trkpt>
      <trkpt lat="45.707761" lon="4.613254">
        <ele>632.186067</ele>
        <time>2026-03-10T00:22:33.864Z</time>
      </trkpt>
      <trkpt lat="45.707864" lon="4.612830">
        <ele>627.038556</ele>
        <time>2026-03-10T00:22:45.628Z</time>
      </trkpt>
      <trkpt lat="45.708026" lon="4.612498">
        <ele>622.394451</ele>
        <time>2026-03-10T00:22:56.254Z</time>
      </trkpt>
      <trkpt lat="45.708222" lon="4.612183">
        <ele>617.556757</ele>
        <time>2026-03-10T00:23:07.300Z</time>
      </trkpt>
      <trkpt lat="45.708290" lon="4.612139">
        <ele>616.331505</ele>
        <time>2026-03-10T00:23:10.116Z</time>
      </trkpt>
      <trkpt lat="45.708523" lon="4.612312">
        <ele>612.377352</ele>
        <time>2026-03-10T00:23:19.957Z</time>
      </trkpt>
      <trkpt lat="45.708598" lon="4.612435">
        <ele>611.279719</ele>
        <time>2026-03-10T00:23:24.276Z</time>
      </trkpt>
      <trkpt lat="45.708639" lon="4.612415">
        <ele>610.862785</ele>
        <time>2026-03-10T00:23:25.915Z</time>
      </trkpt>
      <trkpt lat="45.708685" lon="4.612336">
        <ele>610.171367</ele>
        <time>2026-03-10T00:23:28.635Z</time>
      </trkpt>
      <trkpt lat="45.708971" lon="4.612046">
        <ele>606.798073</ele>
        <time>2026-03-10T00:23:42.078Z</time>
      </trkpt>
      <trkpt lat="45.709166" lon="4.611723">
        <ele>603.928006</ele>
        <time>2026-03-10T00:23:54.141Z</time>
      </trkpt>
      <trkpt lat="45.709247" lon="4.611542">
        <ele>602.482953</ele>
        <time>2026-03-10T00:24:00.369Z</time>
      </trkpt>
      <trkpt lat="45.709272" lon="4.611387">
        <ele>601.413641</ele>
        <time>2026-03-10T00:24:05.006Z</time>
      </trkpt>
      <trkpt lat="45.709256" lon="4.611246">
        <ele>600.453432</ele>
        <time>2026-03-10T00:24:09.180Z</time>
      </trkpt>
      <trkpt lat="45.709205" lon="4.611110">
        <ele>599.415786</ele>
        <time>2026-03-10T00:24:13.687Z</time>
      </trkpt>
      <trkpt lat="45.708942" lon="4.610870">
        <ele>596.413835</ele>
        <time>2026-03-10T00:24:26.672Z</time>
      </trkpt>
      <trkpt lat="45.708939" lon="4.610775">
        <ele>595.774606</ele>
        <time>2026-03-10T00:24:29.393Z</time>
      </trkpt>
      <trkpt lat="45.709011" lon="4.610597">
        <ele>593.717250</ele>
        <time>2026-03-10T00:24:35.307Z</time>
      </trkpt>
      <trkpt lat="45.709122" lon="4.610401">
        <ele>591.047263</ele>
        <time>2026-03-10T00:24:42.413Z</time>
      </trkpt>
      <trkpt lat="45.709229" lon="4.610355">
        <ele>589.354586</ele>
        <time>2026-03-10T00:24:46.865Z</time>
      </trkpt>
      <trkpt lat="45.709238" lon="4.610232">
        <ele>588.046093</ele>
        <time>2026-03-10T00:24:50.319Z</time>
      </trkpt>
      <trkpt lat="45.709319" lon="4.610082">
        <ele>586.039891</ele>
        <time>2026-03-10T00:24:55.477Z</time>
      </trkpt>
      <trkpt lat="45.709549" lon="4.609867">
        <ele>581.878349</ele>
        <time>2026-03-10T00:25:05.885Z</time>
      </trkpt>
      <trkpt lat="45.709834" lon="4.609502">
        <ele>576.085290</ele>
        <time>2026-03-10T00:25:20.203Z</time>
      </trkpt>
      <trkpt lat="45.710010" lon="4.609355">
        <ele>572.998240</ele>
        <time>2026-03-10T00:25:27.813Z</time>
      </trkpt>
      <trkpt lat="45.710471" lon="4.608799">
        <ele>563.050440</ele>
        <time>2026-03-10T00:25:50.737Z</time>
      </trkpt>
      <trkpt lat="45.710655" lon="4.608536">
        <ele>558.389183</ele>
        <time>2026-03-10T00:26:00.945Z</time>
      </trkpt>
      <trkpt lat="45.710871" lon="4.608413">
        <ele>554.221316</ele>
        <time>2026-03-10T00:26:09.734Z</time>
      </trkpt>
      <trkpt lat="45.711002" lon="4.608434">
        <ele>551.857791</ele>
        <time>2026-03-10T00:26:14.664Z</time>
      </trkpt>
      <trkpt lat="45.711192" lon="4.608628">
        <ele>547.673829</ele>
        <time>2026-03-10T00:26:22.078Z</time>
      </trkpt>
      <trkpt lat="45.711295" lon="4.608608">
        <ele>545.810121</ele>
        <time>2026-03-10T00:26:25.407Z</time>
      </trkpt>
      <trkpt lat="45.711346" lon="4.608631">
        <ele>544.851411</ele>
        <time>2026-03-10T00:26:27.101Z</time>
      </trkpt>
      <trkpt lat="45.711514" lon="4.608793">
        <ele>541.219931</ele>
        <time>2026-03-10T00:26:33.637Z</time>
      </trkpt>
      <trkpt lat="45.711600" lon="4.608608">
        <ele>538.437370</ele>
        <time>2026-03-10T00:26:38.644Z</time>
      </trkpt>
      <trkpt lat="45.711631" lon="4.608392">
        <ele>536.062597</ele>
        <time>2026-03-10T00:26:43.706Z</time>
      </trkpt>
      <trkpt lat="45.711623" lon="4.608019">
        <ele>536.031571</ele>
        <time>2026-03-10T00:26:52.832Z</time>
      </trkpt>
      <trkpt lat="45.711696" lon="4.607596">
        <ele>535.995344</ele>
        <time>2026-03-10T00:27:05.049Z</time>
      </trkpt>
      <trkpt lat="45.711731" lon="4.607187">
        <ele>535.961086</ele>
        <time>2026-03-10T00:27:19.604Z</time>
      </trkpt>
      <trkpt lat="45.711954" lon="4.605637">
        <ele>535.448226</ele>
        <time>2026-03-10T00:28:13.436Z</time>
      </trkpt>
      <trkpt lat="45.712316" lon="4.604175">
        <ele>533.033079</ele>
        <time>2026-03-10T00:28:53.951Z</time>
      </trkpt>
      <trkpt lat="45.712478" lon="4.602824">
        <ele>532.205798</ele>
        <time>2026-03-10T00:29:30.021Z</time>
      </trkpt>
      <trkpt lat="45.712209" lon="4.602068">
        <ele>532.718311</ele>
        <time>2026-03-10T00:29:55.209Z</time>
      </trkpt>
      <trkpt lat="45.712071" lon="4.601523">
        <ele>533.068482</ele>
        <time>2026-03-10T00:30:16.006Z</time>
      </trkpt>
      <trkpt lat="45.711749" lon="4.600975">
        <ele>533.110615</ele>
        <time>2026-03-10T00:30:41.153Z</time>
      </trkpt>
      <trkpt lat="45.711350" lon="4.600474">
        <ele>531.857803</ele>
        <time>2026-03-10T00:31:02.003Z</time>
      </trkpt>
      <trkpt lat="45.711377" lon="4.600389">
        <ele>531.703857</ele>
        <time>2026-03-10T00:31:04.905Z</time>
      </trkpt>
      <trkpt lat="45.711376" lon="4.600224">
        <ele>531.431833</ele>
        <time>2026-03-10T00:31:10.049Z</time>
      </trkpt>
      <trkpt lat="45.711315" lon="4.599935">
        <ele>530.934106</ele>
        <time>2026-03-10T00:31:19.486Z</time>
      </trkpt>
      <trkpt lat="45.711362" lon="4.599770">
        <ele>530.640329</ele>
        <time>2026-03-10T00:31:25.011Z</time>
      </trkpt>
      <trkpt lat="45.711542" lon="4.599521">
        <ele>530.049482</ele>
        <time>2026-03-10T00:31:36.100Z</time>
      </trkpt>
      <trkpt lat="45.711595" lon="4.599496">
        <ele>529.917741</ele>
        <time>2026-03-10T00:31:38.494Z</time>
      </trkpt>
      <trkpt lat="45.711639" lon="4.599487">
        <ele>529.812806</ele>
        <time>2026-03-10T00:31:40.404Z</time>
      </trkpt>
      <trkpt lat="45.711835" lon="4.599604">
        <ele>529.311476</ele>
        <time>2026-03-10T00:31:49.359Z</time>
      </trkpt>
      <trkpt lat="45.712147" lon="4.599736">
        <ele>528.184871</ele>
        <time>2026-03-10T00:32:02.859Z</time>
      </trkpt>
      <trkpt lat="45.712374" lon="4.599869">
        <ele>527.263548</ele>
        <time>2026-03-10T00:32:13.144Z</time>
      </trkpt>
      <trkpt lat="45.712550" lon="4.600030">
        <ele>526.479044</ele>
        <time>2026-03-10T00:32:22.244Z</time>
      </trkpt>
      <trkpt lat="45.712998" lon="4.600606">
        <ele>524.217452</ele>
        <time>2026-03-10T00:32:49.985Z</time>
      </trkpt>
      <trkpt lat="45.713313" lon="4.601222">
        <ele>522.622117</ele>
        <time>2026-03-10T00:33:12.903Z</time>
      </trkpt>
      <trkpt lat="45.713399" lon="4.601496">
        <ele>523.631267</ele>
        <time>2026-03-10T00:33:22.661Z</time>
      </trkpt>
      <trkpt lat="45.713441" lon="4.601714">
        <ele>524.390947</ele>
        <time>2026-03-10T00:33:30.234Z</time>
      </trkpt>
      <trkpt lat="45.713449" lon="4.602232">
        <ele>526.131462</ele>
        <time>2026-03-10T00:33:48.929Z</time>
      </trkpt>
      <trkpt lat="45.713475" lon="4.602425">
        <ele>526.791753</ele>
        <time>2026-03-10T00:33:56.774Z</time>
      </trkpt>
      <trkpt lat="45.713523" lon="4.602522">
        <ele>527.191131</ele>
        <time>2026-03-10T00:34:01.822Z</time>
      </trkpt>
      <trkpt lat="45.713583" lon="4.602587">
        <ele>527.553071</ele>
        <time>2026-03-10T00:34:06.394Z</time>
      </trkpt>
      <trkpt lat="45.713751" lon="4.602649">
        <ele>528.387717</ele>
        <time>2026-03-10T00:34:17.830Z</time>
      </trkpt>
      <trkpt lat="45.714087" lon="4.602938">
        <ele>530.273321</ele>
        <time>2026-03-10T00:34:45.501Z</time>
      </trkpt>
      <trkpt lat="45.714471" lon="4.603167">
        <ele>534.050121</ele>
        <time>2026-03-10T00:35:24.050Z</time>
      </trkpt>
      <trkpt lat="45.714545" lon="4.603154">
        <ele>534.927472</ele>
        <time>2026-03-10T00:35:31.940Z</time>
      </trkpt>
      <trkpt lat="45.715337" lon="4.602748">
        <ele>544.826677</ele>
        <time>2026-03-10T00:36:51.629Z</time>
      </trkpt>
      <trkpt lat="45.715518" lon="4.602556">
        <ele>547.477268</ele>
        <time>2026-03-10T00:37:11.227Z</time>
      </trkpt>
      <trkpt lat="45.716138" lon="4.602007">
        <ele>552.859622</ele>
        <time>2026-03-10T00:37:57.468Z</time>
      </trkpt>
      <trkpt lat="45.716497" lon="4.601756">
        <ele>553.650992</ele>
        <time>2026-03-10T00:38:17.926Z</time>
      </trkpt>
      <trkpt lat="45.716622" lon="4.601875">
        <ele>553.948320</ele>
        <time>2026-03-10T00:38:24.090Z</time>
      </trkpt>
      <trkpt lat="45.716768" lon="4.602303">
        <ele>554.607163</ele>
        <time>2026-03-10T00:38:37.590Z</time>
      </trkpt>
      <trkpt lat="45.716867" lon="4.602874">
        <ele>555.420900</ele>
        <time>2026-03-10T00:38:54.151Z</time>
      </trkpt>
      <trkpt lat="45.716910" lon="4.602975">
        <ele>555.584515</ele>
        <time>2026-03-10T00:38:57.451Z</time>
      </trkpt>
      <trkpt lat="45.717264" lon="4.603470">
        <ele>556.390245</ele>
        <time>2026-03-10T00:39:18.372Z</time>
      </trkpt>
      <trkpt lat="45.717598" lon="4.603832">
        <ele>557.036600</ele>
        <time>2026-03-10T00:39:37.298Z</time>
      </trkpt>
      <trkpt lat="45.717879" lon="4.604204">
        <ele>557.627086</ele>
        <time>2026-03-10T00:39:54.002Z</time>
      </trkpt>
      <trkpt lat="45.717920" lon="4.604358">
        <ele>557.804663</ele>
        <time>2026-03-10T00:39:59.240Z</time>
      </trkpt>
      <trkpt lat="45.717846" lon="4.604513">
        <ele>558.006972</ele>
        <time>2026-03-10T00:40:05.235Z</time>
      </trkpt>
      <trkpt lat="45.717753" lon="4.604614">
        <ele>558.187077</ele>
        <time>2026-03-10T00:40:10.496Z</time>
      </trkpt>
      <trkpt lat="45.717389" lon="4.604844">
        <ele>559.283646</ele>
        <time>2026-03-10T00:40:28.018Z</time>
      </trkpt>
      <trkpt lat="45.717365" lon="4.604922">
        <ele>559.553053</ele>
        <time>2026-03-10T00:40:30.648Z</time>
      </trkpt>
      <trkpt lat="45.717498" lon="4.605311">
        <ele>560.922040</ele>
        <time>2026-03-10T00:40:43.448Z</time>
      </trkpt>
      <trkpt lat="45.717501" lon="4.605318">
        <ele>560.948000</ele>
        <time>2026-03-10T00:40:43.698Z</time>
      </trkpt>
      <trkpt lat="45.717569" lon="4.605608">
        <ele>561.914892</ele>
        <time>2026-03-10T00:40:53.006Z</time>
      </trkpt>
      <trkpt lat="45.717792" lon="4.605792">
        <ele>563.079910</ele>
        <time>2026-03-10T00:41:04.525Z</time>
      </trkpt>
      <trkpt lat="45.717808" lon="4.605841">
        <ele>563.250880</ele>
        <time>2026-03-10T00:41:06.423Z</time>
      </trkpt>
      <trkpt lat="45.717912" lon="4.606153">
        <ele>564.343610</ele>
        <time>2026-03-10T00:41:18.604Z</time>
      </trkpt>
      <trkpt lat="45.717981" lon="4.606117">
        <ele>564.676041</ele>
        <time>2026-03-10T00:41:23.171Z</time>
      </trkpt>
      <trkpt lat="45.717912" lon="4.606153">
        <ele>565.008472</ele>
        <time>2026-03-10T00:41:27.105Z</time>
      </trkpt>
      <trkpt lat="45.717808" lon="4.605841">
        <ele>566.101201</ele>
        <time>2026-03-10T00:41:41.434Z</time>
      </trkpt>
      <trkpt lat="45.717831" lon="4.605825">
        <ele>566.216950</ele>
        <time>2026-03-10T00:41:43.085Z</time>
      </trkpt>
      <trkpt lat="45.717860" lon="4.605760">
        <ele>566.460752</ele>
        <time>2026-03-10T00:41:46.108Z</time>
      </trkpt>
      <trkpt lat="45.717916" lon="4.605780">
        <ele>566.792179</ele>
        <time>2026-03-10T00:41:50.460Z</time>
      </trkpt>
      <trkpt lat="45.717958" lon="4.605614">
        <ele>568.727484</ele>
        <time>2026-03-10T00:41:57.981Z</time>
      </trkpt>
      <trkpt lat="45.718045" lon="4.605465">
        <ele>570.856507</ele>
        <time>2026-03-10T00:42:06.668Z</time>
      </trkpt>
      <trkpt lat="45.718075" lon="4.605533">
        <ele>571.738182</ele>
        <time>2026-03-10T00:42:11.394Z</time>
      </trkpt>
      <trkpt lat="45.718046" lon="4.605671">
        <ele>573.317821</ele>
        <time>2026-03-10T00:42:19.186Z</time>
      </trkpt>
      <trkpt lat="45.718608" lon="4.606138">
        <ele>583.518045</ele>
        <time>2026-03-10T00:43:19.827Z</time>
      </trkpt>
      <trkpt lat="45.718646" lon="4.606109">
        <ele>584.194009</ele>
        <time>2026-03-10T00:43:24.294Z</time>
      </trkpt>
      <trkpt lat="45.718772" lon="4.606068">
        <ele>586.222498</ele>
        <time>2026-03-10T00:43:38.098Z</time>
      </trkpt>
      <trkpt lat="45.718829" lon="4.605994">
        <ele>587.430236</ele>
        <time>2026-03-10T00:43:46.532Z</time>
      </trkpt>
      <trkpt lat="45.718958" lon="4.605979">
        <ele>589.462079</ele>
        <time>2026-03-10T00:44:00.958Z</time>
      </trkpt>
      <trkpt lat="45.719428" lon="4.606097">
        <ele>598.211305</ele>
        <time>2026-03-10T00:45:00.679Z</time>
      </trkpt>
      <trkpt lat="45.719670" lon="4.606163">
        <ele>604.484581</ele>
        <time>2026-03-10T00:45:34.188Z</time>
      </trkpt>
      <trkpt lat="45.720168" lon="4.606298">
        <ele>617.391336</ele>
        <time>2026-03-10T00:46:46.694Z</time>
      </trkpt>
      <trkpt lat="45.720347" lon="4.606172">
        <ele>622.470297</ele>
        <time>2026-03-10T00:47:16.145Z</time>
      </trkpt>
      <trkpt lat="45.720760" lon="4.606137">
        <ele>633.005779</ele>
        <time>2026-03-10T00:48:17.997Z</time>
      </trkpt>
      <trkpt lat="45.721013" lon="4.605824">
        <ele>641.583902</ele>
        <time>2026-03-10T00:49:07.764Z</time>
      </trkpt>
      <trkpt lat="45.721174" lon="4.605428">
        <ele>650.404628</ele>
        <time>2026-03-10T00:49:56.016Z</time>
      </trkpt>
      <trkpt lat="45.721353" lon="4.604611">
        <ele>666.886857</ele>
        <time>2026-03-10T00:51:26.577Z</time>
      </trkpt>
      <trkpt lat="45.722489" lon="4.604993">
        <ele>698.545684</ele>
        <time>2026-03-10T00:54:24.800Z</time>
      </trkpt>
      <trkpt lat="45.723207" lon="4.605326">
        <ele>718.131219</ele>
        <time>2026-03-10T00:56:18.138Z</time>
      </trkpt>
      <trkpt lat="45.723560" lon="4.605334">
        <ele>727.293235</ele>
        <time>2026-03-10T00:57:08.198Z</time>
      </trkpt>
      <trkpt lat="45.724111" lon="4.604794">
        <ele>741.870657</ele>
        <time>2026-03-10T00:58:36.805Z</time>
      </trkpt>
      <trkpt lat="45.724215" lon="4.604589">
        <ele>744.805510</ele>
        <time>2026-03-10T00:58:58.621Z</time>
      </trkpt>
      <trkpt lat="45.724219" lon="4.604356">
        <ele>747.504772</ele>
        <time>2026-03-10T00:59:17.601Z</time>
      </trkpt>
      <trkpt lat="45.724022" lon="4.603918">
        <ele>753.539019</ele>
        <time>2026-03-10T00:59:56.759Z</time>
      </trkpt>
      <trkpt lat="45.724017" lon="4.603638">
        <ele>756.782858</ele>
        <time>2026-03-10T01:00:15.715Z</time>
      </trkpt>
      <trkpt lat="45.724050" lon="4.603460">
        <ele>758.915792</ele>
        <time>2026-03-10T01:00:27.352Z</time>
      </trkpt>
      <trkpt lat="45.724191" lon="4.603302">
        <ele>761.885608</ele>
        <time>2026-03-10T01:00:42.625Z</time>
      </trkpt>
      <trkpt lat="45.724641" lon="4.603114">
        <ele>767.201364</ele>
        <time>2026-03-10T01:01:17.042Z</time>
      </trkpt>
      <trkpt lat="45.724924" lon="4.602877">
        <ele>767.899188</ele>
        <time>2026-03-10T01:01:37.745Z</time>
      </trkpt>
      <trkpt lat="45.725266" lon="4.602832">
        <ele>768.630272</ele>
        <time>2026-03-10T01:01:57.404Z</time>
      </trkpt>
      <trkpt lat="45.725493" lon="4.602857">
        <ele>769.114916</ele>
        <time>2026-03-10T01:02:09.383Z</time>
      </trkpt>
      <trkpt lat="45.726210" lon="4.603145">
        <ele>770.568586</ele>
        <time>2026-03-10T01:02:43.146Z</time>
      </trkpt>
      <trkpt lat="45.726407" lon="4.603599">
        <ele>768.111149</ele>
        <time>2026-03-10T01:02:56.532Z</time>
      </trkpt>
      <trkpt lat="45.726440" lon="4.603691">
        <ele>767.635649</ele>
        <time>2026-03-10T01:02:59.164Z</time>
      </trkpt>
      <trkpt lat="45.726422" lon="4.604248">
        <ele>765.072309</ele>
        <time>2026-03-10T01:03:12.852Z</time>
      </trkpt>
      <trkpt lat="45.726441" lon="4.604640">
        <ele>763.265899</ele>
        <time>2026-03-10T01:03:22.351Z</time>
      </trkpt>
      <trkpt lat="45.726518" lon="4.605071">
        <ele>761.220685</ele>
        <time>2026-03-10T01:03:32.980Z</time>
      </trkpt>
      <trkpt lat="45.726737" lon="4.606037">
        <ele>755.321294</ele>
        <time>2026-03-10T01:03:57.588Z</time>
      </trkpt>
      <trkpt lat="45.726739" lon="4.606045">
        <ele>755.261074</ele>
        <time>2026-03-10T01:03:57.804Z</time>
      </trkpt>
      <trkpt lat="45.726847" lon="4.606361">
        <ele>752.767693</ele>
        <time>2026-03-10T01:04:06.391Z</time>
      </trkpt>
      <trkpt lat="45.727062" lon="4.606806">
        <ele>748.932485</ele>
        <time>2026-03-10T01:04:19.099Z</time>
      </trkpt>
      <trkpt lat="45.727067" lon="4.607074">
        <ele>747.032581</ele>
        <time>2026-03-10T01:04:25.174Z</time>
      </trkpt>
      <trkpt lat="45.727047" lon="4.607231">
        <ele>745.901601</ele>
        <time>2026-03-10T01:04:28.764Z</time>
      </trkpt>
      <trkpt lat="45.726948" lon="4.607736">
        <ele>742.184391</ele>
        <time>2026-03-10T01:04:40.563Z</time>
      </trkpt>
      <trkpt lat="45.726863" lon="4.608062">
        <ele>739.589521</ele>
        <time>2026-03-10T01:04:48.394Z</time>
      </trkpt>
      <trkpt lat="45.726811" lon="4.608176">
        <ele>738.477583</ele>
        <time>2026-03-10T01:04:51.437Z</time>
      </trkpt>
      <trkpt lat="45.726639" lon="4.608383">
        <ele>735.849977</ele>
        <time>2026-03-10T01:04:58.628Z</time>
      </trkpt>
      <trkpt lat="45.726502" lon="4.608617">
        <ele>733.356274</ele>
        <time>2026-03-10T01:05:05.473Z</time>
      </trkpt>
      <trkpt lat="45.726173" lon="4.609770">
        <ele>723.185529</ele>
        <time>2026-03-10T01:05:33.560Z</time>
      </trkpt>
      <trkpt lat="45.726160" lon="4.609910">
        <ele>722.032310</ele>
        <time>2026-03-10T01:05:36.881Z</time>
      </trkpt>
      <trkpt lat="45.726182" lon="4.609988">
        <ele>721.345392</ele>
        <time>2026-03-10T01:05:38.877Z</time>
      </trkpt>
      <trkpt lat="45.726233" lon="4.610052">
        <ele>720.552332</ele>
        <time>2026-03-10T01:05:41.173Z</time>
      </trkpt>
      <trkpt lat="45.726489" lon="4.610187">
        <ele>717.912125</ele>
        <time>2026-03-10T01:05:50.530Z</time>
      </trkpt>
      <trkpt lat="45.726587" lon="4.610159">
        <ele>717.040640</ele>
        <time>2026-03-10T01:05:53.960Z</time>
      </trkpt>
      <trkpt lat="45.727276" lon="4.609513">
        <ele>709.859311</ele>
        <time>2026-03-10T01:06:21.618Z</time>
      </trkpt>
      <trkpt lat="45.727471" lon="4.609401">
        <ele>708.027132</ele>
        <time>2026-03-10T01:06:28.458Z</time>
      </trkpt>
      <trkpt lat="45.727549" lon="4.609385">
        <ele>707.339961</ele>
        <time>2026-03-10T01:06:31.078Z</time>
      </trkpt>
      <trkpt lat="45.727778" lon="4.609428">
        <ele>705.325784</ele>
        <time>2026-03-10T01:06:38.781Z</time>
      </trkpt>
      <trkpt lat="45.727977" lon="4.609566">
        <ele>703.884809</ele>
        <time>2026-03-10T01:06:46.412Z</time>
      </trkpt>
      <trkpt lat="45.728221" lon="4.609967">
        <ele>704.213555</ele>
        <time>2026-03-10T01:06:59.809Z</time>
      </trkpt>
      <trkpt lat="45.728393" lon="4.610151">
        <ele>704.403598</ele>
        <time>2026-03-10T01:07:07.948Z</time>
      </trkpt>
      <trkpt lat="45.728889" lon="4.610288">
        <ele>704.850793</ele>
        <time>2026-03-10T01:07:29.306Z</time>
      </trkpt>
      <trkpt lat="45.728890" lon="4.610289">
        <ele>704.851873</ele>
        <time>2026-03-10T01:07:29.364Z</time>
      </trkpt>
      <trkpt lat="45.729154" lon="4.610476">
        <ele>705.112601</ele>
        <time>2026-03-10T01:07:44.267Z</time>
      </trkpt>
      <trkpt lat="45.729363" lon="4.610566">
        <ele>705.305806</ele>
        <time>2026-03-10T01:07:56.927Z</time>
      </trkpt>
      <trkpt lat="45.729703" lon="4.610581">
        <ele>707.723800</ele>
        <time>2026-03-10T01:08:18.621Z</time>
      </trkpt>
      <trkpt lat="45.730386" lon="4.610297">
        <ele>715.982369</ele>
        <time>2026-03-10T01:09:07.498Z</time>
      </trkpt>
      <trkpt lat="45.730523" lon="4.610229">
        <ele>717.666041</ele>
        <time>2026-03-10T01:09:17.940Z</time>
      </trkpt>
      <trkpt lat="45.730675" lon="4.610105">
        <ele>719.697238</ele>
        <time>2026-03-10T01:09:30.824Z</time>
      </trkpt>
      <trkpt lat="45.730775" lon="4.609952">
        <ele>721.396215</ele>
        <time>2026-03-10T01:09:41.777Z</time>
      </trkpt>
      <trkpt lat="45.731021" lon="4.609242">
        <ele>728.149142</ele>
        <time>2026-03-10T01:10:24.621Z</time>
      </trkpt>
      <trkpt lat="45.730866" lon="4.608326">
        <ele>737.456126</ele>
        <time>2026-03-10T01:11:26.946Z</time>
      </trkpt>
      <trkpt lat="45.730528" lon="4.607635">
        <ele>745.787945</ele>
        <time>2026-03-10T01:12:21.506Z</time>
      </trkpt>
      <trkpt lat="45.730247" lon="4.606817">
        <ele>754.826955</ele>
        <time>2026-03-10T01:13:16.977Z</time>
      </trkpt>
      <trkpt lat="45.729990" lon="4.605836">
        <ele>765.298364</ele>
        <time>2026-03-10T01:14:22.163Z</time>
      </trkpt>
      <trkpt lat="45.729857" lon="4.605548">
        <ele>768.749373</ele>
        <time>2026-03-10T01:14:44.702Z</time>
      </trkpt>
      <trkpt lat="45.729821" lon="4.605377">
        <ele>770.534313</ele>
        <time>2026-03-10T01:14:56.547Z</time>
      </trkpt>
      <trkpt lat="45.729649" lon="4.604892">
        <ele>775.970889</ele>
        <time>2026-03-10T01:15:33.227Z</time>
      </trkpt>
      <trkpt lat="45.729515" lon="4.604628">
        <ele>779.112080</ele>
        <time>2026-03-10T01:15:55.552Z</time>
      </trkpt>
      <trkpt lat="45.729249" lon="4.604274">
        <ele>783.944615</ele>
        <time>2026-03-10T01:16:31.071Z</time>
      </trkpt>
      <trkpt lat="45.729017" lon="4.604078">
        <ele>787.529576</ele>
        <time>2026-03-10T01:16:56.822Z</time>
      </trkpt>
      <trkpt lat="45.728724" lon="4.603770">
        <ele>792.366791</ele>
        <time>2026-03-10T01:17:29.655Z</time>
      </trkpt>
      <trkpt lat="45.728363" lon="4.603345">
        <ele>798.586210</ele>
        <time>2026-03-10T01:18:08.620Z</time>
      </trkpt>
      <trkpt lat="45.727927" lon="4.602762">
        <ele>804.730760</ele>
        <time>2026-03-10T01:18:53.397Z</time>
      </trkpt>
      <trkpt lat="45.727692" lon="4.602403">
        <ele>807.685832</ele>
        <time>2026-03-10T01:19:18.704Z</time>
      </trkpt>
      <trkpt lat="45.727321" lon="4.602006">
        <ele>811.669031</ele>
        <time>2026-03-10T01:19:53.154Z</time>
      </trkpt>
      <trkpt lat="45.727282" lon="4.601852">
        <ele>812.652691</ele>
        <time>2026-03-10T01:20:01.198Z</time>
      </trkpt>
      <trkpt lat="45.727294" lon="4.601670">
        <ele>813.750372</ele>
        <time>2026-03-10T01:20:09.933Z</time>
      </trkpt>
      <trkpt lat="45.727498" lon="4.601229">
        <ele>816.925010</ele>
        <time>2026-03-10T01:20:34.035Z</time>
      </trkpt>
      <trkpt lat="45.727715" lon="4.600923">
        <ele>817.299176</ele>
        <time>2026-03-10T01:20:52.669Z</time>
      </trkpt>
      <trkpt lat="45.728221" lon="4.600850">
        <ele>817.924097</ele>
        <time>2026-03-10T01:21:21.227Z</time>
      </trkpt>
      <trkpt lat="45.728673" lon="4.600675">
        <ele>818.499444</ele>
        <time>2026-03-10T01:21:45.157Z</time>
      </trkpt>
      <trkpt lat="45.729134" lon="4.600562">
        <ele>819.074156</ele>
        <time>2026-03-10T01:22:06.205Z</time>
      </trkpt>
      <trkpt lat="45.729414" lon="4.600454">
        <ele>817.113146</ele>
        <time>2026-03-10T01:22:18.403Z</time>
      </trkpt>
      <trkpt lat="45.729770" lon="4.600463">
        <ele>814.120863</ele>
        <time>2026-03-10T01:22:32.839Z</time>
      </trkpt>
      <trkpt lat="45.730069" lon="4.600624">
        <ele>811.436436</ele>
        <time>2026-03-10T01:22:45.469Z</time>
      </trkpt>
      <trkpt lat="45.730326" lon="4.600847">
        <ele>808.911326</ele>
        <time>2026-03-10T01:22:57.107Z</time>
      </trkpt>
      <trkpt lat="45.730536" lon="4.601087">
        <ele>806.653707</ele>
        <time>2026-03-10T01:23:07.347Z</time>
      </trkpt>
      <trkpt lat="45.730664" lon="4.601291">
        <ele>805.044584</ele>
        <time>2026-03-10T01:23:14.603Z</time>
      </trkpt>
      <trkpt lat="45.731094" lon="4.601814">
        <ele>802.747591</ele>
        <time>2026-03-10T01:23:36.679Z</time>
      </trkpt>
      <trkpt lat="45.731140" lon="4.601942">
        <ele>802.458529</ele>
        <time>2026-03-10T01:23:40.837Z</time>
      </trkpt>
      <trkpt lat="45.731219" lon="4.602062">
        <ele>802.127338</ele>
        <time>2026-03-10T01:23:45.618Z</time>
      </trkpt>
      <trkpt lat="45.731221" lon="4.602065">
        <ele>802.119009</ele>
        <time>2026-03-10T01:23:45.749Z</time>
      </trkpt>
      <trkpt lat="45.731317" lon="4.602298">
        <ele>801.575771</ele>
        <time>2026-03-10T01:23:53.930Z</time>
      </trkpt>
      <trkpt lat="45.731828" lon="4.603308">
        <ele>799.071225</ele>
        <time>2026-03-10T01:24:36.180Z</time>
      </trkpt>
      <trkpt lat="45.732329" lon="4.603841">
        <ele>803.325582</ele>
        <time>2026-03-10T01:25:15.349Z</time>
      </trkpt>
      <trkpt lat="45.733262" lon="4.604444">
        <ele>811.731195</ele>
        <time>2026-03-10T01:26:35.647Z</time>
      </trkpt>
      <trkpt lat="45.733897" lon="4.604611">
        <ele>815.055093</ele>
        <time>2026-03-10T01:27:26.581Z</time>
      </trkpt>
      <trkpt lat="45.734409" lon="4.604570">
        <ele>816.828356</ele>
        <time>2026-03-10T01:27:58.740Z</time>
      </trkpt>
      <trkpt lat="45.734671" lon="4.604517">
        <ele>817.743340</ele>
        <time>2026-03-10T01:28:12.792Z</time>
      </trkpt>
      <trkpt lat="45.735052" lon="4.604440">
        <ele>819.073884</ele>
        <time>2026-03-10T01:28:31.050Z</time>
      </trkpt>
      <trkpt lat="45.735584" lon="4.604500">
        <ele>818.495458</ele>
        <time>2026-03-10T01:28:54.076Z</time>
      </trkpt>
      <trkpt lat="45.736225" lon="4.604666">
        <ele>815.707444</ele>
        <time>2026-03-10T01:29:20.503Z</time>
      </trkpt>
      <trkpt lat="45.736613" lon="4.604407">
        <ele>813.875361</ele>
        <time>2026-03-10T01:29:38.838Z</time>
      </trkpt>
      <trkpt lat="45.736726" lon="4.604389">
        <ele>813.388728</ele>
        <time>2026-03-10T01:29:44.010Z</time>
      </trkpt>
      <trkpt lat="45.736812" lon="4.604540">
        <ele>812.806517</ele>
        <time>2026-03-10T01:29:50.298Z</time>
      </trkpt>
      <trkpt lat="45.737016" lon="4.604626">
        <ele>812.230174</ele>
        <time>2026-03-10T01:30:00.440Z</time>
      </trkpt>
      <trkpt lat="45.737395" lon="4.604311">
        <ele>812.948813</ele>
        <time>2026-03-10T01:30:22.628Z</time>
      </trkpt>
      <trkpt lat="45.737667" lon="4.603974">
        <ele>813.538603</ele>
        <time>2026-03-10T01:30:41.969Z</time>
      </trkpt>
      <trkpt lat="45.737791" lon="4.603604">
        <ele>814.008456</ele>
        <time>2026-03-10T01:30:57.926Z</time>
      </trkpt>
      <trkpt lat="45.737963" lon="4.602150">
        <ele>814.513861</ele>
        <time>2026-03-10T01:31:52.374Z</time>
      </trkpt>
      <trkpt lat="45.738079" lon="4.602272">
        <ele>814.291408</ele>
        <time>2026-03-10T01:31:58.336Z</time>
      </trkpt>
      <trkpt lat="45.738095" lon="4.602160">
        <ele>814.168059</ele>
        <time>2026-03-10T01:32:02.184Z</time>
      </trkpt>
      <trkpt lat="45.738642" lon="4.601802">
        <ele>813.238396</ele>
        <time>2026-03-10T01:32:29.994Z</time>
      </trkpt>
      <trkpt lat="45.738887" lon="4.601721">
        <ele>812.849693</ele>
        <time>2026-03-10T01:32:40.930Z</time>
      </trkpt>
      <trkpt lat="45.739001" lon="4.601625">
        <ele>812.645274</ele>
        <time>2026-03-10T01:32:46.673Z</time>
      </trkpt>
      <trkpt lat="45.739074" lon="4.601496">
        <ele>812.466088</ele>
        <time>2026-03-10T01:32:51.642Z</time>
      </trkpt>
      <trkpt lat="45.739095" lon="4.601327">
        <ele>812.272491</ele>
        <time>2026-03-10T01:32:56.825Z</time>
      </trkpt>
      <trkpt lat="45.738995" lon="4.600748">
        <ele>811.423824</ele>
        <time>2026-03-10T01:33:14.882Z</time>
      </trkpt>
      <trkpt lat="45.738997" lon="4.600490">
        <ele>811.056711</ele>
        <time>2026-03-10T01:33:22.813Z</time>
      </trkpt>
      <trkpt lat="45.739068" lon="4.599933">
        <ele>810.251086</ele>
        <time>2026-03-10T01:33:40.508Z</time>
      </trkpt>
      <trkpt lat="45.739219" lon="4.599443">
        <ele>809.488964</ele>
        <time>2026-03-10T01:33:57.729Z</time>
      </trkpt>
      <trkpt lat="45.739473" lon="4.598881">
        <ele>808.698342</ele>
        <time>2026-03-10T01:34:21.532Z</time>
      </trkpt>
      <trkpt lat="45.739949" lon="4.598132">
        <ele>809.500772</ele>
        <time>2026-03-10T01:34:59.567Z</time>
      </trkpt>
      <trkpt lat="45.740393" lon="4.597715">
        <ele>810.103319</ele>
        <time>2026-03-10T01:35:25.695Z</time>
      </trkpt>
      <trkpt lat="45.740574" lon="4.597537">
        <ele>810.352485</ele>
        <time>2026-03-10T01:35:35.761Z</time>
      </trkpt>
      <trkpt lat="45.740579" lon="4.597532">
        <ele>810.359405</ele>
        <time>2026-03-10T01:35:36.079Z</time>
      </trkpt>
      <trkpt lat="45.740710" lon="4.597354">
        <ele>810.564313</ele>
        <time>2026-03-10T01:35:44.701Z</time>
      </trkpt>
      <trkpt lat="45.741035" lon="4.597038">
        <ele>812.104850</ele>
        <time>2026-03-10T01:36:04.640Z</time>
      </trkpt>
      <trkpt lat="45.741112" lon="4.597095">
        <ele>812.531293</ele>
        <time>2026-03-10T01:36:09.371Z</time>
      </trkpt>
      <trkpt lat="45.741147" lon="4.596656">
        <ele>814.048593</ele>
        <time>2026-03-10T01:36:26.715Z</time>
      </trkpt>
      <trkpt lat="45.741112" lon="4.597095">
        <ele>815.565894</ele>
        <time>2026-03-10T01:36:44.842Z</time>
      </trkpt>
      <trkpt lat="45.741038" lon="4.597683">
        <ele>817.617614</ele>
        <time>2026-03-10T01:37:11.227Z</time>
      </trkpt>
      <trkpt lat="45.741021" lon="4.597815">
        <ele>818.078547</ele>
        <time>2026-03-10T01:37:17.559Z</time>
      </trkpt>
      <trkpt lat="45.741048" lon="4.598243">
        <ele>819.545130</ele>
        <time>2026-03-10T01:37:39.329Z</time>
      </trkpt>
      <trkpt lat="45.740988" lon="4.598579">
        <ele>820.251121</ele>
        <time>2026-03-10T01:37:58.200Z</time>
      </trkpt>
      <trkpt lat="45.740767" lon="4.599068">
        <ele>821.437011</ele>
        <time>2026-03-10T01:38:25.186Z</time>
      </trkpt>
      <trkpt lat="45.740723" lon="4.599299">
        <ele>821.924433</ele>
        <time>2026-03-10T01:38:35.072Z</time>
      </trkpt>
      <trkpt lat="45.740713" lon="4.599645">
        <ele>822.629354</ele>
        <time>2026-03-10T01:38:48.072Z</time>
      </trkpt>
      <trkpt lat="45.740663" lon="4.600005">
        <ele>823.376540</ele>
        <time>2026-03-10T01:39:00.780Z</time>
      </trkpt>
      <trkpt lat="45.740737" lon="4.600451">
        <ele>824.309721</ele>
        <time>2026-03-10T01:39:15.807Z</time>
      </trkpt>
      <trkpt lat="45.740727" lon="4.600787">
        <ele>824.241259</ele>
        <time>2026-03-10T01:39:26.470Z</time>
      </trkpt>
      <trkpt lat="45.740845" lon="4.601271">
        <ele>821.652032</ele>
        <time>2026-03-10T01:39:41.665Z</time>
      </trkpt>
      <trkpt lat="45.740934" lon="4.601632">
        <ele>819.718446</ele>
        <time>2026-03-10T01:39:52.565Z</time>
      </trkpt>
      <trkpt lat="45.741276" lon="4.601979">
        <ele>816.685943</ele>
        <time>2026-03-10T01:40:09.412Z</time>
      </trkpt>
      <trkpt lat="45.741460" lon="4.602165">
        <ele>815.056435</ele>
        <time>2026-03-10T01:40:18.338Z</time>
      </trkpt>
      <trkpt lat="45.741526" lon="4.602385">
        <ele>813.847068</ele>
        <time>2026-03-10T01:40:24.995Z</time>
      </trkpt>
      <trkpt lat="45.741551" lon="4.602607">
        <ele>812.711402</ele>
        <time>2026-03-10T01:40:31.262Z</time>
      </trkpt>
      <trkpt lat="45.741467" lon="4.603164">
        <ele>808.307631</ele>
        <time>2026-03-10T01:40:46.985Z</time>
      </trkpt>
      <trkpt lat="45.741487" lon="4.603735">
        <ele>803.136087</ele>
        <time>2026-03-10T01:41:02.170Z</time>
      </trkpt>
      <trkpt lat="45.741614" lon="4.604287">
        <ele>797.878585</ele>
        <time>2026-03-10T01:41:17.577Z</time>
      </trkpt>
      <trkpt lat="45.742120" lon="4.605157">
        <ele>787.329107</ele>
        <time>2026-03-10T01:41:47.329Z</time>
      </trkpt>
      <trkpt lat="45.742570" lon="4.605613">
        <ele>777.510041</ele>
        <time>2026-03-10T01:42:07.913Z</time>
      </trkpt>
      <trkpt lat="45.743157" lon="4.605825">
        <ele>766.725367</ele>
        <time>2026-03-10T01:42:30.572Z</time>
      </trkpt>
      <trkpt lat="45.743933" lon="4.606448">
        <ele>751.755693</ele>
        <time>2026-03-10T01:43:03.853Z</time>
      </trkpt>
      <trkpt lat="45.744918" lon="4.607102">
        <ele>735.484071</ele>
        <time>2026-03-10T01:43:44.738Z</time>
      </trkpt>
      <trkpt lat="45.744982" lon="4.607144">
        <ele>734.428990</ele>
        <time>2026-03-10T01:43:47.400Z</time>
      </trkpt>
      <trkpt lat="45.745364" lon="4.607687">
        <ele>728.506954</ele>
        <time>2026-03-10T01:44:07.772Z</time>
      </trkpt>
      <trkpt lat="45.745518" lon="4.608038">
        <ele>727.184659</ele>
        <time>2026-03-10T01:44:19.263Z</time>
      </trkpt>
      <trkpt lat="45.746016" lon="4.608945">
        <ele>723.504000</ele>
        <time>2026-03-10T01:44:54.727Z</time>
      </trkpt>
      <trkpt lat="45.746085" lon="4.609192">
        <ele>722.655488</ele>
        <time>2026-03-10T01:45:02.131Z</time>
      </trkpt>
      <trkpt lat="45.746388" lon="4.609822">
        <ele>722.592077</ele>
        <time>2026-03-10T01:45:25.109Z</time>
      </trkpt>
      <trkpt lat="45.746390" lon="4.609828">
        <ele>722.620698</ele>
        <time>2026-03-10T01:45:25.320Z</time>
      </trkpt>
      <trkpt lat="45.746702" lon="4.610351">
        <ele>725.582282</ele>
        <time>2026-03-10T01:45:50.211Z</time>
      </trkpt>
      <trkpt lat="45.747492" lon="4.611218">
        <ele>731.719840</ele>
        <time>2026-03-10T01:46:46.323Z</time>
      </trkpt>
      <trkpt lat="45.747596" lon="4.611303">
        <ele>732.625697</ele>
        <time>2026-03-10T01:46:53.920Z</time>
      </trkpt>
      <trkpt lat="45.747640" lon="4.611373">
        <ele>733.525303</ele>
        <time>2026-03-10T01:46:58.318Z</time>
      </trkpt>
      <trkpt lat="45.747677" lon="4.611431">
        <ele>734.275683</ele>
        <time>2026-03-10T01:47:01.914Z</time>
      </trkpt>
      <trkpt lat="45.747596" lon="4.611431">
        <ele>735.384070</ele>
        <time>2026-03-10T01:47:08.374Z</time>
      </trkpt>
      <trkpt lat="45.747365" lon="4.611314">
        <ele>738.736653</ele>
        <time>2026-03-10T01:47:28.844Z</time>
      </trkpt>
      <trkpt lat="45.747238" lon="4.611295">
        <ele>740.483940</ele>
        <time>2026-03-10T01:47:39.948Z</time>
      </trkpt>
      <trkpt lat="45.746711" lon="4.611417">
        <ele>747.788791</ele>
        <time>2026-03-10T01:48:28.960Z</time>
      </trkpt>
      <trkpt lat="45.746291" lon="4.611574">
        <ele>753.728303</ele>
        <time>2026-03-10T01:49:12.318Z</time>
      </trkpt>
      <trkpt lat="45.745262" lon="4.611655">
        <ele>767.122866</ele>
        <time>2026-03-10T01:50:55.524Z</time>
      </trkpt>
      <trkpt lat="45.744756" lon="4.611498">
        <ele>773.747489</ele>
        <time>2026-03-10T01:51:40.843Z</time>
      </trkpt>
      <trkpt lat="45.744370" lon="4.611279">
        <ele>779.059649</ele>
        <time>2026-03-10T01:52:11.229Z</time>
      </trkpt>
      <trkpt lat="45.744126" lon="4.611272">
        <ele>780.578664</ele>
        <time>2026-03-10T01:52:26.594Z</time>
      </trkpt>
      <trkpt lat="45.743901" lon="4.611079">
        <ele>781.525786</ele>
        <time>2026-03-10T01:52:41.845Z</time>
      </trkpt>
      <trkpt lat="45.743762" lon="4.611058">
        <ele>782.030605</ele>
        <time>2026-03-10T01:52:49.566Z</time>
      </trkpt>
      <trkpt lat="45.743309" lon="4.611078">
        <ele>783.667511</ele>
        <time>2026-03-10T01:53:13.667Z</time>
      </trkpt>
      <trkpt lat="45.743160" lon="4.611211">
        <ele>784.301539</ele>
        <time>2026-03-10T01:53:22.839Z</time>
      </trkpt>
      <trkpt lat="45.742901" lon="4.611345">
        <ele>785.296095</ele>
        <time>2026-03-10T01:53:37.394Z</time>
      </trkpt>
      <trkpt lat="45.742560" lon="4.611429">
        <ele>786.700050</ele>
        <time>2026-03-10T01:53:55.112Z</time>
      </trkpt>
      <trkpt lat="45.741968" lon="4.611630">
        <ele>792.235999</ele>
        <time>2026-03-10T01:54:26.509Z</time>
      </trkpt>
      <trkpt lat="45.741960" lon="4.611630">
        <ele>792.308794</ele>
        <time>2026-03-10T01:54:26.950Z</time>
      </trkpt>
      <trkpt lat="45.741824" lon="4.611638">
        <ele>793.547342</ele>
        <time>2026-03-10T01:54:35.551Z</time>
      </trkpt>
      <trkpt lat="45.741670" lon="4.611982">
        <ele>796.142675</ele>
        <time>2026-03-10T01:54:56.083Z</time>
      </trkpt>
      <trkpt lat="45.741544" lon="4.612196">
        <ele>797.920683</ele>
        <time>2026-03-10T01:55:12.467Z</time>
      </trkpt>
      <trkpt lat="45.741473" lon="4.612295">
        <ele>798.822143</ele>
        <time>2026-03-10T01:55:21.171Z</time>
      </trkpt>
      <trkpt lat="45.741544" lon="4.612196">
        <ele>799.723603</ele>
        <time>2026-03-10T01:55:30.098Z</time>
      </trkpt>
      <trkpt lat="45.741465" lon="4.611428">
        <ele>807.133897</ele>
        <time>2026-03-10T01:56:25.471Z</time>
      </trkpt>
      <trkpt lat="45.741378" lon="4.611203">
        <ele>810.966214</ele>
        <time>2026-03-10T01:56:47.140Z</time>
      </trkpt>
      <trkpt lat="45.741384" lon="4.610998">
        <ele>814.023124</ele>
        <time>2026-03-10T01:57:06.180Z</time>
      </trkpt>
      <trkpt lat="45.741187" lon="4.610793">
        <ele>819.220706</ele>
        <time>2026-03-10T01:57:41.137Z</time>
      </trkpt>
      <trkpt lat="45.740983" lon="4.610886">
        <ele>823.790784</ele>
        <time>2026-03-10T01:58:13.014Z</time>
      </trkpt>
      <trkpt lat="45.740787" lon="4.610726">
        <ele>828.606380</ele>
        <time>2026-03-10T01:58:45.173Z</time>
      </trkpt>
      <trkpt lat="45.740683" lon="4.610553">
        <ele>832.008247</ele>
        <time>2026-03-10T01:59:06.744Z</time>
      </trkpt>
      <trkpt lat="45.740748" lon="4.610454">
        <ele>834.033352</ele>
        <time>2026-03-10T01:59:19.162Z</time>
      </trkpt>
      <trkpt lat="45.740296" lon="4.610016">
        <ele>842.596162</ele>
        <time>2026-03-10T02:00:21.714Z</time>
      </trkpt>
      <trkpt lat="45.740201" lon="4.609691">
        <ele>844.225060</ele>
        <time>2026-03-10T02:00:44.712Z</time>
      </trkpt>
      <trkpt lat="45.740092" lon="4.608857">
        <ele>848.147584</ele>
        <time>2026-03-10T02:01:25.963Z</time>
      </trkpt>
      <trkpt lat="45.740193" lon="4.608611">
        <ele>849.467009</ele>
        <time>2026-03-10T02:01:36.568Z</time>
      </trkpt>
      <trkpt lat="45.740080" lon="4.608170">
        <ele>851.638772</ele>
        <time>2026-03-10T02:01:51.876Z</time>
      </trkpt>
      <trkpt lat="45.739978" lon="4.607771">
        <ele>852.687756</ele>
        <time>2026-03-10T02:02:04.655Z</time>
      </trkpt>
      <trkpt lat="45.739962" lon="4.607526">
        <ele>851.661489</ele>
        <time>2026-03-10T02:02:11.788Z</time>
      </trkpt>
      <trkpt lat="45.739860" lon="4.607180">
        <ele>850.094999</ele>
        <time>2026-03-10T02:02:22.460Z</time>
      </trkpt>
      <trkpt lat="45.739712" lon="4.606888">
        <ele>848.589906</ele>
        <time>2026-03-10T02:02:32.629Z</time>
      </trkpt>
      <trkpt lat="45.739480" lon="4.607128">
        <ele>846.879936</ele>
        <time>2026-03-10T02:02:44.322Z</time>
      </trkpt>
      <trkpt lat="45.739282" lon="4.607435">
        <ele>845.136547</ele>
        <time>2026-03-10T02:02:56.577Z</time>
      </trkpt>
      <trkpt lat="45.739207" lon="4.607703">
        <ele>843.932296</ele>
        <time>2026-03-10T02:03:05.160Z</time>
      </trkpt>
      <trkpt lat="45.739227" lon="4.607980">
        <ele>842.770852</ele>
        <time>2026-03-10T02:03:13.504Z</time>
      </trkpt>
      <trkpt lat="45.739227" lon="4.608657">
        <ele>839.211761</ele>
        <time>2026-03-10T02:03:33.854Z</time>
      </trkpt>
      <trkpt lat="45.739188" lon="4.609061">
        <ele>836.995088</ele>
        <time>2026-03-10T02:03:46.051Z</time>
      </trkpt>
      <trkpt lat="45.739044" lon="4.609408">
        <ele>834.800909</ele>
        <time>2026-03-10T02:03:57.887Z</time>
      </trkpt>
      <trkpt lat="45.738788" lon="4.609578">
        <ele>832.603610</ele>
        <time>2026-03-10T02:04:09.347Z</time>
      </trkpt>
      <trkpt lat="45.738654" lon="4.609727">
        <ele>831.282715</ele>
        <time>2026-03-10T02:04:16.051Z</time>
      </trkpt>
      <trkpt lat="45.738653" lon="4.609728">
        <ele>831.273218</ele>
        <time>2026-03-10T02:04:16.099Z</time>
      </trkpt>
      <trkpt lat="45.738453" lon="4.610487">
        <ele>825.089445</ele>
        <time>2026-03-10T02:04:37.611Z</time>
      </trkpt>
      <trkpt lat="45.738544" lon="4.610894">
        <ele>820.024379</ele>
        <time>2026-03-10T02:04:48.903Z</time>
      </trkpt>
      <trkpt lat="45.738410" lon="4.611302">
        <ele>814.680300</ele>
        <time>2026-03-10T02:05:00.760Z</time>
      </trkpt>
      <trkpt lat="45.738378" lon="4.611466">
        <ele>812.662108</ele>
        <time>2026-03-10T02:05:05.209Z</time>
      </trkpt>
      <trkpt lat="45.738406" lon="4.611655">
        <ele>810.372249</ele>
        <time>2026-03-10T02:05:10.269Z</time>
      </trkpt>
      <trkpt lat="45.738374" lon="4.611871">
        <ele>807.755267</ele>
        <time>2026-03-10T02:05:16.023Z</time>
      </trkpt>
      <trkpt lat="45.738379" lon="4.612114">
        <ele>804.874075</ele>
        <time>2026-03-10T02:05:22.369Z</time>
      </trkpt>
      <trkpt lat="45.738543" lon="4.612337">
        <ele>801.034744</ele>
        <time>2026-03-10T02:05:30.768Z</time>
      </trkpt>
      <trkpt lat="45.738574" lon="4.612422">
        <ele>799.898115</ele>
        <time>2026-03-10T02:05:33.250Z</time>
      </trkpt>
      <trkpt lat="45.738557" lon="4.612557">
        <ele>798.272320</ele>
        <time>2026-03-10T02:05:36.826Z</time>
      </trkpt>
      <trkpt lat="45.738473" lon="4.612721">
        <ele>795.438567</ele>
        <time>2026-03-10T02:05:42.100Z</time>
      </trkpt>
      <trkpt lat="45.738423" lon="4.613105">
        <ele>789.811560</ele>
        <time>2026-03-10T02:05:52.237Z</time>
      </trkpt>
      <trkpt lat="45.738312" lon="4.613253">
        <ele>786.682034</ele>
        <time>2026-03-10T02:05:57.888Z</time>
      </trkpt>
      <trkpt lat="45.738047" lon="4.613403">
        <ele>780.801182</ele>
        <time>2026-03-10T02:06:08.485Z</time>
      </trkpt>
      <trkpt lat="45.737988" lon="4.613525">
        <ele>778.663081</ele>
        <time>2026-03-10T02:06:12.340Z</time>
      </trkpt>
      <trkpt lat="45.738071" lon="4.613952">
        <ele>772.277952</ele>
        <time>2026-03-10T02:06:23.848Z</time>
      </trkpt>
      <trkpt lat="45.738198" lon="4.614301">
        <ele>766.608229</ele>
        <time>2026-03-10T02:06:34.099Z</time>
      </trkpt>
      <trkpt lat="45.738213" lon="4.614395">
        <ele>765.219200</ele>
        <time>2026-03-10T02:06:36.616Z</time>
      </trkpt>
      <trkpt lat="45.738133" lon="4.614703">
        <ele>760.546244</ele>
        <time>2026-03-10T02:06:45.192Z</time>
      </trkpt>
      <trkpt lat="45.738312" lon="4.615013">
        <ele>756.394013</ele>
        <time>2026-03-10T02:06:55.727Z</time>
      </trkpt>
      <trkpt lat="45.738019" lon="4.615145">
        <ele>751.852376</ele>
        <time>2026-03-10T02:07:07.262Z</time>
      </trkpt>
      <trkpt lat="45.737347" lon="4.615207">
        <ele>741.895105</ele>
        <time>2026-03-10T02:07:32.609Z</time>
      </trkpt>
      <trkpt lat="45.737207" lon="4.615425">
        <ele>738.837768</ele>
        <time>2026-03-10T02:07:40.440Z</time>
      </trkpt>
      <trkpt lat="45.737162" lon="4.615556">
        <ele>737.330918</ele>
        <time>2026-03-10T02:07:44.294Z</time>
      </trkpt>
      <trkpt lat="45.737160" lon="4.615637">
        <ele>736.494441</ele>
        <time>2026-03-10T02:07:46.446Z</time>
      </trkpt>
      <trkpt lat="45.736924" lon="4.616113">
        <ele>732.467031</ele>
        <time>2026-03-10T02:07:59.735Z</time>
      </trkpt>
      <trkpt lat="45.736768" lon="4.616326">
        <ele>731.031935</ele>
        <time>2026-03-10T02:08:06.979Z</time>
      </trkpt>
      <trkpt lat="45.736695" lon="4.616378">
        <ele>730.489015</ele>
        <time>2026-03-10T02:08:09.762Z</time>
      </trkpt>
      <trkpt lat="45.736712" lon="4.616519">
        <ele>729.823924</ele>
        <time>2026-03-10T02:08:13.223Z</time>
      </trkpt>
      <trkpt lat="45.736707" lon="4.616640">
        <ele>729.260517</ele>
        <time>2026-03-10T02:08:16.168Z</time>
      </trkpt>
      <trkpt lat="45.736652" lon="4.616886">
        <ele>728.059847</ele>
        <time>2026-03-10T02:08:22.572Z</time>
      </trkpt>
      <trkpt lat="45.736371" lon="4.617286">
        <ele>725.421900</ele>
        <time>2026-03-10T02:08:37.084Z</time>
      </trkpt>
      <trkpt lat="45.735925" lon="4.617786">
        <ele>721.808426</ele>
        <time>2026-03-10T02:08:58.569Z</time>
      </trkpt>
      <trkpt lat="45.735874" lon="4.617871">
        <ele>721.460317</ele>
        <time>2026-03-10T02:09:01.550Z</time>
      </trkpt>
      <trkpt lat="45.735721" lon="4.618414">
        <ele>719.641727</ele>
        <time>2026-03-10T02:09:17.122Z</time>
      </trkpt>
      <trkpt lat="45.735573" lon="4.619755">
        <ele>715.425315</ele>
        <time>2026-03-10T02:09:52.440Z</time>
      </trkpt>
      <trkpt lat="45.735268" lon="4.622387">
        <ele>703.430021</ele>
        <time>2026-03-10T02:10:58.238Z</time>
      </trkpt>
      <trkpt lat="45.735298" lon="4.622765">
        <ele>701.499841</ele>
        <time>2026-03-10T02:11:07.379Z</time>
      </trkpt>
      <trkpt lat="45.735420" lon="4.623697">
        <ele>694.791941</ele>
        <time>2026-03-10T02:11:29.792Z</time>
      </trkpt>
      <trkpt lat="45.735440" lon="4.624146">
        <ele>691.609264</ele>
        <time>2026-03-10T02:11:40.261Z</time>
      </trkpt>
      <trkpt lat="45.735617" lon="4.624940">
        <ele>685.713019</ele>
        <time>2026-03-10T02:11:59.082Z</time>
      </trkpt>
      <trkpt lat="45.735730" lon="4.625720">
        <ele>678.680680</ele>
        <time>2026-03-10T02:12:16.981Z</time>
      </trkpt>
      <trkpt lat="45.735744" lon="4.626032">
        <ele>675.601721</ele>
        <time>2026-03-10T02:12:23.992Z</time>
      </trkpt>
      <trkpt lat="45.735679" lon="4.626284">
        <ele>672.955949</ele>
        <time>2026-03-10T02:12:29.997Z</time>
      </trkpt>
      <trkpt lat="45.735508" lon="4.626511">
        <ele>669.666724</ele>
        <time>2026-03-10T02:12:37.465Z</time>
      </trkpt>
      <trkpt lat="45.735446" lon="4.626690">
        <ele>667.698775</ele>
        <time>2026-03-10T02:12:41.922Z</time>
      </trkpt>
      <trkpt lat="45.735135" lon="4.627012">
        <ele>662.284757</ele>
        <time>2026-03-10T02:12:54.193Z</time>
      </trkpt>
      <trkpt lat="45.735061" lon="4.627028">
        <ele>661.228817</ele>
        <time>2026-03-10T02:12:56.619Z</time>
      </trkpt>
      <trkpt lat="45.734841" lon="4.626929">
        <ele>657.972144</ele>
        <time>2026-03-10T02:13:03.985Z</time>
      </trkpt>
      <trkpt lat="45.734738" lon="4.626929">
        <ele>656.503511</ele>
        <time>2026-03-10T02:13:07.288Z</time>
      </trkpt>
      <trkpt lat="45.734409" lon="4.627045">
        <ele>651.672475</ele>
        <time>2026-03-10T02:13:18.181Z</time>
      </trkpt>
      <trkpt lat="45.734164" lon="4.627266">
        <ele>647.544388</ele>
        <time>2026-03-10T02:13:27.509Z</time>
      </trkpt>
      <trkpt lat="45.733932" lon="4.627418">
        <ele>643.906915</ele>
        <time>2026-03-10T02:13:35.718Z</time>
      </trkpt>
      <trkpt lat="45.733533" lon="4.627576">
        <ele>638.004429</ele>
        <time>2026-03-10T02:13:49.011Z</time>
      </trkpt>
      <trkpt lat="45.732879" lon="4.627819">
        <ele>628.358023</ele>
        <time>2026-03-10T02:14:14.460Z</time>
      </trkpt>
      <trkpt lat="45.732677" lon="4.627969">
        <ele>625.104108</ele>
        <time>2026-03-10T02:14:23.016Z</time>
      </trkpt>
      <trkpt lat="45.732312" lon="4.628366">
        <ele>618.550087</ele>
        <time>2026-03-10T02:14:40.199Z</time>
      </trkpt>
      <trkpt lat="45.732237" lon="4.628377">
        <ele>617.471866</ele>
        <time>2026-03-10T02:14:43.029Z</time>
      </trkpt>
      <trkpt lat="45.732012" lon="4.627249">
        <ele>606.492496</ele>
        <time>2026-03-10T02:15:14.031Z</time>
      </trkpt>
      <trkpt lat="45.731952" lon="4.627225">
        <ele>606.177719</ele>
        <time>2026-03-10T02:15:16.411Z</time>
      </trkpt>
      <trkpt lat="45.731833" lon="4.627829">
        <ele>603.964115</ele>
        <time>2026-03-10T02:15:31.401Z</time>
      </trkpt>
      <trkpt lat="45.731644" lon="4.628366">
        <ele>601.842908</ele>
        <time>2026-03-10T02:15:46.917Z</time>
      </trkpt>
      <trkpt lat="45.731586" lon="4.628701">
        <ele>600.625519</ele>
        <time>2026-03-10T02:15:56.365Z</time>
      </trkpt>
      <trkpt lat="45.731534" lon="4.629300">
        <ele>598.496498</ele>
        <time>2026-03-10T02:16:13.469Z</time>
      </trkpt>
      <trkpt lat="45.731532" lon="4.630294">
        <ele>595.632722</ele>
        <time>2026-03-10T02:16:41.241Z</time>
      </trkpt>
      <trkpt lat="45.732099" lon="4.631103">
        <ele>592.512193</ele>
        <time>2026-03-10T02:17:15.973Z</time>
      </trkpt>
      <trkpt lat="45.732734" lon="4.631459">
        <ele>590.771250</ele>
        <time>2026-03-10T02:17:44.042Z</time>
      </trkpt>
      <trkpt lat="45.733194" lon="4.631593">
        <ele>590.734841</ele>
        <time>2026-03-10T02:18:04.620Z</time>
      </trkpt>
      <trkpt lat="45.733495" lon="4.631550">
        <ele>590.711379</ele>
        <time>2026-03-10T02:18:16.830Z</time>
      </trkpt>
      <trkpt lat="45.733754" lon="4.631427">
        <ele>590.690215</ele>
        <time>2026-03-10T02:18:29.224Z</time>
      </trkpt>
      <trkpt lat="45.734171" lon="4.630947">
        <ele>590.777826</ele>
        <time>2026-03-10T02:18:57.091Z</time>
      </trkpt>
      <trkpt lat="45.734490" lon="4.630490">
        <ele>593.482544</ele>
        <time>2026-03-10T02:19:21.928Z</time>
      </trkpt>
      <trkpt lat="45.734632" lon="4.630351">
        <ele>594.513656</ele>
        <time>2026-03-10T02:19:31.124Z</time>
      </trkpt>
      <trkpt lat="45.734766" lon="4.630303">
        <ele>595.341792</ele>
        <time>2026-03-10T02:19:38.387Z</time>
      </trkpt>
      <trkpt lat="45.735538" lon="4.630426">
        <ele>599.998899</ele>
        <time>2026-03-10T02:20:17.216Z</time>
      </trkpt>
      <trkpt lat="45.735799" lon="4.630409">
        <ele>601.743420</ele>
        <time>2026-03-10T02:20:33.070Z</time>
      </trkpt>
      <trkpt lat="45.736282" lon="4.630472">
        <ele>608.600607</ele>
        <time>2026-03-10T02:21:07.126Z</time>
      </trkpt>
      <trkpt lat="45.736610" lon="4.629979">
        <ele>615.321797</ele>
        <time>2026-03-10T02:21:50.471Z</time>
      </trkpt>
      <trkpt lat="45.736418" lon="4.629900">
        <ele>618.146133</ele>
        <time>2026-03-10T02:22:11.345Z</time>
      </trkpt>
      <trkpt lat="45.736309" lon="4.629745">
        <ele>620.317445</ele>
        <time>2026-03-10T02:22:28.181Z</time>
      </trkpt>
      <trkpt lat="45.736287" lon="4.629568">
        <ele>622.091597</ele>
        <time>2026-03-10T02:22:42.540Z</time>
      </trkpt>
      <trkpt lat="45.736137" lon="4.629434">
        <ele>624.590865</ele>
        <time>2026-03-10T02:23:03.482Z</time>
      </trkpt>
      <trkpt lat="45.735957" lon="4.629090">
        <ele>628.881991</ele>
        <time>2026-03-10T02:23:38.601Z</time>
      </trkpt>
      <trkpt lat="45.735759" lon="4.628844">
        <ele>632.678519</ele>
        <time>2026-03-10T02:24:07.946Z</time>
      </trkpt>
      <trkpt lat="45.735360" lon="4.628476">
        <ele>639.552616</ele>
        <time>2026-03-10T02:24:56.378Z</time>
      </trkpt>
      <trkpt lat="45.735699" lon="4.628302">
        <ele>644.769082</ele>
        <time>2026-03-10T02:25:24.067Z</time>
      </trkpt>
      <trkpt lat="45.736156" lon="4.627910">
        <ele>652.485067</ele>
        <time>2026-03-10T02:26:00.327Z</time>
      </trkpt>
      <trkpt lat="45.736453" lon="4.627722">
        <ele>654.433093</ele>
        <time>2026-03-10T02:26:18.925Z</time>
      </trkpt>
      <trkpt lat="45.736569" lon="4.627605">
        <ele>655.161480</ele>
        <time>2026-03-10T02:26:26.492Z</time>
      </trkpt>
      <trkpt lat="45.736689" lon="4.627425">
        <ele>656.053520</ele>
        <time>2026-03-10T02:26:35.280Z</time>
      </trkpt>
      <trkpt lat="45.736858" lon="4.627097">
        <ele>657.514555</ele>
        <time>2026-03-10T02:26:48.905Z</time>
      </trkpt>
      <trkpt lat="45.737000" lon="4.626931">
        <ele>658.455554</ele>
        <time>2026-03-10T02:26:57.413Z</time>
      </trkpt>
      <trkpt lat="45.737217" lon="4.626778">
        <ele>659.697346</ele>
        <time>2026-03-10T02:27:08.271Z</time>
      </trkpt>
      <trkpt lat="45.737434" lon="4.626671">
        <ele>660.875671</ele>
        <time>2026-03-10T02:27:18.613Z</time>
      </trkpt>
      <trkpt lat="45.737668" lon="4.626617">
        <ele>662.092632</ele>
        <time>2026-03-10T02:27:29.572Z</time>
      </trkpt>
      <trkpt lat="45.738207" lon="4.626631">
        <ele>666.855341</ele>
        <time>2026-03-10T02:27:57.174Z</time>
      </trkpt>
      <trkpt lat="45.738325" lon="4.626585">
        <ele>667.946222</ele>
        <time>2026-03-10T02:28:04.175Z</time>
      </trkpt>
      <trkpt lat="45.738370" lon="4.626510">
        <ele>668.561995</ele>
        <time>2026-03-10T02:28:08.236Z</time>
      </trkpt>
      <trkpt lat="45.738453" lon="4.626183">
        <ele>670.728323</ele>
        <time>2026-03-10T02:28:23.253Z</time>
      </trkpt>
      <trkpt lat="45.738496" lon="4.625824">
        <ele>672.996100</ele>
        <time>2026-03-10T02:28:40.579Z</time>
      </trkpt>
      <trkpt lat="45.738458" lon="4.625577">
        <ele>674.570817</ele>
        <time>2026-03-10T02:28:53.272Z</time>
      </trkpt>
      <trkpt lat="45.738535" lon="4.625174">
        <ele>677.172178</ele>
        <time>2026-03-10T02:29:15.093Z</time>
      </trkpt>
      <trkpt lat="45.738532" lon="4.624934">
        <ele>678.643253</ele>
        <time>2026-03-10T02:29:28.087Z</time>
      </trkpt>
      <trkpt lat="45.738563" lon="4.624289">
        <ele>682.466753</ele>
        <time>2026-03-10T02:30:02.545Z</time>
      </trkpt>
      <trkpt lat="45.738338" lon="4.622519">
        <ele>693.106582</ele>
        <time>2026-03-10T02:31:17.215Z</time>
      </trkpt>
      <trkpt lat="45.738297" lon="4.622031">
        <ele>692.365494</ele>
        <time>2026-03-10T02:31:31.643Z</time>
      </trkpt>
      <trkpt lat="45.738316" lon="4.621725">
        <ele>691.606131</ele>
        <time>2026-03-10T02:31:39.680Z</time>
      </trkpt>
      <trkpt lat="45.738297" lon="4.621296">
        <ele>690.543590</ele>
        <time>2026-03-10T02:31:50.086Z</time>
      </trkpt>
      <trkpt lat="45.738309" lon="4.621049">
        <ele>689.931574</ele>
        <time>2026-03-10T02:31:56.094Z</time>
      </trkpt>
      <trkpt lat="45.738342" lon="4.620824">
        <ele>689.363269</ele>
        <time>2026-03-10T02:32:01.784Z</time>
      </trkpt>
      <trkpt lat="45.738417" lon="4.620663">
        <ele>688.884806</ele>
        <time>2026-03-10T02:32:06.705Z</time>
      </trkpt>
      <trkpt lat="45.738667" lon="4.620443">
        <ele>687.845744</ele>
        <time>2026-03-10T02:32:17.715Z</time>
      </trkpt>
      <trkpt lat="45.738858" lon="4.620274">
        <ele>687.015537</ele>
        <time>2026-03-10T02:32:26.050Z</time>
      </trkpt>
      <trkpt lat="45.738673" lon="4.619826">
        <ele>683.463863</ele>
        <time>2026-03-10T02:32:41.111Z</time>
      </trkpt>
      <trkpt lat="45.738453" lon="4.619410">
        <ele>679.902675</ele>
        <time>2026-03-10T02:32:55.954Z</time>
      </trkpt>
      <trkpt lat="45.738453" lon="4.619409">
        <ele>679.895852</ele>
        <time>2026-03-10T02:32:56.001Z</time>
      </trkpt>
      <trkpt lat="45.738396" lon="4.619137">
        <ele>677.958130</ele>
        <time>2026-03-10T02:33:04.263Z</time>
      </trkpt>
      <trkpt lat="45.738908" lon="4.619279">
        <ele>672.859883</ele>
        <time>2026-03-10T02:33:25.539Z</time>
      </trkpt>
      <trkpt lat="45.739196" lon="4.619547">
        <ele>669.502700</ele>
        <time>2026-03-10T02:33:38.475Z</time>
      </trkpt>
      <trkpt lat="45.739387" lon="4.619786">
        <ele>664.280255</ele>
        <time>2026-03-10T02:33:47.898Z</time>
      </trkpt>
      <trkpt lat="45.739523" lon="4.619936">
        <ele>660.733890</ele>
        <time>2026-03-10T02:33:54.395Z</time>
      </trkpt>
      <trkpt lat="45.739520" lon="4.619930">
        <ele>660.627449</ele>
        <time>2026-03-10T02:33:54.598Z</time>
      </trkpt>
      <trkpt lat="45.739580" lon="4.619880">
        <ele>659.193213</ele>
        <time>2026-03-10T02:33:57.505Z</time>
      </trkpt>
      <trkpt lat="45.739630" lon="4.619910">
        <ele>658.073122</ele>
        <time>2026-03-10T02:33:59.790Z</time>
      </trkpt>
      <trkpt lat="45.739740" lon="4.620210">
        <ele>653.185996</ele>
        <time>2026-03-10T02:34:09.721Z</time>
      </trkpt>
      <trkpt lat="45.739900" lon="4.620400">
        <ele>648.892014</ele>
        <time>2026-03-10T02:34:18.441Z</time>
      </trkpt>
      <trkpt lat="45.740000" lon="4.620450">
        <ele>646.703490</ele>
        <time>2026-03-10T02:34:22.870Z</time>
      </trkpt>
      <trkpt lat="45.740480" lon="4.620540">
        <ele>636.700558</ele>
        <time>2026-03-10T02:34:43.121Z</time>
      </trkpt>
      <trkpt lat="45.740690" lon="4.620620">
        <ele>632.224255</ele>
        <time>2026-03-10T02:34:52.193Z</time>
      </trkpt>
      <trkpt lat="45.741150" lon="4.620895">
        <ele>623.202819</ele>
        <time>2026-03-10T02:35:12.921Z</time>
      </trkpt>
      <trkpt lat="45.741610" lon="4.621170">
        <ele>614.181394</ele>
        <time>2026-03-10T02:35:33.616Z</time>
      </trkpt>
      <trkpt lat="45.741770" lon="4.621320">
        <ele>610.720682</ele>
        <time>2026-03-10T02:35:41.543Z</time>
      </trkpt>
      <trkpt lat="45.741780" lon="4.621328">
        <ele>610.513387</ele>
        <time>2026-03-10T02:35:42.023Z</time>
      </trkpt>
      <trkpt lat="45.741881" lon="4.621409">
        <ele>608.418472</ele>
        <time>2026-03-10T02:35:46.372Z</time>
      </trkpt>
      <trkpt lat="45.742019" lon="4.621629">
        <ele>604.681993</ele>
        <time>2026-03-10T02:35:54.110Z</time>
      </trkpt>
      <trkpt lat="45.742122" lon="4.621917">
        <ele>600.594247</ele>
        <time>2026-03-10T02:36:02.549Z</time>
      </trkpt>
      <trkpt lat="45.742195" lon="4.622205">
        <ele>596.257654</ele>
        <time>2026-03-10T02:36:10.521Z</time>
      </trkpt>
      <trkpt lat="45.742406" lon="4.622696">
        <ele>587.858041</ele>
        <time>2026-03-10T02:36:25.520Z</time>
      </trkpt>
      <trkpt lat="45.742354" lon="4.622872">
        <ele>585.073968</ele>
        <time>2026-03-10T02:36:29.752Z</time>
      </trkpt>
      <trkpt lat="45.742429" lon="4.623111">
        <ele>581.256699</ele>
        <time>2026-03-10T02:36:35.541Z</time>
      </trkpt>
      <trkpt lat="45.742430" lon="4.623110">
        <ele>581.231246</ele>
        <time>2026-03-10T02:36:35.582Z</time>
      </trkpt>
      <trkpt lat="45.742580" lon="4.623250">
        <ele>577.494691</ele>
        <time>2026-03-10T02:36:43.067Z</time>
      </trkpt>
      <trkpt lat="45.742670" lon="4.623280">
        <ele>575.565964</ele>
        <time>2026-03-10T02:36:46.928Z</time>
      </trkpt>
      <trkpt lat="45.742940" lon="4.623440">
        <ele>569.467336</ele>
        <time>2026-03-10T02:36:59.157Z</time>
      </trkpt>
      <trkpt lat="45.743230" lon="4.624070">
        <ele>558.499979</ele>
        <time>2026-03-10T02:37:21.221Z</time>
      </trkpt>
      <trkpt lat="45.743520" lon="4.624700">
        <ele>547.583357</ele>
        <time>2026-03-10T02:37:43.216Z</time>
      </trkpt>
      <trkpt lat="45.743520" lon="4.624870">
        <ele>545.124357</ele>
        <time>2026-03-10T02:37:48.177Z</time>
      </trkpt>
      <trkpt lat="45.743580" lon="4.625200">
        <ele>540.191664</ele>
        <time>2026-03-10T02:37:58.129Z</time>
      </trkpt>
      <trkpt lat="45.743580" lon="4.625200">
        <ele>540.191664</ele>
        <time>2026-03-10T02:37:58.130Z</time>
      </trkpt>
      <trkpt lat="45.743581" lon="4.625209">
        <ele>540.059842</ele>
        <time>2026-03-10T02:37:58.335Z</time>
      </trkpt>
      <trkpt lat="45.743882" lon="4.626304">
        <ele>523.547889</ele>
        <time>2026-03-10T02:38:24.340Z</time>
      </trkpt>
      <trkpt lat="45.744051" lon="4.626772">
        <ele>517.969868</ele>
        <time>2026-03-10T02:38:36.042Z</time>
      </trkpt>
      <trkpt lat="45.744114" lon="4.627044">
        <ele>514.936143</ele>
        <time>2026-03-10T02:38:42.434Z</time>
      </trkpt>
      <trkpt lat="45.744084" lon="4.627333">
        <ele>511.843245</ele>
        <time>2026-03-10T02:38:48.947Z</time>
      </trkpt>
      <trkpt lat="45.743956" lon="4.627914">
        <ele>505.393811</ele>
        <time>2026-03-10T02:39:02.582Z</time>
      </trkpt>
      <trkpt lat="45.744050" lon="4.628082">
        <ele>503.114406</ele>
        <time>2026-03-10T02:39:07.411Z</time>
      </trkpt>
      <trkpt lat="45.744097" lon="4.628234">
        <ele>501.354526</ele>
        <time>2026-03-10T02:39:11.172Z</time>
      </trkpt>
      <trkpt lat="45.744176" lon="4.628788">
        <ele>496.942288</ele>
        <time>2026-03-10T02:39:23.925Z</time>
      </trkpt>
      <trkpt lat="45.744183" lon="4.628796">
        <ele>496.899730</ele>
        <time>2026-03-10T02:39:24.240Z</time>
      </trkpt>
      <trkpt lat="45.744228" lon="4.628849">
        <ele>496.622866</ele>
        <time>2026-03-10T02:39:26.151Z</time>
      </trkpt>
      <trkpt lat="45.744270" lon="4.628950">
        <ele>496.232884</ele>
        <time>2026-03-10T02:39:28.836Z</time>
      </trkpt>
      <trkpt lat="45.744277" lon="4.629076">
        <ele>495.813622</ele>
        <time>2026-03-10T02:39:31.807Z</time>
      </trkpt>
      <trkpt lat="45.744258" lon="4.629315">
        <ele>495.015737</ele>
        <time>2026-03-10T02:39:37.475Z</time>
      </trkpt>
      <trkpt lat="45.744094" lon="4.630311">
        <ele>491.621305</ele>
        <time>2026-03-10T02:40:03.508Z</time>
      </trkpt>
      <trkpt lat="45.744055" lon="4.630714">
        <ele>490.271766</ele>
        <time>2026-03-10T02:40:15.174Z</time>
      </trkpt>
      <trkpt lat="45.744022" lon="4.631638">
        <ele>492.525997</ele>
        <time>2026-03-10T02:40:44.059Z</time>
      </trkpt>
      <trkpt lat="45.743927" lon="4.632038">
        <ele>495.033844</ele>
        <time>2026-03-10T02:40:59.486Z</time>
      </trkpt>
      <trkpt lat="45.744001" lon="4.632128">
        <ele>495.859343</ele>
        <time>2026-03-10T02:41:05.201Z</time>
      </trkpt>
      <trkpt lat="45.744070" lon="4.632288">
        <ele>496.975684</ele>
        <time>2026-03-10T02:41:13.366Z</time>
      </trkpt>
      <trkpt lat="45.744199" lon="4.632680">
        <ele>499.548029</ele>
        <time>2026-03-10T02:41:34.104Z</time>
      </trkpt>
      <trkpt lat="45.744257" lon="4.632821">
        <ele>500.519468</ele>
        <time>2026-03-10T02:41:42.338Z</time>
      </trkpt>
      <trkpt lat="45.744444" lon="4.633119">
        <ele>502.898081</ele>
        <time>2026-03-10T02:42:03.306Z</time>
      </trkpt>
      <trkpt lat="45.744521" lon="4.633196">
        <ele>503.696663</ele>
        <time>2026-03-10T02:42:10.699Z</time>
      </trkpt>
      <trkpt lat="45.744657" lon="4.633176">
        <ele>505.263901</ele>
        <time>2026-03-10T02:42:21.507Z</time>
      </trkpt>
      <trkpt lat="45.744852" lon="4.633006">
        <ele>508.947004</ele>
        <time>2026-03-10T02:42:39.615Z</time>
      </trkpt>
      <trkpt lat="45.745152" lon="4.632623">
        <ele>515.430355</ele>
        <time>2026-03-10T02:43:13.457Z</time>
      </trkpt>
      <trkpt lat="45.745227" lon="4.632510">
        <ele>517.186404</ele>
        <time>2026-03-10T02:43:23.115Z</time>
      </trkpt>
      <trkpt lat="45.745430" lon="4.632085">
        <ele>522.985789</ele>
        <time>2026-03-10T02:43:55.553Z</time>
      </trkpt>
      <trkpt lat="45.745546" lon="4.631830">
        <ele>526.413422</ele>
        <time>2026-03-10T02:44:14.315Z</time>
      </trkpt>
      <trkpt lat="45.745572" lon="4.631716">
        <ele>527.763935</ele>
        <time>2026-03-10T02:44:21.531Z</time>
      </trkpt>
      <trkpt lat="45.745597" lon="4.631629">
        <ele>528.823402</ele>
        <time>2026-03-10T02:44:27.049Z</time>
      </trkpt>
      <trkpt lat="45.745670" lon="4.631516">
        <ele>530.557360</ele>
        <time>2026-03-10T02:44:36.162Z</time>
      </trkpt>
      <trkpt lat="45.745927" lon="4.631382">
        <ele>534.818150</ele>
        <time>2026-03-10T02:44:58.812Z</time>
      </trkpt>
      <trkpt lat="45.746033" lon="4.631008">
        <ele>538.914128</ele>
        <time>2026-03-10T02:45:21.771Z</time>
      </trkpt>
      <trkpt lat="45.746401" lon="4.630501">
        <ele>546.336863</ele>
        <time>2026-03-10T02:46:02.739Z</time>
      </trkpt>
      <trkpt lat="45.746593" lon="4.630166">
        <ele>550.735528</ele>
        <time>2026-03-10T02:46:26.191Z</time>
      </trkpt>
      <trkpt lat="45.746646" lon="4.629944">
        <ele>553.116284</ele>
        <time>2026-03-10T02:46:38.609Z</time>
      </trkpt>
      <trkpt lat="45.746704" lon="4.629439">
        <ele>558.309327</ele>
        <time>2026-03-10T02:47:05.554Z</time>
      </trkpt>
      <trkpt lat="45.746818" lon="4.629236">
        <ele>560.777413</ele>
        <time>2026-03-10T02:47:19.300Z</time>
      </trkpt>
      <trkpt lat="45.746904" lon="4.629243">
        <ele>561.868985</ele>
        <time>2026-03-10T02:47:25.751Z</time>
      </trkpt>
      <trkpt lat="45.747063" lon="4.629104">
        <ele>564.229214</ele>
        <time>2026-03-10T02:47:39.819Z</time>
      </trkpt>
      <trkpt lat="45.747325" lon="4.628787">
        <ele>568.574494</ele>
        <time>2026-03-10T02:48:05.510Z</time>
      </trkpt>
      <trkpt lat="45.747531" lon="4.628602">
        <ele>571.655239</ele>
        <time>2026-03-10T02:48:23.447Z</time>
      </trkpt>
      <trkpt lat="45.747842" lon="4.628396">
        <ele>575.996953</ele>
        <time>2026-03-10T02:48:48.363Z</time>
      </trkpt>
      <trkpt lat="45.748194" lon="4.628106">
        <ele>581.142210</ele>
        <time>2026-03-10T02:49:17.571Z</time>
      </trkpt>
      <trkpt lat="45.748456" lon="4.627983">
        <ele>584.629406</ele>
        <time>2026-03-10T02:49:37.530Z</time>
      </trkpt>
      <trkpt lat="45.748735" lon="4.627929">
        <ele>588.186710</ele>
        <time>2026-03-10T02:49:58.039Z</time>
      </trkpt>
      <trkpt lat="45.749221" lon="4.627768">
        <ele>594.489489</ele>
        <time>2026-03-10T02:50:34.997Z</time>
      </trkpt>
      <trkpt lat="45.749685" lon="4.627468">
        <ele>600.921415</ele>
        <time>2026-03-10T02:51:13.241Z</time>
      </trkpt>
      <trkpt lat="45.750077" lon="4.627116">
        <ele>605.934467</ele>
        <time>2026-03-10T02:51:48.091Z</time>
      </trkpt>
      <trkpt lat="45.750614" lon="4.626537">
        <ele>610.175535</ele>
        <time>2026-03-10T02:52:35.525Z</time>
      </trkpt>
      <trkpt lat="45.750848" lon="4.626218">
        <ele>612.213738</ele>
        <time>2026-03-10T02:52:53.285Z</time>
      </trkpt>
      <trkpt lat="45.751069" lon="4.625687">
        <ele>614.936454</ele>
        <time>2026-03-10T02:53:11.955Z</time>
      </trkpt>
      <trkpt lat="45.751155" lon="4.625593">
        <ele>615.619040</ele>
        <time>2026-03-10T02:53:16.286Z</time>
      </trkpt>
      <trkpt lat="45.751271" lon="4.625590">
        <ele>616.351235</ele>
        <time>2026-03-10T02:53:20.904Z</time>
      </trkpt>
      <trkpt lat="45.751353" lon="4.625636">
        <ele>616.387108</ele>
        <time>2026-03-10T02:53:24.391Z</time>
      </trkpt>
      <trkpt lat="45.751433" lon="4.625754">
        <ele>616.277499</ele>
        <time>2026-03-10T02:53:28.799Z</time>
      </trkpt>
      <trkpt lat="45.751482" lon="4.626003">
        <ele>616.105141</ele>
        <time>2026-03-10T02:53:35.648Z</time>
      </trkpt>
      <trkpt lat="45.751506" lon="4.626309">
        <ele>615.899996</ele>
        <time>2026-03-10T02:53:43.615Z</time>
      </trkpt>
      <trkpt lat="45.751484" lon="4.626366">
        <ele>615.856599</ele>
        <time>2026-03-10T02:53:45.266Z</time>
      </trkpt>
      <trkpt lat="45.751492" lon="4.626573">
        <ele>615.718482</ele>
        <time>2026-03-10T02:53:50.625Z</time>
      </trkpt>
      <trkpt lat="45.751361" lon="4.627032">
        <ele>615.388099</ele>
        <time>2026-03-10T02:54:03.695Z</time>
      </trkpt>
      <trkpt lat="45.751256" lon="4.627514">
        <ele>615.051698</ele>
        <time>2026-03-10T02:54:17.594Z</time>
      </trkpt>
      <trkpt lat="45.751213" lon="4.627926">
        <ele>614.774163</ele>
        <time>2026-03-10T02:54:30.899Z</time>
      </trkpt>
      <trkpt lat="45.751246" lon="4.628186">
        <ele>615.688683</ele>
        <time>2026-03-10T02:54:40.207Z</time>
      </trkpt>
      <trkpt lat="45.751458" lon="4.629107">
        <ele>620.074875</ele>
        <time>2026-03-10T02:55:16.077Z</time>
      </trkpt>
      <trkpt lat="45.751506" lon="4.629247">
        <ele>620.780356</ele>
        <time>2026-03-10T02:55:22.121Z</time>
      </trkpt>
      <trkpt lat="45.751528" lon="4.629259">
        <ele>620.932930</ele>
        <time>2026-03-10T02:55:23.543Z</time>
      </trkpt>
      <trkpt lat="45.751558" lon="4.629183">
        <ele>621.327842</ele>
        <time>2026-03-10T02:55:27.012Z</time>
      </trkpt>
      <trkpt lat="45.751574" lon="4.628693">
        <ele>623.546377</ele>
        <time>2026-03-10T02:55:47.015Z</time>
      </trkpt>
      <trkpt lat="45.751692" lon="4.628214">
        <ele>625.843781</ele>
        <time>2026-03-10T02:56:08.373Z</time>
      </trkpt>
      <trkpt lat="45.751843" lon="4.627798">
        <ele>628.421106</ele>
        <time>2026-03-10T02:56:28.017Z</time>
      </trkpt>
      <trkpt lat="45.752076" lon="4.627425">
        <ele>631.344412</ele>
        <time>2026-03-10T02:56:48.105Z</time>
      </trkpt>
      <trkpt lat="45.752333" lon="4.627205">
        <ele>633.849554</ele>
        <time>2026-03-10T02:57:05.754Z</time>
      </trkpt>
      <trkpt lat="45.752553" lon="4.627080">
        <ele>635.830020</ele>
        <time>2026-03-10T02:57:19.747Z</time>
      </trkpt>
      <trkpt lat="45.752674" lon="4.627106">
        <ele>636.853921</ele>
        <time>2026-03-10T02:57:26.983Z</time>
      </trkpt>
      <trkpt lat="45.752737" lon="4.627257">
        <ele>637.881231</ele>
        <time>2026-03-10T02:57:34.158Z</time>
      </trkpt>
      <trkpt lat="45.752702" lon="4.627424">
        <ele>638.899406</ele>
        <time>2026-03-10T02:57:41.302Z</time>
      </trkpt>
      <trkpt lat="45.752479" lon="4.627866">
        <ele>642.276936</ele>
        <time>2026-03-10T02:58:04.456Z</time>
      </trkpt>
      <trkpt lat="45.752419" lon="4.628156">
        <ele>644.577889</ele>
        <time>2026-03-10T02:58:17.574Z</time>
      </trkpt>
      <trkpt lat="45.752406" lon="4.628664">
        <ele>648.444824</ele>
        <time>2026-03-10T02:58:40.320Z</time>
      </trkpt>
      <trkpt lat="45.752435" lon="4.628849">
        <ele>649.887188</ele>
        <time>2026-03-10T02:58:49.085Z</time>
      </trkpt>
      <trkpt lat="45.752476" lon="4.628951">
        <ele>650.782636</ele>
        <time>2026-03-10T02:58:54.624Z</time>
      </trkpt>
      <trkpt lat="45.753014" lon="4.629963">
        <ele>660.460630</ele>
        <time>2026-03-10T02:59:58.103Z</time>
      </trkpt>
      <trkpt lat="45.753131" lon="4.630571">
        <ele>665.689980</ele>
        <time>2026-03-10T03:00:31.898Z</time>
      </trkpt>
      <trkpt lat="45.753182" lon="4.630634">
        <ele>666.499433</ele>
        <time>2026-03-10T03:00:37.053Z</time>
      </trkpt>
      <trkpt lat="45.753265" lon="4.630532">
        <ele>667.813881</ele>
        <time>2026-03-10T03:00:45.439Z</time>
      </trkpt>
      <trkpt lat="45.753402" lon="4.630266">
        <ele>670.587246</ele>
        <time>2026-03-10T03:01:02.936Z</time>
      </trkpt>
      <trkpt lat="45.753686" lon="4.629641">
        <ele>676.843758</ele>
        <time>2026-03-10T03:01:41.734Z</time>
      </trkpt>
      <trkpt lat="45.753849" lon="4.629452">
        <ele>679.364390</ele>
        <time>2026-03-10T03:01:56.752Z</time>
      </trkpt>
      <trkpt lat="45.754019" lon="4.629350">
        <ele>681.580030</ele>
        <time>2026-03-10T03:02:09.329Z</time>
      </trkpt>
      <trkpt lat="45.754204" lon="4.629300">
        <ele>683.027457</ele>
        <time>2026-03-10T03:02:21.238Z</time>
      </trkpt>
      <trkpt lat="45.754413" lon="4.629313">
        <ele>683.778005</ele>
        <time>2026-03-10T03:02:33.536Z</time>
      </trkpt>
      <trkpt lat="45.754621" lon="4.629371">
        <ele>684.538253</ele>
        <time>2026-03-10T03:02:45.270Z</time>
      </trkpt>
      <trkpt lat="45.754217" lon="4.630649">
        <ele>688.050512</ele>
        <time>2026-03-10T03:03:30.304Z</time>
      </trkpt>
      <trkpt lat="45.754024" lon="4.631108">
        <ele>688.774305</ele>
        <time>2026-03-10T03:03:45.085Z</time>
      </trkpt>
      <trkpt lat="45.753228" lon="4.632550">
        <ele>682.379304</ele>
        <time>2026-03-10T03:04:32.821Z</time>
      </trkpt>
      <trkpt lat="45.752482" lon="4.634072">
        <ele>672.428557</ele>
        <time>2026-03-10T03:05:16.260Z</time>
      </trkpt>
      <trkpt lat="45.752432" lon="4.634447">
        <ele>670.014862</ele>
        <time>2026-03-10T03:05:25.017Z</time>
      </trkpt>
      <trkpt lat="45.752435" lon="4.634710">
        <ele>668.351919</ele>
        <time>2026-03-10T03:05:31.080Z</time>
      </trkpt>
      <trkpt lat="45.752698" lon="4.636834">
        <ele>656.717670</ele>
        <time>2026-03-10T03:06:22.439Z</time>
      </trkpt>
      <trkpt lat="45.752673" lon="4.637119">
        <ele>655.299051</ele>
        <time>2026-03-10T03:06:29.557Z</time>
      </trkpt>
      <trkpt lat="45.752412" lon="4.637678">
        <ele>651.977222</ele>
        <time>2026-03-10T03:06:46.492Z</time>
      </trkpt>
      <trkpt lat="45.752282" lon="4.637925">
        <ele>650.623218</ele>
        <time>2026-03-10T03:06:54.387Z</time>
      </trkpt>
      <trkpt lat="45.752148" lon="4.638118">
        <ele>649.617089</ele>
        <time>2026-03-10T03:07:01.444Z</time>
      </trkpt>
      <trkpt lat="45.751933" lon="4.638285">
        <ele>648.321955</ele>
        <time>2026-03-10T03:07:10.582Z</time>
      </trkpt>
      <trkpt lat="45.751310" lon="4.638516">
        <ele>644.913882</ele>
        <time>2026-03-10T03:07:34.568Z</time>
      </trkpt>
      <trkpt lat="45.751077" lon="4.638704">
        <ele>643.497772</ele>
        <time>2026-03-10T03:07:44.286Z</time>
      </trkpt>
      <trkpt lat="45.750436" lon="4.639175">
        <ele>638.506657</ele>
        <time>2026-03-10T03:08:09.436Z</time>
      </trkpt>
      <trkpt lat="45.750106" lon="4.639566">
        <ele>634.858380</ele>
        <time>2026-03-10T03:08:23.889Z</time>
      </trkpt>
      <trkpt lat="45.749675" lon="4.640228">
        <ele>629.475340</ele>
        <time>2026-03-10T03:08:44.950Z</time>
      </trkpt>
      <trkpt lat="45.748592" lon="4.642093">
        <ele>614.065383</ele>
        <time>2026-03-10T03:09:42.292Z</time>
      </trkpt>
      <trkpt lat="45.747874" lon="4.643153">
        <ele>603.045122</ele>
        <time>2026-03-10T03:10:16.150Z</time>
      </trkpt>
      <trkpt lat="45.747873" lon="4.643154">
        <ele>603.030576</ele>
        <time>2026-03-10T03:10:16.183Z</time>
      </trkpt>
      <trkpt lat="45.747131" lon="4.644131">
        <ele>591.010478</ele>
        <time>2026-03-10T03:10:48.658Z</time>
      </trkpt>
      <trkpt lat="45.746974" lon="4.644426">
        <ele>587.902981</ele>
        <time>2026-03-10T03:10:56.991Z</time>
      </trkpt>
      <trkpt lat="45.746780" lon="4.644679">
        <ele>584.528378</ele>
        <time>2026-03-10T03:11:05.409Z</time>
      </trkpt>
      <trkpt lat="45.746672" lon="4.644770">
        <ele>582.916577</ele>
        <time>2026-03-10T03:11:09.452Z</time>
      </trkpt>
      <trkpt lat="45.746613" lon="4.644816">
        <ele>582.052474</ele>
        <time>2026-03-10T03:11:11.609Z</time>
      </trkpt>
      <trkpt lat="45.746198" lon="4.644874">
        <ele>576.688179</ele>
        <time>2026-03-10T03:11:24.991Z</time>
      </trkpt>
      <trkpt lat="45.745979" lon="4.644952">
        <ele>573.785032</ele>
        <time>2026-03-10T03:11:32.243Z</time>
      </trkpt>
      <trkpt lat="45.745905" lon="4.644937">
        <ele>572.823546</ele>
        <time>2026-03-10T03:11:34.677Z</time>
      </trkpt>
      <trkpt lat="45.745600" lon="4.644753">
        <ele>568.566186</ele>
        <time>2026-03-10T03:11:45.329Z</time>
      </trkpt>
      <trkpt lat="45.745450" lon="4.644611">
        <ele>566.253364</ele>
        <time>2026-03-10T03:11:51.130Z</time>
      </trkpt>
      <trkpt lat="45.745310" lon="4.644401">
        <ele>563.944507</ele>
        <time>2026-03-10T03:11:57.672Z</time>
      </trkpt>
      <trkpt lat="45.745186" lon="4.644101">
        <ele>561.490687</ele>
        <time>2026-03-10T03:12:05.534Z</time>
      </trkpt>
      <trkpt lat="45.745058" lon="4.643918">
        <ele>559.667256</ele>
        <time>2026-03-10T03:12:11.394Z</time>
      </trkpt>
      <trkpt lat="45.744953" lon="4.643826">
        <ele>558.426105</ele>
        <time>2026-03-10T03:12:15.398Z</time>
      </trkpt>
      <trkpt lat="45.744906" lon="4.643922">
        <ele>557.600812</ele>
        <time>2026-03-10T03:12:18.091Z</time>
      </trkpt>
      <trkpt lat="45.744911" lon="4.644092">
        <ele>556.403353</ele>
        <time>2026-03-10T03:12:22.043Z</time>
      </trkpt>
      <trkpt lat="45.744995" lon="4.645054">
        <ele>549.580368</ele>
        <time>2026-03-10T03:12:44.664Z</time>
      </trkpt>
      <trkpt lat="45.745330" lon="4.646461">
        <ele>539.124272</ele>
        <time>2026-03-10T03:13:19.927Z</time>
      </trkpt>
      <trkpt lat="45.745486" lon="4.646796">
        <ele>536.292268</ele>
        <time>2026-03-10T03:13:29.295Z</time>
      </trkpt>
      <trkpt lat="45.745565" lon="4.647025">
        <ele>534.495950</ele>
        <time>2026-03-10T03:13:35.142Z</time>
      </trkpt>
      <trkpt lat="45.745227" lon="4.647207">
        <ele>530.857563</ele>
        <time>2026-03-10T03:13:46.809Z</time>
      </trkpt>
      <trkpt lat="45.744974" lon="4.647303">
        <ele>528.047749</ele>
        <time>2026-03-10T03:13:55.260Z</time>
      </trkpt>
      <trkpt lat="45.744692" lon="4.647272">
        <ele>524.293915</ele>
        <time>2026-03-10T03:14:04.380Z</time>
      </trkpt>
      <trkpt lat="45.744585" lon="4.647129">
        <ele>522.351968</ele>
        <time>2026-03-10T03:14:09.075Z</time>
      </trkpt>
      <trkpt lat="45.744523" lon="4.647087">
        <ele>521.441755</ele>
        <time>2026-03-10T03:14:11.303Z</time>
      </trkpt>
      <trkpt lat="45.744112" lon="4.647244">
        <ele>515.796268</ele>
        <time>2026-03-10T03:14:24.998Z</time>
      </trkpt>
      <trkpt lat="45.743906" lon="4.647360">
        <ele>512.858602</ele>
        <time>2026-03-10T03:14:32.096Z</time>
      </trkpt>
      <trkpt lat="45.743706" lon="4.647340">
        <ele>510.197652</ele>
        <time>2026-03-10T03:14:38.554Z</time>
      </trkpt>
      <trkpt lat="45.743714" lon="4.647718">
        <ele>506.694838</ele>
        <time>2026-03-10T03:14:47.031Z</time>
      </trkpt>
      <trkpt lat="45.743698" lon="4.647819">
        <ele>505.735530</ele>
        <time>2026-03-10T03:14:49.353Z</time>
      </trkpt>
      <trkpt lat="45.743662" lon="4.647905">
        <ele>504.795852</ele>
        <time>2026-03-10T03:14:51.603Z</time>
      </trkpt>
      <trkpt lat="45.743564" lon="4.647994">
        <ele>503.061289</ele>
        <time>2026-03-10T03:14:55.303Z</time>
      </trkpt>
      <trkpt lat="45.743656" lon="4.648906">
        <ele>493.447377</ele>
        <time>2026-03-10T03:15:19.498Z</time>
      </trkpt>
      <trkpt lat="45.743671" lon="4.649245">
        <ele>489.903446</ele>
        <time>2026-03-10T03:15:28.408Z</time>
      </trkpt>
      <trkpt lat="45.743605" lon="4.649896">
        <ele>483.040181</ele>
        <time>2026-03-10T03:15:45.680Z</time>
      </trkpt>
      <trkpt lat="45.743537" lon="4.650238">
        <ele>479.330053</ele>
        <time>2026-03-10T03:15:55.030Z</time>
      </trkpt>
      <trkpt lat="45.743531" lon="4.650432">
        <ele>477.554036</ele>
        <time>2026-03-10T03:16:00.142Z</time>
      </trkpt>
      <trkpt lat="45.743748" lon="4.650913">
        <ele>473.717569</ele>
        <time>2026-03-10T03:16:15.300Z</time>
      </trkpt>
      <trkpt lat="45.743698" lon="4.651117">
        <ele>472.269301</ele>
        <time>2026-03-10T03:16:21.130Z</time>
      </trkpt>
      <trkpt lat="45.743724" lon="4.651229">
        <ele>471.478679</ele>
        <time>2026-03-10T03:16:23.874Z</time>
      </trkpt>
      <trkpt lat="45.743776" lon="4.651841">
        <ele>467.349077</ele>
        <time>2026-03-10T03:16:38.741Z</time>
      </trkpt>
      <trkpt lat="45.743935" lon="4.652202">
        <ele>464.489700</ele>
        <time>2026-03-10T03:16:49.148Z</time>
      </trkpt>
      <trkpt lat="45.744007" lon="4.652425">
        <ele>462.843879</ele>
        <time>2026-03-10T03:16:55.038Z</time>
      </trkpt>
      <trkpt lat="45.743979" lon="4.652646">
        <ele>461.339374</ele>
        <time>2026-03-10T03:17:00.372Z</time>
      </trkpt>
      <trkpt lat="45.743866" lon="4.652838">
        <ele>460.058436</ele>
        <time>2026-03-10T03:17:06.410Z</time>
      </trkpt>
      <trkpt lat="45.743685" lon="4.653025">
        <ele>458.711469</ele>
        <time>2026-03-10T03:17:14.211Z</time>
      </trkpt>
      <trkpt lat="45.742990" lon="4.652963">
        <ele>454.508043</ele>
        <time>2026-03-10T03:17:38.833Z</time>
      </trkpt>
      <trkpt lat="45.742856" lon="4.653016">
        <ele>453.668916</ele>
        <time>2026-03-10T03:17:43.750Z</time>
      </trkpt>
      <trkpt lat="45.742717" lon="4.653145">
        <ele>452.669242</ele>
        <time>2026-03-10T03:17:49.552Z</time>
      </trkpt>
      <trkpt lat="45.742565" lon="4.653360">
        <ele>451.379972</ele>
        <time>2026-03-10T03:17:57.258Z</time>
      </trkpt>
      <trkpt lat="45.742232" lon="4.654016">
        <ele>449.331680</ele>
        <time>2026-03-10T03:18:18.669Z</time>
      </trkpt>
      <trkpt lat="45.742160" lon="4.654122">
        <ele>449.153149</ele>
        <time>2026-03-10T03:18:22.783Z</time>
      </trkpt>
      <trkpt lat="45.741478" lon="4.654831">
        <ele>447.695933</ele>
        <time>2026-03-10T03:18:56.635Z</time>
      </trkpt>
      <trkpt lat="45.740974" lon="4.655437">
        <ele>446.106398</ele>
        <time>2026-03-10T03:19:23.258Z</time>
      </trkpt>
      <trkpt lat="45.740842" lon="4.655676">
        <ele>444.957245</ele>
        <time>2026-03-10T03:19:31.799Z</time>
      </trkpt>
      <trkpt lat="45.740664" lon="4.655977">
        <ele>443.469733</ele>
        <time>2026-03-10T03:19:42.245Z</time>
      </trkpt>
      <trkpt lat="45.740580" lon="4.655977">
        <ele>443.015930</ele>
        <time>2026-03-10T03:19:45.317Z</time>
      </trkpt>
      <trkpt lat="45.740583" lon="4.656858">
        <ele>439.694176</ele>
        <time>2026-03-10T03:20:11.172Z</time>
      </trkpt>
      <trkpt lat="45.740236" lon="4.656736">
        <ele>437.763928</ele>
        <time>2026-03-10T03:20:25.555Z</time>
      </trkpt>
      <trkpt lat="45.740095" lon="4.656599">
        <ele>437.053713</ele>
        <time>2026-03-10T03:20:32.305Z</time>
      </trkpt>
      <trkpt lat="45.740052" lon="4.656626">
        <ele>437.053713</ele>
        <time>2026-03-10T03:20:33.905Z</time>
      </trkpt>
      <trkpt lat="45.739619" lon="4.656839">
        <ele>437.053713</ele>
        <time>2026-03-10T03:20:48.807Z</time>
      </trkpt>
      <trkpt lat="45.739283" lon="4.657136">
        <ele>437.053713</ele>
        <time>2026-03-10T03:21:01.557Z</time>
      </trkpt>
      <trkpt lat="45.738996" lon="4.657110">
        <ele>437.053713</ele>
        <time>2026-03-10T03:21:11.314Z</time>
      </trkpt>
      <trkpt lat="45.738860" lon="4.657072">
        <ele>437.053713</ele>
        <time>2026-03-10T03:21:16.102Z</time>
      </trkpt>
      <trkpt lat="45.738523" lon="4.656973">
        <ele>437.053713</ele>
        <time>2026-03-10T03:21:28.102Z</time>
      </trkpt>
    </trkseg>
  </trk>
</gpx>