<?xml version="1.0" encoding="UTF-8"?>
<gpx version="1.1" creator="https://www.komoot.de" schemaLocation="http://www.topografix.com/GPX/1/1 http://www.topografix.com/GPX/1/1/gpx.xsd" xmlns="http://www.topografix.com/GPX/1/1" xmlns:xsi="http://www.w3.org/2001/XMLSchema-instance" xsi:schemaLocation="http://www.topografix.com/GPX/1/1 http://www.topografix.com/GPX/1/1/gpx.xsd http://www.garmin.com/xmlschemas/GpxExtensions/v3 http://www.garmin.com/xmlschemas/GpxExtensionsv3.xsd http://www.garmin.com/xmlschemas/TrackPointExtension/v1 http://www.garmin.com/xmlschemas/TrackPointExtensionv1.xsd http://www.garmin.com/xmlschemas/PowerExtension/v1 http://www.garmin.com/xmlschemas/PowerExtensionv1.xsd http://www.topografix.com/GPX/gpx_style/0/2 http://www.topografix.com/GPX/gpx_style/0/2/gpx_style.xsd" xmlns:gpxtpx="http://www.garmin.com/xmlschemas/TrackPointExtension/v1" xmlns:gpxx="http://www.garmin.com/xmlschemas/GpxExtensions/v3" xmlns:gpxpx="http://www.garmin.com/xmlschemas/PowerExtension/v1" xmlns:gpx_style="http://www.topografix.com/GPX/gpx_style/0/2">
  <metadata>
    <name>Traversée de la Réunion</name>
    <author>
      <name>gpx.studio</name>
      <link href="https://gpx.studio"/>
    </author>
  </metadata>
  <trk>
    <name>Traversée de la Réunion</name>
    <trkseg>
      <trkpt lat="-20.893833" lon="55.457243">
        <ele>36.587907</ele>
        <time>2025-10-08T19:40:08.076Z</time>
      </trkpt>
      <trkpt lat="-20.893935" lon="55.457127">
        <ele>36.587907</ele>
        <time>2025-10-08T19:40:14.669Z</time>
      </trkpt>
      <trkpt lat="-20.894258" lon="55.457351">
        <ele>36.587907</ele>
        <time>2025-10-08T19:40:32.350Z</time>
      </trkpt>
      <trkpt lat="-20.8946" lon="55.457412">
        <ele>36.587907</ele>
        <time>2025-10-08T19:40:48.696Z</time>
      </trkpt>
      <trkpt lat="-20.894667" lon="55.457224">
        <ele>37.538782</ele>
        <time>2025-10-08T19:40:58.018Z</time>
      </trkpt>
      <trkpt lat="-20.895648" lon="55.456537">
        <ele>43.901461</ele>
        <time>2025-10-08T19:41:57.543Z</time>
      </trkpt>
      <trkpt lat="-20.896666" lon="55.455973">
        <ele>52.543747</ele>
        <time>2025-10-08T19:43:00.975Z</time>
      </trkpt>
      <trkpt lat="-20.896935" lon="55.455579">
        <ele>56.614996</ele>
        <time>2025-10-08T19:43:29.454Z</time>
      </trkpt>
      <trkpt lat="-20.897326" lon="55.455386">
        <ele>60.474994</ele>
        <time>2025-10-08T19:43:58.691Z</time>
      </trkpt>
      <trkpt lat="-20.897428" lon="55.454955">
        <ele>65.045316</ele>
        <time>2025-10-08T19:44:35.329Z</time>
      </trkpt>
      <trkpt lat="-20.897992" lon="55.454649">
        <ele>72.671538</ele>
        <time>2025-10-08T19:45:30.212Z</time>
      </trkpt>
      <trkpt lat="-20.898671" lon="55.454515">
        <ele>80.748764</ele>
        <time>2025-10-08T19:46:30.048Z</time>
      </trkpt>
      <trkpt lat="-20.89923" lon="55.453866">
        <ele>89.335182</ele>
        <time>2025-10-08T19:47:36.165Z</time>
      </trkpt>
      <trkpt lat="-20.898869" lon="55.453918">
        <ele>93.004758</ele>
        <time>2025-10-08T19:48:03.785Z</time>
      </trkpt>
      <trkpt lat="-20.899369" lon="55.453614">
        <ele>98.665234</ele>
        <time>2025-10-08T19:48:45.579Z</time>
      </trkpt>
      <trkpt lat="-20.89881" lon="55.453696">
        <ele>105.167158</ele>
        <time>2025-10-08T19:49:27.708Z</time>
      </trkpt>
      <trkpt lat="-20.899075" lon="55.453548">
        <ele>108.908711</ele>
        <time>2025-10-08T19:49:50.500Z</time>
      </trkpt>
      <trkpt lat="-20.89915" lon="55.453426">
        <ele>110.616586</ele>
        <time>2025-10-08T19:50:01.455Z</time>
      </trkpt>
      <trkpt lat="-20.899789" lon="55.453148">
        <ele>119.305929</ele>
        <time>2025-10-08T19:51:01.543Z</time>
      </trkpt>
      <trkpt lat="-20.900324" lon="55.453071">
        <ele>127.774553</ele>
        <time>2025-10-08T19:51:56.764Z</time>
      </trkpt>
      <trkpt lat="-20.900377" lon="55.452967">
        <ele>130.113642</ele>
        <time>2025-10-08T19:52:09.658Z</time>
      </trkpt>
      <trkpt lat="-20.900614" lon="55.452877">
        <ele>135.082353</ele>
        <time>2025-10-08T19:52:38.773Z</time>
      </trkpt>
      <trkpt lat="-20.900652" lon="55.45281">
        <ele>136.529142</ele>
        <time>2025-10-08T19:52:47.905Z</time>
      </trkpt>
      <trkpt lat="-20.900585" lon="55.452771">
        <ele>138.036035</ele>
        <time>2025-10-08T19:52:57.529Z</time>
      </trkpt>
      <trkpt lat="-20.900162" lon="55.452666">
        <ele>146.615665</ele>
        <time>2025-10-08T19:53:51.733Z</time>
      </trkpt>
      <trkpt lat="-20.899969" lon="55.452414">
        <ele>152.690985</ele>
        <time>2025-10-08T19:54:28.610Z</time>
      </trkpt>
      <trkpt lat="-20.899892" lon="55.451973">
        <ele>160.596557</ele>
        <time>2025-10-08T19:55:18.084Z</time>
      </trkpt>
      <trkpt lat="-20.900133" lon="55.452105">
        <ele>164.826548</ele>
        <time>2025-10-08T19:55:47.211Z</time>
      </trkpt>
      <trkpt lat="-20.90029" lon="55.452303">
        <ele>168.65553</ele>
        <time>2025-10-08T19:56:11.766Z</time>
      </trkpt>
      <trkpt lat="-20.90007" lon="55.45157">
        <ele>179.91673</ele>
        <time>2025-10-08T19:57:14.430Z</time>
      </trkpt>
      <trkpt lat="-20.900585" lon="55.452003">
        <ele>191.008568</ele>
        <time>2025-10-08T19:58:16.052Z</time>
      </trkpt>
      <trkpt lat="-20.90056" lon="55.451763">
        <ele>195.465353</ele>
        <time>2025-10-08T19:58:40.002Z</time>
      </trkpt>
      <trkpt lat="-20.900888" lon="55.45152">
        <ele>202.977127</ele>
        <time>2025-10-08T19:59:23.150Z</time>
      </trkpt>
      <trkpt lat="-20.90098" lon="55.451575">
        <ele>204.951119</ele>
        <time>2025-10-08T19:59:35.141Z</time>
      </trkpt>
      <trkpt lat="-20.90126" lon="55.451278">
        <ele>212.516965</ele>
        <time>2025-10-08T20:00:22.462Z</time>
      </trkpt>
      <trkpt lat="-20.902194" lon="55.451048">
        <ele>230.433139</ele>
        <time>2025-10-08T20:02:18.411Z</time>
      </trkpt>
      <trkpt lat="-20.902259" lon="55.450906">
        <ele>233.11133</ele>
        <time>2025-10-08T20:02:34.308Z</time>
      </trkpt>
      <trkpt lat="-20.90218" lon="55.450503">
        <ele>240.085429</ele>
        <time>2025-10-08T20:03:14.340Z</time>
      </trkpt>
      <trkpt lat="-20.902098" lon="55.45042">
        <ele>242.131445</ele>
        <time>2025-10-08T20:03:25.630Z</time>
      </trkpt>
      <trkpt lat="-20.902119" lon="55.450228">
        <ele>245.489114</ele>
        <time>2025-10-08T20:03:44.101Z</time>
      </trkpt>
      <trkpt lat="-20.903082" lon="55.449557">
        <ele>264.63098</ele>
        <time>2025-10-08T20:05:38.573Z</time>
      </trkpt>
      <trkpt lat="-20.903649" lon="55.449423">
        <ele>273.66993</ele>
        <time>2025-10-08T20:06:33.980Z</time>
      </trkpt>
      <trkpt lat="-20.904176" lon="55.449671">
        <ele>282.837441</ele>
        <time>2025-10-08T20:07:26.839Z</time>
      </trkpt>
      <trkpt lat="-20.904482" lon="55.449692">
        <ele>288.271946</ele>
        <time>2025-10-08T20:07:55.189Z</time>
      </trkpt>
      <trkpt lat="-20.905232" lon="55.449512">
        <ele>302.00792</ele>
        <time>2025-10-08T20:09:13.103Z</time>
      </trkpt>
      <trkpt lat="-20.905873" lon="55.449143">
        <ele>315.097487</ele>
        <time>2025-10-08T20:10:42.107Z</time>
      </trkpt>
      <trkpt lat="-20.906024" lon="55.44896">
        <ele>319.072315</ele>
        <time>2025-10-08T20:11:09.586Z</time>
      </trkpt>
      <trkpt lat="-20.906677" lon="55.448665">
        <ele>331.587399</ele>
        <time>2025-10-08T20:12:33.426Z</time>
      </trkpt>
      <trkpt lat="-20.906608" lon="55.448941">
        <ele>336.543768</ele>
        <time>2025-10-08T20:13:00.552Z</time>
      </trkpt>
      <trkpt lat="-20.906879" lon="55.448756">
        <ele>342.144896</ele>
        <time>2025-10-08T20:13:27.557Z</time>
      </trkpt>
      <trkpt lat="-20.907009" lon="55.448476">
        <ele>347.089425</ele>
        <time>2025-10-08T20:13:50.669Z</time>
      </trkpt>
      <trkpt lat="-20.907088" lon="55.448587">
        <ele>349.712379</ele>
        <time>2025-10-08T20:14:03.395Z</time>
      </trkpt>
      <trkpt lat="-20.907123" lon="55.448965">
        <ele>355.5605</ele>
        <time>2025-10-08T20:14:29.754Z</time>
      </trkpt>
      <trkpt lat="-20.907302" lon="55.448982">
        <ele>358.713368</ele>
        <time>2025-10-08T20:14:44.882Z</time>
      </trkpt>
      <trkpt lat="-20.907424" lon="55.44887">
        <ele>361.362155</ele>
        <time>2025-10-08T20:14:58.152Z</time>
      </trkpt>
      <trkpt lat="-20.90757" lon="55.448417">
        <ele>368.773262</ele>
        <time>2025-10-08T20:15:37.710Z</time>
      </trkpt>
      <trkpt lat="-20.908312" lon="55.448095">
        <ele>384.675477</ele>
        <time>2025-10-08T20:17:24.448Z</time>
      </trkpt>
      <trkpt lat="-20.908558" lon="55.447833">
        <ele>392.459625</ele>
        <time>2025-10-08T20:18:12.867Z</time>
      </trkpt>
      <trkpt lat="-20.909211" lon="55.447639">
        <ele>407.57214</ele>
        <time>2025-10-08T20:19:39.447Z</time>
      </trkpt>
      <trkpt lat="-20.909158" lon="55.447503">
        <ele>410.722139</ele>
        <time>2025-10-08T20:19:55.857Z</time>
      </trkpt>
      <trkpt lat="-20.90877" lon="55.447252">
        <ele>419.248747</ele>
        <time>2025-10-08T20:20:45.708Z</time>
      </trkpt>
      <trkpt lat="-20.909236" lon="55.447167">
        <ele>427.214503</ele>
        <time>2025-10-08T20:21:34.900Z</time>
      </trkpt>
      <trkpt lat="-20.909106" lon="55.447011">
        <ele>431.347223</ele>
        <time>2025-10-08T20:21:59.492Z</time>
      </trkpt>
      <trkpt lat="-20.909582" lon="55.446865">
        <ele>439.665018</ele>
        <time>2025-10-08T20:22:47.431Z</time>
      </trkpt>
      <trkpt lat="-20.909745" lon="55.446654">
        <ele>444.205032</ele>
        <time>2025-10-08T20:23:12.839Z</time>
      </trkpt>
      <trkpt lat="-20.910783" lon="55.446377">
        <ele>457.500612</ele>
        <time>2025-10-08T20:24:45.322Z</time>
      </trkpt>
      <trkpt lat="-20.910626" lon="55.446283">
        <ele>459.729399</ele>
        <time>2025-10-08T20:24:59.493Z</time>
      </trkpt>
      <trkpt lat="-20.911258" lon="55.446094">
        <ele>468.518</ele>
        <time>2025-10-08T20:25:54.211Z</time>
      </trkpt>
      <trkpt lat="-20.911546" lon="55.445545">
        <ele>478.432853</ele>
        <time>2025-10-08T20:26:48.024Z</time>
      </trkpt>
      <trkpt lat="-20.912408" lon="55.444718">
        <ele>498.159263</ele>
        <time>2025-10-08T20:28:56.780Z</time>
      </trkpt>
      <trkpt lat="-20.912857" lon="55.444386">
        <ele>509.792072</ele>
        <time>2025-10-08T20:30:00.523Z</time>
      </trkpt>
      <trkpt lat="-20.912735" lon="55.444372">
        <ele>512.407703</ele>
        <time>2025-10-08T20:30:15.511Z</time>
      </trkpt>
      <trkpt lat="-20.912823" lon="55.444287">
        <ele>514.934383</ele>
        <time>2025-10-08T20:30:30.385Z</time>
      </trkpt>
      <trkpt lat="-20.913328" lon="55.444367">
        <ele>525.938704</ele>
        <time>2025-10-08T20:31:36.220Z</time>
      </trkpt>
      <trkpt lat="-20.913732" lon="55.443937">
        <ele>538.44644</ele>
        <time>2025-10-08T20:32:47.568Z</time>
      </trkpt>
      <trkpt lat="-20.914037" lon="55.443828">
        <ele>545.406756</ele>
        <time>2025-10-08T20:33:26.832Z</time>
      </trkpt>
      <trkpt lat="-20.914403" lon="55.443785">
        <ele>553.303496</ele>
        <time>2025-10-08T20:34:12.910Z</time>
      </trkpt>
      <trkpt lat="-20.914789" lon="55.443932">
        <ele>562.372361</ele>
        <time>2025-10-08T20:35:04.401Z</time>
      </trkpt>
      <trkpt lat="-20.914815" lon="55.443876">
        <ele>563.625199</ele>
        <time>2025-10-08T20:35:11.398Z</time>
      </trkpt>
      <trkpt lat="-20.914675" lon="55.443782">
        <ele>567.169478</ele>
        <time>2025-10-08T20:35:31.075Z</time>
      </trkpt>
      <trkpt lat="-20.914662" lon="55.443678">
        <ele>569.442428</ele>
        <time>2025-10-08T20:35:43.646Z</time>
      </trkpt>
      <trkpt lat="-20.915133" lon="55.443572">
        <ele>580.374412</ele>
        <time>2025-10-08T20:36:42.152Z</time>
      </trkpt>
      <trkpt lat="-20.915528" lon="55.443367">
        <ele>590.486996</ele>
        <time>2025-10-08T20:37:37.555Z</time>
      </trkpt>
      <trkpt lat="-20.91567" lon="55.443413">
        <ele>593.894412</ele>
        <time>2025-10-08T20:37:57.051Z</time>
      </trkpt>
      <trkpt lat="-20.915922" lon="55.44333">
        <ele>599.94993</ele>
        <time>2025-10-08T20:38:32.038Z</time>
      </trkpt>
      <trkpt lat="-20.916692" lon="55.443003">
        <ele>618.992328</ele>
        <time>2025-10-08T20:40:24.587Z</time>
      </trkpt>
      <trkpt lat="-20.916716" lon="55.443116">
        <ele>622.113831</ele>
        <time>2025-10-08T20:40:43.220Z</time>
      </trkpt>
      <trkpt lat="-20.917093" lon="55.44276">
        <ele>633.523997</ele>
        <time>2025-10-08T20:41:51.234Z</time>
      </trkpt>
      <trkpt lat="-20.917112" lon="55.442855">
        <ele>635.663761</ele>
        <time>2025-10-08T20:42:03.827Z</time>
      </trkpt>
      <trkpt lat="-20.917446" lon="55.44258">
        <ele>645.125389</ele>
        <time>2025-10-08T20:42:58.097Z</time>
      </trkpt>
      <trkpt lat="-20.917396" lon="55.442835">
        <ele>650.675457</ele>
        <time>2025-10-08T20:43:28.326Z</time>
      </trkpt>
      <trkpt lat="-20.917667" lon="55.442542">
        <ele>657.775281</ele>
        <time>2025-10-08T20:44:10.928Z</time>
      </trkpt>
      <trkpt lat="-20.91797" lon="55.442392">
        <ele>662.570804</ele>
        <time>2025-10-08T20:44:44.778Z</time>
      </trkpt>
      <trkpt lat="-20.917805" lon="55.442623">
        <ele>666.493067</ele>
        <time>2025-10-08T20:45:11.806Z</time>
      </trkpt>
      <trkpt lat="-20.91819" lon="55.442571">
        <ele>672.067535</ele>
        <time>2025-10-08T20:45:47.986Z</time>
      </trkpt>
      <trkpt lat="-20.918365" lon="55.442628">
        <ele>674.695233</ele>
        <time>2025-10-08T20:46:04.069Z</time>
      </trkpt>
      <trkpt lat="-20.918391" lon="55.442732">
        <ele>676.139869</ele>
        <time>2025-10-08T20:46:12.559Z</time>
      </trkpt>
      <trkpt lat="-20.918827" lon="55.443006">
        <ele>681.612184</ele>
        <time>2025-10-08T20:46:49.688Z</time>
      </trkpt>
      <trkpt lat="-20.919284" lon="55.442747">
        <ele>683.815637</ele>
        <time>2025-10-08T20:47:19.256Z</time>
      </trkpt>
      <trkpt lat="-20.919142" lon="55.443175">
        <ele>685.623261</ele>
        <time>2025-10-08T20:47:41.236Z</time>
      </trkpt>
      <trkpt lat="-20.919009" lon="55.443307">
        <ele>686.422049</ele>
        <time>2025-10-08T20:47:50.648Z</time>
      </trkpt>
      <trkpt lat="-20.919055" lon="55.443443">
        <ele>686.994756</ele>
        <time>2025-10-08T20:47:57.392Z</time>
      </trkpt>
      <trkpt lat="-20.91927" lon="55.443399">
        <ele>687.984573</ele>
        <time>2025-10-08T20:48:09.213Z</time>
      </trkpt>
      <trkpt lat="-20.919341" lon="55.443457">
        <ele>688.363146</ele>
        <time>2025-10-08T20:48:13.923Z</time>
      </trkpt>
      <trkpt lat="-20.919305" lon="55.443717">
        <ele>691.203136</ele>
        <time>2025-10-08T20:48:27.975Z</time>
      </trkpt>
      <trkpt lat="-20.919842" lon="55.443255">
        <ele>699.910503</ele>
        <time>2025-10-08T20:49:20.797Z</time>
      </trkpt>
      <trkpt lat="-20.920078" lon="55.443184">
        <ele>702.988874</ele>
        <time>2025-10-08T20:49:45.053Z</time>
      </trkpt>
      <trkpt lat="-20.92049" lon="55.44246">
        <ele>713.624363</ele>
        <time>2025-10-08T20:51:12.628Z</time>
      </trkpt>
      <trkpt lat="-20.92069" lon="55.442278">
        <ele>717.96556</ele>
        <time>2025-10-08T20:51:41.350Z</time>
      </trkpt>
      <trkpt lat="-20.920894" lon="55.441814">
        <ele>726.185014</ele>
        <time>2025-10-08T20:52:31.884Z</time>
      </trkpt>
      <trkpt lat="-20.921183" lon="55.44165">
        <ele>731.594606</ele>
        <time>2025-10-08T20:53:03.115Z</time>
      </trkpt>
      <trkpt lat="-20.921503" lon="55.441221">
        <ele>740.212165</ele>
        <time>2025-10-08T20:53:51.197Z</time>
      </trkpt>
      <trkpt lat="-20.921619" lon="55.441182">
        <ele>742.231992</ele>
        <time>2025-10-08T20:54:02.461Z</time>
      </trkpt>
      <trkpt lat="-20.921819" lon="55.440794">
        <ele>749.121803</ele>
        <time>2025-10-08T20:54:41.136Z</time>
      </trkpt>
      <trkpt lat="-20.921814" lon="55.440678">
        <ele>750.927177</ele>
        <time>2025-10-08T20:54:51.455Z</time>
      </trkpt>
      <trkpt lat="-20.922053" lon="55.440341">
        <ele>757.560623</ele>
        <time>2025-10-08T20:55:30.712Z</time>
      </trkpt>
      <trkpt lat="-20.922061" lon="55.440136">
        <ele>760.805832</ele>
        <time>2025-10-08T20:55:50.649Z</time>
      </trkpt>
      <trkpt lat="-20.922615" lon="55.43925">
        <ele>777.637219</ele>
        <time>2025-10-08T20:57:39.250Z</time>
      </trkpt>
      <trkpt lat="-20.92266" lon="55.438693">
        <ele>786.620761</ele>
        <time>2025-10-08T20:58:36.051Z</time>
      </trkpt>
      <trkpt lat="-20.922255" lon="55.438529">
        <ele>794.050482</ele>
        <time>2025-10-08T20:59:20.461Z</time>
      </trkpt>
      <trkpt lat="-20.922053" lon="55.438035">
        <ele>801.884287</ele>
        <time>2025-10-08T21:00:07.857Z</time>
      </trkpt>
      <trkpt lat="-20.921887" lon="55.437891">
        <ele>803.879006</ele>
        <time>2025-10-08T21:00:26.299Z</time>
      </trkpt>
      <trkpt lat="-20.922078" lon="55.437778">
        <ele>805.916398</ele>
        <time>2025-10-08T21:00:41.819Z</time>
      </trkpt>
      <trkpt lat="-20.922143" lon="55.437589">
        <ele>807.710271</ele>
        <time>2025-10-08T21:00:54.764Z</time>
      </trkpt>
      <trkpt lat="-20.921969" lon="55.437224">
        <ele>811.345573</ele>
        <time>2025-10-08T21:01:18.737Z</time>
      </trkpt>
      <trkpt lat="-20.922088" lon="55.436725">
        <ele>815.894902</ele>
        <time>2025-10-08T21:01:45.589Z</time>
      </trkpt>
      <trkpt lat="-20.921948" lon="55.436389">
        <ele>818.338755</ele>
        <time>2025-10-08T21:02:03.073Z</time>
      </trkpt>
      <trkpt lat="-20.921835" lon="55.435748">
        <ele>820.882752</ele>
        <time>2025-10-08T21:02:32.825Z</time>
      </trkpt>
      <trkpt lat="-20.922172" lon="55.435085">
        <ele>823.801533</ele>
        <time>2025-10-08T21:03:06.110Z</time>
      </trkpt>
      <trkpt lat="-20.922555" lon="55.435264">
        <ele>825.43009</ele>
        <time>2025-10-08T21:03:26.290Z</time>
      </trkpt>
      <trkpt lat="-20.922676" lon="55.435253">
        <ele>825.798551</ele>
        <time>2025-10-08T21:03:32.134Z</time>
      </trkpt>
      <trkpt lat="-20.922985" lon="55.434767">
        <ele>827.485739</ele>
        <time>2025-10-08T21:03:58.501Z</time>
      </trkpt>
      <trkpt lat="-20.923083" lon="55.434719">
        <ele>827.812733</ele>
        <time>2025-10-08T21:04:03.420Z</time>
      </trkpt>
      <trkpt lat="-20.923562" lon="55.434883">
        <ele>829.343607</ele>
        <time>2025-10-08T21:04:26.149Z</time>
      </trkpt>
      <trkpt lat="-20.923831" lon="55.434832">
        <ele>830.189839</ele>
        <time>2025-10-08T21:04:38.918Z</time>
      </trkpt>
      <trkpt lat="-20.924301" lon="55.434502">
        <ele>831.951802</ele>
        <time>2025-10-08T21:05:04.444Z</time>
      </trkpt>
      <trkpt lat="-20.924394" lon="55.43395">
        <ele>833.611268</ele>
        <time>2025-10-08T21:05:28.264Z</time>
      </trkpt>
      <trkpt lat="-20.924536" lon="55.433812">
        <ele>834.226585</ele>
        <time>2025-10-08T21:05:37.350Z</time>
      </trkpt>
      <trkpt lat="-20.925333" lon="55.433674">
        <ele>837.062637</ele>
        <time>2025-10-08T21:06:16.636Z</time>
      </trkpt>
      <trkpt lat="-20.925623" lon="55.433786">
        <ele>838.636287</ele>
        <time>2025-10-08T21:06:32.043Z</time>
      </trkpt>
      <trkpt lat="-20.926026" lon="55.433605">
        <ele>840.794855</ele>
        <time>2025-10-08T21:06:53.552Z</time>
      </trkpt>
      <trkpt lat="-20.926738" lon="55.433611">
        <ele>844.311696</ele>
        <time>2025-10-08T21:07:29.994Z</time>
      </trkpt>
      <trkpt lat="-20.927033" lon="55.43331">
        <ele>847.504111</ele>
        <time>2025-10-08T21:07:51.503Z</time>
      </trkpt>
      <trkpt lat="-20.927775" lon="55.433664">
        <ele>855.39454</ele>
        <time>2025-10-08T21:08:39.924Z</time>
      </trkpt>
      <trkpt lat="-20.928152" lon="55.433512">
        <ele>859.276806</ele>
        <time>2025-10-08T21:09:08.149Z</time>
      </trkpt>
      <trkpt lat="-20.928463" lon="55.433529">
        <ele>862.252876</ele>
        <time>2025-10-08T21:09:31.083Z</time>
      </trkpt>
      <trkpt lat="-20.92897" lon="55.433264">
        <ele>871.549643</ele>
        <time>2025-10-08T21:10:25.582Z</time>
      </trkpt>
      <trkpt lat="-20.929396" lon="55.433256">
        <ele>878.764303</ele>
        <time>2025-10-08T21:11:09.254Z</time>
      </trkpt>
      <trkpt lat="-20.929629" lon="55.433392">
        <ele>883.151096</ele>
        <time>2025-10-08T21:11:32.401Z</time>
      </trkpt>
      <trkpt lat="-20.930204" lon="55.433517">
        <ele>892.832826</ele>
        <time>2025-10-08T21:12:23.716Z</time>
      </trkpt>
      <trkpt lat="-20.930406" lon="55.43386">
        <ele>899.180583</ele>
        <time>2025-10-08T21:12:59.649Z</time>
      </trkpt>
      <trkpt lat="-20.930733" lon="55.433727">
        <ele>904.837102</ele>
        <time>2025-10-08T21:13:31.392Z</time>
      </trkpt>
      <trkpt lat="-20.930954" lon="55.434003">
        <ele>910.201012</ele>
        <time>2025-10-08T21:14:00.378Z</time>
      </trkpt>
      <trkpt lat="-20.931404" lon="55.434041">
        <ele>917.428655</ele>
        <time>2025-10-08T21:14:37.089Z</time>
      </trkpt>
      <trkpt lat="-20.931462" lon="55.434199">
        <ele>920.025507</ele>
        <time>2025-10-08T21:14:49.868Z</time>
      </trkpt>
      <trkpt lat="-20.931422" lon="55.434528">
        <ele>923.323695</ele>
        <time>2025-10-08T21:15:10.200Z</time>
      </trkpt>
      <trkpt lat="-20.931474" lon="55.434572">
        <ele>923.993964</ele>
        <time>2025-10-08T21:15:14.123Z</time>
      </trkpt>
      <trkpt lat="-20.931568" lon="55.434498">
        <ele>925.28095</ele>
        <time>2025-10-08T21:15:21.787Z</time>
      </trkpt>
      <trkpt lat="-20.93167" lon="55.433942">
        <ele>930.665213</ele>
        <time>2025-10-08T21:15:54.456Z</time>
      </trkpt>
      <trkpt lat="-20.931652" lon="55.433857">
        <ele>931.488454</ele>
        <time>2025-10-08T21:15:59.657Z</time>
      </trkpt>
      <trkpt lat="-20.931445" lon="55.433718">
        <ele>934.009359</ele>
        <time>2025-10-08T21:16:15.380Z</time>
      </trkpt>
      <trkpt lat="-20.931483" lon="55.43354">
        <ele>935.877577</ele>
        <time>2025-10-08T21:16:27.419Z</time>
      </trkpt>
      <trkpt lat="-20.931814" lon="55.433698">
        <ele>939.633319</ele>
        <time>2025-10-08T21:16:49.655Z</time>
      </trkpt>
      <trkpt lat="-20.931937" lon="55.433961">
        <ele>942.592336</ele>
        <time>2025-10-08T21:17:07.252Z</time>
      </trkpt>
      <trkpt lat="-20.932314" lon="55.433948">
        <ele>946.762791</ele>
        <time>2025-10-08T21:17:37.029Z</time>
      </trkpt>
      <trkpt lat="-20.932352" lon="55.434078">
        <ele>948.180665</ele>
        <time>2025-10-08T21:17:48.034Z</time>
      </trkpt>
      <trkpt lat="-20.932241" lon="55.434323">
        <ele>950.945901</ele>
        <time>2025-10-08T21:18:08.420Z</time>
      </trkpt>
      <trkpt lat="-20.932308" lon="55.43438">
        <ele>951.965352</ele>
        <time>2025-10-08T21:18:15.398Z</time>
      </trkpt>
      <trkpt lat="-20.932648" lon="55.434123">
        <ele>956.492868</ele>
        <time>2025-10-08T21:18:39.612Z</time>
      </trkpt>
      <trkpt lat="-20.932691" lon="55.433814">
        <ele>959.204565</ele>
        <time>2025-10-08T21:18:54.595Z</time>
      </trkpt>
      <trkpt lat="-20.932923" lon="55.434058">
        <ele>961.591144</ele>
        <time>2025-10-08T21:19:13.561Z</time>
      </trkpt>
      <trkpt lat="-20.932921" lon="55.434196">
        <ele>962.530294</ele>
        <time>2025-10-08T21:19:22.778Z</time>
      </trkpt>
      <trkpt lat="-20.932755" lon="55.434462">
        <ele>964.707176</ele>
        <time>2025-10-08T21:19:41.147Z</time>
      </trkpt>
      <trkpt lat="-20.932796" lon="55.434511">
        <ele>965.154834</ele>
        <time>2025-10-08T21:19:44.081Z</time>
      </trkpt>
      <trkpt lat="-20.933158" lon="55.434165">
        <ele>968.72423</ele>
        <time>2025-10-08T21:20:08.007Z</time>
      </trkpt>
      <trkpt lat="-20.933297" lon="55.433822">
        <ele>971.308907</ele>
        <time>2025-10-08T21:20:27.018Z</time>
      </trkpt>
      <trkpt lat="-20.93321" lon="55.433665">
        <ele>972.930467</ele>
        <time>2025-10-08T21:20:38.351Z</time>
      </trkpt>
      <trkpt lat="-20.932952" lon="55.433659">
        <ele>975.357465</ele>
        <time>2025-10-08T21:20:57.375Z</time>
      </trkpt>
      <trkpt lat="-20.933011" lon="55.433537">
        <ele>976.686093</ele>
        <time>2025-10-08T21:21:07.390Z</time>
      </trkpt>
      <trkpt lat="-20.933517" lon="55.433539">
        <ele>981.350139</ele>
        <time>2025-10-08T21:21:36.328Z</time>
      </trkpt>
      <trkpt lat="-20.934042" lon="55.433829">
        <ele>986.790456</ele>
        <time>2025-10-08T21:22:14.181Z</time>
      </trkpt>
      <trkpt lat="-20.934225" lon="55.433847">
        <ele>988.736667</ele>
        <time>2025-10-08T21:22:27.386Z</time>
      </trkpt>
      <trkpt lat="-20.934508" lon="55.4335">
        <ele>993.963184</ele>
        <time>2025-10-08T21:22:57.758Z</time>
      </trkpt>
      <trkpt lat="-20.935154" lon="55.433167">
        <ele>1002.628866</ele>
        <time>2025-10-08T21:23:50.211Z</time>
      </trkpt>
      <trkpt lat="-20.935597" lon="55.433216">
        <ele>1008.058738</ele>
        <time>2025-10-08T21:24:24.254Z</time>
      </trkpt>
      <trkpt lat="-20.936393" lon="55.433064">
        <ele>1017.756051</ele>
        <time>2025-10-08T21:25:22.198Z</time>
      </trkpt>
      <trkpt lat="-20.937129" lon="55.432618">
        <ele>1027.897319</ele>
        <time>2025-10-08T21:26:22.822Z</time>
      </trkpt>
      <trkpt lat="-20.937365" lon="55.432712">
        <ele>1030.908188</ele>
        <time>2025-10-08T21:26:40.782Z</time>
      </trkpt>
      <trkpt lat="-20.937655" lon="55.432961">
        <ele>1034.29129</ele>
        <time>2025-10-08T21:27:07.977Z</time>
      </trkpt>
      <trkpt lat="-20.938268" lon="55.433099">
        <ele>1039.911161</ele>
        <time>2025-10-08T21:27:50.811Z</time>
      </trkpt>
      <trkpt lat="-20.938912" lon="55.433082">
        <ele>1045.664595</ele>
        <time>2025-10-08T21:28:25.966Z</time>
      </trkpt>
      <trkpt lat="-20.938998" lon="55.432946">
        <ele>1047.08703</ele>
        <time>2025-10-08T21:28:34.088Z</time>
      </trkpt>
      <trkpt lat="-20.938972" lon="55.432867">
        <ele>1047.623162</ele>
        <time>2025-10-08T21:28:38.007Z</time>
      </trkpt>
      <trkpt lat="-20.938356" lon="55.432208">
        <ele>1053.595288</ele>
        <time>2025-10-08T21:29:21.496Z</time>
      </trkpt>
      <trkpt lat="-20.938318" lon="55.432067">
        <ele>1054.555009</ele>
        <time>2025-10-08T21:29:28.816Z</time>
      </trkpt>
      <trkpt lat="-20.938711" lon="55.431533">
        <ele>1058.947871</ele>
        <time>2025-10-08T21:30:09.289Z</time>
      </trkpt>
      <trkpt lat="-20.938674" lon="55.431153">
        <ele>1060.793478</ele>
        <time>2025-10-08T21:30:34.939Z</time>
      </trkpt>
      <trkpt lat="-20.939158" lon="55.431094">
        <ele>1062.980665</ele>
        <time>2025-10-08T21:31:03.409Z</time>
      </trkpt>
      <trkpt lat="-20.939225" lon="55.431029">
        <ele>1063.384968</ele>
        <time>2025-10-08T21:31:08.033Z</time>
      </trkpt>
      <trkpt lat="-20.939078" lon="55.430621">
        <ele>1065.2583</ele>
        <time>2025-10-08T21:31:27.421Z</time>
      </trkpt>
      <trkpt lat="-20.939135" lon="55.430367">
        <ele>1066.374963</ele>
        <time>2025-10-08T21:31:37.588Z</time>
      </trkpt>
      <trkpt lat="-20.938879" lon="55.430232">
        <ele>1067.399581</ele>
        <time>2025-10-08T21:31:49.144Z</time>
      </trkpt>
      <trkpt lat="-20.938813" lon="55.43006">
        <ele>1067.418939</ele>
        <time>2025-10-08T21:31:56.030Z</time>
      </trkpt>
      <trkpt lat="-20.938867" lon="55.429871">
        <ele>1067.439403</ele>
        <time>2025-10-08T21:32:03.199Z</time>
      </trkpt>
      <trkpt lat="-20.93929" lon="55.429528">
        <ele>1067.497892</ele>
        <time>2025-10-08T21:32:24.149Z</time>
      </trkpt>
      <trkpt lat="-20.939396" lon="55.429546">
        <ele>1067.509605</ele>
        <time>2025-10-08T21:32:28.491Z</time>
      </trkpt>
      <trkpt lat="-20.939697" lon="55.42986">
        <ele>1067.555469</ele>
        <time>2025-10-08T21:32:46.387Z</time>
      </trkpt>
      <trkpt lat="-20.940204" lon="55.429964">
        <ele>1069.019001</ele>
        <time>2025-10-08T21:33:11.540Z</time>
      </trkpt>
      <trkpt lat="-20.940306" lon="55.430377">
        <ele>1071.60424</ele>
        <time>2025-10-08T21:33:31.947Z</time>
      </trkpt>
      <trkpt lat="-20.94058" lon="55.43071">
        <ele>1074.290487</ele>
        <time>2025-10-08T21:33:54.218Z</time>
      </trkpt>
      <trkpt lat="-20.940584" lon="55.431105">
        <ele>1076.66734</ele>
        <time>2025-10-08T21:34:14.624Z</time>
      </trkpt>
      <trkpt lat="-20.940883" lon="55.431612">
        <ele>1080.952568</ele>
        <time>2025-10-08T21:34:49.571Z</time>
      </trkpt>
      <trkpt lat="-20.941099" lon="55.43184">
        <ele>1084.052419</ele>
        <time>2025-10-08T21:35:10.888Z</time>
      </trkpt>
      <trkpt lat="-20.941606" lon="55.432026">
        <ele>1089.562024</ele>
        <time>2025-10-08T21:35:48.876Z</time>
      </trkpt>
      <trkpt lat="-20.942231" lon="55.432141">
        <ele>1096.093962</ele>
        <time>2025-10-08T21:36:29.203Z</time>
      </trkpt>
      <trkpt lat="-20.942297" lon="55.432086">
        <ele>1096.948689</ele>
        <time>2025-10-08T21:36:34.903Z</time>
      </trkpt>
      <trkpt lat="-20.942281" lon="55.431454">
        <ele>1102.272042</ele>
        <time>2025-10-08T21:37:14.618Z</time>
      </trkpt>
      <trkpt lat="-20.942348" lon="55.431299">
        <ele>1103.714068</ele>
        <time>2025-10-08T21:37:24.940Z</time>
      </trkpt>
      <trkpt lat="-20.943132" lon="55.431197">
        <ele>1110.909649</ele>
        <time>2025-10-08T21:38:12.336Z</time>
      </trkpt>
      <trkpt lat="-20.943311" lon="55.43104">
        <ele>1112.968103</ele>
        <time>2025-10-08T21:38:26.292Z</time>
      </trkpt>
      <trkpt lat="-20.943444" lon="55.430666">
        <ele>1115.833651</ele>
        <time>2025-10-08T21:38:49.512Z</time>
      </trkpt>
      <trkpt lat="-20.94353" lon="55.430816">
        <ele>1117.068175</ele>
        <time>2025-10-08T21:38:59.005Z</time>
      </trkpt>
      <trkpt lat="-20.943289" lon="55.431557">
        <ele>1122.450594</ele>
        <time>2025-10-08T21:39:38.999Z</time>
      </trkpt>
      <trkpt lat="-20.943722" lon="55.431385">
        <ele>1125.844765</ele>
        <time>2025-10-08T21:40:04.751Z</time>
      </trkpt>
      <trkpt lat="-20.944282" lon="55.431432">
        <ele>1131.146347</ele>
        <time>2025-10-08T21:40:37.877Z</time>
      </trkpt>
      <trkpt lat="-20.945265" lon="55.431032">
        <ele>1141.462367</ele>
        <time>2025-10-08T21:41:47.762Z</time>
      </trkpt>
      <trkpt lat="-20.945678" lon="55.43117">
        <ele>1145.926778</ele>
        <time>2025-10-08T21:42:18.197Z</time>
      </trkpt>
      <trkpt lat="-20.946219" lon="55.4318">
        <ele>1154.874025</ele>
        <time>2025-10-08T21:43:17.134Z</time>
      </trkpt>
      <trkpt lat="-20.947377" lon="55.432925">
        <ele>1166.741902</ele>
        <time>2025-10-08T21:44:52.895Z</time>
      </trkpt>
      <trkpt lat="-20.947772" lon="55.433117">
        <ele>1168.340605</ele>
        <time>2025-10-08T21:45:11.850Z</time>
      </trkpt>
      <trkpt lat="-20.948021" lon="55.432864">
        <ele>1169.621041</ele>
        <time>2025-10-08T21:45:26.486Z</time>
      </trkpt>
      <trkpt lat="-20.948134" lon="55.432864">
        <ele>1170.06961</ele>
        <time>2025-10-08T21:45:31.641Z</time>
      </trkpt>
      <trkpt lat="-20.948625" lon="55.434531">
        <ele>1175.891075</ele>
        <time>2025-10-08T21:46:48.393Z</time>
      </trkpt>
      <trkpt lat="-20.948617" lon="55.435194">
        <ele>1178.522737</ele>
        <time>2025-10-08T21:47:20.643Z</time>
      </trkpt>
      <trkpt lat="-20.949605" lon="55.435853">
        <ele>1184.042572</ele>
        <time>2025-10-08T21:48:17.164Z</time>
      </trkpt>
      <trkpt lat="-20.950106" lon="55.435972">
        <ele>1187.193782</ele>
        <time>2025-10-08T21:48:42.846Z</time>
      </trkpt>
      <trkpt lat="-20.951213" lon="55.436485">
        <ele>1197.169956</ele>
        <time>2025-10-08T21:49:55.667Z</time>
      </trkpt>
      <trkpt lat="-20.95188" lon="55.436568">
        <ele>1203.138214</ele>
        <time>2025-10-08T21:50:40.627Z</time>
      </trkpt>
      <trkpt lat="-20.952044" lon="55.43703">
        <ele>1207.571226</ele>
        <time>2025-10-08T21:51:10.951Z</time>
      </trkpt>
      <trkpt lat="-20.95212" lon="55.437596">
        <ele>1212.887534</ele>
        <time>2025-10-08T21:51:50.607Z</time>
      </trkpt>
      <trkpt lat="-20.952217" lon="55.437555">
        <ele>1213.952161</ele>
        <time>2025-10-08T21:51:58.492Z</time>
      </trkpt>
      <trkpt lat="-20.952366" lon="55.437068">
        <ele>1218.650016</ele>
        <time>2025-10-08T21:52:33.589Z</time>
      </trkpt>
      <trkpt lat="-20.952502" lon="55.436872">
        <ele>1221.19149</ele>
        <time>2025-10-08T21:52:51.184Z</time>
      </trkpt>
      <trkpt lat="-20.953005" lon="55.437077">
        <ele>1226.946191</ele>
        <time>2025-10-08T21:53:33.005Z</time>
      </trkpt>
      <trkpt lat="-20.953024" lon="55.437143">
        <ele>1227.635832</ele>
        <time>2025-10-08T21:53:37.953Z</time>
      </trkpt>
      <trkpt lat="-20.953208" lon="55.437154">
        <ele>1229.606313</ele>
        <time>2025-10-08T21:53:52.771Z</time>
      </trkpt>
      <trkpt lat="-20.953199" lon="55.437282">
        <ele>1230.888064</ele>
        <time>2025-10-08T21:54:02.546Z</time>
      </trkpt>
      <trkpt lat="-20.95355" lon="55.437251">
        <ele>1235.015792</ele>
        <time>2025-10-08T21:54:35.162Z</time>
      </trkpt>
      <trkpt lat="-20.953519" lon="55.437371">
        <ele>1236.259041</ele>
        <time>2025-10-08T21:54:45.022Z</time>
      </trkpt>
      <trkpt lat="-20.953584" lon="55.437309">
        <ele>1237.291292</ele>
        <time>2025-10-08T21:54:52.367Z</time>
      </trkpt>
      <trkpt lat="-20.95384" lon="55.43752">
        <ele>1242.026391</ele>
        <time>2025-10-08T21:55:20.681Z</time>
      </trkpt>
      <trkpt lat="-20.953821" lon="55.437623">
        <ele>1243.424186</ele>
        <time>2025-10-08T21:55:29.142Z</time>
      </trkpt>
      <trkpt lat="-20.953957" lon="55.437555">
        <ele>1245.564</ele>
        <time>2025-10-08T21:55:42.255Z</time>
      </trkpt>
      <trkpt lat="-20.954248" lon="55.437824">
        <ele>1251.110182</ele>
        <time>2025-10-08T21:56:17.459Z</time>
      </trkpt>
      <trkpt lat="-20.954305" lon="55.437963">
        <ele>1253.131318</ele>
        <time>2025-10-08T21:56:30.627Z</time>
      </trkpt>
      <trkpt lat="-20.954489" lon="55.43796">
        <ele>1255.85829</ele>
        <time>2025-10-08T21:56:48.854Z</time>
      </trkpt>
      <trkpt lat="-20.954613" lon="55.438137">
        <ele>1258.932213</ele>
        <time>2025-10-08T21:57:09.875Z</time>
      </trkpt>
      <trkpt lat="-20.954764" lon="55.438079">
        <ele>1261.219226</ele>
        <time>2025-10-08T21:57:25.759Z</time>
      </trkpt>
      <trkpt lat="-20.955024" lon="55.438195">
        <ele>1265.149496</ele>
        <time>2025-10-08T21:57:53.746Z</time>
      </trkpt>
      <trkpt lat="-20.955062" lon="55.438334">
        <ele>1267.017021</ele>
        <time>2025-10-08T21:58:07.304Z</time>
      </trkpt>
      <trkpt lat="-20.955364" lon="55.438352">
        <ele>1271.290265</ele>
        <time>2025-10-08T21:58:38.120Z</time>
      </trkpt>
      <trkpt lat="-20.955501" lon="55.438254">
        <ele>1273.624469</ele>
        <time>2025-10-08T21:58:54.577Z</time>
      </trkpt>
      <trkpt lat="-20.955571" lon="55.438337">
        <ele>1275.066531</ele>
        <time>2025-10-08T21:59:04.580Z</time>
      </trkpt>
      <trkpt lat="-20.955762" lon="55.438326">
        <ele>1277.707572</ele>
        <time>2025-10-08T21:59:22.239Z</time>
      </trkpt>
      <trkpt lat="-20.955999" lon="55.438204">
        <ele>1281.383671</ele>
        <time>2025-10-08T21:59:45.726Z</time>
      </trkpt>
      <trkpt lat="-20.956227" lon="55.438146">
        <ele>1284.951081</ele>
        <time>2025-10-08T22:00:07.086Z</time>
      </trkpt>
      <trkpt lat="-20.956436" lon="55.438298">
        <ele>1288.109898</ele>
        <time>2025-10-08T22:00:27.302Z</time>
      </trkpt>
      <trkpt lat="-20.956598" lon="55.438366">
        <ele>1289.547557</ele>
        <time>2025-10-08T22:00:40.255Z</time>
      </trkpt>
      <trkpt lat="-20.956684" lon="55.438246">
        <ele>1290.615942</ele>
        <time>2025-10-08T22:00:49.578Z</time>
      </trkpt>
      <trkpt lat="-20.956876" lon="55.438324">
        <ele>1292.169094</ele>
        <time>2025-10-08T22:01:02.573Z</time>
      </trkpt>
      <trkpt lat="-20.957057" lon="55.438083">
        <ele>1294.558262</ele>
        <time>2025-10-08T22:01:21.829Z</time>
      </trkpt>
      <trkpt lat="-20.95716" lon="55.43809">
        <ele>1295.338853</ele>
        <time>2025-10-08T22:01:28.058Z</time>
      </trkpt>
      <trkpt lat="-20.957261" lon="55.438296">
        <ele>1297.000801</ele>
        <time>2025-10-08T22:01:41.500Z</time>
      </trkpt>
      <trkpt lat="-20.957379" lon="55.438328">
        <ele>1297.921449</ele>
        <time>2025-10-08T22:01:49.111Z</time>
      </trkpt>
      <trkpt lat="-20.957482" lon="55.438216">
        <ele>1299.031695</ele>
        <time>2025-10-08T22:01:58.599Z</time>
      </trkpt>
      <trkpt lat="-20.957608" lon="55.438607">
        <ele>1302.564237</ele>
        <time>2025-10-08T22:02:26.473Z</time>
      </trkpt>
      <trkpt lat="-20.957943" lon="55.438534">
        <ele>1306.416951</ele>
        <time>2025-10-08T22:02:54.521Z</time>
      </trkpt>
      <trkpt lat="-20.958005" lon="55.438626">
        <ele>1307.570813</ele>
        <time>2025-10-08T22:03:03.376Z</time>
      </trkpt>
      <trkpt lat="-20.958141" lon="55.438641">
        <ele>1309.131129</ele>
        <time>2025-10-08T22:03:15.454Z</time>
      </trkpt>
      <trkpt lat="-20.95818" lon="55.438963">
        <ele>1312.461785</ele>
        <time>2025-10-08T22:03:41.526Z</time>
      </trkpt>
      <trkpt lat="-20.958393" lon="55.439065">
        <ele>1315.132323</ele>
        <time>2025-10-08T22:04:02.377Z</time>
      </trkpt>
      <trkpt lat="-20.958423" lon="55.439184">
        <ele>1316.385907</ele>
        <time>2025-10-08T22:04:12.231Z</time>
      </trkpt>
      <trkpt lat="-20.95877" lon="55.439136">
        <ele>1320.1964</ele>
        <time>2025-10-08T22:04:41.493Z</time>
      </trkpt>
      <trkpt lat="-20.958817" lon="55.439382">
        <ele>1322.978265</ele>
        <time>2025-10-08T22:05:03.839Z</time>
      </trkpt>
      <trkpt lat="-20.95907" lon="55.439227">
        <ele>1326.100204</ele>
        <time>2025-10-08T22:05:28.600Z</time>
      </trkpt>
      <trkpt lat="-20.95927" lon="55.439481">
        <ele>1329.366931</ele>
        <time>2025-10-08T22:05:53.330Z</time>
      </trkpt>
      <trkpt lat="-20.959575" lon="55.439431">
        <ele>1332.508435</ele>
        <time>2025-10-08T22:06:16.335Z</time>
      </trkpt>
      <trkpt lat="-20.959704" lon="55.439974">
        <ele>1338.061083</ele>
        <time>2025-10-08T22:06:56.334Z</time>
      </trkpt>
      <trkpt lat="-20.959963" lon="55.439988">
        <ele>1341.113692</ele>
        <time>2025-10-08T22:07:15.931Z</time>
      </trkpt>
      <trkpt lat="-20.959982" lon="55.440157">
        <ele>1343.133113</ele>
        <time>2025-10-08T22:07:28.640Z</time>
      </trkpt>
      <trkpt lat="-20.960205" lon="55.440063">
        <ele>1346.172983</ele>
        <time>2025-10-08T22:07:48.292Z</time>
      </trkpt>
      <trkpt lat="-20.960257" lon="55.440226">
        <ele>1348.164734</ele>
        <time>2025-10-08T22:08:01.665Z</time>
      </trkpt>
      <trkpt lat="-20.960379" lon="55.440241">
        <ele>1349.661423</ele>
        <time>2025-10-08T22:08:11.870Z</time>
      </trkpt>
      <trkpt lat="-20.960656" lon="55.439986">
        <ele>1354.209974</ele>
        <time>2025-10-08T22:08:43.950Z</time>
      </trkpt>
      <trkpt lat="-20.961013" lon="55.440327">
        <ele>1360.205725</ele>
        <time>2025-10-08T22:09:29.401Z</time>
      </trkpt>
      <trkpt lat="-20.96113" lon="55.440249">
        <ele>1362.225706</ele>
        <time>2025-10-08T22:09:43.411Z</time>
      </trkpt>
      <trkpt lat="-20.961627" lon="55.440326">
        <ele>1370.133807</ele>
        <time>2025-10-08T22:10:35.026Z</time>
      </trkpt>
      <trkpt lat="-20.961872" lon="55.44008">
        <ele>1375.322888</ele>
        <time>2025-10-08T22:11:07.890Z</time>
      </trkpt>
      <trkpt lat="-20.962051" lon="55.440081">
        <ele>1378.002721</ele>
        <time>2025-10-08T22:11:24.436Z</time>
      </trkpt>
      <trkpt lat="-20.962166" lon="55.439982">
        <ele>1380.330348</ele>
        <time>2025-10-08T22:11:38.526Z</time>
      </trkpt>
      <trkpt lat="-20.962368" lon="55.440193">
        <ele>1384.554881</ele>
        <time>2025-10-08T22:12:03.950Z</time>
      </trkpt>
      <trkpt lat="-20.962189" lon="55.44013">
        <ele>1387.448453</ele>
        <time>2025-10-08T22:12:21.690Z</time>
      </trkpt>
      <trkpt lat="-20.962003" lon="55.440343">
        <ele>1392.084575</ele>
        <time>2025-10-08T22:12:47.316Z</time>
      </trkpt>
      <trkpt lat="-20.962132" lon="55.44022">
        <ele>1395.188254</ele>
        <time>2025-10-08T22:13:04.446Z</time>
      </trkpt>
      <trkpt lat="-20.962298" lon="55.440407">
        <ele>1399.441524</ele>
        <time>2025-10-08T22:13:28.407Z</time>
      </trkpt>
      <trkpt lat="-20.962501" lon="55.440467">
        <ele>1402.999495</ele>
        <time>2025-10-08T22:13:49.451Z</time>
      </trkpt>
      <trkpt lat="-20.962598" lon="55.440344">
        <ele>1405.804315</ele>
        <time>2025-10-08T22:14:06.500Z</time>
      </trkpt>
      <trkpt lat="-20.96284" lon="55.440289">
        <ele>1410.050943</ele>
        <time>2025-10-08T22:14:33.225Z</time>
      </trkpt>
      <trkpt lat="-20.963055" lon="55.440411">
        <ele>1414.335773</ele>
        <time>2025-10-08T22:15:01.267Z</time>
      </trkpt>
      <trkpt lat="-20.963181" lon="55.440114">
        <ele>1419.382793</ele>
        <time>2025-10-08T22:15:36.459Z</time>
      </trkpt>
      <trkpt lat="-20.963478" lon="55.43978">
        <ele>1425.939881</ele>
        <time>2025-10-08T22:16:23.780Z</time>
      </trkpt>
      <trkpt lat="-20.963628" lon="55.439824">
        <ele>1428.640448</ele>
        <time>2025-10-08T22:16:41.952Z</time>
      </trkpt>
      <trkpt lat="-20.96373" lon="55.439695">
        <ele>1431.257417</ele>
        <time>2025-10-08T22:16:58.817Z</time>
      </trkpt>
      <trkpt lat="-20.963974" lon="55.43985">
        <ele>1435.745617</ele>
        <time>2025-10-08T22:17:26.380Z</time>
      </trkpt>
      <trkpt lat="-20.964148" lon="55.439701">
        <ele>1439.201638</ele>
        <time>2025-10-08T22:17:46.490Z</time>
      </trkpt>
      <trkpt lat="-20.96422" lon="55.439801">
        <ele>1440.996884</ele>
        <time>2025-10-08T22:17:56.621Z</time>
      </trkpt>
      <trkpt lat="-20.964549" lon="55.439923">
        <ele>1446.071163</ele>
        <time>2025-10-08T22:18:27.130Z</time>
      </trkpt>
      <trkpt lat="-20.965215" lon="55.439561">
        <ele>1452.030249</ele>
        <time>2025-10-08T22:19:20.009Z</time>
      </trkpt>
      <trkpt lat="-20.965332" lon="55.439694">
        <ele>1453.460749</ele>
        <time>2025-10-08T22:19:31.482Z</time>
      </trkpt>
      <trkpt lat="-20.965267" lon="55.439975">
        <ele>1455.597436</ele>
        <time>2025-10-08T22:19:48.397Z</time>
      </trkpt>
      <trkpt lat="-20.965392" lon="55.44018">
        <ele>1457.448165</ele>
        <time>2025-10-08T22:20:03.153Z</time>
      </trkpt>
      <trkpt lat="-20.965374" lon="55.440262">
        <ele>1458.064768</ele>
        <time>2025-10-08T22:20:08.081Z</time>
      </trkpt>
      <trkpt lat="-20.965775" lon="55.440395">
        <ele>1462.107668</ele>
        <time>2025-10-08T22:20:36.034Z</time>
      </trkpt>
      <trkpt lat="-20.965862" lon="55.440285">
        <ele>1463.757423</ele>
        <time>2025-10-08T22:20:46.668Z</time>
      </trkpt>
      <trkpt lat="-20.966108" lon="55.440277">
        <ele>1466.627432</ele>
        <time>2025-10-08T22:21:06.274Z</time>
      </trkpt>
      <trkpt lat="-20.966245" lon="55.440131">
        <ele>1468.8465</ele>
        <time>2025-10-08T22:21:22.393Z</time>
      </trkpt>
      <trkpt lat="-20.966351" lon="55.440181">
        <ele>1470.068031</ele>
        <time>2025-10-08T22:21:31.674Z</time>
      </trkpt>
      <trkpt lat="-20.966751" lon="55.440079">
        <ele>1474.483989</ele>
        <time>2025-10-08T22:22:06.932Z</time>
      </trkpt>
      <trkpt lat="-20.966991" lon="55.440224">
        <ele>1477.42916</ele>
        <time>2025-10-08T22:22:31.642Z</time>
      </trkpt>
      <trkpt lat="-20.967176" lon="55.440158">
        <ele>1480.09513</ele>
        <time>2025-10-08T22:22:49.688Z</time>
      </trkpt>
      <trkpt lat="-20.967344" lon="55.440218">
        <ele>1482.996318</ele>
        <time>2025-10-08T22:23:06.231Z</time>
      </trkpt>
      <trkpt lat="-20.967505" lon="55.440073">
        <ele>1486.46894</ele>
        <time>2025-10-08T22:23:26.428Z</time>
      </trkpt>
      <trkpt lat="-20.967967" lon="55.440349">
        <ele>1495.748801</ele>
        <time>2025-10-08T22:24:23.041Z</time>
      </trkpt>
      <trkpt lat="-20.968326" lon="55.44051">
        <ele>1502.124801</ele>
        <time>2025-10-08T22:25:03.507Z</time>
      </trkpt>
      <trkpt lat="-20.969513" lon="55.44029">
        <ele>1521.167102</ele>
        <time>2025-10-08T22:27:09.638Z</time>
      </trkpt>
      <trkpt lat="-20.96978" lon="55.440083">
        <ele>1526.274549</ele>
        <time>2025-10-08T22:27:41.339Z</time>
      </trkpt>
      <trkpt lat="-20.970151" lon="55.439971">
        <ele>1532.194839</ele>
        <time>2025-10-08T22:28:15.956Z</time>
      </trkpt>
      <trkpt lat="-20.970713" lon="55.440414">
        <ele>1541.3606</ele>
        <time>2025-10-08T22:29:14.042Z</time>
      </trkpt>
      <trkpt lat="-20.971493" lon="55.440832">
        <ele>1552.040783</ele>
        <time>2025-10-08T22:30:24.941Z</time>
      </trkpt>
      <trkpt lat="-20.971681" lon="55.441026">
        <ele>1555.213141</ele>
        <time>2025-10-08T22:30:47.585Z</time>
      </trkpt>
      <trkpt lat="-20.972147" lon="55.441031">
        <ele>1562.880882</ele>
        <time>2025-10-08T22:31:32.707Z</time>
      </trkpt>
      <trkpt lat="-20.972219" lon="55.441216">
        <ele>1566.425955</ele>
        <time>2025-10-08T22:31:52.433Z</time>
      </trkpt>
      <trkpt lat="-20.972636" lon="55.441638">
        <ele>1576.782569</ele>
        <time>2025-10-08T22:32:54.136Z</time>
      </trkpt>
      <trkpt lat="-20.972976" lon="55.441671">
        <ele>1583.052389</ele>
        <time>2025-10-08T22:33:34.108Z</time>
      </trkpt>
      <trkpt lat="-20.973154" lon="55.441799">
        <ele>1586.86891</ele>
        <time>2025-10-08T22:33:58.956Z</time>
      </trkpt>
      <trkpt lat="-20.973354" lon="55.442129">
        <ele>1593.868024</ele>
        <time>2025-10-08T22:34:42.169Z</time>
      </trkpt>
      <trkpt lat="-20.97334" lon="55.442382">
        <ele>1598.514681</ele>
        <time>2025-10-08T22:35:09.579Z</time>
      </trkpt>
      <trkpt lat="-20.97409" lon="55.442688">
        <ele>1614.266069</ele>
        <time>2025-10-08T22:36:39.857Z</time>
      </trkpt>
      <trkpt lat="-20.974136" lon="55.442755">
        <ele>1615.77387</ele>
        <time>2025-10-08T22:36:48.248Z</time>
      </trkpt>
      <trkpt lat="-20.973998" lon="55.442802">
        <ele>1618.711952</ele>
        <time>2025-10-08T22:37:04.703Z</time>
      </trkpt>
      <trkpt lat="-20.973991" lon="55.442879">
        <ele>1620.114629</ele>
        <time>2025-10-08T22:37:12.642Z</time>
      </trkpt>
      <trkpt lat="-20.974254" lon="55.443045">
        <ele>1625.983816</ele>
        <time>2025-10-08T22:37:45.731Z</time>
      </trkpt>
      <trkpt lat="-20.974826" lon="55.443114">
        <ele>1636.929617</ele>
        <time>2025-10-08T22:38:48.958Z</time>
      </trkpt>
      <trkpt lat="-20.975215" lon="55.443216">
        <ele>1645.013922</ele>
        <time>2025-10-08T22:39:35.920Z</time>
      </trkpt>
      <trkpt lat="-20.975424" lon="55.443326">
        <ele>1649.59669</ele>
        <time>2025-10-08T22:40:02.663Z</time>
      </trkpt>
      <trkpt lat="-20.97605" lon="55.443353">
        <ele>1661.767309</ele>
        <time>2025-10-08T22:41:13.803Z</time>
      </trkpt>
      <trkpt lat="-20.977384" lon="55.443734">
        <ele>1686.987784</ele>
        <time>2025-10-08T22:43:40.028Z</time>
      </trkpt>
      <trkpt lat="-20.977743" lon="55.444235">
        <ele>1697.404095</ele>
        <time>2025-10-08T22:44:42.997Z</time>
      </trkpt>
      <trkpt lat="-20.978774" lon="55.444783">
        <ele>1717.348635</ele>
        <time>2025-10-08T22:46:42.115Z</time>
      </trkpt>
      <trkpt lat="-20.979451" lon="55.445472">
        <ele>1732.465961</ele>
        <time>2025-10-08T22:48:11.257Z</time>
      </trkpt>
      <trkpt lat="-20.979865" lon="55.445648">
        <ele>1739.753571</ele>
        <time>2025-10-08T22:48:54.892Z</time>
      </trkpt>
      <trkpt lat="-20.980449" lon="55.446049">
        <ele>1750.626804</ele>
        <time>2025-10-08T22:50:03.534Z</time>
      </trkpt>
      <trkpt lat="-20.980747" lon="55.446069">
        <ele>1755.007338</ele>
        <time>2025-10-08T22:50:34.017Z</time>
      </trkpt>
      <trkpt lat="-20.981338" lon="55.446357">
        <ele>1764.533226</ele>
        <time>2025-10-08T22:51:37.578Z</time>
      </trkpt>
      <trkpt lat="-20.982344" lon="55.446267">
        <ele>1778.224049</ele>
        <time>2025-10-08T22:53:06.869Z</time>
      </trkpt>
      <trkpt lat="-20.982677" lon="55.446253">
        <ele>1781.23335</ele>
        <time>2025-10-08T22:53:33.005Z</time>
      </trkpt>
      <trkpt lat="-20.983043" lon="55.446441">
        <ele>1784.740109</ele>
        <time>2025-10-08T22:54:01.507Z</time>
      </trkpt>
      <trkpt lat="-20.983395" lon="55.446508">
        <ele>1787.808056</ele>
        <time>2025-10-08T22:54:25.180Z</time>
      </trkpt>
      <trkpt lat="-20.983724" lon="55.446354">
        <ele>1790.909106</ele>
        <time>2025-10-08T22:54:48.434Z</time>
      </trkpt>
      <trkpt lat="-20.984166" lon="55.446394">
        <ele>1794.793264</ele>
        <time>2025-10-08T22:55:16.578Z</time>
      </trkpt>
      <trkpt lat="-20.984248" lon="55.446181">
        <ele>1796.707757</ele>
        <time>2025-10-08T22:55:30.775Z</time>
      </trkpt>
      <trkpt lat="-20.984088" lon="55.445829">
        <ele>1799.944906</ele>
        <time>2025-10-08T22:55:56.162Z</time>
      </trkpt>
      <trkpt lat="-20.984243" lon="55.445458">
        <ele>1803.355013</ele>
        <time>2025-10-08T22:56:26.044Z</time>
      </trkpt>
      <trkpt lat="-20.984446" lon="55.445336">
        <ele>1805.461963</ele>
        <time>2025-10-08T22:56:45.789Z</time>
      </trkpt>
      <trkpt lat="-20.984882" lon="55.445549">
        <ele>1809.405486</ele>
        <time>2025-10-08T22:57:25.806Z</time>
      </trkpt>
      <trkpt lat="-20.985053" lon="55.445505">
        <ele>1810.733814</ele>
        <time>2025-10-08T22:57:39.727Z</time>
      </trkpt>
      <trkpt lat="-20.985045" lon="55.445372">
        <ele>1811.915484</ele>
        <time>2025-10-08T22:57:51.734Z</time>
      </trkpt>
      <trkpt lat="-20.985218" lon="55.445365">
        <ele>1813.522227</ele>
        <time>2025-10-08T22:58:07.527Z</time>
      </trkpt>
      <trkpt lat="-20.985411" lon="55.444949">
        <ele>1816.841389</ele>
        <time>2025-10-08T22:58:37.138Z</time>
      </trkpt>
      <trkpt lat="-20.985315" lon="55.444785">
        <ele>1818.206439</ele>
        <time>2025-10-08T22:58:48.109Z</time>
      </trkpt>
      <trkpt lat="-20.985304" lon="55.444401">
        <ele>1820.942959</ele>
        <time>2025-10-08T22:59:08.245Z</time>
      </trkpt>
      <trkpt lat="-20.985579" lon="55.443997">
        <ele>1823.123884</ele>
        <time>2025-10-08T22:59:32.712Z</time>
      </trkpt>
      <trkpt lat="-20.985664" lon="55.44392">
        <ele>1823.639585</ele>
        <time>2025-10-08T22:59:38.558Z</time>
      </trkpt>
      <trkpt lat="-20.98583" lon="55.443924">
        <ele>1824.408747</ele>
        <time>2025-10-08T22:59:47.520Z</time>
      </trkpt>
      <trkpt lat="-20.986031" lon="55.443536">
        <ele>1826.350716</ele>
        <time>2025-10-08T23:00:11.192Z</time>
      </trkpt>
      <trkpt lat="-20.986175" lon="55.443462">
        <ele>1827.090581</ele>
        <time>2025-10-08T23:00:20.636Z</time>
      </trkpt>
      <trkpt lat="-20.986485" lon="55.443532">
        <ele>1828.558173</ele>
        <time>2025-10-08T23:00:40.360Z</time>
      </trkpt>
      <trkpt lat="-20.986865" lon="55.443261">
        <ele>1832.294938</ele>
        <time>2025-10-08T23:01:11.834Z</time>
      </trkpt>
      <trkpt lat="-20.987056" lon="55.443287">
        <ele>1834.237701</ele>
        <time>2025-10-08T23:01:26.124Z</time>
      </trkpt>
      <trkpt lat="-20.987173" lon="55.443345">
        <ele>1835.538594</ele>
        <time>2025-10-08T23:01:35.958Z</time>
      </trkpt>
      <trkpt lat="-20.987358" lon="55.443757">
        <ele>1839.905993</ele>
        <time>2025-10-08T23:02:10.198Z</time>
      </trkpt>
      <trkpt lat="-20.987483" lon="55.443781">
        <ele>1841.187394</ele>
        <time>2025-10-08T23:02:20.671Z</time>
      </trkpt>
      <trkpt lat="-20.987746" lon="55.444098">
        <ele>1845.198799</ele>
        <time>2025-10-08T23:02:53.918Z</time>
      </trkpt>
      <trkpt lat="-20.988117" lon="55.444169">
        <ele>1849.08847</ele>
        <time>2025-10-08T23:03:25.953Z</time>
      </trkpt>
      <trkpt lat="-20.988318" lon="55.444993">
        <ele>1857.507903</ele>
        <time>2025-10-08T23:04:31.833Z</time>
      </trkpt>
      <trkpt lat="-20.988688" lon="55.445054">
        <ele>1861.519859</ele>
        <time>2025-10-08T23:05:01.509Z</time>
      </trkpt>
      <trkpt lat="-20.988793" lon="55.445215">
        <ele>1863.435494</ele>
        <time>2025-10-08T23:05:15.435Z</time>
      </trkpt>
      <trkpt lat="-20.989241" lon="55.445486">
        <ele>1868.569342</ele>
        <time>2025-10-08T23:05:53.268Z</time>
      </trkpt>
      <trkpt lat="-20.989501" lon="55.445914">
        <ele>1873.170021</ele>
        <time>2025-10-08T23:06:27.779Z</time>
      </trkpt>
      <trkpt lat="-20.990775" lon="55.447056">
        <ele>1891.306383</ele>
        <time>2025-10-08T23:08:38.542Z</time>
      </trkpt>
      <trkpt lat="-20.991188" lon="55.447873">
        <ele>1902.819853</ele>
        <time>2025-10-08T23:09:58.897Z</time>
      </trkpt>
      <trkpt lat="-20.991242" lon="55.448116">
        <ele>1905.873871</ele>
        <time>2025-10-08T23:10:20.569Z</time>
      </trkpt>
      <trkpt lat="-20.991654" lon="55.448648">
        <ele>1912.971034</ele>
        <time>2025-10-08T23:11:19.001Z</time>
      </trkpt>
      <trkpt lat="-20.991908" lon="55.448684">
        <ele>1915.860997</ele>
        <time>2025-10-08T23:11:41.762Z</time>
      </trkpt>
      <trkpt lat="-20.992084" lon="55.448912">
        <ele>1918.906181</ele>
        <time>2025-10-08T23:12:04.429Z</time>
      </trkpt>
      <trkpt lat="-20.992366" lon="55.448998">
        <ele>1922.297067</ele>
        <time>2025-10-08T23:12:27.201Z</time>
      </trkpt>
      <trkpt lat="-20.99251" lon="55.449213">
        <ele>1924.974978</ele>
        <time>2025-10-08T23:12:43.575Z</time>
      </trkpt>
      <trkpt lat="-20.993323" lon="55.449362">
        <ele>1930.748748</ele>
        <time>2025-10-08T23:13:33.986Z</time>
      </trkpt>
      <trkpt lat="-20.993705" lon="55.449283">
        <ele>1933.318902</ele>
        <time>2025-10-08T23:13:58.277Z</time>
      </trkpt>
      <trkpt lat="-20.993952" lon="55.449775">
        <ele>1936.741488</ele>
        <time>2025-10-08T23:14:32.184Z</time>
      </trkpt>
      <trkpt lat="-20.994464" lon="55.450485">
        <ele>1944.971589</ele>
        <time>2025-10-08T23:15:35.508Z</time>
      </trkpt>
      <trkpt lat="-20.99569" lon="55.451383">
        <ele>1960.033584</ele>
        <time>2025-10-08T23:17:37.456Z</time>
      </trkpt>
      <trkpt lat="-20.9962" lon="55.451926">
        <ele>1967.23607</ele>
        <time>2025-10-08T23:18:33.970Z</time>
      </trkpt>
      <trkpt lat="-20.996311" lon="55.452231">
        <ele>1970.378701</ele>
        <time>2025-10-08T23:18:57.617Z</time>
      </trkpt>
      <trkpt lat="-20.996156" lon="55.452636">
        <ele>1974.176238</ele>
        <time>2025-10-08T23:19:27.711Z</time>
      </trkpt>
      <trkpt lat="-20.996211" lon="55.452864">
        <ele>1975.577241</ele>
        <time>2025-10-08T23:19:43.163Z</time>
      </trkpt>
      <trkpt lat="-20.996122" lon="55.453116">
        <ele>1977.1492</ele>
        <time>2025-10-08T23:19:59.628Z</time>
      </trkpt>
      <trkpt lat="-20.996181" lon="55.453631">
        <ele>1980.176465</ele>
        <time>2025-10-08T23:20:29.694Z</time>
      </trkpt>
      <trkpt lat="-20.996444" lon="55.45469">
        <ele>1986.588785</ele>
        <time>2025-10-08T23:21:29.778Z</time>
      </trkpt>
      <trkpt lat="-20.996394" lon="55.455136">
        <ele>1989.22762</ele>
        <time>2025-10-08T23:21:54.223Z</time>
      </trkpt>
      <trkpt lat="-20.996546" lon="55.455555">
        <ele>1991.887885</ele>
        <time>2025-10-08T23:22:20.549Z</time>
      </trkpt>
      <trkpt lat="-20.997106" lon="55.45605">
        <ele>1996.530393</ele>
        <time>2025-10-08T23:23:09.370Z</time>
      </trkpt>
      <trkpt lat="-20.997449" lon="55.456229">
        <ele>1999.922054</ele>
        <time>2025-10-08T23:23:37.292Z</time>
      </trkpt>
      <trkpt lat="-20.998074" lon="55.456942">
        <ele>2007.939642</ele>
        <time>2025-10-08T23:24:44.911Z</time>
      </trkpt>
      <trkpt lat="-20.998285" lon="55.457082">
        <ele>2010.110621</ele>
        <time>2025-10-08T23:25:02.762Z</time>
      </trkpt>
      <trkpt lat="-20.998907" lon="55.45735">
        <ele>2016.219014</ele>
        <time>2025-10-08T23:25:49.560Z</time>
      </trkpt>
      <trkpt lat="-20.999453" lon="55.45753">
        <ele>2021.416293</ele>
        <time>2025-10-08T23:26:30.815Z</time>
      </trkpt>
      <trkpt lat="-20.99973" lon="55.457544">
        <ele>2023.92513</ele>
        <time>2025-10-08T23:26:51.863Z</time>
      </trkpt>
      <trkpt lat="-21.000228" lon="55.458149">
        <ele>2030.908773</ele>
        <time>2025-10-08T23:27:48.983Z</time>
      </trkpt>
      <trkpt lat="-21.000825" lon="55.458375">
        <ele>2036.955973</ele>
        <time>2025-10-08T23:28:37.671Z</time>
      </trkpt>
      <trkpt lat="-21.000907" lon="55.458615">
        <ele>2039.228743</ele>
        <time>2025-10-08T23:28:55.587Z</time>
      </trkpt>
      <trkpt lat="-21.00135" lon="55.459005">
        <ele>2044.691033</ele>
        <time>2025-10-08T23:29:36.348Z</time>
      </trkpt>
      <trkpt lat="-21.001677" lon="55.459374">
        <ele>2050.407784</ele>
        <time>2025-10-08T23:30:12.367Z</time>
      </trkpt>
      <trkpt lat="-21.001921" lon="55.459486">
        <ele>2053.599446</ele>
        <time>2025-10-08T23:30:33.909Z</time>
      </trkpt>
      <trkpt lat="-21.002123" lon="55.459383">
        <ele>2056.279077</ele>
        <time>2025-10-08T23:30:52.672Z</time>
      </trkpt>
      <trkpt lat="-21.003045" lon="55.459252">
        <ele>2067.700162</ele>
        <time>2025-10-08T23:32:16.115Z</time>
      </trkpt>
      <trkpt lat="-21.003342" lon="55.459241">
        <ele>2072.553052</ele>
        <time>2025-10-08T23:32:44.795Z</time>
      </trkpt>
      <trkpt lat="-21.003421" lon="55.459353">
        <ele>2074.826685</ele>
        <time>2025-10-08T23:32:58.432Z</time>
      </trkpt>
      <trkpt lat="-21.003817" lon="55.45942">
        <ele>2081.322873</ele>
        <time>2025-10-08T23:33:38.578Z</time>
      </trkpt>
      <trkpt lat="-21.004338" lon="55.45925">
        <ele>2090.316537</ele>
        <time>2025-10-08T23:34:33.996Z</time>
      </trkpt>
      <trkpt lat="-21.004704" lon="55.459222">
        <ele>2096.531627</ele>
        <time>2025-10-08T23:35:13.382Z</time>
      </trkpt>
      <trkpt lat="-21.004963" lon="55.459269">
        <ele>2100.562748</ele>
        <time>2025-10-08T23:35:40.330Z</time>
      </trkpt>
      <trkpt lat="-21.005537" lon="55.459468">
        <ele>2109.791661</ele>
        <time>2025-10-08T23:36:40.143Z</time>
      </trkpt>
      <trkpt lat="-21.006062" lon="55.459769">
        <ele>2119.450019</ele>
        <time>2025-10-08T23:37:38.530Z</time>
      </trkpt>
      <trkpt lat="-21.006251" lon="55.459801">
        <ele>2122.355116</ele>
        <time>2025-10-08T23:37:55.498Z</time>
      </trkpt>
      <trkpt lat="-21.006856" lon="55.460435">
        <ele>2134.210857</ele>
        <time>2025-10-08T23:39:09.069Z</time>
      </trkpt>
      <trkpt lat="-21.007356" lon="55.460316">
        <ele>2141.29092</ele>
        <time>2025-10-08T23:39:54.288Z</time>
      </trkpt>
      <trkpt lat="-21.007968" lon="55.459925">
        <ele>2152.599357</ele>
        <time>2025-10-08T23:41:03.217Z</time>
      </trkpt>
      <trkpt lat="-21.008395" lon="55.459752">
        <ele>2161.591093</ele>
        <time>2025-10-08T23:41:52.374Z</time>
      </trkpt>
      <trkpt lat="-21.009192" lon="55.45986">
        <ele>2177.062375</ele>
        <time>2025-10-08T23:43:27.225Z</time>
      </trkpt>
      <trkpt lat="-21.01032" lon="55.459815">
        <ele>2199.349316</ele>
        <time>2025-10-08T23:45:45.084Z</time>
      </trkpt>
      <trkpt lat="-21.010394" lon="55.459904">
        <ele>2201.564909</ele>
        <time>2025-10-08T23:45:58.300Z</time>
      </trkpt>
      <trkpt lat="-21.011188" lon="55.459817">
        <ele>2217.785397</ele>
        <time>2025-10-08T23:47:29.033Z</time>
      </trkpt>
      <trkpt lat="-21.011856" lon="55.459861">
        <ele>2226.736118</ele>
        <time>2025-10-08T23:48:33.312Z</time>
      </trkpt>
      <trkpt lat="-21.012297" lon="55.460129">
        <ele>2233.463454</ele>
        <time>2025-10-08T23:49:19.954Z</time>
      </trkpt>
      <trkpt lat="-21.012686" lon="55.45995">
        <ele>2239.24912</ele>
        <time>2025-10-08T23:49:56.911Z</time>
      </trkpt>
      <trkpt lat="-21.012813" lon="55.460036">
        <ele>2241.216179</ele>
        <time>2025-10-08T23:50:07.849Z</time>
      </trkpt>
      <trkpt lat="-21.013156" lon="55.460061">
        <ele>2242.092182</ele>
        <time>2025-10-08T23:50:29.834Z</time>
      </trkpt>
      <trkpt lat="-21.013178" lon="55.460173">
        <ele>2242.167295</ele>
        <time>2025-10-08T23:50:35.889Z</time>
      </trkpt>
      <trkpt lat="-21.013808" lon="55.460389">
        <ele>2242.632648</ele>
        <time>2025-10-08T23:51:08.440Z</time>
      </trkpt>
      <trkpt lat="-21.014324" lon="55.460892">
        <ele>2243.123128</ele>
        <time>2025-10-08T23:51:38.922Z</time>
      </trkpt>
      <trkpt lat="-21.014767" lon="55.461058">
        <ele>2243.545087</ele>
        <time>2025-10-08T23:52:00.945Z</time>
      </trkpt>
      <trkpt lat="-21.014324" lon="55.460892">
        <ele>2243.974286</ele>
        <time>2025-10-08T23:52:25.549Z</time>
      </trkpt>
      <trkpt lat="-21.013808" lon="55.460389">
        <ele>2244.603555</ele>
        <time>2025-10-08T23:53:05.558Z</time>
      </trkpt>
      <trkpt lat="-21.013178" lon="55.460173">
        <ele>2241.386897</ele>
        <time>2025-10-08T23:53:38.150Z</time>
      </trkpt>
      <trkpt lat="-21.013156" lon="55.460061">
        <ele>2240.627673</ele>
        <time>2025-10-08T23:53:42.861Z</time>
      </trkpt>
      <trkpt lat="-21.012813" lon="55.460036">
        <ele>2238.162941</ele>
        <time>2025-10-08T23:53:57.337Z</time>
      </trkpt>
      <trkpt lat="-21.012686" lon="55.45995">
        <ele>2237.095275</ele>
        <time>2025-10-08T23:54:03.294Z</time>
      </trkpt>
      <trkpt lat="-21.012297" lon="55.460129">
        <ele>2233.954976</ele>
        <time>2025-10-08T23:54:20.126Z</time>
      </trkpt>
      <trkpt lat="-21.011856" lon="55.459861">
        <ele>2227.89714</ele>
        <time>2025-10-08T23:54:39.544Z</time>
      </trkpt>
      <trkpt lat="-21.011188" lon="55.459817">
        <ele>2216.353985</ele>
        <time>2025-10-08T23:55:04.750Z</time>
      </trkpt>
      <trkpt lat="-21.010394" lon="55.459904">
        <ele>2202.305126</ele>
        <time>2025-10-08T23:55:35.187Z</time>
      </trkpt>
      <trkpt lat="-21.01032" lon="55.459815">
        <ele>2200.268487</ele>
        <time>2025-10-08T23:55:39.352Z</time>
      </trkpt>
      <trkpt lat="-21.009192" lon="55.45986">
        <ele>2176.818698</ele>
        <time>2025-10-08T23:56:21.427Z</time>
      </trkpt>
      <trkpt lat="-21.008395" lon="55.459752">
        <ele>2160.481357</ele>
        <time>2025-10-08T23:56:51.619Z</time>
      </trkpt>
      <trkpt lat="-21.007968" lon="55.459925">
        <ele>2151.93879</ele>
        <time>2025-10-08T23:57:09.262Z</time>
      </trkpt>
      <trkpt lat="-21.007356" lon="55.460316">
        <ele>2138.704139</ele>
        <time>2025-10-08T23:57:36.654Z</time>
      </trkpt>
      <trkpt lat="-21.006332" lon="55.460639">
        <ele>2116.355364</ele>
        <time>2025-10-08T23:58:16.684Z</time>
      </trkpt>
      <trkpt lat="-21.005411" lon="55.461311">
        <ele>2090.993994</ele>
        <time>2025-10-08T23:58:59.695Z</time>
      </trkpt>
      <trkpt lat="-21.00502" lon="55.461952">
        <ele>2079.385406</ele>
        <time>2025-10-08T23:59:26.916Z</time>
      </trkpt>
      <trkpt lat="-21.005143" lon="55.461917">
        <ele>2077.39973</ele>
        <time>2025-10-08T23:59:31.674Z</time>
      </trkpt>
      <trkpt lat="-21.00502" lon="55.461952">
        <ele>2075.414055</ele>
        <time>2025-10-08T23:59:36.438Z</time>
      </trkpt>
      <trkpt lat="-21.005025" lon="55.461864">
        <ele>2074.129895</ele>
        <time>2025-10-08T23:59:39.522Z</time>
      </trkpt>
      <trkpt lat="-21.004904" lon="55.46176">
        <ele>2071.637936</ele>
        <time>2025-10-08T23:59:45.595Z</time>
      </trkpt>
      <trkpt lat="-21.004348" lon="55.461384">
        <ele>2061.993757</ele>
        <time>2025-10-09T00:00:12.730Z</time>
      </trkpt>
      <trkpt lat="-21.003982" lon="55.461302">
        <ele>2060.640591</ele>
        <time>2025-10-09T00:00:28.686Z</time>
      </trkpt>
      <trkpt lat="-21.003901" lon="55.460947">
        <ele>2059.386543</ele>
        <time>2025-10-09T00:00:43.751Z</time>
      </trkpt>
      <trkpt lat="-21.003977" lon="55.460845">
        <ele>2058.949435</ele>
        <time>2025-10-09T00:00:49.113Z</time>
      </trkpt>
      <trkpt lat="-21.003808" lon="55.460673">
        <ele>2058.104223</ele>
        <time>2025-10-09T00:00:59.668Z</time>
      </trkpt>
      <trkpt lat="-21.003288" lon="55.4606">
        <ele>2056.212703</ele>
        <time>2025-10-09T00:01:24.565Z</time>
      </trkpt>
      <trkpt lat="-21.002976" lon="55.460452">
        <ele>2055.267046</ele>
        <time>2025-10-09T00:01:41.627Z</time>
      </trkpt>
      <trkpt lat="-21.002912" lon="55.460074">
        <ele>2054.399213</ele>
        <time>2025-10-09T00:01:59.509Z</time>
      </trkpt>
      <trkpt lat="-21.00253" lon="55.459311">
        <ele>2052.482707</ele>
        <time>2025-10-09T00:02:36.417Z</time>
      </trkpt>
      <trkpt lat="-21.001921" lon="55.459486">
        <ele>2049.574018</ele>
        <time>2025-10-09T00:03:04.261Z</time>
      </trkpt>
      <trkpt lat="-21.001677" lon="55.459374">
        <ele>2047.465232</ele>
        <time>2025-10-09T00:03:15.242Z</time>
      </trkpt>
      <trkpt lat="-21.00135" lon="55.459005">
        <ele>2043.566757</ele>
        <time>2025-10-09T00:03:34.825Z</time>
      </trkpt>
      <trkpt lat="-21.000907" lon="55.458615">
        <ele>2039.02878</ele>
        <time>2025-10-09T00:03:57.722Z</time>
      </trkpt>
      <trkpt lat="-21.000825" lon="55.458375">
        <ele>2037.14479</ele>
        <time>2025-10-09T00:04:07.058Z</time>
      </trkpt>
      <trkpt lat="-21.000228" lon="55.458149">
        <ele>2032.238097</ele>
        <time>2025-10-09T00:04:31.793Z</time>
      </trkpt>
      <trkpt lat="-20.999865" lon="55.45766">
        <ele>2027.722489</ele>
        <time>2025-10-09T00:04:55.290Z</time>
      </trkpt>
      <trkpt lat="-20.99973" lon="55.457544">
        <ele>2026.384802</ele>
        <time>2025-10-09T00:05:02.467Z</time>
      </trkpt>
      <trkpt lat="-20.9996" lon="55.457539">
        <ele>2025.379358</ele>
        <time>2025-10-09T00:05:07.904Z</time>
      </trkpt>
      <trkpt lat="-20.999364" lon="55.456022">
        <ele>2018.386069</ele>
        <time>2025-10-09T00:06:12.147Z</time>
      </trkpt>
      <trkpt lat="-20.998582" lon="55.455096">
        <ele>2013.088462</ele>
        <time>2025-10-09T00:07:02.329Z</time>
      </trkpt>
      <trkpt lat="-20.998543" lon="55.454802">
        <ele>2011.735079</ele>
        <time>2025-10-09T00:07:14.273Z</time>
      </trkpt>
      <trkpt lat="-20.998507" lon="55.454211">
        <ele>2009.110461</ele>
        <time>2025-10-09T00:07:38.083Z</time>
      </trkpt>
      <trkpt lat="-20.998814" lon="55.452864">
        <ele>2005.960737</ele>
        <time>2025-10-09T00:08:38.329Z</time>
      </trkpt>
      <trkpt lat="-20.998745" lon="55.452082">
        <ele>2004.913635</ele>
        <time>2025-10-09T00:09:13.272Z</time>
      </trkpt>
      <trkpt lat="-20.998814" lon="55.451347">
        <ele>2001.656548</ele>
        <time>2025-10-09T00:09:45.070Z</time>
      </trkpt>
      <trkpt lat="-20.998642" lon="55.450292">
        <ele>1995.998014</ele>
        <time>2025-10-09T00:10:27.581Z</time>
      </trkpt>
      <trkpt lat="-20.998237" lon="55.450458">
        <ele>1991.680545</ele>
        <time>2025-10-09T00:10:45.002Z</time>
      </trkpt>
      <trkpt lat="-20.998093" lon="55.450337">
        <ele>1988.872963</ele>
        <time>2025-10-09T00:10:52.203Z</time>
      </trkpt>
      <trkpt lat="-20.997409" lon="55.450075">
        <ele>1977.982375</ele>
        <time>2025-10-09T00:11:19.877Z</time>
      </trkpt>
      <trkpt lat="-20.997054" lon="55.450091">
        <ele>1972.657508</ele>
        <time>2025-10-09T00:11:33.361Z</time>
      </trkpt>
      <trkpt lat="-20.996441" lon="55.449877">
        <ele>1963.525272</ele>
        <time>2025-10-09T00:11:57.568Z</time>
      </trkpt>
      <trkpt lat="-20.996146" lon="55.44989">
        <ele>1959.486874</ele>
        <time>2025-10-09T00:12:08.819Z</time>
      </trkpt>
      <trkpt lat="-20.995549" lon="55.44937">
        <ele>1948.888911</ele>
        <time>2025-10-09T00:12:38.475Z</time>
      </trkpt>
      <trkpt lat="-20.995086" lon="55.449161">
        <ele>1942.830469</ele>
        <time>2025-10-09T00:12:58.154Z</time>
      </trkpt>
      <trkpt lat="-20.994698" lon="55.449497">
        <ele>1939.511901</ele>
        <time>2025-10-09T00:13:18.385Z</time>
      </trkpt>
      <trkpt lat="-20.994471" lon="55.449448">
        <ele>1937.956054</ele>
        <time>2025-10-09T00:13:28.060Z</time>
      </trkpt>
      <trkpt lat="-20.994155" lon="55.449543">
        <ele>1935.749852</ele>
        <time>2025-10-09T00:13:42.319Z</time>
      </trkpt>
      <trkpt lat="-20.994127" lon="55.449609">
        <ele>1935.305822</ele>
        <time>2025-10-09T00:13:45.258Z</time>
      </trkpt>
      <trkpt lat="-20.993976" lon="55.449496">
        <ele>1934.097351</ele>
        <time>2025-10-09T00:13:53.354Z</time>
      </trkpt>
      <trkpt lat="-20.993789" lon="55.449496">
        <ele>1932.757281</ele>
        <time>2025-10-09T00:14:02.429Z</time>
      </trkpt>
      <trkpt lat="-20.993705" lon="55.449283">
        <ele>1931.37382</ele>
        <time>2025-10-09T00:14:12.204Z</time>
      </trkpt>
      <trkpt lat="-20.993323" lon="55.449362">
        <ele>1929.013196</ele>
        <time>2025-10-09T00:14:30.088Z</time>
      </trkpt>
      <trkpt lat="-20.99251" lon="55.449213">
        <ele>1924.081327</ele>
        <time>2025-10-09T00:15:06.213Z</time>
      </trkpt>
      <trkpt lat="-20.992366" lon="55.448998">
        <ele>1922.628583</ele>
        <time>2025-10-09T00:15:16.375Z</time>
      </trkpt>
      <trkpt lat="-20.992084" lon="55.448912">
        <ele>1920.311631</ele>
        <time>2025-10-09T00:15:28.725Z</time>
      </trkpt>
      <trkpt lat="-20.991908" lon="55.448684">
        <ele>1916.73451</ele>
        <time>2025-10-09T00:15:39.475Z</time>
      </trkpt>
      <trkpt lat="-20.991654" lon="55.448648">
        <ele>1913.339724</ele>
        <time>2025-10-09T00:15:49.595Z</time>
      </trkpt>
      <trkpt lat="-20.991242" lon="55.448116">
        <ele>1905.122402</ele>
        <time>2025-10-09T00:16:13.988Z</time>
      </trkpt>
      <trkpt lat="-20.991188" lon="55.447873">
        <ele>1902.152791</ele>
        <time>2025-10-09T00:16:22.781Z</time>
      </trkpt>
      <trkpt lat="-20.990775" lon="55.447056">
        <ele>1891.499324</ele>
        <time>2025-10-09T00:16:56.016Z</time>
      </trkpt>
      <trkpt lat="-20.989501" lon="55.445914">
        <ele>1872.849008</ele>
        <time>2025-10-09T00:18:02.087Z</time>
      </trkpt>
      <trkpt lat="-20.989241" lon="55.445486">
        <ele>1868.381578</ele>
        <time>2025-10-09T00:18:22.091Z</time>
      </trkpt>
      <trkpt lat="-20.988793" lon="55.445215">
        <ele>1863.709607</ele>
        <time>2025-10-09T00:18:42.648Z</time>
      </trkpt>
      <trkpt lat="-20.988688" lon="55.445054">
        <ele>1862.061637</ele>
        <time>2025-10-09T00:18:49.788Z</time>
      </trkpt>
      <trkpt lat="-20.988318" lon="55.444993">
        <ele>1858.947721</ele>
        <time>2025-10-09T00:19:04.676Z</time>
      </trkpt>
      <trkpt lat="-20.988245" lon="55.444873">
        <ele>1857.921628</ele>
        <time>2025-10-09T00:19:09.906Z</time>
      </trkpt>
      <trkpt lat="-20.988117" lon="55.444169">
        <ele>1852.763923</ele>
        <time>2025-10-09T00:19:36.885Z</time>
      </trkpt>
      <trkpt lat="-20.988825" lon="55.443771">
        <ele>1846.27564</ele>
        <time>2025-10-09T00:20:35.833Z</time>
      </trkpt>
      <trkpt lat="-20.98924" lon="55.443033">
        <ele>1838.455795</ele>
        <time>2025-10-09T00:21:34.154Z</time>
      </trkpt>
      <trkpt lat="-20.990074" lon="55.442663">
        <ele>1829.681902</ele>
        <time>2025-10-09T00:22:33.121Z</time>
      </trkpt>
      <trkpt lat="-20.990533" lon="55.442626">
        <ele>1823.437792</ele>
        <time>2025-10-09T00:23:02.644Z</time>
      </trkpt>
      <trkpt lat="-20.99078" lon="55.442328">
        <ele>1818.432144</ele>
        <time>2025-10-09T00:23:26.363Z</time>
      </trkpt>
      <trkpt lat="-20.990803" lon="55.441971">
        <ele>1813.937011</ele>
        <time>2025-10-09T00:23:47.776Z</time>
      </trkpt>
      <trkpt lat="-20.990903" lon="55.441542">
        <ele>1808.225986</ele>
        <time>2025-10-09T00:24:15.939Z</time>
      </trkpt>
      <trkpt lat="-20.990865" lon="55.441384">
        <ele>1806.17647</ele>
        <time>2025-10-09T00:24:26.443Z</time>
      </trkpt>
      <trkpt lat="-20.990688" lon="55.441209">
        <ele>1803.950518</ele>
        <time>2025-10-09T00:24:43.210Z</time>
      </trkpt>
      <trkpt lat="-20.990316" lon="55.441231">
        <ele>1800.853199</ele>
        <time>2025-10-09T00:25:11.185Z</time>
      </trkpt>
      <trkpt lat="-20.989881" lon="55.441091">
        <ele>1797.196037</ele>
        <time>2025-10-09T00:25:44.443Z</time>
      </trkpt>
      <trkpt lat="-20.989471" lon="55.440802">
        <ele>1793.232241</ele>
        <time>2025-10-09T00:26:18.972Z</time>
      </trkpt>
      <trkpt lat="-20.989317" lon="55.440877">
        <ele>1791.870127</ele>
        <time>2025-10-09T00:26:29.880Z</time>
      </trkpt>
      <trkpt lat="-20.989061" lon="55.440756">
        <ele>1788.302986</ele>
        <time>2025-10-09T00:26:48.181Z</time>
      </trkpt>
      <trkpt lat="-20.988594" lon="55.440292">
        <ele>1778.452442</ele>
        <time>2025-10-09T00:27:29.390Z</time>
      </trkpt>
      <trkpt lat="-20.988354" lon="55.439847">
        <ele>1771.107404</ele>
        <time>2025-10-09T00:28:00.096Z</time>
      </trkpt>
      <trkpt lat="-20.988149" lon="55.439643">
        <ele>1766.823799</ele>
        <time>2025-10-09T00:28:17.978Z</time>
      </trkpt>
      <trkpt lat="-20.988008" lon="55.439375">
        <ele>1762.132595</ele>
        <time>2025-10-09T00:28:37.852Z</time>
      </trkpt>
      <trkpt lat="-20.988008" lon="55.439042">
        <ele>1757.548774</ele>
        <time>2025-10-09T00:28:57.964Z</time>
      </trkpt>
      <trkpt lat="-20.987868" lon="55.438688">
        <ele>1752.27331</ele>
        <time>2025-10-09T00:29:21.185Z</time>
      </trkpt>
      <trkpt lat="-20.987942" lon="55.438573">
        <ele>1750.379118</ele>
        <time>2025-10-09T00:29:29.554Z</time>
      </trkpt>
      <trkpt lat="-20.987758" lon="55.438034">
        <ele>1742.595793</ele>
        <time>2025-10-09T00:30:03.950Z</time>
      </trkpt>
      <trkpt lat="-20.987718" lon="55.437358">
        <ele>1735.908415</ele>
        <time>2025-10-09T00:30:45.240Z</time>
      </trkpt>
      <trkpt lat="-20.987477" lon="55.437111">
        <ele>1734.171568</ele>
        <time>2025-10-09T00:31:08.157Z</time>
      </trkpt>
      <trkpt lat="-20.987451" lon="55.436963">
        <ele>1733.439436</ele>
        <time>2025-10-09T00:31:18.183Z</time>
      </trkpt>
      <trkpt lat="-20.987487" lon="55.436714">
        <ele>1732.214487</ele>
        <time>2025-10-09T00:31:35.550Z</time>
      </trkpt>
      <trkpt lat="-20.987462" lon="55.435494">
        <ele>1726.434356</ele>
        <time>2025-10-09T00:33:08.725Z</time>
      </trkpt>
      <trkpt lat="-20.987307" lon="55.435309">
        <ele>1725.410415</ele>
        <time>2025-10-09T00:33:27.502Z</time>
      </trkpt>
      <trkpt lat="-20.987397" lon="55.434944">
        <ele>1723.855289</ele>
        <time>2025-10-09T00:33:54.970Z</time>
      </trkpt>
      <trkpt lat="-20.987332" lon="55.434713">
        <ele>1722.861436</ele>
        <time>2025-10-09T00:34:11.751Z</time>
      </trkpt>
      <trkpt lat="-20.987407" lon="55.434346">
        <ele>1721.313832</ele>
        <time>2025-10-09T00:34:36.703Z</time>
      </trkpt>
      <trkpt lat="-20.987287" lon="55.434161">
        <ele>1720.385881</ele>
        <time>2025-10-09T00:34:50.960Z</time>
      </trkpt>
      <trkpt lat="-20.98731" lon="55.433509">
        <ele>1712.323825</ele>
        <time>2025-10-09T00:35:30.308Z</time>
      </trkpt>
      <trkpt lat="-20.987527" lon="55.4332">
        <ele>1706.934909</ele>
        <time>2025-10-09T00:35:53.977Z</time>
      </trkpt>
      <trkpt lat="-20.987537" lon="55.43297">
        <ele>1703.790122</ele>
        <time>2025-10-09T00:36:07.787Z</time>
      </trkpt>
      <trkpt lat="-20.987244" lon="55.432012">
        <ele>1688.903792</ele>
        <time>2025-10-09T00:37:08.224Z</time>
      </trkpt>
      <trkpt lat="-20.987517" lon="55.431331">
        <ele>1675.910682</ele>
        <time>2025-10-09T00:37:53.001Z</time>
      </trkpt>
      <trkpt lat="-20.987529" lon="55.430899">
        <ele>1668.288898</ele>
        <time>2025-10-09T00:38:19.300Z</time>
      </trkpt>
      <trkpt lat="-20.987373" lon="55.430054">
        <ele>1655.05432</ele>
        <time>2025-10-09T00:39:11.749Z</time>
      </trkpt>
      <trkpt lat="-20.987175" lon="55.429688">
        <ele>1649.667848</ele>
        <time>2025-10-09T00:39:37.114Z</time>
      </trkpt>
      <trkpt lat="-20.987163" lon="55.429522">
        <ele>1647.547681</ele>
        <time>2025-10-09T00:39:47.097Z</time>
      </trkpt>
      <trkpt lat="-20.987253" lon="55.429081">
        <ele>1641.46794</ele>
        <time>2025-10-09T00:40:15.856Z</time>
      </trkpt>
      <trkpt lat="-20.987027" lon="55.428485">
        <ele>1633.693805</ele>
        <time>2025-10-09T00:40:55.084Z</time>
      </trkpt>
      <trkpt lat="-20.986719" lon="55.428129">
        <ele>1628.45857</ele>
        <time>2025-10-09T00:41:25.527Z</time>
      </trkpt>
      <trkpt lat="-20.986385" lon="55.427365">
        <ele>1619.293378</ele>
        <time>2025-10-09T00:42:17.759Z</time>
      </trkpt>
      <trkpt lat="-20.986427" lon="55.426772">
        <ele>1611.050819</ele>
        <time>2025-10-09T00:42:53.795Z</time>
      </trkpt>
      <trkpt lat="-20.986565" lon="55.426534">
        <ele>1605.590678</ele>
        <time>2025-10-09T00:43:11.307Z</time>
      </trkpt>
      <trkpt lat="-20.986496" lon="55.426221">
        <ele>1599.627975</ele>
        <time>2025-10-09T00:43:30.343Z</time>
      </trkpt>
      <trkpt lat="-20.986532" lon="55.425906">
        <ele>1593.744164</ele>
        <time>2025-10-09T00:43:49.140Z</time>
      </trkpt>
      <trkpt lat="-20.986676" lon="55.425644">
        <ele>1588.049269</ele>
        <time>2025-10-09T00:44:07.302Z</time>
      </trkpt>
      <trkpt lat="-20.986345" lon="55.424824">
        <ele>1570.850112</ele>
        <time>2025-10-09T00:45:00.380Z</time>
      </trkpt>
      <trkpt lat="-20.986114" lon="55.423901">
        <ele>1551.284844</ele>
        <time>2025-10-09T00:45:58.449Z</time>
      </trkpt>
      <trkpt lat="-20.985225" lon="55.422675">
        <ele>1526.74147</ele>
        <time>2025-10-09T00:47:31.701Z</time>
      </trkpt>
      <trkpt lat="-20.984893" lon="55.422152">
        <ele>1518.032627</ele>
        <time>2025-10-09T00:48:10.135Z</time>
      </trkpt>
      <trkpt lat="-20.984582" lon="55.421459">
        <ele>1511.692702</ele>
        <time>2025-10-09T00:48:57.184Z</time>
      </trkpt>
      <trkpt lat="-20.984405" lon="55.421298">
        <ele>1510.228865</ele>
        <time>2025-10-09T00:49:12.925Z</time>
      </trkpt>
      <trkpt lat="-20.983761" lon="55.420243">
        <ele>1502.805259</ele>
        <time>2025-10-09T00:50:42.687Z</time>
      </trkpt>
      <trkpt lat="-20.98305" lon="55.419433">
        <ele>1496.358908</ele>
        <time>2025-10-09T00:52:02.467Z</time>
      </trkpt>
      <trkpt lat="-20.983109" lon="55.418839">
        <ele>1492.93475</ele>
        <time>2025-10-09T00:52:40.929Z</time>
      </trkpt>
      <trkpt lat="-20.9829" lon="55.417552">
        <ele>1472.983745</ele>
        <time>2025-10-09T00:53:59.381Z</time>
      </trkpt>
      <trkpt lat="-20.983044" lon="55.417131">
        <ele>1465.930656</ele>
        <time>2025-10-09T00:54:26.075Z</time>
      </trkpt>
      <trkpt lat="-20.983099" lon="55.416333">
        <ele>1452.255394</ele>
        <time>2025-10-09T00:55:13.835Z</time>
      </trkpt>
      <trkpt lat="-20.983002" lon="55.416286">
        <ele>1450.268445</ele>
        <time>2025-10-09T00:55:20.620Z</time>
      </trkpt>
      <trkpt lat="-20.982826" lon="55.415538">
        <ele>1436.58866</ele>
        <time>2025-10-09T00:56:07.193Z</time>
      </trkpt>
      <trkpt lat="-20.982839" lon="55.415192">
        <ele>1430.554594</ele>
        <time>2025-10-09T00:56:27.858Z</time>
      </trkpt>
      <trkpt lat="-20.982771" lon="55.414401">
        <ele>1421.108531</ele>
        <time>2025-10-09T00:57:16.516Z</time>
      </trkpt>
      <trkpt lat="-20.982698" lon="55.413541">
        <ele>1411.669978</ele>
        <time>2025-10-09T00:58:10.564Z</time>
      </trkpt>
      <trkpt lat="-20.982533" lon="55.412687">
        <ele>1402.054761</ele>
        <time>2025-10-09T00:59:04.114Z</time>
      </trkpt>
      <trkpt lat="-20.982726" lon="55.412341">
        <ele>1397.466101</ele>
        <time>2025-10-09T00:59:29.067Z</time>
      </trkpt>
      <trkpt lat="-20.982857" lon="55.411594">
        <ele>1388.976222</ele>
        <time>2025-10-09T01:00:15.167Z</time>
      </trkpt>
      <trkpt lat="-20.982963" lon="55.411433">
        <ele>1386.801894</ele>
        <time>2025-10-09T01:00:27.067Z</time>
      </trkpt>
      <trkpt lat="-20.983047" lon="55.409519">
        <ele>1396.956764</ele>
        <time>2025-10-09T01:04:10.227Z</time>
      </trkpt>
      <trkpt lat="-20.982966" lon="55.409028">
        <ele>1401.210033</ele>
        <time>2025-10-09T01:05:20.978Z</time>
      </trkpt>
      <trkpt lat="-20.983354" lon="55.408259">
        <ele>1408.509899</ele>
        <time>2025-10-09T01:07:14.646Z</time>
      </trkpt>
      <trkpt lat="-20.983062" lon="55.407025">
        <ele>1409.766524</ele>
        <time>2025-10-09T01:08:55.972Z</time>
      </trkpt>
      <trkpt lat="-20.983077" lon="55.406636">
        <ele>1408.242479</ele>
        <time>2025-10-09T01:09:21.375Z</time>
      </trkpt>
      <trkpt lat="-20.983337" lon="55.406094">
        <ele>1405.815834</ele>
        <time>2025-10-09T01:09:59.716Z</time>
      </trkpt>
      <trkpt lat="-20.983367" lon="55.405214">
        <ele>1404.841434</ele>
        <time>2025-10-09T01:11:05.091Z</time>
      </trkpt>
      <trkpt lat="-20.983205" lon="55.404581">
        <ele>1404.52409</ele>
        <time>2025-10-09T01:12:18.171Z</time>
      </trkpt>
      <trkpt lat="-20.982912" lon="55.403917">
        <ele>1396.863323</ele>
        <time>2025-10-09T01:13:19.236Z</time>
      </trkpt>
      <trkpt lat="-20.982944" lon="55.403612">
        <ele>1386.584926</ele>
        <time>2025-10-09T01:13:37.892Z</time>
      </trkpt>
      <trkpt lat="-20.983507" lon="55.402755">
        <ele>1351.381461</ele>
        <time>2025-10-09T01:15:04.648Z</time>
      </trkpt>
      <trkpt lat="-20.984642" lon="55.401383">
        <ele>1282.542195</ele>
        <time>2025-10-09T01:17:43.129Z</time>
      </trkpt>
      <trkpt lat="-20.984782" lon="55.401054">
        <ele>1268.543955</ele>
        <time>2025-10-09T01:18:05.776Z</time>
      </trkpt>
      <trkpt lat="-20.985749" lon="55.39959">
        <ele>1235.406109</ele>
        <time>2025-10-09T01:19:52.554Z</time>
      </trkpt>
      <trkpt lat="-20.98648" lon="55.3983">
        <ele>1214.95728</ele>
        <time>2025-10-09T01:21:23.237Z</time>
      </trkpt>
      <trkpt lat="-20.986651" lon="55.397516">
        <ele>1206.454199</ele>
        <time>2025-10-09T01:22:14.357Z</time>
      </trkpt>
      <trkpt lat="-20.987086" lon="55.396532">
        <ele>1201.360223</ele>
        <time>2025-10-09T01:23:31.565Z</time>
      </trkpt>
      <trkpt lat="-20.987121" lon="55.396171">
        <ele>1199.662083</ele>
        <time>2025-10-09T01:23:56.862Z</time>
      </trkpt>
      <trkpt lat="-20.987393" lon="55.39558">
        <ele>1197.691833</ele>
        <time>2025-10-09T01:24:41.559Z</time>
      </trkpt>
      <trkpt lat="-20.987453" lon="55.395553">
        <ele>1197.514414</ele>
        <time>2025-10-09T01:24:47.227Z</time>
      </trkpt>
      <trkpt lat="-20.987469" lon="55.395632">
        <ele>1197.346976</ele>
        <time>2025-10-09T01:24:52.849Z</time>
      </trkpt>
      <trkpt lat="-20.987531" lon="55.395546">
        <ele>1197.121922</ele>
        <time>2025-10-09T01:25:00.162Z</time>
      </trkpt>
      <trkpt lat="-20.987505" lon="55.395368">
        <ele>1196.748747</ele>
        <time>2025-10-09T01:25:12.774Z</time>
      </trkpt>
      <trkpt lat="-20.987633" lon="55.395047">
        <ele>1196.0053</ele>
        <time>2025-10-09T01:25:38.533Z</time>
      </trkpt>
      <trkpt lat="-20.987745" lon="55.395026">
        <ele>1195.731566</ele>
        <time>2025-10-09T01:25:48.183Z</time>
      </trkpt>
      <trkpt lat="-20.987745" lon="55.394788">
        <ele>1195.23841</ele>
        <time>2025-10-09T01:26:06.240Z</time>
      </trkpt>
      <trkpt lat="-20.987712" lon="55.394869">
        <ele>1195.055358</ele>
        <time>2025-10-09T01:26:13.145Z</time>
      </trkpt>
      <trkpt lat="-20.987692" lon="55.394707">
        <ele>1194.668404</ele>
        <time>2025-10-09T01:26:28.575Z</time>
      </trkpt>
      <trkpt lat="-20.987645" lon="55.394731">
        <ele>1194.70543</ele>
        <time>2025-10-09T01:26:33.118Z</time>
      </trkpt>
      <trkpt lat="-20.987678" lon="55.394599">
        <ele>1195.318348</ele>
        <time>2025-10-09T01:26:45.296Z</time>
      </trkpt>
      <trkpt lat="-20.987562" lon="55.394694">
        <ele>1196.143637</ele>
        <time>2025-10-09T01:27:02.209Z</time>
      </trkpt>
      <trkpt lat="-20.987673" lon="55.394313">
        <ele>1197.933805</ele>
        <time>2025-10-09T01:27:42.457Z</time>
      </trkpt>
      <trkpt lat="-20.987663" lon="55.393849">
        <ele>1200.038921</ele>
        <time>2025-10-09T01:28:32.441Z</time>
      </trkpt>
      <trkpt lat="-20.987945" lon="55.393154">
        <ele>1203.254947</ele>
        <time>2025-10-09T01:29:43.118Z</time>
      </trkpt>
      <trkpt lat="-20.988106" lon="55.392898">
        <ele>1203.342431</ele>
        <time>2025-10-09T01:30:09.558Z</time>
      </trkpt>
      <trkpt lat="-20.988772" lon="55.392209">
        <ele>1203.625315</ele>
        <time>2025-10-09T01:31:30.699Z</time>
      </trkpt>
      <trkpt lat="-20.989064" lon="55.391493">
        <ele>1201.718142</ele>
        <time>2025-10-09T01:32:26.535Z</time>
      </trkpt>
      <trkpt lat="-20.989316" lon="55.391288">
        <ele>1198.385569</ele>
        <time>2025-10-09T01:32:48.934Z</time>
      </trkpt>
      <trkpt lat="-20.989533" lon="55.390904">
        <ele>1193.903974</ele>
        <time>2025-10-09T01:33:17.280Z</time>
      </trkpt>
      <trkpt lat="-20.989724" lon="55.390806">
        <ele>1191.673605</ele>
        <time>2025-10-09T01:33:30.923Z</time>
      </trkpt>
      <trkpt lat="-20.990214" lon="55.389894">
        <ele>1182.803994</ele>
        <time>2025-10-09T01:34:34.216Z</time>
      </trkpt>
      <trkpt lat="-20.990586" lon="55.389595">
        <ele>1180.007957</ele>
        <time>2025-10-09T01:35:05.346Z</time>
      </trkpt>
      <trkpt lat="-20.990741" lon="55.389567">
        <ele>1178.989735</ele>
        <time>2025-10-09T01:35:17.792Z</time>
      </trkpt>
      <trkpt lat="-20.99061" lon="55.388975">
        <ele>1175.500023</ele>
        <time>2025-10-09T01:36:06.450Z</time>
      </trkpt>
      <trkpt lat="-20.990728" lon="55.389024">
        <ele>1174.743668</ele>
        <time>2025-10-09T01:36:18.305Z</time>
      </trkpt>
      <trkpt lat="-20.990566" lon="55.388881">
        <ele>1173.367718</ele>
        <time>2025-10-09T01:36:38.966Z</time>
      </trkpt>
      <trkpt lat="-20.990329" lon="55.388279">
        <ele>1169.245208</ele>
        <time>2025-10-09T01:37:31.901Z</time>
      </trkpt>
      <trkpt lat="-20.990419" lon="55.388277">
        <ele>1168.57111</ele>
        <time>2025-10-09T01:37:39.513Z</time>
      </trkpt>
      <trkpt lat="-20.990169" lon="55.387778">
        <ele>1165.037277</ele>
        <time>2025-10-09T01:38:15.177Z</time>
      </trkpt>
      <trkpt lat="-20.990143" lon="55.387307">
        <ele>1162.083572</ele>
        <time>2025-10-09T01:38:43.492Z</time>
      </trkpt>
      <trkpt lat="-20.98984" lon="55.386854">
        <ele>1157.689028</ele>
        <time>2025-10-09T01:39:16.855Z</time>
      </trkpt>
      <trkpt lat="-20.98946" lon="55.386696">
        <ele>1154.239971</ele>
        <time>2025-10-09T01:39:43.816Z</time>
      </trkpt>
      <trkpt lat="-20.989315" lon="55.386558">
        <ele>1152.468073</ele>
        <time>2025-10-09T01:39:58.832Z</time>
      </trkpt>
      <trkpt lat="-20.989256" lon="55.386698">
        <ele>1151.259333</ele>
        <time>2025-10-09T01:40:09.552Z</time>
      </trkpt>
      <trkpt lat="-20.98918" lon="55.386626">
        <ele>1150.254363</ele>
        <time>2025-10-09T01:40:18.823Z</time>
      </trkpt>
      <trkpt lat="-20.989006" lon="55.386823">
        <ele>1147.947043</ele>
        <time>2025-10-09T01:40:40.493Z</time>
      </trkpt>
      <trkpt lat="-20.988554" lon="55.387561">
        <ele>1142.710164</ele>
        <time>2025-10-09T01:41:12.942Z</time>
      </trkpt>
      <trkpt lat="-20.988471" lon="55.387523">
        <ele>1142.078762</ele>
        <time>2025-10-09T01:41:16.779Z</time>
      </trkpt>
      <trkpt lat="-20.988748" lon="55.386367">
        <ele>1134.951625</ele>
        <time>2025-10-09T01:41:54.216Z</time>
      </trkpt>
      <trkpt lat="-20.988767" lon="55.386034">
        <ele>1132.187207</ele>
        <time>2025-10-09T01:42:04.531Z</time>
      </trkpt>
      <trkpt lat="-20.988638" lon="55.385856">
        <ele>1130.272434</ele>
        <time>2025-10-09T01:42:11.746Z</time>
      </trkpt>
      <trkpt lat="-20.988084" lon="55.385684">
        <ele>1125.158138</ele>
        <time>2025-10-09T01:42:31.419Z</time>
      </trkpt>
      <trkpt lat="-20.988038" lon="55.385504">
        <ele>1123.566373</ele>
        <time>2025-10-09T01:42:37.611Z</time>
      </trkpt>
      <trkpt lat="-20.988111" lon="55.38537">
        <ele>1122.288396</ele>
        <time>2025-10-09T01:42:42.571Z</time>
      </trkpt>
      <trkpt lat="-20.98842" lon="55.385194">
        <ele>1119.517145</ele>
        <time>2025-10-09T01:42:54.698Z</time>
      </trkpt>
      <trkpt lat="-20.988462" lon="55.385069">
        <ele>1118.725912</ele>
        <time>2025-10-09T01:42:59.090Z</time>
      </trkpt>
      <trkpt lat="-20.988401" lon="55.384943">
        <ele>1117.865037</ele>
        <time>2025-10-09T01:43:03.827Z</time>
      </trkpt>
      <trkpt lat="-20.988253" lon="55.384955">
        <ele>1116.894778</ele>
        <time>2025-10-09T01:43:09.189Z</time>
      </trkpt>
      <trkpt lat="-20.987363" lon="55.385609">
        <ele>1110.02216</ele>
        <time>2025-10-09T01:43:48.607Z</time>
      </trkpt>
      <trkpt lat="-20.987582" lon="55.386222">
        <ele>1105.673317</ele>
        <time>2025-10-09T01:44:10.561Z</time>
      </trkpt>
      <trkpt lat="-20.987509" lon="55.386389">
        <ele>1104.340563</ele>
        <time>2025-10-09T01:44:16.968Z</time>
      </trkpt>
      <trkpt lat="-20.986608" lon="55.386137">
        <ele>1097.494457</ele>
        <time>2025-10-09T01:44:49.350Z</time>
      </trkpt>
      <trkpt lat="-20.986378" lon="55.386209">
        <ele>1095.666524</ele>
        <time>2025-10-09T01:44:57.850Z</time>
      </trkpt>
      <trkpt lat="-20.985941" lon="55.386829">
        <ele>1090.185008</ele>
        <time>2025-10-09T01:45:22.981Z</time>
      </trkpt>
      <trkpt lat="-20.985938" lon="55.38706">
        <ele>1088.52926</ele>
        <time>2025-10-09T01:45:30.702Z</time>
      </trkpt>
      <trkpt lat="-20.986" lon="55.387388">
        <ele>1086.0709</ele>
        <time>2025-10-09T01:45:42.068Z</time>
      </trkpt>
      <trkpt lat="-20.985848" lon="55.387502">
        <ele>1084.628877</ele>
        <time>2025-10-09T01:45:48.696Z</time>
      </trkpt>
      <trkpt lat="-20.98568" lon="55.387451">
        <ele>1083.267794</ele>
        <time>2025-10-09T01:45:54.912Z</time>
      </trkpt>
      <trkpt lat="-20.985263" lon="55.386865">
        <ele>1079.092123</ele>
        <time>2025-10-09T01:46:18.671Z</time>
      </trkpt>
      <trkpt lat="-20.984701" lon="55.386524">
        <ele>1075.426063</ele>
        <time>2025-10-09T01:46:42.257Z</time>
      </trkpt>
      <trkpt lat="-20.984717" lon="55.386336">
        <ele>1074.335724</ele>
        <time>2025-10-09T01:46:49.505Z</time>
      </trkpt>
      <trkpt lat="-20.985406" lon="55.386079">
        <ele>1069.398766</ele>
        <time>2025-10-09T01:47:17.112Z</time>
      </trkpt>
      <trkpt lat="-20.985475" lon="55.385774">
        <ele>1066.976879</ele>
        <time>2025-10-09T01:47:28.286Z</time>
      </trkpt>
      <trkpt lat="-20.984693" lon="55.385403">
        <ele>1060.100386</ele>
        <time>2025-10-09T01:47:57.564Z</time>
      </trkpt>
      <trkpt lat="-20.984293" lon="55.384938">
        <ele>1056.019872</ele>
        <time>2025-10-09T01:48:16.664Z</time>
      </trkpt>
      <trkpt lat="-20.984174" lon="55.384399">
        <ele>1053.009491</ele>
        <time>2025-10-09T01:48:34.305Z</time>
      </trkpt>
      <trkpt lat="-20.984271" lon="55.38411">
        <ele>1051.359375</ele>
        <time>2025-10-09T01:48:44.716Z</time>
      </trkpt>
      <trkpt lat="-20.984417" lon="55.384012">
        <ele>1050.327692</ele>
        <time>2025-10-09T01:48:51.469Z</time>
      </trkpt>
      <trkpt lat="-20.984725" lon="55.384176">
        <ele>1048.333395</ele>
        <time>2025-10-09T01:49:05.111Z</time>
      </trkpt>
      <trkpt lat="-20.98509" lon="55.384185">
        <ele>1047.579911</ele>
        <time>2025-10-09T01:49:20.755Z</time>
      </trkpt>
      <trkpt lat="-20.985813" lon="55.383967">
        <ele>1048.395639</ele>
        <time>2025-10-09T01:50:00.160Z</time>
      </trkpt>
      <trkpt lat="-20.986702" lon="55.383862">
        <ele>1048.818459</ele>
        <time>2025-10-09T01:50:36.925Z</time>
      </trkpt>
      <trkpt lat="-20.987012" lon="55.383082">
        <ele>1041.302428</ele>
        <time>2025-10-09T01:51:04.569Z</time>
      </trkpt>
      <trkpt lat="-20.987015" lon="55.382699">
        <ele>1037.93565</ele>
        <time>2025-10-09T01:51:16.067Z</time>
      </trkpt>
      <trkpt lat="-20.986674" lon="55.382013">
        <ele>1030.845249</ele>
        <time>2025-10-09T01:51:39.596Z</time>
      </trkpt>
      <trkpt lat="-20.986393" lon="55.381751">
        <ele>1026.777599</ele>
        <time>2025-10-09T01:51:51.883Z</time>
      </trkpt>
      <trkpt lat="-20.986149" lon="55.380645">
        <ele>1015.191377</ele>
        <time>2025-10-09T01:52:26.853Z</time>
      </trkpt>
      <trkpt lat="-20.985956" lon="55.380095">
        <ele>1008.582227</ele>
        <time>2025-10-09T01:52:44.600Z</time>
      </trkpt>
      <trkpt lat="-20.985626" lon="55.379559">
        <ele>1000.880578</ele>
        <time>2025-10-09T01:53:03.918Z</time>
      </trkpt>
      <trkpt lat="-20.985268" lon="55.379719">
        <ele>995.517707</ele>
        <time>2025-10-09T01:53:17.351Z</time>
      </trkpt>
      <trkpt lat="-20.985179" lon="55.379615">
        <ele>993.827792</ele>
        <time>2025-10-09T01:53:21.588Z</time>
      </trkpt>
      <trkpt lat="-20.984832" lon="55.378796">
        <ele>982.520068</ele>
        <time>2025-10-09T01:53:49.163Z</time>
      </trkpt>
      <trkpt lat="-20.983999" lon="55.37824">
        <ele>969.337181</ele>
        <time>2025-10-09T01:54:20.768Z</time>
      </trkpt>
      <trkpt lat="-20.9835" lon="55.377541">
        <ele>960.037302</ele>
        <time>2025-10-09T01:54:47.364Z</time>
      </trkpt>
      <trkpt lat="-20.983423" lon="55.377588">
        <ele>959.075608</ele>
        <time>2025-10-09T01:54:50.445Z</time>
      </trkpt>
      <trkpt lat="-20.983268" lon="55.378269">
        <ele>952.325011</ele>
        <time>2025-10-09T01:55:12.186Z</time>
      </trkpt>
      <trkpt lat="-20.982859" lon="55.377858">
        <ele>946.721041</ele>
        <time>2025-10-09T01:55:32.032Z</time>
      </trkpt>
      <trkpt lat="-20.982496" lon="55.377664">
        <ele>943.892133</ele>
        <time>2025-10-09T01:55:46.259Z</time>
      </trkpt>
      <trkpt lat="-20.98273" lon="55.377434">
        <ele>941.579171</ele>
        <time>2025-10-09T01:55:57.980Z</time>
      </trkpt>
      <trkpt lat="-20.982755" lon="55.377077">
        <ele>939.276801</ele>
        <time>2025-10-09T01:56:09.746Z</time>
      </trkpt>
      <trkpt lat="-20.982681" lon="55.377026">
        <ele>938.561274</ele>
        <time>2025-10-09T01:56:13.402Z</time>
      </trkpt>
      <trkpt lat="-20.98255" lon="55.377124">
        <ele>937.460641</ele>
        <time>2025-10-09T01:56:19.191Z</time>
      </trkpt>
      <trkpt lat="-20.982199" lon="55.376666">
        <ele>932.889756</ele>
        <time>2025-10-09T01:56:39.463Z</time>
      </trkpt>
      <trkpt lat="-20.982009" lon="55.376276">
        <ele>928.257777</ele>
        <time>2025-10-09T01:56:53.575Z</time>
      </trkpt>
      <trkpt lat="-20.982001" lon="55.376168">
        <ele>927.118219</ele>
        <time>2025-10-09T01:56:56.965Z</time>
      </trkpt>
      <trkpt lat="-20.982257" lon="55.375964">
        <ele>923.523588</ele>
        <time>2025-10-09T01:57:07.366Z</time>
      </trkpt>
      <trkpt lat="-20.982311" lon="55.375824">
        <ele>921.913108</ele>
        <time>2025-10-09T01:57:11.971Z</time>
      </trkpt>
      <trkpt lat="-20.981995" lon="55.374705">
        <ele>905.328369</ele>
        <time>2025-10-09T01:57:46.929Z</time>
      </trkpt>
      <trkpt lat="-20.981678" lon="55.374073">
        <ele>891.287853</ele>
        <time>2025-10-09T01:58:08.406Z</time>
      </trkpt>
      <trkpt lat="-20.982508" lon="55.373758">
        <ele>874.682252</ele>
        <time>2025-10-09T01:59:04.753Z</time>
      </trkpt>
      <trkpt lat="-20.982653" lon="55.374001">
        <ele>871.488905</ele>
        <time>2025-10-09T01:59:23.203Z</time>
      </trkpt>
      <trkpt lat="-20.982823" lon="55.374167">
        <ele>868.951156</ele>
        <time>2025-10-09T01:59:37.929Z</time>
      </trkpt>
      <trkpt lat="-20.982931" lon="55.374426">
        <ele>866.005361</ele>
        <time>2025-10-09T01:59:55.311Z</time>
      </trkpt>
      <trkpt lat="-20.982947" lon="55.374201">
        <ele>863.681191</ele>
        <time>2025-10-09T02:00:09.774Z</time>
      </trkpt>
      <trkpt lat="-20.983002" lon="55.374247">
        <ele>862.911391</ele>
        <time>2025-10-09T02:00:14.801Z</time>
      </trkpt>
      <trkpt lat="-20.983048" lon="55.374457">
        <ele>860.689704</ele>
        <time>2025-10-09T02:00:29.617Z</time>
      </trkpt>
      <trkpt lat="-20.983571" lon="55.375212">
        <ele>860.221459</ele>
        <time>2025-10-09T02:01:42.855Z</time>
      </trkpt>
      <trkpt lat="-20.983833" lon="55.37522">
        <ele>861.779471</ele>
        <time>2025-10-09T02:02:10.126Z</time>
      </trkpt>
      <trkpt lat="-20.984147" lon="55.375358">
        <ele>863.775565</ele>
        <time>2025-10-09T02:02:52.021Z</time>
      </trkpt>
      <trkpt lat="-20.984434" lon="55.375768">
        <ele>866.531613</ele>
        <time>2025-10-09T02:03:59.830Z</time>
      </trkpt>
      <trkpt lat="-20.984682" lon="55.375828">
        <ele>866.537563</ele>
        <time>2025-10-09T02:04:38.300Z</time>
      </trkpt>
      <trkpt lat="-20.98478" lon="55.375956">
        <ele>865.453695</ele>
        <time>2025-10-09T02:04:58.593Z</time>
      </trkpt>
      <trkpt lat="-20.985304" lon="55.376244">
        <ele>861.309148</ele>
        <time>2025-10-09T02:05:54.953Z</time>
      </trkpt>
      <trkpt lat="-20.985584" lon="55.376279">
        <ele>859.260294</ele>
        <time>2025-10-09T02:06:15.032Z</time>
      </trkpt>
      <trkpt lat="-20.985969" lon="55.376184">
        <ele>856.489599</ele>
        <time>2025-10-09T02:06:40.154Z</time>
      </trkpt>
      <trkpt lat="-20.986511" lon="55.375862">
        <ele>844.033026</ele>
        <time>2025-10-09T02:07:22.885Z</time>
      </trkpt>
      <trkpt lat="-20.986266" lon="55.375882">
        <ele>837.009178</ele>
        <time>2025-10-09T02:07:40.675Z</time>
      </trkpt>
      <trkpt lat="-20.986537" lon="55.375745">
        <ele>828.288334</ele>
        <time>2025-10-09T02:08:02.354Z</time>
      </trkpt>
      <trkpt lat="-20.986861" lon="55.375828">
        <ele>818.852909</ele>
        <time>2025-10-09T02:08:25.278Z</time>
      </trkpt>
      <trkpt lat="-20.98694" lon="55.375978">
        <ele>814.29876</ele>
        <time>2025-10-09T02:08:36.028Z</time>
      </trkpt>
      <trkpt lat="-20.987268" lon="55.375984">
        <ele>805.007521</ele>
        <time>2025-10-09T02:08:57.564Z</time>
      </trkpt>
      <trkpt lat="-20.987465" lon="55.376166">
        <ele>796.997919</ele>
        <time>2025-10-09T02:09:14.500Z</time>
      </trkpt>
      <trkpt lat="-20.987517" lon="55.376171">
        <ele>795.365626</ele>
        <time>2025-10-09T02:09:17.950Z</time>
      </trkpt>
      <trkpt lat="-20.987506" lon="55.376087">
        <ele>792.889635</ele>
        <time>2025-10-09T02:09:23.173Z</time>
      </trkpt>
      <trkpt lat="-20.98761" lon="55.376114">
        <ele>789.54397</ele>
        <time>2025-10-09T02:09:30.273Z</time>
      </trkpt>
      <trkpt lat="-20.987448" lon="55.37593">
        <ele>782.161515</ele>
        <time>2025-10-09T02:09:46.155Z</time>
      </trkpt>
      <trkpt lat="-20.987658" lon="55.376054">
        <ele>774.569701</ele>
        <time>2025-10-09T02:10:02.937Z</time>
      </trkpt>
      <trkpt lat="-20.987533" lon="55.375717">
        <ele>763.699273</ele>
        <time>2025-10-09T02:10:27.794Z</time>
      </trkpt>
      <trkpt lat="-20.987738" lon="55.375897">
        <ele>755.289263</ele>
        <time>2025-10-09T02:10:47.475Z</time>
      </trkpt>
      <trkpt lat="-20.988" lon="55.375881">
        <ele>746.929645</ele>
        <time>2025-10-09T02:11:07.270Z</time>
      </trkpt>
      <trkpt lat="-20.988111" lon="55.376055">
        <ele>738.845007</ele>
        <time>2025-10-09T02:11:22.481Z</time>
      </trkpt>
      <trkpt lat="-20.988572" lon="55.376142">
        <ele>719.080192</ele>
        <time>2025-10-09T02:12:00.101Z</time>
      </trkpt>
      <trkpt lat="-20.988633" lon="55.376054">
        <ele>713.862433</ele>
        <time>2025-10-09T02:12:10.212Z</time>
      </trkpt>
      <trkpt lat="-20.98853" lon="55.376048">
        <ele>709.623944</ele>
        <time>2025-10-09T02:12:18.661Z</time>
      </trkpt>
      <trkpt lat="-20.988319" lon="55.375865">
        <ele>697.947027</ele>
        <time>2025-10-09T02:12:42.136Z</time>
      </trkpt>
      <trkpt lat="-20.988423" lon="55.375824">
        <ele>693.393422</ele>
        <time>2025-10-09T02:12:51.311Z</time>
      </trkpt>
      <trkpt lat="-20.988493" lon="55.375887">
        <ele>689.636514</ele>
        <time>2025-10-09T02:12:58.823Z</time>
      </trkpt>
      <trkpt lat="-20.988697" lon="55.375729">
        <ele>679.29226</ele>
        <time>2025-10-09T02:13:19.769Z</time>
      </trkpt>
      <trkpt lat="-20.98888" lon="55.376011">
        <ele>666.751749</ele>
        <time>2025-10-09T02:13:47.890Z</time>
      </trkpt>
      <trkpt lat="-20.98894" lon="55.375857">
        <ele>660.811755</ele>
        <time>2025-10-09T02:14:01.731Z</time>
      </trkpt>
      <trkpt lat="-20.988816" lon="55.375586">
        <ele>650.780378</ele>
        <time>2025-10-09T02:14:24.132Z</time>
      </trkpt>
      <trkpt lat="-20.989035" lon="55.375779">
        <ele>640.498434</ele>
        <time>2025-10-09T02:14:46.852Z</time>
      </trkpt>
      <trkpt lat="-20.98908" lon="55.375664">
        <ele>636.353798</ele>
        <time>2025-10-09T02:14:55.871Z</time>
      </trkpt>
      <trkpt lat="-20.988946" lon="55.375488">
        <ele>628.805182</ele>
        <time>2025-10-09T02:15:11.804Z</time>
      </trkpt>
      <trkpt lat="-20.989216" lon="55.375572">
        <ele>618.602534</ele>
        <time>2025-10-09T02:15:32.157Z</time>
      </trkpt>
      <trkpt lat="-20.988866" lon="55.375227">
        <ele>609.781438</ele>
        <time>2025-10-09T02:16:04.273Z</time>
      </trkpt>
      <trkpt lat="-20.988937" lon="55.375232">
        <ele>609.823582</ele>
        <time>2025-10-09T02:16:08.799Z</time>
      </trkpt>
      <trkpt lat="-20.989431" lon="55.375474">
        <ele>610.171345</ele>
        <time>2025-10-09T02:16:52.069Z</time>
      </trkpt>
      <trkpt lat="-20.9895" lon="55.375479">
        <ele>610.248055</ele>
        <time>2025-10-09T02:17:06.106Z</time>
      </trkpt>
      <trkpt lat="-20.98946" lon="55.375699">
        <ele>610.373224</ele>
        <time>2025-10-09T02:17:34.918Z</time>
      </trkpt>
      <trkpt lat="-20.98952" lon="55.376036">
        <ele>610.562945</ele>
        <time>2025-10-09T02:18:29.481Z</time>
      </trkpt>
      <trkpt lat="-20.989932" lon="55.376458">
        <ele>610.383579</ele>
        <time>2025-10-09T02:20:27.053Z</time>
      </trkpt>
      <trkpt lat="-20.989904" lon="55.376952">
        <ele>609.919708</ele>
        <time>2025-10-09T02:21:56.122Z</time>
      </trkpt>
      <trkpt lat="-20.990567" lon="55.377159">
        <ele>609.265938</ele>
        <time>2025-10-09T02:22:54.115Z</time>
      </trkpt>
      <trkpt lat="-20.990615" lon="55.37742">
        <ele>609.03149</ele>
        <time>2025-10-09T02:23:10.914Z</time>
      </trkpt>
      <trkpt lat="-20.990753" lon="55.37763">
        <ele>596.491554</ele>
        <time>2025-10-09T02:23:29.937Z</time>
      </trkpt>
      <trkpt lat="-20.991147" lon="55.377739">
        <ele>572.152375</ele>
        <time>2025-10-09T02:24:12.358Z</time>
      </trkpt>
      <trkpt lat="-20.991577" lon="55.377522">
        <ele>544.063541</ele>
        <time>2025-10-09T02:25:05.870Z</time>
      </trkpt>
      <trkpt lat="-20.992073" lon="55.377612">
        <ele>514.3636</ele>
        <time>2025-10-09T02:26:03.298Z</time>
      </trkpt>
      <trkpt lat="-20.992446" lon="55.377589">
        <ele>493.937791</ele>
        <time>2025-10-09T02:26:45.508Z</time>
      </trkpt>
      <trkpt lat="-20.99277" lon="55.377449">
        <ele>476.700883</ele>
        <time>2025-10-09T02:27:23.186Z</time>
      </trkpt>
      <trkpt lat="-20.992922" lon="55.377842">
        <ele>456.7503</ele>
        <time>2025-10-09T02:28:01.141Z</time>
      </trkpt>
      <trkpt lat="-20.993199" lon="55.378024">
        <ele>441.000105</ele>
        <time>2025-10-09T02:28:27.557Z</time>
      </trkpt>
      <trkpt lat="-20.993469" lon="55.378403">
        <ele>418.832012</ele>
        <time>2025-10-09T02:29:03.062Z</time>
      </trkpt>
      <trkpt lat="-20.993748" lon="55.378465">
        <ele>414.566563</ele>
        <time>2025-10-09T02:29:23.783Z</time>
      </trkpt>
      <trkpt lat="-20.993919" lon="55.378367">
        <ele>413.374341</ele>
        <time>2025-10-09T02:29:36.816Z</time>
      </trkpt>
      <trkpt lat="-20.994071" lon="55.378512">
        <ele>412.123071</ele>
        <time>2025-10-09T02:29:49.831Z</time>
      </trkpt>
      <trkpt lat="-20.993981" lon="55.378298">
        <ele>410.742529</ele>
        <time>2025-10-09T02:30:04.154Z</time>
      </trkpt>
      <trkpt lat="-20.994136" lon="55.378331">
        <ele>409.689872</ele>
        <time>2025-10-09T02:30:15.847Z</time>
      </trkpt>
      <trkpt lat="-20.994289" lon="55.378717">
        <ele>407.283101</ele>
        <time>2025-10-09T02:30:54.609Z</time>
      </trkpt>
      <trkpt lat="-20.994184" lon="55.379016">
        <ele>405.449662</ele>
        <time>2025-10-09T02:31:51.637Z</time>
      </trkpt>
      <trkpt lat="-20.994125" lon="55.379621">
        <ele>415.9118</ele>
        <time>2025-10-09T02:34:45.161Z</time>
      </trkpt>
      <trkpt lat="-20.994001" lon="55.379927">
        <ele>422.961123</ele>
        <time>2025-10-09T02:36:26.384Z</time>
      </trkpt>
      <trkpt lat="-20.993952" lon="55.380617">
        <ele>437.610878</ele>
        <time>2025-10-09T02:39:04.490Z</time>
      </trkpt>
      <trkpt lat="-20.994042" lon="55.380944">
        <ele>444.894763</ele>
        <time>2025-10-09T02:39:47.882Z</time>
      </trkpt>
      <trkpt lat="-20.99434" lon="55.381359">
        <ele>443.93432</ele>
        <time>2025-10-09T02:40:27.548Z</time>
      </trkpt>
      <trkpt lat="-20.994469" lon="55.381393">
        <ele>443.356973</ele>
        <time>2025-10-09T02:40:38.356Z</time>
      </trkpt>
      <trkpt lat="-20.994609" lon="55.381635">
        <ele>442.338056</ele>
        <time>2025-10-09T02:40:56.518Z</time>
      </trkpt>
      <trkpt lat="-20.994611" lon="55.381473">
        <ele>441.724244</ele>
        <time>2025-10-09T02:41:07.187Z</time>
      </trkpt>
      <trkpt lat="-20.994737" lon="55.381577">
        <ele>440.92453</ele>
        <time>2025-10-09T02:41:21.257Z</time>
      </trkpt>
      <trkpt lat="-20.994731" lon="55.381424">
        <ele>440.392501</ele>
        <time>2025-10-09T02:41:30.863Z</time>
      </trkpt>
      <trkpt lat="-20.994775" lon="55.381441">
        <ele>440.218437</ele>
        <time>2025-10-09T02:41:34.019Z</time>
      </trkpt>
      <trkpt lat="-20.994859" lon="55.381557">
        <ele>439.537431</ele>
        <time>2025-10-09T02:41:46.544Z</time>
      </trkpt>
      <trkpt lat="-20.994762" lon="55.38171">
        <ele>439.029596</ele>
        <time>2025-10-09T02:41:58.925Z</time>
      </trkpt>
      <trkpt lat="-20.994811" lon="55.381722">
        <ele>439.655588</ele>
        <time>2025-10-09T02:42:05.058Z</time>
      </trkpt>
      <trkpt lat="-20.994764" lon="55.381855">
        <ele>440.727868</ele>
        <time>2025-10-09T02:42:15.950Z</time>
      </trkpt>
      <trkpt lat="-20.994904" lon="55.38176">
        <ele>442.077627</ele>
        <time>2025-10-09T02:42:30.820Z</time>
      </trkpt>
      <trkpt lat="-20.994906" lon="55.381962">
        <ele>443.679973</ele>
        <time>2025-10-09T02:42:50.793Z</time>
      </trkpt>
      <trkpt lat="-20.995024" lon="55.381855">
        <ele>444.94546</ele>
        <time>2025-10-09T02:43:08.386Z</time>
      </trkpt>
      <trkpt lat="-20.995036" lon="55.381934">
        <ele>445.521024</ele>
        <time>2025-10-09T02:43:16.964Z</time>
      </trkpt>
      <trkpt lat="-20.994934" lon="55.382033">
        <ele>446.614674</ele>
        <time>2025-10-09T02:43:34.456Z</time>
      </trkpt>
      <trkpt lat="-20.994916" lon="55.382251">
        <ele>448.188445</ele>
        <time>2025-10-09T02:44:03.061Z</time>
      </trkpt>
      <trkpt lat="-20.994988" lon="55.382249">
        <ele>448.743206</ele>
        <time>2025-10-09T02:44:13.645Z</time>
      </trkpt>
      <trkpt lat="-20.994932" lon="55.382343">
        <ele>449.545061</ele>
        <time>2025-10-09T02:44:29.603Z</time>
      </trkpt>
      <trkpt lat="-20.994985" lon="55.38242">
        <ele>450.232991</ele>
        <time>2025-10-09T02:44:43.856Z</time>
      </trkpt>
      <trkpt lat="-20.99479" lon="55.382977">
        <ele>455.480964</ele>
        <time>2025-10-09T02:46:25.510Z</time>
      </trkpt>
      <trkpt lat="-20.994791" lon="55.383371">
        <ele>459.682892</ele>
        <time>2025-10-09T02:47:38.308Z</time>
      </trkpt>
      <trkpt lat="-20.994886" lon="55.383476">
        <ele>461.229675</ele>
        <time>2025-10-09T02:48:04.175Z</time>
      </trkpt>
      <trkpt lat="-20.99463" lon="55.38354">
        <ele>464.274218</ele>
        <time>2025-10-09T02:48:50.535Z</time>
      </trkpt>
      <trkpt lat="-20.994737" lon="55.383608">
        <ele>465.683978</ele>
        <time>2025-10-09T02:49:09.611Z</time>
      </trkpt>
      <trkpt lat="-20.994743" lon="55.383697">
        <ele>466.627939</ele>
        <time>2025-10-09T02:49:21.652Z</time>
      </trkpt>
      <trkpt lat="-20.994568" lon="55.38374">
        <ele>468.812692</ele>
        <time>2025-10-09T02:49:45.884Z</time>
      </trkpt>
      <trkpt lat="-20.994543" lon="55.383976">
        <ele>471.549362</ele>
        <time>2025-10-09T02:50:10.440Z</time>
      </trkpt>
      <trkpt lat="-20.994698" lon="55.384068">
        <ele>472.270607</ele>
        <time>2025-10-09T02:50:24.924Z</time>
      </trkpt>
      <trkpt lat="-20.994766" lon="55.384219">
        <ele>468.105015</ele>
        <time>2025-10-09T02:50:36.375Z</time>
      </trkpt>
      <trkpt lat="-20.994846" lon="55.384207">
        <ele>465.955118</ele>
        <time>2025-10-09T02:50:41.807Z</time>
      </trkpt>
      <trkpt lat="-20.995011" lon="55.384475">
        <ele>457.567761</ele>
        <time>2025-10-09T02:51:02.053Z</time>
      </trkpt>
      <trkpt lat="-20.995261" lon="55.384403">
        <ele>450.320595</ele>
        <time>2025-10-09T02:51:19.705Z</time>
      </trkpt>
      <trkpt lat="-20.99547" lon="55.384702">
        <ele>440.526349</ele>
        <time>2025-10-09T02:51:46.661Z</time>
      </trkpt>
      <trkpt lat="-20.995538" lon="55.384906">
        <ele>434.798696</ele>
        <time>2025-10-09T02:52:03.861Z</time>
      </trkpt>
      <trkpt lat="-20.996033" lon="55.384779">
        <ele>418.987223</ele>
        <time>2025-10-09T02:52:47.936Z</time>
      </trkpt>
      <trkpt lat="-20.996255" lon="55.385016">
        <ele>406.296562</ele>
        <time>2025-10-09T02:53:16.957Z</time>
      </trkpt>
      <trkpt lat="-20.996326" lon="55.38521">
        <ele>398.476423</ele>
        <time>2025-10-09T02:53:35.004Z</time>
      </trkpt>
      <trkpt lat="-20.996611" lon="55.385467">
        <ele>383.500445</ele>
        <time>2025-10-09T02:54:07.620Z</time>
      </trkpt>
      <trkpt lat="-20.996658" lon="55.385723">
        <ele>373.708925</ele>
        <time>2025-10-09T02:54:26.904Z</time>
      </trkpt>
      <trkpt lat="-20.997197" lon="55.386074">
        <ele>350.662059</ele>
        <time>2025-10-09T02:55:11.243Z</time>
      </trkpt>
      <trkpt lat="-20.997323" lon="55.386315">
        <ele>345.385038</ele>
        <time>2025-10-09T02:55:28.026Z</time>
      </trkpt>
      <trkpt lat="-20.997353" lon="55.386661">
        <ele>338.887102</ele>
        <time>2025-10-09T02:55:48.570Z</time>
      </trkpt>
      <trkpt lat="-20.997272" lon="55.386929">
        <ele>333.322747</ele>
        <time>2025-10-09T02:56:06.228Z</time>
      </trkpt>
      <trkpt lat="-20.997515" lon="55.387133">
        <ele>327.13873</ele>
        <time>2025-10-09T02:56:26.066Z</time>
      </trkpt>
      <trkpt lat="-20.997575" lon="55.387395">
        <ele>322.094175</ele>
        <time>2025-10-09T02:56:42.178Z</time>
      </trkpt>
      <trkpt lat="-20.997764" lon="55.387454">
        <ele>318.151064</ele>
        <time>2025-10-09T02:56:54.789Z</time>
      </trkpt>
      <trkpt lat="-20.997893" lon="55.387638">
        <ele>314.684908</ele>
        <time>2025-10-09T02:57:08.535Z</time>
      </trkpt>
      <trkpt lat="-20.997849" lon="55.387856">
        <ele>311.180084</ele>
        <time>2025-10-09T02:57:23.828Z</time>
      </trkpt>
      <trkpt lat="-20.997882" lon="55.387891">
        <ele>310.498817</ele>
        <time>2025-10-09T02:57:26.756Z</time>
      </trkpt>
      <trkpt lat="-20.998043" lon="55.387703">
        <ele>306.851579</ele>
        <time>2025-10-09T02:57:42.663Z</time>
      </trkpt>
      <trkpt lat="-20.998145" lon="55.387869">
        <ele>303.562604</ele>
        <time>2025-10-09T02:57:57.103Z</time>
      </trkpt>
      <trkpt lat="-20.998056" lon="55.387939">
        <ele>301.867418</ele>
        <time>2025-10-09T02:58:04.565Z</time>
      </trkpt>
      <trkpt lat="-20.998102" lon="55.388038">
        <ele>300.262855</ele>
        <time>2025-10-09T02:58:11.574Z</time>
      </trkpt>
      <trkpt lat="-20.998257" lon="55.387872">
        <ele>297.047455</ele>
        <time>2025-10-09T02:58:25.713Z</time>
      </trkpt>
      <trkpt lat="-20.998263" lon="55.388011">
        <ele>295.141744</ele>
        <time>2025-10-09T02:58:34.087Z</time>
      </trkpt>
      <trkpt lat="-20.998399" lon="55.388025">
        <ele>293.13747</ele>
        <time>2025-10-09T02:58:42.915Z</time>
      </trkpt>
      <trkpt lat="-20.998421" lon="55.388187">
        <ele>290.895448</ele>
        <time>2025-10-09T02:58:52.793Z</time>
      </trkpt>
      <trkpt lat="-20.998528" lon="55.388212">
        <ele>289.317138</ele>
        <time>2025-10-09T02:58:59.859Z</time>
      </trkpt>
      <trkpt lat="-20.998697" lon="55.388669">
        <ele>282.700667</ele>
        <time>2025-10-09T02:59:29.618Z</time>
      </trkpt>
      <trkpt lat="-20.999208" lon="55.389062">
        <ele>273.586341</ele>
        <time>2025-10-09T03:00:10.300Z</time>
      </trkpt>
      <trkpt lat="-20.999216" lon="55.3892">
        <ele>271.733875</ele>
        <time>2025-10-09T03:00:18.573Z</time>
      </trkpt>
      <trkpt lat="-20.999337" lon="55.389347">
        <ele>268.921127</ele>
        <time>2025-10-09T03:00:31.133Z</time>
      </trkpt>
      <trkpt lat="-20.99993" lon="55.389514">
        <ele>262.08774</ele>
        <time>2025-10-09T03:01:11.727Z</time>
      </trkpt>
      <trkpt lat="-21.000414" lon="55.389485">
        <ele>258.210109</ele>
        <time>2025-10-09T03:01:34.117Z</time>
      </trkpt>
      <trkpt lat="-21.000627" lon="55.389353">
        <ele>256.298455</ele>
        <time>2025-10-09T03:01:45.768Z</time>
      </trkpt>
      <trkpt lat="-21.000718" lon="55.389462">
        <ele>255.237955</ele>
        <time>2025-10-09T03:01:52.564Z</time>
      </trkpt>
      <trkpt lat="-21.001045" lon="55.389461">
        <ele>252.608065</ele>
        <time>2025-10-09T03:02:11.052Z</time>
      </trkpt>
      <trkpt lat="-21.00103" lon="55.389724">
        <ele>250.897235</ele>
        <time>2025-10-09T03:02:26.739Z</time>
      </trkpt>
      <trkpt lat="-21.001154" lon="55.389787">
        <ele>251.628739</ele>
        <time>2025-10-09T03:02:37.865Z</time>
      </trkpt>
      <trkpt lat="-21.001246" lon="55.390452">
        <ele>254.429806</ele>
        <time>2025-10-09T03:03:17.639Z</time>
      </trkpt>
      <trkpt lat="-21.001345" lon="55.390647">
        <ele>255.331108</ele>
        <time>2025-10-09T03:03:28.914Z</time>
      </trkpt>
      <trkpt lat="-21.001838" lon="55.391253">
        <ele>258.586887</ele>
        <time>2025-10-09T03:04:07.489Z</time>
      </trkpt>
      <trkpt lat="-21.003014" lon="55.392328">
        <ele>261.790084</ele>
        <time>2025-10-09T03:05:16.455Z</time>
      </trkpt>
      <trkpt lat="-21.003525" lon="55.393005">
        <ele>261.168808</ele>
        <time>2025-10-09T03:06:07.192Z</time>
      </trkpt>
      <trkpt lat="-21.004189" lon="55.393645">
        <ele>259.338178</ele>
        <time>2025-10-09T03:07:15.977Z</time>
      </trkpt>
      <trkpt lat="-21.004379" lon="55.394337">
        <ele>258.854764</ele>
        <time>2025-10-09T03:08:07.540Z</time>
      </trkpt>
      <trkpt lat="-21.004614" lon="55.394447">
        <ele>259.019667</ele>
        <time>2025-10-09T03:08:27.487Z</time>
      </trkpt>
      <trkpt lat="-21.004892" lon="55.394517">
        <ele>259.220733</ele>
        <time>2025-10-09T03:08:52.642Z</time>
      </trkpt>
      <trkpt lat="-21.005082" lon="55.394703">
        <ele>259.384957</ele>
        <time>2025-10-09T03:09:14.335Z</time>
      </trkpt>
      <trkpt lat="-21.005113" lon="55.394971">
        <ele>259.545807</ele>
        <time>2025-10-09T03:09:37.498Z</time>
      </trkpt>
      <trkpt lat="-21.005591" lon="55.395354">
        <ele>261.021159</ele>
        <time>2025-10-09T03:10:41.099Z</time>
      </trkpt>
      <trkpt lat="-21.00583" lon="55.395427">
        <ele>262.36424</ele>
        <time>2025-10-09T03:11:10.657Z</time>
      </trkpt>
      <trkpt lat="-21.006157" lon="55.395406">
        <ele>264.134582</ele>
        <time>2025-10-09T03:11:49.546Z</time>
      </trkpt>
      <trkpt lat="-21.006596" lon="55.395548">
        <ele>266.612822</ele>
        <time>2025-10-09T03:12:39.495Z</time>
      </trkpt>
      <trkpt lat="-21.006869" lon="55.395753">
        <ele>268.414561</ele>
        <time>2025-10-09T03:13:12.165Z</time>
      </trkpt>
      <trkpt lat="-21.007205" lon="55.396093">
        <ele>269.646665</ele>
        <time>2025-10-09T03:13:53.317Z</time>
      </trkpt>
      <trkpt lat="-21.007227" lon="55.396263">
        <ele>269.73263</ele>
        <time>2025-10-09T03:14:06.401Z</time>
      </trkpt>
      <trkpt lat="-21.007524" lon="55.396483">
        <ele>269.927465</ele>
        <time>2025-10-09T03:14:35.125Z</time>
      </trkpt>
      <trkpt lat="-21.007524" lon="55.39667">
        <ele>270.02113</ele>
        <time>2025-10-09T03:14:48.785Z</time>
      </trkpt>
      <trkpt lat="-21.007678" lon="55.396897">
        <ele>270.161684</ele>
        <time>2025-10-09T03:15:09.540Z</time>
      </trkpt>
      <trkpt lat="-21.007983" lon="55.397826">
        <ele>271.623318</ele>
        <time>2025-10-09T03:16:30.867Z</time>
      </trkpt>
      <trkpt lat="-21.008491" lon="55.398353">
        <ele>273.94076</ele>
        <time>2025-10-09T03:17:39.702Z</time>
      </trkpt>
      <trkpt lat="-21.009115" lon="55.399186">
        <ele>277.312114</ele>
        <time>2025-10-09T03:19:14.896Z</time>
      </trkpt>
      <trkpt lat="-21.010658" lon="55.3999">
        <ele>283.700941</ele>
        <time>2025-10-09T03:21:54.055Z</time>
      </trkpt>
      <trkpt lat="-21.011098" lon="55.400354">
        <ele>286.722747</ele>
        <time>2025-10-09T03:22:55.413Z</time>
      </trkpt>
      <trkpt lat="-21.011212" lon="55.40039">
        <ele>287.310622</ele>
        <time>2025-10-09T03:23:07.410Z</time>
      </trkpt>
      <trkpt lat="-21.011507" lon="55.400419">
        <ele>288.775927</ele>
        <time>2025-10-09T03:23:37.595Z</time>
      </trkpt>
      <trkpt lat="-21.012343" lon="55.400226">
        <ele>294.707983</ele>
        <time>2025-10-09T03:25:05.793Z</time>
      </trkpt>
      <trkpt lat="-21.012636" lon="55.400377">
        <ele>298.397944</ele>
        <time>2025-10-09T03:25:40.205Z</time>
      </trkpt>
      <trkpt lat="-21.012966" lon="55.400414">
        <ele>302.445731</ele>
        <time>2025-10-09T03:26:25.583Z</time>
      </trkpt>
      <trkpt lat="-21.013256" lon="55.400368">
        <ele>305.803739</ele>
        <time>2025-10-09T03:27:10.399Z</time>
      </trkpt>
      <trkpt lat="-21.013364" lon="55.400545">
        <ele>308.043913</ele>
        <time>2025-10-09T03:27:42.166Z</time>
      </trkpt>
      <trkpt lat="-21.013288" lon="55.400599">
        <ele>309.078891</ele>
        <time>2025-10-09T03:27:57.405Z</time>
      </trkpt>
      <trkpt lat="-21.013361" lon="55.400729">
        <ele>310.686083</ele>
        <time>2025-10-09T03:28:21.999Z</time>
      </trkpt>
      <trkpt lat="-21.013011" lon="55.401044">
        <ele>317.228217</ele>
        <time>2025-10-09T03:29:46.683Z</time>
      </trkpt>
      <trkpt lat="-21.013014" lon="55.401149">
        <ele>318.73161</ele>
        <time>2025-10-09T03:30:05.134Z</time>
      </trkpt>
      <trkpt lat="-21.01284" lon="55.401215">
        <ele>321.704033</ele>
        <time>2025-10-09T03:30:41.344Z</time>
      </trkpt>
      <trkpt lat="-21.013512" lon="55.401324">
        <ele>332.277075</ele>
        <time>2025-10-09T03:32:44.888Z</time>
      </trkpt>
      <trkpt lat="-21.013734" lon="55.401698">
        <ele>338.619929</ele>
        <time>2025-10-09T03:33:42.747Z</time>
      </trkpt>
      <trkpt lat="-21.013999" lon="55.401719">
        <ele>341.334109</ele>
        <time>2025-10-09T03:34:14.261Z</time>
      </trkpt>
      <trkpt lat="-21.014197" lon="55.401874">
        <ele>343.323082</ele>
        <time>2025-10-09T03:34:39.971Z</time>
      </trkpt>
      <trkpt lat="-21.014634" lon="55.402474">
        <ele>349.084833</ele>
        <time>2025-10-09T03:35:48.841Z</time>
      </trkpt>
      <trkpt lat="-21.015086" lon="55.402799">
        <ele>353.500009</ele>
        <time>2025-10-09T03:36:48.280Z</time>
      </trkpt>
      <trkpt lat="-21.015366" lon="55.403055">
        <ele>360.88399</ele>
        <time>2025-10-09T03:37:47.498Z</time>
      </trkpt>
      <trkpt lat="-21.015562" lon="55.403328">
        <ele>368.53584</ele>
        <time>2025-10-09T03:38:54.894Z</time>
      </trkpt>
      <trkpt lat="-21.015539" lon="55.403436">
        <ele>371.396324</ele>
        <time>2025-10-09T03:39:23.806Z</time>
      </trkpt>
      <trkpt lat="-21.015611" lon="55.403418">
        <ele>373.156022</ele>
        <time>2025-10-09T03:39:42.499Z</time>
      </trkpt>
      <trkpt lat="-21.01599" lon="55.403724">
        <ele>384.508673</ele>
        <time>2025-10-09T03:41:53.728Z</time>
      </trkpt>
      <trkpt lat="-21.015877" lon="55.403916">
        <ele>389.551495</ele>
        <time>2025-10-09T03:42:53.062Z</time>
      </trkpt>
      <trkpt lat="-21.015964" lon="55.40429">
        <ele>397.720781</ele>
        <time>2025-10-09T03:44:29.893Z</time>
      </trkpt>
      <trkpt lat="-21.016142" lon="55.404426">
        <ele>400.513981</ele>
        <time>2025-10-09T03:45:24.279Z</time>
      </trkpt>
      <trkpt lat="-21.016175" lon="55.404568">
        <ele>402.188536</ele>
        <time>2025-10-09T03:45:54.208Z</time>
      </trkpt>
      <trkpt lat="-21.016408" lon="55.40445">
        <ele>405.49282</ele>
        <time>2025-10-09T03:46:43.601Z</time>
      </trkpt>
      <trkpt lat="-21.016856" lon="55.404635">
        <ele>411.422274</ele>
        <time>2025-10-09T03:47:47.482Z</time>
      </trkpt>
      <trkpt lat="-21.017888" lon="55.404788">
        <ele>422.31972</ele>
        <time>2025-10-09T03:49:13.556Z</time>
      </trkpt>
      <trkpt lat="-21.018201" lon="55.404609">
        <ele>425.099957</ele>
        <time>2025-10-09T03:49:48.161Z</time>
      </trkpt>
      <trkpt lat="-21.018734" lon="55.40483">
        <ele>429.48719</ele>
        <time>2025-10-09T03:50:56.233Z</time>
      </trkpt>
      <trkpt lat="-21.019209" lon="55.405536">
        <ele>440.206578</ele>
        <time>2025-10-09T03:53:11.746Z</time>
      </trkpt>
      <trkpt lat="-21.019509" lon="55.406143">
        <ele>452.73622</ele>
        <time>2025-10-09T03:55:27.709Z</time>
      </trkpt>
      <trkpt lat="-21.019482" lon="55.406213">
        <ele>454.11793</ele>
        <time>2025-10-09T03:55:43.031Z</time>
      </trkpt>
      <trkpt lat="-21.019859" lon="55.406662">
        <ele>465.346015</ele>
        <time>2025-10-09T03:57:42.824Z</time>
      </trkpt>
      <trkpt lat="-21.020159" lon="55.407529">
        <ele>479.197556</ele>
        <time>2025-10-09T04:00:16.799Z</time>
      </trkpt>
      <trkpt lat="-21.021051" lon="55.407657">
        <ele>492.928813</ele>
        <time>2025-10-09T04:02:31.724Z</time>
      </trkpt>
      <trkpt lat="-21.020921" lon="55.407984">
        <ele>498.496706</ele>
        <time>2025-10-09T04:03:20.570Z</time>
      </trkpt>
      <trkpt lat="-21.020996" lon="55.408128">
        <ele>501.154388</ele>
        <time>2025-10-09T04:03:44.248Z</time>
      </trkpt>
      <trkpt lat="-21.021555" lon="55.407982">
        <ele>511.322132</ele>
        <time>2025-10-09T04:05:19.784Z</time>
      </trkpt>
      <trkpt lat="-21.02185" lon="55.408206">
        <ele>517.590089</ele>
        <time>2025-10-09T04:06:27.788Z</time>
      </trkpt>
      <trkpt lat="-21.021859" lon="55.408268">
        <ele>518.601349</ele>
        <time>2025-10-09T04:06:39.937Z</time>
      </trkpt>
      <trkpt lat="-21.021489" lon="55.408439">
        <ele>525.55893</ele>
        <time>2025-10-09T04:08:03.081Z</time>
      </trkpt>
      <trkpt lat="-21.021829" lon="55.408774">
        <ele>535.295751</ele>
        <time>2025-10-09T04:09:43.460Z</time>
      </trkpt>
      <trkpt lat="-21.022207" lon="55.408967">
        <ele>544.264531</ele>
        <time>2025-10-09T04:11:11.134Z</time>
      </trkpt>
      <trkpt lat="-21.021571" lon="55.409221">
        <ele>558.922973</ele>
        <time>2025-10-09T04:13:27.769Z</time>
      </trkpt>
      <trkpt lat="-21.021204" lon="55.409414">
        <ele>569.824668</ele>
        <time>2025-10-09T04:14:50.595Z</time>
      </trkpt>
      <trkpt lat="-21.022095" lon="55.409802">
        <ele>599.835114</ele>
        <time>2025-10-09T04:19:15.616Z</time>
      </trkpt>
      <trkpt lat="-21.021703" lon="55.410234">
        <ele>617.216215</ele>
        <time>2025-10-09T04:22:37.775Z</time>
      </trkpt>
      <trkpt lat="-21.021554" lon="55.410695">
        <ele>624.275645</ele>
        <time>2025-10-09T04:25:01.433Z</time>
      </trkpt>
      <trkpt lat="-21.021618" lon="55.410821">
        <ele>625.839562</ele>
        <time>2025-10-09T04:25:35.043Z</time>
      </trkpt>
      <trkpt lat="-21.022116" lon="55.411167">
        <ele>632.802192</ele>
        <time>2025-10-09T04:27:08.280Z</time>
      </trkpt>
      <trkpt lat="-21.02311" lon="55.411339">
        <ele>640.660643</ele>
        <time>2025-10-09T04:28:17.895Z</time>
      </trkpt>
      <trkpt lat="-21.02352" lon="55.411491">
        <ele>640.138632</ele>
        <time>2025-10-09T04:28:47.415Z</time>
      </trkpt>
      <trkpt lat="-21.023665" lon="55.411899">
        <ele>639.654392</ele>
        <time>2025-10-09T04:29:18.599Z</time>
      </trkpt>
      <trkpt lat="-21.024142" lon="55.412444">
        <ele>639.848296</ele>
        <time>2025-10-09T04:30:36.640Z</time>
      </trkpt>
      <trkpt lat="-21.024572" lon="55.412668">
        <ele>648.122145</ele>
        <time>2025-10-09T04:31:52.498Z</time>
      </trkpt>
      <trkpt lat="-21.024858" lon="55.413173">
        <ele>657.66297</ele>
        <time>2025-10-09T04:33:27.354Z</time>
      </trkpt>
      <trkpt lat="-21.02522" lon="55.414171">
        <ele>678.795725</ele>
        <time>2025-10-09T04:36:59.240Z</time>
      </trkpt>
      <trkpt lat="-21.025335" lon="55.414249">
        <ele>682.970359</ele>
        <time>2025-10-09T04:37:31.585Z</time>
      </trkpt>
      <trkpt lat="-21.025372" lon="55.41456">
        <ele>692.082934</ele>
        <time>2025-10-09T04:38:42.790Z</time>
      </trkpt>
      <trkpt lat="-21.025698" lon="55.415228">
        <ele>713.663257</ele>
        <time>2025-10-09T04:41:50.873Z</time>
      </trkpt>
      <trkpt lat="-21.025794" lon="55.415514">
        <ele>722.364475</ele>
        <time>2025-10-09T04:43:27.757Z</time>
      </trkpt>
      <trkpt lat="-21.025647" lon="55.415689">
        <ele>732.299932</ele>
        <time>2025-10-09T04:45:04.828Z</time>
      </trkpt>
      <trkpt lat="-21.025732" lon="55.41587">
        <ele>740.720301</ele>
        <time>2025-10-09T04:46:23.093Z</time>
      </trkpt>
      <trkpt lat="-21.025582" lon="55.416128">
        <ele>753.352086</ele>
        <time>2025-10-09T04:48:29.696Z</time>
      </trkpt>
      <trkpt lat="-21.02564" lon="55.416298">
        <ele>760.874116</ele>
        <time>2025-10-09T04:49:48.068Z</time>
      </trkpt>
      <trkpt lat="-21.02547" lon="55.416643">
        <ele>777.221848</ele>
        <time>2025-10-09T04:52:39.646Z</time>
      </trkpt>
      <trkpt lat="-21.025473" lon="55.416897">
        <ele>787.778477</ele>
        <time>2025-10-09T04:54:26.337Z</time>
      </trkpt>
      <trkpt lat="-21.025381" lon="55.416733">
        <ele>795.730172</ele>
        <time>2025-10-09T04:55:40.446Z</time>
      </trkpt>
      <trkpt lat="-21.025342" lon="55.41689">
        <ele>804.245254</ele>
        <time>2025-10-09T04:56:51.807Z</time>
      </trkpt>
      <trkpt lat="-21.02524" lon="55.416633">
        <ele>811.645858</ele>
        <time>2025-10-09T04:58:15.783Z</time>
      </trkpt>
      <trkpt lat="-21.025216" lon="55.41682">
        <ele>816.607992</ele>
        <time>2025-10-09T04:59:06.084Z</time>
      </trkpt>
      <trkpt lat="-21.025169" lon="55.416681">
        <ele>820.256985</ele>
        <time>2025-10-09T04:59:39.038Z</time>
      </trkpt>
      <trkpt lat="-21.025136" lon="55.416722">
        <ele>822.014146</ele>
        <time>2025-10-09T04:59:53.716Z</time>
      </trkpt>
      <trkpt lat="-21.025231" lon="55.417138">
        <ele>832.63653</ele>
        <time>2025-10-09T05:01:15.337Z</time>
      </trkpt>
      <trkpt lat="-21.025195" lon="55.417249">
        <ele>835.536924</ele>
        <time>2025-10-09T05:01:35.929Z</time>
      </trkpt>
      <trkpt lat="-21.025356" lon="55.417318">
        <ele>841.457458</ele>
        <time>2025-10-09T05:02:18.566Z</time>
      </trkpt>
      <trkpt lat="-21.025338" lon="55.417404">
        <ele>843.632836</ele>
        <time>2025-10-09T05:02:34.576Z</time>
      </trkpt>
      <trkpt lat="-21.025614" lon="55.417869">
        <ele>858.020716</ele>
        <time>2025-10-09T05:04:28.142Z</time>
      </trkpt>
      <trkpt lat="-21.025547" lon="55.418027">
        <ele>862.543022</ele>
        <time>2025-10-09T05:05:07.009Z</time>
      </trkpt>
      <trkpt lat="-21.025493" lon="55.418467">
        <ele>874.583773</ele>
        <time>2025-10-09T05:07:01.380Z</time>
      </trkpt>
      <trkpt lat="-21.02554" lon="55.418655">
        <ele>879.655563</ele>
        <time>2025-10-09T05:07:55.186Z</time>
      </trkpt>
      <trkpt lat="-21.025658" lon="55.418581">
        <ele>884.391131</ele>
        <time>2025-10-09T05:08:46.938Z</time>
      </trkpt>
      <trkpt lat="-21.025643" lon="55.418759">
        <ele>889.682478</ele>
        <time>2025-10-09T05:09:44.605Z</time>
      </trkpt>
      <trkpt lat="-21.025801" lon="55.418763">
        <ele>894.094734</ele>
        <time>2025-10-09T05:10:30.350Z</time>
      </trkpt>
      <trkpt lat="-21.02574" lon="55.41902">
        <ele>902.158466</ele>
        <time>2025-10-09T05:11:46.326Z</time>
      </trkpt>
      <trkpt lat="-21.025661" lon="55.419122">
        <ele>904.163105</ele>
        <time>2025-10-09T05:12:15.679Z</time>
      </trkpt>
      <trkpt lat="-21.025304" lon="55.419256">
        <ele>909.138984</ele>
        <time>2025-10-09T05:13:37.333Z</time>
      </trkpt>
      <trkpt lat="-21.025415" lon="55.419379">
        <ele>911.092031</ele>
        <time>2025-10-09T05:14:03.467Z</time>
      </trkpt>
      <trkpt lat="-21.025827" lon="55.419269">
        <ele>916.348985</ele>
        <time>2025-10-09T05:15:00.490Z</time>
      </trkpt>
      <trkpt lat="-21.02557" lon="55.419475">
        <ele>920.495069</ele>
        <time>2025-10-09T05:15:36.249Z</time>
      </trkpt>
      <trkpt lat="-21.025738" lon="55.419469">
        <ele>922.780714</ele>
        <time>2025-10-09T05:15:54.101Z</time>
      </trkpt>
      <trkpt lat="-21.025995" lon="55.41953">
        <ele>924.940238</ele>
        <time>2025-10-09T05:16:17.966Z</time>
      </trkpt>
      <trkpt lat="-21.026065" lon="55.419726">
        <ele>924.724414</ele>
        <time>2025-10-09T05:16:35.643Z</time>
      </trkpt>
      <trkpt lat="-21.02516" lon="55.42086">
        <ele>923.32648</ele>
        <time>2025-10-09T05:18:23.769Z</time>
      </trkpt>
      <trkpt lat="-21.024347" lon="55.421242">
        <ele>925.378952</ele>
        <time>2025-10-09T05:19:37.238Z</time>
      </trkpt>
      <trkpt lat="-21.024036" lon="55.42153">
        <ele>926.498091</ele>
        <time>2025-10-09T05:20:17.641Z</time>
      </trkpt>
      <trkpt lat="-21.02365" lon="55.421449">
        <ele>927.601873</ele>
        <time>2025-10-09T05:21:00.244Z</time>
      </trkpt>
      <trkpt lat="-21.023059" lon="55.421686">
        <ele>928.769747</ele>
        <time>2025-10-09T05:22:10.556Z</time>
      </trkpt>
      <trkpt lat="-21.021783" lon="55.421573">
        <ele>930.650267</ele>
        <time>2025-10-09T05:23:59.834Z</time>
      </trkpt>
      <trkpt lat="-21.021248" lon="55.421447">
        <ele>927.760039</ele>
        <time>2025-10-09T05:24:38.941Z</time>
      </trkpt>
      <trkpt lat="-21.020937" lon="55.421672">
        <ele>925.417955</ele>
        <time>2025-10-09T05:25:05.291Z</time>
      </trkpt>
      <trkpt lat="-21.020599" lon="55.421745">
        <ele>923.242231</ele>
        <time>2025-10-09T05:25:30.012Z</time>
      </trkpt>
      <trkpt lat="-21.020447" lon="55.421917">
        <ele>921.879159</ele>
        <time>2025-10-09T05:25:45.408Z</time>
      </trkpt>
      <trkpt lat="-21.019923" lon="55.422047">
        <ele>918.34848</ele>
        <time>2025-10-09T05:26:24.304Z</time>
      </trkpt>
      <trkpt lat="-21.019785" lon="55.42234">
        <ele>916.290274</ele>
        <time>2025-10-09T05:26:46.049Z</time>
      </trkpt>
      <trkpt lat="-21.019775" lon="55.422671">
        <ele>914.213321</ele>
        <time>2025-10-09T05:27:08.531Z</time>
      </trkpt>
      <trkpt lat="-21.019832" lon="55.422898">
        <ele>912.736838</ele>
        <time>2025-10-09T05:27:24.690Z</time>
      </trkpt>
      <trkpt lat="-21.020121" lon="55.423304">
        <ele>909.534755</ele>
        <time>2025-10-09T05:27:58.494Z</time>
      </trkpt>
      <trkpt lat="-21.020122" lon="55.423521">
        <ele>908.173826</ele>
        <time>2025-10-09T05:28:12.517Z</time>
      </trkpt>
      <trkpt lat="-21.019529" lon="55.424955">
        <ele>892.893035</ele>
        <time>2025-10-09T05:29:48.982Z</time>
      </trkpt>
      <trkpt lat="-21.019663" lon="55.424992">
        <ele>891.420404</ele>
        <time>2025-10-09T05:29:54.216Z</time>
      </trkpt>
      <trkpt lat="-21.020597" lon="55.424817">
        <ele>885.199662</ele>
        <time>2025-10-09T05:30:32.537Z</time>
      </trkpt>
      <trkpt lat="-21.021399" lon="55.424484">
        <ele>881.026351</ele>
        <time>2025-10-09T05:31:12.082Z</time>
      </trkpt>
      <trkpt lat="-21.021872" lon="55.424549">
        <ele>878.007725</ele>
        <time>2025-10-09T05:31:34.199Z</time>
      </trkpt>
      <trkpt lat="-21.022028" lon="55.424652">
        <ele>876.467598</ele>
        <time>2025-10-09T05:31:42.637Z</time>
      </trkpt>
      <trkpt lat="-21.022252" lon="55.424516">
        <ele>874.36844</ele>
        <time>2025-10-09T05:31:54.455Z</time>
      </trkpt>
      <trkpt lat="-21.022564" lon="55.42413">
        <ele>870.430896</ele>
        <time>2025-10-09T05:32:13.733Z</time>
      </trkpt>
      <trkpt lat="-21.022604" lon="55.423767">
        <ele>867.570451</ele>
        <time>2025-10-09T05:32:26.998Z</time>
      </trkpt>
      <trkpt lat="-21.022838" lon="55.423781">
        <ele>865.521813</ele>
        <time>2025-10-09T05:32:36.505Z</time>
      </trkpt>
      <trkpt lat="-21.023031" lon="55.423942">
        <ele>862.134291</ele>
        <time>2025-10-09T05:32:45.756Z</time>
      </trkpt>
      <trkpt lat="-21.023289" lon="55.424447">
        <ele>853.793409</ele>
        <time>2025-10-09T05:33:06.373Z</time>
      </trkpt>
      <trkpt lat="-21.022968" lon="55.424259">
        <ele>848.140298</ele>
        <time>2025-10-09T05:33:20.201Z</time>
      </trkpt>
      <trkpt lat="-21.02286" lon="55.424283">
        <ele>846.3402</ele>
        <time>2025-10-09T05:33:24.592Z</time>
      </trkpt>
      <trkpt lat="-21.022695" lon="55.424712">
        <ele>839.496171</ele>
        <time>2025-10-09T05:33:41.344Z</time>
      </trkpt>
      <trkpt lat="-21.022822" lon="55.424974">
        <ele>833.822117</ele>
        <time>2025-10-09T05:33:51.791Z</time>
      </trkpt>
      <trkpt lat="-21.022768" lon="55.425224">
        <ele>827.71717</ele>
        <time>2025-10-09T05:34:01.066Z</time>
      </trkpt>
      <trkpt lat="-21.022863" lon="55.425249">
        <ele>824.765253</ele>
        <time>2025-10-09T05:34:05.538Z</time>
      </trkpt>
      <trkpt lat="-21.023006" lon="55.424931">
        <ele>816.521907</ele>
        <time>2025-10-09T05:34:17.937Z</time>
      </trkpt>
      <trkpt lat="-21.023452" lon="55.425088">
        <ele>804.831005</ele>
        <time>2025-10-09T05:34:36.840Z</time>
      </trkpt>
      <trkpt lat="-21.023553" lon="55.42514">
        <ele>802.054363</ele>
        <time>2025-10-09T05:34:41.373Z</time>
      </trkpt>
      <trkpt lat="-21.023396" lon="55.42523">
        <ele>797.642203</ele>
        <time>2025-10-09T05:34:48.543Z</time>
      </trkpt>
      <trkpt lat="-21.023336" lon="55.425369">
        <ele>793.970025</ele>
        <time>2025-10-09T05:34:54.646Z</time>
      </trkpt>
      <trkpt lat="-21.023615" lon="55.425731">
        <ele>784.108923</ele>
        <time>2025-10-09T05:35:13.317Z</time>
      </trkpt>
      <trkpt lat="-21.02388" lon="55.425771">
        <ele>778.09938</ele>
        <time>2025-10-09T05:35:24.865Z</time>
      </trkpt>
      <trkpt lat="-21.023816" lon="55.425648">
        <ele>775.186099</ele>
        <time>2025-10-09T05:35:30.373Z</time>
      </trkpt>
      <trkpt lat="-21.024356" lon="55.425898">
        <ele>762.074299</ele>
        <time>2025-10-09T05:35:53.448Z</time>
      </trkpt>
      <trkpt lat="-21.024314" lon="55.426273">
        <ele>753.994588</ele>
        <time>2025-10-09T05:36:08.268Z</time>
      </trkpt>
      <trkpt lat="-21.024104" lon="55.426528">
        <ele>758.745821</ele>
        <time>2025-10-09T05:36:25.626Z</time>
      </trkpt>
      <trkpt lat="-21.024031" lon="55.427165">
        <ele>771.178444</ele>
        <time>2025-10-09T05:37:32.367Z</time>
      </trkpt>
      <trkpt lat="-21.024114" lon="55.427443">
        <ele>776.784998</ele>
        <time>2025-10-09T05:38:15.415Z</time>
      </trkpt>
      <trkpt lat="-21.024401" lon="55.427606">
        <ele>783.502136</ele>
        <time>2025-10-09T05:39:14.675Z</time>
      </trkpt>
      <trkpt lat="-21.024508" lon="55.427854">
        <ele>788.750178</ele>
        <time>2025-10-09T05:40:03.319Z</time>
      </trkpt>
      <trkpt lat="-21.024682" lon="55.427951">
        <ele>793.027367</ele>
        <time>2025-10-09T05:40:39.387Z</time>
      </trkpt>
      <trkpt lat="-21.024751" lon="55.42787">
        <ele>795.321477</ele>
        <time>2025-10-09T05:40:57.095Z</time>
      </trkpt>
      <trkpt lat="-21.024936" lon="55.428001">
        <ele>800.291596</ele>
        <time>2025-10-09T05:41:32.441Z</time>
      </trkpt>
      <trkpt lat="-21.025207" lon="55.428021">
        <ele>806.687389</ele>
        <time>2025-10-09T05:42:12.059Z</time>
      </trkpt>
      <trkpt lat="-21.025771" lon="55.428377">
        <ele>821.423238</ele>
        <time>2025-10-09T05:43:24.701Z</time>
      </trkpt>
      <trkpt lat="-21.02728" lon="55.428427">
        <ele>835.25136</ele>
        <time>2025-10-09T05:45:23.581Z</time>
      </trkpt>
      <trkpt lat="-21.028168" lon="55.428412">
        <ele>838.404938</ele>
        <time>2025-10-09T05:46:03.069Z</time>
      </trkpt>
      <trkpt lat="-21.028355" lon="55.428216">
        <ele>838.616479</ele>
        <time>2025-10-09T05:46:13.880Z</time>
      </trkpt>
      <trkpt lat="-21.028489" lon="55.427925">
        <ele>838.858998</ele>
        <time>2025-10-09T05:46:26.574Z</time>
      </trkpt>
      <trkpt lat="-21.028676" lon="55.427838">
        <ele>839.028654</ele>
        <time>2025-10-09T05:46:35.909Z</time>
      </trkpt>
      <trkpt lat="-21.028575" lon="55.428029">
        <ele>839.199191</ele>
        <time>2025-10-09T05:46:46.008Z</time>
      </trkpt>
      <trkpt lat="-21.028596" lon="55.428173">
        <ele>839.308122</ele>
        <time>2025-10-09T05:46:53.230Z</time>
      </trkpt>
      <trkpt lat="-21.028634" lon="55.428238">
        <ele>839.365445</ele>
        <time>2025-10-09T05:46:57.449Z</time>
      </trkpt>
      <trkpt lat="-21.028867" lon="55.428246">
        <ele>839.552109</ele>
        <time>2025-10-09T05:47:13.996Z</time>
      </trkpt>
      <trkpt lat="-21.028798" lon="55.428391">
        <ele>839.673752</ele>
        <time>2025-10-09T05:47:27.024Z</time>
      </trkpt>
      <trkpt lat="-21.028869" lon="55.428407">
        <ele>840.912389</ele>
        <time>2025-10-09T05:47:36.185Z</time>
      </trkpt>
      <trkpt lat="-21.028726" lon="55.42934">
        <ele>853.354282</ele>
        <time>2025-10-09T05:49:11.466Z</time>
      </trkpt>
      <trkpt lat="-21.028989" lon="55.429755">
        <ele>859.92741</ele>
        <time>2025-10-09T05:49:58.976Z</time>
      </trkpt>
      <trkpt lat="-21.029061" lon="55.429643">
        <ele>861.807324</ele>
        <time>2025-10-09T05:50:10.818Z</time>
      </trkpt>
      <trkpt lat="-21.029435" lon="55.430005">
        <ele>864.758985</ele>
        <time>2025-10-09T05:50:45.874Z</time>
      </trkpt>
      <trkpt lat="-21.029546" lon="55.429979">
        <ele>864.770737</ele>
        <time>2025-10-09T05:50:51.553Z</time>
      </trkpt>
      <trkpt lat="-21.02973" lon="55.43012">
        <ele>864.794136</ele>
        <time>2025-10-09T05:51:02.120Z</time>
      </trkpt>
      <trkpt lat="-21.029993" lon="55.428782">
        <ele>865.353169</ele>
        <time>2025-10-09T05:52:00.096Z</time>
      </trkpt>
      <trkpt lat="-21.030209" lon="55.428685">
        <ele>866.033938</ele>
        <time>2025-10-09T05:52:11.275Z</time>
      </trkpt>
      <trkpt lat="-21.030416" lon="55.428836">
        <ele>866.773542</ele>
        <time>2025-10-09T05:52:24.016Z</time>
      </trkpt>
      <trkpt lat="-21.030629" lon="55.428772">
        <ele>867.398546</ele>
        <time>2025-10-09T05:52:35.642Z</time>
      </trkpt>
      <trkpt lat="-21.030585" lon="55.428597">
        <ele>867.876486</ele>
        <time>2025-10-09T05:52:45.231Z</time>
      </trkpt>
      <trkpt lat="-21.030731" lon="55.42856">
        <ele>868.415142</ele>
        <time>2025-10-09T05:52:56.774Z</time>
      </trkpt>
      <trkpt lat="-21.030805" lon="55.428337">
        <ele>869.059118</ele>
        <time>2025-10-09T05:53:11.299Z</time>
      </trkpt>
      <trkpt lat="-21.030999" lon="55.428231">
        <ele>869.703975</ele>
        <time>2025-10-09T05:53:26.355Z</time>
      </trkpt>
      <trkpt lat="-21.031047" lon="55.42808">
        <ele>870.380206</ele>
        <time>2025-10-09T05:53:36.367Z</time>
      </trkpt>
      <trkpt lat="-21.031181" lon="55.428057">
        <ele>871.516384</ele>
        <time>2025-10-09T05:53:45.571Z</time>
      </trkpt>
      <trkpt lat="-21.031362" lon="55.427934">
        <ele>873.557018</ele>
        <time>2025-10-09T05:54:02.119Z</time>
      </trkpt>
      <trkpt lat="-21.031735" lon="55.428112">
        <ele>877.116086</ele>
        <time>2025-10-09T05:54:32.155Z</time>
      </trkpt>
      <trkpt lat="-21.031736" lon="55.427999">
        <ele>877.999157</ele>
        <time>2025-10-09T05:54:40.157Z</time>
      </trkpt>
      <trkpt lat="-21.032452" lon="55.428079">
        <ele>884.102394</ele>
        <time>2025-10-09T05:55:34.853Z</time>
      </trkpt>
      <trkpt lat="-21.033018" lon="55.428744">
        <ele>888.863553</ele>
        <time>2025-10-09T05:56:29.206Z</time>
      </trkpt>
      <trkpt lat="-21.033233" lon="55.428709">
        <ele>890.029083</ele>
        <time>2025-10-09T05:56:42.766Z</time>
      </trkpt>
      <trkpt lat="-21.033383" lon="55.428771">
        <ele>890.870667</ele>
        <time>2025-10-09T05:56:52.019Z</time>
      </trkpt>
      <trkpt lat="-21.033631" lon="55.429358">
        <ele>894.053794</ele>
        <time>2025-10-09T05:57:25.086Z</time>
      </trkpt>
      <trkpt lat="-21.033921" lon="55.429409">
        <ele>894.141271</ele>
        <time>2025-10-09T05:57:41.252Z</time>
      </trkpt>
      <trkpt lat="-21.034277" lon="55.429311">
        <ele>893.570128</ele>
        <time>2025-10-09T05:58:02.607Z</time>
      </trkpt>
      <trkpt lat="-21.034577" lon="55.429668">
        <ele>892.883048</ele>
        <time>2025-10-09T05:58:25.614Z</time>
      </trkpt>
      <trkpt lat="-21.034772" lon="55.4297">
        <ele>892.578005</ele>
        <time>2025-10-09T05:58:35.105Z</time>
      </trkpt>
      <trkpt lat="-21.034844" lon="55.429543">
        <ele>892.325045</ele>
        <time>2025-10-09T05:58:42.602Z</time>
      </trkpt>
      <trkpt lat="-21.035053" lon="55.429497">
        <ele>892.002759</ele>
        <time>2025-10-09T05:58:51.747Z</time>
      </trkpt>
      <trkpt lat="-21.03505" lon="55.429231">
        <ele>890.213518</ele>
        <time>2025-10-09T05:59:01.901Z</time>
      </trkpt>
      <trkpt lat="-21.035214" lon="55.429168">
        <ele>887.123255</ele>
        <time>2025-10-09T05:59:08.506Z</time>
      </trkpt>
      <trkpt lat="-21.035368" lon="55.428686">
        <ele>878.6473</ele>
        <time>2025-10-09T05:59:26.423Z</time>
      </trkpt>
      <trkpt lat="-21.035404" lon="55.428187">
        <ele>870.361531</ele>
        <time>2025-10-09T05:59:43.835Z</time>
      </trkpt>
      <trkpt lat="-21.035259" lon="55.42791">
        <ele>865.103708</ele>
        <time>2025-10-09T05:59:54.854Z</time>
      </trkpt>
      <trkpt lat="-21.03549" lon="55.427827">
        <ele>860.782095</ele>
        <time>2025-10-09T06:00:03.885Z</time>
      </trkpt>
      <trkpt lat="-21.035116" lon="55.427632">
        <ele>854.811131</ele>
        <time>2025-10-09T06:00:19.578Z</time>
      </trkpt>
      <trkpt lat="-21.035279" lon="55.427647">
        <ele>852.392446</ele>
        <time>2025-10-09T06:00:26.201Z</time>
      </trkpt>
      <trkpt lat="-21.035196" lon="55.427582">
        <ele>850.988669</ele>
        <time>2025-10-09T06:00:30.053Z</time>
      </trkpt>
      <trkpt lat="-21.035342" lon="55.427513">
        <ele>847.870062</ele>
        <time>2025-10-09T06:00:38.658Z</time>
      </trkpt>
      <trkpt lat="-21.035587" lon="55.427437">
        <ele>844.32723</ele>
        <time>2025-10-09T06:00:48.493Z</time>
      </trkpt>
      <trkpt lat="-21.035326" lon="55.427366">
        <ele>840.580811</ele>
        <time>2025-10-09T06:00:59.046Z</time>
      </trkpt>
      <trkpt lat="-21.035289" lon="55.427279">
        <ele>839.36238</ele>
        <time>2025-10-09T06:01:02.544Z</time>
      </trkpt>
      <trkpt lat="-21.035491" lon="55.42727">
        <ele>836.601839</ele>
        <time>2025-10-09T06:01:10.684Z</time>
      </trkpt>
      <trkpt lat="-21.03539" lon="55.427185">
        <ele>835.369665</ele>
        <time>2025-10-09T06:01:16.012Z</time>
      </trkpt>
      <trkpt lat="-21.035545" lon="55.427155">
        <ele>835.764243</ele>
        <time>2025-10-09T06:01:22.767Z</time>
      </trkpt>
      <trkpt lat="-21.035467" lon="55.42712">
        <ele>835.976087</ele>
        <time>2025-10-09T06:01:26.557Z</time>
      </trkpt>
      <trkpt lat="-21.035576" lon="55.42711">
        <ele>836.28262</ele>
        <time>2025-10-09T06:01:32.161Z</time>
      </trkpt>
      <trkpt lat="-21.035527" lon="55.427027">
        <ele>836.51225</ele>
        <time>2025-10-09T06:01:36.525Z</time>
      </trkpt>
      <trkpt lat="-21.035688" lon="55.427091">
        <ele>836.94244</ele>
        <time>2025-10-09T06:01:44.973Z</time>
      </trkpt>
      <trkpt lat="-21.03557" lon="55.42697">
        <ele>837.351616</ele>
        <time>2025-10-09T06:01:53.327Z</time>
      </trkpt>
      <trkpt lat="-21.035698" lon="55.427019">
        <ele>837.692124</ele>
        <time>2025-10-09T06:02:00.639Z</time>
      </trkpt>
      <trkpt lat="-21.035647" lon="55.426891">
        <ele>838.017539</ele>
        <time>2025-10-09T06:02:08.085Z</time>
      </trkpt>
      <trkpt lat="-21.035979" lon="55.427132">
        <ele>839.022155</ele>
        <time>2025-10-09T06:02:33.627Z</time>
      </trkpt>
      <trkpt lat="-21.036122" lon="55.427157">
        <ele>839.481479</ele>
        <time>2025-10-09T06:02:46.798Z</time>
      </trkpt>
      <trkpt lat="-21.036097" lon="55.426928">
        <ele>840.674472</ele>
        <time>2025-10-09T06:03:03.701Z</time>
      </trkpt>
      <trkpt lat="-21.036153" lon="55.426967">
        <ele>841.326049</ele>
        <time>2025-10-09T06:03:09.227Z</time>
      </trkpt>
      <trkpt lat="-21.03621" lon="55.426851">
        <ele>842.703578</ele>
        <time>2025-10-09T06:03:21.212Z</time>
      </trkpt>
      <trkpt lat="-21.036165" lon="55.426738">
        <ele>843.822218</ele>
        <time>2025-10-09T06:03:31.046Z</time>
      </trkpt>
      <trkpt lat="-21.036312" lon="55.426821">
        <ele>845.469255</ele>
        <time>2025-10-09T06:03:45.772Z</time>
      </trkpt>
      <trkpt lat="-21.036409" lon="55.426788">
        <ele>846.765769</ele>
        <time>2025-10-09T06:03:57.155Z</time>
      </trkpt>
      <trkpt lat="-21.036298" lon="55.426538">
        <ele>849.389346</ele>
        <time>2025-10-09T06:04:19.432Z</time>
      </trkpt>
      <trkpt lat="-21.03646" lon="55.42666">
        <ele>851.321083</ele>
        <time>2025-10-09T06:04:34.828Z</time>
      </trkpt>
      <trkpt lat="-21.036494" lon="55.426922">
        <ele>853.90174</ele>
        <time>2025-10-09T06:04:54.853Z</time>
      </trkpt>
      <trkpt lat="-21.036545" lon="55.426953">
        <ele>854.473762</ele>
        <time>2025-10-09T06:04:59.072Z</time>
      </trkpt>
      <trkpt lat="-21.0366" lon="55.426872">
        <ele>855.576713</ele>
        <time>2025-10-09T06:05:07.056Z</time>
      </trkpt>
      <trkpt lat="-21.036824" lon="55.427167">
        <ele>858.320209</ele>
        <time>2025-10-09T06:05:30.507Z</time>
      </trkpt>
      <trkpt lat="-21.036493" lon="55.426399">
        <ele>862.694798</ele>
        <time>2025-10-09T06:06:16.026Z</time>
      </trkpt>
      <trkpt lat="-21.036027" lon="55.425913">
        <ele>866.357263</ele>
        <time>2025-10-09T06:06:53.501Z</time>
      </trkpt>
      <trkpt lat="-21.036081" lon="55.425888">
        <ele>866.680857</ele>
        <time>2025-10-09T06:06:57.158Z</time>
      </trkpt>
      <trkpt lat="-21.036438" lon="55.426094">
        <ele>871.094204</ele>
        <time>2025-10-09T06:07:24.611Z</time>
      </trkpt>
      <trkpt lat="-21.036847" lon="55.426589">
        <ele>878.786111</ele>
        <time>2025-10-09T06:08:15.947Z</time>
      </trkpt>
      <trkpt lat="-21.037691" lon="55.427267">
        <ele>892.35043</ele>
        <time>2025-10-09T06:09:59.433Z</time>
      </trkpt>
      <trkpt lat="-21.038047" lon="55.427663">
        <ele>899.57311</ele>
        <time>2025-10-09T06:10:51.962Z</time>
      </trkpt>
      <trkpt lat="-21.038129" lon="55.427932">
        <ele>903.290512</ele>
        <time>2025-10-09T06:11:18.429Z</time>
      </trkpt>
      <trkpt lat="-21.03843" lon="55.428328">
        <ele>909.999369</ele>
        <time>2025-10-09T06:12:02.088Z</time>
      </trkpt>
      <trkpt lat="-21.038695" lon="55.428493">
        <ele>914.313225</ele>
        <time>2025-10-09T06:12:26.639Z</time>
      </trkpt>
      <trkpt lat="-21.039025" lon="55.428871">
        <ele>913.935</ele>
        <time>2025-10-09T06:12:58.463Z</time>
      </trkpt>
      <trkpt lat="-21.039112" lon="55.428869">
        <ele>913.730773</ele>
        <time>2025-10-09T06:13:03.100Z</time>
      </trkpt>
      <trkpt lat="-21.03917" lon="55.428501">
        <ele>912.913281</ele>
        <time>2025-10-09T06:13:19.422Z</time>
      </trkpt>
      <trkpt lat="-21.039441" lon="55.428583">
        <ele>912.182409</ele>
        <time>2025-10-09T06:13:32.438Z</time>
      </trkpt>
      <trkpt lat="-21.039662" lon="55.428477">
        <ele>911.614147</ele>
        <time>2025-10-09T06:13:42.054Z</time>
      </trkpt>
      <trkpt lat="-21.039748" lon="55.428272">
        <ele>911.120464</ele>
        <time>2025-10-09T06:13:50.115Z</time>
      </trkpt>
      <trkpt lat="-21.03961" lon="55.428225">
        <ele>910.756528</ele>
        <time>2025-10-09T06:13:56.008Z</time>
      </trkpt>
      <trkpt lat="-21.03968" lon="55.427887">
        <ele>907.467813</ele>
        <time>2025-10-09T06:14:08.282Z</time>
      </trkpt>
      <trkpt lat="-21.039531" lon="55.427456">
        <ele>903.04852</ele>
        <time>2025-10-09T06:14:24.719Z</time>
      </trkpt>
      <trkpt lat="-21.039632" lon="55.427203">
        <ele>900.420392</ele>
        <time>2025-10-09T06:14:34.614Z</time>
      </trkpt>
      <trkpt lat="-21.040245" lon="55.426404">
        <ele>890.03727</ele>
        <time>2025-10-09T06:15:13.043Z</time>
      </trkpt>
      <trkpt lat="-21.040819" lon="55.425934">
        <ele>880.585008</ele>
        <time>2025-10-09T06:15:40.541Z</time>
      </trkpt>
      <trkpt lat="-21.040822" lon="55.425634">
        <ele>876.926275</ele>
        <time>2025-10-09T06:15:51.128Z</time>
      </trkpt>
      <trkpt lat="-21.040505" lon="55.425411">
        <ele>871.971282</ele>
        <time>2025-10-09T06:16:05.456Z</time>
      </trkpt>
      <trkpt lat="-21.040408" lon="55.425008">
        <ele>866.808942</ele>
        <time>2025-10-09T06:16:20.522Z</time>
      </trkpt>
      <trkpt lat="-21.041082" lon="55.424905">
        <ele>858.01818</ele>
        <time>2025-10-09T06:16:46.581Z</time>
      </trkpt>
      <trkpt lat="-21.041151" lon="55.424697">
        <ele>855.291063</ele>
        <time>2025-10-09T06:16:54.708Z</time>
      </trkpt>
      <trkpt lat="-21.041047" lon="55.424622">
        <ele>853.639878</ele>
        <time>2025-10-09T06:16:59.653Z</time>
      </trkpt>
      <trkpt lat="-21.041152" lon="55.424532">
        <ele>851.847408</ele>
        <time>2025-10-09T06:17:05.042Z</time>
      </trkpt>
      <trkpt lat="-21.041138" lon="55.424464">
        <ele>851.020444</ele>
        <time>2025-10-09T06:17:07.544Z</time>
      </trkpt>
      <trkpt lat="-21.041291" lon="55.424557">
        <ele>848.488151</ele>
        <time>2025-10-09T06:17:15.110Z</time>
      </trkpt>
      <trkpt lat="-21.041415" lon="55.424383">
        <ele>845.920915</ele>
        <time>2025-10-09T06:17:23.766Z</time>
      </trkpt>
      <trkpt lat="-21.041399" lon="55.424276">
        <ele>845.743558</ele>
        <time>2025-10-09T06:17:28.736Z</time>
      </trkpt>
      <trkpt lat="-21.041603" lon="55.424291">
        <ele>845.455745</ele>
        <time>2025-10-09T06:17:36.961Z</time>
      </trkpt>
      <trkpt lat="-21.041741" lon="55.424193">
        <ele>845.226371</ele>
        <time>2025-10-09T06:17:43.707Z</time>
      </trkpt>
      <trkpt lat="-21.042222" lon="55.424317">
        <ele>844.530665</ele>
        <time>2025-10-09T06:18:06.395Z</time>
      </trkpt>
      <trkpt lat="-21.042408" lon="55.424249">
        <ele>844.258383</ele>
        <time>2025-10-09T06:18:16.723Z</time>
      </trkpt>
      <trkpt lat="-21.042801" lon="55.424308">
        <ele>843.708583</ele>
        <time>2025-10-09T06:18:40.096Z</time>
      </trkpt>
      <trkpt lat="-21.042979" lon="55.424428">
        <ele>843.703952</ele>
        <time>2025-10-09T06:18:54.050Z</time>
      </trkpt>
      <trkpt lat="-21.043197" lon="55.424383">
        <ele>845.210631</ele>
        <time>2025-10-09T06:19:09.165Z</time>
      </trkpt>
      <trkpt lat="-21.04344" lon="55.424633">
        <ele>847.566927</ele>
        <time>2025-10-09T06:19:33.591Z</time>
      </trkpt>
      <trkpt lat="-21.043377" lon="55.424676">
        <ele>848.073861</ele>
        <time>2025-10-09T06:19:38.842Z</time>
      </trkpt>
      <trkpt lat="-21.043403" lon="55.424846">
        <ele>849.164997</ele>
        <time>2025-10-09T06:19:50.049Z</time>
      </trkpt>
      <trkpt lat="-21.043533" lon="55.424725">
        <ele>850.333652</ele>
        <time>2025-10-09T06:20:01.905Z</time>
      </trkpt>
      <trkpt lat="-21.043529" lon="55.424775">
        <ele>850.651512</ele>
        <time>2025-10-09T06:20:05.079Z</time>
      </trkpt>
      <trkpt lat="-21.043635" lon="55.424732">
        <ele>851.420721</ele>
        <time>2025-10-09T06:20:12.342Z</time>
      </trkpt>
      <trkpt lat="-21.043615" lon="55.424888">
        <ele>852.418097</ele>
        <time>2025-10-09T06:20:21.477Z</time>
      </trkpt>
      <trkpt lat="-21.043748" lon="55.424815">
        <ele>853.432249</ele>
        <time>2025-10-09T06:20:30.696Z</time>
      </trkpt>
      <trkpt lat="-21.04436" lon="55.424951">
        <ele>858.968854</ele>
        <time>2025-10-09T06:21:08.688Z</time>
      </trkpt>
      <trkpt lat="-21.044637" lon="55.424767">
        <ele>862.564857</ele>
        <time>2025-10-09T06:21:30.047Z</time>
      </trkpt>
      <trkpt lat="-21.044356" lon="55.424605">
        <ele>866.148139</ele>
        <time>2025-10-09T06:21:54.269Z</time>
      </trkpt>
      <trkpt lat="-21.044376" lon="55.42451">
        <ele>867.109648</ele>
        <time>2025-10-09T06:22:01.536Z</time>
      </trkpt>
      <trkpt lat="-21.044548" lon="55.424567">
        <ele>869.014216</ele>
        <time>2025-10-09T06:22:16.718Z</time>
      </trkpt>
      <trkpt lat="-21.0445" lon="55.424448">
        <ele>870.294143</ele>
        <time>2025-10-09T06:22:27.390Z</time>
      </trkpt>
      <trkpt lat="-21.044649" lon="55.424447">
        <ele>872.023051</ele>
        <time>2025-10-09T06:22:42.560Z</time>
      </trkpt>
      <trkpt lat="-21.044541" lon="55.424329">
        <ele>873.714792</ele>
        <time>2025-10-09T06:22:58.335Z</time>
      </trkpt>
      <trkpt lat="-21.044697" lon="55.424279">
        <ele>876.19244</ele>
        <time>2025-10-09T06:23:15.226Z</time>
      </trkpt>
      <trkpt lat="-21.044584" lon="55.424207">
        <ele>879.374632</ele>
        <time>2025-10-09T06:23:31.377Z</time>
      </trkpt>
      <trkpt lat="-21.044719" lon="55.424164">
        <ele>882.669546</ele>
        <time>2025-10-09T06:23:49.002Z</time>
      </trkpt>
      <trkpt lat="-21.044644" lon="55.42387">
        <ele>888.999536</ele>
        <time>2025-10-09T06:24:24.895Z</time>
      </trkpt>
      <trkpt lat="-21.04477" lon="55.423902">
        <ele>891.971436</ele>
        <time>2025-10-09T06:24:42.661Z</time>
      </trkpt>
      <trkpt lat="-21.044846" lon="55.423766">
        <ele>895.551445</ele>
        <time>2025-10-09T06:25:04.774Z</time>
      </trkpt>
      <trkpt lat="-21.044758" lon="55.423747">
        <ele>897.784417</ele>
        <time>2025-10-09T06:25:19.081Z</time>
      </trkpt>
      <trkpt lat="-21.044547" lon="55.423367">
        <ele>906.618874</ele>
        <time>2025-10-09T06:26:14.588Z</time>
      </trkpt>
      <trkpt lat="-21.044345" lon="55.423178">
        <ele>912.406771</ele>
        <time>2025-10-09T06:26:51.029Z</time>
      </trkpt>
      <trkpt lat="-21.044439" lon="55.423007">
        <ele>914.772707</ele>
        <time>2025-10-09T06:27:15.128Z</time>
      </trkpt>
      <trkpt lat="-21.044372" lon="55.422818">
        <ele>916.772578</ele>
        <time>2025-10-09T06:27:37.820Z</time>
      </trkpt>
      <trkpt lat="-21.044186" lon="55.422635">
        <ele>919.448974</ele>
        <time>2025-10-09T06:28:04.631Z</time>
      </trkpt>
      <trkpt lat="-21.044267" lon="55.422607">
        <ele>920.351042</ele>
        <time>2025-10-09T06:28:13.208Z</time>
      </trkpt>
      <trkpt lat="-21.044217" lon="55.422537">
        <ele>921.222987</ele>
        <time>2025-10-09T06:28:20.673Z</time>
      </trkpt>
      <trkpt lat="-21.044418" lon="55.422449">
        <ele>923.549084</ele>
        <time>2025-10-09T06:28:39.528Z</time>
      </trkpt>
      <trkpt lat="-21.044354" lon="55.422391">
        <ele>924.437495</ele>
        <time>2025-10-09T06:28:45.470Z</time>
      </trkpt>
      <trkpt lat="-21.044406" lon="55.422267">
        <ele>925.78221</ele>
        <time>2025-10-09T06:28:53.890Z</time>
      </trkpt>
      <trkpt lat="-21.044344" lon="55.422137">
        <ele>927.226314</ele>
        <time>2025-10-09T06:29:01.850Z</time>
      </trkpt>
      <trkpt lat="-21.044354" lon="55.421829">
        <ele>930.274834</ele>
        <time>2025-10-09T06:29:15.635Z</time>
      </trkpt>
      <trkpt lat="-21.0441" lon="55.421655">
        <ele>932.858788</ele>
        <time>2025-10-09T06:29:30.202Z</time>
      </trkpt>
      <trkpt lat="-21.044048" lon="55.421366">
        <ele>934.052719</ele>
        <time>2025-10-09T06:29:42.726Z</time>
      </trkpt>
      <trkpt lat="-21.043895" lon="55.421433">
        <ele>934.755186</ele>
        <time>2025-10-09T06:29:50.298Z</time>
      </trkpt>
      <trkpt lat="-21.043697" lon="55.421244">
        <ele>935.922012</ele>
        <time>2025-10-09T06:30:03.557Z</time>
      </trkpt>
      <trkpt lat="-21.043759" lon="55.420495">
        <ele>938.926975</ele>
        <time>2025-10-09T06:30:48.196Z</time>
      </trkpt>
      <trkpt lat="-21.043629" lon="55.420202">
        <ele>940.720024</ele>
        <time>2025-10-09T06:31:14.993Z</time>
      </trkpt>
      <trkpt lat="-21.043591" lon="55.419824">
        <ele>944.864725</ele>
        <time>2025-10-09T06:31:53.166Z</time>
      </trkpt>
      <trkpt lat="-21.043443" lon="55.41962">
        <ele>947.60967</ele>
        <time>2025-10-09T06:32:18.361Z</time>
      </trkpt>
      <trkpt lat="-21.043451" lon="55.419346">
        <ele>950.521939</ele>
        <time>2025-10-09T06:32:43.162Z</time>
      </trkpt>
      <trkpt lat="-21.043589" lon="55.419254">
        <ele>952.371984</ele>
        <time>2025-10-09T06:32:58.034Z</time>
      </trkpt>
      <trkpt lat="-21.043536" lon="55.419183">
        <ele>953.337836</ele>
        <time>2025-10-09T06:33:05.469Z</time>
      </trkpt>
      <trkpt lat="-21.043662" lon="55.41919">
        <ele>954.773976</ele>
        <time>2025-10-09T06:33:16.259Z</time>
      </trkpt>
      <trkpt lat="-21.043563" lon="55.419091">
        <ele>956.315402</ele>
        <time>2025-10-09T06:33:27.246Z</time>
      </trkpt>
      <trkpt lat="-21.043682" lon="55.419084">
        <ele>957.671977</ele>
        <time>2025-10-09T06:33:36.004Z</time>
      </trkpt>
      <trkpt lat="-21.04355" lon="55.418956">
        <ele>959.698455</ele>
        <time>2025-10-09T06:33:47.478Z</time>
      </trkpt>
      <trkpt lat="-21.043865" lon="55.418822">
        <ele>955.163336</ele>
        <time>2025-10-09T06:34:04.759Z</time>
      </trkpt>
      <trkpt lat="-21.044376" lon="55.418751">
        <ele>945.418946</ele>
        <time>2025-10-09T06:34:25.499Z</time>
      </trkpt>
      <trkpt lat="-21.044647" lon="55.41854">
        <ele>938.779852</ele>
        <time>2025-10-09T06:34:38.821Z</time>
      </trkpt>
      <trkpt lat="-21.0446" lon="55.418255">
        <ele>933.430688</ele>
        <time>2025-10-09T06:34:50.366Z</time>
      </trkpt>
      <trkpt lat="-21.044481" lon="55.41814">
        <ele>930.426402</ele>
        <time>2025-10-09T06:34:57.321Z</time>
      </trkpt>
      <trkpt lat="-21.044525" lon="55.418062">
        <ele>928.831728</ele>
        <time>2025-10-09T06:35:01.122Z</time>
      </trkpt>
      <trkpt lat="-21.044301" lon="55.417552">
        <ele>911.001235</ele>
        <time>2025-10-09T06:35:27.300Z</time>
      </trkpt>
      <trkpt lat="-21.044271" lon="55.417176">
        <ele>898.067644</ele>
        <time>2025-10-09T06:35:45.331Z</time>
      </trkpt>
      <trkpt lat="-21.044384" lon="55.416956">
        <ele>888.90672</ele>
        <time>2025-10-09T06:35:57.606Z</time>
      </trkpt>
      <trkpt lat="-21.044269" lon="55.416621">
        <ele>876.582685</ele>
        <time>2025-10-09T06:36:12.761Z</time>
      </trkpt>
      <trkpt lat="-21.044039" lon="55.416446">
        <ele>866.223666</ele>
        <time>2025-10-09T06:36:24.387Z</time>
      </trkpt>
      <trkpt lat="-21.04384" lon="55.416081">
        <ele>857.427458</ele>
        <time>2025-10-09T06:36:39.276Z</time>
      </trkpt>
      <trkpt lat="-21.043266" lon="55.416103">
        <ele>849.747214</ele>
        <time>2025-10-09T06:37:01.320Z</time>
      </trkpt>
      <trkpt lat="-21.043161" lon="55.415997">
        <ele>847.844994</ele>
        <time>2025-10-09T06:37:07.117Z</time>
      </trkpt>
      <trkpt lat="-21.042815" lon="55.415893">
        <ele>843.079438</ele>
        <time>2025-10-09T06:37:22.751Z</time>
      </trkpt>
      <trkpt lat="-21.042026" lon="55.415251">
        <ele>827.421032</ele>
        <time>2025-10-09T06:38:03.291Z</time>
      </trkpt>
      <trkpt lat="-21.041899" lon="55.414909">
        <ele>821.183751</ele>
        <time>2025-10-09T06:38:16.153Z</time>
      </trkpt>
      <trkpt lat="-21.041686" lon="55.414743">
        <ele>816.284831</ele>
        <time>2025-10-09T06:38:26.249Z</time>
      </trkpt>
      <trkpt lat="-21.041654" lon="55.414547">
        <ele>812.913047</ele>
        <time>2025-10-09T06:38:33.318Z</time>
      </trkpt>
      <trkpt lat="-21.04167" lon="55.414311">
        <ele>808.903333</ele>
        <time>2025-10-09T06:38:41.734Z</time>
      </trkpt>
      <trkpt lat="-21.041799" lon="55.41424">
        <ele>806.134063</ele>
        <time>2025-10-09T06:38:47.611Z</time>
      </trkpt>
      <trkpt lat="-21.041798" lon="55.413685">
        <ele>794.898126</ele>
        <time>2025-10-09T06:39:08.217Z</time>
      </trkpt>
      <trkpt lat="-21.041599" lon="55.413699">
        <ele>790.567561</ele>
        <time>2025-10-09T06:39:15.800Z</time>
      </trkpt>
      <trkpt lat="-21.041347" lon="55.413449">
        <ele>783.031502</ele>
        <time>2025-10-09T06:39:28.731Z</time>
      </trkpt>
      <trkpt lat="-21.041072" lon="55.412636">
        <ele>765.409265</ele>
        <time>2025-10-09T06:39:59.145Z</time>
      </trkpt>
      <trkpt lat="-21.040432" lon="55.411907">
        <ele>746.830193</ele>
        <time>2025-10-09T06:40:34.130Z</time>
      </trkpt>
      <trkpt lat="-21.040097" lon="55.411926">
        <ele>740.00013</ele>
        <time>2025-10-09T06:40:46.983Z</time>
      </trkpt>
      <trkpt lat="-21.039839" lon="55.411851">
        <ele>734.372499</ele>
        <time>2025-10-09T06:40:57.572Z</time>
      </trkpt>
      <trkpt lat="-21.039641" lon="55.411499">
        <ele>725.952412</ele>
        <time>2025-10-09T06:41:11.999Z</time>
      </trkpt>
      <trkpt lat="-21.03924" lon="55.411303">
        <ele>714.907059</ele>
        <time>2025-10-09T06:41:28.987Z</time>
      </trkpt>
      <trkpt lat="-21.039158" lon="55.411185">
        <ele>711.481575</ele>
        <time>2025-10-09T06:41:34.342Z</time>
      </trkpt>
      <trkpt lat="-21.038908" lon="55.411109">
        <ele>704.186463</ele>
        <time>2025-10-09T06:41:45.780Z</time>
      </trkpt>
      <trkpt lat="-21.038936" lon="55.410949">
        <ele>700.214698</ele>
        <time>2025-10-09T06:41:52.042Z</time>
      </trkpt>
      <trkpt lat="-21.038834" lon="55.410766">
        <ele>695.251657</ele>
        <time>2025-10-09T06:41:59.781Z</time>
      </trkpt>
      <trkpt lat="-21.038458" lon="55.410399">
        <ele>682.577358</ele>
        <time>2025-10-09T06:42:19.978Z</time>
      </trkpt>
      <trkpt lat="-21.038448" lon="55.409783">
        <ele>670.759343</ele>
        <time>2025-10-09T06:42:41.940Z</time>
      </trkpt>
      <trkpt lat="-21.038826" lon="55.409099">
        <ele>655.754864</ele>
        <time>2025-10-09T06:43:09.891Z</time>
      </trkpt>
      <trkpt lat="-21.038717" lon="55.408693">
        <ele>647.716141</ele>
        <time>2025-10-09T06:43:25.006Z</time>
      </trkpt>
      <trkpt lat="-21.038573" lon="55.408668">
        <ele>644.617374</ele>
        <time>2025-10-09T06:43:31.351Z</time>
      </trkpt>
      <trkpt lat="-21.038589" lon="55.408542">
        <ele>642.455101</ele>
        <time>2025-10-09T06:43:35.807Z</time>
      </trkpt>
      <trkpt lat="-21.038493" lon="55.408612">
        <ele>640.339492</ele>
        <time>2025-10-09T06:43:40.170Z</time>
      </trkpt>
      <trkpt lat="-21.038417" lon="55.408578">
        <ele>638.752059</ele>
        <time>2025-10-09T06:43:43.421Z</time>
      </trkpt>
      <trkpt lat="-21.038485" lon="55.408474">
        <ele>636.592846</ele>
        <time>2025-10-09T06:43:47.831Z</time>
      </trkpt>
      <trkpt lat="-21.038413" lon="55.40838">
        <ele>634.268641</ele>
        <time>2025-10-09T06:43:52.608Z</time>
      </trkpt>
      <trkpt lat="-21.038421" lon="55.408136">
        <ele>630.117042</ele>
        <time>2025-10-09T06:44:01.122Z</time>
      </trkpt>
      <trkpt lat="-21.038576" lon="55.407624">
        <ele>620.926154</ele>
        <time>2025-10-09T06:44:20.025Z</time>
      </trkpt>
      <trkpt lat="-21.038445" lon="55.407587">
        <ele>617.788408</ele>
        <time>2025-10-09T06:44:26.507Z</time>
      </trkpt>
      <trkpt lat="-21.038613" lon="55.407432">
        <ele>613.410534</ele>
        <time>2025-10-09T06:44:35.000Z</time>
      </trkpt>
      <trkpt lat="-21.038473" lon="55.407441">
        <ele>610.548133</ele>
        <time>2025-10-09T06:44:40.248Z</time>
      </trkpt>
      <trkpt lat="-21.038496" lon="55.407385">
        <ele>609.165718</ele>
        <time>2025-10-09T06:44:42.798Z</time>
      </trkpt>
      <trkpt lat="-21.038429" lon="55.407374">
        <ele>607.38619</ele>
        <time>2025-10-09T06:44:46.037Z</time>
      </trkpt>
      <trkpt lat="-21.038772" lon="55.407269">
        <ele>599.854156</ele>
        <time>2025-10-09T06:44:59.788Z</time>
      </trkpt>
      <trkpt lat="-21.038685" lon="55.407101">
        <ele>595.839966</ele>
        <time>2025-10-09T06:45:07.106Z</time>
      </trkpt>
      <trkpt lat="-21.038541" lon="55.407139">
        <ele>592.813239</ele>
        <time>2025-10-09T06:45:12.628Z</time>
      </trkpt>
      <trkpt lat="-21.038487" lon="55.407059">
        <ele>590.668883</ele>
        <time>2025-10-09T06:45:16.524Z</time>
      </trkpt>
      <trkpt lat="-21.038661" lon="55.406894">
        <ele>585.871938</ele>
        <time>2025-10-09T06:45:25.324Z</time>
      </trkpt>
      <trkpt lat="-21.038661" lon="55.406765">
        <ele>583.18614</ele>
        <time>2025-10-09T06:45:30.233Z</time>
      </trkpt>
      <trkpt lat="-21.038812" lon="55.406734">
        <ele>579.434146</ele>
        <time>2025-10-09T06:45:37.081Z</time>
      </trkpt>
      <trkpt lat="-21.038796" lon="55.406621">
        <ele>577.901964</ele>
        <time>2025-10-09T06:45:41.062Z</time>
      </trkpt>
      <trkpt lat="-21.038349" lon="55.406226">
        <ele>570.644583</ele>
        <time>2025-10-09T06:46:02.650Z</time>
      </trkpt>
      <trkpt lat="-21.038126" lon="55.405804">
        <ele>564.975666</ele>
        <time>2025-10-09T06:46:19.752Z</time>
      </trkpt>
      <trkpt lat="-21.037946" lon="55.405395">
        <ele>559.540017</ele>
        <time>2025-10-09T06:46:38.096Z</time>
      </trkpt>
      <trkpt lat="-21.037929" lon="55.405231">
        <ele>557.611089</ele>
        <time>2025-10-09T06:46:44.909Z</time>
      </trkpt>
      <trkpt lat="-21.037739" lon="55.405178">
        <ele>556.588857</ele>
        <time>2025-10-09T06:46:53.874Z</time>
      </trkpt>
      <trkpt lat="-21.037392" lon="55.405364">
        <ele>557.336546</ele>
        <time>2025-10-09T06:47:15.376Z</time>
      </trkpt>
      <trkpt lat="-21.036171" lon="55.405311">
        <ele>559.66785</ele>
        <time>2025-10-09T06:48:27.836Z</time>
      </trkpt>
      <trkpt lat="-21.036034" lon="55.405434">
        <ele>558.784549</ele>
        <time>2025-10-09T06:48:36.431Z</time>
      </trkpt>
      <trkpt lat="-21.035915" lon="55.405218">
        <ele>556.352408</ele>
        <time>2025-10-09T06:48:46.877Z</time>
      </trkpt>
      <trkpt lat="-21.034849" lon="55.405051">
        <ele>545.223656</ele>
        <time>2025-10-09T06:49:30.210Z</time>
      </trkpt>
      <trkpt lat="-21.03421" lon="55.404738">
        <ele>529.359143</ele>
        <time>2025-10-09T06:49:56.809Z</time>
      </trkpt>
      <trkpt lat="-21.034039" lon="55.404795">
        <ele>522.718376</ele>
        <time>2025-10-09T06:50:04.179Z</time>
      </trkpt>
      <trkpt lat="-21.034169" lon="55.404231">
        <ele>502.114094</ele>
        <time>2025-10-09T06:50:29.459Z</time>
      </trkpt>
      <trkpt lat="-21.034505" lon="55.404035">
        <ele>487.1796</ele>
        <time>2025-10-09T06:50:49.771Z</time>
      </trkpt>
      <trkpt lat="-21.03438" lon="55.403849">
        <ele>479.246901</ele>
        <time>2025-10-09T06:51:01.701Z</time>
      </trkpt>
      <trkpt lat="-21.034459" lon="55.403539">
        <ele>468.432892</ele>
        <time>2025-10-09T06:51:18.080Z</time>
      </trkpt>
      <trkpt lat="-21.034432" lon="55.403361">
        <ele>462.535395</ele>
        <time>2025-10-09T06:51:26.641Z</time>
      </trkpt>
      <trkpt lat="-21.034189" lon="55.40314">
        <ele>450.976046</ele>
        <time>2025-10-09T06:51:42.318Z</time>
      </trkpt>
      <trkpt lat="-21.034184" lon="55.402921">
        <ele>443.697873</ele>
        <time>2025-10-09T06:51:51.718Z</time>
      </trkpt>
      <trkpt lat="-21.034104" lon="55.402827">
        <ele>439.537717</ele>
        <time>2025-10-09T06:51:56.893Z</time>
      </trkpt>
      <trkpt lat="-21.034213" lon="55.402751">
        <ele>434.981078</ele>
        <time>2025-10-09T06:52:02.411Z</time>
      </trkpt>
      <trkpt lat="-21.034185" lon="55.402471">
        <ele>425.289769</ele>
        <time>2025-10-09T06:52:13.674Z</time>
      </trkpt>
      <trkpt lat="-21.034289" lon="55.402415">
        <ele>420.998782</ele>
        <time>2025-10-09T06:52:18.437Z</time>
      </trkpt>
      <trkpt lat="-21.034226" lon="55.40209">
        <ele>410.819164</ele>
        <time>2025-10-09T06:52:30.952Z</time>
      </trkpt>
      <trkpt lat="-21.033945" lon="55.401621">
        <ele>404.828424</ele>
        <time>2025-10-09T06:52:50.616Z</time>
      </trkpt>
      <trkpt lat="-21.033196" lon="55.401458">
        <ele>395.853489</ele>
        <time>2025-10-09T06:53:21.495Z</time>
      </trkpt>
      <trkpt lat="-21.033197" lon="55.401179">
        <ele>392.873419</ele>
        <time>2025-10-09T06:53:32.721Z</time>
      </trkpt>
      <trkpt lat="-21.032664" lon="55.400888">
        <ele>393.393117</ele>
        <time>2025-10-09T06:54:02.245Z</time>
      </trkpt>
      <trkpt lat="-21.032797" lon="55.400905">
        <ele>394.114646</ele>
        <time>2025-10-09T06:54:09.559Z</time>
      </trkpt>
      <trkpt lat="-21.032757" lon="55.400718">
        <ele>395.267214</ele>
        <time>2025-10-09T06:54:21.933Z</time>
      </trkpt>
      <trkpt lat="-21.033069" lon="55.400815">
        <ele>397.140563</ele>
        <time>2025-10-09T06:54:45.491Z</time>
      </trkpt>
      <trkpt lat="-21.032961" lon="55.400583">
        <ele>398.444072</ele>
        <time>2025-10-09T06:55:03.460Z</time>
      </trkpt>
      <trkpt lat="-21.032952" lon="55.400493">
        <ele>398.899175</ele>
        <time>2025-10-09T06:55:09.945Z</time>
      </trkpt>
      <trkpt lat="-21.033002" lon="55.40046">
        <ele>399.702829</ele>
        <time>2025-10-09T06:55:21.562Z</time>
      </trkpt>
      <trkpt lat="-21.032918" lon="55.400372">
        <ele>400.335695</ele>
        <time>2025-10-09T06:55:30.712Z</time>
      </trkpt>
      <trkpt lat="-21.03294" lon="55.40027">
        <ele>401.2143</ele>
        <time>2025-10-09T06:55:38.198Z</time>
      </trkpt>
      <trkpt lat="-21.033116" lon="55.40033">
        <ele>404.213948</ele>
        <time>2025-10-09T06:55:52.968Z</time>
      </trkpt>
      <trkpt lat="-21.033093" lon="55.400208">
        <ele>406.072249</ele>
        <time>2025-10-09T06:56:02.371Z</time>
      </trkpt>
      <trkpt lat="-21.033338" lon="55.40041">
        <ele>411.28263</ele>
        <time>2025-10-09T06:56:30.207Z</time>
      </trkpt>
      <trkpt lat="-21.033376" lon="55.400332">
        <ele>412.596297</ele>
        <time>2025-10-09T06:56:37.536Z</time>
      </trkpt>
      <trkpt lat="-21.033555" lon="55.400457">
        <ele>416.269898</ele>
        <time>2025-10-09T06:56:58.941Z</time>
      </trkpt>
      <trkpt lat="-21.033676" lon="55.400388">
        <ele>418.462532</ele>
        <time>2025-10-09T06:57:12.189Z</time>
      </trkpt>
      <trkpt lat="-21.033697" lon="55.400504">
        <ele>420.292654</ele>
        <time>2025-10-09T06:57:23.720Z</time>
      </trkpt>
      <trkpt lat="-21.033859" lon="55.400576">
        <ele>423.098168</ele>
        <time>2025-10-09T06:57:42.310Z</time>
      </trkpt>
      <trkpt lat="-21.033839" lon="55.400501">
        <ele>424.517102</ele>
        <time>2025-10-09T06:57:52.051Z</time>
      </trkpt>
      <trkpt lat="-21.034159" lon="55.400481">
        <ele>429.778588</ele>
        <time>2025-10-09T06:58:30.579Z</time>
      </trkpt>
      <trkpt lat="-21.034583" lon="55.400329">
        <ele>442.427056</ele>
        <time>2025-10-09T06:59:35.954Z</time>
      </trkpt>
      <trkpt lat="-21.03462" lon="55.400238">
        <ele>444.954863</ele>
        <time>2025-10-09T06:59:50.446Z</time>
      </trkpt>
      <trkpt lat="-21.034496" lon="55.400278">
        <ele>448.488205</ele>
        <time>2025-10-09T07:00:11.353Z</time>
      </trkpt>
      <trkpt lat="-21.034503" lon="55.400145">
        <ele>452.222651</ele>
        <time>2025-10-09T07:00:33.990Z</time>
      </trkpt>
      <trkpt lat="-21.034239" lon="55.400086">
        <ele>460.088217</ele>
        <time>2025-10-09T07:01:21.546Z</time>
      </trkpt>
      <trkpt lat="-21.034256" lon="55.399875">
        <ele>465.481675</ele>
        <time>2025-10-09T07:01:53.121Z</time>
      </trkpt>
      <trkpt lat="-21.034141" lon="55.399943">
        <ele>469.369229</ele>
        <time>2025-10-09T07:02:15.043Z</time>
      </trkpt>
      <trkpt lat="-21.034177" lon="55.399731">
        <ele>475.086016</ele>
        <time>2025-10-09T07:02:46.072Z</time>
      </trkpt>
      <trkpt lat="-21.034064" lon="55.399551">
        <ele>481.071866</ele>
        <time>2025-10-09T07:03:17.370Z</time>
      </trkpt>
      <trkpt lat="-21.033842" lon="55.399618">
        <ele>487.450023</ele>
        <time>2025-10-09T07:03:49.810Z</time>
      </trkpt>
      <trkpt lat="-21.033847" lon="55.399481">
        <ele>491.133744</ele>
        <time>2025-10-09T07:04:08.266Z</time>
      </trkpt>
      <trkpt lat="-21.033906" lon="55.399464">
        <ele>492.76728</ele>
        <time>2025-10-09T07:04:16.527Z</time>
      </trkpt>
      <trkpt lat="-21.03349" lon="55.399319">
        <ele>505.984037</ele>
        <time>2025-10-09T07:05:24.951Z</time>
      </trkpt>
      <trkpt lat="-21.033502" lon="55.399173">
        <ele>511.877197</ele>
        <time>2025-10-09T07:05:56.273Z</time>
      </trkpt>
      <trkpt lat="-21.033231" lon="55.398986">
        <ele>520.771804</ele>
        <time>2025-10-09T07:06:44.905Z</time>
      </trkpt>
      <trkpt lat="-21.033281" lon="55.398952">
        <ele>522.355188</ele>
        <time>2025-10-09T07:06:53.872Z</time>
      </trkpt>
      <trkpt lat="-21.033223" lon="55.398885">
        <ele>524.635645</ele>
        <time>2025-10-09T07:07:06.438Z</time>
      </trkpt>
      <trkpt lat="-21.033463" lon="55.398858">
        <ele>532.236892</ele>
        <time>2025-10-09T07:07:44.456Z</time>
      </trkpt>
      <trkpt lat="-21.033812" lon="55.398646">
        <ele>545.540573</ele>
        <time>2025-10-09T07:08:51.101Z</time>
      </trkpt>
      <trkpt lat="-21.034227" lon="55.398578">
        <ele>560.285391</ele>
        <time>2025-10-09T07:10:11.832Z</time>
      </trkpt>
      <trkpt lat="-21.034266" lon="55.398629">
        <ele>562.31696</ele>
        <time>2025-10-09T07:10:23.388Z</time>
      </trkpt>
      <trkpt lat="-21.034318" lon="55.398558">
        <ele>567.344576</ele>
        <time>2025-10-09T07:10:51.947Z</time>
      </trkpt>
      <trkpt lat="-21.034454" lon="55.398572">
        <ele>572.114811</ele>
        <time>2025-10-09T07:11:18.891Z</time>
      </trkpt>
      <trkpt lat="-21.034523" lon="55.398409">
        <ele>577.629817</ele>
        <time>2025-10-09T07:11:50.128Z</time>
      </trkpt>
      <trkpt lat="-21.034933" lon="55.39827">
        <ele>594.940526</ele>
        <time>2025-10-09T07:13:28.396Z</time>
      </trkpt>
      <trkpt lat="-21.035171" lon="55.398145">
        <ele>604.705199</ele>
        <time>2025-10-09T07:14:26.827Z</time>
      </trkpt>
      <trkpt lat="-21.035291" lon="55.398012">
        <ele>611.204755</ele>
        <time>2025-10-09T07:15:05.468Z</time>
      </trkpt>
      <trkpt lat="-21.035197" lon="55.397941">
        <ele>614.893256</ele>
        <time>2025-10-09T07:15:26.259Z</time>
      </trkpt>
      <trkpt lat="-21.035297" lon="55.397895">
        <ele>618.778954</ele>
        <time>2025-10-09T07:15:47.935Z</time>
      </trkpt>
      <trkpt lat="-21.035322" lon="55.397738">
        <ele>623.546438</ele>
        <time>2025-10-09T07:16:13.233Z</time>
      </trkpt>
      <trkpt lat="-21.035443" lon="55.397641">
        <ele>628.524637</ele>
        <time>2025-10-09T07:16:38.213Z</time>
      </trkpt>
      <trkpt lat="-21.035341" lon="55.397497">
        <ele>634.215668</ele>
        <time>2025-10-09T07:17:05.028Z</time>
      </trkpt>
      <trkpt lat="-21.035423" lon="55.397483">
        <ele>636.87866</ele>
        <time>2025-10-09T07:17:17.233Z</time>
      </trkpt>
      <trkpt lat="-21.035547" lon="55.397272">
        <ele>644.490444</ele>
        <time>2025-10-09T07:17:50.520Z</time>
      </trkpt>
      <trkpt lat="-21.035363" lon="55.397236">
        <ele>650.153236</ele>
        <time>2025-10-09T07:18:16.063Z</time>
      </trkpt>
      <trkpt lat="-21.035301" lon="55.397127">
        <ele>653.760232</ele>
        <time>2025-10-09T07:18:33.115Z</time>
      </trkpt>
      <trkpt lat="-21.035121" lon="55.397243">
        <ele>660.669271</ele>
        <time>2025-10-09T07:19:05.460Z</time>
      </trkpt>
      <trkpt lat="-21.034711" lon="55.397071">
        <ele>674.18979</ele>
        <time>2025-10-09T07:20:09.921Z</time>
      </trkpt>
      <trkpt lat="-21.034832" lon="55.397004">
        <ele>678.313433</ele>
        <time>2025-10-09T07:20:30.673Z</time>
      </trkpt>
      <trkpt lat="-21.03474" lon="55.396862">
        <ele>684.405002</ele>
        <time>2025-10-09T07:21:03.075Z</time>
      </trkpt>
      <trkpt lat="-21.034952" lon="55.396408">
        <ele>700.160252</ele>
        <time>2025-10-09T07:22:37.784Z</time>
      </trkpt>
      <trkpt lat="-21.034901" lon="55.396186">
        <ele>708.918931</ele>
        <time>2025-10-09T07:23:24.886Z</time>
      </trkpt>
      <trkpt lat="-21.034982" lon="55.39612">
        <ele>712.982869</ele>
        <time>2025-10-09T07:23:47.809Z</time>
      </trkpt>
      <trkpt lat="-21.034994" lon="55.395928">
        <ele>720.155492</ele>
        <time>2025-10-09T07:24:29.035Z</time>
      </trkpt>
      <trkpt lat="-21.035041" lon="55.395957">
        <ele>723.953717</ele>
        <time>2025-10-09T07:24:50.921Z</time>
      </trkpt>
      <trkpt lat="-21.035112" lon="55.395936">
        <ele>729.80567</ele>
        <time>2025-10-09T07:25:24.623Z</time>
      </trkpt>
      <trkpt lat="-21.035279" lon="55.395903">
        <ele>736.587325</ele>
        <time>2025-10-09T07:26:01.084Z</time>
      </trkpt>
      <trkpt lat="-21.035432" lon="55.395802">
        <ele>743.764074</ele>
        <time>2025-10-09T07:26:37.978Z</time>
      </trkpt>
      <trkpt lat="-21.035615" lon="55.395464">
        <ele>758.951917</ele>
        <time>2025-10-09T07:28:06.457Z</time>
      </trkpt>
      <trkpt lat="-21.035854" lon="55.395482">
        <ele>768.624964</ele>
        <time>2025-10-09T07:28:59.396Z</time>
      </trkpt>
      <trkpt lat="-21.035849" lon="55.395255">
        <ele>773.264027</ele>
        <time>2025-10-09T07:29:44.800Z</time>
      </trkpt>
      <trkpt lat="-21.035927" lon="55.3952">
        <ele>774.899225</ele>
        <time>2025-10-09T07:30:01.505Z</time>
      </trkpt>
      <trkpt lat="-21.03606" lon="55.395161">
        <ele>777.313952</ele>
        <time>2025-10-09T07:30:25.146Z</time>
      </trkpt>
      <trkpt lat="-21.036229" lon="55.395305">
        <ele>781.191091</ele>
        <time>2025-10-09T07:30:57.512Z</time>
      </trkpt>
      <trkpt lat="-21.036642" lon="55.395404">
        <ele>788.664672</ele>
        <time>2025-10-09T07:31:39.830Z</time>
      </trkpt>
      <trkpt lat="-21.036546" lon="55.395224">
        <ele>792.053155</ele>
        <time>2025-10-09T07:31:52.817Z</time>
      </trkpt>
      <trkpt lat="-21.036621" lon="55.395222">
        <ele>793.366948</ele>
        <time>2025-10-09T07:31:56.579Z</time>
      </trkpt>
      <trkpt lat="-21.036656" lon="55.395084">
        <ele>797.408563</ele>
        <time>2025-10-09T07:32:10.235Z</time>
      </trkpt>
      <trkpt lat="-21.036784" lon="55.395058">
        <ele>799.690003</ele>
        <time>2025-10-09T07:32:16.692Z</time>
      </trkpt>
      <trkpt lat="-21.036857" lon="55.394883">
        <ele>803.069143</ele>
        <time>2025-10-09T07:32:28.183Z</time>
      </trkpt>
      <trkpt lat="-21.036786" lon="55.394691">
        <ele>805.695806</ele>
        <time>2025-10-09T07:32:39.398Z</time>
      </trkpt>
      <trkpt lat="-21.036775" lon="55.394224">
        <ele>810.5551</ele>
        <time>2025-10-09T07:33:03.048Z</time>
      </trkpt>
      <trkpt lat="-21.036878" lon="55.393835">
        <ele>814.749652</ele>
        <time>2025-10-09T07:33:37.488Z</time>
      </trkpt>
      <trkpt lat="-21.036786" lon="55.393738">
        <ele>816.1399</ele>
        <time>2025-10-09T07:33:52.225Z</time>
      </trkpt>
      <trkpt lat="-21.036855" lon="55.39359">
        <ele>817.803017</ele>
        <time>2025-10-09T07:34:13.689Z</time>
      </trkpt>
      <trkpt lat="-21.036961" lon="55.393541">
        <ele>819.162967</ele>
        <time>2025-10-09T07:34:34.324Z</time>
      </trkpt>
      <trkpt lat="-21.036972" lon="55.393356">
        <ele>821.613282</ele>
        <time>2025-10-09T07:35:08.152Z</time>
      </trkpt>
      <trkpt lat="-21.03755" lon="55.393152">
        <ele>837.686793</ele>
        <time>2025-10-09T07:37:06.058Z</time>
      </trkpt>
      <trkpt lat="-21.037625" lon="55.393">
        <ele>841.925317</ele>
        <time>2025-10-09T07:37:34.590Z</time>
      </trkpt>
      <trkpt lat="-21.037844" lon="55.392867">
        <ele>848.77636</ele>
        <time>2025-10-09T07:38:19.321Z</time>
      </trkpt>
      <trkpt lat="-21.038241" lon="55.392886">
        <ele>859.352653</ele>
        <time>2025-10-09T07:39:26.635Z</time>
      </trkpt>
      <trkpt lat="-21.038579" lon="55.392472">
        <ele>872.340007</ele>
        <time>2025-10-09T07:40:51.237Z</time>
      </trkpt>
      <trkpt lat="-21.038884" lon="55.392337">
        <ele>879.681435</ele>
        <time>2025-10-09T07:41:39.762Z</time>
      </trkpt>
      <trkpt lat="-21.039295" lon="55.392537">
        <ele>889.049094</ele>
        <time>2025-10-09T07:42:38.568Z</time>
      </trkpt>
      <trkpt lat="-21.039456" lon="55.392527">
        <ele>892.373268</ele>
        <time>2025-10-09T07:42:59.035Z</time>
      </trkpt>
      <trkpt lat="-21.039524" lon="55.392449">
        <ele>894.426647</ele>
        <time>2025-10-09T07:43:11.698Z</time>
      </trkpt>
      <trkpt lat="-21.040202" lon="55.392524">
        <ele>908.947315</ele>
        <time>2025-10-09T07:44:45.550Z</time>
      </trkpt>
      <trkpt lat="-21.040328" lon="55.392621">
        <ele>912.333329</ele>
        <time>2025-10-09T07:45:08.058Z</time>
      </trkpt>
      <trkpt lat="-21.040528" lon="55.392608">
        <ele>916.706118</ele>
        <time>2025-10-09T07:45:38.329Z</time>
      </trkpt>
      <trkpt lat="-21.040702" lon="55.392467">
        <ele>921.467229</ele>
        <time>2025-10-09T07:46:12.421Z</time>
      </trkpt>
      <trkpt lat="-21.040894" lon="55.39254">
        <ele>926.162623</ele>
        <time>2025-10-09T07:46:45.972Z</time>
      </trkpt>
      <trkpt lat="-21.041102" lon="55.392477">
        <ele>930.87987</ele>
        <time>2025-10-09T07:47:19.616Z</time>
      </trkpt>
      <trkpt lat="-21.041888" lon="55.391917">
        <ele>950.462855</ele>
        <time>2025-10-09T07:49:38.375Z</time>
      </trkpt>
      <trkpt lat="-21.042153" lon="55.391601">
        <ele>957.484882</ele>
        <time>2025-10-09T07:50:28.218Z</time>
      </trkpt>
      <trkpt lat="-21.043306" lon="55.39154">
        <ele>976.839125</ele>
        <time>2025-10-09T07:52:25.924Z</time>
      </trkpt>
      <trkpt lat="-21.043462" lon="55.391322">
        <ele>978.818432</ele>
        <time>2025-10-09T07:52:52.822Z</time>
      </trkpt>
      <trkpt lat="-21.043205" lon="55.391098">
        <ele>981.454891</ele>
        <time>2025-10-09T07:53:26.313Z</time>
      </trkpt>
      <trkpt lat="-21.043451" lon="55.390992">
        <ele>983.394158</ele>
        <time>2025-10-09T07:53:47.667Z</time>
      </trkpt>
      <trkpt lat="-21.043686" lon="55.390676">
        <ele>986.1214</ele>
        <time>2025-10-09T07:54:12.778Z</time>
      </trkpt>
      <trkpt lat="-21.043896" lon="55.390544">
        <ele>987.882197</ele>
        <time>2025-10-09T07:54:25.197Z</time>
      </trkpt>
      <trkpt lat="-21.044682" lon="55.390408">
        <ele>977.805403</ele>
        <time>2025-10-09T07:54:55.512Z</time>
      </trkpt>
      <trkpt lat="-21.045002" lon="55.390446">
        <ele>972.161408</ele>
        <time>2025-10-09T07:55:07.478Z</time>
      </trkpt>
      <trkpt lat="-21.045079" lon="55.390558">
        <ele>969.885498</ele>
        <time>2025-10-09T07:55:12.358Z</time>
      </trkpt>
      <trkpt lat="-21.04522" lon="55.390525">
        <ele>967.204287</ele>
        <time>2025-10-09T07:55:18.125Z</time>
      </trkpt>
      <trkpt lat="-21.045381" lon="55.391067">
        <ele>957.85647</ele>
        <time>2025-10-09T07:55:39.683Z</time>
      </trkpt>
      <trkpt lat="-21.045436" lon="55.390735">
        <ele>953.153989</ele>
        <time>2025-10-09T07:55:53.832Z</time>
      </trkpt>
      <trkpt lat="-21.045526" lon="55.39107">
        <ele>948.456607</ele>
        <time>2025-10-09T07:56:08.174Z</time>
      </trkpt>
      <trkpt lat="-21.045602" lon="55.390797">
        <ele>944.617806</ele>
        <time>2025-10-09T07:56:20.018Z</time>
      </trkpt>
      <trkpt lat="-21.045636" lon="55.391168">
        <ele>939.594592</ele>
        <time>2025-10-09T07:56:35.953Z</time>
      </trkpt>
      <trkpt lat="-21.045765" lon="55.390985">
        <ele>936.419188</ele>
        <time>2025-10-09T07:56:46.115Z</time>
      </trkpt>
      <trkpt lat="-21.045775" lon="55.391138">
        <ele>934.352488</ele>
        <time>2025-10-09T07:56:52.800Z</time>
      </trkpt>
      <trkpt lat="-21.045616" lon="55.391434">
        <ele>931.284805</ele>
        <time>2025-10-09T07:57:07.894Z</time>
      </trkpt>
      <trkpt lat="-21.045762" lon="55.391315">
        <ele>930.937122</ele>
        <time>2025-10-09T07:57:16.764Z</time>
      </trkpt>
      <trkpt lat="-21.045645" lon="55.391614">
        <ele>930.363613</ele>
        <time>2025-10-09T07:57:31.687Z</time>
      </trkpt>
      <trkpt lat="-21.045731" lon="55.391524">
        <ele>930.135768</ele>
        <time>2025-10-09T07:57:37.735Z</time>
      </trkpt>
      <trkpt lat="-21.04576" lon="55.391784">
        <ele>929.662652</ele>
        <time>2025-10-09T07:57:50.457Z</time>
      </trkpt>
      <trkpt lat="-21.04593" lon="55.39152">
        <ele>929.080988</ele>
        <time>2025-10-09T07:58:06.608Z</time>
      </trkpt>
      <trkpt lat="-21.046142" lon="55.391397">
        <ele>928.624052</ele>
        <time>2025-10-09T07:58:20.505Z</time>
      </trkpt>
      <trkpt lat="-21.0461" lon="55.3915">
        <ele>928.425225</ele>
        <time>2025-10-09T07:58:27.424Z</time>
      </trkpt>
      <trkpt lat="-21.046322" lon="55.391367">
        <ele>930.419924</ele>
        <time>2025-10-09T07:58:47.016Z</time>
      </trkpt>
      <trkpt lat="-21.046751" lon="55.39142">
        <ele>941.970378</ele>
        <time>2025-10-09T07:59:34.656Z</time>
      </trkpt>
      <trkpt lat="-21.047133" lon="55.391244">
        <ele>953.102381</ele>
        <time>2025-10-09T08:00:44.148Z</time>
      </trkpt>
      <trkpt lat="-21.047401" lon="55.391256">
        <ele>960.249659</ele>
        <time>2025-10-09T08:01:43.289Z</time>
      </trkpt>
      <trkpt lat="-21.04786" lon="55.391509">
        <ele>974.040537</ele>
        <time>2025-10-09T08:03:57.599Z</time>
      </trkpt>
      <trkpt lat="-21.0484" lon="55.391808">
        <ele>987.999348</ele>
        <time>2025-10-09T08:06:37.911Z</time>
      </trkpt>
      <trkpt lat="-21.048873" lon="55.391843">
        <ele>997.137022</ele>
        <time>2025-10-09T08:07:44.150Z</time>
      </trkpt>
      <trkpt lat="-21.049655" lon="55.39147">
        <ele>1010.777437</ele>
        <time>2025-10-09T08:08:42.060Z</time>
      </trkpt>
      <trkpt lat="-21.049863" lon="55.391425">
        <ele>1010.882033</ele>
        <time>2025-10-09T08:08:52.679Z</time>
      </trkpt>
      <trkpt lat="-21.050553" lon="55.391509">
        <ele>1011.224337</ele>
        <time>2025-10-09T08:09:28.070Z</time>
      </trkpt>
      <trkpt lat="-21.050969" lon="55.391669">
        <ele>1011.443039</ele>
        <time>2025-10-09T08:09:55.762Z</time>
      </trkpt>
      <trkpt lat="-21.051413" lon="55.391729">
        <ele>1013.952079</ele>
        <time>2025-10-09T08:10:29.900Z</time>
      </trkpt>
      <trkpt lat="-21.052213" lon="55.39146">
        <ele>1026.547022</ele>
        <time>2025-10-09T08:11:55.224Z</time>
      </trkpt>
      <trkpt lat="-21.053097" lon="55.391218">
        <ele>1042.917801</ele>
        <time>2025-10-09T08:13:54.643Z</time>
      </trkpt>
      <trkpt lat="-21.053287" lon="55.39108">
        <ele>1051.903385</ele>
        <time>2025-10-09T08:14:31.832Z</time>
      </trkpt>
      <trkpt lat="-21.054115" lon="55.391088">
        <ele>1083.654103</ele>
        <time>2025-10-09T08:17:38.150Z</time>
      </trkpt>
      <trkpt lat="-21.054089" lon="55.391232">
        <ele>1089.74467</ele>
        <time>2025-10-09T08:18:24.057Z</time>
      </trkpt>
      <trkpt lat="-21.05436" lon="55.391283">
        <ele>1100.148193</ele>
        <time>2025-10-09T08:19:50.842Z</time>
      </trkpt>
      <trkpt lat="-21.05478" lon="55.39169">
        <ele>1127.669962</ele>
        <time>2025-10-09T08:23:08.983Z</time>
      </trkpt>
      <trkpt lat="-21.054968" lon="55.391663">
        <ele>1137.675319</ele>
        <time>2025-10-09T08:24:16.695Z</time>
      </trkpt>
      <trkpt lat="-21.05533" lon="55.391761">
        <ele>1157.890945</ele>
        <time>2025-10-09T08:26:34.791Z</time>
      </trkpt>
      <trkpt lat="-21.055719" lon="55.391974">
        <ele>1181.41613</ele>
        <time>2025-10-09T08:29:08.607Z</time>
      </trkpt>
      <trkpt lat="-21.056133" lon="55.392558">
        <ele>1211.128845</ele>
        <time>2025-10-09T08:32:24.524Z</time>
      </trkpt>
      <trkpt lat="-21.056677" lon="55.393083">
        <ele>1234.728329</ele>
        <time>2025-10-09T08:35:06.650Z</time>
      </trkpt>
      <trkpt lat="-21.057327" lon="55.393673">
        <ele>1259.370085</ele>
        <time>2025-10-09T08:37:18.475Z</time>
      </trkpt>
      <trkpt lat="-21.057271" lon="55.393863">
        <ele>1260.881656</ele>
        <time>2025-10-09T08:37:39.407Z</time>
      </trkpt>
      <trkpt lat="-21.057076" lon="55.393724">
        <ele>1262.756039</ele>
        <time>2025-10-09T08:38:03.070Z</time>
      </trkpt>
      <trkpt lat="-21.057148" lon="55.393913">
        <ele>1264.297056</ele>
        <time>2025-10-09T08:38:20.276Z</time>
      </trkpt>
      <trkpt lat="-21.057062" lon="55.393891">
        <ele>1265.004672</ele>
        <time>2025-10-09T08:38:27.563Z</time>
      </trkpt>
      <trkpt lat="-21.057097" lon="55.393968">
        <ele>1265.644356</ele>
        <time>2025-10-09T08:38:33.837Z</time>
      </trkpt>
      <trkpt lat="-21.057076" lon="55.394084">
        <ele>1267.110132</ele>
        <time>2025-10-09T08:38:47.487Z</time>
      </trkpt>
      <trkpt lat="-21.056947" lon="55.393996">
        <ele>1268.334</ele>
        <time>2025-10-09T08:38:58.225Z</time>
      </trkpt>
      <trkpt lat="-21.056951" lon="55.394201">
        <ele>1269.994374</ele>
        <time>2025-10-09T08:39:12.092Z</time>
      </trkpt>
      <trkpt lat="-21.056803" lon="55.393881">
        <ele>1272.647763</ele>
        <time>2025-10-09T08:39:32.355Z</time>
      </trkpt>
      <trkpt lat="-21.05666" lon="55.393945">
        <ele>1270.84693</ele>
        <time>2025-10-09T08:39:41.477Z</time>
      </trkpt>
      <trkpt lat="-21.056781" lon="55.393969">
        <ele>1269.543892</ele>
        <time>2025-10-09T08:39:47.691Z</time>
      </trkpt>
      <trkpt lat="-21.0567" lon="55.394053">
        <ele>1268.350281</ele>
        <time>2025-10-09T08:39:53.067Z</time>
      </trkpt>
      <trkpt lat="-21.056746" lon="55.394071">
        <ele>1267.831724</ele>
        <time>2025-10-09T08:39:55.334Z</time>
      </trkpt>
      <trkpt lat="-21.056697" lon="55.394279">
        <ele>1265.711801</ele>
        <time>2025-10-09T08:40:04.306Z</time>
      </trkpt>
      <trkpt lat="-21.056744" lon="55.394275">
        <ele>1265.212549</ele>
        <time>2025-10-09T08:40:06.442Z</time>
      </trkpt>
      <trkpt lat="-21.056688" lon="55.394336">
        <ele>1264.366973</ele>
        <time>2025-10-09T08:40:10.009Z</time>
      </trkpt>
      <trkpt lat="-21.056749" lon="55.394359">
        <ele>1263.682221</ele>
        <time>2025-10-09T08:40:12.876Z</time>
      </trkpt>
      <trkpt lat="-21.056666" lon="55.394441">
        <ele>1262.486786</ele>
        <time>2025-10-09T08:40:17.912Z</time>
      </trkpt>
      <trkpt lat="-21.056746" lon="55.394543">
        <ele>1261.129943</ele>
        <time>2025-10-09T08:40:23.631Z</time>
      </trkpt>
      <trkpt lat="-21.056628" lon="55.394532">
        <ele>1259.875718</ele>
        <time>2025-10-09T08:40:28.888Z</time>
      </trkpt>
      <trkpt lat="-21.056887" lon="55.395008">
        <ele>1254.417158</ele>
        <time>2025-10-09T08:40:51.807Z</time>
      </trkpt>
      <trkpt lat="-21.05738" lon="55.395195">
        <ele>1253.528839</ele>
        <time>2025-10-09T08:41:16.292Z</time>
      </trkpt>
      <trkpt lat="-21.05803" lon="55.395042">
        <ele>1253.394006</ele>
        <time>2025-10-09T08:41:55.988Z</time>
      </trkpt>
      <trkpt lat="-21.058063" lon="55.395119">
        <ele>1253.375423</ele>
        <time>2025-10-09T08:42:01.081Z</time>
      </trkpt>
      <trkpt lat="-21.058541" lon="55.395165">
        <ele>1253.278399</ele>
        <time>2025-10-09T08:42:36.507Z</time>
      </trkpt>
      <trkpt lat="-21.059734" lon="55.395495">
        <ele>1258.792042</ele>
        <time>2025-10-09T08:44:06.966Z</time>
      </trkpt>
      <trkpt lat="-21.05995" lon="55.395477">
        <ele>1259.839669</ele>
        <time>2025-10-09T08:44:20.177Z</time>
      </trkpt>
      <trkpt lat="-21.060091" lon="55.395546">
        <ele>1260.58921</ele>
        <time>2025-10-09T08:44:28.394Z</time>
      </trkpt>
      <trkpt lat="-21.060315" lon="55.395497">
        <ele>1261.694706</ele>
        <time>2025-10-09T08:44:39.181Z</time>
      </trkpt>
      <trkpt lat="-21.060573" lon="55.395569">
        <ele>1258.270362</ele>
        <time>2025-10-09T08:44:50.586Z</time>
      </trkpt>
      <trkpt lat="-21.060841" lon="55.395774">
        <ele>1252.48986</ele>
        <time>2025-10-09T08:45:03.439Z</time>
      </trkpt>
      <trkpt lat="-21.061184" lon="55.396338">
        <ele>1241.579418</ele>
        <time>2025-10-09T08:45:26.841Z</time>
      </trkpt>
      <trkpt lat="-21.061212" lon="55.396696">
        <ele>1235.086745</ele>
        <time>2025-10-09T08:45:41.553Z</time>
      </trkpt>
      <trkpt lat="-21.061535" lon="55.396889">
        <ele>1228.856102</ele>
        <time>2025-10-09T08:45:56.302Z</time>
      </trkpt>
      <trkpt lat="-21.061648" lon="55.397181">
        <ele>1224.558098</ele>
        <time>2025-10-09T08:46:07.368Z</time>
      </trkpt>
      <trkpt lat="-21.06158" lon="55.397236">
        <ele>1223.325951</ele>
        <time>2025-10-09T08:46:10.538Z</time>
      </trkpt>
      <trkpt lat="-21.061702" lon="55.397442">
        <ele>1219.945517</ele>
        <time>2025-10-09T08:46:19.372Z</time>
      </trkpt>
      <trkpt lat="-21.061665" lon="55.397508">
        <ele>1218.906384</ele>
        <time>2025-10-09T08:46:22.121Z</time>
      </trkpt>
      <trkpt lat="-21.062341" lon="55.397688">
        <ele>1208.708428</ele>
        <time>2025-10-09T08:46:49.845Z</time>
      </trkpt>
      <trkpt lat="-21.062433" lon="55.397981">
        <ele>1204.278225</ele>
        <time>2025-10-09T08:47:02.088Z</time>
      </trkpt>
      <trkpt lat="-21.062642" lon="55.398181">
        <ele>1199.854342</ele>
        <time>2025-10-09T08:47:13.198Z</time>
      </trkpt>
      <trkpt lat="-21.063011" lon="55.398236">
        <ele>1193.906314</ele>
        <time>2025-10-09T08:47:27.527Z</time>
      </trkpt>
      <trkpt lat="-21.063068" lon="55.398153">
        <ele>1192.388018</ele>
        <time>2025-10-09T08:47:31.152Z</time>
      </trkpt>
      <trkpt lat="-21.063519" lon="55.398012">
        <ele>1184.970764</ele>
        <time>2025-10-09T08:47:48.780Z</time>
      </trkpt>
      <trkpt lat="-21.06363" lon="55.398045">
        <ele>1183.152098</ele>
        <time>2025-10-09T08:47:53.063Z</time>
      </trkpt>
      <trkpt lat="-21.063921" lon="55.397911">
        <ele>1178.07774</ele>
        <time>2025-10-09T08:48:05.035Z</time>
      </trkpt>
      <trkpt lat="-21.064933" lon="55.397922">
        <ele>1159.421529</ele>
        <time>2025-10-09T08:48:43.055Z</time>
      </trkpt>
      <trkpt lat="-21.065208" lon="55.397825">
        <ele>1154.035083</ele>
        <time>2025-10-09T08:48:53.872Z</time>
      </trkpt>
      <trkpt lat="-21.06558" lon="55.397539">
        <ele>1145.470648</ele>
        <time>2025-10-09T08:49:11.197Z</time>
      </trkpt>
      <trkpt lat="-21.065931" lon="55.397716">
        <ele>1138.566646</ele>
        <time>2025-10-09T08:49:26.106Z</time>
      </trkpt>
      <trkpt lat="-21.066344" lon="55.397518">
        <ele>1130.894682</ele>
        <time>2025-10-09T08:49:43.278Z</time>
      </trkpt>
      <trkpt lat="-21.066466" lon="55.397533">
        <ele>1128.830708</ele>
        <time>2025-10-09T08:49:47.918Z</time>
      </trkpt>
      <trkpt lat="-21.06676" lon="55.397933">
        <ele>1119.449261</ele>
        <time>2025-10-09T08:50:08.835Z</time>
      </trkpt>
      <trkpt lat="-21.067028" lon="55.39806">
        <ele>1114.431677</ele>
        <time>2025-10-09T08:50:20.013Z</time>
      </trkpt>
      <trkpt lat="-21.067279" lon="55.398579">
        <ele>1107.963758</ele>
        <time>2025-10-09T08:50:40.465Z</time>
      </trkpt>
      <trkpt lat="-21.067555" lon="55.398605">
        <ele>1105.018897</ele>
        <time>2025-10-09T08:50:50.939Z</time>
      </trkpt>
      <trkpt lat="-21.067912" lon="55.399035">
        <ele>1099.257282</ele>
        <time>2025-10-09T08:51:12.261Z</time>
      </trkpt>
      <trkpt lat="-21.068039" lon="55.399094">
        <ele>1097.785997</ele>
        <time>2025-10-09T08:51:17.951Z</time>
      </trkpt>
      <trkpt lat="-21.068497" lon="55.398974">
        <ele>1093.897038</ele>
        <time>2025-10-09T08:51:38.205Z</time>
      </trkpt>
      <trkpt lat="-21.068626" lon="55.399087">
        <ele>1094.833878</ele>
        <time>2025-10-09T08:51:46.047Z</time>
      </trkpt>
      <trkpt lat="-21.068812" lon="55.39899">
        <ele>1095.983063</ele>
        <time>2025-10-09T08:51:56.267Z</time>
      </trkpt>
      <trkpt lat="-21.068916" lon="55.399637">
        <ele>1099.386034</ele>
        <time>2025-10-09T08:52:32.545Z</time>
      </trkpt>
      <trkpt lat="-21.069491" lon="55.399977">
        <ele>1102.996705</ele>
        <time>2025-10-09T08:53:25.003Z</time>
      </trkpt>
      <trkpt lat="-21.069608" lon="55.400329">
        <ele>1106.912736</ele>
        <time>2025-10-09T08:53:59.868Z</time>
      </trkpt>
      <trkpt lat="-21.069815" lon="55.400413">
        <ele>1109.540565</ele>
        <time>2025-10-09T08:54:22.877Z</time>
      </trkpt>
      <trkpt lat="-21.07002" lon="55.400624">
        <ele>1112.91785</ele>
        <time>2025-10-09T08:55:12.391Z</time>
      </trkpt>
      <trkpt lat="-21.06998" lon="55.400841">
        <ele>1115.57203</ele>
        <time>2025-10-09T08:55:49.800Z</time>
      </trkpt>
      <trkpt lat="-21.070095" lon="55.400903">
        <ele>1117.100369</ele>
        <time>2025-10-09T08:56:10.245Z</time>
      </trkpt>
      <trkpt lat="-21.070165" lon="55.401074">
        <ele>1119.240701</ele>
        <time>2025-10-09T08:56:37.223Z</time>
      </trkpt>
      <trkpt lat="-21.070008" lon="55.401367">
        <ele>1122.98377</ele>
        <time>2025-10-09T08:57:17.977Z</time>
      </trkpt>
      <trkpt lat="-21.070028" lon="55.401635">
        <ele>1124.037502</ele>
        <time>2025-10-09T08:57:41.546Z</time>
      </trkpt>
      <trkpt lat="-21.069709" lon="55.402224">
        <ele>1120.402188</ele>
        <time>2025-10-09T08:58:28.980Z</time>
      </trkpt>
      <trkpt lat="-21.069004" lon="55.402912">
        <ele>1114.924183</ele>
        <time>2025-10-09T08:59:31.406Z</time>
      </trkpt>
      <trkpt lat="-21.069011" lon="55.403097">
        <ele>1114.330007</ele>
        <time>2025-10-09T08:59:42.865Z</time>
      </trkpt>
      <trkpt lat="-21.068933" lon="55.403243">
        <ele>1114.242892</ele>
        <time>2025-10-09T08:59:53.385Z</time>
      </trkpt>
      <trkpt lat="-21.068615" lon="55.403336">
        <ele>1114.056814</ele>
        <time>2025-10-09T09:00:17.273Z</time>
      </trkpt>
      <trkpt lat="-21.06858" lon="55.403597">
        <ele>1113.917917</ele>
        <time>2025-10-09T09:00:36.914Z</time>
      </trkpt>
      <trkpt lat="-21.068362" lon="55.403842">
        <ele>1113.742623</ele>
        <time>2025-10-09T09:01:04.792Z</time>
      </trkpt>
      <trkpt lat="-21.068262" lon="55.404235">
        <ele>1113.528657</ele>
        <time>2025-10-09T09:01:42.700Z</time>
      </trkpt>
      <trkpt lat="-21.068031" lon="55.405512">
        <ele>1120.160536</ele>
        <time>2025-10-09T09:04:01.724Z</time>
      </trkpt>
      <trkpt lat="-21.067685" lon="55.405819">
        <ele>1123.33844</ele>
        <time>2025-10-09T09:04:49.342Z</time>
      </trkpt>
      <trkpt lat="-21.067495" lon="55.406246">
        <ele>1127.067887</ele>
        <time>2025-10-09T09:05:38.733Z</time>
      </trkpt>
      <trkpt lat="-21.067502" lon="55.406438">
        <ele>1130.070262</ele>
        <time>2025-10-09T09:06:00.036Z</time>
      </trkpt>
      <trkpt lat="-21.067738" lon="55.406641">
        <ele>1135.208677</ele>
        <time>2025-10-09T09:06:41.930Z</time>
      </trkpt>
      <trkpt lat="-21.067612" lon="55.407377">
        <ele>1147.023954</ele>
        <time>2025-10-09T09:08:57.351Z</time>
      </trkpt>
      <trkpt lat="-21.067965" lon="55.408087">
        <ele>1158.406856</ele>
        <time>2025-10-09T09:11:43.090Z</time>
      </trkpt>
      <trkpt lat="-21.067977" lon="55.408276">
        <ele>1160.326701</ele>
        <time>2025-10-09T09:12:17.836Z</time>
      </trkpt>
      <trkpt lat="-21.067821" lon="55.408656">
        <ele>1164.548786</ele>
        <time>2025-10-09T09:13:27.337Z</time>
      </trkpt>
      <trkpt lat="-21.067791" lon="55.409035">
        <ele>1168.525147</ele>
        <time>2025-10-09T09:14:23.830Z</time>
      </trkpt>
      <trkpt lat="-21.067574" lon="55.409039">
        <ele>1170.882212</ele>
        <time>2025-10-09T09:14:47.364Z</time>
      </trkpt>
      <trkpt lat="-21.067354" lon="55.409181">
        <ele>1173.671434</ele>
        <time>2025-10-09T09:15:09.922Z</time>
      </trkpt>
      <trkpt lat="-21.067632" lon="55.409351">
        <ele>1172.844068</ele>
        <time>2025-10-09T09:15:34.600Z</time>
      </trkpt>
      <trkpt lat="-21.067869" lon="55.409567">
        <ele>1167.093169</ele>
        <time>2025-10-09T09:15:55.360Z</time>
      </trkpt>
      <trkpt lat="-21.067862" lon="55.409682">
        <ele>1165.130935</ele>
        <time>2025-10-09T09:16:02.284Z</time>
      </trkpt>
      <trkpt lat="-21.068089" lon="55.409934">
        <ele>1159.053393</ele>
        <time>2025-10-09T09:16:23.511Z</time>
      </trkpt>
      <trkpt lat="-21.067916" lon="55.409929">
        <ele>1155.744155</ele>
        <time>2025-10-09T09:16:34.992Z</time>
      </trkpt>
      <trkpt lat="-21.068396" lon="55.410557">
        <ele>1141.107509</ele>
        <time>2025-10-09T09:17:26.127Z</time>
      </trkpt>
      <trkpt lat="-21.068251" lon="55.410656">
        <ele>1135.144016</ele>
        <time>2025-10-09T09:17:39.239Z</time>
      </trkpt>
      <trkpt lat="-21.068482" lon="55.410867">
        <ele>1125.510898</ele>
        <time>2025-10-09T09:18:00.599Z</time>
      </trkpt>
      <trkpt lat="-21.068489" lon="55.411059">
        <ele>1119.82035</ele>
        <time>2025-10-09T09:18:13.270Z</time>
      </trkpt>
      <trkpt lat="-21.0684" lon="55.411141">
        <ele>1116.0953</ele>
        <time>2025-10-09T09:18:21.608Z</time>
      </trkpt>
      <trkpt lat="-21.068413" lon="55.41147">
        <ele>1105.774063</ele>
        <time>2025-10-09T09:18:44.883Z</time>
      </trkpt>
      <trkpt lat="-21.068509" lon="55.411498">
        <ele>1102.616455</ele>
        <time>2025-10-09T09:18:52.078Z</time>
      </trkpt>
      <trkpt lat="-21.068462" lon="55.411639">
        <ele>1098.088294</ele>
        <time>2025-10-09T09:19:02.348Z</time>
      </trkpt>
      <trkpt lat="-21.068361" lon="55.411663">
        <ele>1094.804972</ele>
        <time>2025-10-09T09:19:09.785Z</time>
      </trkpt>
      <trkpt lat="-21.068337" lon="55.411836">
        <ele>1089.625147</ele>
        <time>2025-10-09T09:19:21.441Z</time>
      </trkpt>
      <trkpt lat="-21.068441" lon="55.412039">
        <ele>1080.521665</ele>
        <time>2025-10-09T09:19:40.503Z</time>
      </trkpt>
      <trkpt lat="-21.068619" lon="55.412418">
        <ele>1065.860069</ele>
        <time>2025-10-09T09:20:09.777Z</time>
      </trkpt>
      <trkpt lat="-21.068625" lon="55.412491">
        <ele>1063.379323</ele>
        <time>2025-10-09T09:20:14.725Z</time>
      </trkpt>
      <trkpt lat="-21.068534" lon="55.412432">
        <ele>1059.520967</ele>
        <time>2025-10-09T09:20:22.577Z</time>
      </trkpt>
      <trkpt lat="-21.06868" lon="55.41283">
        <ele>1044.930708</ele>
        <time>2025-10-09T09:20:52.675Z</time>
      </trkpt>
      <trkpt lat="-21.068549" lon="55.412778">
        <ele>1039.8629</ele>
        <time>2025-10-09T09:21:03.374Z</time>
      </trkpt>
      <trkpt lat="-21.068512" lon="55.412928">
        <ele>1034.610725</ele>
        <time>2025-10-09T09:21:14.623Z</time>
      </trkpt>
      <trkpt lat="-21.06836" lon="55.413006">
        <ele>1028.388487</ele>
        <time>2025-10-09T09:21:27.978Z</time>
      </trkpt>
      <trkpt lat="-21.068311" lon="55.41351">
        <ele>1009.475821</ele>
        <time>2025-10-09T09:22:06.928Z</time>
      </trkpt>
      <trkpt lat="-21.068168" lon="55.413635">
        <ele>1001.836683</ele>
        <time>2025-10-09T09:22:22.323Z</time>
      </trkpt>
      <trkpt lat="-21.068351" lon="55.413691">
        <ele>993.97344</ele>
        <time>2025-10-09T09:22:38.113Z</time>
      </trkpt>
      <trkpt lat="-21.068298" lon="55.413887">
        <ele>986.375467</ele>
        <time>2025-10-09T09:22:53.337Z</time>
      </trkpt>
      <trkpt lat="-21.068105" lon="55.414016">
        <ele>976.801826</ele>
        <time>2025-10-09T09:23:12.358Z</time>
      </trkpt>
      <trkpt lat="-21.068165" lon="55.414048">
        <ele>973.330497</ele>
        <time>2025-10-09T09:23:19.210Z</time>
      </trkpt>
      <trkpt lat="-21.068143" lon="55.414138">
        <ele>969.228725</ele>
        <time>2025-10-09T09:23:27.322Z</time>
      </trkpt>
      <trkpt lat="-21.06805" lon="55.414161">
        <ele>965.24236</ele>
        <time>2025-10-09T09:23:35.226Z</time>
      </trkpt>
      <trkpt lat="-21.068035" lon="55.414336">
        <ele>958.642822</ele>
        <time>2025-10-09T09:23:48.132Z</time>
      </trkpt>
      <trkpt lat="-21.06767" lon="55.414786">
        <ele>936.529819</ele>
        <time>2025-10-09T09:24:31.938Z</time>
      </trkpt>
      <trkpt lat="-21.067391" lon="55.415005">
        <ele>923.156589</ele>
        <time>2025-10-09T09:24:58.886Z</time>
      </trkpt>
      <trkpt lat="-21.067366" lon="55.415114">
        <ele>918.209539</ele>
        <time>2025-10-09T09:25:08.929Z</time>
      </trkpt>
      <trkpt lat="-21.067459" lon="55.415181">
        <ele>912.347852</ele>
        <time>2025-10-09T09:25:20.881Z</time>
      </trkpt>
      <trkpt lat="-21.067353" lon="55.415275">
        <ele>906.673296</ele>
        <time>2025-10-09T09:25:32.417Z</time>
      </trkpt>
      <trkpt lat="-21.067467" lon="55.415305">
        <ele>902.034486</ele>
        <time>2025-10-09T09:25:41.922Z</time>
      </trkpt>
      <trkpt lat="-21.067355" lon="55.415412">
        <ele>896.351436</ele>
        <time>2025-10-09T09:25:53.519Z</time>
      </trkpt>
      <trkpt lat="-21.067472" lon="55.415481">
        <ele>887.126568</ele>
        <time>2025-10-09T09:26:12.207Z</time>
      </trkpt>
      <trkpt lat="-21.067341" lon="55.415649">
        <ele>879.838722</ele>
        <time>2025-10-09T09:26:28.279Z</time>
      </trkpt>
      <trkpt lat="-21.067457" lon="55.415659">
        <ele>876.680425</ele>
        <time>2025-10-09T09:26:37.085Z</time>
      </trkpt>
      <trkpt lat="-21.067413" lon="55.415728">
        <ele>874.563962</ele>
        <time>2025-10-09T09:26:42.908Z</time>
      </trkpt>
      <trkpt lat="-21.067718" lon="55.415784">
        <ele>865.88921</ele>
        <time>2025-10-09T09:27:06.358Z</time>
      </trkpt>
      <trkpt lat="-21.067492" lon="55.415878">
        <ele>859.223629</ele>
        <time>2025-10-09T09:27:23.585Z</time>
      </trkpt>
      <trkpt lat="-21.067665" lon="55.41591">
        <ele>854.398948</ele>
        <time>2025-10-09T09:27:35.596Z</time>
      </trkpt>
      <trkpt lat="-21.067293" lon="55.416204">
        <ele>840.499817</ele>
        <time>2025-10-09T09:28:08.414Z</time>
      </trkpt>
      <trkpt lat="-21.067387" lon="55.416324">
        <ele>835.442989</ele>
        <time>2025-10-09T09:28:20.194Z</time>
      </trkpt>
      <trkpt lat="-21.067179" lon="55.416279">
        <ele>831.533735</ele>
        <time>2025-10-09T09:28:33.823Z</time>
      </trkpt>
      <trkpt lat="-21.067334" lon="55.416443">
        <ele>828.953497</ele>
        <time>2025-10-09T09:28:49.581Z</time>
      </trkpt>
      <trkpt lat="-21.067041" lon="55.416399">
        <ele>825.741928</ele>
        <time>2025-10-09T09:29:09.329Z</time>
      </trkpt>
      <trkpt lat="-21.066917" lon="55.416587">
        <ele>823.303283</ele>
        <time>2025-10-09T09:29:24.635Z</time>
      </trkpt>
      <trkpt lat="-21.066874" lon="55.416441">
        <ele>821.792105</ele>
        <time>2025-10-09T09:29:34.368Z</time>
      </trkpt>
      <trkpt lat="-21.066647" lon="55.416498">
        <ele>819.291576</ele>
        <time>2025-10-09T09:29:50.707Z</time>
      </trkpt>
      <trkpt lat="-21.066481" lon="55.416843">
        <ele>815.063531</ele>
        <time>2025-10-09T09:30:18.754Z</time>
      </trkpt>
      <trkpt lat="-21.066343" lon="55.416782">
        <ele>813.626141</ele>
        <time>2025-10-09T09:30:29.081Z</time>
      </trkpt>
      <trkpt lat="-21.066284" lon="55.416876">
        <ele>813.279622</ele>
        <time>2025-10-09T09:30:36.412Z</time>
      </trkpt>
      <trkpt lat="-21.066202" lon="55.416936">
        <ele>812.798204</ele>
        <time>2025-10-09T09:30:46.325Z</time>
      </trkpt>
      <trkpt lat="-21.06585" lon="55.417066">
        <ele>811.508942</ele>
        <time>2025-10-09T09:31:12.719Z</time>
      </trkpt>
      <trkpt lat="-21.065666" lon="55.416973">
        <ele>810.830166</ele>
        <time>2025-10-09T09:31:26.967Z</time>
      </trkpt>
      <trkpt lat="-21.065631" lon="55.417175">
        <ele>810.175831</ele>
        <time>2025-10-09T09:31:41.534Z</time>
      </trkpt>
      <trkpt lat="-21.064868" lon="55.417056">
        <ele>808.321543</ele>
        <time>2025-10-09T09:32:49.095Z</time>
      </trkpt>
      <trkpt lat="-21.064784" lon="55.417184">
        <ele>810.122059</ele>
        <time>2025-10-09T09:33:06.705Z</time>
      </trkpt>
      <trkpt lat="-21.064891" lon="55.417284">
        <ele>811.728706</ele>
        <time>2025-10-09T09:33:24.033Z</time>
      </trkpt>
      <trkpt lat="-21.065927" lon="55.417446">
        <ele>823.613489</ele>
        <time>2025-10-09T09:35:59.444Z</time>
      </trkpt>
      <trkpt lat="-21.06632" lon="55.417735">
        <ele>829.328303</ele>
        <time>2025-10-09T09:37:14.630Z</time>
      </trkpt>
      <trkpt lat="-21.066598" lon="55.417531">
        <ele>834.565922</ele>
        <time>2025-10-09T09:38:08.486Z</time>
      </trkpt>
      <trkpt lat="-21.066788" lon="55.417508">
        <ele>837.538265</ele>
        <time>2025-10-09T09:38:38.017Z</time>
      </trkpt>
      <trkpt lat="-21.067026" lon="55.417691">
        <ele>842.263421</ele>
        <time>2025-10-09T09:39:25.218Z</time>
      </trkpt>
      <trkpt lat="-21.067023" lon="55.417829">
        <ele>844.265795</ele>
        <time>2025-10-09T09:39:45.606Z</time>
      </trkpt>
      <trkpt lat="-21.067429" lon="55.417906">
        <ele>850.67516</ele>
        <time>2025-10-09T09:40:50.355Z</time>
      </trkpt>
      <trkpt lat="-21.067562" lon="55.418145">
        <ele>854.971165</ele>
        <time>2025-10-09T09:41:40.320Z</time>
      </trkpt>
      <trkpt lat="-21.067995" lon="55.417966">
        <ele>864.340849</ele>
        <time>2025-10-09T09:43:09.490Z</time>
      </trkpt>
      <trkpt lat="-21.068026" lon="55.418115">
        <ele>867.340577</ele>
        <time>2025-10-09T09:43:35.973Z</time>
      </trkpt>
      <trkpt lat="-21.068182" lon="55.418044">
        <ele>870.909539</ele>
        <time>2025-10-09T09:44:07.852Z</time>
      </trkpt>
      <trkpt lat="-21.068362" lon="55.418124">
        <ele>875.012947</ele>
        <time>2025-10-09T09:44:45.627Z</time>
      </trkpt>
      <trkpt lat="-21.068742" lon="55.417855">
        <ele>884.675695</ele>
        <time>2025-10-09T09:46:21.306Z</time>
      </trkpt>
      <trkpt lat="-21.068798" lon="55.417892">
        <ele>886.061032</ele>
        <time>2025-10-09T09:46:35.741Z</time>
      </trkpt>
      <trkpt lat="-21.06878" lon="55.418054">
        <ele>889.26679</ele>
        <time>2025-10-09T09:47:08.735Z</time>
      </trkpt>
      <trkpt lat="-21.068634" lon="55.418226">
        <ele>893.835684</ele>
        <time>2025-10-09T09:47:57.204Z</time>
      </trkpt>
      <trkpt lat="-21.068771" lon="55.418253">
        <ele>897.777655</ele>
        <time>2025-10-09T09:48:29.978Z</time>
      </trkpt>
      <trkpt lat="-21.06834" lon="55.418669">
        <ele>914.638174</ele>
        <time>2025-10-09T09:50:55.253Z</time>
      </trkpt>
      <trkpt lat="-21.068857" lon="55.418381">
        <ele>931.779103</ele>
        <time>2025-10-09T09:53:33.715Z</time>
      </trkpt>
      <trkpt lat="-21.06898" lon="55.418417">
        <ele>935.436175</ele>
        <time>2025-10-09T09:54:07.829Z</time>
      </trkpt>
      <trkpt lat="-21.068919" lon="55.418491">
        <ele>938.078844</ele>
        <time>2025-10-09T09:54:32.605Z</time>
      </trkpt>
      <trkpt lat="-21.068979" lon="55.418574">
        <ele>940.888886</ele>
        <time>2025-10-09T09:54:59.348Z</time>
      </trkpt>
      <trkpt lat="-21.069127" lon="55.418606">
        <ele>945.219332</ele>
        <time>2025-10-09T09:55:41.255Z</time>
      </trkpt>
      <trkpt lat="-21.069022" lon="55.418687">
        <ele>951.811539</ele>
        <time>2025-10-09T09:56:29.161Z</time>
      </trkpt>
      <trkpt lat="-21.068977" lon="55.418791">
        <ele>957.235197</ele>
        <time>2025-10-09T09:57:10.202Z</time>
      </trkpt>
      <trkpt lat="-21.069068" lon="55.418853">
        <ele>961.611232</ele>
        <time>2025-10-09T09:57:44.952Z</time>
      </trkpt>
      <trkpt lat="-21.068842" lon="55.418944">
        <ele>971.408596</ele>
        <time>2025-10-09T09:59:07.132Z</time>
      </trkpt>
      <trkpt lat="-21.068945" lon="55.41896">
        <ele>975.632138</ele>
        <time>2025-10-09T09:59:44.371Z</time>
      </trkpt>
      <trkpt lat="-21.068628" lon="55.419238">
        <ele>992.559348</ele>
        <time>2025-10-09T10:02:19.489Z</time>
      </trkpt>
      <trkpt lat="-21.068636" lon="55.419318">
        <ele>995.606158</ele>
        <time>2025-10-09T10:02:47.513Z</time>
      </trkpt>
      <trkpt lat="-21.069161" lon="55.419263">
        <ele>1017.329635</ele>
        <time>2025-10-09T10:06:24.714Z</time>
      </trkpt>
      <trkpt lat="-21.069265" lon="55.419522">
        <ele>1029.740939</ele>
        <time>2025-10-09T10:08:22.409Z</time>
      </trkpt>
      <trkpt lat="-21.069441" lon="55.419714">
        <ele>1042.365515</ele>
        <time>2025-10-09T10:10:26.992Z</time>
      </trkpt>
      <trkpt lat="-21.069062" lon="55.41965">
        <ele>1061.855142</ele>
        <time>2025-10-09T10:13:49.002Z</time>
      </trkpt>
      <trkpt lat="-21.069208" lon="55.41994">
        <ele>1077.898106</ele>
        <time>2025-10-09T10:16:24.003Z</time>
      </trkpt>
      <trkpt lat="-21.069282" lon="55.420207">
        <ele>1090.381808</ele>
        <time>2025-10-09T10:18:16.201Z</time>
      </trkpt>
      <trkpt lat="-21.069215" lon="55.420388">
        <ele>1099.109261</ele>
        <time>2025-10-09T10:19:28.800Z</time>
      </trkpt>
      <trkpt lat="-21.069261" lon="55.420421">
        <ele>1101.768074</ele>
        <time>2025-10-09T10:19:49.808Z</time>
      </trkpt>
      <trkpt lat="-21.068965" lon="55.420715">
        <ele>1115.018856</ele>
        <time>2025-10-09T10:22:16.294Z</time>
      </trkpt>
      <trkpt lat="-21.068832" lon="55.420602">
        <ele>1120.075443</ele>
        <time>2025-10-09T10:23:12.160Z</time>
      </trkpt>
      <trkpt lat="-21.068576" lon="55.420648">
        <ele>1127.772375</ele>
        <time>2025-10-09T10:24:28.084Z</time>
      </trkpt>
      <trkpt lat="-21.068797" lon="55.420701">
        <ele>1134.649858</ele>
        <time>2025-10-09T10:25:25.142Z</time>
      </trkpt>
      <trkpt lat="-21.068913" lon="55.420888">
        <ele>1140.625272</ele>
        <time>2025-10-09T10:26:09.465Z</time>
      </trkpt>
      <trkpt lat="-21.068788" lon="55.420797">
        <ele>1145.072326</ele>
        <time>2025-10-09T10:26:39.981Z</time>
      </trkpt>
      <trkpt lat="-21.06864" lon="55.42082">
        <ele>1149.337018</ele>
        <time>2025-10-09T10:27:08.419Z</time>
      </trkpt>
      <trkpt lat="-21.068782" lon="55.420849">
        <ele>1153.64296</ele>
        <time>2025-10-09T10:27:36.743Z</time>
      </trkpt>
      <trkpt lat="-21.068891" lon="55.421008">
        <ele>1157.726935</ele>
        <time>2025-10-09T10:28:11.060Z</time>
      </trkpt>
      <trkpt lat="-21.068673" lon="55.420908">
        <ele>1161.700823</ele>
        <time>2025-10-09T10:28:56.460Z</time>
      </trkpt>
      <trkpt lat="-21.068825" lon="55.421036">
        <ele>1164.85128</ele>
        <time>2025-10-09T10:29:32.608Z</time>
      </trkpt>
      <trkpt lat="-21.068812" lon="55.421089">
        <ele>1165.667156</ele>
        <time>2025-10-09T10:29:41.834Z</time>
      </trkpt>
      <trkpt lat="-21.068743" lon="55.42098">
        <ele>1167.628133</ele>
        <time>2025-10-09T10:30:03.920Z</time>
      </trkpt>
      <trkpt lat="-21.068745" lon="55.421137">
        <ele>1169.965789</ele>
        <time>2025-10-09T10:30:29.542Z</time>
      </trkpt>
      <trkpt lat="-21.068711" lon="55.421026">
        <ele>1171.705127</ele>
        <time>2025-10-09T10:30:47.997Z</time>
      </trkpt>
      <trkpt lat="-21.068652" lon="55.421075">
        <ele>1172.89605</ele>
        <time>2025-10-09T10:31:00.356Z</time>
      </trkpt>
      <trkpt lat="-21.068821" lon="55.421315">
        <ele>1177.910535</ele>
        <time>2025-10-09T10:31:49.988Z</time>
      </trkpt>
      <trkpt lat="-21.068632" lon="55.421211">
        <ele>1181.578775</ele>
        <time>2025-10-09T10:32:24.614Z</time>
      </trkpt>
      <trkpt lat="-21.06853" lon="55.421264">
        <ele>1183.387367</ele>
        <time>2025-10-09T10:32:41.598Z</time>
      </trkpt>
      <trkpt lat="-21.068218" lon="55.421161">
        <ele>1188.249834</ele>
        <time>2025-10-09T10:33:27.520Z</time>
      </trkpt>
      <trkpt lat="-21.068248" lon="55.421232">
        <ele>1189.286155</ele>
        <time>2025-10-09T10:33:36.949Z</time>
      </trkpt>
      <trkpt lat="-21.068187" lon="55.421238">
        <ele>1190.158996</ele>
        <time>2025-10-09T10:33:44.735Z</time>
      </trkpt>
      <trkpt lat="-21.068306" lon="55.421343">
        <ele>1192.355433</ele>
        <time>2025-10-09T10:34:03.693Z</time>
      </trkpt>
      <trkpt lat="-21.068263" lon="55.421371">
        <ele>1193.072383</ele>
        <time>2025-10-09T10:34:09.931Z</time>
      </trkpt>
      <trkpt lat="-21.068406" lon="55.421416">
        <ele>1195.196022</ele>
        <time>2025-10-09T10:34:29.320Z</time>
      </trkpt>
      <trkpt lat="-21.068378" lon="55.421457">
        <ele>1195.871575</ele>
        <time>2025-10-09T10:34:35.884Z</time>
      </trkpt>
      <trkpt lat="-21.067869" lon="55.421335">
        <ele>1203.606111</ele>
        <time>2025-10-09T10:35:56.636Z</time>
      </trkpt>
      <trkpt lat="-21.067968" lon="55.421375">
        <ele>1205.29343</ele>
        <time>2025-10-09T10:36:15.943Z</time>
      </trkpt>
      <trkpt lat="-21.067896" lon="55.42144">
        <ele>1207.280741</ele>
        <time>2025-10-09T10:36:40.151Z</time>
      </trkpt>
      <trkpt lat="-21.06803" lon="55.421457">
        <ele>1209.310059</ele>
        <time>2025-10-09T10:37:06.800Z</time>
      </trkpt>
      <trkpt lat="-21.067919" lon="55.421529">
        <ele>1211.685798</ele>
        <time>2025-10-09T10:37:33.839Z</time>
      </trkpt>
      <trkpt lat="-21.068046" lon="55.421523">
        <ele>1214.829691</ele>
        <time>2025-10-09T10:38:01.529Z</time>
      </trkpt>
      <trkpt lat="-21.068012" lon="55.421612">
        <ele>1217.444665</ele>
        <time>2025-10-09T10:38:25.362Z</time>
      </trkpt>
      <trkpt lat="-21.068151" lon="55.421625">
        <ele>1220.895346</ele>
        <time>2025-10-09T10:38:56.982Z</time>
      </trkpt>
      <trkpt lat="-21.068411" lon="55.421733">
        <ele>1228.415444</ele>
        <time>2025-10-09T10:40:08.774Z</time>
      </trkpt>
      <trkpt lat="-21.068199" lon="55.421785">
        <ele>1234.462377</ele>
        <time>2025-10-09T10:41:09.417Z</time>
      </trkpt>
      <trkpt lat="-21.068346" lon="55.421823">
        <ele>1238.359928</ele>
        <time>2025-10-09T10:41:49.287Z</time>
      </trkpt>
      <trkpt lat="-21.068195" lon="55.422039">
        <ele>1245.014457</ele>
        <time>2025-10-09T10:42:56.680Z</time>
      </trkpt>
      <trkpt lat="-21.068355" lon="55.421971">
        <ele>1249.271248</ele>
        <time>2025-10-09T10:43:39.401Z</time>
      </trkpt>
      <trkpt lat="-21.068609" lon="55.422066">
        <ele>1255.882821</ele>
        <time>2025-10-09T10:44:45.350Z</time>
      </trkpt>
      <trkpt lat="-21.068288" lon="55.422121">
        <ele>1263.384532</ele>
        <time>2025-10-09T10:46:07.390Z</time>
      </trkpt>
      <trkpt lat="-21.068466" lon="55.422169">
        <ele>1267.458266</ele>
        <time>2025-10-09T10:46:50.241Z</time>
      </trkpt>
      <trkpt lat="-21.068333" lon="55.422187">
        <ele>1270.272928</ele>
        <time>2025-10-09T10:47:18.478Z</time>
      </trkpt>
      <trkpt lat="-21.068518" lon="55.422232">
        <ele>1274.256011</ele>
        <time>2025-10-09T10:47:57.081Z</time>
      </trkpt>
      <trkpt lat="-21.068395" lon="55.42225">
        <ele>1276.8625</ele>
        <time>2025-10-09T10:48:21.241Z</time>
      </trkpt>
      <trkpt lat="-21.068642" lon="55.422483">
        <ele>1283.988866</ele>
        <time>2025-10-09T10:49:24.968Z</time>
      </trkpt>
      <trkpt lat="-21.068321" lon="55.422381">
        <ele>1291.445438</ele>
        <time>2025-10-09T10:50:29.767Z</time>
      </trkpt>
      <trkpt lat="-21.068431" lon="55.422515">
        <ele>1294.919528</ele>
        <time>2025-10-09T10:50:58.894Z</time>
      </trkpt>
      <trkpt lat="-21.068301" lon="55.422492">
        <ele>1297.55421</ele>
        <time>2025-10-09T10:51:20.823Z</time>
      </trkpt>
      <trkpt lat="-21.068391" lon="55.422618">
        <ele>1300.657102</ele>
        <time>2025-10-09T10:51:46.193Z</time>
      </trkpt>
      <trkpt lat="-21.068282" lon="55.422556">
        <ele>1303.124676</ele>
        <time>2025-10-09T10:52:06.006Z</time>
      </trkpt>
      <trkpt lat="-21.068339" lon="55.422629">
        <ele>1304.90077</ele>
        <time>2025-10-09T10:52:20.178Z</time>
      </trkpt>
      <trkpt lat="-21.068279" lon="55.422628">
        <ele>1307.026128</ele>
        <time>2025-10-09T10:52:36.426Z</time>
      </trkpt>
      <trkpt lat="-21.068291" lon="55.422714">
        <ele>1308.648679</ele>
        <time>2025-10-09T10:52:49.602Z</time>
      </trkpt>
      <trkpt lat="-21.068402" lon="55.422826">
        <ele>1311.697279</ele>
        <time>2025-10-09T10:53:15.258Z</time>
      </trkpt>
      <trkpt lat="-21.06822" lon="55.422765">
        <ele>1315.706569</ele>
        <time>2025-10-09T10:53:52.899Z</time>
      </trkpt>
      <trkpt lat="-21.068375" lon="55.422899">
        <ele>1319.688787</ele>
        <time>2025-10-09T10:54:36.183Z</time>
      </trkpt>
      <trkpt lat="-21.068097" lon="55.422786">
        <ele>1326.135265</ele>
        <time>2025-10-09T10:55:53.004Z</time>
      </trkpt>
      <trkpt lat="-21.068263" lon="55.423">
        <ele>1331.795147</ele>
        <time>2025-10-09T10:56:56.897Z</time>
      </trkpt>
      <trkpt lat="-21.068382" lon="55.42337">
        <ele>1340.364774</ele>
        <time>2025-10-09T10:58:31.424Z</time>
      </trkpt>
      <trkpt lat="-21.068687" lon="55.423834">
        <ele>1352.975236</ele>
        <time>2025-10-09T11:00:43.402Z</time>
      </trkpt>
      <trkpt lat="-21.068816" lon="55.423954">
        <ele>1356.916343</ele>
        <time>2025-10-09T11:01:24.181Z</time>
      </trkpt>
      <trkpt lat="-21.068862" lon="55.423661">
        <ele>1363.676998</ele>
        <time>2025-10-09T11:02:26.523Z</time>
      </trkpt>
      <trkpt lat="-21.069128" lon="55.423768">
        <ele>1370.319817</ele>
        <time>2025-10-09T11:03:15.814Z</time>
      </trkpt>
      <trkpt lat="-21.069445" lon="55.423527">
        <ele>1374.772172</ele>
        <time>2025-10-09T11:04:13.987Z</time>
      </trkpt>
      <trkpt lat="-21.069313" lon="55.423276">
        <ele>1378.064319</ele>
        <time>2025-10-09T11:04:54.007Z</time>
      </trkpt>
      <trkpt lat="-21.069677" lon="55.423423">
        <ele>1382.608232</ele>
        <time>2025-10-09T11:05:43.992Z</time>
      </trkpt>
      <trkpt lat="-21.069988" lon="55.423244">
        <ele>1386.550825</ele>
        <time>2025-10-09T11:06:29.591Z</time>
      </trkpt>
      <trkpt lat="-21.070224" lon="55.42322">
        <ele>1389.216606</ele>
        <time>2025-10-09T11:07:00.372Z</time>
      </trkpt>
      <trkpt lat="-21.070257" lon="55.42312">
        <ele>1390.311293</ele>
        <time>2025-10-09T11:07:12.749Z</time>
      </trkpt>
      <trkpt lat="-21.070787" lon="55.422815">
        <ele>1394.618045</ele>
        <time>2025-10-09T11:08:29.634Z</time>
      </trkpt>
      <trkpt lat="-21.071012" lon="55.422817">
        <ele>1396.226372</ele>
        <time>2025-10-09T11:08:55.572Z</time>
      </trkpt>
      <trkpt lat="-21.071195" lon="55.422896">
        <ele>1397.871543</ele>
        <time>2025-10-09T11:09:20.504Z</time>
      </trkpt>
      <trkpt lat="-21.071474" lon="55.422666">
        <ele>1400.38444</ele>
        <time>2025-10-09T11:09:57.960Z</time>
      </trkpt>
      <trkpt lat="-21.071835" lon="55.422657">
        <ele>1402.863234</ele>
        <time>2025-10-09T11:10:34.593Z</time>
      </trkpt>
      <trkpt lat="-21.0721" lon="55.422843">
        <ele>1403.986976</ele>
        <time>2025-10-09T11:11:06.533Z</time>
      </trkpt>
      <trkpt lat="-21.07219" lon="55.422701">
        <ele>1404.640966</ele>
        <time>2025-10-09T11:11:24.951Z</time>
      </trkpt>
      <trkpt lat="-21.072636" lon="55.422768">
        <ele>1406.270086</ele>
        <time>2025-10-09T11:12:09.882Z</time>
      </trkpt>
      <trkpt lat="-21.073024" lon="55.422937">
        <ele>1407.805783</ele>
        <time>2025-10-09T11:12:50.717Z</time>
      </trkpt>
      <trkpt lat="-21.073794" lon="55.423305">
        <ele>1409.668587</ele>
        <time>2025-10-09T11:13:40.891Z</time>
      </trkpt>
      <trkpt lat="-21.074229" lon="55.423147">
        <ele>1410.174676</ele>
        <time>2025-10-09T11:14:07.776Z</time>
      </trkpt>
      <trkpt lat="-21.074503" lon="55.422796">
        <ele>1410.648295</ele>
        <time>2025-10-09T11:14:32.946Z</time>
      </trkpt>
      <trkpt lat="-21.074866" lon="55.422956">
        <ele>1411.075093</ele>
        <time>2025-10-09T11:14:56.101Z</time>
      </trkpt>
      <trkpt lat="-21.075911" lon="55.42291">
        <ele>1416.060792</ele>
        <time>2025-10-09T11:16:07.715Z</time>
      </trkpt>
      <trkpt lat="-21.076193" lon="55.423204">
        <ele>1418.010691</ele>
        <time>2025-10-09T11:16:32.974Z</time>
      </trkpt>
      <trkpt lat="-21.076815" lon="55.423079">
        <ele>1421.90269</ele>
        <time>2025-10-09T11:17:15.898Z</time>
      </trkpt>
      <trkpt lat="-21.077238" lon="55.423261">
        <ele>1425.453495</ele>
        <time>2025-10-09T11:17:53.912Z</time>
      </trkpt>
      <trkpt lat="-21.077473" lon="55.42327">
        <ele>1427.285309</ele>
        <time>2025-10-09T11:18:14.341Z</time>
      </trkpt>
      <trkpt lat="-21.077534" lon="55.42349">
        <ele>1428.953551</ele>
        <time>2025-10-09T11:18:33.583Z</time>
      </trkpt>
      <trkpt lat="-21.078318" lon="55.423898">
        <ele>1433.568172</ele>
        <time>2025-10-09T11:19:34.096Z</time>
      </trkpt>
      <trkpt lat="-21.078455" lon="55.424318">
        <ele>1433.007312</ele>
        <time>2025-10-09T11:19:56.019Z</time>
      </trkpt>
      <trkpt lat="-21.078885" lon="55.424112">
        <ele>1432.355981</ele>
        <time>2025-10-09T11:20:18.550Z</time>
      </trkpt>
      <trkpt lat="-21.079197" lon="55.424404">
        <ele>1431.802464</ele>
        <time>2025-10-09T11:20:39.407Z</time>
      </trkpt>
      <trkpt lat="-21.079261" lon="55.424655">
        <ele>1431.404877</ele>
        <time>2025-10-09T11:20:50.992Z</time>
      </trkpt>
      <trkpt lat="-21.079431" lon="55.424746">
        <ele>1430.224821</ele>
        <time>2025-10-09T11:20:59.840Z</time>
      </trkpt>
      <trkpt lat="-21.079393" lon="55.425271">
        <ele>1427.110616</ele>
        <time>2025-10-09T11:21:23.711Z</time>
      </trkpt>
      <trkpt lat="-21.079868" lon="55.425909">
        <ele>1422.366437</ele>
        <time>2025-10-09T11:22:02.443Z</time>
      </trkpt>
      <trkpt lat="-21.080019" lon="55.425986">
        <ele>1421.342606</ele>
        <time>2025-10-09T11:22:11.209Z</time>
      </trkpt>
      <trkpt lat="-21.079876" lon="55.426417">
        <ele>1419.7846</ele>
        <time>2025-10-09T11:22:35.744Z</time>
      </trkpt>
      <trkpt lat="-21.08003" lon="55.426293">
        <ele>1419.273418</ele>
        <time>2025-10-09T11:22:48.460Z</time>
      </trkpt>
      <trkpt lat="-21.080045" lon="55.426537">
        <ele>1418.741259</ele>
        <time>2025-10-09T11:23:01.680Z</time>
      </trkpt>
      <trkpt lat="-21.080095" lon="55.426631">
        <ele>1418.516645</ele>
        <time>2025-10-09T11:23:07.250Z</time>
      </trkpt>
      <trkpt lat="-21.080255" lon="55.426681">
        <ele>1418.145856</ele>
        <time>2025-10-09T11:23:16.275Z</time>
      </trkpt>
      <trkpt lat="-21.080309" lon="55.426867">
        <ele>1417.731573</ele>
        <time>2025-10-09T11:23:26.242Z</time>
      </trkpt>
      <trkpt lat="-21.080537" lon="55.426687">
        <ele>1417.101553</ele>
        <time>2025-10-09T11:23:41.325Z</time>
      </trkpt>
      <trkpt lat="-21.081294" lon="55.426605">
        <ele>1418.627052</ele>
        <time>2025-10-09T11:24:22.049Z</time>
      </trkpt>
      <trkpt lat="-21.081572" lon="55.426551">
        <ele>1419.947903</ele>
        <time>2025-10-09T11:24:40.162Z</time>
      </trkpt>
      <trkpt lat="-21.081795" lon="55.427025">
        <ele>1422.235661</ele>
        <time>2025-10-09T11:25:19.047Z</time>
      </trkpt>
      <trkpt lat="-21.082037" lon="55.427266">
        <ele>1423.704142</ele>
        <time>2025-10-09T11:25:49.144Z</time>
      </trkpt>
      <trkpt lat="-21.082085" lon="55.427473">
        <ele>1424.776735</ele>
        <time>2025-10-09T11:26:08.714Z</time>
      </trkpt>
      <trkpt lat="-21.082532" lon="55.427657">
        <ele>1430.593493</ele>
        <time>2025-10-09T11:26:56.984Z</time>
      </trkpt>
      <trkpt lat="-21.082732" lon="55.427612">
        <ele>1433.160523</ele>
        <time>2025-10-09T11:27:17.978Z</time>
      </trkpt>
      <trkpt lat="-21.08287" lon="55.427313">
        <ele>1436.858214</ele>
        <time>2025-10-09T11:27:48.595Z</time>
      </trkpt>
      <trkpt lat="-21.082751" lon="55.427172">
        <ele>1439.003299</ele>
        <time>2025-10-09T11:28:06.454Z</time>
      </trkpt>
      <trkpt lat="-21.08291" lon="55.426983">
        <ele>1441.824165</ele>
        <time>2025-10-09T11:28:29.666Z</time>
      </trkpt>
      <trkpt lat="-21.083178" lon="55.426925">
        <ele>1445.147751</ele>
        <time>2025-10-09T11:28:57.579Z</time>
      </trkpt>
      <trkpt lat="-21.083333" lon="55.427055">
        <ele>1447.588962</ele>
        <time>2025-10-09T11:29:18.189Z</time>
      </trkpt>
      <trkpt lat="-21.08345" lon="55.426838">
        <ele>1450.58381</ele>
        <time>2025-10-09T11:29:44.714Z</time>
      </trkpt>
      <trkpt lat="-21.083491" lon="55.42706">
        <ele>1453.290355</ele>
        <time>2025-10-09T11:30:09.982Z</time>
      </trkpt>
      <trkpt lat="-21.083536" lon="55.426971">
        <ele>1454.482832</ele>
        <time>2025-10-09T11:30:21.698Z</time>
      </trkpt>
      <trkpt lat="-21.08366" lon="55.427112">
        <ele>1456.856109</ele>
        <time>2025-10-09T11:30:45.463Z</time>
      </trkpt>
      <trkpt lat="-21.083796" lon="55.42696">
        <ele>1459.451646</ele>
        <time>2025-10-09T11:31:12.476Z</time>
      </trkpt>
      <trkpt lat="-21.08384" lon="55.427044">
        <ele>1460.586447</ele>
        <time>2025-10-09T11:31:24.029Z</time>
      </trkpt>
      <trkpt lat="-21.084062" lon="55.426924">
        <ele>1463.725582</ele>
        <time>2025-10-09T11:31:52.928Z</time>
      </trkpt>
      <trkpt lat="-21.084105" lon="55.427059">
        <ele>1465.406011</ele>
        <time>2025-10-09T11:32:06.003Z</time>
      </trkpt>
      <trkpt lat="-21.084205" lon="55.426942">
        <ele>1467.275139</ele>
        <time>2025-10-09T11:32:17.997Z</time>
      </trkpt>
      <trkpt lat="-21.084252" lon="55.427019">
        <ele>1468.45038</ele>
        <time>2025-10-09T11:32:24.394Z</time>
      </trkpt>
      <trkpt lat="-21.084183" lon="55.427127">
        <ele>1467.277998</ele>
        <time>2025-10-09T11:32:32.144Z</time>
      </trkpt>
      <trkpt lat="-21.08429" lon="55.427229">
        <ele>1465.637571</ele>
        <time>2025-10-09T11:32:40.523Z</time>
      </trkpt>
      <trkpt lat="-21.084672" lon="55.427368">
        <ele>1461.238173</ele>
        <time>2025-10-09T11:32:59.718Z</time>
      </trkpt>
      <trkpt lat="-21.084654" lon="55.427222">
        <ele>1459.769802</ele>
        <time>2025-10-09T11:33:05.810Z</time>
      </trkpt>
      <trkpt lat="-21.084727" lon="55.427258">
        <ele>1458.911097</ele>
        <time>2025-10-09T11:33:09.346Z</time>
      </trkpt>
      <trkpt lat="-21.084758" lon="55.427141">
        <ele>1457.698406</ele>
        <time>2025-10-09T11:33:14.347Z</time>
      </trkpt>
      <trkpt lat="-21.08492" lon="55.427088">
        <ele>1455.825992</ele>
        <time>2025-10-09T11:33:22.097Z</time>
      </trkpt>
      <trkpt lat="-21.084998" lon="55.426941">
        <ele>1454.139877</ele>
        <time>2025-10-09T11:33:29.043Z</time>
      </trkpt>
      <trkpt lat="-21.085192" lon="55.426861">
        <ele>1451.918614</ele>
        <time>2025-10-09T11:33:38.212Z</time>
      </trkpt>
      <trkpt lat="-21.085358" lon="55.426888">
        <ele>1450.124409</ele>
        <time>2025-10-09T11:33:45.611Z</time>
      </trkpt>
      <trkpt lat="-21.086054" lon="55.427615">
        <ele>1451.088469</ele>
        <time>2025-10-09T11:34:36.264Z</time>
      </trkpt>
      <trkpt lat="-21.086079" lon="55.427848">
        <ele>1451.510012</ele>
        <time>2025-10-09T11:34:53.846Z</time>
      </trkpt>
      <trkpt lat="-21.086322" lon="55.428256">
        <ele>1452.391121</ele>
        <time>2025-10-09T11:35:40.701Z</time>
      </trkpt>
      <trkpt lat="-21.086507" lon="55.428348">
        <ele>1452.783986</ele>
        <time>2025-10-09T11:36:02.333Z</time>
      </trkpt>
      <trkpt lat="-21.086935" lon="55.428795">
        <ele>1460.446532</ele>
        <time>2025-10-09T11:37:04.690Z</time>
      </trkpt>
      <trkpt lat="-21.087568" lon="55.429939">
        <ele>1476.219683</ele>
        <time>2025-10-09T11:39:16.311Z</time>
      </trkpt>
      <trkpt lat="-21.087725" lon="55.430067">
        <ele>1477.345587</ele>
        <time>2025-10-09T11:39:38.121Z</time>
      </trkpt>
      <trkpt lat="-21.087896" lon="55.430565">
        <ele>1479.958323</ele>
        <time>2025-10-09T11:40:26.152Z</time>
      </trkpt>
      <trkpt lat="-21.087677" lon="55.431062">
        <ele>1482.643844</ele>
        <time>2025-10-09T11:41:04.401Z</time>
      </trkpt>
      <trkpt lat="-21.087772" lon="55.43101">
        <ele>1483.200679</ele>
        <time>2025-10-09T11:41:10.836Z</time>
      </trkpt>
      <trkpt lat="-21.087698" lon="55.431188">
        <ele>1484.149788</ele>
        <time>2025-10-09T11:41:20.768Z</time>
      </trkpt>
      <trkpt lat="-21.08784" lon="55.431177">
        <ele>1484.955685</ele>
        <time>2025-10-09T11:41:28.787Z</time>
      </trkpt>
      <trkpt lat="-21.087778" lon="55.43125">
        <ele>1484.753886</ele>
        <time>2025-10-09T11:41:33.428Z</time>
      </trkpt>
      <trkpt lat="-21.087852" lon="55.431516">
        <ele>1480.890534</ele>
        <time>2025-10-09T11:41:46.018Z</time>
      </trkpt>
      <trkpt lat="-21.088003" lon="55.431564">
        <ele>1478.585435</ele>
        <time>2025-10-09T11:41:53.205Z</time>
      </trkpt>
      <trkpt lat="-21.088" lon="55.431355">
        <ele>1475.729222</ele>
        <time>2025-10-09T11:42:02.081Z</time>
      </trkpt>
      <trkpt lat="-21.088325" lon="55.431287">
        <ele>1470.967783</ele>
        <time>2025-10-09T11:42:16.740Z</time>
      </trkpt>
      <trkpt lat="-21.088611" lon="55.431483">
        <ele>1466.004745</ele>
        <time>2025-10-09T11:42:31.956Z</time>
      </trkpt>
      <trkpt lat="-21.088798" lon="55.431791">
        <ele>1461.051823</ele>
        <time>2025-10-09T11:42:47.109Z</time>
      </trkpt>
      <trkpt lat="-21.088929" lon="55.431875">
        <ele>1459.293831</ele>
        <time>2025-10-09T11:42:53.843Z</time>
      </trkpt>
      <trkpt lat="-21.089126" lon="55.431893">
        <ele>1458.766726</ele>
        <time>2025-10-09T11:43:02.741Z</time>
      </trkpt>
      <trkpt lat="-21.089303" lon="55.431781">
        <ele>1458.220684</ele>
        <time>2025-10-09T11:43:11.984Z</time>
      </trkpt>
      <trkpt lat="-21.089379" lon="55.432185">
        <ele>1457.195068</ele>
        <time>2025-10-09T11:43:30.352Z</time>
      </trkpt>
      <trkpt lat="-21.089668" lon="55.43266">
        <ele>1455.794415</ele>
        <time>2025-10-09T11:44:04.380Z</time>
      </trkpt>
      <trkpt lat="-21.089817" lon="55.43294">
        <ele>1454.898198</ele>
        <time>2025-10-09T11:44:36.653Z</time>
      </trkpt>
      <trkpt lat="-21.089956" lon="55.433259">
        <ele>1456.380569</ele>
        <time>2025-10-09T11:45:10.579Z</time>
      </trkpt>
      <trkpt lat="-21.08977" lon="55.433694">
        <ele>1459.618092</ele>
        <time>2025-10-09T11:45:55.436Z</time>
      </trkpt>
      <trkpt lat="-21.09004" lon="55.433865">
        <ele>1461.890784</ele>
        <time>2025-10-09T11:46:23.656Z</time>
      </trkpt>
      <trkpt lat="-21.090314" lon="55.434266">
        <ele>1465.228979</ele>
        <time>2025-10-09T11:46:59.507Z</time>
      </trkpt>
      <trkpt lat="-21.090591" lon="55.434215">
        <ele>1467.310713</ele>
        <time>2025-10-09T11:47:17.138Z</time>
      </trkpt>
      <trkpt lat="-21.090618" lon="55.434404">
        <ele>1466.727444</ele>
        <time>2025-10-09T11:47:27.319Z</time>
      </trkpt>
      <trkpt lat="-21.090717" lon="55.434443">
        <ele>1466.070667</ele>
        <time>2025-10-09T11:47:32.915Z</time>
      </trkpt>
      <trkpt lat="-21.090722" lon="55.434714">
        <ele>1464.495927</ele>
        <time>2025-10-09T11:47:45.740Z</time>
      </trkpt>
      <trkpt lat="-21.090492" lon="55.435366">
        <ele>1460.441428</ele>
        <time>2025-10-09T11:48:17.057Z</time>
      </trkpt>
      <trkpt lat="-21.090386" lon="55.435376">
        <ele>1459.644888</ele>
        <time>2025-10-09T11:48:23.063Z</time>
      </trkpt>
      <trkpt lat="-21.090798" lon="55.4359">
        <ele>1455.510266</ele>
        <time>2025-10-09T11:48:53.105Z</time>
      </trkpt>
      <trkpt lat="-21.09083" lon="55.436135">
        <ele>1453.883324</ele>
        <time>2025-10-09T11:49:03.132Z</time>
      </trkpt>
      <trkpt lat="-21.090739" lon="55.436456">
        <ele>1451.444722</ele>
        <time>2025-10-09T11:49:18.032Z</time>
      </trkpt>
      <trkpt lat="-21.091084" lon="55.436637">
        <ele>1448.48378</ele>
        <time>2025-10-09T11:49:36.637Z</time>
      </trkpt>
      <trkpt lat="-21.091523" lon="55.436611">
        <ele>1445.25553</ele>
        <time>2025-10-09T11:49:57.940Z</time>
      </trkpt>
      <trkpt lat="-21.091766" lon="55.436503">
        <ele>1443.309112</ele>
        <time>2025-10-09T11:50:12.145Z</time>
      </trkpt>
      <trkpt lat="-21.091805" lon="55.436732">
        <ele>1445.118941</ele>
        <time>2025-10-09T11:50:25.179Z</time>
      </trkpt>
      <trkpt lat="-21.091892" lon="55.43682">
        <ele>1446.204242</ele>
        <time>2025-10-09T11:50:32.606Z</time>
      </trkpt>
      <trkpt lat="-21.09194" lon="55.436791">
        <ele>1446.777377</ele>
        <time>2025-10-09T11:50:36.628Z</time>
      </trkpt>
      <trkpt lat="-21.091889" lon="55.436684">
        <ele>1447.844008</ele>
        <time>2025-10-09T11:50:44.723Z</time>
      </trkpt>
      <trkpt lat="-21.091997" lon="55.436557">
        <ele>1449.298564</ele>
        <time>2025-10-09T11:50:56.862Z</time>
      </trkpt>
      <trkpt lat="-21.092206" lon="55.436711">
        <ele>1451.645897</ele>
        <time>2025-10-09T11:51:20.298Z</time>
      </trkpt>
      <trkpt lat="-21.092303" lon="55.436626">
        <ele>1452.857052</ele>
        <time>2025-10-09T11:51:33.948Z</time>
      </trkpt>
      <trkpt lat="-21.092298" lon="55.436764">
        <ele>1454.026058</ele>
        <time>2025-10-09T11:51:48.036Z</time>
      </trkpt>
      <trkpt lat="-21.092691" lon="55.437363">
        <ele>1461.006418</ele>
        <time>2025-10-09T11:53:07.362Z</time>
      </trkpt>
      <trkpt lat="-21.092972" lon="55.437313">
        <ele>1465.953123</ele>
        <time>2025-10-09T11:53:41.412Z</time>
      </trkpt>
      <trkpt lat="-21.093139" lon="55.437431">
        <ele>1469.411296</ele>
        <time>2025-10-09T11:54:04.462Z</time>
      </trkpt>
      <trkpt lat="-21.093198" lon="55.437629">
        <ele>1472.827917</ele>
        <time>2025-10-09T11:54:27.619Z</time>
      </trkpt>
      <trkpt lat="-21.092871" lon="55.437971">
        <ele>1480.676508</ele>
        <time>2025-10-09T11:55:19.004Z</time>
      </trkpt>
      <trkpt lat="-21.092867" lon="55.43855">
        <ele>1490.081319</ele>
        <time>2025-10-09T11:56:27.031Z</time>
      </trkpt>
      <trkpt lat="-21.092606" lon="55.438773">
        <ele>1496.819785</ele>
        <time>2025-10-09T11:57:15.339Z</time>
      </trkpt>
      <trkpt lat="-21.09261" lon="55.438929">
        <ele>1499.78648</ele>
        <time>2025-10-09T11:57:38.312Z</time>
      </trkpt>
      <trkpt lat="-21.093084" lon="55.438784">
        <ele>1509.992565</ele>
        <time>2025-10-09T11:58:59.144Z</time>
      </trkpt>
      <trkpt lat="-21.093575" lon="55.438429">
        <ele>1522.122701</ele>
        <time>2025-10-09T12:00:27.961Z</time>
      </trkpt>
      <trkpt lat="-21.093941" lon="55.438545">
        <ele>1527.506876</ele>
        <time>2025-10-09T12:01:11.704Z</time>
      </trkpt>
      <trkpt lat="-21.094735" lon="55.438087">
        <ele>1530.317047</ele>
        <time>2025-10-09T12:02:17.277Z</time>
      </trkpt>
      <trkpt lat="-21.095206" lon="55.437991">
        <ele>1531.803765</ele>
        <time>2025-10-09T12:02:42.261Z</time>
      </trkpt>
      <trkpt lat="-21.095869" lon="55.437991">
        <ele>1532.37043</ele>
        <time>2025-10-09T12:03:15.833Z</time>
      </trkpt>
      <trkpt lat="-21.09681" lon="55.437714">
        <ele>1531.688183</ele>
        <time>2025-10-09T12:04:10.065Z</time>
      </trkpt>
      <trkpt lat="-21.097238" lon="55.43751">
        <ele>1531.84275</ele>
        <time>2025-10-09T12:04:40.684Z</time>
      </trkpt>
      <trkpt lat="-21.098004" lon="55.437455">
        <ele>1538.436931</ele>
        <time>2025-10-09T12:05:42.380Z</time>
      </trkpt>
      <trkpt lat="-21.098501" lon="55.437212">
        <ele>1543.060146</ele>
        <time>2025-10-09T12:06:31.595Z</time>
      </trkpt>
      <trkpt lat="-21.098703" lon="55.436999">
        <ele>1545.471731</ele>
        <time>2025-10-09T12:06:59.101Z</time>
      </trkpt>
      <trkpt lat="-21.098714" lon="55.436849">
        <ele>1546.722834</ele>
        <time>2025-10-09T12:07:13.208Z</time>
      </trkpt>
      <trkpt lat="-21.098901" lon="55.436559">
        <ele>1550.437201</ele>
        <time>2025-10-09T12:07:46.763Z</time>
      </trkpt>
      <trkpt lat="-21.099173" lon="55.436468">
        <ele>1553.67734</ele>
        <time>2025-10-09T12:08:15.759Z</time>
      </trkpt>
      <trkpt lat="-21.099445" lon="55.43616">
        <ele>1557.955394</ele>
        <time>2025-10-09T12:08:53.589Z</time>
      </trkpt>
      <trkpt lat="-21.099753" lon="55.435953">
        <ele>1561.886035</ele>
        <time>2025-10-09T12:09:28.658Z</time>
      </trkpt>
      <trkpt lat="-21.100125" lon="55.435844">
        <ele>1566.181849</ele>
        <time>2025-10-09T12:10:06.222Z</time>
      </trkpt>
      <trkpt lat="-21.100824" lon="55.436046">
        <ele>1572.711872</ele>
        <time>2025-10-09T12:11:11.945Z</time>
      </trkpt>
      <trkpt lat="-21.100896" lon="55.43596">
        <ele>1573.658455</ele>
        <time>2025-10-09T12:11:20.993Z</time>
      </trkpt>
      <trkpt lat="-21.101765" lon="55.436003">
        <ele>1581.406529</ele>
        <time>2025-10-09T12:12:30.521Z</time>
      </trkpt>
      <trkpt lat="-21.102141" lon="55.435952">
        <ele>1585.607052</ele>
        <time>2025-10-09T12:13:02.012Z</time>
      </trkpt>
      <trkpt lat="-21.102322" lon="55.435687">
        <ele>1589.266376</ele>
        <time>2025-10-09T12:13:31.075Z</time>
      </trkpt>
      <trkpt lat="-21.102517" lon="55.435663">
        <ele>1591.527949</ele>
        <time>2025-10-09T12:13:50.288Z</time>
      </trkpt>
      <trkpt lat="-21.10273" lon="55.435432">
        <ele>1595.042398</ele>
        <time>2025-10-09T12:14:21.629Z</time>
      </trkpt>
      <trkpt lat="-21.103128" lon="55.435292">
        <ele>1599.878298</ele>
        <time>2025-10-09T12:15:05.542Z</time>
      </trkpt>
      <trkpt lat="-21.103316" lon="55.435095">
        <ele>1602.913124</ele>
        <time>2025-10-09T12:15:33.718Z</time>
      </trkpt>
      <trkpt lat="-21.103536" lon="55.433861">
        <ele>1617.01174</ele>
        <time>2025-10-09T12:17:35.367Z</time>
      </trkpt>
      <trkpt lat="-21.103702" lon="55.433611">
        <ele>1620.448561</ele>
        <time>2025-10-09T12:18:00.162Z</time>
      </trkpt>
      <trkpt lat="-21.104448" lon="55.433135">
        <ele>1633.210389</ele>
        <time>2025-10-09T12:19:23.063Z</time>
      </trkpt>
      <trkpt lat="-21.104631" lon="55.432896">
        <ele>1637.901447</ele>
        <time>2025-10-09T12:19:53.806Z</time>
      </trkpt>
      <trkpt lat="-21.105103" lon="55.432826">
        <ele>1645.706926</ele>
        <time>2025-10-09T12:20:41.994Z</time>
      </trkpt>
      <trkpt lat="-21.105331" lon="55.432662">
        <ele>1650.132738</ele>
        <time>2025-10-09T12:21:13.153Z</time>
      </trkpt>
      <trkpt lat="-21.106183" lon="55.432469">
        <ele>1673.024238</ele>
        <time>2025-10-09T12:23:34.808Z</time>
      </trkpt>
      <trkpt lat="-21.106757" lon="55.432481">
        <ele>1690.254954</ele>
        <time>2025-10-09T12:25:27.822Z</time>
      </trkpt>
      <trkpt lat="-21.107133" lon="55.432274">
        <ele>1702.282765</ele>
        <time>2025-10-09T12:26:51.931Z</time>
      </trkpt>
      <trkpt lat="-21.10722" lon="55.432328">
        <ele>1705.910819</ele>
        <time>2025-10-09T12:27:17.381Z</time>
      </trkpt>
      <trkpt lat="-21.107296" lon="55.432269">
        <ele>1708.540395</ele>
        <time>2025-10-09T12:27:36.236Z</time>
      </trkpt>
      <trkpt lat="-21.107324" lon="55.432347">
        <ele>1710.725254</ele>
        <time>2025-10-09T12:27:51.940Z</time>
      </trkpt>
      <trkpt lat="-21.107392" lon="55.432388">
        <ele>1714.052649</ele>
        <time>2025-10-09T12:28:15.612Z</time>
      </trkpt>
      <trkpt lat="-21.107518" lon="55.43231">
        <ele>1718.129996</ele>
        <time>2025-10-09T12:28:44.462Z</time>
      </trkpt>
      <trkpt lat="-21.107651" lon="55.432425">
        <ele>1723.576958</ele>
        <time>2025-10-09T12:29:22.753Z</time>
      </trkpt>
      <trkpt lat="-21.107717" lon="55.432373">
        <ele>1725.872295</ele>
        <time>2025-10-09T12:29:38.317Z</time>
      </trkpt>
      <trkpt lat="-21.107799" lon="55.432558">
        <ele>1731.519692</ele>
        <time>2025-10-09T12:30:15.252Z</time>
      </trkpt>
      <trkpt lat="-21.107942" lon="55.432405">
        <ele>1737.593795</ele>
        <time>2025-10-09T12:30:52.735Z</time>
      </trkpt>
      <trkpt lat="-21.107918" lon="55.432575">
        <ele>1742.088587</ele>
        <time>2025-10-09T12:31:19.391Z</time>
      </trkpt>
      <trkpt lat="-21.10812" lon="55.432458">
        <ele>1748.602562</ele>
        <time>2025-10-09T12:31:56.115Z</time>
      </trkpt>
      <trkpt lat="-21.108122" lon="55.432606">
        <ele>1752.789365</ele>
        <time>2025-10-09T12:32:18.747Z</time>
      </trkpt>
      <trkpt lat="-21.108231" lon="55.432577">
        <ele>1755.860412</ele>
        <time>2025-10-09T12:32:35.431Z</time>
      </trkpt>
      <trkpt lat="-21.108332" lon="55.432599">
        <ele>1760.167646</ele>
        <time>2025-10-09T12:32:58.677Z</time>
      </trkpt>
      <trkpt lat="-21.108399" lon="55.432807">
        <ele>1765.855093</ele>
        <time>2025-10-09T12:33:29.056Z</time>
      </trkpt>
      <trkpt lat="-21.108475" lon="55.43281">
        <ele>1767.901107</ele>
        <time>2025-10-09T12:33:40.057Z</time>
      </trkpt>
      <trkpt lat="-21.108455" lon="55.432904">
        <ele>1770.320883</ele>
        <time>2025-10-09T12:33:53.459Z</time>
      </trkpt>
      <trkpt lat="-21.108536" lon="55.432893">
        <ele>1772.517445</ele>
        <time>2025-10-09T12:34:05.925Z</time>
      </trkpt>
      <trkpt lat="-21.108469" lon="55.433065">
        <ele>1777.666272</ele>
        <time>2025-10-09T12:34:35.692Z</time>
      </trkpt>
      <trkpt lat="-21.108571" lon="55.433083">
        <ele>1780.447317</ele>
        <time>2025-10-09T12:34:52.239Z</time>
      </trkpt>
      <trkpt lat="-21.108563" lon="55.43316">
        <ele>1783.149611</ele>
        <time>2025-10-09T12:35:08.530Z</time>
      </trkpt>
      <trkpt lat="-21.108707" lon="55.433149">
        <ele>1787.517866</ele>
        <time>2025-10-09T12:35:35.901Z</time>
      </trkpt>
      <trkpt lat="-21.108675" lon="55.433279">
        <ele>1790.892245</ele>
        <time>2025-10-09T12:35:58.262Z</time>
      </trkpt>
      <trkpt lat="-21.108812" lon="55.433275">
        <ele>1796.279632</ele>
        <time>2025-10-09T12:36:36.603Z</time>
      </trkpt>
      <trkpt lat="-21.1088" lon="55.433217">
        <ele>1797.770672</ele>
        <time>2025-10-09T12:36:47.895Z</time>
      </trkpt>
      <trkpt lat="-21.108911" lon="55.43321">
        <ele>1802.457313</ele>
        <time>2025-10-09T12:37:25.075Z</time>
      </trkpt>
      <trkpt lat="-21.108896" lon="55.433122">
        <ele>1805.52316</ele>
        <time>2025-10-09T12:37:43.986Z</time>
      </trkpt>
      <trkpt lat="-21.109026" lon="55.433183">
        <ele>1810.854426</ele>
        <time>2025-10-09T12:38:17.945Z</time>
      </trkpt>
      <trkpt lat="-21.109001" lon="55.43306">
        <ele>1815.168742</ele>
        <time>2025-10-09T12:38:46.505Z</time>
      </trkpt>
      <trkpt lat="-21.109204" lon="55.432964">
        <ele>1823.629026</ele>
        <time>2025-10-09T12:39:44.486Z</time>
      </trkpt>
      <trkpt lat="-21.109227" lon="55.43303">
        <ele>1826.043623</ele>
        <time>2025-10-09T12:40:01.160Z</time>
      </trkpt>
      <trkpt lat="-21.10931" lon="55.432991">
        <ele>1829.372872</ele>
        <time>2025-10-09T12:40:24.621Z</time>
      </trkpt>
      <trkpt lat="-21.109292" lon="55.433094">
        <ele>1832.964259</ele>
        <time>2025-10-09T12:40:49.519Z</time>
      </trkpt>
      <trkpt lat="-21.109781" lon="55.432939">
        <ele>1853.819781</ele>
        <time>2025-10-09T12:43:06.835Z</time>
      </trkpt>
      <trkpt lat="-21.109737" lon="55.432753">
        <ele>1861.147644</ele>
        <time>2025-10-09T12:43:50.988Z</time>
      </trkpt>
      <trkpt lat="-21.109978" lon="55.4329">
        <ele>1871.518546</ele>
        <time>2025-10-09T12:44:53.212Z</time>
      </trkpt>
      <trkpt lat="-21.109805" lon="55.432554">
        <ele>1882.974277</ele>
        <time>2025-10-09T12:46:05.685Z</time>
      </trkpt>
      <trkpt lat="-21.109879" lon="55.432557">
        <ele>1886.396611</ele>
        <time>2025-10-09T12:46:26.250Z</time>
      </trkpt>
      <trkpt lat="-21.109849" lon="55.432365">
        <ele>1893.696737</ele>
        <time>2025-10-09T12:47:09.287Z</time>
      </trkpt>
      <trkpt lat="-21.10996" lon="55.432462">
        <ele>1898.589168</ele>
        <time>2025-10-09T12:47:37.752Z</time>
      </trkpt>
      <trkpt lat="-21.109946" lon="55.43232">
        <ele>1902.926803</ele>
        <time>2025-10-09T12:48:02.769Z</time>
      </trkpt>
      <trkpt lat="-21.110093" lon="55.432338">
        <ele>1908.194134</ele>
        <time>2025-10-09T12:48:33.422Z</time>
      </trkpt>
      <trkpt lat="-21.110075" lon="55.432268">
        <ele>1910.29117</ele>
        <time>2025-10-09T12:48:45.777Z</time>
      </trkpt>
      <trkpt lat="-21.110392" lon="55.431817">
        <ele>1926.970684</ele>
        <time>2025-10-09T12:50:28.700Z</time>
      </trkpt>
      <trkpt lat="-21.110395" lon="55.431539">
        <ele>1935.386638</ele>
        <time>2025-10-09T12:51:23.144Z</time>
      </trkpt>
      <trkpt lat="-21.110451" lon="55.431608">
        <ele>1939.073806</ele>
        <time>2025-10-09T12:51:47.524Z</time>
      </trkpt>
      <trkpt lat="-21.110529" lon="55.4315">
        <ele>1943.377198</ele>
        <time>2025-10-09T12:52:15.866Z</time>
      </trkpt>
      <trkpt lat="-21.110575" lon="55.431553">
        <ele>1945.552821</ele>
        <time>2025-10-09T12:52:30.020Z</time>
      </trkpt>
      <trkpt lat="-21.110922" lon="55.4315">
        <ele>1956.910874</ele>
        <time>2025-10-09T12:53:43.597Z</time>
      </trkpt>
      <trkpt lat="-21.11094" lon="55.431606">
        <ele>1960.14893</ele>
        <time>2025-10-09T12:54:04.203Z</time>
      </trkpt>
      <trkpt lat="-21.111049" lon="55.431591">
        <ele>1963.689297</ele>
        <time>2025-10-09T12:54:26.730Z</time>
      </trkpt>
      <trkpt lat="-21.111085" lon="55.431655">
        <ele>1965.935343</ele>
        <time>2025-10-09T12:54:40.902Z</time>
      </trkpt>
      <trkpt lat="-21.111322" lon="55.431631">
        <ele>1973.786259</ele>
        <time>2025-10-09T12:55:29.693Z</time>
      </trkpt>
      <trkpt lat="-21.111288" lon="55.431783">
        <ele>1978.676117</ele>
        <time>2025-10-09T12:55:59.660Z</time>
      </trkpt>
      <trkpt lat="-21.111474" lon="55.431735">
        <ele>1984.370722</ele>
        <time>2025-10-09T12:56:36.907Z</time>
      </trkpt>
      <trkpt lat="-21.11149" lon="55.431789">
        <ele>1985.77941</ele>
        <time>2025-10-09T12:56:47.094Z</time>
      </trkpt>
      <trkpt lat="-21.111694" lon="55.431675">
        <ele>1991.981051</ele>
        <time>2025-10-09T12:57:31.290Z</time>
      </trkpt>
      <trkpt lat="-21.11161" lon="55.431791">
        <ele>1995.63207</ele>
        <time>2025-10-09T12:57:56.559Z</time>
      </trkpt>
      <trkpt lat="-21.111899" lon="55.431749">
        <ele>2003.55295</ele>
        <time>2025-10-09T12:58:49.365Z</time>
      </trkpt>
      <trkpt lat="-21.112055" lon="55.431773">
        <ele>2011.879138</ele>
        <time>2025-10-09T12:59:42.443Z</time>
      </trkpt>
      <trkpt lat="-21.11194" lon="55.431945">
        <ele>2018.400628</ele>
        <time>2025-10-09T13:00:22.715Z</time>
      </trkpt>
      <trkpt lat="-21.112298" lon="55.431693">
        <ele>2029.973691</ele>
        <time>2025-10-09T13:01:30.286Z</time>
      </trkpt>
      <trkpt lat="-21.112324" lon="55.431922">
        <ele>2033.471058</ele>
        <time>2025-10-09T13:02:11.614Z</time>
      </trkpt>
      <trkpt lat="-21.112556" lon="55.431645">
        <ele>2037.601982</ele>
        <time>2025-10-09T13:02:55.016Z</time>
      </trkpt>
      <trkpt lat="-21.112502" lon="55.431852">
        <ele>2040.164754</ele>
        <time>2025-10-09T13:03:18.787Z</time>
      </trkpt>
      <trkpt lat="-21.11262" lon="55.431731">
        <ele>2042.084949</ele>
        <time>2025-10-09T13:03:35.091Z</time>
      </trkpt>
      <trkpt lat="-21.11263" lon="55.431854">
        <ele>2043.845212</ele>
        <time>2025-10-09T13:03:48.580Z</time>
      </trkpt>
      <trkpt lat="-21.112731" lon="55.431828">
        <ele>2045.556188</ele>
        <time>2025-10-09T13:04:00.419Z</time>
      </trkpt>
      <trkpt lat="-21.11256" lon="55.432119">
        <ele>2049.396485</ele>
        <time>2025-10-09T13:04:22.726Z</time>
      </trkpt>
      <trkpt lat="-21.112677" lon="55.432144">
        <ele>2050.970832</ele>
        <time>2025-10-09T13:04:33.792Z</time>
      </trkpt>
      <trkpt lat="-21.112527" lon="55.432361">
        <ele>2048.413136</ele>
        <time>2025-10-09T13:04:48.223Z</time>
      </trkpt>
      <trkpt lat="-21.112674" lon="55.432409">
        <ele>2046.747557</ele>
        <time>2025-10-09T13:04:57.037Z</time>
      </trkpt>
      <trkpt lat="-21.112519" lon="55.432722">
        <ele>2043.247122</ele>
        <time>2025-10-09T13:05:14.005Z</time>
      </trkpt>
      <trkpt lat="-21.112682" lon="55.4328">
        <ele>2041.484651</ele>
        <time>2025-10-09T13:05:22.009Z</time>
      </trkpt>
      <trkpt lat="-21.11284" lon="55.432705">
        <ele>2039.669167</ele>
        <time>2025-10-09T13:05:30.256Z</time>
      </trkpt>
      <trkpt lat="-21.112786" lon="55.432974">
        <ele>2037.143489</ele>
        <time>2025-10-09T13:05:41.627Z</time>
      </trkpt>
      <trkpt lat="-21.112908" lon="55.432868">
        <ele>2035.598273</ele>
        <time>2025-10-09T13:05:48.581Z</time>
      </trkpt>
      <trkpt lat="-21.112881" lon="55.433029">
        <ele>2034.096762</ele>
        <time>2025-10-09T13:05:55.343Z</time>
      </trkpt>
      <trkpt lat="-21.11311" lon="55.433479">
        <ele>2024.247322</ele>
        <time>2025-10-09T13:06:16.493Z</time>
      </trkpt>
      <trkpt lat="-21.113322" lon="55.433605">
        <ele>2018.886382</ele>
        <time>2025-10-09T13:06:27.198Z</time>
      </trkpt>
      <trkpt lat="-21.113103" lon="55.433695">
        <ele>2013.46353</ele>
        <time>2025-10-09T13:06:37.968Z</time>
      </trkpt>
      <trkpt lat="-21.112945" lon="55.433782">
        <ele>2008.035924</ele>
        <time>2025-10-09T13:06:48.907Z</time>
      </trkpt>
      <trkpt lat="-21.112879" lon="55.433862">
        <ele>2001.944177</ele>
        <time>2025-10-09T13:07:01.298Z</time>
      </trkpt>
      <trkpt lat="-21.112969" lon="55.434189">
        <ele>1994.863934</ele>
        <time>2025-10-09T13:07:15.822Z</time>
      </trkpt>
      <trkpt lat="-21.112969" lon="55.434028">
        <ele>1990.59222</ele>
        <time>2025-10-09T13:07:23.310Z</time>
      </trkpt>
      <trkpt lat="-21.113207" lon="55.43435">
        <ele>1979.577082</ele>
        <time>2025-10-09T13:07:41.704Z</time>
      </trkpt>
      <trkpt lat="-21.113111" lon="55.434642">
        <ele>1971.594359</ele>
        <time>2025-10-09T13:07:55.698Z</time>
      </trkpt>
      <trkpt lat="-21.113277" lon="55.434514">
        <ele>1965.726532</ele>
        <time>2025-10-09T13:08:06.236Z</time>
      </trkpt>
      <trkpt lat="-21.11317" lon="55.434749">
        <ele>1959.055657</ele>
        <time>2025-10-09T13:08:18.075Z</time>
      </trkpt>
      <trkpt lat="-21.113193" lon="55.435184">
        <ele>1947.569149</ele>
        <time>2025-10-09T13:08:40.541Z</time>
      </trkpt>
      <trkpt lat="-21.113279" lon="55.435096">
        <ele>1944.400632</ele>
        <time>2025-10-09T13:08:45.873Z</time>
      </trkpt>
      <trkpt lat="-21.11334" lon="55.435118">
        <ele>1942.806415</ele>
        <time>2025-10-09T13:08:49.845Z</time>
      </trkpt>
      <trkpt lat="-21.113312" lon="55.435187">
        <ele>1941.568073</ele>
        <time>2025-10-09T13:08:52.923Z</time>
      </trkpt>
      <trkpt lat="-21.113411" lon="55.435141">
        <ele>1939.664538</ele>
        <time>2025-10-09T13:08:57.684Z</time>
      </trkpt>
      <trkpt lat="-21.113345" lon="55.435283">
        <ele>1937.053599</ele>
        <time>2025-10-09T13:09:04.206Z</time>
      </trkpt>
      <trkpt lat="-21.113462" lon="55.435226">
        <ele>1934.786363</ele>
        <time>2025-10-09T13:09:09.880Z</time>
      </trkpt>
      <trkpt lat="-21.113459" lon="55.435322">
        <ele>1933.024536</ele>
        <time>2025-10-09T13:09:14.260Z</time>
      </trkpt>
      <trkpt lat="-21.113525" lon="55.435275">
        <ele>1931.626681</ele>
        <time>2025-10-09T13:09:17.750Z</time>
      </trkpt>
      <trkpt lat="-21.113348" lon="55.435718">
        <ele>1923.54841</ele>
        <time>2025-10-09T13:09:37.995Z</time>
      </trkpt>
      <trkpt lat="-21.113442" lon="55.435893">
        <ele>1919.985568</ele>
        <time>2025-10-09T13:09:46.970Z</time>
      </trkpt>
      <trkpt lat="-21.113421" lon="55.436027">
        <ele>1917.749384</ele>
        <time>2025-10-09T13:09:52.640Z</time>
      </trkpt>
      <trkpt lat="-21.113263" lon="55.436156">
        <ele>1914.175295</ele>
        <time>2025-10-09T13:10:01.720Z</time>
      </trkpt>
      <trkpt lat="-21.113663" lon="55.436583">
        <ele>1911.648215</ele>
        <time>2025-10-09T13:10:29.625Z</time>
      </trkpt>
      <trkpt lat="-21.113807" lon="55.437175">
        <ele>1910.297654</ele>
        <time>2025-10-09T13:11:02.046Z</time>
      </trkpt>
      <trkpt lat="-21.113742" lon="55.437545">
        <ele>1909.46471</ele>
        <time>2025-10-09T13:11:24.527Z</time>
      </trkpt>
      <trkpt lat="-21.113478" lon="55.437972">
        <ele>1907.001149</ele>
        <time>2025-10-09T13:11:56.260Z</time>
      </trkpt>
      <trkpt lat="-21.113555" lon="55.438578">
        <ele>1899.63246</ele>
        <time>2025-10-09T13:12:28.323Z</time>
      </trkpt>
      <trkpt lat="-21.113687" lon="55.438688">
        <ele>1897.481346</ele>
        <time>2025-10-09T13:12:36.069Z</time>
      </trkpt>
      <trkpt lat="-21.113761" lon="55.438945">
        <ele>1894.253183</ele>
        <time>2025-10-09T13:12:47.245Z</time>
      </trkpt>
      <trkpt lat="-21.113409" lon="55.439698">
        <ele>1882.367416</ele>
        <time>2025-10-09T13:13:23.173Z</time>
      </trkpt>
      <trkpt lat="-21.113297" lon="55.43972">
        <ele>1879.044744</ele>
        <time>2025-10-09T13:13:28.719Z</time>
      </trkpt>
      <trkpt lat="-21.113427" lon="55.439911">
        <ele>1872.348163</ele>
        <time>2025-10-09T13:13:40.029Z</time>
      </trkpt>
      <trkpt lat="-21.113392" lon="55.440018">
        <ele>1869.148466</ele>
        <time>2025-10-09T13:13:45.464Z</time>
      </trkpt>
      <trkpt lat="-21.113267" lon="55.440029">
        <ele>1865.488589</ele>
        <time>2025-10-09T13:13:51.708Z</time>
      </trkpt>
      <trkpt lat="-21.113284" lon="55.440328">
        <ele>1856.819638</ele>
        <time>2025-10-09T13:14:06.464Z</time>
      </trkpt>
      <trkpt lat="-21.113201" lon="55.440199">
        <ele>1852.327514</ele>
        <time>2025-10-09T13:14:14.056Z</time>
      </trkpt>
      <trkpt lat="-21.112937" lon="55.440244">
        <ele>1844.208665</ele>
        <time>2025-10-09T13:14:27.496Z</time>
      </trkpt>
      <trkpt lat="-21.11301" lon="55.440368">
        <ele>1839.891315</ele>
        <time>2025-10-09T13:14:34.411Z</time>
      </trkpt>
      <trkpt lat="-21.112822" lon="55.440348">
        <ele>1834.378365</ele>
        <time>2025-10-09T13:14:43.020Z</time>
      </trkpt>
      <trkpt lat="-21.112813" lon="55.440497">
        <ele>1830.43337</ele>
        <time>2025-10-09T13:14:49.839Z</time>
      </trkpt>
      <trkpt lat="-21.112686" lon="55.440402">
        <ele>1826.543937</ele>
        <time>2025-10-09T13:14:56.927Z</time>
      </trkpt>
      <trkpt lat="-21.112659" lon="55.440513">
        <ele>1823.931576</ele>
        <time>2025-10-09T13:15:01.653Z</time>
      </trkpt>
      <trkpt lat="-21.112574" lon="55.44053">
        <ele>1821.820747</ele>
        <time>2025-10-09T13:15:05.447Z</time>
      </trkpt>
      <trkpt lat="-21.111928" lon="55.4404">
        <ele>1805.23043</ele>
        <time>2025-10-09T13:15:35.317Z</time>
      </trkpt>
      <trkpt lat="-21.11176" lon="55.440258">
        <ele>1799.48843</ele>
        <time>2025-10-09T13:15:45.807Z</time>
      </trkpt>
      <trkpt lat="-21.111546" lon="55.440464">
        <ele>1792.20209</ele>
        <time>2025-10-09T13:15:59.237Z</time>
      </trkpt>
      <trkpt lat="-21.111334" lon="55.440462">
        <ele>1786.574121</ele>
        <time>2025-10-09T13:16:09.246Z</time>
      </trkpt>
      <trkpt lat="-21.111496" lon="55.440699">
        <ele>1778.814958</ele>
        <time>2025-10-09T13:16:22.306Z</time>
      </trkpt>
      <trkpt lat="-21.111426" lon="55.440692">
        <ele>1776.869823</ele>
        <time>2025-10-09T13:16:25.590Z</time>
      </trkpt>
      <trkpt lat="-21.111352" lon="55.44088">
        <ele>1771.603194</ele>
        <time>2025-10-09T13:16:34.610Z</time>
      </trkpt>
      <trkpt lat="-21.111619" lon="55.441094">
        <ele>1761.747964</ele>
        <time>2025-10-09T13:16:51.621Z</time>
      </trkpt>
      <trkpt lat="-21.111637" lon="55.441403">
        <ele>1753.756994</ele>
        <time>2025-10-09T13:17:05.406Z</time>
      </trkpt>
      <trkpt lat="-21.111503" lon="55.441617">
        <ele>1747.104658</ele>
        <time>2025-10-09T13:17:16.763Z</time>
      </trkpt>
      <trkpt lat="-21.111407" lon="55.441984">
        <ele>1737.618903</ele>
        <time>2025-10-09T13:17:33.354Z</time>
      </trkpt>
      <trkpt lat="-21.111586" lon="55.442474">
        <ele>1726.704575</ele>
        <time>2025-10-09T13:17:55.633Z</time>
      </trkpt>
      <trkpt lat="-21.111791" lon="55.442567">
        <ele>1721.72107</ele>
        <time>2025-10-09T13:18:05.639Z</time>
      </trkpt>
      <trkpt lat="-21.112174" lon="55.442938">
        <ele>1710.408477</ele>
        <time>2025-10-09T13:18:28.376Z</time>
      </trkpt>
      <trkpt lat="-21.112233" lon="55.443146">
        <ele>1705.963953</ele>
        <time>2025-10-09T13:18:37.332Z</time>
      </trkpt>
      <trkpt lat="-21.112595" lon="55.443562">
        <ele>1695.257608</ele>
        <time>2025-10-09T13:19:00.782Z</time>
      </trkpt>
      <trkpt lat="-21.112584" lon="55.443712">
        <ele>1692.69285</ele>
        <time>2025-10-09T13:19:06.980Z</time>
      </trkpt>
      <trkpt lat="-21.112782" lon="55.44375">
        <ele>1688.950358</ele>
        <time>2025-10-09T13:19:16.058Z</time>
      </trkpt>
      <trkpt lat="-21.11333" lon="55.444316">
        <ele>1675.045434</ele>
        <time>2025-10-09T13:19:49.742Z</time>
      </trkpt>
      <trkpt lat="-21.113775" lon="55.445412">
        <ele>1654.354176</ele>
        <time>2025-10-09T13:20:39.142Z</time>
      </trkpt>
      <trkpt lat="-21.113764" lon="55.445623">
        <ele>1650.678782</ele>
        <time>2025-10-09T13:20:47.849Z</time>
      </trkpt>
      <trkpt lat="-21.113912" lon="55.446129">
        <ele>1641.426885</ele>
        <time>2025-10-09T13:21:09.750Z</time>
      </trkpt>
      <trkpt lat="-21.113872" lon="55.446276">
        <ele>1638.628884</ele>
        <time>2025-10-09T13:21:16.392Z</time>
      </trkpt>
      <trkpt lat="-21.113564" lon="55.446557">
        <ele>1630.444541</ele>
        <time>2025-10-09T13:21:35.358Z</time>
      </trkpt>
      <trkpt lat="-21.113537" lon="55.446727">
        <ele>1627.265557</ele>
        <time>2025-10-09T13:21:42.459Z</time>
      </trkpt>
      <trkpt lat="-21.113345" lon="55.446938">
        <ele>1621.795175</ele>
        <time>2025-10-09T13:21:54.697Z</time>
      </trkpt>
      <trkpt lat="-21.112895" lon="55.447207">
        <ele>1611.467766</ele>
        <time>2025-10-09T13:22:17.765Z</time>
      </trkpt>
      <trkpt lat="-21.112644" lon="55.447194">
        <ele>1606.382844</ele>
        <time>2025-10-09T13:22:29.113Z</time>
      </trkpt>
      <trkpt lat="-21.112859" lon="55.447433">
        <ele>1599.263353</ele>
        <time>2025-10-09T13:22:44.977Z</time>
      </trkpt>
      <trkpt lat="-21.112496" lon="55.44746">
        <ele>1590.153326</ele>
        <time>2025-10-09T13:23:01.890Z</time>
      </trkpt>
      <trkpt lat="-21.112825" lon="55.44785">
        <ele>1578.174636</ele>
        <time>2025-10-09T13:23:23.444Z</time>
      </trkpt>
      <trkpt lat="-21.11298" lon="55.44831">
        <ele>1566.765407</ele>
        <time>2025-10-09T13:23:44.224Z</time>
      </trkpt>
      <trkpt lat="-21.113727" lon="55.449375">
        <ele>1529.404494</ele>
        <time>2025-10-09T13:24:43.872Z</time>
      </trkpt>
      <trkpt lat="-21.113969" lon="55.449427">
        <ele>1519.532854</ele>
        <time>2025-10-09T13:24:58.660Z</time>
      </trkpt>
      <trkpt lat="-21.113955" lon="55.449497">
        <ele>1517.274988</ele>
        <time>2025-10-09T13:25:02.121Z</time>
      </trkpt>
      <trkpt lat="-21.114461" lon="55.450087">
        <ele>1491.616517</ele>
        <time>2025-10-09T13:25:41.819Z</time>
      </trkpt>
      <trkpt lat="-21.114519" lon="55.449616">
        <ele>1473.793423</ele>
        <time>2025-10-09T13:26:07.976Z</time>
      </trkpt>
      <trkpt lat="-21.114708" lon="55.449667">
        <ele>1466.526988</ele>
        <time>2025-10-09T13:26:18.462Z</time>
      </trkpt>
      <trkpt lat="-21.114974" lon="55.44954">
        <ele>1455.433393</ele>
        <time>2025-10-09T13:26:34.329Z</time>
      </trkpt>
      <trkpt lat="-21.115009" lon="55.449645">
        <ele>1451.618086</ele>
        <time>2025-10-09T13:26:39.744Z</time>
      </trkpt>
      <trkpt lat="-21.115086" lon="55.44953">
        <ele>1446.774399</ele>
        <time>2025-10-09T13:26:46.597Z</time>
      </trkpt>
      <trkpt lat="-21.115117" lon="55.449769">
        <ele>1437.635949</ele>
        <time>2025-10-09T13:26:59.463Z</time>
      </trkpt>
      <trkpt lat="-21.115307" lon="55.449714">
        <ele>1430.417093</ele>
        <time>2025-10-09T13:27:09.551Z</time>
      </trkpt>
      <trkpt lat="-21.115332" lon="55.449522">
        <ele>1423.804709</ele>
        <time>2025-10-09T13:27:19.565Z</time>
      </trkpt>
      <trkpt lat="-21.115411" lon="55.449748">
        <ele>1416.359287</ele>
        <time>2025-10-09T13:27:31.661Z</time>
      </trkpt>
      <trkpt lat="-21.115299" lon="55.449943">
        <ele>1409.123972</ele>
        <time>2025-10-09T13:27:43.182Z</time>
      </trkpt>
      <trkpt lat="-21.115502" lon="55.44983">
        <ele>1401.913137</ele>
        <time>2025-10-09T13:27:54.426Z</time>
      </trkpt>
      <trkpt lat="-21.115442" lon="55.449997">
        <ele>1396.193315</ele>
        <time>2025-10-09T13:28:03.267Z</time>
      </trkpt>
      <trkpt lat="-21.115575" lon="55.449909">
        <ele>1391.129653</ele>
        <time>2025-10-09T13:28:11.007Z</time>
      </trkpt>
      <trkpt lat="-21.11553" lon="55.450034">
        <ele>1386.682803</ele>
        <time>2025-10-09T13:28:17.760Z</time>
      </trkpt>
      <trkpt lat="-21.115631" lon="55.449972">
        <ele>1383.013736</ele>
        <time>2025-10-09T13:28:23.235Z</time>
      </trkpt>
      <trkpt lat="-21.115596" lon="55.450061">
        <ele>1380.17338</ele>
        <time>2025-10-09T13:28:27.511Z</time>
      </trkpt>
      <trkpt lat="-21.115779" lon="55.4499">
        <ele>1372.59813</ele>
        <time>2025-10-09T13:28:38.858Z</time>
      </trkpt>
      <trkpt lat="-21.115658" lon="55.450188">
        <ele>1363.18255</ele>
        <time>2025-10-09T13:28:53.573Z</time>
      </trkpt>
      <trkpt lat="-21.115862" lon="55.450098">
        <ele>1356.591256</ele>
        <time>2025-10-09T13:29:03.999Z</time>
      </trkpt>
      <trkpt lat="-21.11598" lon="55.449885">
        <ele>1349.686416</ele>
        <time>2025-10-09T13:29:15.044Z</time>
      </trkpt>
      <trkpt lat="-21.115999" lon="55.45003">
        <ele>1345.605221</ele>
        <time>2025-10-09T13:29:21.633Z</time>
      </trkpt>
      <trkpt lat="-21.116108" lon="55.449771">
        <ele>1337.631888</ele>
        <time>2025-10-09T13:29:34.618Z</time>
      </trkpt>
      <trkpt lat="-21.116068" lon="55.450323">
        <ele>1322.119284</ele>
        <time>2025-10-09T13:30:00.023Z</time>
      </trkpt>
      <trkpt lat="-21.11621" lon="55.450206">
        <ele>1316.773275</ele>
        <time>2025-10-09T13:30:08.657Z</time>
      </trkpt>
      <trkpt lat="-21.116136" lon="55.45038">
        <ele>1312.296451</ele>
        <time>2025-10-09T13:30:17.126Z</time>
      </trkpt>
      <trkpt lat="-21.116291" lon="55.45034">
        <ele>1307.949806</ele>
        <time>2025-10-09T13:30:25.244Z</time>
      </trkpt>
      <trkpt lat="-21.11629" lon="55.450483">
        <ele>1304.601978</ele>
        <time>2025-10-09T13:30:31.438Z</time>
      </trkpt>
      <trkpt lat="-21.116388" lon="55.450399">
        <ele>1301.45305</ele>
        <time>2025-10-09T13:30:37.183Z</time>
      </trkpt>
      <trkpt lat="-21.1164" lon="55.450522">
        <ele>1298.363272</ele>
        <time>2025-10-09T13:30:42.760Z</time>
      </trkpt>
      <trkpt lat="-21.116499" lon="55.450416">
        <ele>1294.713231</ele>
        <time>2025-10-09T13:30:49.289Z</time>
      </trkpt>
      <trkpt lat="-21.116498" lon="55.450527">
        <ele>1291.96525</ele>
        <time>2025-10-09T13:30:54.207Z</time>
      </trkpt>
      <trkpt lat="-21.116578" lon="55.45048">
        <ele>1289.550394</ele>
        <time>2025-10-09T13:30:58.538Z</time>
      </trkpt>
      <trkpt lat="-21.116547" lon="55.450223">
        <ele>1283.345687</ele>
        <time>2025-10-09T13:31:09.468Z</time>
      </trkpt>
      <trkpt lat="-21.116958" lon="55.449911">
        <ele>1270.748492</ele>
        <time>2025-10-09T13:31:31.728Z</time>
      </trkpt>
      <trkpt lat="-21.117093" lon="55.449988">
        <ele>1267.069259</ele>
        <time>2025-10-09T13:31:38.998Z</time>
      </trkpt>
      <trkpt lat="-21.117604" lon="55.449706">
        <ele>1254.1449</ele>
        <time>2025-10-09T13:32:04.406Z</time>
      </trkpt>
      <trkpt lat="-21.117389" lon="55.450096">
        <ele>1244.10822</ele>
        <time>2025-10-09T13:32:24.449Z</time>
      </trkpt>
      <trkpt lat="-21.117552" lon="55.450006">
        <ele>1240.009234</ele>
        <time>2025-10-09T13:32:32.589Z</time>
      </trkpt>
      <trkpt lat="-21.117516" lon="55.45013">
        <ele>1236.574685</ele>
        <time>2025-10-09T13:32:39.327Z</time>
      </trkpt>
      <trkpt lat="-21.11763" lon="55.450125">
        <ele>1232.907969</ele>
        <time>2025-10-09T13:32:46.509Z</time>
      </trkpt>
      <trkpt lat="-21.117723" lon="55.450044">
        <ele>1230.394196</ele>
        <time>2025-10-09T13:32:51.784Z</time>
      </trkpt>
      <trkpt lat="-21.117759" lon="55.450198">
        <ele>1227.299089</ele>
        <time>2025-10-09T13:32:58.041Z</time>
      </trkpt>
      <trkpt lat="-21.118097" lon="55.449793">
        <ele>1217.362316</ele>
        <time>2025-10-09T13:33:17.210Z</time>
      </trkpt>
      <trkpt lat="-21.118088" lon="55.450043">
        <ele>1212.531512</ele>
        <time>2025-10-09T13:33:26.533Z</time>
      </trkpt>
      <trkpt lat="-21.11814" lon="55.450045">
        <ele>1211.525279</ele>
        <time>2025-10-09T13:33:28.488Z</time>
      </trkpt>
      <trkpt lat="-21.11841" lon="55.449756">
        <ele>1204.015952</ele>
        <time>2025-10-09T13:33:43.043Z</time>
      </trkpt>
      <trkpt lat="-21.118424" lon="55.450015">
        <ele>1199.335911</ele>
        <time>2025-10-09T13:33:52.108Z</time>
      </trkpt>
      <trkpt lat="-21.118591" lon="55.449812">
        <ele>1195.255862</ele>
        <time>2025-10-09T13:34:01.585Z</time>
      </trkpt>
      <trkpt lat="-21.118586" lon="55.450015">
        <ele>1192.91923</ele>
        <time>2025-10-09T13:34:08.693Z</time>
      </trkpt>
      <trkpt lat="-21.118705" lon="55.449885">
        <ele>1190.823482</ele>
        <time>2025-10-09T13:34:15.078Z</time>
      </trkpt>
      <trkpt lat="-21.11871" lon="55.450083">
        <ele>1188.544363</ele>
        <time>2025-10-09T13:34:22.042Z</time>
      </trkpt>
      <trkpt lat="-21.118804" lon="55.449953">
        <ele>1186.651758</ele>
        <time>2025-10-09T13:34:27.804Z</time>
      </trkpt>
      <trkpt lat="-21.118823" lon="55.450034">
        <ele>1185.690719</ele>
        <time>2025-10-09T13:34:30.735Z</time>
      </trkpt>
      <trkpt lat="-21.118717" lon="55.450278">
        <ele>1182.593611</ele>
        <time>2025-10-09T13:34:40.252Z</time>
      </trkpt>
      <trkpt lat="-21.118538" lon="55.45044">
        <ele>1179.704016</ele>
        <time>2025-10-09T13:34:49.383Z</time>
      </trkpt>
      <trkpt lat="-21.118669" lon="55.450486">
        <ele>1178.003657</ele>
        <time>2025-10-09T13:34:54.911Z</time>
      </trkpt>
      <trkpt lat="-21.118854" lon="55.450413">
        <ele>1175.572006</ele>
        <time>2025-10-09T13:35:03.052Z</time>
      </trkpt>
      <trkpt lat="-21.119043" lon="55.450282">
        <ele>1174.149594</ele>
        <time>2025-10-09T13:35:12.689Z</time>
      </trkpt>
      <trkpt lat="-21.119176" lon="55.449818">
        <ele>1173.042697</ele>
        <time>2025-10-09T13:35:33.371Z</time>
      </trkpt>
      <trkpt lat="-21.119541" lon="55.449199">
        <ele>1171.35441</ele>
        <time>2025-10-09T13:36:09.921Z</time>
      </trkpt>
      <trkpt lat="-21.119659" lon="55.449177">
        <ele>1171.062302</ele>
        <time>2025-10-09T13:36:15.673Z</time>
      </trkpt>
      <trkpt lat="-21.120035" lon="55.448849">
        <ele>1168.84023</ele>
        <time>2025-10-09T13:36:37.294Z</time>
      </trkpt>
      <trkpt lat="-21.120218" lon="55.449134">
        <ele>1164.700267</ele>
        <time>2025-10-09T13:36:50.228Z</time>
      </trkpt>
      <trkpt lat="-21.120296" lon="55.449168">
        <ele>1163.620204</ele>
        <time>2025-10-09T13:36:53.506Z</time>
      </trkpt>
      <trkpt lat="-21.120314" lon="55.44906">
        <ele>1162.30747</ele>
        <time>2025-10-09T13:36:57.372Z</time>
      </trkpt>
      <trkpt lat="-21.120789" lon="55.449498">
        <ele>1154.270693</ele>
        <time>2025-10-09T13:37:21.033Z</time>
      </trkpt>
      <trkpt lat="-21.120863" lon="55.449513">
        <ele>1153.304668</ele>
        <time>2025-10-09T13:37:23.872Z</time>
      </trkpt>
      <trkpt lat="-21.120943" lon="55.44935">
        <ele>1151.100823</ele>
        <time>2025-10-09T13:37:30.297Z</time>
      </trkpt>
      <trkpt lat="-21.120992" lon="55.449404">
        <ele>1150.199416</ele>
        <time>2025-10-09T13:37:32.908Z</time>
      </trkpt>
      <trkpt lat="-21.121112" lon="55.449335">
        <ele>1148.452723</ele>
        <time>2025-10-09T13:37:37.996Z</time>
      </trkpt>
      <trkpt lat="-21.1211" lon="55.44946">
        <ele>1146.946216</ele>
        <time>2025-10-09T13:37:42.370Z</time>
      </trkpt>
      <trkpt lat="-21.121188" lon="55.449411">
        <ele>1145.625159</ele>
        <time>2025-10-09T13:37:46.083Z</time>
      </trkpt>
      <trkpt lat="-21.12146" lon="55.449464">
        <ele>1141.94217</ele>
        <time>2025-10-09T13:37:56.485Z</time>
      </trkpt>
      <trkpt lat="-21.121756" lon="55.449782">
        <ele>1136.277814</ele>
        <time>2025-10-09T13:38:12.551Z</time>
      </trkpt>
      <trkpt lat="-21.122037" lon="55.449919">
        <ele>1132.165338</ele>
        <time>2025-10-09T13:38:24.298Z</time>
      </trkpt>
      <trkpt lat="-21.121961" lon="55.449942">
        <ele>1131.113286</ele>
        <time>2025-10-09T13:38:27.344Z</time>
      </trkpt>
      <trkpt lat="-21.122088" lon="55.450065">
        <ele>1128.788061</ele>
        <time>2025-10-09T13:38:34.009Z</time>
      </trkpt>
      <trkpt lat="-21.122172" lon="55.450025">
        <ele>1127.417778</ele>
        <time>2025-10-09T13:38:37.904Z</time>
      </trkpt>
      <trkpt lat="-21.122195" lon="55.449886">
        <ele>1125.663451</ele>
        <time>2025-10-09T13:38:42.908Z</time>
      </trkpt>
      <trkpt lat="-21.122422" lon="55.449885">
        <ele>1122.792103</ele>
        <time>2025-10-09T13:38:52.056Z</time>
      </trkpt>
      <trkpt lat="-21.122607" lon="55.449947">
        <ele>1121.623609</ele>
        <time>2025-10-09T13:38:59.430Z</time>
      </trkpt>
      <trkpt lat="-21.122677" lon="55.450074">
        <ele>1120.794078</ele>
        <time>2025-10-09T13:39:04.804Z</time>
      </trkpt>
      <trkpt lat="-21.123029" lon="55.450154">
        <ele>1118.572107</ele>
        <time>2025-10-09T13:39:19.343Z</time>
      </trkpt>
      <trkpt lat="-21.123543" lon="55.450486">
        <ele>1114.874081</ele>
        <time>2025-10-09T13:39:44.589Z</time>
      </trkpt>
      <trkpt lat="-21.123808" lon="55.450448">
        <ele>1113.244352</ele>
        <time>2025-10-09T13:39:56.492Z</time>
      </trkpt>
      <trkpt lat="-21.123932" lon="55.450062">
        <ele>1114.715935</ele>
        <time>2025-10-09T13:40:16.452Z</time>
      </trkpt>
      <trkpt lat="-21.124042" lon="55.450068">
        <ele>1116.073389</ele>
        <time>2025-10-09T13:40:24.244Z</time>
      </trkpt>
      <trkpt lat="-21.124225" lon="55.450287">
        <ele>1119.375476</ele>
        <time>2025-10-09T13:40:47.945Z</time>
      </trkpt>
      <trkpt lat="-21.12418" lon="55.450223">
        <ele>1120.238734</ele>
        <time>2025-10-09T13:40:54.801Z</time>
      </trkpt>
      <trkpt lat="-21.124392" lon="55.4501">
        <ele>1123.138217</ele>
        <time>2025-10-09T13:41:18.924Z</time>
      </trkpt>
      <trkpt lat="-21.12477" lon="55.450086">
        <ele>1127.536052</ele>
        <time>2025-10-09T13:41:57.298Z</time>
      </trkpt>
      <trkpt lat="-21.124882" lon="55.449873">
        <ele>1130.268336</ele>
        <time>2025-10-09T13:42:20.939Z</time>
      </trkpt>
      <trkpt lat="-21.125155" lon="55.449724">
        <ele>1133.690128</ele>
        <time>2025-10-09T13:42:50.663Z</time>
      </trkpt>
      <trkpt lat="-21.125407" lon="55.449916">
        <ele>1136.484886</ele>
        <time>2025-10-09T13:43:18.996Z</time>
      </trkpt>
      <trkpt lat="-21.125457" lon="55.450115">
        <ele>1138.170713</ele>
        <time>2025-10-09T13:43:35.650Z</time>
      </trkpt>
      <trkpt lat="-21.12531" lon="55.450214">
        <ele>1139.69306</ele>
        <time>2025-10-09T13:43:50.080Z</time>
      </trkpt>
      <trkpt lat="-21.125374" lon="55.450364">
        <ele>1141.042317</ele>
        <time>2025-10-09T13:44:01.562Z</time>
      </trkpt>
      <trkpt lat="-21.125942" lon="55.450462">
        <ele>1146.262168</ele>
        <time>2025-10-09T13:44:37.417Z</time>
      </trkpt>
      <trkpt lat="-21.125873" lon="55.450701">
        <ele>1148.385753</ele>
        <time>2025-10-09T13:44:50.961Z</time>
      </trkpt>
      <trkpt lat="-21.126058" lon="55.4508">
        <ele>1147.659778</ele>
        <time>2025-10-09T13:45:02.835Z</time>
      </trkpt>
      <trkpt lat="-21.12618" lon="55.450675">
        <ele>1146.585321</ele>
        <time>2025-10-09T13:45:11.822Z</time>
      </trkpt>
      <trkpt lat="-21.126259" lon="55.45069">
        <ele>1146.074512</ele>
        <time>2025-10-09T13:45:16.031Z</time>
      </trkpt>
      <trkpt lat="-21.126321" lon="55.45086">
        <ele>1144.990468</ele>
        <time>2025-10-09T13:45:24.796Z</time>
      </trkpt>
      <trkpt lat="-21.126577" lon="55.450963">
        <ele>1143.235316</ele>
        <time>2025-10-09T13:45:38.346Z</time>
      </trkpt>
      <trkpt lat="-21.126708" lon="55.451175">
        <ele>1141.695534</ele>
        <time>2025-10-09T13:45:48.871Z</time>
      </trkpt>
      <trkpt lat="-21.12695" lon="55.450962">
        <ele>1139.701997</ele>
        <time>2025-10-09T13:46:00.971Z</time>
      </trkpt>
      <trkpt lat="-21.127053" lon="55.451003">
        <ele>1139.002465</ele>
        <time>2025-10-09T13:46:05.096Z</time>
      </trkpt>
      <trkpt lat="-21.127319" lon="55.450849">
        <ele>1136.153734</ele>
        <time>2025-10-09T13:46:16.442Z</time>
      </trkpt>
      <trkpt lat="-21.127574" lon="55.450923">
        <ele>1127.716484</ele>
        <time>2025-10-09T13:46:26.507Z</time>
      </trkpt>
      <trkpt lat="-21.127717" lon="55.451112">
        <ele>1120.537592</ele>
        <time>2025-10-09T13:46:35.503Z</time>
      </trkpt>
      <trkpt lat="-21.127839" lon="55.451144">
        <ele>1116.565535</ele>
        <time>2025-10-09T13:46:40.723Z</time>
      </trkpt>
      <trkpt lat="-21.127887" lon="55.451287">
        <ele>1111.962463</ele>
        <time>2025-10-09T13:46:46.898Z</time>
      </trkpt>
      <trkpt lat="-21.127707" lon="55.451478">
        <ele>1103.752494</ele>
        <time>2025-10-09T13:46:58.304Z</time>
      </trkpt>
      <trkpt lat="-21.127798" lon="55.451635">
        <ele>1098.299806</ele>
        <time>2025-10-09T13:47:06.091Z</time>
      </trkpt>
      <trkpt lat="-21.127756" lon="55.45169">
        <ele>1096.202995</ele>
        <time>2025-10-09T13:47:09.111Z</time>
      </trkpt>
      <trkpt lat="-21.127819" lon="55.451747">
        <ele>1093.595916</ele>
        <time>2025-10-09T13:47:12.903Z</time>
      </trkpt>
      <trkpt lat="-21.127764" lon="55.451777">
        <ele>1091.644348</ele>
        <time>2025-10-09T13:47:15.712Z</time>
      </trkpt>
      <trkpt lat="-21.127865" lon="55.4518">
        <ele>1088.378952</ele>
        <time>2025-10-09T13:47:20.459Z</time>
      </trkpt>
      <trkpt lat="-21.127815" lon="55.451854">
        <ele>1086.134433</ele>
        <time>2025-10-09T13:47:23.698Z</time>
      </trkpt>
      <trkpt lat="-21.127864" lon="55.45189">
        <ele>1084.255836</ele>
        <time>2025-10-09T13:47:26.433Z</time>
      </trkpt>
      <trkpt lat="-21.127998" lon="55.451752">
        <ele>1077.996017</ele>
        <time>2025-10-09T13:47:35.346Z</time>
      </trkpt>
      <trkpt lat="-21.12809" lon="55.452116">
        <ele>1066.591874</ele>
        <time>2025-10-09T13:47:50.816Z</time>
      </trkpt>
      <trkpt lat="-21.127984" lon="55.452217">
        <ele>1062.051499</ele>
        <time>2025-10-09T13:47:56.811Z</time>
      </trkpt>
      <trkpt lat="-21.128123" lon="55.45223">
        <ele>1057.58436</ele>
        <time>2025-10-09T13:48:02.634Z</time>
      </trkpt>
      <trkpt lat="-21.128" lon="55.452265">
        <ele>1053.510027</ele>
        <time>2025-10-09T13:48:07.883Z</time>
      </trkpt>
      <trkpt lat="-21.12814" lon="55.452326">
        <ele>1048.671726</ele>
        <time>2025-10-09T13:48:14.040Z</time>
      </trkpt>
      <trkpt lat="-21.127945" lon="55.452395">
        <ele>1042.097316</ele>
        <time>2025-10-09T13:48:22.324Z</time>
      </trkpt>
      <trkpt lat="-21.128146" lon="55.452485">
        <ele>1035.048621</ele>
        <time>2025-10-09T13:48:31.189Z</time>
      </trkpt>
      <trkpt lat="-21.128086" lon="55.45256">
        <ele>1032.097898</ele>
        <time>2025-10-09T13:48:34.901Z</time>
      </trkpt>
      <trkpt lat="-21.12837" lon="55.452466">
        <ele>1022.529425</ele>
        <time>2025-10-09T13:48:46.991Z</time>
      </trkpt>
      <trkpt lat="-21.128349" lon="55.452629">
        <ele>1017.070858</ele>
        <time>2025-10-09T13:48:54.434Z</time>
      </trkpt>
      <trkpt lat="-21.128443" lon="55.452648">
        <ele>1014.24256</ele>
        <time>2025-10-09T13:48:58.252Z</time>
      </trkpt>
      <trkpt lat="-21.128384" lon="55.452704">
        <ele>1011.912635</ele>
        <time>2025-10-09T13:49:01.427Z</time>
      </trkpt>
      <trkpt lat="-21.128494" lon="55.452701">
        <ele>1008.659174</ele>
        <time>2025-10-09T13:49:05.900Z</time>
      </trkpt>
      <trkpt lat="-21.128445" lon="55.452787">
        <ele>1005.879839</ele>
        <time>2025-10-09T13:49:09.707Z</time>
      </trkpt>
      <trkpt lat="-21.128564" lon="55.45275">
        <ele>1002.216336</ele>
        <time>2025-10-09T13:49:14.743Z</time>
      </trkpt>
      <trkpt lat="-21.128533" lon="55.452816">
        <ele>1000.17833</ele>
        <time>2025-10-09T13:49:17.585Z</time>
      </trkpt>
      <trkpt lat="-21.128674" lon="55.452978">
        <ele>993.468713</ele>
        <time>2025-10-09T13:49:26.863Z</time>
      </trkpt>
      <trkpt lat="-21.12874" lon="55.45294">
        <ele>991.253652</ele>
        <time>2025-10-09T13:49:29.932Z</time>
      </trkpt>
      <trkpt lat="-21.128712" lon="55.453069">
        <ele>987.474853</ele>
        <time>2025-10-09T13:49:35.202Z</time>
      </trkpt>
      <trkpt lat="-21.128812" lon="55.45307">
        <ele>984.51799</ele>
        <time>2025-10-09T13:49:39.312Z</time>
      </trkpt>
      <trkpt lat="-21.128824" lon="55.453151">
        <ele>982.256041</ele>
        <time>2025-10-09T13:49:42.435Z</time>
      </trkpt>
      <trkpt lat="-21.128781" lon="55.453217">
        <ele>980.035732</ele>
        <time>2025-10-09T13:49:45.522Z</time>
      </trkpt>
      <trkpt lat="-21.128991" lon="55.453237">
        <ele>973.802136</ele>
        <time>2025-10-09T13:49:54.117Z</time>
      </trkpt>
      <trkpt lat="-21.128965" lon="55.453319">
        <ele>971.413522</ele>
        <time>2025-10-09T13:49:57.391Z</time>
      </trkpt>
      <trkpt lat="-21.129053" lon="55.453314">
        <ele>969.076881</ele>
        <time>2025-10-09T13:50:00.916Z</time>
      </trkpt>
      <trkpt lat="-21.128979" lon="55.453466">
        <ele>965.837562</ele>
        <time>2025-10-09T13:50:07.256Z</time>
      </trkpt>
      <trkpt lat="-21.12906" lon="55.453517">
        <ele>963.24447</ele>
        <time>2025-10-09T13:50:12.273Z</time>
      </trkpt>
      <trkpt lat="-21.128984" lon="55.453572">
        <ele>961.387239</ele>
        <time>2025-10-09T13:50:15.836Z</time>
      </trkpt>
      <trkpt lat="-21.129092" lon="55.453584">
        <ele>959.188038</ele>
        <time>2025-10-09T13:50:20.018Z</time>
      </trkpt>
      <trkpt lat="-21.1291" lon="55.453657">
        <ele>957.187384</ele>
        <time>2025-10-09T13:50:23.790Z</time>
      </trkpt>
      <trkpt lat="-21.129218" lon="55.453627">
        <ele>954.288136</ele>
        <time>2025-10-09T13:50:29.151Z</time>
      </trkpt>
      <trkpt lat="-21.129319" lon="55.453763">
        <ele>951.003809</ele>
        <time>2025-10-09T13:50:35.175Z</time>
      </trkpt>
      <trkpt lat="-21.129297" lon="55.453837">
        <ele>949.536451</ele>
        <time>2025-10-09T13:50:37.892Z</time>
      </trkpt>
      <trkpt lat="-21.12914" lon="55.453844">
        <ele>945.802009</ele>
        <time>2025-10-09T13:50:44.775Z</time>
      </trkpt>
      <trkpt lat="-21.129138" lon="55.453912">
        <ele>944.516661</ele>
        <time>2025-10-09T13:50:47.144Z</time>
      </trkpt>
      <trkpt lat="-21.129002" lon="55.453965">
        <ele>941.585704</ele>
        <time>2025-10-09T13:50:52.608Z</time>
      </trkpt>
      <trkpt lat="-21.129042" lon="55.454086">
        <ele>938.743669</ele>
        <time>2025-10-09T13:50:57.898Z</time>
      </trkpt>
      <trkpt lat="-21.128899" lon="55.454429">
        <ele>933.420142</ele>
        <time>2025-10-09T13:51:12.391Z</time>
      </trkpt>
      <trkpt lat="-21.128921" lon="55.45463">
        <ele>933.763014</ele>
        <time>2025-10-09T13:51:20.055Z</time>
      </trkpt>
      <trkpt lat="-21.129061" lon="55.454738">
        <ele>934.08054</ele>
        <time>2025-10-09T13:51:27.467Z</time>
      </trkpt>
      <trkpt lat="-21.128929" lon="55.454935">
        <ele>934.508266</ele>
        <time>2025-10-09T13:51:37.852Z</time>
      </trkpt>
      <trkpt lat="-21.128982" lon="55.455146">
        <ele>934.930654</ele>
        <time>2025-10-09T13:51:49.249Z</time>
      </trkpt>
      <trkpt lat="-21.128865" lon="55.455049">
        <ele>935.226063</ele>
        <time>2025-10-09T13:51:58.279Z</time>
      </trkpt>
      <trkpt lat="-21.128813" lon="55.45484">
        <ele>935.589245</ele>
        <time>2025-10-09T13:52:11.004Z</time>
      </trkpt>
      <trkpt lat="-21.12865" lon="55.455029">
        <ele>936.02209</ele>
        <time>2025-10-09T13:52:30.183Z</time>
      </trkpt>
      <trkpt lat="-21.12857" lon="55.455182">
        <ele>936.362507</ele>
        <time>2025-10-09T13:52:46.954Z</time>
      </trkpt>
      <trkpt lat="-21.12856" lon="55.45568">
        <ele>945.620082</ele>
        <time>2025-10-09T13:53:37.581Z</time>
      </trkpt>
      <trkpt lat="-21.128611" lon="55.455747">
        <ele>947.281426</ele>
        <time>2025-10-09T13:53:46.990Z</time>
      </trkpt>
      <trkpt lat="-21.128507" lon="55.455825">
        <ele>949.895508</ele>
        <time>2025-10-09T13:54:02.818Z</time>
      </trkpt>
      <trkpt lat="-21.128621" lon="55.455887">
        <ele>952.818572</ele>
        <time>2025-10-09T13:54:21.598Z</time>
      </trkpt>
      <trkpt lat="-21.128619" lon="55.455988">
        <ele>955.158816</ele>
        <time>2025-10-09T13:54:36.964Z</time>
      </trkpt>
      <trkpt lat="-21.128506" lon="55.456154">
        <ele>959.517504</ele>
        <time>2025-10-09T13:55:06.801Z</time>
      </trkpt>
      <trkpt lat="-21.128587" lon="55.456305">
        <ele>962.863885</ele>
        <time>2025-10-09T13:55:30.132Z</time>
      </trkpt>
      <trkpt lat="-21.128444" lon="55.456312">
        <ele>966.127503</ele>
        <time>2025-10-09T13:55:52.463Z</time>
      </trkpt>
      <trkpt lat="-21.12846" lon="55.456396">
        <ele>967.774548</ele>
        <time>2025-10-09T13:56:03.541Z</time>
      </trkpt>
      <trkpt lat="-21.128338" lon="55.456501">
        <ele>971.194403</ele>
        <time>2025-10-09T13:56:25.543Z</time>
      </trkpt>
      <trkpt lat="-21.128461" lon="55.456516">
        <ele>973.611577</ele>
        <time>2025-10-09T13:56:40.970Z</time>
      </trkpt>
      <trkpt lat="-21.128401" lon="55.456583">
        <ele>974.50683</ele>
        <time>2025-10-09T13:56:52.807Z</time>
      </trkpt>
      <trkpt lat="-21.128505" lon="55.456955">
        <ele>977.756898</ele>
        <time>2025-10-09T13:57:29.512Z</time>
      </trkpt>
      <trkpt lat="-21.128487" lon="55.457283">
        <ele>980.514752</ele>
        <time>2025-10-09T13:57:54.185Z</time>
      </trkpt>
      <trkpt lat="-21.128621" lon="55.457301">
        <ele>981.699823</ele>
        <time>2025-10-09T13:58:02.979Z</time>
      </trkpt>
      <trkpt lat="-21.128614" lon="55.457387">
        <ele>982.406433</ele>
        <time>2025-10-09T13:58:07.827Z</time>
      </trkpt>
      <trkpt lat="-21.128725" lon="55.457238">
        <ele>983.967268</ele>
        <time>2025-10-09T13:58:17.780Z</time>
      </trkpt>
      <trkpt lat="-21.128725" lon="55.457102">
        <ele>985.080465</ele>
        <time>2025-10-09T13:58:24.411Z</time>
      </trkpt>
      <trkpt lat="-21.128827" lon="55.457017">
        <ele>986.21414</ele>
        <time>2025-10-09T13:58:30.910Z</time>
      </trkpt>
      <trkpt lat="-21.129154" lon="55.456958">
        <ele>989.136068</ele>
        <time>2025-10-09T13:58:46.940Z</time>
      </trkpt>
      <trkpt lat="-21.129509" lon="55.45736">
        <ele>991.775961</ele>
        <time>2025-10-09T13:59:12.147Z</time>
      </trkpt>
      <trkpt lat="-21.129623" lon="55.45763">
        <ele>993.134761</ele>
        <time>2025-10-09T13:59:26.955Z</time>
      </trkpt>
      <trkpt lat="-21.129555" lon="55.458134">
        <ele>995.499246</ele>
        <time>2025-10-09T13:59:57.189Z</time>
      </trkpt>
      <trkpt lat="-21.129312" lon="55.45859">
        <ele>997.940766</ele>
        <time>2025-10-09T14:00:33.925Z</time>
      </trkpt>
      <trkpt lat="-21.129448" lon="55.459302">
        <ele>1004.17503</ele>
        <time>2025-10-09T14:01:24.664Z</time>
      </trkpt>
      <trkpt lat="-21.129571" lon="55.459521">
        <ele>1006.409538</ele>
        <time>2025-10-09T14:01:41.473Z</time>
      </trkpt>
      <trkpt lat="-21.129518" lon="55.459771">
        <ele>1008.73626</ele>
        <time>2025-10-09T14:01:58.930Z</time>
      </trkpt>
      <trkpt lat="-21.129739" lon="55.459904">
        <ele>1011.210791</ele>
        <time>2025-10-09T14:02:17.886Z</time>
      </trkpt>
      <trkpt lat="-21.129744" lon="55.460293">
        <ele>1014.642576</ele>
        <time>2025-10-09T14:02:45.758Z</time>
      </trkpt>
      <trkpt lat="-21.129895" lon="55.460508">
        <ele>1018.13013</ele>
        <time>2025-10-09T14:03:06.174Z</time>
      </trkpt>
      <trkpt lat="-21.129826" lon="55.460665">
        <ele>1021.221386</ele>
        <time>2025-10-09T14:03:24.479Z</time>
      </trkpt>
      <trkpt lat="-21.129768" lon="55.460874">
        <ele>1024.171631</ele>
        <time>2025-10-09T14:03:42.566Z</time>
      </trkpt>
      <trkpt lat="-21.129917" lon="55.46096">
        <ele>1026.779632</ele>
        <time>2025-10-09T14:03:59.236Z</time>
      </trkpt>
      <trkpt lat="-21.130073" lon="55.461534">
        <ele>1034.822395</ele>
        <time>2025-10-09T14:04:52.814Z</time>
      </trkpt>
      <trkpt lat="-21.129898" lon="55.461881">
        <ele>1040.099955</ele>
        <time>2025-10-09T14:05:28.822Z</time>
      </trkpt>
      <trkpt lat="-21.129908" lon="55.462006">
        <ele>1042.08705</ele>
        <time>2025-10-09T14:05:40.853Z</time>
      </trkpt>
      <trkpt lat="-21.129781" lon="55.462055">
        <ele>1044.551913</ele>
        <time>2025-10-09T14:05:55.175Z</time>
      </trkpt>
      <trkpt lat="-21.130065" lon="55.462578">
        <ele>1055.666655</ele>
        <time>2025-10-09T14:07:04.892Z</time>
      </trkpt>
      <trkpt lat="-21.129883" lon="55.462575">
        <ele>1059.009332</ele>
        <time>2025-10-09T14:07:27.282Z</time>
      </trkpt>
      <trkpt lat="-21.129848" lon="55.462791">
        <ele>1062.890252</ele>
        <time>2025-10-09T14:07:50.227Z</time>
      </trkpt>
      <trkpt lat="-21.129704" lon="55.46285">
        <ele>1065.952012</ele>
        <time>2025-10-09T14:08:08.765Z</time>
      </trkpt>
      <trkpt lat="-21.129497" lon="55.463157">
        <ele>1072.490544</ele>
        <time>2025-10-09T14:08:45.714Z</time>
      </trkpt>
      <trkpt lat="-21.129738" lon="55.463262">
        <ele>1075.267833</ele>
        <time>2025-10-09T14:09:11.925Z</time>
      </trkpt>
      <trkpt lat="-21.129578" lon="55.463682">
        <ele>1078.734676</ele>
        <time>2025-10-09T14:09:44.695Z</time>
      </trkpt>
      <trkpt lat="-21.129603" lon="55.463785">
        <ele>1079.567063</ele>
        <time>2025-10-09T14:09:51.232Z</time>
      </trkpt>
      <trkpt lat="-21.130136" lon="55.463451">
        <ele>1084.578572</ele>
        <time>2025-10-09T14:10:27.380Z</time>
      </trkpt>
      <trkpt lat="-21.1303" lon="55.4635">
        <ele>1085.95464</ele>
        <time>2025-10-09T14:10:36.786Z</time>
      </trkpt>
      <trkpt lat="-21.130313" lon="55.46357">
        <ele>1086.483409</ele>
        <time>2025-10-09T14:10:40.401Z</time>
      </trkpt>
      <trkpt lat="-21.130102" lon="55.46385">
        <ele>1089.881445</ele>
        <time>2025-10-09T14:10:59.451Z</time>
      </trkpt>
      <trkpt lat="-21.130075" lon="55.464096">
        <ele>1092.675026</ele>
        <time>2025-10-09T14:11:14.358Z</time>
      </trkpt>
      <trkpt lat="-21.130241" lon="55.464261">
        <ele>1095.665721</ele>
        <time>2025-10-09T14:11:33.058Z</time>
      </trkpt>
      <trkpt lat="-21.130092" lon="55.464436">
        <ele>1098.539454</ele>
        <time>2025-10-09T14:11:53.786Z</time>
      </trkpt>
      <trkpt lat="-21.130125" lon="55.464658">
        <ele>1101.132141</ele>
        <time>2025-10-09T14:12:14.383Z</time>
      </trkpt>
      <trkpt lat="-21.130294" lon="55.464936">
        <ele>1105.127184</ele>
        <time>2025-10-09T14:12:48.799Z</time>
      </trkpt>
      <trkpt lat="-21.129975" lon="55.465196">
        <ele>1109.798151</ele>
        <time>2025-10-09T14:13:30.528Z</time>
      </trkpt>
      <trkpt lat="-21.129926" lon="55.465347">
        <ele>1110.783777</ele>
        <time>2025-10-09T14:13:45.009Z</time>
      </trkpt>
      <trkpt lat="-21.129779" lon="55.465412">
        <ele>1111.834736</ele>
        <time>2025-10-09T14:13:59.759Z</time>
      </trkpt>
      <trkpt lat="-21.129636" lon="55.466372">
        <ele>1117.859462</ele>
        <time>2025-10-09T14:15:01.933Z</time>
      </trkpt>
      <trkpt lat="-21.129697" lon="55.466605">
        <ele>1119.351396</ele>
        <time>2025-10-09T14:15:13.017Z</time>
      </trkpt>
      <trkpt lat="-21.129821" lon="55.466462">
        <ele>1120.627735</ele>
        <time>2025-10-09T14:15:22.024Z</time>
      </trkpt>
      <trkpt lat="-21.130225" lon="55.466579">
        <ele>1122.180243</ele>
        <time>2025-10-09T14:15:40.867Z</time>
      </trkpt>
      <trkpt lat="-21.130336" lon="55.466683">
        <ele>1122.554017</ele>
        <time>2025-10-09T14:15:47.383Z</time>
      </trkpt>
      <trkpt lat="-21.130256" lon="55.467311">
        <ele>1124.077917</ele>
        <time>2025-10-09T14:16:15.088Z</time>
      </trkpt>
      <trkpt lat="-21.130295" lon="55.467757">
        <ele>1125.141452</ele>
        <time>2025-10-09T14:16:39.012Z</time>
      </trkpt>
      <trkpt lat="-21.130422" lon="55.467989">
        <ele>1125.777648</ele>
        <time>2025-10-09T14:16:57.770Z</time>
      </trkpt>
      <trkpt lat="-21.130604" lon="55.468122">
        <ele>1127.715105</ele>
        <time>2025-10-09T14:17:16.704Z</time>
      </trkpt>
      <trkpt lat="-21.130414" lon="55.468076">
        <ele>1130.356303</ele>
        <time>2025-10-09T14:17:36.857Z</time>
      </trkpt>
      <trkpt lat="-21.130463" lon="55.468364">
        <ele>1133.746113</ele>
        <time>2025-10-09T14:18:05.125Z</time>
      </trkpt>
      <trkpt lat="-21.130214" lon="55.468379">
        <ele>1137.110911</ele>
        <time>2025-10-09T14:18:33.585Z</time>
      </trkpt>
      <trkpt lat="-21.130103" lon="55.468238">
        <ele>1139.445191</ele>
        <time>2025-10-09T14:18:52.396Z</time>
      </trkpt>
      <trkpt lat="-21.129939" lon="55.468505">
        <ele>1143.102845</ele>
        <time>2025-10-09T14:19:19.176Z</time>
      </trkpt>
      <trkpt lat="-21.129786" lon="55.468319">
        <ele>1146.018014</ele>
        <time>2025-10-09T14:19:38.383Z</time>
      </trkpt>
      <trkpt lat="-21.129757" lon="55.468367">
        <ele>1146.67233</ele>
        <time>2025-10-09T14:19:42.251Z</time>
      </trkpt>
      <trkpt lat="-21.129761" lon="55.468719">
        <ele>1148.528939</ele>
        <time>2025-10-09T14:20:02.799Z</time>
      </trkpt>
      <trkpt lat="-21.129668" lon="55.468995">
        <ele>1149.165016</ele>
        <time>2025-10-09T14:20:17.014Z</time>
      </trkpt>
      <trkpt lat="-21.130016" lon="55.469759">
        <ele>1150.956631</ele>
        <time>2025-10-09T14:20:52.219Z</time>
      </trkpt>
      <trkpt lat="-21.129761" lon="55.470189">
        <ele>1152.039148</ele>
        <time>2025-10-09T14:21:18.218Z</time>
      </trkpt>
      <trkpt lat="-21.129696" lon="55.470623">
        <ele>1156.194862</ele>
        <time>2025-10-09T14:21:48.210Z</time>
      </trkpt>
      <trkpt lat="-21.129784" lon="55.471085">
        <ele>1160.901211</ele>
        <time>2025-10-09T14:22:27.114Z</time>
      </trkpt>
      <trkpt lat="-21.130446" lon="55.471107">
        <ele>1168.098612</ele>
        <time>2025-10-09T14:23:17.557Z</time>
      </trkpt>
      <trkpt lat="-21.13089" lon="55.471008">
        <ele>1172.497698</ele>
        <time>2025-10-09T14:23:48.107Z</time>
      </trkpt>
      <trkpt lat="-21.131162" lon="55.470659">
        <ele>1175.822244</ele>
        <time>2025-10-09T14:24:12.012Z</time>
      </trkpt>
      <trkpt lat="-21.131291" lon="55.470365">
        <ele>1178.174086</ele>
        <time>2025-10-09T14:24:28.074Z</time>
      </trkpt>
      <trkpt lat="-21.131279" lon="55.470829">
        <ele>1181.484378</ele>
        <time>2025-10-09T14:24:50.139Z</time>
      </trkpt>
      <trkpt lat="-21.131132" lon="55.470927">
        <ele>1182.927186</ele>
        <time>2025-10-09T14:25:00.844Z</time>
      </trkpt>
      <trkpt lat="-21.131364" lon="55.470957">
        <ele>1184.903012</ele>
        <time>2025-10-09T14:25:18.072Z</time>
      </trkpt>
      <trkpt lat="-21.131418" lon="55.47066">
        <ele>1186.93513</ele>
        <time>2025-10-09T14:25:39.121Z</time>
      </trkpt>
      <trkpt lat="-21.13154" lon="55.471011">
        <ele>1189.167493</ele>
        <time>2025-10-09T14:25:59.481Z</time>
      </trkpt>
      <trkpt lat="-21.131429" lon="55.471156">
        <ele>1190.31104</ele>
        <time>2025-10-09T14:26:08.906Z</time>
      </trkpt>
      <trkpt lat="-21.131548" lon="55.471189">
        <ele>1191.090916</ele>
        <time>2025-10-09T14:26:15.559Z</time>
      </trkpt>
      <trkpt lat="-21.131436" lon="55.471238">
        <ele>1191.858421</ele>
        <time>2025-10-09T14:26:21.809Z</time>
      </trkpt>
      <trkpt lat="-21.131636" lon="55.471225">
        <ele>1193.166869</ele>
        <time>2025-10-09T14:26:32.557Z</time>
      </trkpt>
      <trkpt lat="-21.131679" lon="55.471088">
        <ele>1194.022321</ele>
        <time>2025-10-09T14:26:39.670Z</time>
      </trkpt>
      <trkpt lat="-21.131627" lon="55.470838">
        <ele>1195.612247</ele>
        <time>2025-10-09T14:26:52.333Z</time>
      </trkpt>
      <trkpt lat="-21.131762" lon="55.471024">
        <ele>1196.797107</ele>
        <time>2025-10-09T14:27:03.739Z</time>
      </trkpt>
      <trkpt lat="-21.131758" lon="55.471251">
        <ele>1197.572654</ele>
        <time>2025-10-09T14:27:13.609Z</time>
      </trkpt>
      <trkpt lat="-21.131871" lon="55.471163">
        <ele>1198.106238</ele>
        <time>2025-10-09T14:27:19.932Z</time>
      </trkpt>
      <trkpt lat="-21.131815" lon="55.471346">
        <ele>1198.802415</ele>
        <time>2025-10-09T14:27:27.950Z</time>
      </trkpt>
      <trkpt lat="-21.131478" lon="55.471532">
        <ele>1200.179307</ele>
        <time>2025-10-09T14:27:44.768Z</time>
      </trkpt>
      <trkpt lat="-21.131591" lon="55.471598">
        <ele>1200.702483</ele>
        <time>2025-10-09T14:27:51.758Z</time>
      </trkpt>
      <trkpt lat="-21.131868" lon="55.472048">
        <ele>1202.539879</ele>
        <time>2025-10-09T14:28:16.474Z</time>
      </trkpt>
      <trkpt lat="-21.131855" lon="55.472173">
        <ele>1202.995708</ele>
        <time>2025-10-09T14:28:22.257Z</time>
      </trkpt>
      <trkpt lat="-21.131599" lon="55.472195">
        <ele>1205.868184</ele>
        <time>2025-10-09T14:28:36.493Z</time>
      </trkpt>
      <trkpt lat="-21.131414" lon="55.472061">
        <ele>1208.243597</ele>
        <time>2025-10-09T14:28:49.181Z</time>
      </trkpt>
      <trkpt lat="-21.131283" lon="55.472068">
        <ele>1209.688397</ele>
        <time>2025-10-09T14:28:57.341Z</time>
      </trkpt>
      <trkpt lat="-21.130553" lon="55.472784">
        <ele>1220.034818</ele>
        <time>2025-10-09T14:30:09.648Z</time>
      </trkpt>
      <trkpt lat="-21.130323" lon="55.473201">
        <ele>1226.033461</ele>
        <time>2025-10-09T14:30:45.474Z</time>
      </trkpt>
      <trkpt lat="-21.130141" lon="55.473164">
        <ele>1228.838655</ele>
        <time>2025-10-09T14:31:01.085Z</time>
      </trkpt>
      <trkpt lat="-21.130099" lon="55.473316">
        <ele>1231.05145</ele>
        <time>2025-10-09T14:31:13.752Z</time>
      </trkpt>
      <trkpt lat="-21.129544" lon="55.473753">
        <ele>1241.141645</ele>
        <time>2025-10-09T14:32:12.020Z</time>
      </trkpt>
      <trkpt lat="-21.129212" lon="55.473891">
        <ele>1246.378238</ele>
        <time>2025-10-09T14:32:39.389Z</time>
      </trkpt>
      <trkpt lat="-21.129162" lon="55.474058">
        <ele>1248.390634</ele>
        <time>2025-10-09T14:32:51.438Z</time>
      </trkpt>
      <trkpt lat="-21.129161" lon="55.474216">
        <ele>1250.024857</ele>
        <time>2025-10-09T14:33:05.007Z</time>
      </trkpt>
      <trkpt lat="-21.128365" lon="55.473612">
        <ele>1258.842967</ele>
        <time>2025-10-09T14:34:13.563Z</time>
      </trkpt>
      <trkpt lat="-21.128301" lon="55.473233">
        <ele>1262.071223</ele>
        <time>2025-10-09T14:34:34.877Z</time>
      </trkpt>
      <trkpt lat="-21.127933" lon="55.472191">
        <ele>1276.381489</ele>
        <time>2025-10-09T14:35:56.165Z</time>
      </trkpt>
      <trkpt lat="-21.127794" lon="55.472243">
        <ele>1278.659202</ele>
        <time>2025-10-09T14:36:11.156Z</time>
      </trkpt>
      <trkpt lat="-21.127715" lon="55.472539">
        <ele>1282.924603</ele>
        <time>2025-10-09T14:36:41.338Z</time>
      </trkpt>
      <trkpt lat="-21.127525" lon="55.472692">
        <ele>1286.454014</ele>
        <time>2025-10-09T14:37:08.280Z</time>
      </trkpt>
      <trkpt lat="-21.127281" lon="55.472654">
        <ele>1290.232046</ele>
        <time>2025-10-09T14:37:39.296Z</time>
      </trkpt>
      <trkpt lat="-21.127076" lon="55.472807">
        <ele>1293.180998</ele>
        <time>2025-10-09T14:38:10.479Z</time>
      </trkpt>
      <trkpt lat="-21.12687" lon="55.473423">
        <ele>1300.086778</ele>
        <time>2025-10-09T14:39:12.960Z</time>
      </trkpt>
      <trkpt lat="-21.12649" lon="55.473349">
        <ele>1304.525929</ele>
        <time>2025-10-09T14:39:42.356Z</time>
      </trkpt>
      <trkpt lat="-21.12663" lon="55.473027">
        <ele>1308.250027</ele>
        <time>2025-10-09T14:39:59.859Z</time>
      </trkpt>
      <trkpt lat="-21.126682" lon="55.472609">
        <ele>1312.744234</ele>
        <time>2025-10-09T14:40:19.093Z</time>
      </trkpt>
      <trkpt lat="-21.12707" lon="55.471877">
        <ele>1321.974754</ele>
        <time>2025-10-09T14:41:06.938Z</time>
      </trkpt>
      <trkpt lat="-21.12646" lon="55.472201">
        <ele>1329.998369</ele>
        <time>2025-10-09T14:42:13.839Z</time>
      </trkpt>
      <trkpt lat="-21.126374" lon="55.472039">
        <ele>1332.490501</ele>
        <time>2025-10-09T14:42:38.599Z</time>
      </trkpt>
      <trkpt lat="-21.126463" lon="55.471816">
        <ele>1338.632962</ele>
        <time>2025-10-09T14:43:13.732Z</time>
      </trkpt>
      <trkpt lat="-21.125726" lon="55.472405">
        <ele>1363.590795</ele>
        <time>2025-10-09T14:45:38.031Z</time>
      </trkpt>
      <trkpt lat="-21.125508" lon="55.472459">
        <ele>1369.627156</ele>
        <time>2025-10-09T14:46:10.952Z</time>
      </trkpt>
      <trkpt lat="-21.125386" lon="55.472661">
        <ele>1375.668331</ele>
        <time>2025-10-09T14:46:43.433Z</time>
      </trkpt>
      <trkpt lat="-21.125218" lon="55.472761">
        <ele>1380.787387</ele>
        <time>2025-10-09T14:47:11.070Z</time>
      </trkpt>
      <trkpt lat="-21.124675" lon="55.473029">
        <ele>1395.319415</ele>
        <time>2025-10-09T14:48:35.817Z</time>
      </trkpt>
      <trkpt lat="-21.124614" lon="55.472798">
        <ele>1400.784729</ele>
        <time>2025-10-09T14:49:04.426Z</time>
      </trkpt>
      <trkpt lat="-21.124548" lon="55.472799">
        <ele>1402.377314</ele>
        <time>2025-10-09T14:49:12.907Z</time>
      </trkpt>
      <trkpt lat="-21.124264" lon="55.473048">
        <ele>1411.279924</ele>
        <time>2025-10-09T14:49:59.978Z</time>
      </trkpt>
      <trkpt lat="-21.124147" lon="55.473027">
        <ele>1414.142153</ele>
        <time>2025-10-09T14:50:15.589Z</time>
      </trkpt>
      <trkpt lat="-21.12395" lon="55.473104">
        <ele>1420.037863</ele>
        <time>2025-10-09T14:50:48.549Z</time>
      </trkpt>
      <trkpt lat="-21.123843" lon="55.473565">
        <ele>1429.572812</ele>
        <time>2025-10-09T14:51:50.061Z</time>
      </trkpt>
      <trkpt lat="-21.12364" lon="55.473803">
        <ele>1435.334202</ele>
        <time>2025-10-09T14:52:28.858Z</time>
      </trkpt>
      <trkpt lat="-21.123352" lon="55.473805">
        <ele>1440.915981</ele>
        <time>2025-10-09T14:53:02.979Z</time>
      </trkpt>
      <trkpt lat="-21.123369" lon="55.473954">
        <ele>1443.597706</ele>
        <time>2025-10-09T14:53:18.179Z</time>
      </trkpt>
      <trkpt lat="-21.12308" lon="55.473953">
        <ele>1449.132634</ele>
        <time>2025-10-09T14:53:50.035Z</time>
      </trkpt>
      <trkpt lat="-21.122968" lon="55.474029">
        <ele>1451.752739</ele>
        <time>2025-10-09T14:54:04.288Z</time>
      </trkpt>
      <trkpt lat="-21.12325" lon="55.474323">
        <ele>1458.569716</ele>
        <time>2025-10-09T14:54:43.312Z</time>
      </trkpt>
      <trkpt lat="-21.123179" lon="55.475003">
        <ele>1461.809344</ele>
        <time>2025-10-09T14:55:29.130Z</time>
      </trkpt>
      <trkpt lat="-21.123434" lon="55.475958">
        <ele>1466.49576</ele>
        <time>2025-10-09T14:56:18.595Z</time>
      </trkpt>
      <trkpt lat="-21.123532" lon="55.476745">
        <ele>1462.581173</ele>
        <time>2025-10-09T14:56:51.761Z</time>
      </trkpt>
      <trkpt lat="-21.12393" lon="55.477088">
        <ele>1458.622458</ele>
        <time>2025-10-09T14:57:11.983Z</time>
      </trkpt>
      <trkpt lat="-21.124448" lon="55.477752">
        <ele>1452.47888</ele>
        <time>2025-10-09T14:57:42.817Z</time>
      </trkpt>
      <trkpt lat="-21.124574" lon="55.478095">
        <ele>1450.191874</ele>
        <time>2025-10-09T14:57:55.863Z</time>
      </trkpt>
      <trkpt lat="-21.124969" lon="55.478734">
        <ele>1445.436119</ele>
        <time>2025-10-09T14:58:24.840Z</time>
      </trkpt>
      <trkpt lat="-21.125206" lon="55.478758">
        <ele>1443.840468</ele>
        <time>2025-10-09T14:58:34.557Z</time>
      </trkpt>
      <trkpt lat="-21.125305" lon="55.478964">
        <ele>1442.402824</ele>
        <time>2025-10-09T14:58:44.817Z</time>
      </trkpt>
      <trkpt lat="-21.125152" lon="55.479019">
        <ele>1441.211011</ele>
        <time>2025-10-09T14:58:53.601Z</time>
      </trkpt>
      <trkpt lat="-21.125176" lon="55.479146">
        <ele>1440.458512</ele>
        <time>2025-10-09T14:58:59.603Z</time>
      </trkpt>
      <trkpt lat="-21.124723" lon="55.479735">
        <ele>1436.025343</ele>
        <time>2025-10-09T14:59:33.483Z</time>
      </trkpt>
      <trkpt lat="-21.124198" lon="55.479812">
        <ele>1432.654523</ele>
        <time>2025-10-09T14:59:56.173Z</time>
      </trkpt>
      <trkpt lat="-21.124178" lon="55.480018">
        <ele>1431.427463</ele>
        <time>2025-10-09T15:00:03.710Z</time>
      </trkpt>
      <trkpt lat="-21.124276" lon="55.48018">
        <ele>1430.287718</ele>
        <time>2025-10-09T15:00:10.631Z</time>
      </trkpt>
      <trkpt lat="-21.12406" lon="55.480625">
        <ele>1420.735801</ele>
        <time>2025-10-09T15:00:28.416Z</time>
      </trkpt>
      <trkpt lat="-21.124159" lon="55.480946">
        <ele>1413.873868</ele>
        <time>2025-10-09T15:00:40.727Z</time>
      </trkpt>
      <trkpt lat="-21.12438" lon="55.481203">
        <ele>1407.083693</ele>
        <time>2025-10-09T15:00:53.160Z</time>
      </trkpt>
      <trkpt lat="-21.124739" lon="55.481434">
        <ele>1398.324743</ele>
        <time>2025-10-09T15:01:09.346Z</time>
      </trkpt>
      <trkpt lat="-21.124992" lon="55.481782">
        <ele>1391.480099</ele>
        <time>2025-10-09T15:01:24.831Z</time>
      </trkpt>
      <trkpt lat="-21.125047" lon="55.481912">
        <ele>1390.352745</ele>
        <time>2025-10-09T15:01:29.856Z</time>
      </trkpt>
      <trkpt lat="-21.124976" lon="55.482006">
        <ele>1388.731976</ele>
        <time>2025-10-09T15:01:37.069Z</time>
      </trkpt>
      <trkpt lat="-21.124908" lon="55.482031">
        <ele>1388.123335</ele>
        <time>2025-10-09T15:01:39.792Z</time>
      </trkpt>
      <trkpt lat="-21.125084" lon="55.482256">
        <ele>1385.768034</ele>
        <time>2025-10-09T15:01:50.529Z</time>
      </trkpt>
      <trkpt lat="-21.124801" lon="55.482165">
        <ele>1383.231223</ele>
        <time>2025-10-09T15:02:01.081Z</time>
      </trkpt>
      <trkpt lat="-21.124375" lon="55.481675">
        <ele>1377.891514</ele>
        <time>2025-10-09T15:02:26.435Z</time>
      </trkpt>
      <trkpt lat="-21.123116" lon="55.481343">
        <ele>1377.471737</ele>
        <time>2025-10-09T15:03:23.534Z</time>
      </trkpt>
      <trkpt lat="-21.123018" lon="55.481398">
        <ele>1377.4735</ele>
        <time>2025-10-09T15:03:27.788Z</time>
      </trkpt>
      <trkpt lat="-21.122993" lon="55.481542">
        <ele>1377.47575</ele>
        <time>2025-10-09T15:03:33.263Z</time>
      </trkpt>
      <trkpt lat="-21.123218" lon="55.482023">
        <ele>1378.944619</ele>
        <time>2025-10-09T15:03:53.517Z</time>
      </trkpt>
      <trkpt lat="-21.123402" lon="55.482231">
        <ele>1380.838191</ele>
        <time>2025-10-09T15:04:04.884Z</time>
      </trkpt>
      <trkpt lat="-21.123359" lon="55.48247">
        <ele>1382.446043</ele>
        <time>2025-10-09T15:04:15.548Z</time>
      </trkpt>
      <trkpt lat="-21.12346" lon="55.483204">
        <ele>1387.34707</ele>
        <time>2025-10-09T15:04:59.143Z</time>
      </trkpt>
      <trkpt lat="-21.122577" lon="55.482486">
        <ele>1401.387961</ele>
        <time>2025-10-09T15:07:01.203Z</time>
      </trkpt>
      <trkpt lat="-21.122775" lon="55.483184">
        <ele>1411.799184</ele>
        <time>2025-10-09T15:08:16.525Z</time>
      </trkpt>
      <trkpt lat="-21.122779" lon="55.483555">
        <ele>1417.159007</ele>
        <time>2025-10-09T15:08:58.597Z</time>
      </trkpt>
      <trkpt lat="-21.122014" lon="55.48374">
        <ele>1434.470609</ele>
        <time>2025-10-09T15:10:48.473Z</time>
      </trkpt>
      <trkpt lat="-21.121879" lon="55.484065">
        <ele>1441.904445</ele>
        <time>2025-10-09T15:11:41.426Z</time>
      </trkpt>
      <trkpt lat="-21.121724" lon="55.48396">
        <ele>1445.916951</ele>
        <time>2025-10-09T15:12:10.663Z</time>
      </trkpt>
      <trkpt lat="-21.121687" lon="55.484167">
        <ele>1450.644256</ele>
        <time>2025-10-09T15:12:45.177Z</time>
      </trkpt>
      <trkpt lat="-21.121603" lon="55.484071">
        <ele>1453.436603</ele>
        <time>2025-10-09T15:13:05.542Z</time>
      </trkpt>
      <trkpt lat="-21.121627" lon="55.484178">
        <ele>1455.683139</ele>
        <time>2025-10-09T15:13:21.773Z</time>
      </trkpt>
      <trkpt lat="-21.121521" lon="55.484158">
        <ele>1458.747598</ele>
        <time>2025-10-09T15:13:42.814Z</time>
      </trkpt>
      <trkpt lat="-21.121545" lon="55.484281">
        <ele>1461.500382</ele>
        <time>2025-10-09T15:14:00.979Z</time>
      </trkpt>
      <trkpt lat="-21.121413" lon="55.484216">
        <ele>1464.911651</ele>
        <time>2025-10-09T15:14:23.442Z</time>
      </trkpt>
      <trkpt lat="-21.121438" lon="55.48465">
        <ele>1474.704225</ele>
        <time>2025-10-09T15:15:27.336Z</time>
      </trkpt>
      <trkpt lat="-21.121319" lon="55.484747">
        <ele>1478.214916</ele>
        <time>2025-10-09T15:15:50.093Z</time>
      </trkpt>
      <trkpt lat="-21.121143" lon="55.484809">
        <ele>1483.622673</ele>
        <time>2025-10-09T15:16:25.206Z</time>
      </trkpt>
      <trkpt lat="-21.121104" lon="55.484702">
        <ele>1486.626166</ele>
        <time>2025-10-09T15:16:44.689Z</time>
      </trkpt>
      <trkpt lat="-21.121066" lon="55.484819">
        <ele>1489.340116</ele>
        <time>2025-10-09T15:17:02.546Z</time>
      </trkpt>
      <trkpt lat="-21.121055" lon="55.484635">
        <ele>1493.379146</ele>
        <time>2025-10-09T15:17:29.394Z</time>
      </trkpt>
      <trkpt lat="-21.120968" lon="55.484662">
        <ele>1495.50614</ele>
        <time>2025-10-09T15:17:43.482Z</time>
      </trkpt>
      <trkpt lat="-21.12101" lon="55.484531">
        <ele>1498.723726</ele>
        <time>2025-10-09T15:18:05.024Z</time>
      </trkpt>
      <trkpt lat="-21.120859" lon="55.484491">
        <ele>1503.538552</ele>
        <time>2025-10-09T15:18:30.473Z</time>
      </trkpt>
      <trkpt lat="-21.12081" lon="55.484375">
        <ele>1507.313867</ele>
        <time>2025-10-09T15:18:50.374Z</time>
      </trkpt>
      <trkpt lat="-21.12077" lon="55.484586">
        <ele>1513.484265</ele>
        <time>2025-10-09T15:19:23.870Z</time>
      </trkpt>
      <trkpt lat="-21.120696" lon="55.484457">
        <ele>1517.824204</ele>
        <time>2025-10-09T15:19:48.229Z</time>
      </trkpt>
      <trkpt lat="-21.120679" lon="55.484542">
        <ele>1520.315476</ele>
        <time>2025-10-09T15:20:02.573Z</time>
      </trkpt>
      <trkpt lat="-21.120623" lon="55.484442">
        <ele>1523.658006</ele>
        <time>2025-10-09T15:20:22.316Z</time>
      </trkpt>
      <trkpt lat="-21.120562" lon="55.484469">
        <ele>1526.379351</ele>
        <time>2025-10-09T15:20:38.931Z</time>
      </trkpt>
      <trkpt lat="-21.120639" lon="55.484735">
        <ele>1535.100334</ele>
        <time>2025-10-09T15:21:34.693Z</time>
      </trkpt>
      <trkpt lat="-21.12047" lon="55.484593">
        <ele>1541.697032</ele>
        <time>2025-10-09T15:22:20.982Z</time>
      </trkpt>
      <trkpt lat="-21.120383" lon="55.484387">
        <ele>1548.177407</ele>
        <time>2025-10-09T15:23:08.836Z</time>
      </trkpt>
      <trkpt lat="-21.120341" lon="55.484482">
        <ele>1551.190194</ele>
        <time>2025-10-09T15:23:31.459Z</time>
      </trkpt>
      <trkpt lat="-21.119974" lon="55.484445">
        <ele>1563.126315</ele>
        <time>2025-10-09T15:25:04.171Z</time>
      </trkpt>
      <trkpt lat="-21.120079" lon="55.48462">
        <ele>1569.574676</ele>
        <time>2025-10-09T15:25:54.704Z</time>
      </trkpt>
      <trkpt lat="-21.119887" lon="55.484678">
        <ele>1575.829339</ele>
        <time>2025-10-09T15:26:42.033Z</time>
      </trkpt>
      <trkpt lat="-21.119781" lon="55.484632">
        <ele>1579.624136</ele>
        <time>2025-10-09T15:27:09.531Z</time>
      </trkpt>
      <trkpt lat="-21.119667" lon="55.484859">
        <ele>1587.089441</ele>
        <time>2025-10-09T15:27:58.491Z</time>
      </trkpt>
      <trkpt lat="-21.119491" lon="55.485008">
        <ele>1594.051107</ele>
        <time>2025-10-09T15:28:39.784Z</time>
      </trkpt>
      <trkpt lat="-21.119593" lon="55.485131">
        <ele>1599.846576</ele>
        <time>2025-10-09T15:29:10.909Z</time>
      </trkpt>
      <trkpt lat="-21.119337" lon="55.485269">
        <ele>1609.014729</ele>
        <time>2025-10-09T15:29:56.126Z</time>
      </trkpt>
      <trkpt lat="-21.119366" lon="55.485428">
        <ele>1612.500029</ele>
        <time>2025-10-09T15:30:19.118Z</time>
      </trkpt>
      <trkpt lat="-21.119523" lon="55.485532">
        <ele>1615.774744</ele>
        <time>2025-10-09T15:30:42.567Z</time>
      </trkpt>
      <trkpt lat="-21.119396" lon="55.485584">
        <ele>1619.060428</ele>
        <time>2025-10-09T15:31:04.720Z</time>
      </trkpt>
      <trkpt lat="-21.119359" lon="55.485674">
        <ele>1620.735461</ele>
        <time>2025-10-09T15:31:15.442Z</time>
      </trkpt>
      <trkpt lat="-21.119456" lon="55.485971">
        <ele>1626.16784</ele>
        <time>2025-10-09T15:31:48.322Z</time>
      </trkpt>
      <trkpt lat="-21.119253" lon="55.486034">
        <ele>1630.535652</ele>
        <time>2025-10-09T15:32:13.922Z</time>
      </trkpt>
      <trkpt lat="-21.119018" lon="55.485933">
        <ele>1635.028077</ele>
        <time>2025-10-09T15:32:40.126Z</time>
      </trkpt>
      <trkpt lat="-21.118969" lon="55.486015">
        <ele>1636.63994</ele>
        <time>2025-10-09T15:32:50.090Z</time>
      </trkpt>
      <trkpt lat="-21.118855" lon="55.486002">
        <ele>1638.830972</ele>
        <time>2025-10-09T15:33:04.649Z</time>
      </trkpt>
      <trkpt lat="-21.118955" lon="55.486197">
        <ele>1643.322291</ele>
        <time>2025-10-09T15:33:33.736Z</time>
      </trkpt>
      <trkpt lat="-21.119096" lon="55.486232">
        <ele>1648.008888</ele>
        <time>2025-10-09T15:33:55.545Z</time>
      </trkpt>
      <trkpt lat="-21.119071" lon="55.486403">
        <ele>1655.138809</ele>
        <time>2025-10-09T15:34:31.346Z</time>
      </trkpt>
      <trkpt lat="-21.118947" lon="55.486321">
        <ele>1659.856639</ele>
        <time>2025-10-09T15:34:56.300Z</time>
      </trkpt>
      <trkpt lat="-21.118964" lon="55.486562">
        <ele>1667.404561</ele>
        <time>2025-10-09T15:35:39.959Z</time>
      </trkpt>
      <trkpt lat="-21.118806" lon="55.486376">
        <ele>1675.093477</ele>
        <time>2025-10-09T15:36:29.775Z</time>
      </trkpt>
      <trkpt lat="-21.118797" lon="55.486449">
        <ele>1677.317735</ele>
        <time>2025-10-09T15:36:44.902Z</time>
      </trkpt>
      <trkpt lat="-21.118719" lon="55.486387">
        <ele>1680.462074</ele>
        <time>2025-10-09T15:37:06.968Z</time>
      </trkpt>
      <trkpt lat="-21.118679" lon="55.486464">
        <ele>1683.124322</ele>
        <time>2025-10-09T15:37:25.898Z</time>
      </trkpt>
      <trkpt lat="-21.118396" lon="55.48635">
        <ele>1693.908004</ele>
        <time>2025-10-09T15:38:48.595Z</time>
      </trkpt>
      <trkpt lat="-21.118242" lon="55.486434">
        <ele>1699.631404</ele>
        <time>2025-10-09T15:39:36.461Z</time>
      </trkpt>
      <trkpt lat="-21.118241" lon="55.48637">
        <ele>1701.872359</ele>
        <time>2025-10-09T15:39:53.297Z</time>
      </trkpt>
      <trkpt lat="-21.117961" lon="55.486993">
        <ele>1728.84991</ele>
        <time>2025-10-09T15:42:59.901Z</time>
      </trkpt>
      <trkpt lat="-21.117876" lon="55.487053">
        <ele>1732.960384</ele>
        <time>2025-10-09T15:43:27.014Z</time>
      </trkpt>
      <trkpt lat="-21.117879" lon="55.486771">
        <ele>1743.764906</ele>
        <time>2025-10-09T15:44:34.831Z</time>
      </trkpt>
      <trkpt lat="-21.117811" lon="55.48685">
        <ele>1747.814848</ele>
        <time>2025-10-09T15:44:58.995Z</time>
      </trkpt>
      <trkpt lat="-21.117775" lon="55.486738">
        <ele>1752.278072</ele>
        <time>2025-10-09T15:45:25.032Z</time>
      </trkpt>
      <trkpt lat="-21.117738" lon="55.4868">
        <ele>1755.842288</ele>
        <time>2025-10-09T15:45:45.395Z</time>
      </trkpt>
      <trkpt lat="-21.117673" lon="55.486711">
        <ele>1760.10092</ele>
        <time>2025-10-09T15:46:09.335Z</time>
      </trkpt>
      <trkpt lat="-21.117681" lon="55.486849">
        <ele>1765.310285</ele>
        <time>2025-10-09T15:46:38.362Z</time>
      </trkpt>
      <trkpt lat="-21.117599" lon="55.48696">
        <ele>1770.644916</ele>
        <time>2025-10-09T15:47:07.948Z</time>
      </trkpt>
      <trkpt lat="-21.117594" lon="55.486806">
        <ele>1776.508468</ele>
        <time>2025-10-09T15:47:40.109Z</time>
      </trkpt>
      <trkpt lat="-21.117533" lon="55.486923">
        <ele>1781.642264</ele>
        <time>2025-10-09T15:48:08.247Z</time>
      </trkpt>
      <trkpt lat="-21.117466" lon="55.486855">
        <ele>1786.831132</ele>
        <time>2025-10-09T15:48:36.941Z</time>
      </trkpt>
      <trkpt lat="-21.117427" lon="55.486948">
        <ele>1790.99414</ele>
        <time>2025-10-09T15:49:00.494Z</time>
      </trkpt>
      <trkpt lat="-21.117363" lon="55.48683">
        <ele>1796.354205</ele>
        <time>2025-10-09T15:49:31.620Z</time>
      </trkpt>
      <trkpt lat="-21.117329" lon="55.487164">
        <ele>1809.680762</ele>
        <time>2025-10-09T15:50:53.327Z</time>
      </trkpt>
      <trkpt lat="-21.11686" lon="55.487512">
        <ele>1833.783148</ele>
        <time>2025-10-09T15:53:34.585Z</time>
      </trkpt>
      <trkpt lat="-21.116543" lon="55.48751">
        <ele>1847.042724</ele>
        <time>2025-10-09T15:55:07.606Z</time>
      </trkpt>
      <trkpt lat="-21.11639" lon="55.487316">
        <ele>1855.244388</ele>
        <time>2025-10-09T15:56:14.255Z</time>
      </trkpt>
      <trkpt lat="-21.116324" lon="55.48707">
        <ele>1863.632533</ele>
        <time>2025-10-09T15:57:18.422Z</time>
      </trkpt>
      <trkpt lat="-21.116104" lon="55.487123">
        <ele>1871.43639</ele>
        <time>2025-10-09T15:58:14.338Z</time>
      </trkpt>
      <trkpt lat="-21.115772" lon="55.487488">
        <ele>1888.108979</ele>
        <time>2025-10-09T15:59:57.652Z</time>
      </trkpt>
      <trkpt lat="-21.115627" lon="55.488306">
        <ele>1913.418495</ele>
        <time>2025-10-09T16:02:08.170Z</time>
      </trkpt>
      <trkpt lat="-21.115338" lon="55.487922">
        <ele>1924.232693</ele>
        <time>2025-10-09T16:03:16.903Z</time>
      </trkpt>
      <trkpt lat="-21.115211" lon="55.487985">
        <ele>1927.785601</ele>
        <time>2025-10-09T16:03:39.693Z</time>
      </trkpt>
      <trkpt lat="-21.114867" lon="55.487874">
        <ele>1936.158704</ele>
        <time>2025-10-09T16:04:34.427Z</time>
      </trkpt>
      <trkpt lat="-21.114557" lon="55.487935">
        <ele>1943.574332</ele>
        <time>2025-10-09T16:05:23.989Z</time>
      </trkpt>
      <trkpt lat="-21.113981" lon="55.487757">
        <ele>1957.380773</ele>
        <time>2025-10-09T16:06:59.057Z</time>
      </trkpt>
      <trkpt lat="-21.11295" lon="55.488189">
        <ele>1982.466251</ele>
        <time>2025-10-09T16:09:47.814Z</time>
      </trkpt>
      <trkpt lat="-21.112859" lon="55.488341">
        <ele>1986.211118</ele>
        <time>2025-10-09T16:10:13.169Z</time>
      </trkpt>
      <trkpt lat="-21.112829" lon="55.488757">
        <ele>1994.506221</ele>
        <time>2025-10-09T16:11:13.607Z</time>
      </trkpt>
      <trkpt lat="-21.113064" lon="55.488857">
        <ele>1999.678418</ele>
        <time>2025-10-09T16:11:53.929Z</time>
      </trkpt>
      <trkpt lat="-21.113059" lon="55.489145">
        <ele>2005.052088</ele>
        <time>2025-10-09T16:12:31.061Z</time>
      </trkpt>
      <trkpt lat="-21.112996" lon="55.489616">
        <ele>2012.898846</ele>
        <time>2025-10-09T16:13:19.529Z</time>
      </trkpt>
      <trkpt lat="-21.113268" lon="55.489523">
        <ele>2018.010498</ele>
        <time>2025-10-09T16:13:51.040Z</time>
      </trkpt>
      <trkpt lat="-21.113407" lon="55.490019">
        <ele>2028.77537</ele>
        <time>2025-10-09T16:14:46.939Z</time>
      </trkpt>
      <trkpt lat="-21.113507" lon="55.490066">
        <ele>2031.666889</ele>
        <time>2025-10-09T16:15:01.249Z</time>
      </trkpt>
      <trkpt lat="-21.113682" lon="55.490493">
        <ele>2043.188544</ele>
        <time>2025-10-09T16:16:07.380Z</time>
      </trkpt>
      <trkpt lat="-21.113362" lon="55.490712">
        <ele>2053.327938</ele>
        <time>2025-10-09T16:17:13.682Z</time>
      </trkpt>
      <trkpt lat="-21.113318" lon="55.491023">
        <ele>2061.098708</ele>
        <time>2025-10-09T16:18:13.254Z</time>
      </trkpt>
      <trkpt lat="-21.113226" lon="55.491127">
        <ele>2064.63939</ele>
        <time>2025-10-09T16:18:43.139Z</time>
      </trkpt>
      <trkpt lat="-21.113352" lon="55.491197">
        <ele>2068.397563</ele>
        <time>2025-10-09T16:19:15.496Z</time>
      </trkpt>
      <trkpt lat="-21.113286" lon="55.491248">
        <ele>2070.832738</ele>
        <time>2025-10-09T16:19:34.332Z</time>
      </trkpt>
      <trkpt lat="-21.113368" lon="55.491351">
        <ele>2075.175682</ele>
        <time>2025-10-09T16:20:04.391Z</time>
      </trkpt>
      <trkpt lat="-21.113296" lon="55.49137">
        <ele>2077.725005</ele>
        <time>2025-10-09T16:20:22.331Z</time>
      </trkpt>
      <trkpt lat="-21.113572" lon="55.491617">
        <ele>2090.521675</ele>
        <time>2025-10-09T16:21:51.369Z</time>
      </trkpt>
      <trkpt lat="-21.113119" lon="55.491574">
        <ele>2106.322234</ele>
        <time>2025-10-09T16:23:32.769Z</time>
      </trkpt>
      <trkpt lat="-21.113134" lon="55.4917">
        <ele>2110.578947</ele>
        <time>2025-10-09T16:23:58.247Z</time>
      </trkpt>
      <trkpt lat="-21.113054" lon="55.491655">
        <ele>2113.685089</ele>
        <time>2025-10-09T16:24:16.522Z</time>
      </trkpt>
      <trkpt lat="-21.113049" lon="55.491747">
        <ele>2117.443255</ele>
        <time>2025-10-09T16:24:38.347Z</time>
      </trkpt>
      <trkpt lat="-21.112928" lon="55.491744">
        <ele>2121.604447</ele>
        <time>2025-10-09T16:25:02.395Z</time>
      </trkpt>
      <trkpt lat="-21.11305" lon="55.491895">
        <ele>2128.585819</ele>
        <time>2025-10-09T16:25:42.991Z</time>
      </trkpt>
      <trkpt lat="-21.11301" lon="55.491928">
        <ele>2130.321183</ele>
        <time>2025-10-09T16:25:52.959Z</time>
      </trkpt>
      <trkpt lat="-21.113442" lon="55.492232">
        <ele>2146.670297</ele>
        <time>2025-10-09T16:27:35.220Z</time>
      </trkpt>
      <trkpt lat="-21.113443" lon="55.49232">
        <ele>2149.172394</ele>
        <time>2025-10-09T16:27:50.611Z</time>
      </trkpt>
      <trkpt lat="-21.113296" lon="55.492247">
        <ele>2154.321688</ele>
        <time>2025-10-09T16:28:21.441Z</time>
      </trkpt>
      <trkpt lat="-21.113398" lon="55.492423">
        <ele>2160.484042</ele>
        <time>2025-10-09T16:28:57.363Z</time>
      </trkpt>
      <trkpt lat="-21.113295" lon="55.492396">
        <ele>2164.115754</ele>
        <time>2025-10-09T16:29:18.393Z</time>
      </trkpt>
      <trkpt lat="-21.113296" lon="55.492514">
        <ele>2167.470732</ele>
        <time>2025-10-09T16:29:37.701Z</time>
      </trkpt>
      <trkpt lat="-21.113222" lon="55.49248">
        <ele>2169.924442</ele>
        <time>2025-10-09T16:29:52.249Z</time>
      </trkpt>
      <trkpt lat="-21.113227" lon="55.492772">
        <ele>2178.227651</ele>
        <time>2025-10-09T16:30:42.954Z</time>
      </trkpt>
      <trkpt lat="-21.113492" lon="55.492789">
        <ele>2186.948228</ele>
        <time>2025-10-09T16:31:39.355Z</time>
      </trkpt>
      <trkpt lat="-21.113413" lon="55.492846">
        <ele>2190.499651</ele>
        <time>2025-10-09T16:31:59.083Z</time>
      </trkpt>
      <trkpt lat="-21.113475" lon="55.492988">
        <ele>2196.049819</ele>
        <time>2025-10-09T16:32:30.458Z</time>
      </trkpt>
      <trkpt lat="-21.11335" lon="55.492977">
        <ele>2200.905846</ele>
        <time>2025-10-09T16:32:58.497Z</time>
      </trkpt>
      <trkpt lat="-21.113353" lon="55.493093">
        <ele>2204.943065</ele>
        <time>2025-10-09T16:33:22.181Z</time>
      </trkpt>
      <trkpt lat="-21.113555" lon="55.493164">
        <ele>2212.871035</ele>
        <time>2025-10-09T16:34:10.047Z</time>
      </trkpt>
      <trkpt lat="-21.1133" lon="55.493228">
        <ele>2222.638129</ele>
        <time>2025-10-09T16:35:10.878Z</time>
      </trkpt>
      <trkpt lat="-21.113225" lon="55.493179">
        <ele>2225.913717</ele>
        <time>2025-10-09T16:35:31.838Z</time>
      </trkpt>
      <trkpt lat="-21.113133" lon="55.493266">
        <ele>2230.488999</ele>
        <time>2025-10-09T16:36:01.908Z</time>
      </trkpt>
      <trkpt lat="-21.113302" lon="55.493407">
        <ele>2238.892904</ele>
        <time>2025-10-09T16:36:59.298Z</time>
      </trkpt>
      <trkpt lat="-21.113099" lon="55.493413">
        <ele>2246.46642</ele>
        <time>2025-10-09T16:37:53.092Z</time>
      </trkpt>
      <trkpt lat="-21.11317" lon="55.493521">
        <ele>2251.063033</ele>
        <time>2025-10-09T16:38:25.788Z</time>
      </trkpt>
      <trkpt lat="-21.11297" lon="55.493453">
        <ele>2258.180594</ele>
        <time>2025-10-09T16:39:24.381Z</time>
      </trkpt>
      <trkpt lat="-21.112921" lon="55.493468">
        <ele>2259.688023</ele>
        <time>2025-10-09T16:39:37.190Z</time>
      </trkpt>
      <trkpt lat="-21.113038" lon="55.493556">
        <ele>2263.915998</ele>
        <time>2025-10-09T16:40:13.129Z</time>
      </trkpt>
      <trkpt lat="-21.112749" lon="55.49362">
        <ele>2272.70588</ele>
        <time>2025-10-09T16:41:24.231Z</time>
      </trkpt>
      <trkpt lat="-21.112672" lon="55.49354">
        <ele>2275.87793</ele>
        <time>2025-10-09T16:41:47.778Z</time>
      </trkpt>
      <trkpt lat="-21.112643" lon="55.493684">
        <ele>2281.467452</ele>
        <time>2025-10-09T16:42:24.504Z</time>
      </trkpt>
      <trkpt lat="-21.112543" lon="55.493649">
        <ele>2284.579266</ele>
        <time>2025-10-09T16:42:43.500Z</time>
      </trkpt>
      <trkpt lat="-21.112569" lon="55.493731">
        <ele>2286.969243</ele>
        <time>2025-10-09T16:42:57.282Z</time>
      </trkpt>
      <trkpt lat="-21.112501" lon="55.493728">
        <ele>2288.982474</ele>
        <time>2025-10-09T16:43:08.781Z</time>
      </trkpt>
      <trkpt lat="-21.112804" lon="55.493922">
        <ele>2299.422696</ele>
        <time>2025-10-09T16:44:01.165Z</time>
      </trkpt>
      <trkpt lat="-21.112936" lon="55.494098">
        <ele>2305.65452</ele>
        <time>2025-10-09T16:44:25.636Z</time>
      </trkpt>
      <trkpt lat="-21.112688" lon="55.494054">
        <ele>2310.60261</ele>
        <time>2025-10-09T16:44:51.934Z</time>
      </trkpt>
      <trkpt lat="-21.112851" lon="55.494194">
        <ele>2314.369067</ele>
        <time>2025-10-09T16:45:13.099Z</time>
      </trkpt>
      <trkpt lat="-21.113195" lon="55.494259">
        <ele>2321.125931</ele>
        <time>2025-10-09T16:45:51.787Z</time>
      </trkpt>
      <trkpt lat="-21.112904" lon="55.494348">
        <ele>2326.673709</ele>
        <time>2025-10-09T16:46:25.722Z</time>
      </trkpt>
      <trkpt lat="-21.113129" lon="55.494417">
        <ele>2331.172587</ele>
        <time>2025-10-09T16:46:57.541Z</time>
      </trkpt>
      <trkpt lat="-21.113063" lon="55.494411">
        <ele>2332.367017</ele>
        <time>2025-10-09T16:47:07.258Z</time>
      </trkpt>
      <trkpt lat="-21.113093" lon="55.494484">
        <ele>2333.708916</ele>
        <time>2025-10-09T16:47:18.040Z</time>
      </trkpt>
      <trkpt lat="-21.112873" lon="55.494475">
        <ele>2337.990029</ele>
        <time>2025-10-09T16:47:55.094Z</time>
      </trkpt>
      <trkpt lat="-21.112999" lon="55.49464">
        <ele>2343.875375</ele>
        <time>2025-10-09T16:48:30.387Z</time>
      </trkpt>
      <trkpt lat="-21.112751" lon="55.494636">
        <ele>2351.757323</ele>
        <time>2025-10-09T16:49:16.026Z</time>
      </trkpt>
      <trkpt lat="-21.112911" lon="55.494789">
        <ele>2358.520041</ele>
        <time>2025-10-09T16:49:56.762Z</time>
      </trkpt>
      <trkpt lat="-21.112684" lon="55.494738">
        <ele>2365.602422</ele>
        <time>2025-10-09T16:50:41.253Z</time>
      </trkpt>
      <trkpt lat="-21.112865" lon="55.494935">
        <ele>2373.645068</ele>
        <time>2025-10-09T16:51:32.117Z</time>
      </trkpt>
      <trkpt lat="-21.112752" lon="55.494867">
        <ele>2377.602223</ele>
        <time>2025-10-09T16:51:58.411Z</time>
      </trkpt>
      <trkpt lat="-21.112802" lon="55.494966">
        <ele>2380.80918</ele>
        <time>2025-10-09T16:52:20.278Z</time>
      </trkpt>
      <trkpt lat="-21.112733" lon="55.4949">
        <ele>2383.633069</ele>
        <time>2025-10-09T16:52:39.396Z</time>
      </trkpt>
      <trkpt lat="-21.112749" lon="55.495032">
        <ele>2387.424913</ele>
        <time>2025-10-09T16:53:05.456Z</time>
      </trkpt>
      <trkpt lat="-21.112675" lon="55.494951">
        <ele>2390.654526</ele>
        <time>2025-10-09T16:53:28.163Z</time>
      </trkpt>
      <trkpt lat="-21.112729" lon="55.495179">
        <ele>2398.130455</ele>
        <time>2025-10-09T16:54:20.446Z</time>
      </trkpt>
      <trkpt lat="-21.112585" lon="55.495004">
        <ele>2405.515328</ele>
        <time>2025-10-09T16:55:11.423Z</time>
      </trkpt>
      <trkpt lat="-21.112341" lon="55.494916">
        <ele>2414.309953</ele>
        <time>2025-10-09T16:56:13.589Z</time>
      </trkpt>
      <trkpt lat="-21.112061" lon="55.494982">
        <ele>2424.893844</ele>
        <time>2025-10-09T16:57:28.379Z</time>
      </trkpt>
      <trkpt lat="-21.112071" lon="55.495061">
        <ele>2427.393622</ele>
        <time>2025-10-09T16:57:44.712Z</time>
      </trkpt>
      <trkpt lat="-21.111996" lon="55.494995">
        <ele>2430.920959</ele>
        <time>2025-10-09T16:58:07.195Z</time>
      </trkpt>
      <trkpt lat="-21.112002" lon="55.495155">
        <ele>2436.153657</ele>
        <time>2025-10-09T16:58:39.459Z</time>
      </trkpt>
      <trkpt lat="-21.111891" lon="55.495106">
        <ele>2440.532936</ele>
        <time>2025-10-09T16:59:06.327Z</time>
      </trkpt>
      <trkpt lat="-21.111935" lon="55.495207">
        <ele>2444.028137</ele>
        <time>2025-10-09T16:59:27.114Z</time>
      </trkpt>
      <trkpt lat="-21.111884" lon="55.495226">
        <ele>2448.826079</ele>
        <time>2025-10-09T16:59:54.393Z</time>
      </trkpt>
      <trkpt lat="-21.111769" lon="55.495179">
        <ele>2452.962809</ele>
        <time>2025-10-09T17:00:17.183Z</time>
      </trkpt>
      <trkpt lat="-21.11179" lon="55.495251">
        <ele>2454.769015</ele>
        <time>2025-10-09T17:00:30.591Z</time>
      </trkpt>
      <trkpt lat="-21.111667" lon="55.495148">
        <ele>2456.969534</ele>
        <time>2025-10-09T17:00:58.015Z</time>
      </trkpt>
      <trkpt lat="-21.11157" lon="55.494817">
        <ele>2461.861245</ele>
        <time>2025-10-09T17:01:49.694Z</time>
      </trkpt>
      <trkpt lat="-21.111359" lon="55.495279">
        <ele>2469.159578</ele>
        <time>2025-10-09T17:02:45.028Z</time>
      </trkpt>
      <trkpt lat="-21.111264" lon="55.495186">
        <ele>2470.973408</ele>
        <time>2025-10-09T17:02:55.640Z</time>
      </trkpt>
      <trkpt lat="-21.111187" lon="55.495257">
        <ele>2473.365155</ele>
        <time>2025-10-09T17:03:08.589Z</time>
      </trkpt>
      <trkpt lat="-21.11113" lon="55.495373">
        <ele>2475.089517</ele>
        <time>2025-10-09T17:03:17.688Z</time>
      </trkpt>
      <trkpt lat="-21.111036" lon="55.495343">
        <ele>2476.472263</ele>
        <time>2025-10-09T17:03:25.201Z</time>
      </trkpt>
      <trkpt lat="-21.110949" lon="55.495417">
        <ele>2478.130593</ele>
        <time>2025-10-09T17:03:33.895Z</time>
      </trkpt>
      <trkpt lat="-21.110834" lon="55.495331">
        <ele>2480.02453</ele>
        <time>2025-10-09T17:03:44.933Z</time>
      </trkpt>
      <trkpt lat="-21.110144" lon="55.495736">
        <ele>2484.168328</ele>
        <time>2025-10-09T17:04:29.863Z</time>
      </trkpt>
      <trkpt lat="-21.109849" lon="55.49606">
        <ele>2486.376414</ele>
        <time>2025-10-09T17:04:57.628Z</time>
      </trkpt>
      <trkpt lat="-21.109717" lon="55.496052">
        <ele>2487.117408</ele>
        <time>2025-10-09T17:05:08.444Z</time>
      </trkpt>
      <trkpt lat="-21.109373" lon="55.495285">
        <ele>2497.448998</ele>
        <time>2025-10-09T17:07:06.901Z</time>
      </trkpt>
      <trkpt lat="-21.109283" lon="55.495131">
        <ele>2501.4851</ele>
        <time>2025-10-09T17:07:46.615Z</time>
      </trkpt>
      <trkpt lat="-21.109139" lon="55.494899">
        <ele>2506.801267</ele>
        <time>2025-10-09T17:08:42.866Z</time>
      </trkpt>
      <trkpt lat="-21.108982" lon="55.494737">
        <ele>2511.730274</ele>
        <time>2025-10-09T17:09:37.146Z</time>
      </trkpt>
      <trkpt lat="-21.108898" lon="55.494769">
        <ele>2513.508522</ele>
        <time>2025-10-09T17:09:57.237Z</time>
      </trkpt>
      <trkpt lat="-21.108802" lon="55.494623">
        <ele>2517.190994</ele>
        <time>2025-10-09T17:10:38.922Z</time>
      </trkpt>
      <trkpt lat="-21.108569" lon="55.49455">
        <ele>2522.51723</ele>
        <time>2025-10-09T17:11:39.416Z</time>
      </trkpt>
      <trkpt lat="-21.108003" lon="55.494226">
        <ele>2538.812259</ele>
        <time>2025-10-09T17:14:12.299Z</time>
      </trkpt>
      <trkpt lat="-21.10772" lon="55.493958">
        <ele>2548.801749</ele>
        <time>2025-10-09T17:15:42.456Z</time>
      </trkpt>
      <trkpt lat="-21.107341" lon="55.493751">
        <ele>2559.542058</ele>
        <time>2025-10-09T17:17:23.148Z</time>
      </trkpt>
      <trkpt lat="-21.106847" lon="55.493281">
        <ele>2578.644417</ele>
        <time>2025-10-09T17:20:20.334Z</time>
      </trkpt>
      <trkpt lat="-21.106269" lon="55.493157">
        <ele>2596.133271</ele>
        <time>2025-10-09T17:22:57.403Z</time>
      </trkpt>
      <trkpt lat="-21.105812" lon="55.492923">
        <ele>2611.815946</ele>
        <time>2025-10-09T17:25:24.429Z</time>
      </trkpt>
      <trkpt lat="-21.105389" lon="55.492573">
        <ele>2628.318158</ele>
        <time>2025-10-09T17:27:56.761Z</time>
      </trkpt>
      <trkpt lat="-21.105156" lon="55.492478">
        <ele>2636.709047</ele>
        <time>2025-10-09T17:29:11.154Z</time>
      </trkpt>
      <trkpt lat="-21.104717" lon="55.492437">
        <ele>2650.078331</ele>
        <time>2025-10-09T17:31:09.497Z</time>
      </trkpt>
      <trkpt lat="-21.104101" lon="55.492264">
        <ele>2670.858807</ele>
        <time>2025-10-09T17:34:16.388Z</time>
      </trkpt>
      <trkpt lat="-21.104007" lon="55.492006">
        <ele>2678.641321</ele>
        <time>2025-10-09T17:35:28.216Z</time>
      </trkpt>
      <trkpt lat="-21.103832" lon="55.49199">
        <ele>2683.821794</ele>
        <time>2025-10-09T17:36:17.178Z</time>
      </trkpt>
      <trkpt lat="-21.103736" lon="55.491575">
        <ele>2695.7616</ele>
        <time>2025-10-09T17:38:10.299Z</time>
      </trkpt>
      <trkpt lat="-21.103632" lon="55.491441">
        <ele>2700.558075</ele>
        <time>2025-10-09T17:38:55.422Z</time>
      </trkpt>
      <trkpt lat="-21.103388" lon="55.491239">
        <ele>2709.729466</ele>
        <time>2025-10-09T17:40:19.653Z</time>
      </trkpt>
      <trkpt lat="-21.102947" lon="55.491076">
        <ele>2723.488641</ele>
        <time>2025-10-09T17:42:20.803Z</time>
      </trkpt>
      <trkpt lat="-21.102814" lon="55.490875">
        <ele>2731.165318</ele>
        <time>2025-10-09T17:43:26.476Z</time>
      </trkpt>
      <trkpt lat="-21.10236" lon="55.490711">
        <ele>2743.74874</ele>
        <time>2025-10-09T17:45:24.541Z</time>
      </trkpt>
      <trkpt lat="-21.102112" lon="55.490532">
        <ele>2751.846267</ele>
        <time>2025-10-09T17:46:38.681Z</time>
      </trkpt>
      <trkpt lat="-21.10206" lon="55.490279">
        <ele>2758.215104</ele>
        <time>2025-10-09T17:47:36.441Z</time>
      </trkpt>
      <trkpt lat="-21.101887" lon="55.490084">
        <ele>2764.722994</ele>
        <time>2025-10-09T17:48:35.317Z</time>
      </trkpt>
      <trkpt lat="-21.101664" lon="55.489584">
        <ele>2778.110546</ele>
        <time>2025-10-09T17:50:38.176Z</time>
      </trkpt>
      <trkpt lat="-21.101373" lon="55.489251">
        <ele>2788.112756</ele>
        <time>2025-10-09T17:52:22.506Z</time>
      </trkpt>
      <trkpt lat="-21.1013" lon="55.488983">
        <ele>2794.619273</ele>
        <time>2025-10-09T17:53:31.319Z</time>
      </trkpt>
      <trkpt lat="-21.101282" lon="55.488746">
        <ele>2799.705065</ele>
        <time>2025-10-09T17:54:25.450Z</time>
      </trkpt>
      <trkpt lat="-21.101183" lon="55.488619">
        <ele>2803.244777</ele>
        <time>2025-10-09T17:55:02.084Z</time>
      </trkpt>
      <trkpt lat="-21.101214" lon="55.488398">
        <ele>2808.024719</ele>
        <time>2025-10-09T17:55:48.106Z</time>
      </trkpt>
      <trkpt lat="-21.101088" lon="55.487699">
        <ele>2820.62333</ele>
        <time>2025-10-09T17:57:46.458Z</time>
      </trkpt>
      <trkpt lat="-21.101006" lon="55.487572">
        <ele>2822.122633</ele>
        <time>2025-10-09T17:58:08.077Z</time>
      </trkpt>
      <trkpt lat="-21.100714" lon="55.487709">
        <ele>2825.439261</ele>
        <time>2025-10-09T17:58:52.265Z</time>
      </trkpt>
      <trkpt lat="-21.100203" lon="55.487722">
        <ele>2830.919634</ele>
        <time>2025-10-09T17:59:52.474Z</time>
      </trkpt>
      <trkpt lat="-21.09973" lon="55.487989">
        <ele>2836.583337</ele>
        <time>2025-10-09T18:00:49.468Z</time>
      </trkpt>
      <trkpt lat="-21.099663" lon="55.487926">
        <ele>2837.524177</ele>
        <time>2025-10-09T18:01:00.311Z</time>
      </trkpt>
      <trkpt lat="-21.099428" lon="55.487965">
        <ele>2840.085712</ele>
        <time>2025-10-09T18:01:30.928Z</time>
      </trkpt>
      <trkpt lat="-21.098902" lon="55.48728">
        <ele>2849.13081</ele>
        <time>2025-10-09T18:03:30.523Z</time>
      </trkpt>
      <trkpt lat="-21.098836" lon="55.48708">
        <ele>2851.262773</ele>
        <time>2025-10-09T18:03:58.938Z</time>
      </trkpt>
      <trkpt lat="-21.098581" lon="55.486832">
        <ele>2854.994109</ele>
        <time>2025-10-09T18:04:47.905Z</time>
      </trkpt>
      <trkpt lat="-21.098507" lon="55.486599">
        <ele>2857.699491</ele>
        <time>2025-10-09T18:05:19.760Z</time>
      </trkpt>
      <trkpt lat="-21.098301" lon="55.486499">
        <ele>2860.72118</ele>
        <time>2025-10-09T18:05:51.119Z</time>
      </trkpt>
      <trkpt lat="-21.098132" lon="55.486632">
        <ele>2863.61928</ele>
        <time>2025-10-09T18:06:21.568Z</time>
      </trkpt>
      <trkpt lat="-21.09793" lon="55.486591">
        <ele>2866.366353</ele>
        <time>2025-10-09T18:06:50.749Z</time>
      </trkpt>
      <trkpt lat="-21.097813" lon="55.486446">
        <ele>2868.75622</ele>
        <time>2025-10-09T18:07:16.516Z</time>
      </trkpt>
      <trkpt lat="-21.097737" lon="55.486233">
        <ele>2871.599089</ele>
        <time>2025-10-09T18:07:48.209Z</time>
      </trkpt>
      <trkpt lat="-21.097809" lon="55.486029">
        <ele>2874.318089</ele>
        <time>2025-10-09T18:08:19.966Z</time>
      </trkpt>
      <trkpt lat="-21.097771" lon="55.485854">
        <ele>2876.557988</ele>
        <time>2025-10-09T18:08:47.074Z</time>
      </trkpt>
      <trkpt lat="-21.097902" lon="55.485585">
        <ele>2880.340754</ele>
        <time>2025-10-09T18:09:34.271Z</time>
      </trkpt>
      <trkpt lat="-21.097649" lon="55.484801">
        <ele>2895.341296</ele>
        <time>2025-10-09T18:11:49.449Z</time>
      </trkpt>
      <trkpt lat="-21.097424" lon="55.484551">
        <ele>2901.970042</ele>
        <time>2025-10-09T18:12:50.827Z</time>
      </trkpt>
      <trkpt lat="-21.09728" lon="55.484537">
        <ele>2904.783611</ele>
        <time>2025-10-09T18:13:18.256Z</time>
      </trkpt>
      <trkpt lat="-21.097204" lon="55.484243">
        <ele>2910.322121</ele>
        <time>2025-10-09T18:14:15.477Z</time>
      </trkpt>
      <trkpt lat="-21.096979" lon="55.483927">
        <ele>2918.638833</ele>
        <time>2025-10-09T18:15:38.197Z</time>
      </trkpt>
      <trkpt lat="-21.096916" lon="55.483632">
        <ele>2927.188949</ele>
        <time>2025-10-09T18:16:46.704Z</time>
      </trkpt>
      <trkpt lat="-21.096686" lon="55.483398">
        <ele>2936.749267</ele>
        <time>2025-10-09T18:18:09.489Z</time>
      </trkpt>
      <trkpt lat="-21.096665" lon="55.482829">
        <ele>2952.766125</ele>
        <time>2025-10-09T18:20:43.899Z</time>
      </trkpt>
      <trkpt lat="-21.096557" lon="55.482296">
        <ele>2968.17087</ele>
        <time>2025-10-09T18:23:24.422Z</time>
      </trkpt>
      <trkpt lat="-21.096363" lon="55.482006">
        <ele>2977.345361</ele>
        <time>2025-10-09T18:25:10.490Z</time>
      </trkpt>
      <trkpt lat="-21.096311" lon="55.481671">
        <ele>2985.700111</ele>
        <time>2025-10-09T18:26:40.253Z</time>
      </trkpt>
      <trkpt lat="-21.096192" lon="55.481481">
        <ele>2991.272236</ele>
        <time>2025-10-09T18:27:35.668Z</time>
      </trkpt>
      <trkpt lat="-21.096143" lon="55.481079">
        <ele>3001.173458</ele>
        <time>2025-10-09T18:29:06.564Z</time>
      </trkpt>
      <trkpt lat="-21.096805" lon="55.480141">
        <ele>3021.504017</ele>
        <time>2025-10-09T18:32:26.435Z</time>
      </trkpt>
      <trkpt lat="-21.097857" lon="55.479762">
        <ele>3031.884094</ele>
        <time>2025-10-09T18:34:37.074Z</time>
      </trkpt>
      <trkpt lat="-21.098236" lon="55.479807">
        <ele>3031.452452</ele>
        <time>2025-10-09T18:35:10.925Z</time>
      </trkpt>
      <trkpt lat="-21.098293" lon="55.479739">
        <ele>3030.727837</ele>
        <time>2025-10-09T18:35:17.729Z</time>
      </trkpt>
      <trkpt lat="-21.098999" lon="55.479984">
        <ele>3024.319877</ele>
        <time>2025-10-09T18:36:11.134Z</time>
      </trkpt>
      <trkpt lat="-21.099269" lon="55.479976">
        <ele>3022.025024</ele>
        <time>2025-10-09T18:36:28.399Z</time>
      </trkpt>
      <trkpt lat="-21.09943" lon="55.480058">
        <ele>3020.51056</ele>
        <time>2025-10-09T18:36:39.702Z</time>
      </trkpt>
      <trkpt lat="-21.09956" lon="55.480447">
        <ele>3018.198583</ele>
        <time>2025-10-09T18:37:04.802Z</time>
      </trkpt>
      <trkpt lat="-21.099802" lon="55.480611">
        <ele>3018.530977</ele>
        <time>2025-10-09T18:37:23.602Z</time>
      </trkpt>
      <trkpt lat="-21.100219" lon="55.480687">
        <ele>3019.022041</ele>
        <time>2025-10-09T18:37:55.050Z</time>
      </trkpt>
      <trkpt lat="-21.099802" lon="55.480611">
        <ele>3019.513105</ele>
        <time>2025-10-09T18:38:36.072Z</time>
      </trkpt>
      <trkpt lat="-21.09956" lon="55.480447">
        <ele>3019.845499</ele>
        <time>2025-10-09T18:39:14.587Z</time>
      </trkpt>
      <trkpt lat="-21.09943" lon="55.480058">
        <ele>3021.024343</ele>
        <time>2025-10-09T18:40:25.226Z</time>
      </trkpt>
      <trkpt lat="-21.099269" lon="55.479976">
        <ele>3022.296956</ele>
        <time>2025-10-09T18:41:04.273Z</time>
      </trkpt>
      <trkpt lat="-21.098999" lon="55.479984">
        <ele>3024.225337</ele>
        <time>2025-10-09T18:41:50.093Z</time>
      </trkpt>
      <trkpt lat="-21.098293" lon="55.479739">
        <ele>3029.609986</ele>
        <time>2025-10-09T18:43:14.701Z</time>
      </trkpt>
      <trkpt lat="-21.098236" lon="55.479807">
        <ele>3030.218884</ele>
        <time>2025-10-09T18:43:21.887Z</time>
      </trkpt>
      <trkpt lat="-21.097857" lon="55.479762">
        <ele>3032.953455</ele>
        <time>2025-10-09T18:43:51.900Z</time>
      </trkpt>
      <trkpt lat="-21.096805" lon="55.480141">
        <ele>3021.041188</ele>
        <time>2025-10-09T18:45:09.498Z</time>
      </trkpt>
      <trkpt lat="-21.096143" lon="55.481079">
        <ele>3001.915934</ele>
        <time>2025-10-09T18:46:20.634Z</time>
      </trkpt>
      <trkpt lat="-21.096311" lon="55.481671">
        <ele>2985.643801</ele>
        <time>2025-10-09T18:47:00.042Z</time>
      </trkpt>
      <trkpt lat="-21.096363" lon="55.482006">
        <ele>2976.85775</ele>
        <time>2025-10-09T18:47:22.514Z</time>
      </trkpt>
      <trkpt lat="-21.096557" lon="55.482296">
        <ele>2967.434295</ele>
        <time>2025-10-09T18:47:47.599Z</time>
      </trkpt>
      <trkpt lat="-21.096665" lon="55.482829">
        <ele>2952.665555</ele>
        <time>2025-10-09T18:48:25.167Z</time>
      </trkpt>
      <trkpt lat="-21.096686" lon="55.483398">
        <ele>2937.089455</ele>
        <time>2025-10-09T18:49:03.034Z</time>
      </trkpt>
      <trkpt lat="-21.096916" lon="55.483632">
        <ele>2927.792222</ele>
        <time>2025-10-09T18:49:24.644Z</time>
      </trkpt>
      <trkpt lat="-21.096979" lon="55.483927">
        <ele>2919.477391</ele>
        <time>2025-10-09T18:49:43.348Z</time>
      </trkpt>
      <trkpt lat="-21.097204" lon="55.484243">
        <ele>2909.683546</ele>
        <time>2025-10-09T18:50:06.924Z</time>
      </trkpt>
      <trkpt lat="-21.09728" lon="55.484537">
        <ele>2904.352694</ele>
        <time>2025-10-09T18:50:24.964Z</time>
      </trkpt>
      <trkpt lat="-21.097424" lon="55.484551">
        <ele>2901.644615</ele>
        <time>2025-10-09T18:50:34.177Z</time>
      </trkpt>
      <trkpt lat="-21.097649" lon="55.484801">
        <ele>2895.264403</ele>
        <time>2025-10-09T18:50:55.866Z</time>
      </trkpt>
      <trkpt lat="-21.097902" lon="55.485585">
        <ele>2880.740209</ele>
        <time>2025-10-09T18:51:45.350Z</time>
      </trkpt>
      <trkpt lat="-21.097771" lon="55.485854">
        <ele>2876.197825</ele>
        <time>2025-10-09T18:52:03.436Z</time>
      </trkpt>
      <trkpt lat="-21.097809" lon="55.486029">
        <ele>2874.025043</ele>
        <time>2025-10-09T18:52:14.182Z</time>
      </trkpt>
      <trkpt lat="-21.097737" lon="55.486233">
        <ele>2871.387514</ele>
        <time>2025-10-09T18:52:27.256Z</time>
      </trkpt>
      <trkpt lat="-21.09793" lon="55.486591">
        <ele>2866.311572</ele>
        <time>2025-10-09T18:52:52.472Z</time>
      </trkpt>
      <trkpt lat="-21.098132" lon="55.486632">
        <ele>2863.646812</ele>
        <time>2025-10-09T18:53:05.731Z</time>
      </trkpt>
      <trkpt lat="-21.098301" lon="55.486499">
        <ele>2860.835551</ele>
        <time>2025-10-09T18:53:19.761Z</time>
      </trkpt>
      <trkpt lat="-21.098507" lon="55.486599">
        <ele>2857.904404</ele>
        <time>2025-10-09T18:53:34.425Z</time>
      </trkpt>
      <trkpt lat="-21.098581" lon="55.486832">
        <ele>2854.92804</ele>
        <time>2025-10-09T18:53:49.335Z</time>
      </trkpt>
      <trkpt lat="-21.098836" lon="55.48708">
        <ele>2851.229079</ele>
        <time>2025-10-09T18:54:11.716Z</time>
      </trkpt>
      <trkpt lat="-21.098902" lon="55.48728">
        <ele>2849.152139</ele>
        <time>2025-10-09T18:54:24.504Z</time>
      </trkpt>
      <trkpt lat="-21.099428" lon="55.487965">
        <ele>2840.340481</ele>
        <time>2025-10-09T18:55:18.827Z</time>
      </trkpt>
      <trkpt lat="-21.099663" lon="55.487926">
        <ele>2837.845055</ele>
        <time>2025-10-09T18:55:34.627Z</time>
      </trkpt>
      <trkpt lat="-21.09973" lon="55.487989">
        <ele>2836.909773</ele>
        <time>2025-10-09T18:55:40.695Z</time>
      </trkpt>
      <trkpt lat="-21.100203" lon="55.487722">
        <ele>2830.876607</ele>
        <time>2025-10-09T18:56:19.861Z</time>
      </trkpt>
      <trkpt lat="-21.100714" lon="55.487709">
        <ele>2824.956751</ele>
        <time>2025-10-09T18:56:56.366Z</time>
      </trkpt>
      <trkpt lat="-21.101006" lon="55.487572">
        <ele>2821.374156</ele>
        <time>2025-10-09T18:57:17.091Z</time>
      </trkpt>
      <trkpt lat="-21.101088" lon="55.487699">
        <ele>2819.754622</ele>
        <time>2025-10-09T18:57:26.338Z</time>
      </trkpt>
      <trkpt lat="-21.101214" lon="55.488398">
        <ele>2808.705555</ele>
        <time>2025-10-09T18:58:08.778Z</time>
      </trkpt>
      <trkpt lat="-21.101183" lon="55.488619">
        <ele>2803.770668</ele>
        <time>2025-10-09T18:58:21.983Z</time>
      </trkpt>
      <trkpt lat="-21.101282" lon="55.488746">
        <ele>2800.116214</ele>
        <time>2025-10-09T18:58:32.064Z</time>
      </trkpt>
      <trkpt lat="-21.1013" lon="55.488983">
        <ele>2794.865563</ele>
        <time>2025-10-09T18:58:46.751Z</time>
      </trkpt>
      <trkpt lat="-21.101373" lon="55.489251">
        <ele>2788.148133</ele>
        <time>2025-10-09T18:59:05.496Z</time>
      </trkpt>
      <trkpt lat="-21.101664" lon="55.489584">
        <ele>2777.821696</ele>
        <time>2025-10-09T18:59:34.096Z</time>
      </trkpt>
      <trkpt lat="-21.101887" lon="55.490084">
        <ele>2764.722025</ele>
        <time>2025-10-09T19:00:08.095Z</time>
      </trkpt>
      <trkpt lat="-21.10206" lon="55.490279">
        <ele>2758.169302</ele>
        <time>2025-10-09T19:00:24.427Z</time>
      </trkpt>
      <trkpt lat="-21.102112" lon="55.490532">
        <ele>2751.75659</ele>
        <time>2025-10-09T19:00:40.438Z</time>
      </trkpt>
      <trkpt lat="-21.10236" lon="55.490711">
        <ele>2743.603279</ele>
        <time>2025-10-09T19:01:00.849Z</time>
      </trkpt>
      <trkpt lat="-21.102814" lon="55.490875">
        <ele>2730.93317</ele>
        <time>2025-10-09T19:01:32.938Z</time>
      </trkpt>
      <trkpt lat="-21.102947" lon="55.491076">
        <ele>2723.794379</ele>
        <time>2025-10-09T19:01:50.534Z</time>
      </trkpt>
      <trkpt lat="-21.103388" lon="55.491239">
        <ele>2709.899364</ele>
        <time>2025-10-09T19:02:22.273Z</time>
      </trkpt>
      <trkpt lat="-21.103632" lon="55.491441">
        <ele>2700.637426</ele>
        <time>2025-10-09T19:02:43.784Z</time>
      </trkpt>
      <trkpt lat="-21.103736" lon="55.491575">
        <ele>2695.793597</ele>
        <time>2025-10-09T19:02:55.176Z</time>
      </trkpt>
      <trkpt lat="-21.103832" lon="55.49199">
        <ele>2683.735912</ele>
        <time>2025-10-09T19:03:23.563Z</time>
      </trkpt>
      <trkpt lat="-21.104007" lon="55.492006">
        <ele>2678.504293</ele>
        <time>2025-10-09T19:03:35.857Z</time>
      </trkpt>
      <trkpt lat="-21.104101" lon="55.492264">
        <ele>2670.786321</ele>
        <time>2025-10-09T19:03:53.957Z</time>
      </trkpt>
      <trkpt lat="-21.104717" lon="55.492437">
        <ele>2650.039145</ele>
        <time>2025-10-09T19:04:41.604Z</time>
      </trkpt>
      <trkpt lat="-21.105156" lon="55.492478">
        <ele>2636.691284</ele>
        <time>2025-10-09T19:05:12.092Z</time>
      </trkpt>
      <trkpt lat="-21.105389" lon="55.492573">
        <ele>2628.313841</ele>
        <time>2025-10-09T19:05:31.258Z</time>
      </trkpt>
      <trkpt lat="-21.105812" lon="55.492923">
        <ele>2611.746338</ele>
        <time>2025-10-09T19:06:09.988Z</time>
      </trkpt>
      <trkpt lat="-21.106269" lon="55.493157">
        <ele>2596.212988</ele>
        <time>2025-10-09T19:06:47.215Z</time>
      </trkpt>
      <trkpt lat="-21.106847" lon="55.493281">
        <ele>2578.890657</ele>
        <time>2025-10-09T19:07:27.956Z</time>
      </trkpt>
      <trkpt lat="-21.107341" lon="55.493751">
        <ele>2559.304214</ele>
        <time>2025-10-09T19:08:15.489Z</time>
      </trkpt>
      <trkpt lat="-21.10772" lon="55.493958">
        <ele>2548.700243</ele>
        <time>2025-10-09T19:08:43.325Z</time>
      </trkpt>
      <trkpt lat="-21.108003" lon="55.494226">
        <ele>2538.83756</ele>
        <time>2025-10-09T19:09:08.772Z</time>
      </trkpt>
      <trkpt lat="-21.108569" lon="55.49455">
        <ele>2522.103967</ele>
        <time>2025-10-09T19:09:51.930Z</time>
      </trkpt>
      <trkpt lat="-21.108802" lon="55.494623">
        <ele>2516.823914</ele>
        <time>2025-10-09T19:10:08.993Z</time>
      </trkpt>
      <trkpt lat="-21.108898" lon="55.494769">
        <ele>2513.345594</ele>
        <time>2025-10-09T19:10:20.795Z</time>
      </trkpt>
      <trkpt lat="-21.108982" lon="55.494737">
        <ele>2511.66593</ele>
        <time>2025-10-09T19:10:26.521Z</time>
      </trkpt>
      <trkpt lat="-21.109139" lon="55.494899">
        <ele>2507.010182</ele>
        <time>2025-10-09T19:10:42.167Z</time>
      </trkpt>
      <trkpt lat="-21.109283" lon="55.495131">
        <ele>2501.988737</ele>
        <time>2025-10-09T19:10:58.996Z</time>
      </trkpt>
      <trkpt lat="-21.109373" lon="55.495285">
        <ele>2498.176393</ele>
        <time>2025-10-09T19:11:11.897Z</time>
      </trkpt>
      <trkpt lat="-21.109717" lon="55.496052">
        <ele>2486.752292</ele>
        <time>2025-10-09T19:12:03.858Z</time>
      </trkpt>
      <trkpt lat="-21.109849" lon="55.49606">
        <ele>2486.469905</ele>
        <time>2025-10-09T19:12:10.813Z</time>
      </trkpt>
      <trkpt lat="-21.110144" lon="55.495736">
        <ele>2485.628423</ele>
        <time>2025-10-09T19:12:32.974Z</time>
      </trkpt>
      <trkpt lat="-21.110834" lon="55.495331">
        <ele>2484.049257</ele>
        <time>2025-10-09T19:13:25.099Z</time>
      </trkpt>
      <trkpt lat="-21.110949" lon="55.495417">
        <ele>2483.709341</ele>
        <time>2025-10-09T19:13:36.654Z</time>
      </trkpt>
      <trkpt lat="-21.111036" lon="55.495343">
        <ele>2483.225623</ele>
        <time>2025-10-09T19:13:44.101Z</time>
      </trkpt>
      <trkpt lat="-21.11113" lon="55.495373">
        <ele>2482.651386</ele>
        <time>2025-10-09T19:13:50.136Z</time>
      </trkpt>
      <trkpt lat="-21.111351" lon="55.496375">
        <ele>2476.929841</ele>
        <time>2025-10-09T19:14:42.438Z</time>
      </trkpt>
      <trkpt lat="-21.111714" lon="55.496777">
        <ele>2473.853151</ele>
        <time>2025-10-09T19:15:06.518Z</time>
      </trkpt>
      <trkpt lat="-21.111855" lon="55.496991">
        <ele>2470.172018</ele>
        <time>2025-10-09T19:15:18.156Z</time>
      </trkpt>
      <trkpt lat="-21.111913" lon="55.497275">
        <ele>2463.622066</ele>
        <time>2025-10-09T19:15:31.022Z</time>
      </trkpt>
      <trkpt lat="-21.111988" lon="55.497259">
        <ele>2461.897704</ele>
        <time>2025-10-09T19:15:34.373Z</time>
      </trkpt>
      <trkpt lat="-21.112179" lon="55.497435">
        <ele>2456.123692</ele>
        <time>2025-10-09T19:15:45.643Z</time>
      </trkpt>
      <trkpt lat="-21.112318" lon="55.497412">
        <ele>2452.692947</ele>
        <time>2025-10-09T19:15:52.306Z</time>
      </trkpt>
      <trkpt lat="-21.112378" lon="55.49782">
        <ele>2443.824176</ele>
        <time>2025-10-09T19:16:09.835Z</time>
      </trkpt>
      <trkpt lat="-21.112604" lon="55.498377">
        <ele>2430.122402</ele>
        <time>2025-10-09T19:16:36.886Z</time>
      </trkpt>
      <trkpt lat="-21.112768" lon="55.498419">
        <ele>2424.174248</ele>
        <time>2025-10-09T19:16:45.734Z</time>
      </trkpt>
      <trkpt lat="-21.112841" lon="55.498281">
        <ele>2419.080364</ele>
        <time>2025-10-09T19:16:53.477Z</time>
      </trkpt>
      <trkpt lat="-21.112958" lon="55.498364">
        <ele>2414.444797</ele>
        <time>2025-10-09T19:17:00.622Z</time>
      </trkpt>
      <trkpt lat="-21.113129" lon="55.498334">
        <ele>2408.719734</ele>
        <time>2025-10-09T19:17:09.493Z</time>
      </trkpt>
      <trkpt lat="-21.113279" lon="55.498152">
        <ele>2401.169139</ele>
        <time>2025-10-09T19:17:21.348Z</time>
      </trkpt>
      <trkpt lat="-21.113493" lon="55.49823">
        <ele>2393.4192</ele>
        <time>2025-10-09T19:17:33.555Z</time>
      </trkpt>
      <trkpt lat="-21.113626" lon="55.49848">
        <ele>2384.48805</ele>
        <time>2025-10-09T19:17:47.502Z</time>
      </trkpt>
      <trkpt lat="-21.113762" lon="55.498471">
        <ele>2379.986011</ele>
        <time>2025-10-09T19:17:54.475Z</time>
      </trkpt>
      <trkpt lat="-21.114313" lon="55.498987">
        <ele>2360.939188</ele>
        <time>2025-10-09T19:18:30.100Z</time>
      </trkpt>
      <trkpt lat="-21.114455" lon="55.499021">
        <ele>2357.618597</ele>
        <time>2025-10-09T19:18:36.619Z</time>
      </trkpt>
      <trkpt lat="-21.114751" lon="55.499467">
        <ele>2345.965501</ele>
        <time>2025-10-09T19:18:59.103Z</time>
      </trkpt>
      <trkpt lat="-21.115572" lon="55.500285">
        <ele>2324.165288</ele>
        <time>2025-10-09T19:19:49.107Z</time>
      </trkpt>
      <trkpt lat="-21.116443" lon="55.500941">
        <ele>2307.588713</ele>
        <time>2025-10-09T19:20:37.502Z</time>
      </trkpt>
      <trkpt lat="-21.116917" lon="55.501235">
        <ele>2301.424332</ele>
        <time>2025-10-09T19:21:02.615Z</time>
      </trkpt>
      <trkpt lat="-21.117269" lon="55.501509">
        <ele>2297.488635</ele>
        <time>2025-10-09T19:21:23.518Z</time>
      </trkpt>
      <trkpt lat="-21.11738" lon="55.501711">
        <ele>2295.550908</ele>
        <time>2025-10-09T19:21:34.064Z</time>
      </trkpt>
      <trkpt lat="-21.117607" lon="55.501858">
        <ele>2293.177576</ele>
        <time>2025-10-09T19:21:47.129Z</time>
      </trkpt>
      <trkpt lat="-21.117876" lon="55.502214">
        <ele>2289.278804</ele>
        <time>2025-10-09T19:22:08.583Z</time>
      </trkpt>
      <trkpt lat="-21.118365" lon="55.502315">
        <ele>2285.186487</ele>
        <time>2025-10-09T19:22:32.590Z</time>
      </trkpt>
      <trkpt lat="-21.118661" lon="55.502512">
        <ele>2282.325853</ele>
        <time>2025-10-09T19:22:49.151Z</time>
      </trkpt>
      <trkpt lat="-21.118787" lon="55.502479">
        <ele>2281.272246</ele>
        <time>2025-10-09T19:22:55.222Z</time>
      </trkpt>
      <trkpt lat="-21.119124" lon="55.503009">
        <ele>2276.31815</ele>
        <time>2025-10-09T19:23:23.725Z</time>
      </trkpt>
      <trkpt lat="-21.119601" lon="55.503109">
        <ele>2272.858068</ele>
        <time>2025-10-09T19:23:47.242Z</time>
      </trkpt>
      <trkpt lat="-21.11968" lon="55.503199">
        <ele>2272.19002</ele>
        <time>2025-10-09T19:23:52.951Z</time>
      </trkpt>
      <trkpt lat="-21.11993" lon="55.503189">
        <ele>2270.717219</ele>
        <time>2025-10-09T19:24:05.610Z</time>
      </trkpt>
      <trkpt lat="-21.12021" lon="55.503339">
        <ele>2268.903286</ele>
        <time>2025-10-09T19:24:21.420Z</time>
      </trkpt>
      <trkpt lat="-21.120227" lon="55.503563">
        <ele>2267.610327</ele>
        <time>2025-10-09T19:24:32.733Z</time>
      </trkpt>
      <trkpt lat="-21.121264" lon="55.504007">
        <ele>2259.994569</ele>
        <time>2025-10-09T19:25:30.076Z</time>
      </trkpt>
      <trkpt lat="-21.121389" lon="55.504138">
        <ele>2258.573571</ele>
        <time>2025-10-09T19:25:38.734Z</time>
      </trkpt>
      <trkpt lat="-21.121837" lon="55.504255">
        <ele>2254.825303</ele>
        <time>2025-10-09T19:26:00.882Z</time>
      </trkpt>
      <trkpt lat="-21.122004" lon="55.504385">
        <ele>2253.094625</ele>
        <time>2025-10-09T19:26:10.824Z</time>
      </trkpt>
      <trkpt lat="-21.122143" lon="55.504407">
        <ele>2251.952456</ele>
        <time>2025-10-09T19:26:17.315Z</time>
      </trkpt>
      <trkpt lat="-21.122337" lon="55.504371">
        <ele>2250.176885</ele>
        <time>2025-10-09T19:26:27.198Z</time>
      </trkpt>
      <trkpt lat="-21.122886" lon="55.504998">
        <ele>2240.040457</ele>
        <time>2025-10-09T19:27:03.573Z</time>
      </trkpt>
      <trkpt lat="-21.123155" lon="55.505046">
        <ele>2236.394546</ele>
        <time>2025-10-09T19:27:15.745Z</time>
      </trkpt>
      <trkpt lat="-21.123316" lon="55.504982">
        <ele>2234.098818</ele>
        <time>2025-10-09T19:27:23.389Z</time>
      </trkpt>
      <trkpt lat="-21.123465" lon="55.505057">
        <ele>2231.898082</ele>
        <time>2025-10-09T19:27:30.755Z</time>
      </trkpt>
      <trkpt lat="-21.123676" lon="55.505003">
        <ele>2228.997818</ele>
        <time>2025-10-09T19:27:40.401Z</time>
      </trkpt>
      <trkpt lat="-21.123749" lon="55.505074">
        <ele>2227.680024</ele>
        <time>2025-10-09T19:27:44.790Z</time>
      </trkpt>
      <trkpt lat="-21.123827" lon="55.505028">
        <ele>2226.489813</ele>
        <time>2025-10-09T19:27:48.794Z</time>
      </trkpt>
      <trkpt lat="-21.124092" lon="55.505229">
        <ele>2221.997612</ele>
        <time>2025-10-09T19:28:03.518Z</time>
      </trkpt>
      <trkpt lat="-21.124224" lon="55.505071">
        <ele>2219.283178</ele>
        <time>2025-10-09T19:28:12.314Z</time>
      </trkpt>
      <trkpt lat="-21.124593" lon="55.505037">
        <ele>2214.202026</ele>
        <time>2025-10-09T19:28:28.817Z</time>
      </trkpt>
      <trkpt lat="-21.124651" lon="55.50473">
        <ele>2210.050915</ele>
        <time>2025-10-09T19:28:42.292Z</time>
      </trkpt>
      <trkpt lat="-21.124892" lon="55.504443">
        <ele>2204.962535</ele>
        <time>2025-10-09T19:28:58.805Z</time>
      </trkpt>
      <trkpt lat="-21.124981" lon="55.504454">
        <ele>2203.733414</ele>
        <time>2025-10-09T19:29:02.794Z</time>
      </trkpt>
      <trkpt lat="-21.125353" lon="55.504763">
        <ele>2198.709488</ele>
        <time>2025-10-09T19:29:24.092Z</time>
      </trkpt>
      <trkpt lat="-21.125828" lon="55.504967">
        <ele>2194.894359</ele>
        <time>2025-10-09T19:29:49.041Z</time>
      </trkpt>
      <trkpt lat="-21.126075" lon="55.505453">
        <ele>2191.16248</ele>
        <time>2025-10-09T19:30:14.906Z</time>
      </trkpt>
      <trkpt lat="-21.126262" lon="55.505472">
        <ele>2189.81843</ele>
        <time>2025-10-09T19:30:24.616Z</time>
      </trkpt>
      <trkpt lat="-21.126638" lon="55.505742">
        <ele>2187.077544</ele>
        <time>2025-10-09T19:30:48.628Z</time>
      </trkpt>
      <trkpt lat="-21.127205" lon="55.50586">
        <ele>2185.268756</ele>
        <time>2025-10-09T19:31:19.348Z</time>
      </trkpt>
      <trkpt lat="-21.128178" lon="55.50723">
        <ele>2179.323681</ele>
        <time>2025-10-09T19:32:44.963Z</time>
      </trkpt>
      <trkpt lat="-21.128182" lon="55.507423">
        <ele>2178.426691</ele>
        <time>2025-10-09T19:32:54.462Z</time>
      </trkpt>
      <trkpt lat="-21.128326" lon="55.507528">
        <ele>2177.582283</ele>
        <time>2025-10-09T19:33:03.289Z</time>
      </trkpt>
      <trkpt lat="-21.129266" lon="55.508899">
        <ele>2170.320749</ele>
        <time>2025-10-09T19:34:22.195Z</time>
      </trkpt>
      <trkpt lat="-21.129989" lon="55.50982">
        <ele>2165.615653</ele>
        <time>2025-10-09T19:35:21.588Z</time>
      </trkpt>
      <trkpt lat="-21.130376" lon="55.510156">
        <ele>2164.00214</ele>
        <time>2025-10-09T19:35:49.437Z</time>
      </trkpt>
      <trkpt lat="-21.130638" lon="55.510794">
        <ele>2161.903996</ele>
        <time>2025-10-09T19:36:25.050Z</time>
      </trkpt>
      <trkpt lat="-21.130987" lon="55.511332">
        <ele>2159.941811</ele>
        <time>2025-10-09T19:36:56.773Z</time>
      </trkpt>
      <trkpt lat="-21.131444" lon="55.511837">
        <ele>2156.002905</ele>
        <time>2025-10-09T19:37:29.740Z</time>
      </trkpt>
      <trkpt lat="-21.131523" lon="55.512171">
        <ele>2154.036954</ele>
        <time>2025-10-09T19:37:45.815Z</time>
      </trkpt>
      <trkpt lat="-21.13195" lon="55.512395">
        <ele>2151.148394</ele>
        <time>2025-10-09T19:38:09.181Z</time>
      </trkpt>
      <trkpt lat="-21.132154" lon="55.512893">
        <ele>2147.73293</ele>
        <time>2025-10-09T19:38:34.429Z</time>
      </trkpt>
      <trkpt lat="-21.133345" lon="55.514294">
        <ele>2132.962497</ele>
        <time>2025-10-09T19:39:59.113Z</time>
      </trkpt>
      <trkpt lat="-21.134063" lon="55.514893">
        <ele>2121.920276</ele>
        <time>2025-10-09T19:40:40.662Z</time>
      </trkpt>
      <trkpt lat="-21.134133" lon="55.515007">
        <ele>2120.380565</ele>
        <time>2025-10-09T19:40:46.376Z</time>
      </trkpt>
      <trkpt lat="-21.134091" lon="55.515414">
        <ele>2115.761115</ele>
        <time>2025-10-09T19:41:03.431Z</time>
      </trkpt>
      <trkpt lat="-21.134305" lon="55.516769">
        <ele>2092.369586</ele>
        <time>2025-10-09T19:42:00.776Z</time>
      </trkpt>
      <trkpt lat="-21.134121" lon="55.517272">
        <ele>2082.472694</ele>
        <time>2025-10-09T19:42:23.125Z</time>
      </trkpt>
      <trkpt lat="-21.133968" lon="55.5183">
        <ele>2062.61132</ele>
        <time>2025-10-09T19:43:06.199Z</time>
      </trkpt>
      <trkpt lat="-21.133996" lon="55.51844">
        <ele>2059.739465</ele>
        <time>2025-10-09T19:43:12.342Z</time>
      </trkpt>
      <trkpt lat="-21.134083" lon="55.518456">
        <ele>2057.912597</ele>
        <time>2025-10-09T19:43:16.217Z</time>
      </trkpt>
      <trkpt lat="-21.134022" lon="55.51904">
        <ele>2046.489991</ele>
        <time>2025-10-09T19:43:40.524Z</time>
      </trkpt>
      <trkpt lat="-21.134209" lon="55.519023">
        <ele>2042.469971</ele>
        <time>2025-10-09T19:43:49.131Z</time>
      </trkpt>
      <trkpt lat="-21.134278" lon="55.519281">
        <ele>2039.187058</ele>
        <time>2025-10-09T19:44:00.250Z</time>
      </trkpt>
      <trkpt lat="-21.134158" lon="55.520735">
        <ele>2027.468059</ele>
        <time>2025-10-09T19:45:04.991Z</time>
      </trkpt>
      <trkpt lat="-21.13419" lon="55.520971">
        <ele>2025.558248</ele>
        <time>2025-10-09T19:45:17.126Z</time>
      </trkpt>
      <trkpt lat="-21.134363" lon="55.52086">
        <ele>2024.758699</ele>
        <time>2025-10-09T19:45:28.594Z</time>
      </trkpt>
      <trkpt lat="-21.134425" lon="55.521242">
        <ele>2023.943761</ele>
        <time>2025-10-09T19:45:50.492Z</time>
      </trkpt>
      <trkpt lat="-21.134666" lon="55.521445">
        <ele>2023.24451</ele>
        <time>2025-10-09T19:46:09.647Z</time>
      </trkpt>
      <trkpt lat="-21.134775" lon="55.522075">
        <ele>2021.888933</ele>
        <time>2025-10-09T19:46:43.881Z</time>
      </trkpt>
      <trkpt lat="-21.134667" lon="55.522375">
        <ele>2021.213071</ele>
        <time>2025-10-09T19:46:59.047Z</time>
      </trkpt>
      <trkpt lat="-21.134744" lon="55.522661">
        <ele>2017.740813</ele>
        <time>2025-10-09T19:47:12.467Z</time>
      </trkpt>
      <trkpt lat="-21.134642" lon="55.523103">
        <ele>2011.130931</ele>
        <time>2025-10-09T19:47:31.435Z</time>
      </trkpt>
      <trkpt lat="-21.134426" lon="55.523344">
        <ele>2006.203333</ele>
        <time>2025-10-09T19:47:45.451Z</time>
      </trkpt>
      <trkpt lat="-21.134311" lon="55.523772">
        <ele>1999.516266</ele>
        <time>2025-10-09T19:48:04.376Z</time>
      </trkpt>
      <trkpt lat="-21.134107" lon="55.524699">
        <ele>1984.852267</ele>
        <time>2025-10-09T19:48:43.648Z</time>
      </trkpt>
      <trkpt lat="-21.134133" lon="55.525351">
        <ele>1974.243199</ele>
        <time>2025-10-09T19:49:10.876Z</time>
      </trkpt>
      <trkpt lat="-21.13373" lon="55.527435">
        <ele>1938.5307</ele>
        <time>2025-10-09T19:50:38.705Z</time>
      </trkpt>
      <trkpt lat="-21.133758" lon="55.528393">
        <ele>1924.946797</ele>
        <time>2025-10-09T19:51:18.487Z</time>
      </trkpt>
      <trkpt lat="-21.133895" lon="55.528677">
        <ele>1921.766166</ele>
        <time>2025-10-09T19:51:31.752Z</time>
      </trkpt>
      <trkpt lat="-21.133925" lon="55.52899">
        <ele>1918.636124</ele>
        <time>2025-10-09T19:51:44.870Z</time>
      </trkpt>
      <trkpt lat="-21.134197" lon="55.529332">
        <ele>1914.05292</ele>
        <time>2025-10-09T19:52:04.757Z</time>
      </trkpt>
      <trkpt lat="-21.134225" lon="55.52992">
        <ele>1909.932987</ele>
        <time>2025-10-09T19:52:34.147Z</time>
      </trkpt>
      <trkpt lat="-21.134672" lon="55.530418">
        <ele>1910.776248</ele>
        <time>2025-10-09T19:53:14.045Z</time>
      </trkpt>
      <trkpt lat="-21.134815" lon="55.530154">
        <ele>1911.168814</ele>
        <time>2025-10-09T19:53:34.747Z</time>
      </trkpt>
      <trkpt lat="-21.135213" lon="55.530289">
        <ele>1911.720396</ele>
        <time>2025-10-09T19:54:04.104Z</time>
      </trkpt>
      <trkpt lat="-21.13554" lon="55.530776">
        <ele>1910.457546</ele>
        <time>2025-10-09T19:54:37.821Z</time>
      </trkpt>
      <trkpt lat="-21.135623" lon="55.531443">
        <ele>1906.918015</ele>
        <time>2025-10-09T19:55:09.114Z</time>
      </trkpt>
      <trkpt lat="-21.135504" lon="55.532034">
        <ele>1903.667978</ele>
        <time>2025-10-09T19:55:35.383Z</time>
      </trkpt>
      <trkpt lat="-21.135654" lon="55.532158">
        <ele>1902.599808</ele>
        <time>2025-10-09T19:55:44.036Z</time>
      </trkpt>
      <trkpt lat="-21.135684" lon="55.532514">
        <ele>1902.69546</ele>
        <time>2025-10-09T19:55:59.810Z</time>
      </trkpt>
      <trkpt lat="-21.135854" lon="55.533007">
        <ele>1904.440712</ele>
        <time>2025-10-09T19:56:25.330Z</time>
      </trkpt>
      <trkpt lat="-21.135924" lon="55.533131">
        <ele>1904.921981</ele>
        <time>2025-10-09T19:56:33.186Z</time>
      </trkpt>
      <trkpt lat="-21.136173" lon="55.533187">
        <ele>1905.879613</ele>
        <time>2025-10-09T19:56:50.986Z</time>
      </trkpt>
      <trkpt lat="-21.136256" lon="55.533644">
        <ele>1907.453983</ele>
        <time>2025-10-09T19:57:30.406Z</time>
      </trkpt>
      <trkpt lat="-21.136569" lon="55.534154">
        <ele>1914.579221</ele>
        <time>2025-10-09T19:58:42.759Z</time>
      </trkpt>
      <trkpt lat="-21.136705" lon="55.534174">
        <ele>1917.158271</ele>
        <time>2025-10-09T19:59:03.665Z</time>
      </trkpt>
      <trkpt lat="-21.137061" lon="55.534552">
        <ele>1926.986458</ele>
        <time>2025-10-09T20:00:26.526Z</time>
      </trkpt>
      <trkpt lat="-21.137322" lon="55.535156">
        <ele>1939.274559</ele>
        <time>2025-10-09T20:01:57.519Z</time>
      </trkpt>
      <trkpt lat="-21.137363" lon="55.535913">
        <ele>1944.366989</ele>
        <time>2025-10-09T20:03:03.439Z</time>
      </trkpt>
      <trkpt lat="-21.137425" lon="55.536006">
        <ele>1944.79453</ele>
        <time>2025-10-09T20:03:10.806Z</time>
      </trkpt>
      <trkpt lat="-21.137808" lon="55.536083">
        <ele>1946.36502</ele>
        <time>2025-10-09T20:03:34.916Z</time>
      </trkpt>
      <trkpt lat="-21.137881" lon="55.53619">
        <ele>1946.860837</ele>
        <time>2025-10-09T20:03:41.891Z</time>
      </trkpt>
      <trkpt lat="-21.137822" lon="55.536699">
        <ele>1948.792292</ele>
        <time>2025-10-09T20:04:08.138Z</time>
      </trkpt>
      <trkpt lat="-21.137619" lon="55.537199">
        <ele>1948.299213</ele>
        <time>2025-10-09T20:04:35.122Z</time>
      </trkpt>
      <trkpt lat="-21.137242" lon="55.53745">
        <ele>1947.053868</ele>
        <time>2025-10-09T20:04:59.175Z</time>
      </trkpt>
      <trkpt lat="-21.137045" lon="55.538062">
        <ele>1945.357504</ele>
        <time>2025-10-09T20:05:32.121Z</time>
      </trkpt>
      <trkpt lat="-21.137245" lon="55.538116">
        <ele>1944.720591</ele>
        <time>2025-10-09T20:05:44.170Z</time>
      </trkpt>
      <trkpt lat="-21.137563" lon="55.538505">
        <ele>1941.68858</ele>
        <time>2025-10-09T20:06:09.608Z</time>
      </trkpt>
      <trkpt lat="-21.137504" lon="55.538574">
        <ele>1940.95155</ele>
        <time>2025-10-09T20:06:14.520Z</time>
      </trkpt>
      <trkpt lat="-21.137338" lon="55.538568">
        <ele>1939.694307</ele>
        <time>2025-10-09T20:06:22.853Z</time>
      </trkpt>
      <trkpt lat="-21.137435" lon="55.538794">
        <ele>1937.909715</ele>
        <time>2025-10-09T20:06:34.476Z</time>
      </trkpt>
      <trkpt lat="-21.137788" lon="55.53893">
        <ele>1935.049589</ele>
        <time>2025-10-09T20:06:52.518Z</time>
      </trkpt>
      <trkpt lat="-21.137895" lon="55.5391">
        <ele>1933.507622</ele>
        <time>2025-10-09T20:07:01.991Z</time>
      </trkpt>
      <trkpt lat="-21.13846" lon="55.539341">
        <ele>1927.471678</ele>
        <time>2025-10-09T20:07:30.053Z</time>
      </trkpt>
      <trkpt lat="-21.138533" lon="55.539622">
        <ele>1923.940346</ele>
        <time>2025-10-09T20:07:42.470Z</time>
      </trkpt>
      <trkpt lat="-21.138841" lon="55.539712">
        <ele>1919.752961</ele>
        <time>2025-10-09T20:07:57.175Z</time>
      </trkpt>
      <trkpt lat="-21.138996" lon="55.539871">
        <ele>1916.992516</ele>
        <time>2025-10-09T20:08:06.834Z</time>
      </trkpt>
      <trkpt lat="-21.139025" lon="55.539758">
        <ele>1915.599619</ele>
        <time>2025-10-09T20:08:11.729Z</time>
      </trkpt>
      <trkpt lat="-21.139378" lon="55.539472">
        <ele>1909.880306</ele>
        <time>2025-10-09T20:08:31.782Z</time>
      </trkpt>
      <trkpt lat="-21.139874" lon="55.53968">
        <ele>1903.409214</ele>
        <time>2025-10-09T20:08:55.740Z</time>
      </trkpt>
      <trkpt lat="-21.140017" lon="55.539809">
        <ele>1901.205413</ele>
        <time>2025-10-09T20:09:04.109Z</time>
      </trkpt>
      <trkpt lat="-21.140037" lon="55.539922">
        <ele>1899.940374</ele>
        <time>2025-10-09T20:09:08.895Z</time>
      </trkpt>
      <trkpt lat="-21.140212" lon="55.539719">
        <ele>1896.900003</ele>
        <time>2025-10-09T20:09:20.463Z</time>
      </trkpt>
      <trkpt lat="-21.140171" lon="55.539464">
        <ele>1893.791926</ele>
        <time>2025-10-09T20:09:32.305Z</time>
      </trkpt>
      <trkpt lat="-21.140506" lon="55.539639">
        <ele>1889.349375</ele>
        <time>2025-10-09T20:09:49.299Z</time>
      </trkpt>
      <trkpt lat="-21.140845" lon="55.539686">
        <ele>1885.356541</ele>
        <time>2025-10-09T20:10:04.913Z</time>
      </trkpt>
      <trkpt lat="-21.141674" lon="55.540307">
        <ele>1873.871329</ele>
        <time>2025-10-09T20:10:51.162Z</time>
      </trkpt>
      <trkpt lat="-21.14191" lon="55.540296">
        <ele>1870.828652</ele>
        <time>2025-10-09T20:11:03.341Z</time>
      </trkpt>
      <trkpt lat="-21.14209" lon="55.540403">
        <ele>1868.519101</ele>
        <time>2025-10-09T20:11:12.564Z</time>
      </trkpt>
      <trkpt lat="-21.142403" lon="55.540408">
        <ele>1864.950351</ele>
        <time>2025-10-09T20:11:26.779Z</time>
      </trkpt>
      <trkpt lat="-21.142619" lon="55.540264">
        <ele>1862.011568</ele>
        <time>2025-10-09T20:11:38.432Z</time>
      </trkpt>
      <trkpt lat="-21.142982" lon="55.540195">
        <ele>1857.779866</ele>
        <time>2025-10-09T20:11:55.203Z</time>
      </trkpt>
      <trkpt lat="-21.143781" lon="55.540495">
        <ele>1848.158409</ele>
        <time>2025-10-09T20:12:33.638Z</time>
      </trkpt>
      <trkpt lat="-21.144011" lon="55.540432">
        <ele>1845.272083</ele>
        <time>2025-10-09T20:12:44.597Z</time>
      </trkpt>
      <trkpt lat="-21.144138" lon="55.540312">
        <ele>1842.944874</ele>
        <time>2025-10-09T20:12:52.211Z</time>
      </trkpt>
      <trkpt lat="-21.144356" lon="55.540317">
        <ele>1839.92351</ele>
        <time>2025-10-09T20:13:02.034Z</time>
      </trkpt>
      <trkpt lat="-21.144851" lon="55.540821">
        <ele>1830.324499</ele>
        <time>2025-10-09T20:13:33.235Z</time>
      </trkpt>
      <trkpt lat="-21.144974" lon="55.541066">
        <ele>1826.75687</ele>
        <time>2025-10-09T20:13:44.778Z</time>
      </trkpt>
      <trkpt lat="-21.145339" lon="55.541332">
        <ele>1820.5961</ele>
        <time>2025-10-09T20:14:04.574Z</time>
      </trkpt>
      <trkpt lat="-21.145793" lon="55.541465">
        <ele>1813.763261</ele>
        <time>2025-10-09T20:14:25.496Z</time>
      </trkpt>
      <trkpt lat="-21.147174" lon="55.542214">
        <ele>1791.672857</ele>
        <time>2025-10-09T20:15:34.643Z</time>
      </trkpt>
      <trkpt lat="-21.147222" lon="55.542453">
        <ele>1788.705279</ele>
        <time>2025-10-09T20:15:44.875Z</time>
      </trkpt>
      <trkpt lat="-21.147293" lon="55.542506">
        <ele>1787.579331</ele>
        <time>2025-10-09T20:15:48.745Z</time>
      </trkpt>
      <trkpt lat="-21.147578" lon="55.542511">
        <ele>1783.755226</ele>
        <time>2025-10-09T20:16:01.883Z</time>
      </trkpt>
      <trkpt lat="-21.148227" lon="55.543166">
        <ele>1771.916783</ele>
        <time>2025-10-09T20:16:42.566Z</time>
      </trkpt>
      <trkpt lat="-21.148519" lon="55.543333">
        <ele>1768.07045</ele>
        <time>2025-10-09T20:16:57.414Z</time>
      </trkpt>
      <trkpt lat="-21.148692" lon="55.543326">
        <ele>1766.078228</ele>
        <time>2025-10-09T20:17:05.190Z</time>
      </trkpt>
      <trkpt lat="-21.148817" lon="55.543633">
        <ele>1762.393941</ele>
        <time>2025-10-09T20:17:19.571Z</time>
      </trkpt>
      <trkpt lat="-21.149241" lon="55.543765">
        <ele>1757.248742</ele>
        <time>2025-10-09T20:17:39.668Z</time>
      </trkpt>
      <trkpt lat="-21.149402" lon="55.543917">
        <ele>1754.745883</ele>
        <time>2025-10-09T20:17:49.583Z</time>
      </trkpt>
      <trkpt lat="-21.149515" lon="55.543889">
        <ele>1753.411259</ele>
        <time>2025-10-09T20:17:54.919Z</time>
      </trkpt>
      <trkpt lat="-21.149641" lon="55.543674">
        <ele>1750.686774</ele>
        <time>2025-10-09T20:18:06.438Z</time>
      </trkpt>
      <trkpt lat="-21.14973" lon="55.543706">
        <ele>1749.886685</ele>
        <time>2025-10-09T20:18:10.797Z</time>
      </trkpt>
      <trkpt lat="-21.149808" lon="55.543942">
        <ele>1747.869594</ele>
        <time>2025-10-09T20:18:21.894Z</time>
      </trkpt>
      <trkpt lat="-21.149779" lon="55.544144">
        <ele>1746.244944</ele>
        <time>2025-10-09T20:18:30.839Z</time>
      </trkpt>
      <trkpt lat="-21.149997" lon="55.544716">
        <ele>1741.324975</ele>
        <time>2025-10-09T20:18:58.064Z</time>
      </trkpt>
      <trkpt lat="-21.150898" lon="55.545061">
        <ele>1734.242872</ele>
        <time>2025-10-09T20:19:44.220Z</time>
      </trkpt>
      <trkpt lat="-21.150972" lon="55.545482">
        <ele>1732.218011</ele>
        <time>2025-10-09T20:20:04.945Z</time>
      </trkpt>
      <trkpt lat="-21.151067" lon="55.545575">
        <ele>1731.592272</ele>
        <time>2025-10-09T20:20:11.462Z</time>
      </trkpt>
      <trkpt lat="-21.151284" lon="55.545551">
        <ele>1730.531117</ele>
        <time>2025-10-09T20:20:22.662Z</time>
      </trkpt>
      <trkpt lat="-21.151725" lon="55.546038">
        <ele>1727.391349</ele>
        <time>2025-10-09T20:20:56.658Z</time>
      </trkpt>
      <trkpt lat="-21.151846" lon="55.546966">
        <ele>1725.989241</ele>
        <time>2025-10-09T20:21:45.496Z</time>
      </trkpt>
      <trkpt lat="-21.151806" lon="55.547087">
        <ele>1725.838573</ele>
        <time>2025-10-09T20:21:52.230Z</time>
      </trkpt>
      <trkpt lat="-21.152214" lon="55.547509">
        <ele>1725.115271</ele>
        <time>2025-10-09T20:22:24.502Z</time>
      </trkpt>
      <trkpt lat="-21.152396" lon="55.547843">
        <ele>1724.617012</ele>
        <time>2025-10-09T20:22:44.605Z</time>
      </trkpt>
      <trkpt lat="-21.152376" lon="55.548092">
        <ele>1724.166189</ele>
        <time>2025-10-09T20:22:57.417Z</time>
      </trkpt>
      <trkpt lat="-21.152515" lon="55.548515">
        <ele>1723.357181</ele>
        <time>2025-10-09T20:23:20.169Z</time>
      </trkpt>
      <trkpt lat="-21.152495" lon="55.549168">
        <ele>1722.166248</ele>
        <time>2025-10-09T20:23:53.435Z</time>
      </trkpt>
      <trkpt lat="-21.152699" lon="55.549342">
        <ele>1721.662066</ele>
        <time>2025-10-09T20:24:07.538Z</time>
      </trkpt>
      <trkpt lat="-21.153247" lon="55.550134">
        <ele>1719.322505</ele>
        <time>2025-10-09T20:24:57.276Z</time>
      </trkpt>
      <trkpt lat="-21.153164" lon="55.550348">
        <ele>1718.719935</ele>
        <time>2025-10-09T20:25:09.185Z</time>
      </trkpt>
      <trkpt lat="-21.153102" lon="55.551096">
        <ele>1716.78495</ele>
        <time>2025-10-09T20:25:46.941Z</time>
      </trkpt>
      <trkpt lat="-21.153097" lon="55.551746">
        <ele>1714.617314</ele>
        <time>2025-10-09T20:26:19.505Z</time>
      </trkpt>
      <trkpt lat="-21.153258" lon="55.552979">
        <ele>1710.197323</ele>
        <time>2025-10-09T20:27:21.197Z</time>
      </trkpt>
      <trkpt lat="-21.152984" lon="55.553732">
        <ele>1705.690851</ele>
        <time>2025-10-09T20:27:59.774Z</time>
      </trkpt>
      <trkpt lat="-21.153161" lon="55.554137">
        <ele>1702.980696</ele>
        <time>2025-10-09T20:28:20.291Z</time>
      </trkpt>
      <trkpt lat="-21.152929" lon="55.554713">
        <ele>1699.148481</ele>
        <time>2025-10-09T20:28:48.763Z</time>
      </trkpt>
      <trkpt lat="-21.152929" lon="55.555063">
        <ele>1696.626612</ele>
        <time>2025-10-09T20:29:04.281Z</time>
      </trkpt>
      <trkpt lat="-21.152713" lon="55.555473">
        <ele>1692.515007</ele>
        <time>2025-10-09T20:29:24.769Z</time>
      </trkpt>
      <trkpt lat="-21.152564" lon="55.555985">
        <ele>1687.776996</ele>
        <time>2025-10-09T20:29:48.087Z</time>
      </trkpt>
      <trkpt lat="-21.152578" lon="55.556175">
        <ele>1686.112841</ele>
        <time>2025-10-09T20:29:56.265Z</time>
      </trkpt>
      <trkpt lat="-21.15232" lon="55.556657">
        <ele>1681.260341</ele>
        <time>2025-10-09T20:30:20.080Z</time>
      </trkpt>
      <trkpt lat="-21.151753" lon="55.557437">
        <ele>1674.126916</ele>
        <time>2025-10-09T20:31:03.232Z</time>
      </trkpt>
      <trkpt lat="-21.151505" lon="55.558056">
        <ele>1669.290763</ele>
        <time>2025-10-09T20:31:33.922Z</time>
      </trkpt>
      <trkpt lat="-21.151539" lon="55.558174">
        <ele>1668.401279</ele>
        <time>2025-10-09T20:31:39.678Z</time>
      </trkpt>
      <trkpt lat="-21.153043" lon="55.558591">
        <ele>1661.071883</ele>
        <time>2025-10-09T20:32:59.988Z</time>
      </trkpt>
      <trkpt lat="-21.15342" lon="55.559126">
        <ele>1658.630661</ele>
        <time>2025-10-09T20:33:32.433Z</time>
      </trkpt>
      <trkpt lat="-21.153556" lon="55.559454">
        <ele>1657.58919</ele>
        <time>2025-10-09T20:33:49.878Z</time>
      </trkpt>
      <trkpt lat="-21.153909" lon="55.559876">
        <ele>1655.939806</ele>
        <time>2025-10-09T20:34:17.704Z</time>
      </trkpt>
      <trkpt lat="-21.155056" lon="55.56007">
        <ele>1653.177293</ele>
        <time>2025-10-09T20:35:20.485Z</time>
      </trkpt>
      <trkpt lat="-21.155042" lon="55.560313">
        <ele>1652.885964</ele>
        <time>2025-10-09T20:35:32.982Z</time>
      </trkpt>
      <trkpt lat="-21.155641" lon="55.560956">
        <ele>1651.795854</ele>
        <time>2025-10-09T20:36:19.379Z</time>
      </trkpt>
      <trkpt lat="-21.155913" lon="55.561534">
        <ele>1653.46802</ele>
        <time>2025-10-09T20:36:54.762Z</time>
      </trkpt>
      <trkpt lat="-21.156766" lon="55.560743">
        <ele>1659.99991</ele>
        <time>2025-10-09T20:38:06.208Z</time>
      </trkpt>
      <trkpt lat="-21.157225" lon="55.559902">
        <ele>1669.136257</ele>
        <time>2025-10-09T20:39:20.909Z</time>
      </trkpt>
      <trkpt lat="-21.157293" lon="55.559649">
        <ele>1672.167036</ele>
        <time>2025-10-09T20:39:41.682Z</time>
      </trkpt>
      <trkpt lat="-21.157403" lon="55.559568">
        <ele>1673.853277</ele>
        <time>2025-10-09T20:39:53.310Z</time>
      </trkpt>
      <trkpt lat="-21.157319" lon="55.559155">
        <ele>1678.871232</ele>
        <time>2025-10-09T20:40:28.491Z</time>
      </trkpt>
      <trkpt lat="-21.157552" lon="55.558641">
        <ele>1685.251719</ele>
        <time>2025-10-09T20:41:17.722Z</time>
      </trkpt>
      <trkpt lat="-21.157794" lon="55.558419">
        <ele>1688.585004</ele>
        <time>2025-10-09T20:41:48.263Z</time>
      </trkpt>
      <trkpt lat="-21.157924" lon="55.558167">
        <ele>1691.397725</ele>
        <time>2025-10-09T20:42:13.811Z</time>
      </trkpt>
      <trkpt lat="-21.158022" lon="55.557768">
        <ele>1695.470256</ele>
        <time>2025-10-09T20:42:48.524Z</time>
      </trkpt>
      <trkpt lat="-21.157965" lon="55.557549">
        <ele>1697.708125</ele>
        <time>2025-10-09T20:43:05.297Z</time>
      </trkpt>
      <trkpt lat="-21.15805" lon="55.557376">
        <ele>1699.634383</ele>
        <time>2025-10-09T20:43:17.764Z</time>
      </trkpt>
      <trkpt lat="-21.158199" lon="55.557365">
        <ele>1701.185978</ele>
        <time>2025-10-09T20:43:26.652Z</time>
      </trkpt>
      <trkpt lat="-21.158511" lon="55.557547">
        <ele>1701.99109</ele>
        <time>2025-10-09T20:43:45.251Z</time>
      </trkpt>
      <trkpt lat="-21.158991" lon="55.558063">
        <ele>1700.503537</ele>
        <time>2025-10-09T20:44:14.325Z</time>
      </trkpt>
      <trkpt lat="-21.159955" lon="55.558286">
        <ele>1699.647378</ele>
        <time>2025-10-09T20:44:58.316Z</time>
      </trkpt>
      <trkpt lat="-21.160265" lon="55.557834">
        <ele>1704.513158</ele>
        <time>2025-10-09T20:45:31.746Z</time>
      </trkpt>
      <trkpt lat="-21.160401" lon="55.556976">
        <ele>1711.988759</ele>
        <time>2025-10-09T20:46:43.268Z</time>
      </trkpt>
      <trkpt lat="-21.160761" lon="55.556601">
        <ele>1716.615083</ele>
        <time>2025-10-09T20:47:28.981Z</time>
      </trkpt>
      <trkpt lat="-21.161164" lon="55.555967">
        <ele>1723.514206</ele>
        <time>2025-10-09T20:48:29.412Z</time>
      </trkpt>
      <trkpt lat="-21.162466" lon="55.554323">
        <ele>1727.174224</ele>
        <time>2025-10-09T20:50:26.716Z</time>
      </trkpt>
      <trkpt lat="-21.165018" lon="55.553771">
        <ele>1687.87007</ele>
        <time>2025-10-09T20:52:04.647Z</time>
      </trkpt>
      <trkpt lat="-21.165697" lon="55.553281">
        <ele>1674.623621</ele>
        <time>2025-10-09T20:52:35.490Z</time>
      </trkpt>
      <trkpt lat="-21.166202" lon="55.552808">
        <ele>1663.722379</ele>
        <time>2025-10-09T20:53:01.125Z</time>
      </trkpt>
      <trkpt lat="-21.166276" lon="55.552352">
        <ele>1658.380905</ele>
        <time>2025-10-09T20:53:17.929Z</time>
      </trkpt>
      <trkpt lat="-21.166399" lon="55.552167">
        <ele>1656.275947</ele>
        <time>2025-10-09T20:53:26.146Z</time>
      </trkpt>
      <trkpt lat="-21.166633" lon="55.552024">
        <ele>1653.581453</ele>
        <time>2025-10-09T20:53:36.701Z</time>
      </trkpt>
      <trkpt lat="-21.166698" lon="55.552291">
        <ele>1650.909513</ele>
        <time>2025-10-09T20:53:47.245Z</time>
      </trkpt>
      <trkpt lat="-21.168349" lon="55.552938">
        <ele>1635.68774</ele>
        <time>2025-10-09T20:54:57.131Z</time>
      </trkpt>
      <trkpt lat="-21.168352" lon="55.553071">
        <ele>1634.650473</ele>
        <time>2025-10-09T20:55:02.679Z</time>
      </trkpt>
      <trkpt lat="-21.168467" lon="55.553009">
        <ele>1633.660864</ele>
        <time>2025-10-09T20:55:07.971Z</time>
      </trkpt>
      <trkpt lat="-21.171256" lon="55.554123">
        <ele>1614.126548</ele>
        <time>2025-10-09T20:57:13.808Z</time>
      </trkpt>
      <trkpt lat="-21.171301" lon="55.554073">
        <ele>1613.633796</ele>
        <time>2025-10-09T20:57:16.090Z</time>
      </trkpt>
      <trkpt lat="-21.178408" lon="55.556927">
        <ele>1572.031446</ele>
        <time>2025-10-09T21:01:49.656Z</time>
      </trkpt>
      <trkpt lat="-21.179936" lon="55.557896">
        <ele>1572.186057</ele>
        <time>2025-10-09T21:03:07.349Z</time>
      </trkpt>
      <trkpt lat="-21.180669" lon="55.557914">
        <ele>1572.517729</ele>
        <time>2025-10-09T21:03:37.502Z</time>
      </trkpt>
      <trkpt lat="-21.181859" lon="55.558406">
        <ele>1569.360828</ele>
        <time>2025-10-09T21:04:27.076Z</time>
      </trkpt>
      <trkpt lat="-21.182102" lon="55.558381">
        <ele>1568.716108</ele>
        <time>2025-10-09T21:04:36.940Z</time>
      </trkpt>
      <trkpt lat="-21.182553" lon="55.558609">
        <ele>1567.319764</ele>
        <time>2025-10-09T21:04:55.700Z</time>
      </trkpt>
      <trkpt lat="-21.183004" lon="55.55867">
        <ele>1565.90403</ele>
        <time>2025-10-09T21:05:12.743Z</time>
      </trkpt>
      <trkpt lat="-21.184014" lon="55.559403">
        <ele>1562.311935</ele>
        <time>2025-10-09T21:05:59.541Z</time>
      </trkpt>
      <trkpt lat="-21.193993" lon="55.563261">
        <ele>1546.092881</ele>
        <time>2025-10-09T21:13:02.733Z</time>
      </trkpt>
      <trkpt lat="-21.194302" lon="55.563609">
        <ele>1547.000724</ele>
        <time>2025-10-09T21:13:23.554Z</time>
      </trkpt>
      <trkpt lat="-21.195" lon="55.563626">
        <ele>1548.411488</ele>
        <time>2025-10-09T21:13:55.229Z</time>
      </trkpt>
      <trkpt lat="-21.196662" lon="55.564334">
        <ele>1551.908246</ele>
        <time>2025-10-09T21:15:12.809Z</time>
      </trkpt>
      <trkpt lat="-21.197182" lon="55.564631">
        <ele>1553.042699</ele>
        <time>2025-10-09T21:15:39.057Z</time>
      </trkpt>
      <trkpt lat="-21.197839" lon="55.564818">
        <ele>1554.557219</ele>
        <time>2025-10-09T21:16:10.981Z</time>
      </trkpt>
      <trkpt lat="-21.19832" lon="55.565183">
        <ele>1555.909181</ele>
        <time>2025-10-09T21:16:38.883Z</time>
      </trkpt>
      <trkpt lat="-21.198352" lon="55.565298">
        <ele>1556.164764</ele>
        <time>2025-10-09T21:16:43.977Z</time>
      </trkpt>
      <trkpt lat="-21.198042" lon="55.565962">
        <ele>1557.008158</ele>
        <time>2025-10-09T21:17:13.688Z</time>
      </trkpt>
      <trkpt lat="-21.198082" lon="55.566403">
        <ele>1556.180478</ele>
        <time>2025-10-09T21:17:29.996Z</time>
      </trkpt>
      <trkpt lat="-21.198196" lon="55.566729">
        <ele>1555.533272</ele>
        <time>2025-10-09T21:17:42.269Z</time>
      </trkpt>
      <trkpt lat="-21.198498" lon="55.567041">
        <ele>1554.697274</ele>
        <time>2025-10-09T21:17:58.149Z</time>
      </trkpt>
      <trkpt lat="-21.198918" lon="55.567311">
        <ele>1553.795591</ele>
        <time>2025-10-09T21:18:16.873Z</time>
      </trkpt>
      <trkpt lat="-21.199" lon="55.567316">
        <ele>1553.874177</ele>
        <time>2025-10-09T21:18:20.055Z</time>
      </trkpt>
      <trkpt lat="-21.199161" lon="55.567105">
        <ele>1554.121231</ele>
        <time>2025-10-09T21:18:32.272Z</time>
      </trkpt>
      <trkpt lat="-21.199855" lon="55.567019">
        <ele>1554.790626</ele>
        <time>2025-10-09T21:19:08.384Z</time>
      </trkpt>
      <trkpt lat="-21.199951" lon="55.566903">
        <ele>1554.928993</ele>
        <time>2025-10-09T21:19:16.680Z</time>
      </trkpt>
      <trkpt lat="-21.199864" lon="55.566833">
        <ele>1555.033055</ele>
        <time>2025-10-09T21:19:22.909Z</time>
      </trkpt>
      <trkpt lat="-21.199522" lon="55.56694">
        <ele>1555.382483</ele>
        <time>2025-10-09T21:19:42.246Z</time>
      </trkpt>
      <trkpt lat="-21.198962" lon="55.566807">
        <ele>1554.884028</ele>
        <time>2025-10-09T21:20:11.105Z</time>
      </trkpt>
      <trkpt lat="-21.199522" lon="55.56694">
        <ele>1554.127662</ele>
        <time>2025-10-09T21:20:38.115Z</time>
      </trkpt>
      <trkpt lat="-21.199821" lon="55.566824">
        <ele>1553.703847</ele>
        <time>2025-10-09T21:20:52.767Z</time>
      </trkpt>
      <trkpt lat="-21.199951" lon="55.566903">
        <ele>1553.502653</ele>
        <time>2025-10-09T21:20:59.538Z</time>
      </trkpt>
      <trkpt lat="-21.199855" lon="55.567019">
        <ele>1553.311952</ele>
        <time>2025-10-09T21:21:05.839Z</time>
      </trkpt>
      <trkpt lat="-21.199161" lon="55.567105">
        <ele>1551.624242</ele>
        <time>2025-10-09T21:21:36.546Z</time>
      </trkpt>
      <trkpt lat="-21.199" lon="55.567316">
        <ele>1550.926695</ele>
        <time>2025-10-09T21:21:48.088Z</time>
      </trkpt>
      <trkpt lat="-21.199179" lon="55.567307">
        <ele>1550.442586</ele>
        <time>2025-10-09T21:21:55.085Z</time>
      </trkpt>
      <trkpt lat="-21.199572" lon="55.567458">
        <ele>1549.309681</ele>
        <time>2025-10-09T21:22:11.293Z</time>
      </trkpt>
      <trkpt lat="-21.200575" lon="55.568146">
        <ele>1549.403307</ele>
        <time>2025-10-09T21:22:58.647Z</time>
      </trkpt>
      <trkpt lat="-21.20071" lon="55.568318">
        <ele>1549.705954</ele>
        <time>2025-10-09T21:23:07.962Z</time>
      </trkpt>
      <trkpt lat="-21.200643" lon="55.568738">
        <ele>1550.279856</ele>
        <time>2025-10-09T21:23:26.417Z</time>
      </trkpt>
      <trkpt lat="-21.199998" lon="55.569779">
        <ele>1554.955516</ele>
        <time>2025-10-09T21:24:25.848Z</time>
      </trkpt>
      <trkpt lat="-21.199096" lon="55.570682">
        <ele>1560.820289</ele>
        <time>2025-10-09T21:25:30.035Z</time>
      </trkpt>
      <trkpt lat="-21.198897" lon="55.571134">
        <ele>1561.905348</ele>
        <time>2025-10-09T21:25:52.263Z</time>
      </trkpt>
      <trkpt lat="-21.198897" lon="55.571438">
        <ele>1562.582952</ele>
        <time>2025-10-09T21:26:05.498Z</time>
      </trkpt>
      <trkpt lat="-21.201508" lon="55.572077">
        <ele>1564.099615</ele>
        <time>2025-10-09T21:27:55.412Z</time>
      </trkpt>
      <trkpt lat="-21.20169" lon="55.57218">
        <ele>1564.065025</ele>
        <time>2025-10-09T21:28:03.754Z</time>
      </trkpt>
      <trkpt lat="-21.203073" lon="55.573516">
        <ele>1564.458152</ele>
        <time>2025-10-09T21:29:19.906Z</time>
      </trkpt>
      <trkpt lat="-21.203257" lon="55.573467">
        <ele>1564.881145</ele>
        <time>2025-10-09T21:29:29.011Z</time>
      </trkpt>
      <trkpt lat="-21.203073" lon="55.573516">
        <ele>1565.304138</ele>
        <time>2025-10-09T21:29:38.313Z</time>
      </trkpt>
      <trkpt lat="-21.203066" lon="55.573654">
        <ele>1565.579334</ele>
        <time>2025-10-09T21:29:44.429Z</time>
      </trkpt>
      <trkpt lat="-21.20212" lon="55.574317">
        <ele>1568.125677</ele>
        <time>2025-10-09T21:30:37.034Z</time>
      </trkpt>
      <trkpt lat="-21.201871" lon="55.574368">
        <ele>1568.963935</ele>
        <time>2025-10-09T21:30:49.183Z</time>
      </trkpt>
      <trkpt lat="-21.201772" lon="55.574748">
        <ele>1570.183788</ele>
        <time>2025-10-09T21:31:06.745Z</time>
      </trkpt>
      <trkpt lat="-21.201277" lon="55.575552">
        <ele>1573.160778</ele>
        <time>2025-10-09T21:31:48.618Z</time>
      </trkpt>
      <trkpt lat="-21.201379" lon="55.575989">
        <ele>1574.480954</ele>
        <time>2025-10-09T21:32:08.137Z</time>
      </trkpt>
      <trkpt lat="-21.201335" lon="55.576852">
        <ele>1576.940652</ele>
        <time>2025-10-09T21:32:44.940Z</time>
      </trkpt>
      <trkpt lat="-21.20142" lon="55.577308">
        <ele>1578.266814</ele>
        <time>2025-10-09T21:33:05.328Z</time>
      </trkpt>
      <trkpt lat="-21.201207" lon="55.578128">
        <ele>1581.561986</ele>
        <time>2025-10-09T21:33:43.644Z</time>
      </trkpt>
      <trkpt lat="-21.201191" lon="55.578449">
        <ele>1582.900576</ele>
        <time>2025-10-09T21:33:58.324Z</time>
      </trkpt>
      <trkpt lat="-21.201525" lon="55.580716">
        <ele>1592.592125</ele>
        <time>2025-10-09T21:35:46.888Z</time>
      </trkpt>
      <trkpt lat="-21.201466" lon="55.581146">
        <ele>1594.481086</ele>
        <time>2025-10-09T21:36:06.967Z</time>
      </trkpt>
      <trkpt lat="-21.201156" lon="55.581683">
        <ele>1595.36523</ele>
        <time>2025-10-09T21:36:33.614Z</time>
      </trkpt>
      <trkpt lat="-21.200937" lon="55.581572">
        <ele>1595.523521</ele>
        <time>2025-10-09T21:36:43.858Z</time>
      </trkpt>
      <trkpt lat="-21.199653" lon="55.580288">
        <ele>1596.597469</ele>
        <time>2025-10-09T21:37:54.897Z</time>
      </trkpt>
      <trkpt lat="-21.199408" lon="55.580129">
        <ele>1596.752739</ele>
        <time>2025-10-09T21:38:07.084Z</time>
      </trkpt>
      <trkpt lat="-21.198594" lon="55.579902">
        <ele>1597.211461</ele>
        <time>2025-10-09T21:38:44.010Z</time>
      </trkpt>
      <trkpt lat="-21.197324" lon="55.579834">
        <ele>1598.415491</ele>
        <time>2025-10-09T21:39:38.030Z</time>
      </trkpt>
      <trkpt lat="-21.197006" lon="55.579581">
        <ele>1598.796337</ele>
        <time>2025-10-09T21:39:54.843Z</time>
      </trkpt>
      <trkpt lat="-21.196896" lon="55.579234">
        <ele>1599.345352</ele>
        <time>2025-10-09T21:40:09.378Z</time>
      </trkpt>
      <trkpt lat="-21.196487" lon="55.579325">
        <ele>1600.181386</ele>
        <time>2025-10-09T21:40:27.393Z</time>
      </trkpt>
      <trkpt lat="-21.195486" lon="55.580302">
        <ele>1603.059643</ele>
        <time>2025-10-09T21:41:28.913Z</time>
      </trkpt>
      <trkpt lat="-21.19501" lon="55.580615">
        <ele>1604.684645</ele>
        <time>2025-10-09T21:41:55.019Z</time>
      </trkpt>
      <trkpt lat="-21.19479" lon="55.581161">
        <ele>1606.308073</ele>
        <time>2025-10-09T21:42:20.874Z</time>
      </trkpt>
      <trkpt lat="-21.194377" lon="55.581376">
        <ele>1607.649384</ele>
        <time>2025-10-09T21:42:41.928Z</time>
      </trkpt>
      <trkpt lat="-21.194101" lon="55.581633">
        <ele>1608.181251</ele>
        <time>2025-10-09T21:42:58.280Z</time>
      </trkpt>
      <trkpt lat="-21.19384" lon="55.582045">
        <ele>1608.791155</ele>
        <time>2025-10-09T21:43:18.887Z</time>
      </trkpt>
      <trkpt lat="-21.194068" lon="55.582772">
        <ele>1609.736764</ele>
        <time>2025-10-09T21:43:49.788Z</time>
      </trkpt>
      <trkpt lat="-21.194476" lon="55.582871">
        <ele>1610.077753</ele>
        <time>2025-10-09T21:44:08.284Z</time>
      </trkpt>
      <trkpt lat="-21.194341" lon="55.582192">
        <ele>1609.987954</ele>
        <time>2025-10-09T21:44:39.102Z</time>
      </trkpt>
      <trkpt lat="-21.194416" lon="55.581918">
        <ele>1609.950811</ele>
        <time>2025-10-09T21:44:51.769Z</time>
      </trkpt>
      <trkpt lat="-21.19472" lon="55.581643">
        <ele>1609.895116</ele>
        <time>2025-10-09T21:45:10.760Z</time>
      </trkpt>
      <trkpt lat="-21.195142" lon="55.581635">
        <ele>1609.928736</ele>
        <time>2025-10-09T21:45:31.809Z</time>
      </trkpt>
      <trkpt lat="-21.195405" lon="55.582254">
        <ele>1610.478774</ele>
        <time>2025-10-09T21:46:05.146Z</time>
      </trkpt>
      <trkpt lat="-21.195407" lon="55.582479">
        <ele>1610.658624</ele>
        <time>2025-10-09T21:46:16.131Z</time>
      </trkpt>
      <trkpt lat="-21.195786" lon="55.583016">
        <ele>1611.200212</ele>
        <time>2025-10-09T21:46:48.126Z</time>
      </trkpt>
      <trkpt lat="-21.195899" lon="55.582916">
        <ele>1611.332844</ele>
        <time>2025-10-09T21:46:55.594Z</time>
      </trkpt>
      <trkpt lat="-21.196055" lon="55.582165">
        <ele>1609.243261</ele>
        <time>2025-10-09T21:47:29.070Z</time>
      </trkpt>
      <trkpt lat="-21.196138" lon="55.582077">
        <ele>1608.844484</ele>
        <time>2025-10-09T21:47:34.445Z</time>
      </trkpt>
      <trkpt lat="-21.196067" lon="55.581898">
        <ele>1608.229126</ele>
        <time>2025-10-09T21:47:42.687Z</time>
      </trkpt>
      <trkpt lat="-21.196132" lon="55.581611">
        <ele>1607.331021</ele>
        <time>2025-10-09T21:47:54.530Z</time>
      </trkpt>
      <trkpt lat="-21.196414" lon="55.581043">
        <ele>1605.505958</ele>
        <time>2025-10-09T21:48:20.524Z</time>
      </trkpt>
      <trkpt lat="-21.19689" lon="55.580941">
        <ele>1605.317104</ele>
        <time>2025-10-09T21:48:42.747Z</time>
      </trkpt>
      <trkpt lat="-21.197237" lon="55.580642">
        <ele>1605.14571</ele>
        <time>2025-10-09T21:49:03.844Z</time>
      </trkpt>
      <trkpt lat="-21.198029" lon="55.580683">
        <ele>1604.845086</ele>
        <time>2025-10-09T21:49:44.724Z</time>
      </trkpt>
      <trkpt lat="-21.198399" lon="55.581934">
        <ele>1612.478529</ele>
        <time>2025-10-09T21:51:01.682Z</time>
      </trkpt>
      <trkpt lat="-21.198219" lon="55.582267">
        <ele>1614.728754</ele>
        <time>2025-10-09T21:51:26.465Z</time>
      </trkpt>
      <trkpt lat="-21.197981" lon="55.582497">
        <ele>1616.689757</ele>
        <time>2025-10-09T21:51:48.708Z</time>
      </trkpt>
      <trkpt lat="-21.198021" lon="55.582771">
        <ele>1618.139283</ele>
        <time>2025-10-09T21:52:05.951Z</time>
      </trkpt>
      <trkpt lat="-21.197874" lon="55.582859">
        <ele>1619.08301</ele>
        <time>2025-10-09T21:52:16.901Z</time>
      </trkpt>
      <trkpt lat="-21.197866" lon="55.583181">
        <ele>1620.806433</ele>
        <time>2025-10-09T21:52:35.952Z</time>
      </trkpt>
      <trkpt lat="-21.197546" lon="55.583428">
        <ele>1623.044751</ele>
        <time>2025-10-09T21:52:59.618Z</time>
      </trkpt>
      <trkpt lat="-21.197571" lon="55.583557">
        <ele>1623.73339</ele>
        <time>2025-10-09T21:53:06.693Z</time>
      </trkpt>
      <trkpt lat="-21.197381" lon="55.583664">
        <ele>1624.936396</ele>
        <time>2025-10-09T21:53:18.884Z</time>
      </trkpt>
      <trkpt lat="-21.197359" lon="55.583828">
        <ele>1625.802381</ele>
        <time>2025-10-09T21:53:27.544Z</time>
      </trkpt>
      <trkpt lat="-21.197234" lon="55.583978">
        <ele>1626.828858</ele>
        <time>2025-10-09T21:53:38.499Z</time>
      </trkpt>
      <trkpt lat="-21.197431" lon="55.584222">
        <ele>1628.341059</ele>
        <time>2025-10-09T21:53:55.409Z</time>
      </trkpt>
      <trkpt lat="-21.197781" lon="55.584324">
        <ele>1630.163583</ele>
        <time>2025-10-09T21:54:16.199Z</time>
      </trkpt>
      <trkpt lat="-21.197839" lon="55.58449">
        <ele>1630.994114</ele>
        <time>2025-10-09T21:54:25.946Z</time>
      </trkpt>
      <trkpt lat="-21.198171" lon="55.584877">
        <ele>1633.457969</ele>
        <time>2025-10-09T21:54:56.069Z</time>
      </trkpt>
      <trkpt lat="-21.198231" lon="55.585155">
        <ele>1634.794843</ele>
        <time>2025-10-09T21:55:12.800Z</time>
      </trkpt>
      <trkpt lat="-21.198121" lon="55.585378">
        <ele>1636.10723</ele>
        <time>2025-10-09T21:55:27.941Z</time>
      </trkpt>
      <trkpt lat="-21.198436" lon="55.585373">
        <ele>1638.006729</ele>
        <time>2025-10-09T21:55:48.804Z</time>
      </trkpt>
      <trkpt lat="-21.198861" lon="55.58574">
        <ele>1641.138368</ele>
        <time>2025-10-09T21:56:22.622Z</time>
      </trkpt>
      <trkpt lat="-21.199317" lon="55.586717">
        <ele>1646.849859</ele>
        <time>2025-10-09T21:57:23.766Z</time>
      </trkpt>
      <trkpt lat="-21.199562" lon="55.586985">
        <ele>1648.708404</ele>
        <time>2025-10-09T21:57:45.069Z</time>
      </trkpt>
      <trkpt lat="-21.199512" lon="55.58713">
        <ele>1649.473927</ele>
        <time>2025-10-09T21:57:53.919Z</time>
      </trkpt>
      <trkpt lat="-21.199312" lon="55.587317">
        <ele>1650.883073</ele>
        <time>2025-10-09T21:58:10.288Z</time>
      </trkpt>
      <trkpt lat="-21.199477" lon="55.588165">
        <ele>1655.112797</ele>
        <time>2025-10-09T21:58:59.262Z</time>
      </trkpt>
      <trkpt lat="-21.199407" lon="55.588594">
        <ele>1656.18274</ele>
        <time>2025-10-09T21:59:22.348Z</time>
      </trkpt>
      <trkpt lat="-21.199192" lon="55.588744">
        <ele>1656.881741</ele>
        <time>2025-10-09T21:59:36.823Z</time>
      </trkpt>
      <trkpt lat="-21.199071" lon="55.589599">
        <ele>1659.017854</ele>
        <time>2025-10-09T22:00:14.789Z</time>
      </trkpt>
      <trkpt lat="-21.199186" lon="55.589958">
        <ele>1660.011758</ele>
        <time>2025-10-09T22:00:31.815Z</time>
      </trkpt>
      <trkpt lat="-21.199305" lon="55.590129">
        <ele>1660.433818</ele>
        <time>2025-10-09T22:00:40.303Z</time>
      </trkpt>
      <trkpt lat="-21.199725" lon="55.590367">
        <ele>1661.448485</ele>
        <time>2025-10-09T22:01:00.726Z</time>
      </trkpt>
      <trkpt lat="-21.199918" lon="55.590593">
        <ele>1662.067393</ele>
        <time>2025-10-09T22:01:13.418Z</time>
      </trkpt>
      <trkpt lat="-21.199902" lon="55.591453">
        <ele>1664.091998</ele>
        <time>2025-10-09T22:01:50.404Z</time>
      </trkpt>
      <trkpt lat="-21.19996" lon="55.591652">
        <ele>1665.260619</ele>
        <time>2025-10-09T22:01:59.880Z</time>
      </trkpt>
      <trkpt lat="-21.199904" lon="55.591706">
        <ele>1665.713333</ele>
        <time>2025-10-09T22:02:04.283Z</time>
      </trkpt>
      <trkpt lat="-21.199673" lon="55.595237">
        <ele>1689.174517</ele>
        <time>2025-10-09T22:05:42.344Z</time>
      </trkpt>
      <trkpt lat="-21.200238" lon="55.595405">
        <ele>1697.251623</ele>
        <time>2025-10-09T22:06:26.203Z</time>
      </trkpt>
      <trkpt lat="-21.199197" lon="55.601592">
        <ele>1772.214986</ele>
        <time>2025-10-09T22:15:19.374Z</time>
      </trkpt>
      <trkpt lat="-21.199051" lon="55.601907">
        <ele>1775.530959</ele>
        <time>2025-10-09T22:15:42.777Z</time>
      </trkpt>
      <trkpt lat="-21.19898" lon="55.601978">
        <ele>1776.5124</ele>
        <time>2025-10-09T22:15:48.955Z</time>
      </trkpt>
      <trkpt lat="-21.198058" lon="55.601896">
        <ele>1775.187368</ele>
        <time>2025-10-09T22:16:33.788Z</time>
      </trkpt>
      <trkpt lat="-21.197315" lon="55.601658">
        <ele>1770.720098</ele>
        <time>2025-10-09T22:17:03.980Z</time>
      </trkpt>
      <trkpt lat="-21.19553" lon="55.60129">
        <ele>1765.359448</ele>
        <time>2025-10-09T22:18:21.031Z</time>
      </trkpt>
      <trkpt lat="-21.195377" lon="55.601781">
        <ele>1766.686462</ele>
        <time>2025-10-09T22:18:53.513Z</time>
      </trkpt>
      <trkpt lat="-21.19511" lon="55.602209">
        <ele>1773.231216</ele>
        <time>2025-10-09T22:19:36.951Z</time>
      </trkpt>
      <trkpt lat="-21.195097" lon="55.60243">
        <ele>1776.015201</ele>
        <time>2025-10-09T22:19:57.750Z</time>
      </trkpt>
      <trkpt lat="-21.194987" lon="55.602594">
        <ele>1778.674239</ele>
        <time>2025-10-09T22:20:17.742Z</time>
      </trkpt>
      <trkpt lat="-21.195062" lon="55.602916">
        <ele>1782.846909</ele>
        <time>2025-10-09T22:20:48.251Z</time>
      </trkpt>
      <trkpt lat="-21.194983" lon="55.603065">
        <ele>1785.00188</ele>
        <time>2025-10-09T22:21:03.717Z</time>
      </trkpt>
      <trkpt lat="-21.194754" lon="55.60316">
        <ele>1788.391704</ele>
        <time>2025-10-09T22:21:27.283Z</time>
      </trkpt>
      <trkpt lat="-21.194758" lon="55.603242">
        <ele>1789.311034</ele>
        <time>2025-10-09T22:21:34.287Z</time>
      </trkpt>
      <trkpt lat="-21.194864" lon="55.603364">
        <ele>1791.076936</ele>
        <time>2025-10-09T22:21:48.882Z</time>
      </trkpt>
      <trkpt lat="-21.195283" lon="55.603392">
        <ele>1795.636645</ele>
        <time>2025-10-09T22:22:24.956Z</time>
      </trkpt>
      <trkpt lat="-21.195095" lon="55.603613">
        <ele>1798.707966</ele>
        <time>2025-10-09T22:22:47.916Z</time>
      </trkpt>
      <trkpt lat="-21.19508" lon="55.603813">
        <ele>1800.829326</ele>
        <time>2025-10-09T22:23:02.822Z</time>
      </trkpt>
      <trkpt lat="-21.195472" lon="55.604453">
        <ele>1808.479964</ele>
        <time>2025-10-09T22:23:53.926Z</time>
      </trkpt>
      <trkpt lat="-21.195483" lon="55.604618">
        <ele>1809.694356</ele>
        <time>2025-10-09T22:24:04.457Z</time>
      </trkpt>
      <trkpt lat="-21.195705" lon="55.605056">
        <ele>1813.354221</ele>
        <time>2025-10-09T22:24:35.911Z</time>
      </trkpt>
      <trkpt lat="-21.195946" lon="55.605364">
        <ele>1816.306069</ele>
        <time>2025-10-09T22:25:01.166Z</time>
      </trkpt>
      <trkpt lat="-21.196688" lon="55.605786">
        <ele>1822.925104</ele>
        <time>2025-10-09T22:25:58.341Z</time>
      </trkpt>
      <trkpt lat="-21.197248" lon="55.606215">
        <ele>1828.364539</ele>
        <time>2025-10-09T22:26:45.429Z</time>
      </trkpt>
      <trkpt lat="-21.197699" lon="55.606408">
        <ele>1832.231559</ele>
        <time>2025-10-09T22:27:19.386Z</time>
      </trkpt>
      <trkpt lat="-21.198814" lon="55.606437">
        <ele>1840.022736</ele>
        <time>2025-10-09T22:28:34.822Z</time>
      </trkpt>
      <trkpt lat="-21.199259" lon="55.606886">
        <ele>1843.728693</ele>
        <time>2025-10-09T22:29:13.639Z</time>
      </trkpt>
      <trkpt lat="-21.199649" lon="55.606982">
        <ele>1846.146355</ele>
        <time>2025-10-09T22:29:37.206Z</time>
      </trkpt>
      <trkpt lat="-21.200049" lon="55.607004">
        <ele>1848.644893</ele>
        <time>2025-10-09T22:29:59.626Z</time>
      </trkpt>
      <trkpt lat="-21.200289" lon="55.606896">
        <ele>1850.328617</ele>
        <time>2025-10-09T22:30:14.339Z</time>
      </trkpt>
      <trkpt lat="-21.200509" lon="55.606961">
        <ele>1851.853235</ele>
        <time>2025-10-09T22:30:27.922Z</time>
      </trkpt>
      <trkpt lat="-21.200637" lon="55.607296">
        <ele>1854.066916</ele>
        <time>2025-10-09T22:30:49.230Z</time>
      </trkpt>
      <trkpt lat="-21.200816" lon="55.607418">
        <ele>1855.438919</ele>
        <time>2025-10-09T22:31:03.324Z</time>
      </trkpt>
      <trkpt lat="-21.200837" lon="55.607607">
        <ele>1856.586918</ele>
        <time>2025-10-09T22:31:15.624Z</time>
      </trkpt>
      <trkpt lat="-21.20068" lon="55.607941">
        <ele>1858.84296</ele>
        <time>2025-10-09T22:31:40.823Z</time>
      </trkpt>
      <trkpt lat="-21.200772" lon="55.608247">
        <ele>1861.535589</ele>
        <time>2025-10-09T22:32:03.791Z</time>
      </trkpt>
      <trkpt lat="-21.200504" lon="55.609307">
        <ele>1870.924233</ele>
        <time>2025-10-09T22:33:21.558Z</time>
      </trkpt>
      <trkpt lat="-21.200556" lon="55.60944">
        <ele>1872.153392</ele>
        <time>2025-10-09T22:33:31.220Z</time>
      </trkpt>
      <trkpt lat="-21.200569" lon="55.609753">
        <ele>1874.968903</ele>
        <time>2025-10-09T22:33:52.613Z</time>
      </trkpt>
      <trkpt lat="-21.201156" lon="55.609284">
        <ele>1880.994363</ele>
        <time>2025-10-09T22:34:43.087Z</time>
      </trkpt>
      <trkpt lat="-21.20209" lon="55.608815">
        <ele>1889.46894</ele>
        <time>2025-10-09T22:35:56.899Z</time>
      </trkpt>
      <trkpt lat="-21.20223" lon="55.60881">
        <ele>1890.628218</ele>
        <time>2025-10-09T22:36:05.957Z</time>
      </trkpt>
      <trkpt lat="-21.20252" lon="55.608987">
        <ele>1893.502384</ele>
        <time>2025-10-09T22:36:27.659Z</time>
      </trkpt>
      <trkpt lat="-21.20277" lon="55.609014">
        <ele>1895.716592</ele>
        <time>2025-10-09T22:36:44.281Z</time>
      </trkpt>
      <trkpt lat="-21.203429" lon="55.609299">
        <ele>1901.783169</ele>
        <time>2025-10-09T22:37:34.404Z</time>
      </trkpt>
      <trkpt lat="-21.203569" lon="55.609198">
        <ele>1903.270354</ele>
        <time>2025-10-09T22:37:47.376Z</time>
      </trkpt>
      <trkpt lat="-21.20361" lon="55.608887">
        <ele>1906.227689</ele>
        <time>2025-10-09T22:38:11.861Z</time>
      </trkpt>
      <trkpt lat="-21.203827" lon="55.608897">
        <ele>1908.961628</ele>
        <time>2025-10-09T22:38:30.267Z</time>
      </trkpt>
      <trkpt lat="-21.204171" lon="55.609373">
        <ele>1916.153981</ele>
        <time>2025-10-09T22:39:21.103Z</time>
      </trkpt>
      <trkpt lat="-21.204386" lon="55.60938">
        <ele>1918.878888</ele>
        <time>2025-10-09T22:39:40.900Z</time>
      </trkpt>
      <trkpt lat="-21.204771" lon="55.609731">
        <ele>1925.350213</ele>
        <time>2025-10-09T22:40:26.113Z</time>
      </trkpt>
      <trkpt lat="-21.204817" lon="55.61007">
        <ele>1929.557328</ele>
        <time>2025-10-09T22:40:54.041Z</time>
      </trkpt>
      <trkpt lat="-21.204946" lon="55.61014">
        <ele>1931.900715</ele>
        <time>2025-10-09T22:41:08.809Z</time>
      </trkpt>
      <trkpt lat="-21.205061" lon="55.610373">
        <ele>1935.210753</ele>
        <time>2025-10-09T22:41:29.731Z</time>
      </trkpt>
      <trkpt lat="-21.205011" lon="55.610478">
        <ele>1936.691067</ele>
        <time>2025-10-09T22:41:39.105Z</time>
      </trkpt>
      <trkpt lat="-21.205236" lon="55.610902">
        <ele>1942.95142</ele>
        <time>2025-10-09T22:42:19.653Z</time>
      </trkpt>
      <trkpt lat="-21.205296" lon="55.611284">
        <ele>1947.841356</ele>
        <time>2025-10-09T22:42:53.017Z</time>
      </trkpt>
      <trkpt lat="-21.205564" lon="55.611678">
        <ele>1953.727813</ele>
        <time>2025-10-09T22:43:37.802Z</time>
      </trkpt>
      <trkpt lat="-21.205851" lon="55.612533">
        <ele>1963.59492</ele>
        <time>2025-10-09T22:44:53.692Z</time>
      </trkpt>
      <trkpt lat="-21.205256" lon="55.61334">
        <ele>1974.767994</ele>
        <time>2025-10-09T22:46:04.689Z</time>
      </trkpt>
      <trkpt lat="-21.205026" lon="55.613311">
        <ele>1977.15928</ele>
        <time>2025-10-09T22:46:20.179Z</time>
      </trkpt>
      <trkpt lat="-21.204986" lon="55.61363">
        <ele>1980.147526</ele>
        <time>2025-10-09T22:46:40.040Z</time>
      </trkpt>
      <trkpt lat="-21.204859" lon="55.613869">
        <ele>1982.689178</ele>
        <time>2025-10-09T22:46:58.502Z</time>
      </trkpt>
      <trkpt lat="-21.20445" lon="55.614198">
        <ele>1987.766909</ele>
        <time>2025-10-09T22:47:40.870Z</time>
      </trkpt>
      <trkpt lat="-21.204477" lon="55.61436">
        <ele>1989.332587</ele>
        <time>2025-10-09T22:47:55.361Z</time>
      </trkpt>
      <trkpt lat="-21.204271" lon="55.614446">
        <ele>1991.83311</ele>
        <time>2025-10-09T22:48:17.183Z</time>
      </trkpt>
      <trkpt lat="-21.203963" lon="55.615116">
        <ele>1999.252557</ele>
        <time>2025-10-09T22:49:17.763Z</time>
      </trkpt>
      <trkpt lat="-21.20373" lon="55.615434">
        <ele>2003.285094</ele>
        <time>2025-10-09T22:49:49.092Z</time>
      </trkpt>
      <trkpt lat="-21.203446" lon="55.615538">
        <ele>2006.616243</ele>
        <time>2025-10-09T22:50:12.709Z</time>
      </trkpt>
      <trkpt lat="-21.203464" lon="55.615704">
        <ele>2008.36755</ele>
        <time>2025-10-09T22:50:24.284Z</time>
      </trkpt>
      <trkpt lat="-21.203066" lon="55.616152">
        <ele>2010.237448</ele>
        <time>2025-10-09T22:51:01.215Z</time>
      </trkpt>
      <trkpt lat="-21.202871" lon="55.616193">
        <ele>2010.547171</ele>
        <time>2025-10-09T22:51:12.458Z</time>
      </trkpt>
      <trkpt lat="-21.202662" lon="55.616395">
        <ele>2010.976108</ele>
        <time>2025-10-09T22:51:26.945Z</time>
      </trkpt>
      <trkpt lat="-21.202352" lon="55.616379">
        <ele>2011.452367</ele>
        <time>2025-10-09T22:51:42.000Z</time>
      </trkpt>
      <trkpt lat="-21.202202" lon="55.616806">
        <ele>2012.109485</ele>
        <time>2025-10-09T22:52:01.715Z</time>
      </trkpt>
      <trkpt lat="-21.202112" lon="55.616568">
        <ele>2012.688803</ele>
        <time>2025-10-09T22:52:13.013Z</time>
      </trkpt>
      <trkpt lat="-21.201997" lon="55.616678">
        <ele>2013.068365</ele>
        <time>2025-10-09T22:52:19.993Z</time>
      </trkpt>
      <trkpt lat="-21.201615" lon="55.61679">
        <ele>2014.060357</ele>
        <time>2025-10-09T22:52:38.909Z</time>
      </trkpt>
      <trkpt lat="-21.201568" lon="55.616947">
        <ele>2014.448051</ele>
        <time>2025-10-09T22:52:46.646Z</time>
      </trkpt>
      <trkpt lat="-21.20164" lon="55.617176">
        <ele>2015.013625</ele>
        <time>2025-10-09T22:52:58.586Z</time>
      </trkpt>
      <trkpt lat="-21.20159" lon="55.617368">
        <ele>2015.471448</ele>
        <time>2025-10-09T22:53:08.917Z</time>
      </trkpt>
      <trkpt lat="-21.201654" lon="55.617899">
        <ele>2017.297376</ele>
        <time>2025-10-09T22:53:43.855Z</time>
      </trkpt>
      <trkpt lat="-21.201339" lon="55.618269">
        <ele>2023.56277</ele>
        <time>2025-10-09T22:54:25.098Z</time>
      </trkpt>
      <trkpt lat="-21.202408" lon="55.619153">
        <ele>2041.049634</ele>
        <time>2025-10-09T22:56:35.546Z</time>
      </trkpt>
      <trkpt lat="-21.20241" lon="55.619296">
        <ele>2041.551224</ele>
        <time>2025-10-09T22:56:47.519Z</time>
      </trkpt>
      <trkpt lat="-21.202851" lon="55.619232">
        <ele>2043.292455</ele>
        <time>2025-10-09T22:57:21.600Z</time>
      </trkpt>
      <trkpt lat="-21.203115" lon="55.619364">
        <ele>2044.388194</ele>
        <time>2025-10-09T22:57:37.337Z</time>
      </trkpt>
      <trkpt lat="-21.203189" lon="55.619655">
        <ele>2045.446077</ele>
        <time>2025-10-09T22:57:51.230Z</time>
      </trkpt>
      <trkpt lat="-21.203175" lon="55.620113">
        <ele>2047.053859</ele>
        <time>2025-10-09T22:58:10.918Z</time>
      </trkpt>
      <trkpt lat="-21.203287" lon="55.620262">
        <ele>2046.684164</ele>
        <time>2025-10-09T22:58:18.733Z</time>
      </trkpt>
      <trkpt lat="-21.203624" lon="55.620293">
        <ele>2041.949368</ele>
        <time>2025-10-09T22:58:32.960Z</time>
      </trkpt>
      <trkpt lat="-21.204013" lon="55.620616">
        <ele>2035.018012</ele>
        <time>2025-10-09T22:58:52.292Z</time>
      </trkpt>
      <trkpt lat="-21.204155" lon="55.620648">
        <ele>2033.00612</ele>
        <time>2025-10-09T22:58:57.817Z</time>
      </trkpt>
      <trkpt lat="-21.204442" lon="55.620982">
        <ele>2027.134411</ele>
        <time>2025-10-09T22:59:13.723Z</time>
      </trkpt>
      <trkpt lat="-21.204448" lon="55.621119">
        <ele>2025.361488</ele>
        <time>2025-10-09T22:59:18.451Z</time>
      </trkpt>
      <trkpt lat="-21.205005" lon="55.62195">
        <ele>2008.538352</ele>
        <time>2025-10-09T22:59:56.232Z</time>
      </trkpt>
      <trkpt lat="-21.205001" lon="55.62204">
        <ele>2006.984436</ele>
        <time>2025-10-09T22:59:59.429Z</time>
      </trkpt>
      <trkpt lat="-21.204616" lon="55.622598">
        <ele>1994.864428</ele>
        <time>2025-10-09T23:00:23.978Z</time>
      </trkpt>
      <trkpt lat="-21.204028" lon="55.622927">
        <ele>1989.494404</ele>
        <time>2025-10-09T23:00:53.358Z</time>
      </trkpt>
      <trkpt lat="-21.203568" lon="55.623292">
        <ele>1989.81193</ele>
        <time>2025-10-09T23:01:27.114Z</time>
      </trkpt>
      <trkpt lat="-21.202398" lon="55.624515">
        <ele>1994.216326</ele>
        <time>2025-10-09T23:02:50.300Z</time>
      </trkpt>
      <trkpt lat="-21.202011" lon="55.625232">
        <ele>1998.092813</ele>
        <time>2025-10-09T23:03:41.105Z</time>
      </trkpt>
      <trkpt lat="-21.20159" lon="55.625575">
        <ele>2001.627274</ele>
        <time>2025-10-09T23:04:27.658Z</time>
      </trkpt>
      <trkpt lat="-21.200975" lon="55.626371">
        <ele>2009.471795</ele>
        <time>2025-10-09T23:05:38.212Z</time>
      </trkpt>
      <trkpt lat="-21.200815" lon="55.626795">
        <ele>2012.965223</ele>
        <time>2025-10-09T23:06:03.615Z</time>
      </trkpt>
      <trkpt lat="-21.20083" lon="55.627194">
        <ele>2016.560467</ele>
        <time>2025-10-09T23:06:25.698Z</time>
      </trkpt>
      <trkpt lat="-21.2007" lon="55.627428">
        <ele>2019.088836</ele>
        <time>2025-10-09T23:06:41.377Z</time>
      </trkpt>
      <trkpt lat="-21.200184" lon="55.627537">
        <ele>2024.481146</ele>
        <time>2025-10-09T23:07:21.131Z</time>
      </trkpt>
      <trkpt lat="-21.199788" lon="55.627917">
        <ele>2029.80847</ele>
        <time>2025-10-09T23:08:11.904Z</time>
      </trkpt>
      <trkpt lat="-21.199318" lon="55.628019">
        <ele>2033.402276</ele>
        <time>2025-10-09T23:08:57.202Z</time>
      </trkpt>
      <trkpt lat="-21.198836" lon="55.628194">
        <ele>2036.578908</ele>
        <time>2025-10-09T23:09:36.278Z</time>
      </trkpt>
      <trkpt lat="-21.198729" lon="55.628433">
        <ele>2038.087096</ele>
        <time>2025-10-09T23:09:49.865Z</time>
      </trkpt>
      <trkpt lat="-21.198276" lon="55.628745">
        <ele>2041.472968</ele>
        <time>2025-10-09T23:10:17.680Z</time>
      </trkpt>
      <trkpt lat="-21.198043" lon="55.629054">
        <ele>2042.785186</ele>
        <time>2025-10-09T23:10:35.457Z</time>
      </trkpt>
      <trkpt lat="-21.198026" lon="55.629208">
        <ele>2042.992312</ele>
        <time>2025-10-09T23:10:42.243Z</time>
      </trkpt>
      <trkpt lat="-21.197482" lon="55.629742">
        <ele>2044.055844</ele>
        <time>2025-10-09T23:11:19.012Z</time>
      </trkpt>
      <trkpt lat="-21.197277" lon="55.63001">
        <ele>2044.516393</ele>
        <time>2025-10-09T23:11:36.808Z</time>
      </trkpt>
      <trkpt lat="-21.197234" lon="55.630179">
        <ele>2044.756426</ele>
        <time>2025-10-09T23:11:47.229Z</time>
      </trkpt>
      <trkpt lat="-21.197046" lon="55.630208">
        <ele>2045.030856</ele>
        <time>2025-10-09T23:11:58.394Z</time>
      </trkpt>
      <trkpt lat="-21.196702" lon="55.630431">
        <ele>2046.060103</ele>
        <time>2025-10-09T23:12:19.489Z</time>
      </trkpt>
      <trkpt lat="-21.196581" lon="55.630591">
        <ele>2046.558348</ele>
        <time>2025-10-09T23:12:29.247Z</time>
      </trkpt>
      <trkpt lat="-21.196503" lon="55.630921">
        <ele>2047.387511</ele>
        <time>2025-10-09T23:12:44.961Z</time>
      </trkpt>
      <trkpt lat="-21.196251" lon="55.631135">
        <ele>2048.235037</ele>
        <time>2025-10-09T23:13:01.367Z</time>
      </trkpt>
      <trkpt lat="-21.196074" lon="55.631903">
        <ele>2051.662684</ele>
        <time>2025-10-09T23:13:42.429Z</time>
      </trkpt>
      <trkpt lat="-21.196003" lon="55.631949">
        <ele>2052.655248</ele>
        <time>2025-10-09T23:13:47.559Z</time>
      </trkpt>
      <trkpt lat="-21.195716" lon="55.63187">
        <ele>2056.068382</ele>
        <time>2025-10-09T23:14:06.143Z</time>
      </trkpt>
      <trkpt lat="-21.195518" lon="55.631915">
        <ele>2058.399818</ele>
        <time>2025-10-09T23:14:20.788Z</time>
      </trkpt>
      <trkpt lat="-21.19546" lon="55.632014">
        <ele>2059.655555</ele>
        <time>2025-10-09T23:14:29.768Z</time>
      </trkpt>
      <trkpt lat="-21.195475" lon="55.632153">
        <ele>2061.210693</ele>
        <time>2025-10-09T23:14:41.482Z</time>
      </trkpt>
      <trkpt lat="-21.195569" lon="55.632236">
        <ele>2062.613217</ele>
        <time>2025-10-09T23:14:52.718Z</time>
      </trkpt>
      <trkpt lat="-21.195478" lon="55.632349">
        <ele>2064.276962</ele>
        <time>2025-10-09T23:15:06.926Z</time>
      </trkpt>
      <trkpt lat="-21.195413" lon="55.632896">
        <ele>2070.409645</ele>
        <time>2025-10-09T23:16:03.655Z</time>
      </trkpt>
      <trkpt lat="-21.195092" lon="55.6331">
        <ele>2075.360235</ele>
        <time>2025-10-09T23:16:42.887Z</time>
      </trkpt>
      <trkpt lat="-21.194883" lon="55.633045">
        <ele>2078.269889</ele>
        <time>2025-10-09T23:17:04.289Z</time>
      </trkpt>
      <trkpt lat="-21.194666" lon="55.633165">
        <ele>2081.702992</ele>
        <time>2025-10-09T23:17:28.958Z</time>
      </trkpt>
      <trkpt lat="-21.194248" lon="55.632578">
        <ele>2090.855235</ele>
        <time>2025-10-09T23:18:27.242Z</time>
      </trkpt>
      <trkpt lat="-21.19402" lon="55.632436">
        <ele>2094.129767</ele>
        <time>2025-10-09T23:18:45.483Z</time>
      </trkpt>
      <trkpt lat="-21.193823" lon="55.631966">
        <ele>2098.088867</ele>
        <time>2025-10-09T23:19:15.004Z</time>
      </trkpt>
      <trkpt lat="-21.193307" lon="55.632091">
        <ele>2102.574681</ele>
        <time>2025-10-09T23:19:48.934Z</time>
      </trkpt>
      <trkpt lat="-21.193077" lon="55.631971">
        <ele>2104.832287</ele>
        <time>2025-10-09T23:20:08.200Z</time>
      </trkpt>
      <trkpt lat="-21.192856" lon="55.631905">
        <ele>2106.67194</ele>
        <time>2025-10-09T23:20:25.513Z</time>
      </trkpt>
      <trkpt lat="-21.192461" lon="55.631942">
        <ele>2111.128587</ele>
        <time>2025-10-09T23:20:59.842Z</time>
      </trkpt>
      <trkpt lat="-21.192248" lon="55.631835">
        <ele>2114.460973</ele>
        <time>2025-10-09T23:21:21.068Z</time>
      </trkpt>
      <trkpt lat="-21.191911" lon="55.631967">
        <ele>2119.600302</ele>
        <time>2025-10-09T23:21:54.822Z</time>
      </trkpt>
      <trkpt lat="-21.191772" lon="55.632528">
        <ele>2127.584777</ele>
        <time>2025-10-09T23:22:48.797Z</time>
      </trkpt>
      <trkpt lat="-21.191581" lon="55.632916">
        <ele>2133.399485</ele>
        <time>2025-10-09T23:23:27.868Z</time>
      </trkpt>
      <trkpt lat="-21.191104" lon="55.633566">
        <ele>2140.784428</ele>
        <time>2025-10-09T23:24:36.779Z</time>
      </trkpt>
      <trkpt lat="-21.1911" lon="55.633782">
        <ele>2142.692659</ele>
        <time>2025-10-09T23:24:52.427Z</time>
      </trkpt>
      <trkpt lat="-21.190961" lon="55.633827">
        <ele>2144.123979</ele>
        <time>2025-10-09T23:25:03.399Z</time>
      </trkpt>
      <trkpt lat="-21.190889" lon="55.633956">
        <ele>2145.434284</ele>
        <time>2025-10-09T23:25:12.910Z</time>
      </trkpt>
      <trkpt lat="-21.190983" lon="55.634063">
        <ele>2146.715542</ele>
        <time>2025-10-09T23:25:21.797Z</time>
      </trkpt>
      <trkpt lat="-21.191083" lon="55.634764">
        <ele>2150.017576</ele>
        <time>2025-10-09T23:25:59.272Z</time>
      </trkpt>
      <trkpt lat="-21.191023" lon="55.635076">
        <ele>2149.480524</ele>
        <time>2025-10-09T23:26:14.204Z</time>
      </trkpt>
      <trkpt lat="-21.191119" lon="55.635507">
        <ele>2148.739457</ele>
        <time>2025-10-09T23:26:33.559Z</time>
      </trkpt>
      <trkpt lat="-21.191535" lon="55.636338">
        <ele>2147.11024</ele>
        <time>2025-10-09T23:27:11.306Z</time>
      </trkpt>
      <trkpt lat="-21.191572" lon="55.636989">
        <ele>2145.383708</ele>
        <time>2025-10-09T23:27:36.958Z</time>
      </trkpt>
      <trkpt lat="-21.191774" lon="55.637709">
        <ele>2143.391805</ele>
        <time>2025-10-09T23:28:08.431Z</time>
      </trkpt>
      <trkpt lat="-21.19203" lon="55.638071">
        <ele>2142.190741</ele>
        <time>2025-10-09T23:28:29.093Z</time>
      </trkpt>
      <trkpt lat="-21.192574" lon="55.638448">
        <ele>2147.318311</ele>
        <time>2025-10-09T23:29:07.685Z</time>
      </trkpt>
      <trkpt lat="-21.192777" lon="55.639188">
        <ele>2152.98195</ele>
        <time>2025-10-09T23:30:02.672Z</time>
      </trkpt>
      <trkpt lat="-21.193092" lon="55.63994">
        <ele>2160.406701</ele>
        <time>2025-10-09T23:31:07.751Z</time>
      </trkpt>
      <trkpt lat="-21.193103" lon="55.640167">
        <ele>2162.974121</ele>
        <time>2025-10-09T23:31:26.647Z</time>
      </trkpt>
      <trkpt lat="-21.193278" lon="55.6405">
        <ele>2167.204269</ele>
        <time>2025-10-09T23:31:57.129Z</time>
      </trkpt>
      <trkpt lat="-21.193966" lon="55.641123">
        <ele>2177.956121</ele>
        <time>2025-10-09T23:33:11.503Z</time>
      </trkpt>
      <trkpt lat="-21.194025" lon="55.641392">
        <ele>2181.739278</ele>
        <time>2025-10-09T23:33:33.374Z</time>
      </trkpt>
      <trkpt lat="-21.194223" lon="55.641596">
        <ele>2185.770638</ele>
        <time>2025-10-09T23:33:57.303Z</time>
      </trkpt>
      <trkpt lat="-21.194334" lon="55.642516">
        <ele>2198.638432</ele>
        <time>2025-10-09T23:35:19.140Z</time>
      </trkpt>
      <trkpt lat="-21.194689" lon="55.642847">
        <ele>2206.289746</ele>
        <time>2025-10-09T23:36:08.278Z</time>
      </trkpt>
      <trkpt lat="-21.194765" lon="55.643101">
        <ele>2211.395735</ele>
        <time>2025-10-09T23:36:35.449Z</time>
      </trkpt>
      <trkpt lat="-21.195058" lon="55.643241">
        <ele>2218.027278</ele>
        <time>2025-10-09T23:37:11.805Z</time>
      </trkpt>
      <trkpt lat="-21.195291" lon="55.643674">
        <ele>2227.659397</ele>
        <time>2025-10-09T23:38:07.730Z</time>
      </trkpt>
      <trkpt lat="-21.195172" lon="55.643923">
        <ele>2233.179387</ele>
        <time>2025-10-09T23:38:41.641Z</time>
      </trkpt>
      <trkpt lat="-21.195199" lon="55.644042">
        <ele>2235.523612</ele>
        <time>2025-10-09T23:38:56.465Z</time>
      </trkpt>
      <trkpt lat="-21.195366" lon="55.644121">
        <ele>2239.27069</ele>
        <time>2025-10-09T23:39:20.206Z</time>
      </trkpt>
      <trkpt lat="-21.195683" lon="55.644481">
        <ele>2247.320017</ele>
        <time>2025-10-09T23:40:20.285Z</time>
      </trkpt>
      <trkpt lat="-21.195955" lon="55.644511">
        <ele>2252.041791</ele>
        <time>2025-10-09T23:40:54.524Z</time>
      </trkpt>
      <trkpt lat="-21.196339" lon="55.64487">
        <ele>2260.665121</ele>
        <time>2025-10-09T23:41:50.952Z</time>
      </trkpt>
      <trkpt lat="-21.197209" lon="55.64532">
        <ele>2273.132451</ele>
        <time>2025-10-09T23:43:03.715Z</time>
      </trkpt>
      <trkpt lat="-21.197341" lon="55.645566">
        <ele>2274.71742</ele>
        <time>2025-10-09T23:43:19.193Z</time>
      </trkpt>
      <trkpt lat="-21.197444" lon="55.645556">
        <ele>2275.378502</ele>
        <time>2025-10-09T23:43:25.428Z</time>
      </trkpt>
      <trkpt lat="-21.198213" lon="55.646055">
        <ele>2280.747118</ele>
        <time>2025-10-09T23:44:15.537Z</time>
      </trkpt>
      <trkpt lat="-21.198769" lon="55.646198">
        <ele>2286.348149</ele>
        <time>2025-10-09T23:44:55.730Z</time>
      </trkpt>
      <trkpt lat="-21.19893" lon="55.646346">
        <ele>2288.720568</ele>
        <time>2025-10-09T23:45:12.315Z</time>
      </trkpt>
      <trkpt lat="-21.199093" lon="55.646364">
        <ele>2290.553944</ele>
        <time>2025-10-09T23:45:25.869Z</time>
      </trkpt>
      <trkpt lat="-21.199235" lon="55.646591">
        <ele>2293.40549</ele>
        <time>2025-10-09T23:45:47.580Z</time>
      </trkpt>
      <trkpt lat="-21.199518" lon="55.647208">
        <ele>2300.73455</ele>
        <time>2025-10-09T23:46:45.742Z</time>
      </trkpt>
      <trkpt lat="-21.199917" lon="55.647563">
        <ele>2307.383193</ele>
        <time>2025-10-09T23:47:33.875Z</time>
      </trkpt>
      <trkpt lat="-21.20062" lon="55.647836">
        <ele>2317.260531</ele>
        <time>2025-10-09T23:48:42.643Z</time>
      </trkpt>
      <trkpt lat="-21.201157" lon="55.647944">
        <ele>2324.463893</ele>
        <time>2025-10-09T23:49:28.914Z</time>
      </trkpt>
      <trkpt lat="-21.201193" lon="55.648253">
        <ele>2327.230028</ele>
        <time>2025-10-09T23:49:52.078Z</time>
      </trkpt>
      <trkpt lat="-21.201913" lon="55.649308">
        <ele>2337.206395</ele>
        <time>2025-10-09T23:51:16.027Z</time>
      </trkpt>
      <trkpt lat="-21.202326" lon="55.650335">
        <ele>2343.716034</ele>
        <time>2025-10-09T23:52:21.195Z</time>
      </trkpt>
      <trkpt lat="-21.202609" lon="55.650695">
        <ele>2345.991346</ele>
        <time>2025-10-09T23:52:47.624Z</time>
      </trkpt>
      <trkpt lat="-21.203083" lon="55.650771">
        <ele>2348.510271</ele>
        <time>2025-10-09T23:53:15.991Z</time>
      </trkpt>
      <trkpt lat="-21.203174" lon="55.650916">
        <ele>2349.354845</ele>
        <time>2025-10-09T23:53:25.253Z</time>
      </trkpt>
      <trkpt lat="-21.203769" lon="55.651221">
        <ele>2351.333356</ele>
        <time>2025-10-09T23:54:01.418Z</time>
      </trkpt>
      <trkpt lat="-21.204235" lon="55.651638">
        <ele>2353.088926</ele>
        <time>2025-10-09T23:54:34.078Z</time>
      </trkpt>
      <trkpt lat="-21.204687" lon="55.651878">
        <ele>2354.540885</ele>
        <time>2025-10-09T23:55:00.677Z</time>
      </trkpt>
      <trkpt lat="-21.20563" lon="55.652153">
        <ele>2358.1829</ele>
        <time>2025-10-09T23:55:53.050Z</time>
      </trkpt>
      <trkpt lat="-21.207802" lon="55.652988">
        <ele>2371.211523</ele>
        <time>2025-10-09T23:58:15.162Z</time>
      </trkpt>
      <trkpt lat="-21.209197" lon="55.653339">
        <ele>2383.624604</ele>
        <time>2025-10-10T00:00:01.583Z</time>
      </trkpt>
      <trkpt lat="-21.209776" lon="55.653686">
        <ele>2389.806567</ele>
        <time>2025-10-10T00:00:54.175Z</time>
      </trkpt>
      <trkpt lat="-21.209831" lon="55.653929">
        <ele>2390.972486</ele>
        <time>2025-10-10T00:01:10.446Z</time>
      </trkpt>
      <trkpt lat="-21.210193" lon="55.653938">
        <ele>2392.200823</ele>
        <time>2025-10-10T00:01:33.086Z</time>
      </trkpt>
      <trkpt lat="-21.210521" lon="55.654114">
        <ele>2393.388022</ele>
        <time>2025-10-10T00:01:54.380Z</time>
      </trkpt>
      <trkpt lat="-21.210512" lon="55.654255">
        <ele>2393.857251</ele>
        <time>2025-10-10T00:02:02.100Z</time>
      </trkpt>
      <trkpt lat="-21.21066" lon="55.654309">
        <ele>2394.359065</ele>
        <time>2025-10-10T00:02:09.938Z</time>
      </trkpt>
      <trkpt lat="-21.210741" lon="55.65445">
        <ele>2394.854694</ele>
        <time>2025-10-10T00:02:17.439Z</time>
      </trkpt>
      <trkpt lat="-21.210915" lon="55.654475">
        <ele>2395.422071</ele>
        <time>2025-10-10T00:02:25.811Z</time>
      </trkpt>
      <trkpt lat="-21.211267" lon="55.654327">
        <ele>2396.185084</ele>
        <time>2025-10-10T00:02:43.653Z</time>
      </trkpt>
      <trkpt lat="-21.211543" lon="55.654489">
        <ele>2396.134712</ele>
        <time>2025-10-10T00:02:58.538Z</time>
      </trkpt>
      <trkpt lat="-21.212097" lon="55.65451">
        <ele>2396.045141</ele>
        <time>2025-10-10T00:03:26.876Z</time>
      </trkpt>
      <trkpt lat="-21.21239" lon="55.654768">
        <ele>2395.984871</ele>
        <time>2025-10-10T00:03:45.528Z</time>
      </trkpt>
      <trkpt lat="-21.213165" lon="55.654846">
        <ele>2393.514977</ele>
        <time>2025-10-10T00:04:23.004Z</time>
      </trkpt>
      <trkpt lat="-21.213766" lon="55.6552">
        <ele>2389.12418</ele>
        <time>2025-10-10T00:04:52.667Z</time>
      </trkpt>
      <trkpt lat="-21.213988" lon="55.655457">
        <ele>2387.052845</ele>
        <time>2025-10-10T00:05:05.726Z</time>
      </trkpt>
      <trkpt lat="-21.21432" lon="55.655617">
        <ele>2384.745918</ele>
        <time>2025-10-10T00:05:19.881Z</time>
      </trkpt>
      <trkpt lat="-21.214706" lon="55.65599">
        <ele>2380.231879</ele>
        <time>2025-10-10T00:05:39.778Z</time>
      </trkpt>
      <trkpt lat="-21.216804" lon="55.656113">
        <ele>2362.856404</ele>
        <time>2025-10-10T00:07:05.988Z</time>
      </trkpt>
      <trkpt lat="-21.216876" lon="55.655888">
        <ele>2361.07429</ele>
        <time>2025-10-10T00:07:16.015Z</time>
      </trkpt>
      <trkpt lat="-21.216833" lon="55.65568">
        <ele>2359.45417</ele>
        <time>2025-10-10T00:07:24.864Z</time>
      </trkpt>
      <trkpt lat="-21.216978" lon="55.655572">
        <ele>2358.116973</ele>
        <time>2025-10-10T00:07:31.960Z</time>
      </trkpt>
      <trkpt lat="-21.217195" lon="55.65552">
        <ele>2356.098214</ele>
        <time>2025-10-10T00:07:42.544Z</time>
      </trkpt>
      <trkpt lat="-21.217433" lon="55.655584">
        <ele>2352.832312</ele>
        <time>2025-10-10T00:07:52.752Z</time>
      </trkpt>
      <trkpt lat="-21.217017" lon="55.655817">
        <ele>2345.627983</ele>
        <time>2025-10-10T00:08:10.705Z</time>
      </trkpt>
      <trkpt lat="-21.217023" lon="55.655879">
        <ele>2344.606016</ele>
        <time>2025-10-10T00:08:13.244Z</time>
      </trkpt>
      <trkpt lat="-21.217513" lon="55.655829">
        <ele>2337.088773</ele>
        <time>2025-10-10T00:08:31.714Z</time>
      </trkpt>
      <trkpt lat="-21.217648" lon="55.655922">
        <ele>2334.648455</ele>
        <time>2025-10-10T00:08:37.701Z</time>
      </trkpt>
      <trkpt lat="-21.217266" lon="55.656001">
        <ele>2328.526273</ele>
        <time>2025-10-10T00:08:52.747Z</time>
      </trkpt>
      <trkpt lat="-21.217696" lon="55.656089">
        <ele>2324.353412</ele>
        <time>2025-10-10T00:09:09.308Z</time>
      </trkpt>
      <trkpt lat="-21.217961" lon="55.656254">
        <ele>2321.531697</ele>
        <time>2025-10-10T00:09:21.788Z</time>
      </trkpt>
      <trkpt lat="-21.218237" lon="55.656066">
        <ele>2318.508241</ele>
        <time>2025-10-10T00:09:35.949Z</time>
      </trkpt>
      <trkpt lat="-21.21838" lon="55.655843">
        <ele>2316.222055</ele>
        <time>2025-10-10T00:09:47.021Z</time>
      </trkpt>
      <trkpt lat="-21.218819" lon="55.655716">
        <ele>2312.076113</ele>
        <time>2025-10-10T00:10:06.860Z</time>
      </trkpt>
      <trkpt lat="-21.219192" lon="55.655765">
        <ele>2305.867059</ele>
        <time>2025-10-10T00:10:22.257Z</time>
      </trkpt>
      <trkpt lat="-21.218927" lon="55.655974">
        <ele>2299.94106</ele>
        <time>2025-10-10T00:10:35.328Z</time>
      </trkpt>
      <trkpt lat="-21.219187" lon="55.656082">
        <ele>2294.624494</ele>
        <time>2025-10-10T00:10:46.833Z</time>
      </trkpt>
      <trkpt lat="-21.218528" lon="55.656497">
        <ele>2281.309466</ele>
        <time>2025-10-10T00:11:16.267Z</time>
      </trkpt>
      <trkpt lat="-21.218698" lon="55.656539">
        <ele>2278.995069</ele>
        <time>2025-10-10T00:11:22.791Z</time>
      </trkpt>
      <trkpt lat="-21.218628" lon="55.656618">
        <ele>2277.611035</ele>
        <time>2025-10-10T00:11:26.963Z</time>
      </trkpt>
      <trkpt lat="-21.218781" lon="55.656731">
        <ele>2275.216938</ele>
        <time>2025-10-10T00:11:34.156Z</time>
      </trkpt>
      <trkpt lat="-21.219109" lon="55.657222">
        <ele>2268.17951</ele>
        <time>2025-10-10T00:11:55.631Z</time>
      </trkpt>
      <trkpt lat="-21.220209" lon="55.661211">
        <ele>2260.252986</ele>
        <time>2025-10-10T00:15:03.341Z</time>
      </trkpt>
      <trkpt lat="-21.220321" lon="55.661924">
        <ele>2261.723745</ele>
        <time>2025-10-10T00:15:40.037Z</time>
      </trkpt>
      <trkpt lat="-21.220545" lon="55.662331">
        <ele>2262.98694</ele>
        <time>2025-10-10T00:16:04.812Z</time>
      </trkpt>
      <trkpt lat="-21.220607" lon="55.662771">
        <ele>2264.182878</ele>
        <time>2025-10-10T00:16:28.063Z</time>
      </trkpt>
      <trkpt lat="-21.220459" lon="55.663223">
        <ele>2265.46863</ele>
        <time>2025-10-10T00:16:52.433Z</time>
      </trkpt>
      <trkpt lat="-21.220541" lon="55.663644">
        <ele>2266.435077</ele>
        <time>2025-10-10T00:17:13.593Z</time>
      </trkpt>
      <trkpt lat="-21.220659" lon="55.664011">
        <ele>2266.86584</ele>
        <time>2025-10-10T00:17:32.333Z</time>
      </trkpt>
      <trkpt lat="-21.221183" lon="55.664933">
        <ele>2268.037715</ele>
        <time>2025-10-10T00:18:22.188Z</time>
      </trkpt>
      <trkpt lat="-21.223944" lon="55.669383">
        <ele>2293.742933</ele>
        <time>2025-10-10T00:23:23.583Z</time>
      </trkpt>
      <trkpt lat="-21.224035" lon="55.670028">
        <ele>2300.365087</ele>
        <time>2025-10-10T00:24:17.654Z</time>
      </trkpt>
      <trkpt lat="-21.224393" lon="55.670771">
        <ele>2307.660971</ele>
        <time>2025-10-10T00:25:25.057Z</time>
      </trkpt>
      <trkpt lat="-21.224355" lon="55.670946">
        <ele>2309.174662</ele>
        <time>2025-10-10T00:25:38.225Z</time>
      </trkpt>
      <trkpt lat="-21.224456" lon="55.671174">
        <ele>2311.301208</ele>
        <time>2025-10-10T00:25:55.459Z</time>
      </trkpt>
      <trkpt lat="-21.224473" lon="55.671779">
        <ele>2316.427646</ele>
        <time>2025-10-10T00:26:30.589Z</time>
      </trkpt>
      <trkpt lat="-21.224797" lon="55.672344">
        <ele>2319.526009</ele>
        <time>2025-10-10T00:27:07.724Z</time>
      </trkpt>
      <trkpt lat="-21.224795" lon="55.673341">
        <ele>2323.021054</ele>
        <time>2025-10-10T00:27:59.800Z</time>
      </trkpt>
      <trkpt lat="-21.224843" lon="55.673867">
        <ele>2324.378331</ele>
        <time>2025-10-10T00:28:26.410Z</time>
      </trkpt>
      <trkpt lat="-21.224766" lon="55.674037">
        <ele>2324.291452</ele>
        <time>2025-10-10T00:28:36.053Z</time>
      </trkpt>
      <trkpt lat="-21.224796" lon="55.674465">
        <ele>2324.096529</ele>
        <time>2025-10-10T00:28:56.302Z</time>
      </trkpt>
      <trkpt lat="-21.224602" lon="55.674777">
        <ele>2323.924946</ele>
        <time>2025-10-10T00:29:12.955Z</time>
      </trkpt>
      <trkpt lat="-21.224023" lon="55.6753">
        <ele>2323.485934</ele>
        <time>2025-10-10T00:29:47.746Z</time>
      </trkpt>
      <trkpt lat="-21.223963" lon="55.675443">
        <ele>2322.722173</ele>
        <time>2025-10-10T00:29:54.261Z</time>
      </trkpt>
      <trkpt lat="-21.223005" lon="55.676485">
        <ele>2315.575498</ele>
        <time>2025-10-10T00:30:52.827Z</time>
      </trkpt>
      <trkpt lat="-21.222221" lon="55.676957">
        <ele>2309.981982</ele>
        <time>2025-10-10T00:31:30.125Z</time>
      </trkpt>
      <trkpt lat="-21.222097" lon="55.676962">
        <ele>2309.167474</ele>
        <time>2025-10-10T00:31:35.294Z</time>
      </trkpt>
      <trkpt lat="-21.222087" lon="55.677144">
        <ele>2307.975712</ele>
        <time>2025-10-10T00:31:42.823Z</time>
      </trkpt>
      <trkpt lat="-21.22166" lon="55.677501">
        <ele>2304.422191</ele>
        <time>2025-10-10T00:32:05.533Z</time>
      </trkpt>
      <trkpt lat="-21.221627" lon="55.678296">
        <ele>2299.429398</ele>
        <time>2025-10-10T00:32:37.045Z</time>
      </trkpt>
      <trkpt lat="-21.221315" lon="55.678635">
        <ele>2296.388147</ele>
        <time>2025-10-10T00:32:55.720Z</time>
      </trkpt>
      <trkpt lat="-21.220888" lon="55.679915">
        <ele>2288.399883</ele>
        <time>2025-10-10T00:33:48.268Z</time>
      </trkpt>
      <trkpt lat="-21.220579" lon="55.680231">
        <ele>2286.29823</ele>
        <time>2025-10-10T00:34:06.458Z</time>
      </trkpt>
      <trkpt lat="-21.220164" lon="55.681245">
        <ele>2281.300529</ele>
        <time>2025-10-10T00:34:53.025Z</time>
      </trkpt>
      <trkpt lat="-21.219979" lon="55.681525">
        <ele>2280.673533</ele>
        <time>2025-10-10T00:35:07.837Z</time>
      </trkpt>
      <trkpt lat="-21.219701" lon="55.682244">
        <ele>2279.256474</ele>
        <time>2025-10-10T00:35:41.987Z</time>
      </trkpt>
      <trkpt lat="-21.219773" lon="55.682408">
        <ele>2278.912212</ele>
        <time>2025-10-10T00:35:50.258Z</time>
      </trkpt>
      <trkpt lat="-21.219699" lon="55.682713">
        <ele>2278.34218</ele>
        <time>2025-10-10T00:36:01.852Z</time>
      </trkpt>
      <trkpt lat="-21.219309" lon="55.683058">
        <ele>2276.632961</ele>
        <time>2025-10-10T00:36:22.018Z</time>
      </trkpt>
      <trkpt lat="-21.21913" lon="55.683604">
        <ele>2274.282811</ele>
        <time>2025-10-10T00:36:42.721Z</time>
      </trkpt>
      <trkpt lat="-21.219107" lon="55.684197">
        <ele>2271.841378</ele>
        <time>2025-10-10T00:37:03.228Z</time>
      </trkpt>
      <trkpt lat="-21.218872" lon="55.684358">
        <ele>2270.626808</ele>
        <time>2025-10-10T00:37:13.236Z</time>
      </trkpt>
      <trkpt lat="-21.217875" lon="55.685839">
        <ele>2257.892103</ele>
        <time>2025-10-10T00:38:11.409Z</time>
      </trkpt>
      <trkpt lat="-21.217868" lon="55.686184">
        <ele>2256.058862</ele>
        <time>2025-10-10T00:38:22.914Z</time>
      </trkpt>
      <trkpt lat="-21.217954" lon="55.686451">
        <ele>2255.68693</ele>
        <time>2025-10-10T00:38:34.427Z</time>
      </trkpt>
      <trkpt lat="-21.217875" lon="55.686682">
        <ele>2255.354777</ele>
        <time>2025-10-10T00:38:44.706Z</time>
      </trkpt>
      <trkpt lat="-21.217954" lon="55.686451">
        <ele>2255.022624</ele>
        <time>2025-10-10T00:38:55.226Z</time>
      </trkpt>
      <trkpt lat="-21.217868" lon="55.686184">
        <ele>2254.650693</ele>
        <time>2025-10-10T00:39:07.575Z</time>
      </trkpt>
      <trkpt lat="-21.217873" lon="55.685848">
        <ele>2254.200783</ele>
        <time>2025-10-10T00:39:21.224Z</time>
      </trkpt>
      <trkpt lat="-21.217868" lon="55.686184">
        <ele>2253.750872</ele>
        <time>2025-10-10T00:39:35.694Z</time>
      </trkpt>
      <trkpt lat="-21.217954" lon="55.686451">
        <ele>2255.365042</ele>
        <time>2025-10-10T00:39:50.749Z</time>
      </trkpt>
      <trkpt lat="-21.217875" lon="55.686682">
        <ele>2257.27679</ele>
        <time>2025-10-10T00:40:05.140Z</time>
      </trkpt>
      <trkpt lat="-21.218182" lon="55.686947">
        <ele>2260.480046</ele>
        <time>2025-10-10T00:40:29.981Z</time>
      </trkpt>
      <trkpt lat="-21.218788" lon="55.687039">
        <ele>2265.528564</ele>
        <time>2025-10-10T00:41:17.454Z</time>
      </trkpt>
      <trkpt lat="-21.218922" lon="55.687225">
        <ele>2267.588584</ele>
        <time>2025-10-10T00:41:39.037Z</time>
      </trkpt>
      <trkpt lat="-21.219273" lon="55.687346">
        <ele>2271.94674</ele>
        <time>2025-10-10T00:42:11.037Z</time>
      </trkpt>
      <trkpt lat="-21.21974" lon="55.687724">
        <ele>2279.692117</ele>
        <time>2025-10-10T00:43:03.658Z</time>
      </trkpt>
      <trkpt lat="-21.219783" lon="55.687931">
        <ele>2282.280291</ele>
        <time>2025-10-10T00:43:21.403Z</time>
      </trkpt>
      <trkpt lat="-21.220035" lon="55.688056">
        <ele>2285.968214</ele>
        <time>2025-10-10T00:43:46.963Z</time>
      </trkpt>
      <trkpt lat="-21.220249" lon="55.688053">
        <ele>2288.74142</ele>
        <time>2025-10-10T00:44:05.888Z</time>
      </trkpt>
      <trkpt lat="-21.220377" lon="55.688218">
        <ele>2291.423872</ele>
        <time>2025-10-10T00:44:23.982Z</time>
      </trkpt>
      <trkpt lat="-21.22066" lon="55.688341">
        <ele>2293.354336</ele>
        <time>2025-10-10T00:44:51.011Z</time>
      </trkpt>
      <trkpt lat="-21.220746" lon="55.688646">
        <ele>2295.123929</ele>
        <time>2025-10-10T00:45:16.727Z</time>
      </trkpt>
      <trkpt lat="-21.220979" lon="55.688854">
        <ele>2296.911449</ele>
        <time>2025-10-10T00:45:37.927Z</time>
      </trkpt>
      <trkpt lat="-21.221238" lon="55.688963">
        <ele>2298.552094</ele>
        <time>2025-10-10T00:45:52.138Z</time>
      </trkpt>
      <trkpt lat="-21.221972" lon="55.688938">
        <ele>2302.753651</ele>
        <time>2025-10-10T00:46:29.784Z</time>
      </trkpt>
      <trkpt lat="-21.222278" lon="55.689191">
        <ele>2304.085439</ele>
        <time>2025-10-10T00:46:49.218Z</time>
      </trkpt>
      <trkpt lat="-21.222309" lon="55.688677">
        <ele>2305.745578</ele>
        <time>2025-10-10T00:47:14.207Z</time>
      </trkpt>
      <trkpt lat="-21.222255" lon="55.688564">
        <ele>2306.153629</ele>
        <time>2025-10-10T00:47:20.733Z</time>
      </trkpt>
      <trkpt lat="-21.222502" lon="55.688378">
        <ele>2307.265339</ele>
        <time>2025-10-10T00:47:40.067Z</time>
      </trkpt>
      <trkpt lat="-21.222749" lon="55.687645">
        <ele>2309.094118</ele>
        <time>2025-10-10T00:48:32.697Z</time>
      </trkpt>
      <trkpt lat="-21.223634" lon="55.686759">
        <ele>2311.102663</ele>
        <time>2025-10-10T00:49:34.143Z</time>
      </trkpt>
      <trkpt lat="-21.223882" lon="55.686376">
        <ele>2312.994362</ele>
        <time>2025-10-10T00:49:52.520Z</time>
      </trkpt>
      <trkpt lat="-21.2242" lon="55.686167">
        <ele>2315.241831</ele>
        <time>2025-10-10T00:50:10.011Z</time>
      </trkpt>
      <trkpt lat="-21.224356" lon="55.686189">
        <ele>2316.20655</ele>
        <time>2025-10-10T00:50:18.518Z</time>
      </trkpt>
      <trkpt lat="-21.224734" lon="55.685864">
        <ele>2319.142606</ele>
        <time>2025-10-10T00:50:52.464Z</time>
      </trkpt>
      <trkpt lat="-21.225281" lon="55.685118">
        <ele>2326.974483</ele>
        <time>2025-10-10T00:52:21.925Z</time>
      </trkpt>
      <trkpt lat="-21.225198" lon="55.684836">
        <ele>2330.664919</ele>
        <time>2025-10-10T00:52:56.195Z</time>
      </trkpt>
      <trkpt lat="-21.22434" lon="55.684964">
        <ele>2341.639787</ele>
        <time>2025-10-10T00:54:02.346Z</time>
      </trkpt>
      <trkpt lat="-21.224214" lon="55.68492">
        <ele>2343.317353</ele>
        <time>2025-10-10T00:54:08.911Z</time>
      </trkpt>
      <trkpt lat="-21.223996" lon="55.684437">
        <ele>2344.192422</ele>
        <time>2025-10-10T00:54:29.762Z</time>
      </trkpt>
      <trkpt lat="-21.224345" lon="55.683311">
        <ele>2341.960675</ele>
        <time>2025-10-10T00:55:12.073Z</time>
      </trkpt>
      <trkpt lat="-21.224659" lon="55.682582">
        <ele>2339.028357</ele>
        <time>2025-10-10T00:55:39.601Z</time>
      </trkpt>
      <trkpt lat="-21.224867" lon="55.681668">
        <ele>2334.43596</ele>
        <time>2025-10-10T00:56:11.171Z</time>
      </trkpt>
      <trkpt lat="-21.224828" lon="55.68143">
        <ele>2333.241803</ele>
        <time>2025-10-10T00:56:19.331Z</time>
      </trkpt>
      <trkpt lat="-21.224301" lon="55.680347">
        <ele>2328.626312</ele>
        <time>2025-10-10T00:57:01.290Z</time>
      </trkpt>
      <trkpt lat="-21.224292" lon="55.680174">
        <ele>2328.025911</ele>
        <time>2025-10-10T00:57:07.408Z</time>
      </trkpt>
      <trkpt lat="-21.224357" lon="55.677908">
        <ele>2323.454432</ele>
        <time>2025-10-10T00:58:30.426Z</time>
      </trkpt>
      <trkpt lat="-21.224816" lon="55.677033">
        <ele>2322.956748</ele>
        <time>2025-10-10T00:59:08.540Z</time>
      </trkpt>
      <trkpt lat="-21.225652" lon="55.675839">
        <ele>2323.234537</ele>
        <time>2025-10-10T01:00:06.432Z</time>
      </trkpt>
      <trkpt lat="-21.22708" lon="55.674124">
        <ele>2326.663759</ele>
        <time>2025-10-10T01:01:38.703Z</time>
      </trkpt>
      <trkpt lat="-21.227365" lon="55.673959">
        <ele>2327.76532</ele>
        <time>2025-10-10T01:01:56.733Z</time>
      </trkpt>
      <trkpt lat="-21.228072" lon="55.673848">
        <ele>2330.199996</ele>
        <time>2025-10-10T01:02:38.638Z</time>
      </trkpt>
      <trkpt lat="-21.228894" lon="55.673605">
        <ele>2332.130757</ele>
        <time>2025-10-10T01:03:26.889Z</time>
      </trkpt>
      <trkpt lat="-21.230443" lon="55.672929">
        <ele>2334.106838</ele>
        <time>2025-10-10T01:04:49.430Z</time>
      </trkpt>
      <trkpt lat="-21.230897" lon="55.672844">
        <ele>2334.035379</ele>
        <time>2025-10-10T01:05:11.872Z</time>
      </trkpt>
      <trkpt lat="-21.231561" lon="55.672576">
        <ele>2333.924984</ele>
        <time>2025-10-10T01:05:46.748Z</time>
      </trkpt>
      <trkpt lat="-21.231801" lon="55.672427">
        <ele>2334.016758</ele>
        <time>2025-10-10T01:06:00.150Z</time>
      </trkpt>
      <trkpt lat="-21.231805" lon="55.672275">
        <ele>2334.180033</ele>
        <time>2025-10-10T01:06:06.987Z</time>
      </trkpt>
      <trkpt lat="-21.231953" lon="55.672832">
        <ele>2334.801935</ele>
        <time>2025-10-10T01:06:29.497Z</time>
      </trkpt>
      <trkpt lat="-21.232124" lon="55.673117">
        <ele>2335.16587</ele>
        <time>2025-10-10T01:06:42.990Z</time>
      </trkpt>
      <trkpt lat="-21.233098" lon="55.673354">
        <ele>2336.8918</ele>
        <time>2025-10-10T01:07:35.406Z</time>
      </trkpt>
      <trkpt lat="-21.233551" lon="55.673628">
        <ele>2338.474822</ele>
        <time>2025-10-10T01:08:04.294Z</time>
      </trkpt>
      <trkpt lat="-21.233848" lon="55.673678">
        <ele>2339.389971</ele>
        <time>2025-10-10T01:08:21.238Z</time>
      </trkpt>
      <trkpt lat="-21.234027" lon="55.673988">
        <ele>2340.424662</ele>
        <time>2025-10-10T01:08:40.090Z</time>
      </trkpt>
      <trkpt lat="-21.23449" lon="55.674142">
        <ele>2341.693742</ele>
        <time>2025-10-10T01:09:06.477Z</time>
      </trkpt>
      <trkpt lat="-21.234683" lon="55.674129">
        <ele>2342.011606</ele>
        <time>2025-10-10T01:09:16.734Z</time>
      </trkpt>
      <trkpt lat="-21.236249" lon="55.674685">
        <ele>2344.641502</ele>
        <time>2025-10-10T01:10:40.251Z</time>
      </trkpt>
      <trkpt lat="-21.237029" lon="55.674999">
        <ele>2345.650091</ele>
        <time>2025-10-10T01:11:22.839Z</time>
      </trkpt>
      <trkpt lat="-21.237104" lon="55.675096">
        <ele>2345.792306</ele>
        <time>2025-10-10T01:11:28.874Z</time>
      </trkpt>
      <trkpt lat="-21.237864" lon="55.675459">
        <ele>2346.530116</ele>
        <time>2025-10-10T01:12:10.884Z</time>
      </trkpt>
      <trkpt lat="-21.238176" lon="55.675524">
        <ele>2346.442133</ele>
        <time>2025-10-10T01:12:26.915Z</time>
      </trkpt>
      <trkpt lat="-21.238356" lon="55.675475">
        <ele>2346.392482</ele>
        <time>2025-10-10T01:12:35.870Z</time>
      </trkpt>
      <trkpt lat="-21.239515" lon="55.675914">
        <ele>2345.803087</ele>
        <time>2025-10-10T01:13:34.618Z</time>
      </trkpt>
      <trkpt lat="-21.2397" lon="55.675828">
        <ele>2345.357764</ele>
        <time>2025-10-10T01:13:44.400Z</time>
      </trkpt>
      <trkpt lat="-21.240188" lon="55.676182">
        <ele>2344.080389</ele>
        <time>2025-10-10T01:14:12.230Z</time>
      </trkpt>
      <trkpt lat="-21.241495" lon="55.675965">
        <ele>2340.614504</ele>
        <time>2025-10-10T01:15:12.216Z</time>
      </trkpt>
      <trkpt lat="-21.242673" lon="55.676117">
        <ele>2336.561678</ele>
        <time>2025-10-10T01:16:05.344Z</time>
      </trkpt>
      <trkpt lat="-21.243003" lon="55.676132">
        <ele>2335.475482</ele>
        <time>2025-10-10T01:16:20.907Z</time>
      </trkpt>
      <trkpt lat="-21.243259" lon="55.675979">
        <ele>2334.573063</ele>
        <time>2025-10-10T01:16:34.460Z</time>
      </trkpt>
      <trkpt lat="-21.243646" lon="55.676201">
        <ele>2333.252805</ele>
        <time>2025-10-10T01:16:54.201Z</time>
      </trkpt>
      <trkpt lat="-21.243852" lon="55.676226">
        <ele>2332.629101</ele>
        <time>2025-10-10T01:17:03.471Z</time>
      </trkpt>
      <trkpt lat="-21.24431" lon="55.676012">
        <ele>2331.087785</ele>
        <time>2025-10-10T01:17:26.353Z</time>
      </trkpt>
      <trkpt lat="-21.244803" lon="55.676198">
        <ele>2329.676648</ele>
        <time>2025-10-10T01:17:50.069Z</time>
      </trkpt>
      <trkpt lat="-21.245003" lon="55.676173">
        <ele>2329.150927</ele>
        <time>2025-10-10T01:17:59.266Z</time>
      </trkpt>
      <trkpt lat="-21.245755" lon="55.676594">
        <ele>2326.929725</ele>
        <time>2025-10-10T01:18:38.294Z</time>
      </trkpt>
      <trkpt lat="-21.246242" lon="55.676981">
        <ele>2324.991499</ele>
        <time>2025-10-10T01:19:05.692Z</time>
      </trkpt>
      <trkpt lat="-21.246551" lon="55.676926">
        <ele>2323.750057</ele>
        <time>2025-10-10T01:19:19.692Z</time>
      </trkpt>
      <trkpt lat="-21.247355" lon="55.677215">
        <ele>2320.43709</ele>
        <time>2025-10-10T01:19:56.485Z</time>
      </trkpt>
      <trkpt lat="-21.247769" lon="55.677626">
        <ele>2317.990931</ele>
        <time>2025-10-10T01:20:21.460Z</time>
      </trkpt>
      <trkpt lat="-21.247848" lon="55.677616">
        <ele>2317.585432</ele>
        <time>2025-10-10T01:20:25.009Z</time>
      </trkpt>
      <trkpt lat="-21.248565" lon="55.678107">
        <ele>2313.249508</ele>
        <time>2025-10-10T01:21:03.362Z</time>
      </trkpt>
      <trkpt lat="-21.249587" lon="55.678875">
        <ele>2304.607388</ele>
        <time>2025-10-10T01:21:53.329Z</time>
      </trkpt>
      <trkpt lat="-21.24987" lon="55.67899">
        <ele>2301.896258</ele>
        <time>2025-10-10T01:22:04.919Z</time>
      </trkpt>
      <trkpt lat="-21.250673" lon="55.679149">
        <ele>2294.565733</ele>
        <time>2025-10-10T01:22:36.963Z</time>
      </trkpt>
      <trkpt lat="-21.251563" lon="55.679187">
        <ele>2291.124832</ele>
        <time>2025-10-10T01:23:15.853Z</time>
      </trkpt>
      <trkpt lat="-21.251978" lon="55.679348">
        <ele>2289.673686</ele>
        <time>2025-10-10T01:23:36.125Z</time>
      </trkpt>
      <trkpt lat="-21.252396" lon="55.679321">
        <ele>2288.276287</ele>
        <time>2025-10-10T01:23:55.839Z</time>
      </trkpt>
      <trkpt lat="-21.253724" lon="55.679612">
        <ele>2287.015391</ele>
        <time>2025-10-10T01:25:00.789Z</time>
      </trkpt>
      <trkpt lat="-21.254522" lon="55.679905">
        <ele>2286.591625</ele>
        <time>2025-10-10T01:25:41.117Z</time>
      </trkpt>
      <trkpt lat="-21.254795" lon="55.679873">
        <ele>2286.547804</ele>
        <time>2025-10-10T01:25:54.164Z</time>
      </trkpt>
      <trkpt lat="-21.255142" lon="55.67995">
        <ele>2286.491264</ele>
        <time>2025-10-10T01:26:11.109Z</time>
      </trkpt>
      <trkpt lat="-21.255433" lon="55.68008">
        <ele>2286.440966</ele>
        <time>2025-10-10T01:26:26.451Z</time>
      </trkpt>
      <trkpt lat="-21.256464" lon="55.680092">
        <ele>2285.467677</ele>
        <time>2025-10-10T01:27:17.058Z</time>
      </trkpt>
      <trkpt lat="-21.256607" lon="55.680049">
        <ele>2285.186502</ele>
        <time>2025-10-10T01:27:24.005Z</time>
      </trkpt>
      <trkpt lat="-21.256876" lon="55.679784">
        <ele>2284.495102</ele>
        <time>2025-10-10T01:27:41.129Z</time>
      </trkpt>
      <trkpt lat="-21.257073" lon="55.680168">
        <ele>2283.696062</ele>
        <time>2025-10-10T01:28:00.619Z</time>
      </trkpt>
      <trkpt lat="-21.257654" lon="55.68026">
        <ele>2281.357277</ele>
        <time>2025-10-10T01:28:26.506Z</time>
      </trkpt>
      <trkpt lat="-21.257981" lon="55.680406">
        <ele>2278.417038</ele>
        <time>2025-10-10T01:28:41.264Z</time>
      </trkpt>
      <trkpt lat="-21.260576" lon="55.681068">
        <ele>2258.256253</ele>
        <time>2025-10-10T01:30:27.047Z</time>
      </trkpt>
      <trkpt lat="-21.262245" lon="55.681063">
        <ele>2262.923997</ele>
        <time>2025-10-10T01:32:11.188Z</time>
      </trkpt>
      <trkpt lat="-21.264356" lon="55.682059">
        <ele>2269.19272</ele>
        <time>2025-10-10T01:34:18.204Z</time>
      </trkpt>
      <trkpt lat="-21.264673" lon="55.682154">
        <ele>2268.620177</ele>
        <time>2025-10-10T01:34:33.288Z</time>
      </trkpt>
      <trkpt lat="-21.264934" lon="55.682454">
        <ele>2267.951069</ele>
        <time>2025-10-10T01:34:50.694Z</time>
      </trkpt>
      <trkpt lat="-21.265271" lon="55.682671">
        <ele>2267.264611</ele>
        <time>2025-10-10T01:35:08.592Z</time>
      </trkpt>
      <trkpt lat="-21.266744" lon="55.683118">
        <ele>2265.447411</ele>
        <time>2025-10-10T01:36:21.639Z</time>
      </trkpt>
      <trkpt lat="-21.26842" lon="55.684108">
        <ele>2261.237058</ele>
        <time>2025-10-10T01:37:51.367Z</time>
      </trkpt>
      <trkpt lat="-21.26889" lon="55.684093">
        <ele>2259.557735</ele>
        <time>2025-10-10T01:38:11.745Z</time>
      </trkpt>
      <trkpt lat="-21.269492" lon="55.684559">
        <ele>2256.443825</ele>
        <time>2025-10-10T01:38:43.143Z</time>
      </trkpt>
      <trkpt lat="-21.269811" lon="55.684894">
        <ele>2254.373984</ele>
        <time>2025-10-10T01:39:01.574Z</time>
      </trkpt>
      <trkpt lat="-21.269939" lon="55.685193">
        <ele>2252.856605</ele>
        <time>2025-10-10T01:39:15.448Z</time>
      </trkpt>
      <trkpt lat="-21.270066" lon="55.685184">
        <ele>2252.266374</ele>
        <time>2025-10-10T01:39:20.967Z</time>
      </trkpt>
      <trkpt lat="-21.270393" lon="55.685437">
        <ele>2250.377457</ele>
        <time>2025-10-10T01:39:39.512Z</time>
      </trkpt>
      <trkpt lat="-21.271017" lon="55.685426">
        <ele>2249.304709</ele>
        <time>2025-10-10T01:40:10.432Z</time>
      </trkpt>
      <trkpt lat="-21.271306" lon="55.68548">
        <ele>2248.928004</ele>
        <time>2025-10-10T01:40:25.641Z</time>
      </trkpt>
      <trkpt lat="-21.271438" lon="55.685611">
        <ele>2248.697119</ele>
        <time>2025-10-10T01:40:34.477Z</time>
      </trkpt>
      <trkpt lat="-21.271445" lon="55.685732">
        <ele>2248.552043</ele>
        <time>2025-10-10T01:40:39.762Z</time>
      </trkpt>
      <trkpt lat="-21.271675" lon="55.686087">
        <ele>2248.024025</ele>
        <time>2025-10-10T01:40:58.161Z</time>
      </trkpt>
      <trkpt lat="-21.271729" lon="55.686539">
        <ele>2247.339529</ele>
        <time>2025-10-10T01:41:17.285Z</time>
      </trkpt>
      <trkpt lat="-21.271625" lon="55.686712">
        <ele>2246.945387</ele>
        <time>2025-10-10T01:41:25.851Z</time>
      </trkpt>
      <trkpt lat="-21.271743" lon="55.687013">
        <ele>2246.328954</ele>
        <time>2025-10-10T01:41:39.350Z</time>
      </trkpt>
      <trkpt lat="-21.272049" lon="55.687217">
        <ele>2245.60647</ele>
        <time>2025-10-10T01:41:55.257Z</time>
      </trkpt>
      <trkpt lat="-21.272118" lon="55.687408">
        <ele>2245.223623</ele>
        <time>2025-10-10T01:42:03.763Z</time>
      </trkpt>
      <trkpt lat="-21.272808" lon="55.688313">
        <ele>2246.294876</ele>
        <time>2025-10-10T01:43:00.007Z</time>
      </trkpt>
      <trkpt lat="-21.273276" lon="55.688625">
        <ele>2248.621173</ele>
        <time>2025-10-10T01:43:33.297Z</time>
      </trkpt>
      <trkpt lat="-21.273271" lon="55.688827">
        <ele>2249.432931</ele>
        <time>2025-10-10T01:43:45.468Z</time>
      </trkpt>
      <trkpt lat="-21.27365" lon="55.689164">
        <ele>2251.522862</ele>
        <time>2025-10-10T01:44:17.465Z</time>
      </trkpt>
      <trkpt lat="-21.274122" lon="55.689806">
        <ele>2253.520619</ele>
        <time>2025-10-10T01:45:00.872Z</time>
      </trkpt>
      <trkpt lat="-21.274331" lon="55.690725">
        <ele>2255.812954</ele>
        <time>2025-10-10T01:45:45.951Z</time>
      </trkpt>
      <trkpt lat="-21.274582" lon="55.691356">
        <ele>2256.242072</ele>
        <time>2025-10-10T01:46:16.874Z</time>
      </trkpt>
      <trkpt lat="-21.2751" lon="55.691742">
        <ele>2256.240493</ele>
        <time>2025-10-10T01:46:47.879Z</time>
      </trkpt>
      <trkpt lat="-21.274957" lon="55.692634">
        <ele>2256.163881</ele>
        <time>2025-10-10T01:47:28.795Z</time>
      </trkpt>
      <trkpt lat="-21.275131" lon="55.692795">
        <ele>2256.059643</ele>
        <time>2025-10-10T01:47:39.505Z</time>
      </trkpt>
      <trkpt lat="-21.275338" lon="55.6933">
        <ele>2255.82558</ele>
        <time>2025-10-10T01:48:03.507Z</time>
      </trkpt>
      <trkpt lat="-21.275675" lon="55.693781">
        <ele>2255.570636</ele>
        <time>2025-10-10T01:48:30.276Z</time>
      </trkpt>
      <trkpt lat="-21.276116" lon="55.694028">
        <ele>2255.25019</ele>
        <time>2025-10-10T01:48:55.712Z</time>
      </trkpt>
      <trkpt lat="-21.276146" lon="55.694168">
        <ele>2255.120193</ele>
        <time>2025-10-10T01:49:02.591Z</time>
      </trkpt>
      <trkpt lat="-21.275904" lon="55.694549">
        <ele>2254.702939</ele>
        <time>2025-10-10T01:49:24.098Z</time>
      </trkpt>
      <trkpt lat="-21.275885" lon="55.694715">
        <ele>2254.551592</ele>
        <time>2025-10-10T01:49:31.545Z</time>
      </trkpt>
      <trkpt lat="-21.276045" lon="55.695062">
        <ele>2254.199766</ele>
        <time>2025-10-10T01:49:48.233Z</time>
      </trkpt>
      <trkpt lat="-21.275966" lon="55.695125">
        <ele>2254.104184</ele>
        <time>2025-10-10T01:49:52.719Z</time>
      </trkpt>
      <trkpt lat="-21.275952" lon="55.695337">
        <ele>2253.904062</ele>
        <time>2025-10-10T01:50:02.024Z</time>
      </trkpt>
      <trkpt lat="-21.275771" lon="55.695448">
        <ele>2253.699143</ele>
        <time>2025-10-10T01:50:11.488Z</time>
      </trkpt>
      <trkpt lat="-21.275694" lon="55.695844">
        <ele>2253.732398</ele>
        <time>2025-10-10T01:50:28.384Z</time>
      </trkpt>
      <trkpt lat="-21.275754" lon="55.696221">
        <ele>2253.789479</ele>
        <time>2025-10-10T01:50:44.726Z</time>
      </trkpt>
      <trkpt lat="-21.276014" lon="55.6966">
        <ele>2253.859422</ele>
        <time>2025-10-10T01:51:05.934Z</time>
      </trkpt>
      <trkpt lat="-21.27606" lon="55.696909">
        <ele>2253.908427</ele>
        <time>2025-10-10T01:51:22.783Z</time>
      </trkpt>
      <trkpt lat="-21.276552" lon="55.697184">
        <ele>2253.716781</ele>
        <time>2025-10-10T01:51:56.137Z</time>
      </trkpt>
      <trkpt lat="-21.276837" lon="55.697483">
        <ele>2253.289365</ele>
        <time>2025-10-10T01:52:18.182Z</time>
      </trkpt>
      <trkpt lat="-21.277079" lon="55.697022">
        <ele>2252.751199</ele>
        <time>2025-10-10T01:52:42.685Z</time>
      </trkpt>
      <trkpt lat="-21.277863" lon="55.69701">
        <ele>2250.717415</ele>
        <time>2025-10-10T01:53:40.096Z</time>
      </trkpt>
      <trkpt lat="-21.278221" lon="55.697536">
        <ele>2244.215349</ele>
        <time>2025-10-10T01:54:19.975Z</time>
      </trkpt>
      <trkpt lat="-21.27844" lon="55.697622">
        <ele>2241.695609</ele>
        <time>2025-10-10T01:54:35.292Z</time>
      </trkpt>
      <trkpt lat="-21.278742" lon="55.69794">
        <ele>2237.172618</ele>
        <time>2025-10-10T01:55:02.848Z</time>
      </trkpt>
      <trkpt lat="-21.27945" lon="55.69811">
        <ele>2229.57954</ele>
        <time>2025-10-10T01:55:50.719Z</time>
      </trkpt>
      <trkpt lat="-21.279792" lon="55.69868">
        <ele>2223.288222</ele>
        <time>2025-10-10T01:56:32.644Z</time>
      </trkpt>
      <trkpt lat="-21.28015" lon="55.698719">
        <ele>2219.753287</ele>
        <time>2025-10-10T01:56:56.743Z</time>
      </trkpt>
      <trkpt lat="-21.280455" lon="55.698803">
        <ele>2216.371995</ele>
        <time>2025-10-10T01:57:20.207Z</time>
      </trkpt>
      <trkpt lat="-21.281211" lon="55.698981">
        <ele>2209.569538</ele>
        <time>2025-10-10T01:58:14.576Z</time>
      </trkpt>
      <trkpt lat="-21.281533" lon="55.699273">
        <ele>2206.005889</ele>
        <time>2025-10-10T01:58:43.664Z</time>
      </trkpt>
      <trkpt lat="-21.281994" lon="55.699447">
        <ele>2201.725983</ele>
        <time>2025-10-10T01:59:18.141Z</time>
      </trkpt>
      <trkpt lat="-21.282708" lon="55.699958">
        <ele>2193.249616</ele>
        <time>2025-10-10T02:00:14.713Z</time>
      </trkpt>
      <trkpt lat="-21.283094" lon="55.700057">
        <ele>2189.163666</ele>
        <time>2025-10-10T02:00:40.464Z</time>
      </trkpt>
      <trkpt lat="-21.283249" lon="55.699997">
        <ele>2187.467238</ele>
        <time>2025-10-10T02:00:51.189Z</time>
      </trkpt>
      <trkpt lat="-21.283567" lon="55.700161">
        <ele>2183.815721</ele>
        <time>2025-10-10T02:01:14.394Z</time>
      </trkpt>
      <trkpt lat="-21.283855" lon="55.700256">
        <ele>2180.636774</ele>
        <time>2025-10-10T02:01:35.377Z</time>
      </trkpt>
      <trkpt lat="-21.284427" lon="55.700303">
        <ele>2175.225099</ele>
        <time>2025-10-10T02:02:14.622Z</time>
      </trkpt>
      <trkpt lat="-21.284731" lon="55.700418">
        <ele>2172.252297</ele>
        <time>2025-10-10T02:02:36.471Z</time>
      </trkpt>
      <trkpt lat="-21.284966" lon="55.700584">
        <ele>2169.657599</ele>
        <time>2025-10-10T02:02:55.651Z</time>
      </trkpt>
      <trkpt lat="-21.28528" lon="55.701127">
        <ele>2163.927708</ele>
        <time>2025-10-10T02:03:36.332Z</time>
      </trkpt>
      <trkpt lat="-21.286007" lon="55.701617">
        <ele>2154.169068</ele>
        <time>2025-10-10T02:04:32.762Z</time>
      </trkpt>
      <trkpt lat="-21.286742" lon="55.701742">
        <ele>2145.679551</ele>
        <time>2025-10-10T02:05:20.893Z</time>
      </trkpt>
      <trkpt lat="-21.287076" lon="55.702011">
        <ele>2139.761299</ele>
        <time>2025-10-10T02:05:49.187Z</time>
      </trkpt>
      <trkpt lat="-21.287285" lon="55.70189">
        <ele>2136.227821</ele>
        <time>2025-10-10T02:06:05.223Z</time>
      </trkpt>
      <trkpt lat="-21.287453" lon="55.701924">
        <ele>2133.811209</ele>
        <time>2025-10-10T02:06:16.192Z</time>
      </trkpt>
      <trkpt lat="-21.287972" lon="55.702518">
        <ele>2122.828389</ele>
        <time>2025-10-10T02:07:06.063Z</time>
      </trkpt>
      <trkpt lat="-21.28835" lon="55.702665">
        <ele>2117.209609</ele>
        <time>2025-10-10T02:07:32.327Z</time>
      </trkpt>
      <trkpt lat="-21.288577" lon="55.702924">
        <ele>2112.876334</ele>
        <time>2025-10-10T02:07:53.599Z</time>
      </trkpt>
      <trkpt lat="-21.289168" lon="55.702906">
        <ele>2104.919254</ele>
        <time>2025-10-10T02:08:32.768Z</time>
      </trkpt>
      <trkpt lat="-21.289469" lon="55.702946">
        <ele>2100.836979</ele>
        <time>2025-10-10T02:08:52.880Z</time>
      </trkpt>
      <trkpt lat="-21.289591" lon="55.703123">
        <ele>2097.759907</ele>
        <time>2025-10-10T02:09:08.019Z</time>
      </trkpt>
      <trkpt lat="-21.289705" lon="55.703181">
        <ele>2096.109835</ele>
        <time>2025-10-10T02:09:16.178Z</time>
      </trkpt>
      <trkpt lat="-21.28995" lon="55.703041">
        <ele>2093.407545</ele>
        <time>2025-10-10T02:09:35.436Z</time>
      </trkpt>
      <trkpt lat="-21.290268" lon="55.703224">
        <ele>2090.228217</ele>
        <time>2025-10-10T02:10:00.205Z</time>
      </trkpt>
      <trkpt lat="-21.291884" lon="55.703128">
        <ele>2079.10826</ele>
        <time>2025-10-10T02:11:56.251Z</time>
      </trkpt>
      <trkpt lat="-21.292097" lon="55.703578">
        <ele>2077.929777</ele>
        <time>2025-10-10T02:12:32.072Z</time>
      </trkpt>
      <trkpt lat="-21.29234" lon="55.703739">
        <ele>2077.225162</ele>
        <time>2025-10-10T02:12:54.437Z</time>
      </trkpt>
      <trkpt lat="-21.292811" lon="55.703767">
        <ele>2076.061248</ele>
        <time>2025-10-10T02:13:33.479Z</time>
      </trkpt>
      <trkpt lat="-21.293052" lon="55.703942">
        <ele>2075.975073</ele>
        <time>2025-10-10T02:14:03.425Z</time>
      </trkpt>
      <trkpt lat="-21.293224" lon="55.704155">
        <ele>2076.099711</ele>
        <time>2025-10-10T02:14:28.038Z</time>
      </trkpt>
      <trkpt lat="-21.293421" lon="55.704231">
        <ele>2076.199959</ele>
        <time>2025-10-10T02:14:48.055Z</time>
      </trkpt>
      <trkpt lat="-21.293589" lon="55.704546">
        <ele>2076.363542</ele>
        <time>2025-10-10T02:15:17.931Z</time>
      </trkpt>
      <trkpt lat="-21.293621" lon="55.705397">
        <ele>2076.506873</ele>
        <time>2025-10-10T02:16:21.712Z</time>
      </trkpt>
      <trkpt lat="-21.294028" lon="55.705689">
        <ele>2075.122815</ele>
        <time>2025-10-10T02:17:00.139Z</time>
      </trkpt>
      <trkpt lat="-21.294671" lon="55.705632">
        <ele>2073.320298</ele>
        <time>2025-10-10T02:17:49.210Z</time>
      </trkpt>
      <trkpt lat="-21.294925" lon="55.70546">
        <ele>2072.491667</ele>
        <time>2025-10-10T02:18:12.631Z</time>
      </trkpt>
      <trkpt lat="-21.295229" lon="55.704921">
        <ele>2069.061103</ele>
        <time>2025-10-10T02:18:59.234Z</time>
      </trkpt>
      <trkpt lat="-21.295438" lon="55.704869">
        <ele>2067.244879</ele>
        <time>2025-10-10T02:19:15.511Z</time>
      </trkpt>
      <trkpt lat="-21.295855" lon="55.704955">
        <ele>2063.624308</ele>
        <time>2025-10-10T02:19:46.005Z</time>
      </trkpt>
      <trkpt lat="-21.295912" lon="55.705081">
        <ele>2062.519529</ele>
        <time>2025-10-10T02:19:54.897Z</time>
      </trkpt>
      <trkpt lat="-21.295985" lon="55.705015">
        <ele>2061.711502</ele>
        <time>2025-10-10T02:20:01.250Z</time>
      </trkpt>
      <trkpt lat="-21.296244" lon="55.705062">
        <ele>2059.487798</ele>
        <time>2025-10-10T02:20:18.267Z</time>
      </trkpt>
      <trkpt lat="-21.296381" lon="55.705192">
        <ele>2057.871967</ele>
        <time>2025-10-10T02:20:30.499Z</time>
      </trkpt>
      <trkpt lat="-21.296454" lon="55.705446">
        <ele>2054.410622</ele>
        <time>2025-10-10T02:20:46.318Z</time>
      </trkpt>
      <trkpt lat="-21.296776" lon="55.705317">
        <ele>2045.545543</ele>
        <time>2025-10-10T02:21:09.823Z</time>
      </trkpt>
      <trkpt lat="-21.297174" lon="55.705651">
        <ele>2032.688051</ele>
        <time>2025-10-10T02:21:44.097Z</time>
      </trkpt>
      <trkpt lat="-21.297292" lon="55.705649">
        <ele>2029.77064</ele>
        <time>2025-10-10T02:21:52.080Z</time>
      </trkpt>
      <trkpt lat="-21.297489" lon="55.705859">
        <ele>2022.894765</ele>
        <time>2025-10-10T02:22:11.299Z</time>
      </trkpt>
      <trkpt lat="-21.297704" lon="55.705906">
        <ele>2017.056518</ele>
        <time>2025-10-10T02:22:27.945Z</time>
      </trkpt>
      <trkpt lat="-21.297965" lon="55.705892">
        <ele>2009.092693</ele>
        <time>2025-10-10T02:22:47.934Z</time>
      </trkpt>
      <trkpt lat="-21.298176" lon="55.706261">
        <ele>1995.222474</ele>
        <time>2025-10-10T02:23:18.457Z</time>
      </trkpt>
      <trkpt lat="-21.298396" lon="55.706202">
        <ele>1987.373742</ele>
        <time>2025-10-10T02:23:35.940Z</time>
      </trkpt>
      <trkpt lat="-21.298634" lon="55.706564">
        <ele>1973.368325</ele>
        <time>2025-10-10T02:24:07.236Z</time>
      </trkpt>
      <trkpt lat="-21.299035" lon="55.706476">
        <ele>1959.397949</ele>
        <time>2025-10-10T02:24:38.560Z</time>
      </trkpt>
      <trkpt lat="-21.299068" lon="55.706607">
        <ele>1955.318771</ele>
        <time>2025-10-10T02:24:47.704Z</time>
      </trkpt>
      <trkpt lat="-21.299321" lon="55.70644">
        <ele>1946.511637</ele>
        <time>2025-10-10T02:25:09.198Z</time>
      </trkpt>
      <trkpt lat="-21.299688" lon="55.706356">
        <ele>1935.525013</ele>
        <time>2025-10-10T02:25:35.553Z</time>
      </trkpt>
      <trkpt lat="-21.299742" lon="55.706198">
        <ele>1930.379409</ele>
        <time>2025-10-10T02:25:47.711Z</time>
      </trkpt>
      <trkpt lat="-21.299981" lon="55.706146">
        <ele>1923.194492</ele>
        <time>2025-10-10T02:26:04.488Z</time>
      </trkpt>
      <trkpt lat="-21.300097" lon="55.706303">
        <ele>1917.681707</ele>
        <time>2025-10-10T02:26:17.135Z</time>
      </trkpt>
      <trkpt lat="-21.300378" lon="55.705819">
        <ele>1901.869607</ele>
        <time>2025-10-10T02:26:53.252Z</time>
      </trkpt>
      <trkpt lat="-21.300602" lon="55.70567">
        <ele>1894.939043</ele>
        <time>2025-10-10T02:27:10.462Z</time>
      </trkpt>
      <trkpt lat="-21.300784" lon="55.70575">
        <ele>1889.546865</ele>
        <time>2025-10-10T02:27:23.797Z</time>
      </trkpt>
      <trkpt lat="-21.30098" lon="55.705656">
        <ele>1883.831542</ele>
        <time>2025-10-10T02:27:37.956Z</time>
      </trkpt>
      <trkpt lat="-21.301015" lon="55.705458">
        <ele>1878.893508</ele>
        <time>2025-10-10T02:27:50.236Z</time>
      </trkpt>
      <trkpt lat="-21.301371" lon="55.704975">
        <ele>1863.803269</ele>
        <time>2025-10-10T02:28:27.981Z</time>
      </trkpt>
      <trkpt lat="-21.301506" lon="55.705021">
        <ele>1859.672235</ele>
        <time>2025-10-10T02:28:38.426Z</time>
      </trkpt>
      <trkpt lat="-21.301583" lon="55.704861">
        <ele>1855.092316</ele>
        <time>2025-10-10T02:28:49.992Z</time>
      </trkpt>
      <trkpt lat="-21.301721" lon="55.705057">
        <ele>1848.280722</ele>
        <time>2025-10-10T02:29:05.408Z</time>
      </trkpt>
      <trkpt lat="-21.301847" lon="55.705085">
        <ele>1844.451519</ele>
        <time>2025-10-10T02:29:14.136Z</time>
      </trkpt>
      <trkpt lat="-21.3024" lon="55.705525">
        <ele>1823.519488</ele>
        <time>2025-10-10T02:30:02.519Z</time>
      </trkpt>
      <trkpt lat="-21.3029" lon="55.705564">
        <ele>1808.600566</ele>
        <time>2025-10-10T02:30:37.606Z</time>
      </trkpt>
      <trkpt lat="-21.303138" lon="55.705696">
        <ele>1800.564554</ele>
        <time>2025-10-10T02:30:56.536Z</time>
      </trkpt>
      <trkpt lat="-21.303424" lon="55.705675">
        <ele>1791.226297</ele>
        <time>2025-10-10T02:31:17.776Z</time>
      </trkpt>
      <trkpt lat="-21.303699" lon="55.705927">
        <ele>1779.982524</ele>
        <time>2025-10-10T02:31:43.312Z</time>
      </trkpt>
      <trkpt lat="-21.305387" lon="55.706463">
        <ele>1725.900492</ele>
        <time>2025-10-10T02:33:46.663Z</time>
      </trkpt>
      <trkpt lat="-21.305813" lon="55.706378">
        <ele>1712.914807</ele>
        <time>2025-10-10T02:34:16.802Z</time>
      </trkpt>
      <trkpt lat="-21.306172" lon="55.706658">
        <ele>1699.413912</ele>
        <time>2025-10-10T02:34:47.929Z</time>
      </trkpt>
      <trkpt lat="-21.306694" lon="55.706885">
        <ele>1682.601194</ele>
        <time>2025-10-10T02:35:27.196Z</time>
      </trkpt>
      <trkpt lat="-21.306902" lon="55.706895">
        <ele>1676.228054</ele>
        <time>2025-10-10T02:35:42.198Z</time>
      </trkpt>
      <trkpt lat="-21.306931" lon="55.707014">
        <ele>1672.919284</ele>
        <time>2025-10-10T02:35:49.984Z</time>
      </trkpt>
      <trkpt lat="-21.307109" lon="55.707106">
        <ele>1667.149357</ele>
        <time>2025-10-10T02:36:03.579Z</time>
      </trkpt>
      <trkpt lat="-21.307158" lon="55.707214">
        <ele>1663.617217</ele>
        <time>2025-10-10T02:36:11.870Z</time>
      </trkpt>
      <trkpt lat="-21.307728" lon="55.707469">
        <ele>1645.787178</ele>
        <time>2025-10-10T02:36:54.023Z</time>
      </trkpt>
      <trkpt lat="-21.30808" lon="55.707475">
        <ele>1635.760114</ele>
        <time>2025-10-10T02:37:18.049Z</time>
      </trkpt>
      <trkpt lat="-21.308982" lon="55.708019">
        <ele>1606.666585</ele>
        <time>2025-10-10T02:38:28.448Z</time>
      </trkpt>
      <trkpt lat="-21.309408" lon="55.708105">
        <ele>1594.288664</ele>
        <time>2025-10-10T02:38:57.874Z</time>
      </trkpt>
      <trkpt lat="-21.310251" lon="55.708801">
        <ele>1565.824508</ele>
        <time>2025-10-10T02:40:09.115Z</time>
      </trkpt>
      <trkpt lat="-21.310523" lon="55.708821">
        <ele>1558.280288</ele>
        <time>2025-10-10T02:40:28.081Z</time>
      </trkpt>
      <trkpt lat="-21.310858" lon="55.709009">
        <ele>1548.280837</ele>
        <time>2025-10-10T02:40:53.171Z</time>
      </trkpt>
      <trkpt lat="-21.311056" lon="55.708886">
        <ele>1542.309011</ele>
        <time>2025-10-10T02:41:08.129Z</time>
      </trkpt>
      <trkpt lat="-21.311489" lon="55.708917">
        <ele>1530.870819</ele>
        <time>2025-10-10T02:41:36.992Z</time>
      </trkpt>
      <trkpt lat="-21.312437" lon="55.707904">
        <ele>1496.009115</ele>
        <time>2025-10-10T02:43:05.005Z</time>
      </trkpt>
      <trkpt lat="-21.31265" lon="55.707885">
        <ele>1489.782281</ele>
        <time>2025-10-10T02:43:19.310Z</time>
      </trkpt>
      <trkpt lat="-21.312801" lon="55.707971">
        <ele>1484.802237</ele>
        <time>2025-10-10T02:43:30.839Z</time>
      </trkpt>
      <trkpt lat="-21.312886" lon="55.707839">
        <ele>1480.447066</ele>
        <time>2025-10-10T02:43:41.062Z</time>
      </trkpt>
      <trkpt lat="-21.313021" lon="55.707894">
        <ele>1476.240281</ele>
        <time>2025-10-10T02:43:50.893Z</time>
      </trkpt>
      <trkpt lat="-21.313418" lon="55.707771">
        <ele>1463.61231</ele>
        <time>2025-10-10T02:44:20.745Z</time>
      </trkpt>
      <trkpt lat="-21.313825" lon="55.707564">
        <ele>1450.491309</ele>
        <time>2025-10-10T02:44:51.883Z</time>
      </trkpt>
      <trkpt lat="-21.314387" lon="55.707241">
        <ele>1430.410218</ele>
        <time>2025-10-10T02:45:36.366Z</time>
      </trkpt>
      <trkpt lat="-21.314836" lon="55.706802">
        <ele>1410.53982</ele>
        <time>2025-10-10T02:46:19.291Z</time>
      </trkpt>
      <trkpt lat="-21.315559" lon="55.706308">
        <ele>1382.096338</ele>
        <time>2025-10-10T02:47:22.191Z</time>
      </trkpt>
      <trkpt lat="-21.316833" lon="55.706166">
        <ele>1335.686015</ele>
        <time>2025-10-10T02:48:59.054Z</time>
      </trkpt>
      <trkpt lat="-21.31742" lon="55.706281">
        <ele>1314.370848</ele>
        <time>2025-10-10T02:49:43.597Z</time>
      </trkpt>
      <trkpt lat="-21.317637" lon="55.70608">
        <ele>1304.411582</ele>
        <time>2025-10-10T02:50:04.811Z</time>
      </trkpt>
      <trkpt lat="-21.318657" lon="55.70633">
        <ele>1267.936955</ele>
        <time>2025-10-10T02:51:21.683Z</time>
      </trkpt>
      <trkpt lat="-21.319204" lon="55.706355">
        <ele>1249.374617</ele>
        <time>2025-10-10T02:52:01.717Z</time>
      </trkpt>
      <trkpt lat="-21.319538" lon="55.70623">
        <ele>1237.71704</ele>
        <time>2025-10-10T02:52:27.486Z</time>
      </trkpt>
      <trkpt lat="-21.320238" lon="55.706166">
        <ele>1214.563362</ele>
        <time>2025-10-10T02:53:18.113Z</time>
      </trkpt>
      <trkpt lat="-21.320702" lon="55.705987">
        <ele>1198.340208</ele>
        <time>2025-10-10T02:53:53.009Z</time>
      </trkpt>
      <trkpt lat="-21.321471" lon="55.705341">
        <ele>1169.180219</ele>
        <time>2025-10-10T02:55:00.692Z</time>
      </trkpt>
      <trkpt lat="-21.322325" lon="55.705112">
        <ele>1143.005817</ele>
        <time>2025-10-10T02:56:00.820Z</time>
      </trkpt>
      <trkpt lat="-21.323249" lon="55.704649">
        <ele>1114.206578</ele>
        <time>2025-10-10T02:57:10.265Z</time>
      </trkpt>
      <trkpt lat="-21.324119" lon="55.704583">
        <ele>1089.991339</ele>
        <time>2025-10-10T02:58:08.783Z</time>
      </trkpt>
      <trkpt lat="-21.324468" lon="55.704465">
        <ele>1080.509453</ele>
        <time>2025-10-10T02:58:33.112Z</time>
      </trkpt>
      <trkpt lat="-21.325205" lon="55.704498">
        <ele>1061.394387</ele>
        <time>2025-10-10T02:59:21.422Z</time>
      </trkpt>
      <trkpt lat="-21.325882" lon="55.704031">
        <ele>1040.244067</ele>
        <time>2025-10-10T03:00:13.482Z</time>
      </trkpt>
      <trkpt lat="-21.326039" lon="55.703792">
        <ele>1032.886588</ele>
        <time>2025-10-10T03:00:31.196Z</time>
      </trkpt>
      <trkpt lat="-21.326776" lon="55.703344">
        <ele>1009.902074</ele>
        <time>2025-10-10T03:01:27.635Z</time>
      </trkpt>
      <trkpt lat="-21.327091" lon="55.703066">
        <ele>998.496546</ele>
        <time>2025-10-10T03:01:56.587Z</time>
      </trkpt>
      <trkpt lat="-21.327437" lon="55.702964">
        <ele>988.331006</ele>
        <time>2025-10-10T03:02:21.734Z</time>
      </trkpt>
      <trkpt lat="-21.327967" lon="55.703133">
        <ele>972.352109</ele>
        <time>2025-10-10T03:03:01.624Z</time>
      </trkpt>
      <trkpt lat="-21.328526" lon="55.702953">
        <ele>955.817788</ele>
        <time>2025-10-10T03:03:41.382Z</time>
      </trkpt>
      <trkpt lat="-21.328729" lon="55.703006">
        <ele>949.898882</ele>
        <time>2025-10-10T03:03:55.193Z</time>
      </trkpt>
      <trkpt lat="-21.32981" lon="55.703462">
        <ele>928.329242</ele>
        <time>2025-10-10T03:05:09.032Z</time>
      </trkpt>
      <trkpt lat="-21.330343" lon="55.70393">
        <ele>915.943234</ele>
        <time>2025-10-10T03:05:53.286Z</time>
      </trkpt>
      <trkpt lat="-21.331228" lon="55.704469">
        <ele>901.526321</ele>
        <time>2025-10-10T03:06:58.703Z</time>
      </trkpt>
      <trkpt lat="-21.33209" lon="55.704766">
        <ele>888.606112</ele>
        <time>2025-10-10T03:07:56.789Z</time>
      </trkpt>
      <trkpt lat="-21.333233" lon="55.705501">
        <ele>868.086004</ele>
        <time>2025-10-10T03:09:22.201Z</time>
      </trkpt>
      <trkpt lat="-21.333947" lon="55.705567">
        <ele>856.106591</ele>
        <time>2025-10-10T03:10:08.029Z</time>
      </trkpt>
      <trkpt lat="-21.334346" lon="55.705799">
        <ele>847.931844</ele>
        <time>2025-10-10T03:10:36.958Z</time>
      </trkpt>
      <trkpt lat="-21.334813" lon="55.705937">
        <ele>839.205739</ele>
        <time>2025-10-10T03:11:07.760Z</time>
      </trkpt>
      <trkpt lat="-21.335018" lon="55.706115">
        <ele>834.455836</ele>
        <time>2025-10-10T03:11:24.536Z</time>
      </trkpt>
      <trkpt lat="-21.335916" lon="55.706415">
        <ele>813.644308</ele>
        <time>2025-10-10T03:12:24.198Z</time>
      </trkpt>
      <trkpt lat="-21.337432" lon="55.706718">
        <ele>774.417732</ele>
        <time>2025-10-10T03:14:05.921Z</time>
      </trkpt>
      <trkpt lat="-21.337546" lon="55.706693">
        <ele>770.930168</ele>
        <time>2025-10-10T03:14:14.041Z</time>
      </trkpt>
      <trkpt lat="-21.337819" lon="55.706302">
        <ele>757.168057</ele>
        <time>2025-10-10T03:14:46.345Z</time>
      </trkpt>
      <trkpt lat="-21.338621" lon="55.706115">
        <ele>732.909512</ele>
        <time>2025-10-10T03:15:44.468Z</time>
      </trkpt>
      <trkpt lat="-21.338915" lon="55.706129">
        <ele>726.49691</ele>
        <time>2025-10-10T03:16:05.030Z</time>
      </trkpt>
      <trkpt lat="-21.339175" lon="55.7063">
        <ele>719.899684</ele>
        <time>2025-10-10T03:16:25.616Z</time>
      </trkpt>
      <trkpt lat="-21.33927" lon="55.706129">
        <ele>715.887013</ele>
        <time>2025-10-10T03:16:37.624Z</time>
      </trkpt>
      <trkpt lat="-21.339788" lon="55.706342">
        <ele>703.744804</ele>
        <time>2025-10-10T03:17:13.365Z</time>
      </trkpt>
      <trkpt lat="-21.339762" lon="55.705919">
        <ele>695.201413</ele>
        <time>2025-10-10T03:17:28.315Z</time>
      </trkpt>
      <trkpt lat="-21.33948" lon="55.705516">
        <ele>690.939389</ele>
        <time>2025-10-10T03:17:44.091Z</time>
      </trkpt>
      <trkpt lat="-21.339214" lon="55.704823">
        <ele>684.731157</ele>
        <time>2025-10-10T03:18:09.562Z</time>
      </trkpt>
      <trkpt lat="-21.338595" lon="55.703895">
        <ele>670.895193</ele>
        <time>2025-10-10T03:18:45.276Z</time>
      </trkpt>
      <trkpt lat="-21.338482" lon="55.703564">
        <ele>664.446988</ele>
        <time>2025-10-10T03:18:56.030Z</time>
      </trkpt>
      <trkpt lat="-21.338856" lon="55.703463">
        <ele>656.64896</ele>
        <time>2025-10-10T03:19:10.585Z</time>
      </trkpt>
      <trkpt lat="-21.339313" lon="55.703151">
        <ele>646.331428</ele>
        <time>2025-10-10T03:19:31.443Z</time>
      </trkpt>
      <trkpt lat="-21.340018" lon="55.702292">
        <ele>627.731287</ele>
        <time>2025-10-10T03:20:11.242Z</time>
      </trkpt>
      <trkpt lat="-21.340272" lon="55.702192">
        <ele>622.938809</ele>
        <time>2025-10-10T03:20:21.658Z</time>
      </trkpt>
      <trkpt lat="-21.340186" lon="55.702018">
        <ele>619.761822</ele>
        <time>2025-10-10T03:20:27.563Z</time>
      </trkpt>
      <trkpt lat="-21.339853" lon="55.701892">
        <ele>613.664111</ele>
        <time>2025-10-10T03:20:39.971Z</time>
      </trkpt>
      <trkpt lat="-21.339753" lon="55.701308">
        <ele>612.174177</ele>
        <time>2025-10-10T03:21:01.770Z</time>
      </trkpt>
      <trkpt lat="-21.339103" lon="55.70124">
        <ele>610.434584</ele>
        <time>2025-10-10T03:21:28.471Z</time>
      </trkpt>
      <trkpt lat="-21.33886" lon="55.701016">
        <ele>609.574804</ele>
        <time>2025-10-10T03:21:41.424Z</time>
      </trkpt>
      <trkpt lat="-21.339103" lon="55.70124">
        <ele>608.244638</ele>
        <time>2025-10-10T03:21:54.334Z</time>
      </trkpt>
      <trkpt lat="-21.339753" lon="55.701308">
        <ele>602.440959</ele>
        <time>2025-10-10T03:22:17.971Z</time>
      </trkpt>
      <trkpt lat="-21.339755" lon="55.701425">
        <ele>601.47235</ele>
        <time>2025-10-10T03:22:21.667Z</time>
      </trkpt>
      <trkpt lat="-21.341213" lon="55.700654">
        <ele>582.345964</ele>
        <time>2025-10-10T03:23:23.550Z</time>
      </trkpt>
      <trkpt lat="-21.341324" lon="55.700646">
        <ele>580.591779</ele>
        <time>2025-10-10T03:23:27.740Z</time>
      </trkpt>
      <trkpt lat="-21.341493" lon="55.700783">
        <ele>577.252682</ele>
        <time>2025-10-10T03:23:35.694Z</time>
      </trkpt>
      <trkpt lat="-21.341983" lon="55.700686">
        <ele>569.396134</ele>
        <time>2025-10-10T03:23:54.411Z</time>
      </trkpt>
      <trkpt lat="-21.343273" lon="55.701226">
        <ele>545.182149</ele>
        <time>2025-10-10T03:24:46.531Z</time>
      </trkpt>
      <trkpt lat="-21.343513" lon="55.701168">
        <ele>540.776257</ele>
        <time>2025-10-10T03:24:55.747Z</time>
      </trkpt>
      <trkpt lat="-21.343932" lon="55.701319">
        <ele>532.860591</ele>
        <time>2025-10-10T03:25:12.252Z</time>
      </trkpt>
      <trkpt lat="-21.344081" lon="55.701502">
        <ele>528.620962</ele>
        <time>2025-10-10T03:25:20.725Z</time>
      </trkpt>
      <trkpt lat="-21.344451" lon="55.701555">
        <ele>521.587493</ele>
        <time>2025-10-10T03:25:34.675Z</time>
      </trkpt>
      <trkpt lat="-21.344621" lon="55.701459">
        <ele>517.968225</ele>
        <time>2025-10-10T03:25:41.861Z</time>
      </trkpt>
      <trkpt lat="-21.345221" lon="55.701877">
        <ele>504.491275</ele>
        <time>2025-10-10T03:26:08.600Z</time>
      </trkpt>
      <trkpt lat="-21.345401" lon="55.701899">
        <ele>501.077735</ele>
        <time>2025-10-10T03:26:15.371Z</time>
      </trkpt>
      <trkpt lat="-21.345683" lon="55.702253">
        <ele>493.936484</ele>
        <time>2025-10-10T03:26:31.705Z</time>
      </trkpt>
      <trkpt lat="-21.34584" lon="55.702263">
        <ele>491.533728</ele>
        <time>2025-10-10T03:26:37.594Z</time>
      </trkpt>
      <trkpt lat="-21.34627" lon="55.702508">
        <ele>484.096769</ele>
        <time>2025-10-10T03:26:55.877Z</time>
      </trkpt>
      <trkpt lat="-21.346374" lon="55.702391">
        <ele>481.795455</ele>
        <time>2025-10-10T03:27:01.560Z</time>
      </trkpt>
      <trkpt lat="-21.346819" lon="55.702572">
        <ele>474.484773</ele>
        <time>2025-10-10T03:27:19.638Z</time>
      </trkpt>
      <trkpt lat="-21.34694" lon="55.703201">
        <ele>466.046249</ele>
        <time>2025-10-10T03:27:42.490Z</time>
      </trkpt>
      <trkpt lat="-21.347709" lon="55.703358">
        <ele>455.639321</ele>
        <time>2025-10-10T03:28:12.192Z</time>
      </trkpt>
      <trkpt lat="-21.348468" lon="55.703315">
        <ele>445.281674</ele>
        <time>2025-10-10T03:28:40.874Z</time>
      </trkpt>
      <trkpt lat="-21.349767" lon="55.703068">
        <ele>424.827972</ele>
        <time>2025-10-10T03:29:30.562Z</time>
      </trkpt>
      <trkpt lat="-21.350097" lon="55.703143">
        <ele>419.608145</ele>
        <time>2025-10-10T03:29:43.289Z</time>
      </trkpt>
      <trkpt lat="-21.350557" lon="55.702961">
        <ele>413.040818</ele>
        <time>2025-10-10T03:30:01.828Z</time>
      </trkpt>
      <trkpt lat="-21.351156" lon="55.702778">
        <ele>404.624237</ele>
        <time>2025-10-10T03:30:25.864Z</time>
      </trkpt>
      <trkpt lat="-21.351896" lon="55.70266">
        <ele>394.643261</ele>
        <time>2025-10-10T03:30:54.180Z</time>
      </trkpt>
      <trkpt lat="-21.352155" lon="55.702697">
        <ele>390.970821</ele>
        <time>2025-10-10T03:31:04.075Z</time>
      </trkpt>
      <trkpt lat="-21.352405" lon="55.703057">
        <ele>385.077149</ele>
        <time>2025-10-10T03:31:19.955Z</time>
      </trkpt>
      <trkpt lat="-21.352615" lon="55.703143">
        <ele>381.918097</ele>
        <time>2025-10-10T03:31:28.442Z</time>
      </trkpt>
      <trkpt lat="-21.353177" lon="55.702857">
        <ele>373.176611</ele>
        <time>2025-10-10T03:31:51.914Z</time>
      </trkpt>
      <trkpt lat="-21.353624" lon="55.703293">
        <ele>364.512136</ele>
        <time>2025-10-10T03:32:14.918Z</time>
      </trkpt>
      <trkpt lat="-21.353614" lon="55.703454">
        <ele>362.360955</ele>
        <time>2025-10-10T03:32:20.580Z</time>
      </trkpt>
      <trkpt lat="-21.353892" lon="55.703785">
        <ele>356.39119</ele>
        <time>2025-10-10T03:32:36.273Z</time>
      </trkpt>
      <trkpt lat="-21.354344" lon="55.703916">
        <ele>349.689501</ele>
        <time>2025-10-10T03:32:53.925Z</time>
      </trkpt>
      <trkpt lat="-21.354803" lon="55.703916">
        <ele>343.54736</ele>
        <time>2025-10-10T03:33:11.323Z</time>
      </trkpt>
      <trkpt lat="-21.355013" lon="55.704066">
        <ele>341.235448</ele>
        <time>2025-10-10T03:33:20.903Z</time>
      </trkpt>
      <trkpt lat="-21.355381" lon="55.704077">
        <ele>337.861002</ele>
        <time>2025-10-10T03:33:35.200Z</time>
      </trkpt>
      <trkpt lat="-21.355523" lon="55.704216">
        <ele>336.070762</ele>
        <time>2025-10-10T03:33:42.996Z</time>
      </trkpt>
      <trkpt lat="-21.355813" lon="55.704195">
        <ele>333.406543</ele>
        <time>2025-10-10T03:33:54.724Z</time>
      </trkpt>
      <trkpt lat="-21.356152" lon="55.703948">
        <ele>329.65134</ele>
        <time>2025-10-10T03:34:11.567Z</time>
      </trkpt>
      <trkpt lat="-21.356832" lon="55.703669">
        <ele>324.755979</ele>
        <time>2025-10-10T03:34:41.962Z</time>
      </trkpt>
      <trkpt lat="-21.356992" lon="55.70368">
        <ele>323.825524</ele>
        <time>2025-10-10T03:34:48.756Z</time>
      </trkpt>
      <trkpt lat="-21.357363" lon="55.703441">
        <ele>321.314658</ele>
        <time>2025-10-10T03:35:07.079Z</time>
      </trkpt>
      <trkpt lat="-21.35786" lon="55.703426">
        <ele>318.37025</ele>
        <time>2025-10-10T03:35:28.743Z</time>
      </trkpt>
      <trkpt lat="-21.358209" lon="55.702781">
        <ele>314.893354</ele>
        <time>2025-10-10T03:35:59.266Z</time>
      </trkpt>
      <trkpt lat="-21.358272" lon="55.702813">
        <ele>314.571111</ele>
        <time>2025-10-10T03:36:02.259Z</time>
      </trkpt>
      <trkpt lat="-21.358252" lon="55.703051">
        <ele>313.501251</ele>
        <time>2025-10-10T03:36:12.254Z</time>
      </trkpt>
      <trkpt lat="-21.358396" lon="55.703655">
        <ele>310.789903</ele>
        <time>2025-10-10T03:36:37.602Z</time>
      </trkpt>
      <trkpt lat="-21.35835" lon="55.703819">
        <ele>310.039595</ele>
        <time>2025-10-10T03:36:44.721Z</time>
      </trkpt>
      <trkpt lat="-21.358174" lon="55.703868">
        <ele>309.198912</ele>
        <time>2025-10-10T03:36:52.704Z</time>
      </trkpt>
      <trkpt lat="-21.358125" lon="55.703956">
        <ele>308.914365</ele>
        <time>2025-10-10T03:36:56.922Z</time>
      </trkpt>
      <trkpt lat="-21.358146" lon="55.704483">
        <ele>307.777712</ele>
        <time>2025-10-10T03:37:19.016Z</time>
      </trkpt>
      <trkpt lat="-21.35834" lon="55.704094">
        <ele>306.830832</ele>
        <time>2025-10-10T03:37:37.632Z</time>
      </trkpt>
      <trkpt lat="-21.359171" lon="55.703372">
        <ele>304.471355</ele>
        <time>2025-10-10T03:38:28.385Z</time>
      </trkpt>
      <trkpt lat="-21.358896" lon="55.703559">
        <ele>303.849849</ele>
        <time>2025-10-10T03:38:44.095Z</time>
      </trkpt>
      <trkpt lat="-21.358241" lon="55.704241">
        <ele>302.101772</ele>
        <time>2025-10-10T03:39:27.011Z</time>
      </trkpt>
      <trkpt lat="-21.35772" lon="55.705804">
        <ele>290.958751</ele>
        <time>2025-10-10T03:40:30.857Z</time>
      </trkpt>
      <trkpt lat="-21.358441" lon="55.706115">
        <ele>283.697842</ele>
        <time>2025-10-10T03:41:00.988Z</time>
      </trkpt>
      <trkpt lat="-21.359083" lon="55.706596">
        <ele>275.112139</ele>
        <time>2025-10-10T03:41:30.843Z</time>
      </trkpt>
      <trkpt lat="-21.359413" lon="55.706697">
        <ele>271.218553</ele>
        <time>2025-10-10T03:41:44.405Z</time>
      </trkpt>
      <trkpt lat="-21.360407" lon="55.707564">
        <ele>257.450073</ele>
        <time>2025-10-10T03:42:33.318Z</time>
      </trkpt>
      <trkpt lat="-21.360344" lon="55.708155">
        <ele>251.482984</ele>
        <time>2025-10-10T03:42:54.933Z</time>
      </trkpt>
      <trkpt lat="-21.36053" lon="55.709266">
        <ele>241.558322</ele>
        <time>2025-10-10T03:43:35.783Z</time>
      </trkpt>
      <trkpt lat="-21.360781" lon="55.709316">
        <ele>239.325376</ele>
        <time>2025-10-10T03:43:45.838Z</time>
      </trkpt>
      <trkpt lat="-21.360968" lon="55.709488">
        <ele>237.171635</ele>
        <time>2025-10-10T03:43:55.599Z</time>
      </trkpt>
      <trkpt lat="-21.36092" lon="55.709871">
        <ele>233.966077</ele>
        <time>2025-10-10T03:44:10.276Z</time>
      </trkpt>
      <trkpt lat="-21.361074" lon="55.710098">
        <ele>231.678311</ele>
        <time>2025-10-10T03:44:21.008Z</time>
      </trkpt>
      <trkpt lat="-21.361009" lon="55.71079">
        <ele>228.783721</ele>
        <time>2025-10-10T03:44:48.802Z</time>
      </trkpt>
      <trkpt lat="-21.361152" lon="55.711068">
        <ele>227.416094</ele>
        <time>2025-10-10T03:45:02.587Z</time>
      </trkpt>
      <trkpt lat="-21.360642" lon="55.711481">
        <ele>224.565678</ele>
        <time>2025-10-10T03:45:31.515Z</time>
      </trkpt>
      <trkpt lat="-21.360542" lon="55.711662">
        <ele>223.572161</ele>
        <time>2025-10-10T03:45:40.966Z</time>
      </trkpt>
      <trkpt lat="-21.360603" lon="55.712215">
        <ele>217.883868</ele>
        <time>2025-10-10T03:46:03.189Z</time>
      </trkpt>
      <trkpt lat="-21.360374" lon="55.712738">
        <ele>211.951563</ele>
        <time>2025-10-10T03:46:24.411Z</time>
      </trkpt>
      <trkpt lat="-21.361618" lon="55.713035">
        <ele>194.472175</ele>
        <time>2025-10-10T03:47:12.353Z</time>
      </trkpt>
      <trkpt lat="-21.361988" lon="55.713217">
        <ele>187.37902</ele>
        <time>2025-10-10T03:47:27.574Z</time>
      </trkpt>
      <trkpt lat="-21.364545" lon="55.71381">
        <ele>144.363122</ele>
        <time>2025-10-10T03:49:05.998Z</time>
      </trkpt>
      <trkpt lat="-21.364608" lon="55.71388">
        <ele>142.84859</ele>
        <time>2025-10-10T03:49:09.409Z</time>
      </trkpt>
      <trkpt lat="-21.364689" lon="55.713846">
        <ele>141.376805</ele>
        <time>2025-10-10T03:49:12.660Z</time>
      </trkpt>
      <trkpt lat="-21.367069" lon="55.714445">
        <ele>100.225921</ele>
        <time>2025-10-10T03:50:44.409Z</time>
      </trkpt>
      <trkpt lat="-21.367932" lon="55.714578">
        <ele>85.708031</ele>
        <time>2025-10-10T03:51:17.172Z</time>
      </trkpt>
      <trkpt lat="-21.368262" lon="55.714773">
        <ele>80.487675</ele>
        <time>2025-10-10T03:51:31.362Z</time>
      </trkpt>
      <trkpt lat="-21.368468" lon="55.71475">
        <ele>77.900903</ele>
        <time>2025-10-10T03:51:39.174Z</time>
      </trkpt>
      <trkpt lat="-21.368717" lon="55.714558">
        <ele>74.072191</ele>
        <time>2025-10-10T03:51:50.756Z</time>
      </trkpt>
      <trkpt lat="-21.369519" lon="55.715603">
        <ele>59.338591</ele>
        <time>2025-10-10T03:52:31.682Z</time>
      </trkpt>
      <trkpt lat="-21.369735" lon="55.716134">
        <ele>54.981742</ele>
        <time>2025-10-10T03:52:50.116Z</time>
      </trkpt>
      <trkpt lat="-21.370344" lon="55.716707">
        <ele>48.466845</ele>
        <time>2025-10-10T03:53:18.450Z</time>
      </trkpt>
      <trkpt lat="-21.370757" lon="55.717803">
        <ele>46.707403</ele>
        <time>2025-10-10T03:53:57.941Z</time>
      </trkpt>
      <trkpt lat="-21.371044" lon="55.718248">
        <ele>46.707403</ele>
        <time>2025-10-10T03:54:16.614Z</time>
      </trkpt>
      <trkpt lat="-21.371209" lon="55.718371">
        <ele>46.707403</ele>
        <time>2025-10-10T03:54:24.188Z</time>
      </trkpt>
      <trkpt lat="-21.371173" lon="55.718462">
        <ele>46.707403</ele>
        <time>2025-10-10T03:54:27.696Z</time>
      </trkpt>
    </trkseg>
  </trk>
</gpx>
