<?xml version="1.0" encoding="UTF-8"?>
<gpx version="1.1" creator="https://www.komoot.de" schemaLocation="http://www.topografix.com/GPX/1/1 http://www.topografix.com/GPX/1/1/gpx.xsd" xmlns="http://www.topografix.com/GPX/1/1" xmlns:xsi="http://www.w3.org/2001/XMLSchema-instance" xsi:schemaLocation="http://www.topografix.com/GPX/1/1 http://www.topografix.com/GPX/1/1/gpx.xsd http://www.garmin.com/xmlschemas/GpxExtensions/v3 http://www.garmin.com/xmlschemas/GpxExtensionsv3.xsd http://www.garmin.com/xmlschemas/TrackPointExtension/v1 http://www.garmin.com/xmlschemas/TrackPointExtensionv1.xsd http://www.garmin.com/xmlschemas/PowerExtension/v1 http://www.garmin.com/xmlschemas/PowerExtensionv1.xsd http://www.topografix.com/GPX/gpx_style/0/2 http://www.topografix.com/GPX/gpx_style/0/2/gpx_style.xsd" xmlns:gpxtpx="http://www.garmin.com/xmlschemas/TrackPointExtension/v1" xmlns:gpxx="http://www.garmin.com/xmlschemas/GpxExtensions/v3" xmlns:gpxpx="http://www.garmin.com/xmlschemas/PowerExtension/v1" xmlns:gpx_style="http://www.topografix.com/GPX/gpx_style/0/2">
  <metadata>
    <name>Traversée de Chartreuse full</name>
    <author>
      <name>gpx.studio</name>
      <link href="https://gpx.studio"/>
    </author>
  </metadata>
  <wpt lat="45.391827" lon="5.891623">
    <name>Cascades du Cirque de Saint-Même</name>
    <sym>Flag, Blue</sym>
  </wpt>
  <wpt lat="45.289875" lon="5.766965">
    <ele>1324.6673539554943</ele>
    <name>Point d&apos;eau Chamechaude</name>
  </wpt>
  <wpt lat="45.337629" lon="5.805951">
    <ele>810.5518152112658</ele>
    <name>la Diat</name>
  </wpt>
  <wpt lat="45.415639" lon="5.854586">
    <ele>644.3000000000011</ele>
    <name>Saint-Pierre d&apos;Entremont</name>
  </wpt>
  <wpt lat="45.452344" lon="5.883368">
    <ele>835.6934263822867</ele>
    <name>Entremont-le-vieux</name>
  </wpt>
  <trk>
    <name>Traversée de Chartreuse full</name>
    <trkseg>
      <trkpt lat="45.199071" lon="5.695652">
        <ele>211.405955</ele>
        <time>2026-04-03T19:35:23.583Z</time>
      </trkpt>
      <trkpt lat="45.197809" lon="5.697399">
        <ele>211.590834</ele>
        <time>2026-04-03T19:36:36.854Z</time>
      </trkpt>
      <trkpt lat="45.197797" lon="5.697484">
        <ele>211.603911</ele>
        <time>2026-04-03T19:36:39.809Z</time>
      </trkpt>
      <trkpt lat="45.197404" lon="5.698167">
        <ele>211.736922</ele>
        <time>2026-04-03T19:37:09.877Z</time>
      </trkpt>
      <trkpt lat="45.196461" lon="5.699257">
        <ele>212.083385</ele>
        <time>2026-04-03T19:38:09.108Z</time>
      </trkpt>
      <trkpt lat="45.195811" lon="5.699735">
        <ele>212.305517</ele>
        <time>2026-04-03T19:38:45.125Z</time>
      </trkpt>
      <trkpt lat="45.195256" lon="5.700045">
        <ele>212.317814</ele>
        <time>2026-04-03T19:39:14.200Z</time>
      </trkpt>
      <trkpt lat="45.19457" lon="5.700324">
        <ele>212.290466</ele>
        <time>2026-04-03T19:39:48.479Z</time>
      </trkpt>
      <trkpt lat="45.192862" lon="5.700816">
        <ele>212.349524</ele>
        <time>2026-04-03T19:41:12.528Z</time>
      </trkpt>
      <trkpt lat="45.192602" lon="5.700802">
        <ele>212.367987</ele>
        <time>2026-04-03T19:41:25.099Z</time>
      </trkpt>
      <trkpt lat="45.192597" lon="5.700611">
        <ele>212.377555</ele>
        <time>2026-04-03T19:41:31.043Z</time>
      </trkpt>
      <trkpt lat="45.192497" lon="5.70062">
        <ele>212.384666</ele>
        <time>2026-04-03T19:41:35.144Z</time>
      </trkpt>
      <trkpt lat="45.192486" lon="5.702224">
        <ele>213.154841</ele>
        <time>2026-04-03T19:42:22.950Z</time>
      </trkpt>
      <trkpt lat="45.192529" lon="5.70245">
        <ele>213.282607</ele>
        <time>2026-04-03T19:42:29.870Z</time>
      </trkpt>
      <trkpt lat="45.192464" lon="5.702652">
        <ele>213.403871</ele>
        <time>2026-04-03T19:42:36.528Z</time>
      </trkpt>
      <trkpt lat="45.192463" lon="5.703843">
        <ele>213.924921</ele>
        <time>2026-04-03T19:43:12.557Z</time>
      </trkpt>
      <trkpt lat="45.192409" lon="5.703839">
        <ele>213.946254</ele>
        <time>2026-04-03T19:43:14.918Z</time>
      </trkpt>
      <trkpt lat="45.192251" lon="5.70447">
        <ele>214.132935</ele>
        <time>2026-04-03T19:43:34.910Z</time>
      </trkpt>
      <trkpt lat="45.191888" lon="5.705333">
        <ele>214.419043</ele>
        <time>2026-04-03T19:44:04.692Z</time>
      </trkpt>
      <trkpt lat="45.191519" lon="5.706119">
        <ele>214.46902</ele>
        <time>2026-04-03T19:44:43.662Z</time>
      </trkpt>
      <trkpt lat="45.191553" lon="5.706178">
        <ele>214.466959</ele>
        <time>2026-04-03T19:44:45.851Z</time>
      </trkpt>
      <trkpt lat="45.191342" lon="5.706656">
        <ele>214.451571</ele>
        <time>2026-04-03T19:45:02.231Z</time>
      </trkpt>
      <trkpt lat="45.191243" lon="5.707064">
        <ele>214.439904</ele>
        <time>2026-04-03T19:45:14.738Z</time>
      </trkpt>
      <trkpt lat="45.191167" lon="5.707881">
        <ele>214.466696</ele>
        <time>2026-04-03T19:45:38.966Z</time>
      </trkpt>
      <trkpt lat="45.19108" lon="5.7079">
        <ele>214.479266</ele>
        <time>2026-04-03T19:45:43.041Z</time>
      </trkpt>
      <trkpt lat="45.190787" lon="5.71171">
        <ele>214.876308</ele>
        <time>2026-04-03T19:47:35.220Z</time>
      </trkpt>
      <trkpt lat="45.191004" lon="5.712075">
        <ele>214.932906</ele>
        <time>2026-04-03T19:47:49.141Z</time>
      </trkpt>
      <trkpt lat="45.190947" lon="5.712139">
        <ele>214.945081</ele>
        <time>2026-04-03T19:47:52.136Z</time>
      </trkpt>
      <trkpt lat="45.191449" lon="5.714432">
        <ele>213.784156</ele>
        <time>2026-04-03T19:49:00.039Z</time>
      </trkpt>
      <trkpt lat="45.191291" lon="5.714532">
        <ele>213.65168</ele>
        <time>2026-04-03T19:49:07.375Z</time>
      </trkpt>
      <trkpt lat="45.191311" lon="5.714612">
        <ele>213.697701</ele>
        <time>2026-04-03T19:49:09.791Z</time>
      </trkpt>
      <trkpt lat="45.19119" lon="5.714668">
        <ele>213.812614</ele>
        <time>2026-04-03T19:49:15.027Z</time>
      </trkpt>
      <trkpt lat="45.19138" lon="5.715451">
        <ele>214.339685</ele>
        <time>2026-04-03T19:49:39.509Z</time>
      </trkpt>
      <trkpt lat="45.191327" lon="5.715476">
        <ele>214.390113</ele>
        <time>2026-04-03T19:49:41.863Z</time>
      </trkpt>
      <trkpt lat="45.191509" lon="5.716405">
        <ele>215.003649</ele>
        <time>2026-04-03T19:50:11.591Z</time>
      </trkpt>
      <trkpt lat="45.191572" lon="5.716517">
        <ele>215.105869</ele>
        <time>2026-04-03T19:50:16.589Z</time>
      </trkpt>
      <trkpt lat="45.191548" lon="5.716605">
        <ele>215.16591</ele>
        <time>2026-04-03T19:50:19.545Z</time>
      </trkpt>
      <trkpt lat="45.191625" lon="5.717023">
        <ele>215.329587</ele>
        <time>2026-04-03T19:50:32.979Z</time>
      </trkpt>
      <trkpt lat="45.192178" lon="5.719763">
        <ele>216.076275</ele>
        <time>2026-04-03T19:51:55.637Z</time>
      </trkpt>
      <trkpt lat="45.19209" lon="5.719824">
        <ele>216.138141</ele>
        <time>2026-04-03T19:51:59.720Z</time>
      </trkpt>
      <trkpt lat="45.192144" lon="5.720201">
        <ele>216.3094</ele>
        <time>2026-04-03T19:52:11.045Z</time>
      </trkpt>
      <trkpt lat="45.192072" lon="5.72031">
        <ele>216.376677</ele>
        <time>2026-04-03T19:52:15.600Z</time>
      </trkpt>
      <trkpt lat="45.192053" lon="5.720502">
        <ele>216.462987</ele>
        <time>2026-04-03T19:52:21.480Z</time>
      </trkpt>
      <trkpt lat="45.192104" lon="5.720677">
        <ele>216.548709</ele>
        <time>2026-04-03T19:52:27.328Z</time>
      </trkpt>
      <trkpt lat="45.192196" lon="5.720756">
        <ele>216.616637</ele>
        <time>2026-04-03T19:52:31.975Z</time>
      </trkpt>
      <trkpt lat="45.192305" lon="5.721674">
        <ele>216.937844</ele>
        <time>2026-04-03T19:53:00.215Z</time>
      </trkpt>
      <trkpt lat="45.19226" lon="5.721725">
        <ele>216.925316</ele>
        <time>2026-04-03T19:53:02.731Z</time>
      </trkpt>
      <trkpt lat="45.192297" lon="5.72194">
        <ele>216.891363</ele>
        <time>2026-04-03T19:53:09.317Z</time>
      </trkpt>
      <trkpt lat="45.192375" lon="5.721974">
        <ele>216.873612</ele>
        <time>2026-04-03T19:53:12.646Z</time>
      </trkpt>
      <trkpt lat="45.192605" lon="5.724174">
        <ele>216.494311</ele>
        <time>2026-04-03T19:54:15.908Z</time>
      </trkpt>
      <trkpt lat="45.192954" lon="5.725771">
        <ele>215.979812</ele>
        <time>2026-04-03T19:55:03.434Z</time>
      </trkpt>
      <trkpt lat="45.192906" lon="5.725852">
        <ele>215.947271</ele>
        <time>2026-04-03T19:55:06.480Z</time>
      </trkpt>
      <trkpt lat="45.192894" lon="5.726009">
        <ele>215.898713</ele>
        <time>2026-04-03T19:55:10.992Z</time>
      </trkpt>
      <trkpt lat="45.192981" lon="5.726868">
        <ele>216.140495</ele>
        <time>2026-04-03T19:55:36.708Z</time>
      </trkpt>
      <trkpt lat="45.193133" lon="5.727534">
        <ele>216.637126</ele>
        <time>2026-04-03T19:55:59.232Z</time>
      </trkpt>
      <trkpt lat="45.193051" lon="5.727789">
        <ele>216.835948</ele>
        <time>2026-04-03T19:56:08.262Z</time>
      </trkpt>
      <trkpt lat="45.193144" lon="5.728701">
        <ele>217.491072</ele>
        <time>2026-04-03T19:56:35.755Z</time>
      </trkpt>
      <trkpt lat="45.193093" lon="5.729099">
        <ele>217.408023</ele>
        <time>2026-04-03T19:56:47.344Z</time>
      </trkpt>
      <trkpt lat="45.193732" lon="5.729001">
        <ele>216.741326</ele>
        <time>2026-04-03T19:57:12.298Z</time>
      </trkpt>
      <trkpt lat="45.194022" lon="5.729523">
        <ele>216.255431</ele>
        <time>2026-04-03T19:57:29.474Z</time>
      </trkpt>
      <trkpt lat="45.19489" lon="5.728587">
        <ele>222.467822</ele>
        <time>2026-04-03T19:58:21.059Z</time>
      </trkpt>
      <trkpt lat="45.195034" lon="5.728737">
        <ele>224.527935</ele>
        <time>2026-04-03T19:58:31.716Z</time>
      </trkpt>
      <trkpt lat="45.19516" lon="5.728563">
        <ele>226.56132</ele>
        <time>2026-04-03T19:58:44.374Z</time>
      </trkpt>
      <trkpt lat="45.195177" lon="5.728404">
        <ele>227.877063</ele>
        <time>2026-04-03T19:58:53.061Z</time>
      </trkpt>
      <trkpt lat="45.195456" lon="5.728404">
        <ele>231.154513</ele>
        <time>2026-04-03T19:59:16.264Z</time>
      </trkpt>
      <trkpt lat="45.195457" lon="5.728343">
        <ele>231.6503</ele>
        <time>2026-04-03T19:59:20.077Z</time>
      </trkpt>
      <trkpt lat="45.195246" lon="5.728038">
        <ele>235.136903</ele>
        <time>2026-04-03T19:59:49.205Z</time>
      </trkpt>
      <trkpt lat="45.195386" lon="5.727576">
        <ele>240.998128</ele>
        <time>2026-04-03T20:00:26.453Z</time>
      </trkpt>
      <trkpt lat="45.195613" lon="5.727882">
        <ele>246.850977</ele>
        <time>2026-04-03T20:01:00.969Z</time>
      </trkpt>
      <trkpt lat="45.196725" lon="5.728329">
        <ele>268.08046</ele>
        <time>2026-04-03T20:03:05.810Z</time>
      </trkpt>
      <trkpt lat="45.196883" lon="5.728477">
        <ele>270.982839</ele>
        <time>2026-04-03T20:03:24.564Z</time>
      </trkpt>
      <trkpt lat="45.197196" lon="5.72872">
        <ele>276.167107</ele>
        <time>2026-04-03T20:04:01.520Z</time>
      </trkpt>
      <trkpt lat="45.198005" lon="5.729209">
        <ele>287.90209</ele>
        <time>2026-04-03T20:04:38.011Z</time>
      </trkpt>
      <trkpt lat="45.19741" lon="5.72836">
        <ele>298.529709</ele>
        <time>2026-04-03T20:05:13.580Z</time>
      </trkpt>
      <trkpt lat="45.19812" lon="5.72881">
        <ele>307.525161</ele>
        <time>2026-04-03T20:05:45.971Z</time>
      </trkpt>
      <trkpt lat="45.19751" lon="5.72804">
        <ele>316.847424</ele>
        <time>2026-04-03T20:06:19.829Z</time>
      </trkpt>
      <trkpt lat="45.19825" lon="5.72847">
        <ele>326.076643</ele>
        <time>2026-04-03T20:06:54.011Z</time>
      </trkpt>
      <trkpt lat="45.1979" lon="5.72809">
        <ele>331.148098</ele>
        <time>2026-04-03T20:07:12.793Z</time>
      </trkpt>
      <trkpt lat="45.19834" lon="5.72836">
        <ele>336.524982</ele>
        <time>2026-04-03T20:07:32.597Z</time>
      </trkpt>
      <trkpt lat="45.19834" lon="5.7283">
        <ele>337.056942</ele>
        <time>2026-04-03T20:07:34.544Z</time>
      </trkpt>
      <trkpt lat="45.19815" lon="5.72813">
        <ele>339.752545</ele>
        <time>2026-04-03T20:07:44.410Z</time>
      </trkpt>
      <trkpt lat="45.19844" lon="5.72829">
        <ele>343.260236</ele>
        <time>2026-04-03T20:07:57.249Z</time>
      </trkpt>
      <trkpt lat="45.19846" lon="5.72825">
        <ele>343.871265</ele>
        <time>2026-04-03T20:07:59.485Z</time>
      </trkpt>
      <trkpt lat="45.19797" lon="5.72775">
        <ele>350.755257</ele>
        <time>2026-04-03T20:08:24.686Z</time>
      </trkpt>
      <trkpt lat="45.19844" lon="5.72804">
        <ele>356.51189</ele>
        <time>2026-04-03T20:08:46.001Z</time>
      </trkpt>
      <trkpt lat="45.19844" lon="5.72799">
        <ele>356.97349</ele>
        <time>2026-04-03T20:08:47.740Z</time>
      </trkpt>
      <trkpt lat="45.19818" lon="5.72774">
        <ele>360.413627</ele>
        <time>2026-04-03T20:09:00.706Z</time>
      </trkpt>
      <trkpt lat="45.19789" lon="5.72733">
        <ele>364.901879</ele>
        <time>2026-04-03T20:09:17.620Z</time>
      </trkpt>
      <trkpt lat="45.1979" lon="5.72729">
        <ele>365.229481</ele>
        <time>2026-04-03T20:09:18.854Z</time>
      </trkpt>
      <trkpt lat="45.19819" lon="5.72754">
        <ele>368.964521</ele>
        <time>2026-04-03T20:09:32.924Z</time>
      </trkpt>
      <trkpt lat="45.19821" lon="5.72761">
        <ele>369.54755</ele>
        <time>2026-04-03T20:09:35.119Z</time>
      </trkpt>
      <trkpt lat="45.19819" lon="5.72754">
        <ele>370.130579</ele>
        <time>2026-04-03T20:09:37.315Z</time>
      </trkpt>
      <trkpt lat="45.19851" lon="5.7278">
        <ele>374.117552</ele>
        <time>2026-04-03T20:09:52.517Z</time>
      </trkpt>
      <trkpt lat="45.19853" lon="5.72777">
        <ele>374.41896</ele>
        <time>2026-04-03T20:09:54.212Z</time>
      </trkpt>
      <trkpt lat="45.19847" lon="5.72766">
        <ele>375.177008</ele>
        <time>2026-04-03T20:09:58.474Z</time>
      </trkpt>
      <trkpt lat="45.19855" lon="5.72773">
        <ele>375.882515</ele>
        <time>2026-04-03T20:10:02.442Z</time>
      </trkpt>
      <trkpt lat="45.19859" lon="5.72773">
        <ele>376.570984</ele>
        <time>2026-04-03T20:10:06.311Z</time>
      </trkpt>
      <trkpt lat="45.19853" lon="5.72763">
        <ele>377.277406</ele>
        <time>2026-04-03T20:10:10.282Z</time>
      </trkpt>
      <trkpt lat="45.19854" lon="5.72753">
        <ele>377.806278</ele>
        <time>2026-04-03T20:10:13.253Z</time>
      </trkpt>
      <trkpt lat="45.19857" lon="5.72761">
        <ele>378.439081</ele>
        <time>2026-04-03T20:10:16.809Z</time>
      </trkpt>
      <trkpt lat="45.19857" lon="5.72738">
        <ele>379.62648</ele>
        <time>2026-04-03T20:10:23.480Z</time>
      </trkpt>
      <trkpt lat="45.1985" lon="5.72734">
        <ele>380.18657</ele>
        <time>2026-04-03T20:10:26.621Z</time>
      </trkpt>
      <trkpt lat="45.19842" lon="5.72747">
        <ele>381.116968</ele>
        <time>2026-04-03T20:10:31.843Z</time>
      </trkpt>
      <trkpt lat="45.19832" lon="5.72735">
        <ele>382.076432</ele>
        <time>2026-04-03T20:10:37.227Z</time>
      </trkpt>
      <trkpt lat="45.19834" lon="5.72724">
        <ele>382.66292</ele>
        <time>2026-04-03T20:10:40.523Z</time>
      </trkpt>
      <trkpt lat="45.197788" lon="5.726702">
        <ele>387.62328</ele>
        <time>2026-04-03T20:11:08.150Z</time>
      </trkpt>
      <trkpt lat="45.197601" lon="5.726421">
        <ele>389.835752</ele>
        <time>2026-04-03T20:11:26.994Z</time>
      </trkpt>
      <trkpt lat="45.19745" lon="5.725882">
        <ele>393.179682</ele>
        <time>2026-04-03T20:11:55.629Z</time>
      </trkpt>
      <trkpt lat="45.197465" lon="5.725386">
        <ele>396.021573</ele>
        <time>2026-04-03T20:12:19.074Z</time>
      </trkpt>
      <trkpt lat="45.197614" lon="5.72512">
        <ele>398.020637</ele>
        <time>2026-04-03T20:12:36.675Z</time>
      </trkpt>
      <trkpt lat="45.197761" lon="5.725003">
        <ele>399.389784</ele>
        <time>2026-04-03T20:12:49.446Z</time>
      </trkpt>
      <trkpt lat="45.197644" lon="5.725304">
        <ele>401.357564</ele>
        <time>2026-04-03T20:13:07.961Z</time>
      </trkpt>
      <trkpt lat="45.197651" lon="5.725814">
        <ele>404.855484</ele>
        <time>2026-04-03T20:13:35.543Z</time>
      </trkpt>
      <trkpt lat="45.197674" lon="5.725874">
        <ele>405.337736</ele>
        <time>2026-04-03T20:13:38.756Z</time>
      </trkpt>
      <trkpt lat="45.1977" lon="5.72585">
        <ele>405.648506</ele>
        <time>2026-04-03T20:13:40.130Z</time>
      </trkpt>
      <trkpt lat="45.19782" lon="5.72527">
        <ele>409.916414</ele>
        <time>2026-04-03T20:13:57.675Z</time>
      </trkpt>
      <trkpt lat="45.19788" lon="5.72522">
        <ele>410.680657</ele>
        <time>2026-04-03T20:14:00.820Z</time>
      </trkpt>
      <trkpt lat="45.19787" lon="5.72607">
        <ele>416.733367</ele>
        <time>2026-04-03T20:14:25.742Z</time>
      </trkpt>
      <trkpt lat="45.19794" lon="5.72622">
        <ele>418.019481</ele>
        <time>2026-04-03T20:14:31.039Z</time>
      </trkpt>
      <trkpt lat="45.19827" lon="5.72655">
        <ele>422.351418</ele>
        <time>2026-04-03T20:14:47.690Z</time>
      </trkpt>
      <trkpt lat="45.198215" lon="5.726393">
        <ele>423.746767</ele>
        <time>2026-04-03T20:14:52.778Z</time>
      </trkpt>
      <trkpt lat="45.19833" lon="5.726331">
        <ele>425.136137</ele>
        <time>2026-04-03T20:15:00.649Z</time>
      </trkpt>
      <trkpt lat="45.198234" lon="5.725854">
        <ele>429.087971</ele>
        <time>2026-04-03T20:15:27.702Z</time>
      </trkpt>
      <trkpt lat="45.198233" lon="5.725155">
        <ele>434.663565</ele>
        <time>2026-04-03T20:16:09.258Z</time>
      </trkpt>
      <trkpt lat="45.198341" lon="5.724593">
        <ele>439.299503</ele>
        <time>2026-04-03T20:16:46.113Z</time>
      </trkpt>
      <trkpt lat="45.198487" lon="5.724609">
        <ele>440.829811</ele>
        <time>2026-04-03T20:16:57.485Z</time>
      </trkpt>
      <trkpt lat="45.198527" lon="5.724319">
        <ele>442.824193</ele>
        <time>2026-04-03T20:17:13.609Z</time>
      </trkpt>
      <trkpt lat="45.198555" lon="5.724319">
        <ele>443.088529</ele>
        <time>2026-04-03T20:17:15.470Z</time>
      </trkpt>
      <trkpt lat="45.198561" lon="5.724553">
        <ele>444.646204</ele>
        <time>2026-04-03T20:17:26.400Z</time>
      </trkpt>
      <trkpt lat="45.198668" lon="5.724573">
        <ele>445.689781</ele>
        <time>2026-04-03T20:17:33.618Z</time>
      </trkpt>
      <trkpt lat="45.198657" lon="5.72448">
        <ele>446.317362</ele>
        <time>2026-04-03T20:17:37.591Z</time>
      </trkpt>
      <trkpt lat="45.198742" lon="5.724446">
        <ele>447.211669</ele>
        <time>2026-04-03T20:17:43.860Z</time>
      </trkpt>
      <trkpt lat="45.198763" lon="5.724782">
        <ele>449.4568</ele>
        <time>2026-04-03T20:17:58.564Z</time>
      </trkpt>
      <trkpt lat="45.198863" lon="5.724751">
        <ele>450.42312</ele>
        <time>2026-04-03T20:18:06.692Z</time>
      </trkpt>
      <trkpt lat="45.198938" lon="5.724379">
        <ele>453.020327</ele>
        <time>2026-04-03T20:18:22.787Z</time>
      </trkpt>
      <trkpt lat="45.199367" lon="5.724224">
        <ele>457.225936</ele>
        <time>2026-04-03T20:18:46.235Z</time>
      </trkpt>
      <trkpt lat="45.200363" lon="5.724283">
        <ele>469.656217</ele>
        <time>2026-04-03T20:19:53.130Z</time>
      </trkpt>
      <trkpt lat="45.200373" lon="5.724796">
        <ele>474.169213</ele>
        <time>2026-04-03T20:20:26.191Z</time>
      </trkpt>
      <trkpt lat="45.200437" lon="5.724994">
        <ele>476.082053</ele>
        <time>2026-04-03T20:20:41.594Z</time>
      </trkpt>
      <trkpt lat="45.20077" lon="5.725439">
        <ele>482.249229</ele>
        <time>2026-04-03T20:21:27.564Z</time>
      </trkpt>
      <trkpt lat="45.201186" lon="5.725453">
        <ele>488.503612</ele>
        <time>2026-04-03T20:22:01.646Z</time>
      </trkpt>
      <trkpt lat="45.201625" lon="5.725602">
        <ele>495.26835</ele>
        <time>2026-04-03T20:22:34.011Z</time>
      </trkpt>
      <trkpt lat="45.20224" lon="5.726004">
        <ele>505.415904</ele>
        <time>2026-04-03T20:23:30.642Z</time>
      </trkpt>
      <trkpt lat="45.202459" lon="5.72609">
        <ele>508.620622</ele>
        <time>2026-04-03T20:23:50.629Z</time>
      </trkpt>
      <trkpt lat="45.202828" lon="5.726049">
        <ele>513.690641</ele>
        <time>2026-04-03T20:24:20.657Z</time>
      </trkpt>
      <trkpt lat="45.203237" lon="5.726126">
        <ele>519.342188</ele>
        <time>2026-04-03T20:24:51.866Z</time>
      </trkpt>
      <trkpt lat="45.203618" lon="5.726397">
        <ele>525.179852</ele>
        <time>2026-04-03T20:25:24.282Z</time>
      </trkpt>
      <trkpt lat="45.204148" lon="5.726992">
        <ele>533.664518</ele>
        <time>2026-04-03T20:26:12.373Z</time>
      </trkpt>
      <trkpt lat="45.204383" lon="5.727126">
        <ele>536.324936</ele>
        <time>2026-04-03T20:26:29.769Z</time>
      </trkpt>
      <trkpt lat="45.204962" lon="5.727299">
        <ele>542.540552</ele>
        <time>2026-04-03T20:27:08.574Z</time>
      </trkpt>
      <trkpt lat="45.205201" lon="5.727497">
        <ele>545.447614</ele>
        <time>2026-04-03T20:27:27.569Z</time>
      </trkpt>
      <trkpt lat="45.205261" lon="5.727481">
        <ele>546.088932</ele>
        <time>2026-04-03T20:27:32.001Z</time>
      </trkpt>
      <trkpt lat="45.205233" lon="5.727392">
        <ele>546.810341</ele>
        <time>2026-04-03T20:27:36.784Z</time>
      </trkpt>
      <trkpt lat="45.204359" lon="5.726638">
        <ele>557.01885</ele>
        <time>2026-04-03T20:28:40.245Z</time>
      </trkpt>
      <trkpt lat="45.204138" lon="5.726297">
        <ele>560.190653</ele>
        <time>2026-04-03T20:28:58.901Z</time>
      </trkpt>
      <trkpt lat="45.204094" lon="5.726151">
        <ele>561.277737</ele>
        <time>2026-04-03T20:29:05.710Z</time>
      </trkpt>
      <trkpt lat="45.204448" lon="5.72647">
        <ele>565.405759</ele>
        <time>2026-04-03T20:29:34.038Z</time>
      </trkpt>
      <trkpt lat="45.204614" lon="5.726487">
        <ele>567.022835</ele>
        <time>2026-04-03T20:29:45.996Z</time>
      </trkpt>
      <trkpt lat="45.205233" lon="5.726784">
        <ele>573.776724</ele>
        <time>2026-04-03T20:30:34.683Z</time>
      </trkpt>
      <trkpt lat="45.205748" lon="5.727124">
        <ele>579.688204</ele>
        <time>2026-04-03T20:31:12.968Z</time>
      </trkpt>
      <trkpt lat="45.205843" lon="5.727078">
        <ele>580.804561</ele>
        <time>2026-04-03T20:31:19.741Z</time>
      </trkpt>
      <trkpt lat="45.205491" lon="5.726772">
        <ele>585.165668</ele>
        <time>2026-04-03T20:31:44.736Z</time>
      </trkpt>
      <trkpt lat="45.205143" lon="5.726297">
        <ele>589.722346</ele>
        <time>2026-04-03T20:32:13.363Z</time>
      </trkpt>
      <trkpt lat="45.204795" lon="5.726113">
        <ele>593.155659</ele>
        <time>2026-04-03T20:32:35.494Z</time>
      </trkpt>
      <trkpt lat="45.204456" lon="5.725472">
        <ele>598.365194</ele>
        <time>2026-04-03T20:33:07.878Z</time>
      </trkpt>
      <trkpt lat="45.204413" lon="5.725173">
        <ele>600.376256</ele>
        <time>2026-04-03T20:33:22.019Z</time>
      </trkpt>
      <trkpt lat="45.204465" lon="5.72512">
        <ele>600.965165</ele>
        <time>2026-04-03T20:33:26.918Z</time>
      </trkpt>
      <trkpt lat="45.204749" lon="5.725537">
        <ele>605.651932</ele>
        <time>2026-04-03T20:33:57.221Z</time>
      </trkpt>
      <trkpt lat="45.204989" lon="5.725749">
        <ele>609.471532</ele>
        <time>2026-04-03T20:34:22.892Z</time>
      </trkpt>
      <trkpt lat="45.205123" lon="5.725777">
        <ele>611.294401</ele>
        <time>2026-04-03T20:34:37.138Z</time>
      </trkpt>
      <trkpt lat="45.205445" lon="5.725587">
        <ele>616.042961</ele>
        <time>2026-04-03T20:35:12.883Z</time>
      </trkpt>
      <trkpt lat="45.20556" lon="5.725592">
        <ele>617.591407</ele>
        <time>2026-04-03T20:35:24.168Z</time>
      </trkpt>
      <trkpt lat="45.205869" lon="5.725727">
        <ele>621.961421</ele>
        <time>2026-04-03T20:35:58.515Z</time>
      </trkpt>
      <trkpt lat="45.206297" lon="5.726066">
        <ele>629.504176</ele>
        <time>2026-04-03T20:36:54.274Z</time>
      </trkpt>
      <trkpt lat="45.206401" lon="5.726067">
        <ele>631.716382</ele>
        <time>2026-04-03T20:37:06.492Z</time>
      </trkpt>
      <trkpt lat="45.206539" lon="5.725981">
        <ele>634.922223</ele>
        <time>2026-04-03T20:37:24.211Z</time>
      </trkpt>
      <trkpt lat="45.206764" lon="5.725728">
        <ele>641.028018</ele>
        <time>2026-04-03T20:37:59.731Z</time>
      </trkpt>
      <trkpt lat="45.206975" lon="5.725667">
        <ele>645.608295</ele>
        <time>2026-04-03T20:38:29.993Z</time>
      </trkpt>
      <trkpt lat="45.207156" lon="5.725807">
        <ele>650.003778</ele>
        <time>2026-04-03T20:39:01.512Z</time>
      </trkpt>
      <trkpt lat="45.207462" lon="5.725892">
        <ele>656.752104</ele>
        <time>2026-04-03T20:39:53.128Z</time>
      </trkpt>
      <trkpt lat="45.207963" lon="5.726155">
        <ele>668.795994</ele>
        <time>2026-04-03T20:41:25.060Z</time>
      </trkpt>
      <trkpt lat="45.208052" lon="5.726419">
        <ele>674.124103</ele>
        <time>2026-04-03T20:42:02.984Z</time>
      </trkpt>
      <trkpt lat="45.208088" lon="5.7267">
        <ele>679.276082</ele>
        <time>2026-04-03T20:42:40.240Z</time>
      </trkpt>
      <trkpt lat="45.208279" lon="5.726545">
        <ele>685.184018</ele>
        <time>2026-04-03T20:43:20.454Z</time>
      </trkpt>
      <trkpt lat="45.208311" lon="5.72656">
        <ele>686.046857</ele>
        <time>2026-04-03T20:43:26.359Z</time>
      </trkpt>
      <trkpt lat="45.208346" lon="5.726655">
        <ele>687.980683</ele>
        <time>2026-04-03T20:43:39.271Z</time>
      </trkpt>
      <trkpt lat="45.208345" lon="5.726935">
        <ele>693.061311</ele>
        <time>2026-04-03T20:44:12.509Z</time>
      </trkpt>
      <trkpt lat="45.208388" lon="5.726951">
        <ele>694.199469</ele>
        <time>2026-04-03T20:44:19.950Z</time>
      </trkpt>
      <trkpt lat="45.209159" lon="5.726725">
        <ele>713.963792</ele>
        <time>2026-04-03T20:46:27.866Z</time>
      </trkpt>
      <trkpt lat="45.209366" lon="5.726893">
        <ele>719.450304</ele>
        <time>2026-04-03T20:47:05.257Z</time>
      </trkpt>
      <trkpt lat="45.209906" lon="5.727576">
        <ele>735.67186</ele>
        <time>2026-04-03T20:48:57.851Z</time>
      </trkpt>
      <trkpt lat="45.210104" lon="5.727429">
        <ele>740.840347</ele>
        <time>2026-04-03T20:49:34.002Z</time>
      </trkpt>
      <trkpt lat="45.210448" lon="5.72744">
        <ele>748.536065</ele>
        <time>2026-04-03T20:50:26.667Z</time>
      </trkpt>
      <trkpt lat="45.210814" lon="5.7284">
        <ele>762.999358</ele>
        <time>2026-04-03T20:52:05.810Z</time>
      </trkpt>
      <trkpt lat="45.21123" lon="5.728801">
        <ele>772.011724</ele>
        <time>2026-04-03T20:53:07.656Z</time>
      </trkpt>
      <trkpt lat="45.212067" lon="5.729101">
        <ele>788.000748</ele>
        <time>2026-04-03T20:54:49.445Z</time>
      </trkpt>
      <trkpt lat="45.212235" lon="5.729198">
        <ele>791.759087</ele>
        <time>2026-04-03T20:55:14.416Z</time>
      </trkpt>
      <trkpt lat="45.212305" lon="5.729332">
        <ele>794.104583</ele>
        <time>2026-04-03T20:55:30.635Z</time>
      </trkpt>
      <trkpt lat="45.212529" lon="5.729387">
        <ele>798.694069</ele>
        <time>2026-04-03T20:56:03.107Z</time>
      </trkpt>
      <trkpt lat="45.212693" lon="5.729496">
        <ele>802.451304</ele>
        <time>2026-04-03T20:56:30.215Z</time>
      </trkpt>
      <trkpt lat="45.213059" lon="5.729844">
        <ele>811.373922</ele>
        <time>2026-04-03T20:57:36.957Z</time>
      </trkpt>
      <trkpt lat="45.214165" lon="5.731427">
        <ele>837.506956</ele>
        <time>2026-04-03T21:01:09.006Z</time>
      </trkpt>
      <trkpt lat="45.214545" lon="5.731586">
        <ele>843.624686</ele>
        <time>2026-04-03T21:01:45.267Z</time>
      </trkpt>
      <trkpt lat="45.21472" lon="5.731845">
        <ele>847.507252</ele>
        <time>2026-04-03T21:02:01.953Z</time>
      </trkpt>
      <trkpt lat="45.214752" lon="5.732206">
        <ele>851.017005</ele>
        <time>2026-04-03T21:02:22.018Z</time>
      </trkpt>
      <trkpt lat="45.215083" lon="5.732621">
        <ele>856.9112</ele>
        <time>2026-04-03T21:03:07.290Z</time>
      </trkpt>
      <trkpt lat="45.215161" lon="5.733136">
        <ele>861.876305</ele>
        <time>2026-04-03T21:03:46.037Z</time>
      </trkpt>
      <trkpt lat="45.215822" lon="5.733383">
        <ele>870.993631</ele>
        <time>2026-04-03T21:04:54.860Z</time>
      </trkpt>
      <trkpt lat="45.21609" lon="5.733715">
        <ele>874.873503</ele>
        <time>2026-04-03T21:05:29.935Z</time>
      </trkpt>
      <trkpt lat="45.216373" lon="5.733932">
        <ele>878.307987</ele>
        <time>2026-04-03T21:06:04.436Z</time>
      </trkpt>
      <trkpt lat="45.216602" lon="5.73435">
        <ele>882.330838</ele>
        <time>2026-04-03T21:06:36.824Z</time>
      </trkpt>
      <trkpt lat="45.216713" lon="5.734816">
        <ele>886.038859</ele>
        <time>2026-04-03T21:06:59.327Z</time>
      </trkpt>
      <trkpt lat="45.216788" lon="5.734903">
        <ele>887.084696</ele>
        <time>2026-04-03T21:07:05.567Z</time>
      </trkpt>
      <trkpt lat="45.217118" lon="5.734985">
        <ele>890.467953</ele>
        <time>2026-04-03T21:07:25.530Z</time>
      </trkpt>
      <trkpt lat="45.217389" lon="5.735204">
        <ele>889.844229</ele>
        <time>2026-04-03T21:07:40.784Z</time>
      </trkpt>
      <trkpt lat="45.217652" lon="5.735245">
        <ele>889.315016</ele>
        <time>2026-04-03T21:07:53.216Z</time>
      </trkpt>
      <trkpt lat="45.217807" lon="5.735331">
        <ele>888.982149</ele>
        <time>2026-04-03T21:08:01.177Z</time>
      </trkpt>
      <trkpt lat="45.217979" lon="5.735648">
        <ele>888.412676</ele>
        <time>2026-04-03T21:08:14.724Z</time>
      </trkpt>
      <trkpt lat="45.218282" lon="5.736039">
        <ele>887.593654</ele>
        <time>2026-04-03T21:08:32.895Z</time>
      </trkpt>
      <trkpt lat="45.218456" lon="5.736475">
        <ele>886.838714</ele>
        <time>2026-04-03T21:08:47.704Z</time>
      </trkpt>
      <trkpt lat="45.218705" lon="5.736724">
        <ele>884.282991</ele>
        <time>2026-04-03T21:09:00.029Z</time>
      </trkpt>
      <trkpt lat="45.218879" lon="5.736987">
        <ele>882.15031</ele>
        <time>2026-04-03T21:09:09.755Z</time>
      </trkpt>
      <trkpt lat="45.219176" lon="5.737098">
        <ele>879.555869</ele>
        <time>2026-04-03T21:09:21.529Z</time>
      </trkpt>
      <trkpt lat="45.219429" lon="5.737309">
        <ele>877.078983</ele>
        <time>2026-04-03T21:09:33.183Z</time>
      </trkpt>
      <trkpt lat="45.219772" lon="5.737998">
        <ele>872.074306</ele>
        <time>2026-04-03T21:09:57.056Z</time>
      </trkpt>
      <trkpt lat="45.220838" lon="5.738745">
        <ele>869.597045</ele>
        <time>2026-04-03T21:10:48.786Z</time>
      </trkpt>
      <trkpt lat="45.221465" lon="5.738963">
        <ele>868.39915</ele>
        <time>2026-04-03T21:11:23.813Z</time>
      </trkpt>
      <trkpt lat="45.221988" lon="5.739237">
        <ele>871.210574</ele>
        <time>2026-04-03T21:11:56.688Z</time>
      </trkpt>
      <trkpt lat="45.22229" lon="5.739647">
        <ele>873.325656</ele>
        <time>2026-04-03T21:12:22.697Z</time>
      </trkpt>
      <trkpt lat="45.222885" lon="5.740011">
        <ele>876.593053</ele>
        <time>2026-04-03T21:13:03.978Z</time>
      </trkpt>
      <trkpt lat="45.223395" lon="5.740223">
        <ele>876.963056</ele>
        <time>2026-04-03T21:13:35.127Z</time>
      </trkpt>
      <trkpt lat="45.223631" lon="5.740407">
        <ele>876.605746</ele>
        <time>2026-04-03T21:13:48.768Z</time>
      </trkpt>
      <trkpt lat="45.223921" lon="5.740704">
        <ele>876.131211</ele>
        <time>2026-04-03T21:14:05.628Z</time>
      </trkpt>
      <trkpt lat="45.224799" lon="5.741923">
        <ele>872.283834</ele>
        <time>2026-04-03T21:14:49.535Z</time>
      </trkpt>
      <trkpt lat="45.225108" lon="5.742167">
        <ele>869.952357</ele>
        <time>2026-04-03T21:15:01.770Z</time>
      </trkpt>
      <trkpt lat="45.226103" lon="5.742635">
        <ele>862.964301</ele>
        <time>2026-04-03T21:15:39.770Z</time>
      </trkpt>
      <trkpt lat="45.226794" lon="5.742812">
        <ele>856.203712</ele>
        <time>2026-04-03T21:16:03.526Z</time>
      </trkpt>
      <trkpt lat="45.227069" lon="5.743157">
        <ele>852.642059</ele>
        <time>2026-04-03T21:16:15.604Z</time>
      </trkpt>
      <trkpt lat="45.227596" lon="5.743548">
        <ele>846.915973</ele>
        <time>2026-04-03T21:16:34.916Z</time>
      </trkpt>
      <trkpt lat="45.228339" lon="5.744045">
        <ele>839.098424</ele>
        <time>2026-04-03T21:17:02.314Z</time>
      </trkpt>
      <trkpt lat="45.228505" lon="5.744103">
        <ele>837.474606</ele>
        <time>2026-04-03T21:17:08.216Z</time>
      </trkpt>
      <trkpt lat="45.229257" lon="5.744753">
        <ele>829.110393</ele>
        <time>2026-04-03T21:17:38.007Z</time>
      </trkpt>
      <trkpt lat="45.230605" lon="5.746353">
        <ele>805.767392</ele>
        <time>2026-04-03T21:18:34.542Z</time>
      </trkpt>
      <trkpt lat="45.231226" lon="5.747238">
        <ele>794.230758</ele>
        <time>2026-04-03T21:19:02.747Z</time>
      </trkpt>
      <trkpt lat="45.231901" lon="5.748437">
        <ele>780.700947</ele>
        <time>2026-04-03T21:19:37.629Z</time>
      </trkpt>
      <trkpt lat="45.232148" lon="5.748604">
        <ele>778.910707</ele>
        <time>2026-04-03T21:19:46.826Z</time>
      </trkpt>
      <trkpt lat="45.232242" lon="5.748902">
        <ele>777.418831</ele>
        <time>2026-04-03T21:19:54.629Z</time>
      </trkpt>
      <trkpt lat="45.232757" lon="5.749546">
        <ele>772.958898</ele>
        <time>2026-04-03T21:20:18.832Z</time>
      </trkpt>
      <trkpt lat="45.233259" lon="5.750548">
        <ele>770.95371</ele>
        <time>2026-04-03T21:20:52.945Z</time>
      </trkpt>
      <trkpt lat="45.233261" lon="5.750754">
        <ele>771.487877</ele>
        <time>2026-04-03T21:20:59.368Z</time>
      </trkpt>
      <trkpt lat="45.233184" lon="5.751138">
        <ele>772.523087</ele>
        <time>2026-04-03T21:21:12.110Z</time>
      </trkpt>
      <trkpt lat="45.233578" lon="5.751073">
        <ele>773.983499</ele>
        <time>2026-04-03T21:21:30.918Z</time>
      </trkpt>
      <trkpt lat="45.233845" lon="5.751092">
        <ele>774.96777</ele>
        <time>2026-04-03T21:21:44.892Z</time>
      </trkpt>
      <trkpt lat="45.233921" lon="5.750887">
        <ele>775.568555</ele>
        <time>2026-04-03T21:21:53.991Z</time>
      </trkpt>
      <trkpt lat="45.234176" lon="5.750916">
        <ele>776.962829</ele>
        <time>2026-04-03T21:22:09.781Z</time>
      </trkpt>
      <trkpt lat="45.234593" lon="5.750845">
        <ele>781.399098</ele>
        <time>2026-04-03T21:22:39.166Z</time>
      </trkpt>
      <trkpt lat="45.23472" lon="5.750964">
        <ele>783.06175</ele>
        <time>2026-04-03T21:22:49.545Z</time>
      </trkpt>
      <trkpt lat="45.23508" lon="5.750853">
        <ele>786.944747</ele>
        <time>2026-04-03T21:23:12.956Z</time>
      </trkpt>
      <trkpt lat="45.235386" lon="5.750847">
        <ele>790.170447</ele>
        <time>2026-04-03T21:23:33.272Z</time>
      </trkpt>
      <trkpt lat="45.235821" lon="5.751253">
        <ele>795.812752</ele>
        <time>2026-04-03T21:24:27.325Z</time>
      </trkpt>
      <trkpt lat="45.235851" lon="5.751334">
        <ele>796.800551</ele>
        <time>2026-04-03T21:24:34.627Z</time>
      </trkpt>
      <trkpt lat="45.235533" lon="5.751374">
        <ele>801.288809</ele>
        <time>2026-04-03T21:25:07.360Z</time>
      </trkpt>
      <trkpt lat="45.235321" lon="5.751504">
        <ele>804.535323</ele>
        <time>2026-04-03T21:25:29.834Z</time>
      </trkpt>
      <trkpt lat="45.234432" lon="5.752408">
        <ele>819.916636</ele>
        <time>2026-04-03T21:27:32.943Z</time>
      </trkpt>
      <trkpt lat="45.234397" lon="5.752601">
        <ele>822.087509</ele>
        <time>2026-04-03T21:27:49.884Z</time>
      </trkpt>
      <trkpt lat="45.234219" lon="5.752815">
        <ele>825.837477</ele>
        <time>2026-04-03T21:28:16.880Z</time>
      </trkpt>
      <trkpt lat="45.234125" lon="5.75305">
        <ele>828.89761</ele>
        <time>2026-04-03T21:28:38.947Z</time>
      </trkpt>
      <trkpt lat="45.234168" lon="5.753151">
        <ele>830.233958</ele>
        <time>2026-04-03T21:28:48.202Z</time>
      </trkpt>
      <trkpt lat="45.234127" lon="5.753346">
        <ele>832.620852</ele>
        <time>2026-04-03T21:29:05.606Z</time>
      </trkpt>
      <trkpt lat="45.233747" lon="5.753507">
        <ele>838.996892</ele>
        <time>2026-04-03T21:29:52.878Z</time>
      </trkpt>
      <trkpt lat="45.233311" lon="5.753853">
        <ele>847.040196</ele>
        <time>2026-04-03T21:30:49.135Z</time>
      </trkpt>
      <trkpt lat="45.233105" lon="5.754095">
        <ele>852.154268</ele>
        <time>2026-04-03T21:31:17.228Z</time>
      </trkpt>
      <trkpt lat="45.23265" lon="5.754902">
        <ele>868.925666</ele>
        <time>2026-04-03T21:32:49.142Z</time>
      </trkpt>
      <trkpt lat="45.233205" lon="5.754694">
        <ele>882.153902</ele>
        <time>2026-04-03T21:34:25.317Z</time>
      </trkpt>
      <trkpt lat="45.233673" lon="5.754614">
        <ele>893.071054</ele>
        <time>2026-04-03T21:36:02.445Z</time>
      </trkpt>
      <trkpt lat="45.234257" lon="5.754675">
        <ele>907.086089</ele>
        <time>2026-04-03T21:38:09.640Z</time>
      </trkpt>
      <trkpt lat="45.234529" lon="5.75478">
        <ele>913.832307</ele>
        <time>2026-04-03T21:38:59.603Z</time>
      </trkpt>
      <trkpt lat="45.23465" lon="5.754732">
        <ele>916.839159</ele>
        <time>2026-04-03T21:39:19.632Z</time>
      </trkpt>
      <trkpt lat="45.234893" lon="5.754812">
        <ele>922.809296</ele>
        <time>2026-04-03T21:39:55.029Z</time>
      </trkpt>
      <trkpt lat="45.234673" lon="5.754907">
        <ele>928.31277</ele>
        <time>2026-04-03T21:40:22.244Z</time>
      </trkpt>
      <trkpt lat="45.234621" lon="5.755014">
        <ele>930.503927</ele>
        <time>2026-04-03T21:40:32.017Z</time>
      </trkpt>
      <trkpt lat="45.234526" lon="5.754995">
        <ele>932.800067</ele>
        <time>2026-04-03T21:40:41.596Z</time>
      </trkpt>
      <trkpt lat="45.233961" lon="5.755316">
        <ele>943.974104</ele>
        <time>2026-04-03T21:41:35.314Z</time>
      </trkpt>
      <trkpt lat="45.233588" lon="5.755681">
        <ele>952.102012</ele>
        <time>2026-04-03T21:42:17.570Z</time>
      </trkpt>
      <trkpt lat="45.233349" lon="5.756008">
        <ele>958.157457</ele>
        <time>2026-04-03T21:43:00.983Z</time>
      </trkpt>
      <trkpt lat="45.233682" lon="5.755826">
        <ele>964.600281</ele>
        <time>2026-04-03T21:44:03.888Z</time>
      </trkpt>
      <trkpt lat="45.233958" lon="5.755776">
        <ele>971.460547</ele>
        <time>2026-04-03T21:45:05.748Z</time>
      </trkpt>
      <trkpt lat="45.234997" lon="5.755903">
        <ele>1000.235701</ele>
        <time>2026-04-03T21:49:07.836Z</time>
      </trkpt>
      <trkpt lat="45.23515" lon="5.756042">
        <ele>1005.21068</ele>
        <time>2026-04-03T21:49:37.477Z</time>
      </trkpt>
      <trkpt lat="45.23539" lon="5.75609">
        <ele>1011.849257</ele>
        <time>2026-04-03T21:50:09.062Z</time>
      </trkpt>
      <trkpt lat="45.235133" lon="5.756189">
        <ele>1016.389312</ele>
        <time>2026-04-03T21:50:36.442Z</time>
      </trkpt>
      <trkpt lat="45.235031" lon="5.756161">
        <ele>1017.190193</ele>
        <time>2026-04-03T21:50:45.310Z</time>
      </trkpt>
      <trkpt lat="45.234794" lon="5.756263">
        <ele>1019.099308</ele>
        <time>2026-04-03T21:51:02.873Z</time>
      </trkpt>
      <trkpt lat="45.234635" lon="5.756265">
        <ele>1020.325097</ele>
        <time>2026-04-03T21:51:13.047Z</time>
      </trkpt>
      <trkpt lat="45.234183" lon="5.756574">
        <ele>1024.221305</ele>
        <time>2026-04-03T21:51:43.077Z</time>
      </trkpt>
      <trkpt lat="45.233946" lon="5.757238">
        <ele>1028.323555</ele>
        <time>2026-04-03T21:52:21.269Z</time>
      </trkpt>
      <trkpt lat="45.233946" lon="5.757334">
        <ele>1028.844722</ele>
        <time>2026-04-03T21:52:27.889Z</time>
      </trkpt>
      <trkpt lat="45.234364" lon="5.756892">
        <ele>1037.666555</ele>
        <time>2026-04-03T21:53:26.347Z</time>
      </trkpt>
      <trkpt lat="45.233994" lon="5.758134">
        <ele>1054.564091</ele>
        <time>2026-04-03T21:55:24.104Z</time>
      </trkpt>
      <trkpt lat="45.233883" lon="5.758291">
        <ele>1057.346083</ele>
        <time>2026-04-03T21:55:50.139Z</time>
      </trkpt>
      <trkpt lat="45.233569" lon="5.758475">
        <ele>1065.022146</ele>
        <time>2026-04-03T21:56:49.044Z</time>
      </trkpt>
      <trkpt lat="45.233448" lon="5.758732">
        <ele>1071.616613</ele>
        <time>2026-04-03T21:57:26.824Z</time>
      </trkpt>
      <trkpt lat="45.233615" lon="5.759108">
        <ele>1081.271027</ele>
        <time>2026-04-03T21:58:21.549Z</time>
      </trkpt>
      <trkpt lat="45.233725" lon="5.759431">
        <ele>1088.843907</ele>
        <time>2026-04-03T21:59:05.837Z</time>
      </trkpt>
      <trkpt lat="45.233798" lon="5.758974">
        <ele>1098.791676</ele>
        <time>2026-04-03T22:00:15.938Z</time>
      </trkpt>
      <trkpt lat="45.233926" lon="5.758892">
        <ele>1103.000449</ele>
        <time>2026-04-03T22:00:52.150Z</time>
      </trkpt>
      <trkpt lat="45.23423" lon="5.758875">
        <ele>1112.210262</ele>
        <time>2026-04-03T22:02:10.997Z</time>
      </trkpt>
      <trkpt lat="45.235297" lon="5.758194">
        <ele>1145.365706</ele>
        <time>2026-04-03T22:05:59.318Z</time>
      </trkpt>
      <trkpt lat="45.236065" lon="5.75789">
        <ele>1167.31467</ele>
        <time>2026-04-03T22:08:12.156Z</time>
      </trkpt>
      <trkpt lat="45.23581" lon="5.758258">
        <ele>1175.126518</ele>
        <time>2026-04-03T22:09:02.176Z</time>
      </trkpt>
      <trkpt lat="45.235504" lon="5.758917">
        <ele>1187.101672</ele>
        <time>2026-04-03T22:10:14.491Z</time>
      </trkpt>
      <trkpt lat="45.235323" lon="5.759501">
        <ele>1196.821249</ele>
        <time>2026-04-03T22:11:22.014Z</time>
      </trkpt>
      <trkpt lat="45.235022" lon="5.760185">
        <ele>1209.706841</ele>
        <time>2026-04-03T22:12:48.997Z</time>
      </trkpt>
      <trkpt lat="45.235878" lon="5.759623">
        <ele>1232.781017</ele>
        <time>2026-04-03T22:15:25.748Z</time>
      </trkpt>
      <trkpt lat="45.236127" lon="5.759491">
        <ele>1239.284059</ele>
        <time>2026-04-03T22:16:10.400Z</time>
      </trkpt>
      <trkpt lat="45.236314" lon="5.759477">
        <ele>1244.111783</ele>
        <time>2026-04-03T22:16:42.147Z</time>
      </trkpt>
      <trkpt lat="45.235995" lon="5.759905">
        <ele>1253.759801</ele>
        <time>2026-04-03T22:17:54.733Z</time>
      </trkpt>
      <trkpt lat="45.235819" lon="5.760275">
        <ele>1260.182066</ele>
        <time>2026-04-03T22:18:45.299Z</time>
      </trkpt>
      <trkpt lat="45.235673" lon="5.760445">
        <ele>1264.019715</ele>
        <time>2026-04-03T22:19:11.815Z</time>
      </trkpt>
      <trkpt lat="45.235517" lon="5.760736">
        <ele>1269.254546</ele>
        <time>2026-04-03T22:19:48.223Z</time>
      </trkpt>
      <trkpt lat="45.235896" lon="5.760606">
        <ele>1277.231668</ele>
        <time>2026-04-03T22:20:49.333Z</time>
      </trkpt>
      <trkpt lat="45.235478" lon="5.761084">
        <ele>1286.198649</ele>
        <time>2026-04-03T22:21:42.890Z</time>
      </trkpt>
      <trkpt lat="45.235814" lon="5.760972">
        <ele>1289.116719</ele>
        <time>2026-04-03T22:22:19.452Z</time>
      </trkpt>
      <trkpt lat="45.235739" lon="5.761101">
        <ele>1290.1019</ele>
        <time>2026-04-03T22:22:32.518Z</time>
      </trkpt>
      <trkpt lat="45.235399" lon="5.761387">
        <ele>1293.406775</ele>
        <time>2026-04-03T22:23:12.453Z</time>
      </trkpt>
      <trkpt lat="45.235578" lon="5.761365">
        <ele>1295.016545</ele>
        <time>2026-04-03T22:23:29.200Z</time>
      </trkpt>
      <trkpt lat="45.235476" lon="5.761548">
        <ele>1296.429755</ele>
        <time>2026-04-03T22:23:42.298Z</time>
      </trkpt>
      <trkpt lat="45.23567" lon="5.761775">
        <ele>1298.673031</ele>
        <time>2026-04-03T22:23:58.641Z</time>
      </trkpt>
      <trkpt lat="45.235776" lon="5.76182">
        <ele>1299.598286</ele>
        <time>2026-04-03T22:24:04.341Z</time>
      </trkpt>
      <trkpt lat="45.23584" lon="5.762023">
        <ele>1296.192774</ele>
        <time>2026-04-03T22:24:12.818Z</time>
      </trkpt>
      <trkpt lat="45.235769" lon="5.762173">
        <ele>1292.436933</ele>
        <time>2026-04-03T22:24:19.764Z</time>
      </trkpt>
      <trkpt lat="45.235718" lon="5.762495">
        <ele>1285.734723</ele>
        <time>2026-04-03T22:24:31.665Z</time>
      </trkpt>
      <trkpt lat="45.235595" lon="5.762718">
        <ele>1279.898241</ele>
        <time>2026-04-03T22:24:40.586Z</time>
      </trkpt>
      <trkpt lat="45.235639" lon="5.76299">
        <ele>1274.230858</ele>
        <time>2026-04-03T22:24:50.463Z</time>
      </trkpt>
      <trkpt lat="45.235424" lon="5.763433">
        <ele>1263.235748</ele>
        <time>2026-04-03T22:25:13.882Z</time>
      </trkpt>
      <trkpt lat="45.235417" lon="5.76381">
        <ele>1255.38865</ele>
        <time>2026-04-03T22:25:32.717Z</time>
      </trkpt>
      <trkpt lat="45.235225" lon="5.763906">
        <ele>1249.452101</ele>
        <time>2026-04-03T22:25:47.282Z</time>
      </trkpt>
      <trkpt lat="45.235144" lon="5.764032">
        <ele>1246.422542</ele>
        <time>2026-04-03T22:25:55.699Z</time>
      </trkpt>
      <trkpt lat="45.235065" lon="5.763967">
        <ele>1244.354383</ele>
        <time>2026-04-03T22:26:01.973Z</time>
      </trkpt>
      <trkpt lat="45.234977" lon="5.764023">
        <ele>1242.170033</ele>
        <time>2026-04-03T22:26:08.341Z</time>
      </trkpt>
      <trkpt lat="45.235071" lon="5.764421">
        <ele>1235.473848</ele>
        <time>2026-04-03T22:26:21.980Z</time>
      </trkpt>
      <trkpt lat="45.235036" lon="5.764748">
        <ele>1230.197856</ele>
        <time>2026-04-03T22:26:33.444Z</time>
      </trkpt>
      <trkpt lat="45.235063" lon="5.764944">
        <ele>1227.012136</ele>
        <time>2026-04-03T22:26:39.095Z</time>
      </trkpt>
      <trkpt lat="45.235343" lon="5.766173">
        <ele>1207.34252</ele>
        <time>2026-04-03T22:27:20.068Z</time>
      </trkpt>
      <trkpt lat="45.235481" lon="5.766167">
        <ele>1207.593267</ele>
        <time>2026-04-03T22:27:29.407Z</time>
      </trkpt>
      <trkpt lat="45.236023" lon="5.767743">
        <ele>1209.838007</ele>
        <time>2026-04-03T22:28:58.139Z</time>
      </trkpt>
      <trkpt lat="45.236265" lon="5.768879">
        <ele>1211.007217</ele>
        <time>2026-04-03T22:29:40.809Z</time>
      </trkpt>
      <trkpt lat="45.236385" lon="5.769325">
        <ele>1211.361906</ele>
        <time>2026-04-03T22:29:58.726Z</time>
      </trkpt>
      <trkpt lat="45.236708" lon="5.770307">
        <ele>1212.156196</ele>
        <time>2026-04-03T22:30:47.988Z</time>
      </trkpt>
      <trkpt lat="45.237324" lon="5.771174">
        <ele>1213.526846</ele>
        <time>2026-04-03T22:32:00.454Z</time>
      </trkpt>
      <trkpt lat="45.237489" lon="5.771504">
        <ele>1214.036175</ele>
        <time>2026-04-03T22:32:18.887Z</time>
      </trkpt>
      <trkpt lat="45.237819" lon="5.771824">
        <ele>1214.752528</ele>
        <time>2026-04-03T22:32:41.205Z</time>
      </trkpt>
      <trkpt lat="45.238036" lon="5.772173">
        <ele>1215.338435</ele>
        <time>2026-04-03T22:32:59.259Z</time>
      </trkpt>
      <trkpt lat="45.238467" lon="5.773077">
        <ele>1211.631083</ele>
        <time>2026-04-03T22:33:37.864Z</time>
      </trkpt>
      <trkpt lat="45.238613" lon="5.773233">
        <ele>1210.427805</ele>
        <time>2026-04-03T22:33:46.122Z</time>
      </trkpt>
      <trkpt lat="45.238783" lon="5.773294">
        <ele>1209.288954</ele>
        <time>2026-04-03T22:33:54.061Z</time>
      </trkpt>
      <trkpt lat="45.238799" lon="5.77341">
        <ele>1208.748348</ele>
        <time>2026-04-03T22:33:57.779Z</time>
      </trkpt>
      <trkpt lat="45.238919" lon="5.773643">
        <ele>1207.428116</ele>
        <time>2026-04-03T22:34:07.418Z</time>
      </trkpt>
      <trkpt lat="45.239325" lon="5.774098">
        <ele>1204.043585</ele>
        <time>2026-04-03T22:34:34.074Z</time>
      </trkpt>
      <trkpt lat="45.239427" lon="5.774311">
        <ele>1205.914776</ele>
        <time>2026-04-03T22:34:44.319Z</time>
      </trkpt>
      <trkpt lat="45.239491" lon="5.774585">
        <ele>1208.337986</ele>
        <time>2026-04-03T22:34:55.249Z</time>
      </trkpt>
      <trkpt lat="45.239855" lon="5.775237">
        <ele>1215.337797</ele>
        <time>2026-04-03T22:35:41.248Z</time>
      </trkpt>
      <trkpt lat="45.240223" lon="5.775626">
        <ele>1220.806505</ele>
        <time>2026-04-03T22:36:41.890Z</time>
      </trkpt>
      <trkpt lat="45.240519" lon="5.77579">
        <ele>1224.625672</ele>
        <time>2026-04-03T22:37:33.498Z</time>
      </trkpt>
      <trkpt lat="45.240834" lon="5.776401">
        <ele>1235.649134</ele>
        <time>2026-04-03T22:39:11.708Z</time>
      </trkpt>
      <trkpt lat="45.241434" lon="5.77709">
        <ele>1252.51353</ele>
        <time>2026-04-03T22:41:21.377Z</time>
      </trkpt>
      <trkpt lat="45.242204" lon="5.778243">
        <ele>1269.31705</ele>
        <time>2026-04-03T22:43:18.572Z</time>
      </trkpt>
      <trkpt lat="45.2425" lon="5.778791">
        <ele>1273.314851</ele>
        <time>2026-04-03T22:43:56.783Z</time>
      </trkpt>
      <trkpt lat="45.242794" lon="5.779075">
        <ele>1276.24776</ele>
        <time>2026-04-03T22:44:22.305Z</time>
      </trkpt>
      <trkpt lat="45.242922" lon="5.779297">
        <ele>1277.925428</ele>
        <time>2026-04-03T22:44:35.738Z</time>
      </trkpt>
      <trkpt lat="45.243413" lon="5.77968">
        <ele>1279.724118</ele>
        <time>2026-04-03T22:45:14.541Z</time>
      </trkpt>
      <trkpt lat="45.243466" lon="5.779968">
        <ele>1279.861753</ele>
        <time>2026-04-03T22:45:30.287Z</time>
      </trkpt>
      <trkpt lat="45.243644" lon="5.780203">
        <ele>1280.021343</ele>
        <time>2026-04-03T22:45:46.358Z</time>
      </trkpt>
      <trkpt lat="45.243716" lon="5.780382">
        <ele>1280.116659</ele>
        <time>2026-04-03T22:45:55.161Z</time>
      </trkpt>
      <trkpt lat="45.243902" lon="5.780474">
        <ele>1280.245997</ele>
        <time>2026-04-03T22:46:06.552Z</time>
      </trkpt>
      <trkpt lat="45.24407" lon="5.780484">
        <ele>1280.356415</ele>
        <time>2026-04-03T22:46:15.890Z</time>
      </trkpt>
      <trkpt lat="45.244272" lon="5.780668">
        <ele>1280.514274</ele>
        <time>2026-04-03T22:46:28.695Z</time>
      </trkpt>
      <trkpt lat="45.245118" lon="5.782302">
        <ele>1269.164538</ele>
        <time>2026-04-03T22:47:36.176Z</time>
      </trkpt>
      <trkpt lat="45.245346" lon="5.782671">
        <ele>1265.867346</ele>
        <time>2026-04-03T22:47:51.563Z</time>
      </trkpt>
      <trkpt lat="45.245512" lon="5.782829">
        <ele>1263.961232</ele>
        <time>2026-04-03T22:48:00.506Z</time>
      </trkpt>
      <trkpt lat="45.245795" lon="5.783348">
        <ele>1266.649325</ele>
        <time>2026-04-03T22:48:22.508Z</time>
      </trkpt>
      <trkpt lat="45.245949" lon="5.783566">
        <ele>1268.299518</ele>
        <time>2026-04-03T22:48:35.208Z</time>
      </trkpt>
      <trkpt lat="45.24653" lon="5.78402">
        <ele>1273.338793</ele>
        <time>2026-04-03T22:49:41.749Z</time>
      </trkpt>
      <trkpt lat="45.247038" lon="5.784089">
        <ele>1277.207808</ele>
        <time>2026-04-03T22:50:56.092Z</time>
      </trkpt>
      <trkpt lat="45.247304" lon="5.784023">
        <ele>1278.767641</ele>
        <time>2026-04-03T22:51:34.829Z</time>
      </trkpt>
      <trkpt lat="45.247231" lon="5.783785">
        <ele>1279.823449</ele>
        <time>2026-04-03T22:51:56.740Z</time>
      </trkpt>
      <trkpt lat="45.247529" lon="5.783619">
        <ele>1281.682859</ele>
        <time>2026-04-03T22:52:36.163Z</time>
      </trkpt>
      <trkpt lat="45.247647" lon="5.783824">
        <ele>1282.759763</ele>
        <time>2026-04-03T22:52:50.571Z</time>
      </trkpt>
      <trkpt lat="45.247816" lon="5.783918">
        <ele>1283.808185</ele>
        <time>2026-04-03T22:52:59.661Z</time>
      </trkpt>
      <trkpt lat="45.24852" lon="5.784096">
        <ele>1286.473478</ele>
        <time>2026-04-03T22:53:23.852Z</time>
      </trkpt>
      <trkpt lat="45.249428" lon="5.784476">
        <ele>1271.553913</ele>
        <time>2026-04-03T22:53:53.969Z</time>
      </trkpt>
      <trkpt lat="45.249799" lon="5.784547">
        <ele>1265.649428</ele>
        <time>2026-04-03T22:54:05.953Z</time>
      </trkpt>
      <trkpt lat="45.250276" lon="5.785043">
        <ele>1255.701359</ele>
        <time>2026-04-03T22:54:24.860Z</time>
      </trkpt>
      <trkpt lat="45.250902" lon="5.785329">
        <ele>1243.065835</ele>
        <time>2026-04-03T22:54:48.887Z</time>
      </trkpt>
      <trkpt lat="45.251736" lon="5.785561">
        <ele>1226.761735</ele>
        <time>2026-04-03T22:55:20.709Z</time>
      </trkpt>
      <trkpt lat="45.252006" lon="5.785589">
        <ele>1220.544409</ele>
        <time>2026-04-03T22:55:31.000Z</time>
      </trkpt>
      <trkpt lat="45.252397" lon="5.785512">
        <ele>1210.515435</ele>
        <time>2026-04-03T22:55:46.111Z</time>
      </trkpt>
      <trkpt lat="45.252618" lon="5.78559">
        <ele>1204.729866</ele>
        <time>2026-04-03T22:55:54.903Z</time>
      </trkpt>
      <trkpt lat="45.252661" lon="5.785504">
        <ele>1202.843203</ele>
        <time>2026-04-03T22:55:57.782Z</time>
      </trkpt>
      <trkpt lat="45.252526" lon="5.784882">
        <ele>1191.19582</ele>
        <time>2026-04-03T22:56:15.588Z</time>
      </trkpt>
      <trkpt lat="45.25253" lon="5.784752">
        <ele>1188.868447</ele>
        <time>2026-04-03T22:56:19.137Z</time>
      </trkpt>
      <trkpt lat="45.252786" lon="5.784749">
        <ele>1182.364148</ele>
        <time>2026-04-03T22:56:29.223Z</time>
      </trkpt>
      <trkpt lat="45.252837" lon="5.784682">
        <ele>1180.599226</ele>
        <time>2026-04-03T22:56:31.998Z</time>
      </trkpt>
      <trkpt lat="45.252617" lon="5.783762">
        <ele>1161.919618</ele>
        <time>2026-04-03T22:56:59.420Z</time>
      </trkpt>
      <trkpt lat="45.252614" lon="5.783621">
        <ele>1159.201863</ele>
        <time>2026-04-03T22:57:03.400Z</time>
      </trkpt>
      <trkpt lat="45.25307" lon="5.783367">
        <ele>1145.705483</ele>
        <time>2026-04-03T22:57:22.817Z</time>
      </trkpt>
      <trkpt lat="45.252817" lon="5.782737">
        <ele>1131.731913</ele>
        <time>2026-04-03T22:57:40.047Z</time>
      </trkpt>
      <trkpt lat="45.252642" lon="5.782099">
        <ele>1119.432198</ele>
        <time>2026-04-03T22:57:55.891Z</time>
      </trkpt>
      <trkpt lat="45.252637" lon="5.781911">
        <ele>1116.094404</ele>
        <time>2026-04-03T22:58:00.257Z</time>
      </trkpt>
      <trkpt lat="45.2527" lon="5.781573">
        <ele>1109.89113</ele>
        <time>2026-04-03T22:58:08.443Z</time>
      </trkpt>
      <trkpt lat="45.252809" lon="5.781389">
        <ele>1105.624687</ele>
        <time>2026-04-03T22:58:14.040Z</time>
      </trkpt>
      <trkpt lat="45.253082" lon="5.781238">
        <ele>1098.241445</ele>
        <time>2026-04-03T22:58:23.642Z</time>
      </trkpt>
      <trkpt lat="45.254151" lon="5.780862">
        <ele>1072.219139</ele>
        <time>2026-04-03T22:58:59.058Z</time>
      </trkpt>
      <trkpt lat="45.254327" lon="5.780882">
        <ele>1068.324564</ele>
        <time>2026-04-03T22:59:04.691Z</time>
      </trkpt>
      <trkpt lat="45.25486" lon="5.781268">
        <ele>1055.128079</ele>
        <time>2026-04-03T22:59:23.609Z</time>
      </trkpt>
      <trkpt lat="45.255064" lon="5.781327">
        <ele>1050.535974</ele>
        <time>2026-04-03T22:59:30.287Z</time>
      </trkpt>
      <trkpt lat="45.255215" lon="5.781277">
        <ele>1047.115957</ele>
        <time>2026-04-03T22:59:35.172Z</time>
      </trkpt>
      <trkpt lat="45.255275" lon="5.781175">
        <ele>1045.051972</ele>
        <time>2026-04-03T22:59:38.146Z</time>
      </trkpt>
      <trkpt lat="45.255264" lon="5.781095">
        <ele>1044.075986</ele>
        <time>2026-04-03T22:59:39.981Z</time>
      </trkpt>
      <trkpt lat="45.254909" lon="5.780395">
        <ele>1034.466975</ele>
        <time>2026-04-03T22:59:59.378Z</time>
      </trkpt>
      <trkpt lat="45.25501" lon="5.78026">
        <ele>1032.272784</ele>
        <time>2026-04-03T23:00:04.617Z</time>
      </trkpt>
      <trkpt lat="45.2562" lon="5.78114">
        <ele>1012.420472</ele>
        <time>2026-04-03T23:00:55.307Z</time>
      </trkpt>
      <trkpt lat="45.2569" lon="5.781414">
        <ele>1003.933402</ele>
        <time>2026-04-03T23:01:22.657Z</time>
      </trkpt>
      <trkpt lat="45.257314" lon="5.780972">
        <ele>997.866293</ele>
        <time>2026-04-03T23:01:42.606Z</time>
      </trkpt>
      <trkpt lat="45.257441" lon="5.780608">
        <ele>995.455917</ele>
        <time>2026-04-03T23:01:53.790Z</time>
      </trkpt>
      <trkpt lat="45.257704" lon="5.780141">
        <ele>996.215107</ele>
        <time>2026-04-03T23:02:10.632Z</time>
      </trkpt>
      <trkpt lat="45.257942" lon="5.779415">
        <ele>997.22719</ele>
        <time>2026-04-03T23:02:37.712Z</time>
      </trkpt>
      <trkpt lat="45.258109" lon="5.77925">
        <ele>997.592382</ele>
        <time>2026-04-03T23:02:48.125Z</time>
      </trkpt>
      <trkpt lat="45.25866" lon="5.779086">
        <ele>998.649678</ele>
        <time>2026-04-03T23:03:17.118Z</time>
      </trkpt>
      <trkpt lat="45.258772" lon="5.778977">
        <ele>999.146881</ele>
        <time>2026-04-03T23:03:24.048Z</time>
      </trkpt>
      <trkpt lat="45.258989" lon="5.778614">
        <ele>1000.374606</ele>
        <time>2026-04-03T23:03:40.351Z</time>
      </trkpt>
      <trkpt lat="45.259428" lon="5.778212">
        <ele>1002.287472</ele>
        <time>2026-04-03T23:04:03.892Z</time>
      </trkpt>
      <trkpt lat="45.259849" lon="5.77796">
        <ele>1003.96926</ele>
        <time>2026-04-03T23:04:24.901Z</time>
      </trkpt>
      <trkpt lat="45.259913" lon="5.777745">
        <ele>1004.571033</ele>
        <time>2026-04-03T23:04:32.579Z</time>
      </trkpt>
      <trkpt lat="45.259875" lon="5.777254">
        <ele>1006.009179</ele>
        <time>2026-04-03T23:04:49.621Z</time>
      </trkpt>
      <trkpt lat="45.260078" lon="5.777262">
        <ele>1006.933637</ele>
        <time>2026-04-03T23:05:00.132Z</time>
      </trkpt>
      <trkpt lat="45.260191" lon="5.777354">
        <ele>1007.523073</ele>
        <time>2026-04-03T23:05:06.721Z</time>
      </trkpt>
      <trkpt lat="45.261141" lon="5.777382">
        <ele>1011.827847</ele>
        <time>2026-04-03T23:05:54.909Z</time>
      </trkpt>
      <trkpt lat="45.261281" lon="5.776899">
        <ele>1013.369937</ele>
        <time>2026-04-03T23:06:12.880Z</time>
      </trkpt>
      <trkpt lat="45.262381" lon="5.775469">
        <ele>1016.041224</ele>
        <time>2026-04-03T23:07:19.370Z</time>
      </trkpt>
      <trkpt lat="45.262573" lon="5.774849">
        <ele>1016.23853</ele>
        <time>2026-04-03T23:07:38.761Z</time>
      </trkpt>
      <trkpt lat="45.262367" lon="5.774015">
        <ele>1015.465546</ele>
        <time>2026-04-03T23:08:03.094Z</time>
      </trkpt>
      <trkpt lat="45.261954" lon="5.773047">
        <ele>1014.474767</ele>
        <time>2026-04-03T23:08:33.631Z</time>
      </trkpt>
      <trkpt lat="45.261889" lon="5.772381">
        <ele>1016.356094</ele>
        <time>2026-04-03T23:08:53.204Z</time>
      </trkpt>
      <trkpt lat="45.261921" lon="5.772234">
        <ele>1017.081107</ele>
        <time>2026-04-03T23:08:57.992Z</time>
      </trkpt>
      <trkpt lat="45.263633" lon="5.772897">
        <ele>1031.799103</ele>
        <time>2026-04-03T23:10:49.805Z</time>
      </trkpt>
      <trkpt lat="45.264255" lon="5.77273">
        <ele>1040.526008</ele>
        <time>2026-04-03T23:11:38.522Z</time>
      </trkpt>
      <trkpt lat="45.26448" lon="5.772764">
        <ele>1043.645441</ele>
        <time>2026-04-03T23:11:57.047Z</time>
      </trkpt>
      <trkpt lat="45.26465" lon="5.772551">
        <ele>1046.770271</ele>
        <time>2026-04-03T23:12:15.330Z</time>
      </trkpt>
      <trkpt lat="45.264783" lon="5.772509">
        <ele>1048.648606</ele>
        <time>2026-04-03T23:12:26.597Z</time>
      </trkpt>
      <trkpt lat="45.265654" lon="5.772517">
        <ele>1061.892941</ele>
        <time>2026-04-03T23:13:53.548Z</time>
      </trkpt>
      <trkpt lat="45.26614" lon="5.772267">
        <ele>1069.948991</ele>
        <time>2026-04-03T23:14:40.767Z</time>
      </trkpt>
      <trkpt lat="45.266889" lon="5.772041">
        <ele>1081.458474</ele>
        <time>2026-04-03T23:15:41.786Z</time>
      </trkpt>
      <trkpt lat="45.267233" lon="5.772005">
        <ele>1086.06878</ele>
        <time>2026-04-03T23:16:06.008Z</time>
      </trkpt>
      <trkpt lat="45.267526" lon="5.771876">
        <ele>1090.168671</ele>
        <time>2026-04-03T23:16:24.545Z</time>
      </trkpt>
      <trkpt lat="45.267828" lon="5.771877">
        <ele>1094.205167</ele>
        <time>2026-04-03T23:16:47.075Z</time>
      </trkpt>
      <trkpt lat="45.268493" lon="5.771496">
        <ele>1103.974296</ele>
        <time>2026-04-03T23:17:44.367Z</time>
      </trkpt>
      <trkpt lat="45.268836" lon="5.771475">
        <ele>1109.766042</ele>
        <time>2026-04-03T23:18:13.734Z</time>
      </trkpt>
      <trkpt lat="45.269583" lon="5.771229">
        <ele>1122.774315</ele>
        <time>2026-04-03T23:19:33.159Z</time>
      </trkpt>
      <trkpt lat="45.270417" lon="5.771135">
        <ele>1136.547413</ele>
        <time>2026-04-03T23:20:56.598Z</time>
      </trkpt>
      <trkpt lat="45.27138" lon="5.770809">
        <ele>1151.642079</ele>
        <time>2026-04-03T23:22:34.077Z</time>
      </trkpt>
      <trkpt lat="45.271998" lon="5.770827">
        <ele>1161.183765</ele>
        <time>2026-04-03T23:23:28.931Z</time>
      </trkpt>
      <trkpt lat="45.272239" lon="5.770628">
        <ele>1166.523914</ele>
        <time>2026-04-03T23:23:52.565Z</time>
      </trkpt>
      <trkpt lat="45.272334" lon="5.770467">
        <ele>1169.356671</ele>
        <time>2026-04-03T23:24:06.760Z</time>
      </trkpt>
      <trkpt lat="45.272378" lon="5.770334">
        <ele>1171.338108</ele>
        <time>2026-04-03T23:24:17.822Z</time>
      </trkpt>
      <trkpt lat="45.272396" lon="5.769379">
        <ele>1184.218551</ele>
        <time>2026-04-03T23:25:35.319Z</time>
      </trkpt>
      <trkpt lat="45.272569" lon="5.769271">
        <ele>1187.838721</ele>
        <time>2026-04-03T23:25:56.889Z</time>
      </trkpt>
      <trkpt lat="45.272966" lon="5.769351">
        <ele>1195.756817</ele>
        <time>2026-04-03T23:26:47.582Z</time>
      </trkpt>
      <trkpt lat="45.273393" lon="5.769889">
        <ele>1210.280315</ele>
        <time>2026-04-03T23:28:14.918Z</time>
      </trkpt>
      <trkpt lat="45.273751" lon="5.770167">
        <ele>1220.662927</ele>
        <time>2026-04-03T23:29:19.924Z</time>
      </trkpt>
      <trkpt lat="45.27416" lon="5.770287">
        <ele>1231.29138</ele>
        <time>2026-04-03T23:30:18.427Z</time>
      </trkpt>
      <trkpt lat="45.274695" lon="5.77059">
        <ele>1244.610555</ele>
        <time>2026-04-03T23:31:37.267Z</time>
      </trkpt>
      <trkpt lat="45.275757" lon="5.771395">
        <ele>1266.795161</ele>
        <time>2026-04-03T23:33:56.959Z</time>
      </trkpt>
      <trkpt lat="45.276335" lon="5.772072">
        <ele>1277.15563</ele>
        <time>2026-04-03T23:34:59.577Z</time>
      </trkpt>
      <trkpt lat="45.276489" lon="5.771983">
        <ele>1278.570929</ele>
        <time>2026-04-03T23:35:11.179Z</time>
      </trkpt>
      <trkpt lat="45.276583" lon="5.771663">
        <ele>1280.64825</ele>
        <time>2026-04-03T23:35:26.956Z</time>
      </trkpt>
      <trkpt lat="45.276797" lon="5.771229">
        <ele>1283.822936</ele>
        <time>2026-04-03T23:35:50.189Z</time>
      </trkpt>
      <trkpt lat="45.277269" lon="5.770487">
        <ele>1289.893967</ele>
        <time>2026-04-03T23:36:35.119Z</time>
      </trkpt>
      <trkpt lat="45.277384" lon="5.769982">
        <ele>1293.933778</ele>
        <time>2026-04-03T23:37:02.814Z</time>
      </trkpt>
      <trkpt lat="45.277472" lon="5.769804">
        <ele>1295.57551</ele>
        <time>2026-04-03T23:37:15.415Z</time>
      </trkpt>
      <trkpt lat="45.277671" lon="5.769692">
        <ele>1297.871038</ele>
        <time>2026-04-03T23:37:33.968Z</time>
      </trkpt>
      <trkpt lat="45.278415" lon="5.769665">
        <ele>1305.852943</ele>
        <time>2026-04-03T23:38:41.393Z</time>
      </trkpt>
      <trkpt lat="45.279044" lon="5.769785">
        <ele>1308.825211</ele>
        <time>2026-04-03T23:39:28.556Z</time>
      </trkpt>
      <trkpt lat="45.279636" lon="5.769753">
        <ele>1308.865105</ele>
        <time>2026-04-03T23:40:00.153Z</time>
      </trkpt>
      <trkpt lat="45.280299" lon="5.769363">
        <ele>1308.913424</ele>
        <time>2026-04-03T23:40:30.584Z</time>
      </trkpt>
      <trkpt lat="45.280574" lon="5.769256">
        <ele>1307.671435</ele>
        <time>2026-04-03T23:40:41.885Z</time>
      </trkpt>
      <trkpt lat="45.281415" lon="5.769096">
        <ele>1300.878336</ele>
        <time>2026-04-03T23:41:15.324Z</time>
      </trkpt>
      <trkpt lat="45.281799" lon="5.768952">
        <ele>1297.698818</ele>
        <time>2026-04-03T23:41:31.176Z</time>
      </trkpt>
      <trkpt lat="45.282331" lon="5.768966">
        <ele>1294.681502</ele>
        <time>2026-04-03T23:41:52.916Z</time>
      </trkpt>
      <trkpt lat="45.282637" lon="5.768812">
        <ele>1295.063723</ele>
        <time>2026-04-03T23:42:06.818Z</time>
      </trkpt>
      <trkpt lat="45.283014" lon="5.768708">
        <ele>1295.515905</ele>
        <time>2026-04-03T23:42:24.946Z</time>
      </trkpt>
      <trkpt lat="45.283496" lon="5.768696">
        <ele>1296.083521</ele>
        <time>2026-04-03T23:42:51.800Z</time>
      </trkpt>
      <trkpt lat="45.283806" lon="5.768612">
        <ele>1296.456397</ele>
        <time>2026-04-03T23:43:12.164Z</time>
      </trkpt>
      <trkpt lat="45.284711" lon="5.768882">
        <ele>1304.968234</ele>
        <time>2026-04-03T23:44:22.927Z</time>
      </trkpt>
      <trkpt lat="45.284849" lon="5.768807">
        <ele>1306.558893</ele>
        <time>2026-04-03T23:44:35.788Z</time>
      </trkpt>
      <trkpt lat="45.284954" lon="5.76858">
        <ele>1308.616719</ele>
        <time>2026-04-03T23:44:52.212Z</time>
      </trkpt>
      <trkpt lat="45.286092" lon="5.768984">
        <ele>1323.86065</ele>
        <time>2026-04-03T23:46:30.392Z</time>
      </trkpt>
      <trkpt lat="45.286348" lon="5.769159">
        <ele>1328.440733</ele>
        <time>2026-04-03T23:46:57.156Z</time>
      </trkpt>
      <trkpt lat="45.286222" lon="5.7692">
        <ele>1330.524802</ele>
        <time>2026-04-03T23:47:09.651Z</time>
      </trkpt>
      <trkpt lat="45.286622" lon="5.77066">
        <ele>1348.348006</ele>
        <time>2026-04-03T23:49:09.930Z</time>
      </trkpt>
      <trkpt lat="45.286795" lon="5.771465">
        <ele>1358.022615</ele>
        <time>2026-04-03T23:50:29.453Z</time>
      </trkpt>
      <trkpt lat="45.286871" lon="5.772677">
        <ele>1372.008404</ele>
        <time>2026-04-03T23:51:55.965Z</time>
      </trkpt>
      <trkpt lat="45.286842" lon="5.773048">
        <ele>1373.320757</ele>
        <time>2026-04-03T23:52:12.747Z</time>
      </trkpt>
      <trkpt lat="45.287071" lon="5.773095">
        <ele>1371.208492</ele>
        <time>2026-04-03T23:52:24.470Z</time>
      </trkpt>
      <trkpt lat="45.287434" lon="5.772485">
        <ele>1366.077005</ele>
        <time>2026-04-03T23:52:47.461Z</time>
      </trkpt>
      <trkpt lat="45.287662" lon="5.77232">
        <ele>1363.741293</ele>
        <time>2026-04-03T23:52:57.107Z</time>
      </trkpt>
      <trkpt lat="45.287795" lon="5.772153">
        <ele>1362.121193</ele>
        <time>2026-04-03T23:53:03.704Z</time>
      </trkpt>
      <trkpt lat="45.287918" lon="5.771844">
        <ele>1359.840912</ele>
        <time>2026-04-03T23:53:12.989Z</time>
      </trkpt>
      <trkpt lat="45.288048" lon="5.771355">
        <ele>1355.732145</ele>
        <time>2026-04-03T23:53:26.723Z</time>
      </trkpt>
      <trkpt lat="45.288119" lon="5.770379">
        <ele>1346.235635</ele>
        <time>2026-04-03T23:53:52.675Z</time>
      </trkpt>
      <trkpt lat="45.288287" lon="5.769871">
        <ele>1340.79255</ele>
        <time>2026-04-03T23:54:07.642Z</time>
      </trkpt>
      <trkpt lat="45.288586" lon="5.769264">
        <ele>1333.62531</ele>
        <time>2026-04-03T23:54:28.283Z</time>
      </trkpt>
      <trkpt lat="45.288664" lon="5.768942">
        <ele>1332.078581</ele>
        <time>2026-04-03T23:54:38.150Z</time>
      </trkpt>
      <trkpt lat="45.28866" lon="5.768368">
        <ele>1329.861756</ele>
        <time>2026-04-03T23:54:52.618Z</time>
      </trkpt>
      <trkpt lat="45.288727" lon="5.768226">
        <ele>1329.201462</ele>
        <time>2026-04-03T23:54:56.982Z</time>
      </trkpt>
      <trkpt lat="45.289502" lon="5.767461">
        <ele>1324.021692</ele>
        <time>2026-04-03T23:55:31.920Z</time>
      </trkpt>
      <trkpt lat="45.289887" lon="5.766994">
        <ele>1322.582963</ele>
        <time>2026-04-03T23:55:50.985Z</time>
      </trkpt>
      <trkpt lat="45.290113" lon="5.766992">
        <ele>1322.134988</ele>
        <time>2026-04-03T23:55:59.512Z</time>
      </trkpt>
      <trkpt lat="45.290168" lon="5.766865">
        <ele>1321.927024</ele>
        <time>2026-04-03T23:56:03.536Z</time>
      </trkpt>
      <trkpt lat="45.290273" lon="5.766783">
        <ele>1321.689554</ele>
        <time>2026-04-03T23:56:08.188Z</time>
      </trkpt>
      <trkpt lat="45.290935" lon="5.766579">
        <ele>1320.346886</ele>
        <time>2026-04-03T23:56:34.921Z</time>
      </trkpt>
      <trkpt lat="45.291863" lon="5.766385">
        <ele>1320.970725</ele>
        <time>2026-04-03T23:57:15.533Z</time>
      </trkpt>
      <trkpt lat="45.292885" lon="5.766357">
        <ele>1322.775343</ele>
        <time>2026-04-03T23:58:01.007Z</time>
      </trkpt>
      <trkpt lat="45.293493" lon="5.766166">
        <ele>1323.996129</ele>
        <time>2026-04-03T23:58:29.558Z</time>
      </trkpt>
      <trkpt lat="45.293482" lon="5.766011">
        <ele>1324.22446</ele>
        <time>2026-04-03T23:58:35.834Z</time>
      </trkpt>
      <trkpt lat="45.293866" lon="5.765587">
        <ele>1325.198897</ele>
        <time>2026-04-03T23:59:02.726Z</time>
      </trkpt>
      <trkpt lat="45.294036" lon="5.76529">
        <ele>1325.738698</ele>
        <time>2026-04-03T23:59:16.783Z</time>
      </trkpt>
      <trkpt lat="45.294314" lon="5.764974">
        <ele>1326.452038</ele>
        <time>2026-04-03T23:59:34.566Z</time>
      </trkpt>
      <trkpt lat="45.294515" lon="5.765179">
        <ele>1326.519483</ele>
        <time>2026-04-03T23:59:44.760Z</time>
      </trkpt>
      <trkpt lat="45.294667" lon="5.764823">
        <ele>1326.425203</ele>
        <time>2026-04-03T23:59:56.317Z</time>
      </trkpt>
      <trkpt lat="45.29467" lon="5.764577">
        <ele>1326.369515</ele>
        <time>2026-04-04T00:00:02.993Z</time>
      </trkpt>
      <trkpt lat="45.294347" lon="5.76372">
        <ele>1326.148866</ele>
        <time>2026-04-04T00:00:29.523Z</time>
      </trkpt>
      <trkpt lat="45.294337" lon="5.763485">
        <ele>1326.095579</ele>
        <time>2026-04-04T00:00:36.181Z</time>
      </trkpt>
      <trkpt lat="45.294371" lon="5.76337">
        <ele>1326.067345</ele>
        <time>2026-04-04T00:00:39.796Z</time>
      </trkpt>
      <trkpt lat="45.294298" lon="5.763179">
        <ele>1326.018146</ele>
        <time>2026-04-04T00:00:46.452Z</time>
      </trkpt>
      <trkpt lat="45.294312" lon="5.762723">
        <ele>1328.424085</ele>
        <time>2026-04-04T00:01:04.596Z</time>
      </trkpt>
      <trkpt lat="45.294552" lon="5.762211">
        <ele>1332.336131</ele>
        <time>2026-04-04T00:01:33.165Z</time>
      </trkpt>
      <trkpt lat="45.294595" lon="5.762032">
        <ele>1333.538815</ele>
        <time>2026-04-04T00:01:43.588Z</time>
      </trkpt>
      <trkpt lat="45.294707" lon="5.761067">
        <ele>1339.762526</ele>
        <time>2026-04-04T00:02:43.949Z</time>
      </trkpt>
      <trkpt lat="45.295099" lon="5.759427">
        <ele>1350.053972</ele>
        <time>2026-04-04T00:04:21.101Z</time>
      </trkpt>
      <trkpt lat="45.295207" lon="5.759128">
        <ele>1352.009391</ele>
        <time>2026-04-04T00:04:36.727Z</time>
      </trkpt>
      <trkpt lat="45.295601" lon="5.758844">
        <ele>1355.662822</ele>
        <time>2026-04-04T00:05:03.679Z</time>
      </trkpt>
      <trkpt lat="45.295717" lon="5.758671">
        <ele>1357.053259</ele>
        <time>2026-04-04T00:05:13.396Z</time>
      </trkpt>
      <trkpt lat="45.295835" lon="5.758212">
        <ele>1359.698317</ele>
        <time>2026-04-04T00:05:32.528Z</time>
      </trkpt>
      <trkpt lat="45.295804" lon="5.758028">
        <ele>1360.714852</ele>
        <time>2026-04-04T00:05:39.899Z</time>
      </trkpt>
      <trkpt lat="45.295317" lon="5.756946">
        <ele>1367.616259</ele>
        <time>2026-04-04T00:06:39.028Z</time>
      </trkpt>
      <trkpt lat="45.295105" lon="5.756358">
        <ele>1371.386214</ele>
        <time>2026-04-04T00:07:17.707Z</time>
      </trkpt>
      <trkpt lat="45.294488" lon="5.755441">
        <ele>1383.295045</ele>
        <time>2026-04-04T00:08:37.607Z</time>
      </trkpt>
      <trkpt lat="45.292509" lon="5.753548">
        <ele>1418.299913</ele>
        <time>2026-04-04T00:12:19.287Z</time>
      </trkpt>
      <trkpt lat="45.291778" lon="5.753444">
        <ele>1429.412108</ele>
        <time>2026-04-04T00:13:38.468Z</time>
      </trkpt>
      <trkpt lat="45.29159" lon="5.75335">
        <ele>1432.38297</ele>
        <time>2026-04-04T00:13:58.499Z</time>
      </trkpt>
      <trkpt lat="45.291478" lon="5.753169">
        <ele>1434.977428</ele>
        <time>2026-04-04T00:14:15.397Z</time>
      </trkpt>
      <trkpt lat="45.291454" lon="5.752627">
        <ele>1440.672727</ele>
        <time>2026-04-04T00:14:50.877Z</time>
      </trkpt>
      <trkpt lat="45.291412" lon="5.752549">
        <ele>1441.702837</ele>
        <time>2026-04-04T00:14:57.349Z</time>
      </trkpt>
      <trkpt lat="45.291302" lon="5.752538">
        <ele>1443.346674</ele>
        <time>2026-04-04T00:15:07.104Z</time>
      </trkpt>
      <trkpt lat="45.291233" lon="5.752647">
        <ele>1444.884431</ele>
        <time>2026-04-04T00:15:16.175Z</time>
      </trkpt>
      <trkpt lat="45.29117" lon="5.752862">
        <ele>1447.326953</ele>
        <time>2026-04-04T00:15:30.405Z</time>
      </trkpt>
      <trkpt lat="45.291142" lon="5.753292">
        <ele>1450.821231</ele>
        <time>2026-04-04T00:15:55.872Z</time>
      </trkpt>
      <trkpt lat="45.291231" lon="5.754163">
        <ele>1456.135637</ele>
        <time>2026-04-04T00:16:41.660Z</time>
      </trkpt>
      <trkpt lat="45.291322" lon="5.754653">
        <ele>1459.195678</ele>
        <time>2026-04-04T00:17:05.711Z</time>
      </trkpt>
      <trkpt lat="45.291566" lon="5.75525">
        <ele>1463.364622</ele>
        <time>2026-04-04T00:17:37.741Z</time>
      </trkpt>
      <trkpt lat="45.291577" lon="5.755532">
        <ele>1465.055007</ele>
        <time>2026-04-04T00:17:50.222Z</time>
      </trkpt>
      <trkpt lat="45.291537" lon="5.755556">
        <ele>1465.401712</ele>
        <time>2026-04-04T00:17:52.863Z</time>
      </trkpt>
      <trkpt lat="45.291151" lon="5.755298">
        <ele>1468.807829</ele>
        <time>2026-04-04T00:18:19.073Z</time>
      </trkpt>
      <trkpt lat="45.290383" lon="5.754582">
        <ele>1476.14201</ele>
        <time>2026-04-04T00:19:20.157Z</time>
      </trkpt>
      <trkpt lat="45.289644" lon="5.753624">
        <ele>1484.42119</ele>
        <time>2026-04-04T00:20:42.601Z</time>
      </trkpt>
      <trkpt lat="45.289547" lon="5.753421">
        <ele>1485.881874</ele>
        <time>2026-04-04T00:20:55.959Z</time>
      </trkpt>
      <trkpt lat="45.289463" lon="5.753368">
        <ele>1486.659451</ele>
        <time>2026-04-04T00:21:02.930Z</time>
      </trkpt>
      <trkpt lat="45.289216" lon="5.752927">
        <ele>1490.021101</ele>
        <time>2026-04-04T00:21:30.545Z</time>
      </trkpt>
      <trkpt lat="45.289113" lon="5.752451">
        <ele>1493.012835</ele>
        <time>2026-04-04T00:21:52.635Z</time>
      </trkpt>
      <trkpt lat="45.289157" lon="5.751989">
        <ele>1495.603252</ele>
        <time>2026-04-04T00:22:11.744Z</time>
      </trkpt>
      <trkpt lat="45.289529" lon="5.75087">
        <ele>1501.964063</ele>
        <time>2026-04-04T00:23:03.855Z</time>
      </trkpt>
      <trkpt lat="45.28985" lon="5.750125">
        <ele>1506.453978</ele>
        <time>2026-04-04T00:23:47.648Z</time>
      </trkpt>
      <trkpt lat="45.290147" lon="5.749645">
        <ele>1510.756037</ele>
        <time>2026-04-04T00:24:25.347Z</time>
      </trkpt>
      <trkpt lat="45.290242" lon="5.749401">
        <ele>1512.825509</ele>
        <time>2026-04-04T00:24:42.691Z</time>
      </trkpt>
      <trkpt lat="45.290355" lon="5.749231">
        <ele>1514.56108</ele>
        <time>2026-04-04T00:24:57.419Z</time>
      </trkpt>
      <trkpt lat="45.290929" lon="5.748998">
        <ele>1520.857777</ele>
        <time>2026-04-04T00:25:49.362Z</time>
      </trkpt>
      <trkpt lat="45.291193" lon="5.748266">
        <ele>1526.849367</ele>
        <time>2026-04-04T00:26:29.140Z</time>
      </trkpt>
      <trkpt lat="45.291142" lon="5.747866">
        <ele>1528.836005</ele>
        <time>2026-04-04T00:26:47.000Z</time>
      </trkpt>
      <trkpt lat="45.291016" lon="5.747625">
        <ele>1530.303396</ele>
        <time>2026-04-04T00:27:00.160Z</time>
      </trkpt>
      <trkpt lat="45.29094" lon="5.747287">
        <ele>1532.037521</ele>
        <time>2026-04-04T00:27:16.574Z</time>
      </trkpt>
      <trkpt lat="45.290737" lon="5.746876">
        <ele>1534.491679</ele>
        <time>2026-04-04T00:27:39.264Z</time>
      </trkpt>
      <trkpt lat="45.290535" lon="5.746119">
        <ele>1538.45684</ele>
        <time>2026-04-04T00:28:14.994Z</time>
      </trkpt>
      <trkpt lat="45.290466" lon="5.745465">
        <ele>1542.609443</ele>
        <time>2026-04-04T00:28:51.812Z</time>
      </trkpt>
      <trkpt lat="45.290245" lon="5.744653">
        <ele>1548.318692</ele>
        <time>2026-04-04T00:29:44.162Z</time>
      </trkpt>
      <trkpt lat="45.290077" lon="5.744279">
        <ele>1551.239675</ele>
        <time>2026-04-04T00:30:10.232Z</time>
      </trkpt>
      <trkpt lat="45.290062" lon="5.744059">
        <ele>1552.689087</ele>
        <time>2026-04-04T00:30:23.623Z</time>
      </trkpt>
      <trkpt lat="45.289894" lon="5.743356">
        <ele>1558.919299</ele>
        <time>2026-04-04T00:31:14.693Z</time>
      </trkpt>
      <trkpt lat="45.289662" lon="5.743028">
        <ele>1564.241078</ele>
        <time>2026-04-04T00:31:52.154Z</time>
      </trkpt>
      <trkpt lat="45.289389" lon="5.742698">
        <ele>1570.138691</ele>
        <time>2026-04-04T00:32:39.594Z</time>
      </trkpt>
      <trkpt lat="45.289144" lon="5.742535">
        <ele>1574.538173</ele>
        <time>2026-04-04T00:33:16.736Z</time>
      </trkpt>
      <trkpt lat="45.289035" lon="5.742303">
        <ele>1577.730228</ele>
        <time>2026-04-04T00:33:43.119Z</time>
      </trkpt>
      <trkpt lat="45.289258" lon="5.742262">
        <ele>1581.387245</ele>
        <time>2026-04-04T00:34:11.157Z</time>
      </trkpt>
      <trkpt lat="45.2896" lon="5.742064">
        <ele>1586.327353</ele>
        <time>2026-04-04T00:34:54.831Z</time>
      </trkpt>
      <trkpt lat="45.289683" lon="5.742043">
        <ele>1587.057799</ele>
        <time>2026-04-04T00:35:03.643Z</time>
      </trkpt>
      <trkpt lat="45.289958" lon="5.742196">
        <ele>1589.67919</ele>
        <time>2026-04-04T00:35:34.050Z</time>
      </trkpt>
      <trkpt lat="45.290047" lon="5.742183">
        <ele>1590.45438</ele>
        <time>2026-04-04T00:35:42.545Z</time>
      </trkpt>
      <trkpt lat="45.290387" lon="5.742425">
        <ele>1593.802505</ele>
        <time>2026-04-04T00:36:12.594Z</time>
      </trkpt>
      <trkpt lat="45.290453" lon="5.742333">
        <ele>1594.603437</ele>
        <time>2026-04-04T00:36:19.586Z</time>
      </trkpt>
      <trkpt lat="45.290856" lon="5.74303">
        <ele>1600.121559</ele>
        <time>2026-04-04T00:37:02.300Z</time>
      </trkpt>
      <trkpt lat="45.291033" lon="5.743258">
        <ele>1600.802843</ele>
        <time>2026-04-04T00:37:19.172Z</time>
      </trkpt>
      <trkpt lat="45.291338" lon="5.743952">
        <ele>1601.309468</ele>
        <time>2026-04-04T00:37:59.537Z</time>
      </trkpt>
      <trkpt lat="45.291519" lon="5.744207">
        <ele>1601.533742</ele>
        <time>2026-04-04T00:38:15.806Z</time>
      </trkpt>
      <trkpt lat="45.291828" lon="5.744477">
        <ele>1601.852951</ele>
        <time>2026-04-04T00:38:37.063Z</time>
      </trkpt>
      <trkpt lat="45.292268" lon="5.744553">
        <ele>1602.123562</ele>
        <time>2026-04-04T00:39:00.112Z</time>
      </trkpt>
      <trkpt lat="45.292545" lon="5.74451">
        <ele>1600.538711</ele>
        <time>2026-04-04T00:39:13.505Z</time>
      </trkpt>
      <trkpt lat="45.29311" lon="5.743983">
        <ele>1596.680293</ele>
        <time>2026-04-04T00:39:44.236Z</time>
      </trkpt>
      <trkpt lat="45.293549" lon="5.743681">
        <ele>1593.900162</ele>
        <time>2026-04-04T00:40:06.963Z</time>
      </trkpt>
      <trkpt lat="45.294034" lon="5.743454">
        <ele>1594.446199</ele>
        <time>2026-04-04T00:40:37.036Z</time>
      </trkpt>
      <trkpt lat="45.294484" lon="5.743324">
        <ele>1600.784812</ele>
        <time>2026-04-04T00:41:19.237Z</time>
      </trkpt>
      <trkpt lat="45.294987" lon="5.743492">
        <ele>1607.93152</ele>
        <time>2026-04-04T00:42:22.787Z</time>
      </trkpt>
      <trkpt lat="45.295429" lon="5.74352">
        <ele>1614.038786</ele>
        <time>2026-04-04T00:43:27.197Z</time>
      </trkpt>
      <trkpt lat="45.295667" lon="5.743662">
        <ele>1617.557017</ele>
        <time>2026-04-04T00:44:08.720Z</time>
      </trkpt>
      <trkpt lat="45.296267" lon="5.743792">
        <ele>1624.558062</ele>
        <time>2026-04-04T00:45:25.550Z</time>
      </trkpt>
      <trkpt lat="45.296573" lon="5.743923">
        <ele>1628.244415</ele>
        <time>2026-04-04T00:45:57.835Z</time>
      </trkpt>
      <trkpt lat="45.296969" lon="5.743733">
        <ele>1633.095751</ele>
        <time>2026-04-04T00:46:31.639Z</time>
      </trkpt>
      <trkpt lat="45.297506" lon="5.743092">
        <ele>1636.242247</ele>
        <time>2026-04-04T00:47:16.085Z</time>
      </trkpt>
      <trkpt lat="45.297612" lon="5.742814">
        <ele>1635.30567</ele>
        <time>2026-04-04T00:47:28.352Z</time>
      </trkpt>
      <trkpt lat="45.297791" lon="5.742585">
        <ele>1634.286111</ele>
        <time>2026-04-04T00:47:41.199Z</time>
      </trkpt>
      <trkpt lat="45.297941" lon="5.742548">
        <ele>1633.645085</ele>
        <time>2026-04-04T00:47:49.072Z</time>
      </trkpt>
      <trkpt lat="45.298406" lon="5.742687">
        <ele>1631.639176</ele>
        <time>2026-04-04T00:48:12.354Z</time>
      </trkpt>
      <trkpt lat="45.298536" lon="5.742769">
        <ele>1631.00834</ele>
        <time>2026-04-04T00:48:19.406Z</time>
      </trkpt>
      <trkpt lat="45.298867" lon="5.743157">
        <ele>1627.952855</ele>
        <time>2026-04-04T00:48:39.356Z</time>
      </trkpt>
      <trkpt lat="45.299324" lon="5.743582">
        <ele>1622.050436</ele>
        <time>2026-04-04T00:49:03.835Z</time>
      </trkpt>
      <trkpt lat="45.299497" lon="5.743665">
        <ele>1620.076973</ele>
        <time>2026-04-04T00:49:11.986Z</time>
      </trkpt>
      <trkpt lat="45.299602" lon="5.743563">
        <ele>1618.630567</ele>
        <time>2026-04-04T00:49:17.984Z</time>
      </trkpt>
      <trkpt lat="45.299665" lon="5.743587">
        <ele>1617.925613</ele>
        <time>2026-04-04T00:49:20.872Z</time>
      </trkpt>
      <trkpt lat="45.299911" lon="5.743896">
        <ele>1614.3776</ele>
        <time>2026-04-04T00:49:35.560Z</time>
      </trkpt>
      <trkpt lat="45.300204" lon="5.743997">
        <ele>1611.118968</ele>
        <time>2026-04-04T00:49:49.246Z</time>
      </trkpt>
      <trkpt lat="45.300294" lon="5.744106">
        <ele>1610.458628</ele>
        <time>2026-04-04T00:49:54.815Z</time>
      </trkpt>
      <trkpt lat="45.300459" lon="5.744123">
        <ele>1610.205582</ele>
        <time>2026-04-04T00:50:02.986Z</time>
      </trkpt>
      <trkpt lat="45.301934" lon="5.744914">
        <ele>1607.929988</ele>
        <time>2026-04-04T00:51:33.788Z</time>
      </trkpt>
      <trkpt lat="45.302314" lon="5.745278">
        <ele>1610.708976</ele>
        <time>2026-04-04T00:52:07.201Z</time>
      </trkpt>
      <trkpt lat="45.302534" lon="5.745368">
        <ele>1612.097409</ele>
        <time>2026-04-04T00:52:24.051Z</time>
      </trkpt>
      <trkpt lat="45.303019" lon="5.745733">
        <ele>1615.425606</ele>
        <time>2026-04-04T00:53:04.595Z</time>
      </trkpt>
      <trkpt lat="45.303151" lon="5.745752">
        <ele>1616.230276</ele>
        <time>2026-04-04T00:53:14.387Z</time>
      </trkpt>
      <trkpt lat="45.303901" lon="5.746236">
        <ele>1624.208649</ele>
        <time>2026-04-04T00:54:22.196Z</time>
      </trkpt>
      <trkpt lat="45.304157" lon="5.746256">
        <ele>1627.600555</ele>
        <time>2026-04-04T00:54:47.277Z</time>
      </trkpt>
      <trkpt lat="45.305483" lon="5.746708">
        <ele>1645.828973</ele>
        <time>2026-04-04T00:57:25.245Z</time>
      </trkpt>
      <trkpt lat="45.306147" lon="5.747234">
        <ele>1656.472093</ele>
        <time>2026-04-04T00:58:58.736Z</time>
      </trkpt>
      <trkpt lat="45.306304" lon="5.747415">
        <ele>1659.289228</ele>
        <time>2026-04-04T00:59:20.397Z</time>
      </trkpt>
      <trkpt lat="45.306841" lon="5.747699">
        <ele>1667.340869</ele>
        <time>2026-04-04T01:00:14.771Z</time>
      </trkpt>
      <trkpt lat="45.307196" lon="5.748284">
        <ele>1666.576984</ele>
        <time>2026-04-04T01:00:54.444Z</time>
      </trkpt>
      <trkpt lat="45.307316" lon="5.748579">
        <ele>1666.099352</ele>
        <time>2026-04-04T01:01:08.879Z</time>
      </trkpt>
      <trkpt lat="45.307594" lon="5.748832">
        <ele>1665.438533</ele>
        <time>2026-04-04T01:01:26.774Z</time>
      </trkpt>
      <trkpt lat="45.307709" lon="5.749114">
        <ele>1664.981663</ele>
        <time>2026-04-04T01:01:38.159Z</time>
      </trkpt>
      <trkpt lat="45.307835" lon="5.749183">
        <ele>1664.712591</ele>
        <time>2026-04-04T01:01:44.655Z</time>
      </trkpt>
      <trkpt lat="45.30786" lon="5.749363">
        <ele>1664.455443</ele>
        <time>2026-04-04T01:01:50.706Z</time>
      </trkpt>
      <trkpt lat="45.307946" lon="5.74946">
        <ele>1664.236689</ele>
        <time>2026-04-04T01:01:55.717Z</time>
      </trkpt>
      <trkpt lat="45.308007" lon="5.749661">
        <ele>1663.157789</ele>
        <time>2026-04-04T01:02:02.645Z</time>
      </trkpt>
      <trkpt lat="45.307984" lon="5.74994">
        <ele>1659.967898</ele>
        <time>2026-04-04T01:02:11.448Z</time>
      </trkpt>
      <trkpt lat="45.308055" lon="5.750305">
        <ele>1655.63582</ele>
        <time>2026-04-04T01:02:23.349Z</time>
      </trkpt>
      <trkpt lat="45.308274" lon="5.750523">
        <ele>1651.294027</ele>
        <time>2026-04-04T01:02:35.206Z</time>
      </trkpt>
      <trkpt lat="45.308803" lon="5.751856">
        <ele>1634.463757</ele>
        <time>2026-04-04T01:03:22.802Z</time>
      </trkpt>
      <trkpt lat="45.308875" lon="5.752161">
        <ele>1632.688084</ele>
        <time>2026-04-04T01:03:32.862Z</time>
      </trkpt>
      <trkpt lat="45.309132" lon="5.752673">
        <ele>1629.216304</ele>
        <time>2026-04-04T01:03:52.678Z</time>
      </trkpt>
      <trkpt lat="45.309605" lon="5.753204">
        <ele>1624.486817</ele>
        <time>2026-04-04T01:04:22.671Z</time>
      </trkpt>
      <trkpt lat="45.309765" lon="5.75351">
        <ele>1622.382315</ele>
        <time>2026-04-04T01:04:37.292Z</time>
      </trkpt>
      <trkpt lat="45.310022" lon="5.753748">
        <ele>1621.191101</ele>
        <time>2026-04-04T01:04:55.015Z</time>
      </trkpt>
      <trkpt lat="45.310063" lon="5.753864">
        <ele>1621.431153</ele>
        <time>2026-04-04T01:05:00.437Z</time>
      </trkpt>
      <trkpt lat="45.310325" lon="5.754087">
        <ele>1622.245731</ele>
        <time>2026-04-04T01:05:19.973Z</time>
      </trkpt>
      <trkpt lat="45.310557" lon="5.754176">
        <ele>1622.886969</ele>
        <time>2026-04-04T01:05:32.018Z</time>
      </trkpt>
      <trkpt lat="45.311133" lon="5.754637">
        <ele>1624.624789</ele>
        <time>2026-04-04T01:06:04.536Z</time>
      </trkpt>
      <trkpt lat="45.31146" lon="5.754723">
        <ele>1625.500344</ele>
        <time>2026-04-04T01:06:19.943Z</time>
      </trkpt>
      <trkpt lat="45.312097" lon="5.754721">
        <ele>1626.822718</ele>
        <time>2026-04-04T01:06:47.967Z</time>
      </trkpt>
      <trkpt lat="45.312504" lon="5.754274">
        <ele>1627.865204</ele>
        <time>2026-04-04T01:07:10.209Z</time>
      </trkpt>
      <trkpt lat="45.313165" lon="5.753971">
        <ele>1629.300073</ele>
        <time>2026-04-04T01:07:40.464Z</time>
      </trkpt>
      <trkpt lat="45.313384" lon="5.753778">
        <ele>1630.576744</ele>
        <time>2026-04-04T01:07:52.353Z</time>
      </trkpt>
      <trkpt lat="45.31351" lon="5.753752">
        <ele>1631.207629</ele>
        <time>2026-04-04T01:07:58.479Z</time>
      </trkpt>
      <trkpt lat="45.314936" lon="5.753917">
        <ele>1638.344395</ele>
        <time>2026-04-04T01:09:13.019Z</time>
      </trkpt>
      <trkpt lat="45.315476" lon="5.75432">
        <ele>1642.119018</ele>
        <time>2026-04-04T01:09:47.052Z</time>
      </trkpt>
      <trkpt lat="45.315983" lon="5.754445">
        <ele>1645.291367</ele>
        <time>2026-04-04T01:10:14.599Z</time>
      </trkpt>
      <trkpt lat="45.316862" lon="5.755368">
        <ele>1652.217146</ele>
        <time>2026-04-04T01:11:10.945Z</time>
      </trkpt>
      <trkpt lat="45.317273" lon="5.755571">
        <ele>1655.074643</ele>
        <time>2026-04-04T01:11:34.486Z</time>
      </trkpt>
      <trkpt lat="45.317522" lon="5.755904">
        <ele>1657.320111</ele>
        <time>2026-04-04T01:11:53.839Z</time>
      </trkpt>
      <trkpt lat="45.317737" lon="5.755884">
        <ele>1658.761685</ele>
        <time>2026-04-04T01:12:06.627Z</time>
      </trkpt>
      <trkpt lat="45.318064" lon="5.75566">
        <ele>1661.085026</ele>
        <time>2026-04-04T01:12:27.784Z</time>
      </trkpt>
      <trkpt lat="45.318146" lon="5.755657">
        <ele>1661.365332</ele>
        <time>2026-04-04T01:12:32.439Z</time>
      </trkpt>
      <trkpt lat="45.318619" lon="5.756049">
        <ele>1663.243062</ele>
        <time>2026-04-04T01:13:00.994Z</time>
      </trkpt>
      <trkpt lat="45.319052" lon="5.756522">
        <ele>1665.138273</ele>
        <time>2026-04-04T01:13:25.799Z</time>
      </trkpt>
      <trkpt lat="45.319287" lon="5.756409">
        <ele>1665.986024</ele>
        <time>2026-04-04T01:13:36.304Z</time>
      </trkpt>
      <trkpt lat="45.31942" lon="5.756462">
        <ele>1666.458022</ele>
        <time>2026-04-04T01:13:44.425Z</time>
      </trkpt>
      <trkpt lat="45.319669" lon="5.756704">
        <ele>1667.618308</ele>
        <time>2026-04-04T01:14:02.265Z</time>
      </trkpt>
      <trkpt lat="45.31968" lon="5.756906">
        <ele>1668.327294</ele>
        <time>2026-04-04T01:14:11.075Z</time>
      </trkpt>
      <trkpt lat="45.319964" lon="5.757293">
        <ele>1670.236307</ele>
        <time>2026-04-04T01:14:34.752Z</time>
      </trkpt>
      <trkpt lat="45.319533" lon="5.757917">
        <ele>1673.206552</ele>
        <time>2026-04-04T01:15:11.373Z</time>
      </trkpt>
      <trkpt lat="45.319136" lon="5.758183">
        <ele>1675.325925</ele>
        <time>2026-04-04T01:15:43.144Z</time>
      </trkpt>
      <trkpt lat="45.319175" lon="5.758375">
        <ele>1676.10471</ele>
        <time>2026-04-04T01:15:55.737Z</time>
      </trkpt>
      <trkpt lat="45.319433" lon="5.758786">
        <ele>1679.289487</ele>
        <time>2026-04-04T01:16:27.937Z</time>
      </trkpt>
      <trkpt lat="45.319591" lon="5.759212">
        <ele>1682.128248</ele>
        <time>2026-04-04T01:16:54.025Z</time>
      </trkpt>
      <trkpt lat="45.319528" lon="5.759424">
        <ele>1683.455101</ele>
        <time>2026-04-04T01:17:05.915Z</time>
      </trkpt>
      <trkpt lat="45.319246" lon="5.759888">
        <ele>1686.990807</ele>
        <time>2026-04-04T01:17:34.776Z</time>
      </trkpt>
      <trkpt lat="45.318844" lon="5.76032">
        <ele>1691.303427</ele>
        <time>2026-04-04T01:18:13.003Z</time>
      </trkpt>
      <trkpt lat="45.319016" lon="5.760548">
        <ele>1693.814977</ele>
        <time>2026-04-04T01:18:31.076Z</time>
      </trkpt>
      <trkpt lat="45.319136" lon="5.760537">
        <ele>1695.099416</ele>
        <time>2026-04-04T01:18:40.746Z</time>
      </trkpt>
      <trkpt lat="45.319252" lon="5.76061">
        <ele>1696.454358</ele>
        <time>2026-04-04T01:18:51.456Z</time>
      </trkpt>
      <trkpt lat="45.319347" lon="5.760582">
        <ele>1697.490663</ele>
        <time>2026-04-04T01:19:00.156Z</time>
      </trkpt>
      <trkpt lat="45.319806" lon="5.761117">
        <ele>1703.964088</ele>
        <time>2026-04-04T01:19:57.412Z</time>
      </trkpt>
      <trkpt lat="45.319902" lon="5.761162">
        <ele>1705.043775</ele>
        <time>2026-04-04T01:20:04.797Z</time>
      </trkpt>
      <trkpt lat="45.319975" lon="5.761349">
        <ele>1706.650202</ele>
        <time>2026-04-04T01:20:16.133Z</time>
      </trkpt>
      <trkpt lat="45.320125" lon="5.761509">
        <ele>1708.653003</ele>
        <time>2026-04-04T01:20:29.500Z</time>
      </trkpt>
      <trkpt lat="45.320228" lon="5.761718">
        <ele>1709.470939</ele>
        <time>2026-04-04T01:20:46.857Z</time>
      </trkpt>
      <trkpt lat="45.320239" lon="5.761876">
        <ele>1708.915933</ele>
        <time>2026-04-04T01:20:58.689Z</time>
      </trkpt>
      <trkpt lat="45.320302" lon="5.761957">
        <ele>1708.493721</ele>
        <time>2026-04-04T01:21:07.262Z</time>
      </trkpt>
      <trkpt lat="45.320408" lon="5.762312">
        <ele>1707.145531</ele>
        <time>2026-04-04T01:21:31.642Z</time>
      </trkpt>
      <trkpt lat="45.320743" lon="5.762817">
        <ele>1704.712732</ele>
        <time>2026-04-04T01:22:09.466Z</time>
      </trkpt>
      <trkpt lat="45.321002" lon="5.763447">
        <ele>1702.161733</ele>
        <time>2026-04-04T01:22:43.522Z</time>
      </trkpt>
      <trkpt lat="45.321165" lon="5.763725">
        <ele>1700.896439</ele>
        <time>2026-04-04T01:22:59.822Z</time>
      </trkpt>
      <trkpt lat="45.321346" lon="5.763959">
        <ele>1693.552904</ele>
        <time>2026-04-04T01:23:15.809Z</time>
      </trkpt>
      <trkpt lat="45.321379" lon="5.764214">
        <ele>1688.184381</ele>
        <time>2026-04-04T01:23:27.796Z</time>
      </trkpt>
      <trkpt lat="45.321424" lon="5.764266">
        <ele>1686.476989</ele>
        <time>2026-04-04T01:23:31.753Z</time>
      </trkpt>
      <trkpt lat="45.321385" lon="5.76434">
        <ele>1684.356643</ele>
        <time>2026-04-04T01:23:36.741Z</time>
      </trkpt>
      <trkpt lat="45.321436" lon="5.764373">
        <ele>1682.706703</ele>
        <time>2026-04-04T01:23:40.663Z</time>
      </trkpt>
      <trkpt lat="45.321446" lon="5.764508">
        <ele>1679.896029</ele>
        <time>2026-04-04T01:23:47.411Z</time>
      </trkpt>
      <trkpt lat="45.321557" lon="5.764728">
        <ele>1674.187291</ele>
        <time>2026-04-04T01:24:01.508Z</time>
      </trkpt>
      <trkpt lat="45.32154" lon="5.764833">
        <ele>1671.956355</ele>
        <time>2026-04-04T01:24:07.134Z</time>
      </trkpt>
      <trkpt lat="45.321598" lon="5.76503">
        <ele>1667.534289</ele>
        <time>2026-04-04T01:24:18.447Z</time>
      </trkpt>
      <trkpt lat="45.321682" lon="5.765873">
        <ele>1649.756158</ele>
        <time>2026-04-04T01:25:04.793Z</time>
      </trkpt>
      <trkpt lat="45.321748" lon="5.766096">
        <ele>1644.513833</ele>
        <time>2026-04-04T01:25:19.524Z</time>
      </trkpt>
      <trkpt lat="45.321901" lon="5.766463">
        <ele>1636.448235</ele>
        <time>2026-04-04T01:25:42.292Z</time>
      </trkpt>
      <trkpt lat="45.321997" lon="5.766585">
        <ele>1632.775458</ele>
        <time>2026-04-04T01:25:52.224Z</time>
      </trkpt>
      <trkpt lat="45.322097" lon="5.766648">
        <ele>1629.968513</ele>
        <time>2026-04-04T01:25:59.546Z</time>
      </trkpt>
      <trkpt lat="45.322213" lon="5.766869">
        <ele>1624.991906</ele>
        <time>2026-04-04T01:26:12.244Z</time>
      </trkpt>
      <trkpt lat="45.322528" lon="5.767098">
        <ele>1615.853487</ele>
        <time>2026-04-04T01:26:34.771Z</time>
      </trkpt>
      <trkpt lat="45.322642" lon="5.767273">
        <ele>1611.548615</ele>
        <time>2026-04-04T01:26:45.447Z</time>
      </trkpt>
      <trkpt lat="45.322837" lon="5.76737">
        <ele>1606.243822</ele>
        <time>2026-04-04T01:26:58.602Z</time>
      </trkpt>
      <trkpt lat="45.322871" lon="5.767478">
        <ele>1604.003277</ele>
        <time>2026-04-04T01:27:04.140Z</time>
      </trkpt>
      <trkpt lat="45.323255" lon="5.767786">
        <ele>1594.360005</ele>
        <time>2026-04-04T01:27:32.183Z</time>
      </trkpt>
      <trkpt lat="45.323362" lon="5.767903">
        <ele>1591.307592</ele>
        <time>2026-04-04T01:27:41.442Z</time>
      </trkpt>
      <trkpt lat="45.323414" lon="5.768022">
        <ele>1588.998985</ele>
        <time>2026-04-04T01:27:48.404Z</time>
      </trkpt>
      <trkpt lat="45.323371" lon="5.768065">
        <ele>1587.744765</ele>
        <time>2026-04-04T01:27:52.191Z</time>
      </trkpt>
      <trkpt lat="45.323786" lon="5.768445">
        <ele>1577.449247</ele>
        <time>2026-04-04T01:28:23.712Z</time>
      </trkpt>
      <trkpt lat="45.323969" lon="5.768783">
        <ele>1571.106729</ele>
        <time>2026-04-04T01:28:43.015Z</time>
      </trkpt>
      <trkpt lat="45.323877" lon="5.7688">
        <ele>1569.171539</ele>
        <time>2026-04-04T01:28:48.885Z</time>
      </trkpt>
      <trkpt lat="45.324294" lon="5.769308">
        <ele>1561.313398</ele>
        <time>2026-04-04T01:29:23.682Z</time>
      </trkpt>
      <trkpt lat="45.324503" lon="5.769478">
        <ele>1559.062256</ele>
        <time>2026-04-04T01:29:39.204Z</time>
      </trkpt>
      <trkpt lat="45.324683" lon="5.769519">
        <ele>1557.357813</ele>
        <time>2026-04-04T01:29:51.569Z</time>
      </trkpt>
      <trkpt lat="45.324883" lon="5.769661">
        <ele>1555.267768</ele>
        <time>2026-04-04T01:30:08.270Z</time>
      </trkpt>
      <trkpt lat="45.324934" lon="5.769804">
        <ele>1554.213682</ele>
        <time>2026-04-04T01:30:17.008Z</time>
      </trkpt>
      <trkpt lat="45.325175" lon="5.770067">
        <ele>1551.363746</ele>
        <time>2026-04-04T01:30:41.292Z</time>
      </trkpt>
      <trkpt lat="45.325437" lon="5.770176">
        <ele>1548.772267</ele>
        <time>2026-04-04T01:31:02.491Z</time>
      </trkpt>
      <trkpt lat="45.325757" lon="5.770018">
        <ele>1544.100936</ele>
        <time>2026-04-04T01:31:26.752Z</time>
      </trkpt>
      <trkpt lat="45.325923" lon="5.770136">
        <ele>1541.054076</ele>
        <time>2026-04-04T01:31:38.861Z</time>
      </trkpt>
      <trkpt lat="45.326121" lon="5.770152">
        <ele>1537.747142</ele>
        <time>2026-04-04T01:31:51.885Z</time>
      </trkpt>
      <trkpt lat="45.326407" lon="5.770486">
        <ele>1531.671507</ele>
        <time>2026-04-04T01:32:15.557Z</time>
      </trkpt>
      <trkpt lat="45.326519" lon="5.770796">
        <ele>1527.648303</ele>
        <time>2026-04-04T01:32:31.077Z</time>
      </trkpt>
      <trkpt lat="45.326674" lon="5.771062">
        <ele>1523.66032</ele>
        <time>2026-04-04T01:32:46.452Z</time>
      </trkpt>
      <trkpt lat="45.32672" lon="5.77133">
        <ele>1520.426016</ele>
        <time>2026-04-04T01:32:59.412Z</time>
      </trkpt>
      <trkpt lat="45.326798" lon="5.771516">
        <ele>1517.926078</ele>
        <time>2026-04-04T01:33:09.500Z</time>
      </trkpt>
      <trkpt lat="45.32702" lon="5.771647">
        <ele>1513.022728</ele>
        <time>2026-04-04T01:33:25.440Z</time>
      </trkpt>
      <trkpt lat="45.327272" lon="5.771903">
        <ele>1506.73984</ele>
        <time>2026-04-04T01:33:45.274Z</time>
      </trkpt>
      <trkpt lat="45.32739" lon="5.77219">
        <ele>1501.961624</ele>
        <time>2026-04-04T01:33:55.251Z</time>
      </trkpt>
      <trkpt lat="45.32715" lon="5.7721">
        <ele>1496.799951</ele>
        <time>2026-04-04T01:34:05.943Z</time>
      </trkpt>
      <trkpt lat="45.32693" lon="5.77212">
        <ele>1492.36947</ele>
        <time>2026-04-04T01:34:15.112Z</time>
      </trkpt>
      <trkpt lat="45.32718" lon="5.77234">
        <ele>1486.434865</ele>
        <time>2026-04-04T01:34:27.378Z</time>
      </trkpt>
      <trkpt lat="45.3271" lon="5.77239">
        <ele>1484.678689</ele>
        <time>2026-04-04T01:34:31.006Z</time>
      </trkpt>
      <trkpt lat="45.32688" lon="5.77236">
        <ele>1480.272748</ele>
        <time>2026-04-04T01:34:40.206Z</time>
      </trkpt>
      <trkpt lat="45.32713" lon="5.77268">
        <ele>1473.674644</ele>
        <time>2026-04-04T01:34:54.208Z</time>
      </trkpt>
      <trkpt lat="45.32684" lon="5.77262">
        <ele>1467.925508</ele>
        <time>2026-04-04T01:35:06.416Z</time>
      </trkpt>
      <trkpt lat="45.32706" lon="5.773">
        <ele>1461.135928</ele>
        <time>2026-04-04T01:35:20.841Z</time>
      </trkpt>
      <trkpt lat="45.32673" lon="5.7729">
        <ele>1454.360014</ele>
        <time>2026-04-04T01:35:35.248Z</time>
      </trkpt>
      <trkpt lat="45.32671" lon="5.77295">
        <ele>1453.566571</ele>
        <time>2026-04-04T01:35:36.935Z</time>
      </trkpt>
      <trkpt lat="45.32683" lon="5.77306">
        <ele>1450.765845</ele>
        <time>2026-04-04T01:35:42.894Z</time>
      </trkpt>
      <trkpt lat="45.326962" lon="5.773296">
        <ele>1446.580816</ele>
        <time>2026-04-04T01:35:51.807Z</time>
      </trkpt>
      <trkpt lat="45.326592" lon="5.773101">
        <ele>1437.549201</ele>
        <time>2026-04-04T01:36:09.224Z</time>
      </trkpt>
      <trkpt lat="45.326673" lon="5.773263">
        <ele>1434.145211</ele>
        <time>2026-04-04T01:36:15.806Z</time>
      </trkpt>
      <trkpt lat="45.326682" lon="5.773376">
        <ele>1432.321566</ele>
        <time>2026-04-04T01:36:19.337Z</time>
      </trkpt>
      <trkpt lat="45.326265" lon="5.77321">
        <ele>1422.407649</ele>
        <time>2026-04-04T01:36:38.621Z</time>
      </trkpt>
      <trkpt lat="45.32647" lon="5.773657">
        <ele>1413.814127</ele>
        <time>2026-04-04T01:36:55.451Z</time>
      </trkpt>
      <trkpt lat="45.325548" lon="5.773424">
        <ele>1392.521228</ele>
        <time>2026-04-04T01:37:37.298Z</time>
      </trkpt>
      <trkpt lat="45.32525" lon="5.773405">
        <ele>1385.762085</ele>
        <time>2026-04-04T01:37:50.421Z</time>
      </trkpt>
      <trkpt lat="45.324909" lon="5.77327">
        <ele>1377.741652</ele>
        <time>2026-04-04T01:38:05.964Z</time>
      </trkpt>
      <trkpt lat="45.325741" lon="5.774561">
        <ele>1349.61353</ele>
        <time>2026-04-04T01:39:00.121Z</time>
      </trkpt>
      <trkpt lat="45.325742" lon="5.774625">
        <ele>1348.57888</ele>
        <time>2026-04-04T01:39:02.129Z</time>
      </trkpt>
      <trkpt lat="45.325589" lon="5.774581">
        <ele>1344.990516</ele>
        <time>2026-04-04T01:39:09.066Z</time>
      </trkpt>
      <trkpt lat="45.32527" lon="5.774705">
        <ele>1337.354252</ele>
        <time>2026-04-04T01:39:23.910Z</time>
      </trkpt>
      <trkpt lat="45.325028" lon="5.774621">
        <ele>1331.627845</ele>
        <time>2026-04-04T01:39:35.012Z</time>
      </trkpt>
      <trkpt lat="45.325079" lon="5.774947">
        <ele>1326.229976</ele>
        <time>2026-04-04T01:39:45.431Z</time>
      </trkpt>
      <trkpt lat="45.324993" lon="5.775031">
        <ele>1323.831705</ele>
        <time>2026-04-04T01:39:50.095Z</time>
      </trkpt>
      <trkpt lat="45.325107" lon="5.775231">
        <ele>1319.886868</ele>
        <time>2026-04-04T01:39:58.136Z</time>
      </trkpt>
      <trkpt lat="45.325231" lon="5.77531">
        <ele>1316.948536</ele>
        <time>2026-04-04T01:40:04.173Z</time>
      </trkpt>
      <trkpt lat="45.325035" lon="5.77574">
        <ele>1309.156739</ele>
        <time>2026-04-04T01:40:20.016Z</time>
      </trkpt>
      <trkpt lat="45.325249" lon="5.775696">
        <ele>1304.480711</ele>
        <time>2026-04-04T01:40:29.471Z</time>
      </trkpt>
      <trkpt lat="45.32545" lon="5.776">
        <ele>1298.135675</ele>
        <time>2026-04-04T01:40:42.356Z</time>
      </trkpt>
      <trkpt lat="45.326047" lon="5.776703">
        <ele>1281.797597</ele>
        <time>2026-04-04T01:41:16.477Z</time>
      </trkpt>
      <trkpt lat="45.326152" lon="5.777004">
        <ele>1277.396717</ele>
        <time>2026-04-04T01:41:26.853Z</time>
      </trkpt>
      <trkpt lat="45.325707" lon="5.776856">
        <ele>1268.883302</ele>
        <time>2026-04-04T01:41:46.990Z</time>
      </trkpt>
      <trkpt lat="45.325409" lon="5.776954">
        <ele>1263.185474</ele>
        <time>2026-04-04T01:42:00.487Z</time>
      </trkpt>
      <trkpt lat="45.324841" lon="5.777921">
        <ele>1245.639368</ele>
        <time>2026-04-04T01:42:39.869Z</time>
      </trkpt>
      <trkpt lat="45.325215" lon="5.777697">
        <ele>1236.305628</ele>
        <time>2026-04-04T01:42:57.722Z</time>
      </trkpt>
      <trkpt lat="45.325373" lon="5.777702">
        <ele>1232.670659</ele>
        <time>2026-04-04T01:43:04.728Z</time>
      </trkpt>
      <trkpt lat="45.325516" lon="5.777842">
        <ele>1228.677736</ele>
        <time>2026-04-04T01:43:12.489Z</time>
      </trkpt>
      <trkpt lat="45.325373" lon="5.77827">
        <ele>1221.01474</ele>
        <time>2026-04-04T01:43:27.688Z</time>
      </trkpt>
      <trkpt lat="45.325262" lon="5.779903">
        <ele>1195.494443</ele>
        <time>2026-04-04T01:44:13.393Z</time>
      </trkpt>
      <trkpt lat="45.326428" lon="5.781532">
        <ele>1161.914684</ele>
        <time>2026-04-04T01:45:25.629Z</time>
      </trkpt>
      <trkpt lat="45.326663" lon="5.782002">
        <ele>1154.396693</ele>
        <time>2026-04-04T01:45:43.548Z</time>
      </trkpt>
      <trkpt lat="45.326933" lon="5.783177">
        <ele>1138.256843</ele>
        <time>2026-04-04T01:46:21.814Z</time>
      </trkpt>
      <trkpt lat="45.326745" lon="5.783666">
        <ele>1135.512089</ele>
        <time>2026-04-04T01:46:39.205Z</time>
      </trkpt>
      <trkpt lat="45.326666" lon="5.784062">
        <ele>1133.765178</ele>
        <time>2026-04-04T01:46:52.181Z</time>
      </trkpt>
      <trkpt lat="45.326929" lon="5.785285">
        <ele>1128.328947</ele>
        <time>2026-04-04T01:47:34.420Z</time>
      </trkpt>
      <trkpt lat="45.327154" lon="5.785688">
        <ele>1126.330768</ele>
        <time>2026-04-04T01:47:56.372Z</time>
      </trkpt>
      <trkpt lat="45.327619" lon="5.786185">
        <ele>1123.752329</ele>
        <time>2026-04-04T01:48:29.036Z</time>
      </trkpt>
      <trkpt lat="45.327891" lon="5.786592">
        <ele>1122.008868</ele>
        <time>2026-04-04T01:48:46.989Z</time>
      </trkpt>
      <trkpt lat="45.328077" lon="5.786732">
        <ele>1121.079546</ele>
        <time>2026-04-04T01:48:55.594Z</time>
      </trkpt>
      <trkpt lat="45.32849" lon="5.786863">
        <ele>1119.210878</ele>
        <time>2026-04-04T01:49:11.644Z</time>
      </trkpt>
      <trkpt lat="45.328483" lon="5.787072">
        <ele>1117.532949</ele>
        <time>2026-04-04T01:49:17.180Z</time>
      </trkpt>
      <trkpt lat="45.328547" lon="5.7873">
        <ele>1114.41554</ele>
        <time>2026-04-04T01:49:23.648Z</time>
      </trkpt>
      <trkpt lat="45.328507" lon="5.788089">
        <ele>1104.315232</ele>
        <time>2026-04-04T01:49:44.486Z</time>
      </trkpt>
      <trkpt lat="45.328598" lon="5.788658">
        <ele>1096.905417</ele>
        <time>2026-04-04T01:49:59.751Z</time>
      </trkpt>
      <trkpt lat="45.328771" lon="5.789084">
        <ele>1090.658415</ele>
        <time>2026-04-04T01:50:12.662Z</time>
      </trkpt>
      <trkpt lat="45.32882" lon="5.790516">
        <ele>1077.935202</ele>
        <time>2026-04-04T01:50:50.755Z</time>
      </trkpt>
      <trkpt lat="45.328931" lon="5.790884">
        <ele>1074.855509</ele>
        <time>2026-04-04T01:51:01.930Z</time>
      </trkpt>
      <trkpt lat="45.329144" lon="5.791153">
        <ele>1071.728849</ele>
        <time>2026-04-04T01:51:13.737Z</time>
      </trkpt>
      <trkpt lat="45.330314" lon="5.79187">
        <ele>1055.551258</ele>
        <time>2026-04-04T01:52:05.567Z</time>
      </trkpt>
      <trkpt lat="45.330462" lon="5.792094">
        <ele>1052.594437</ele>
        <time>2026-04-04T01:52:13.736Z</time>
      </trkpt>
      <trkpt lat="45.330158" lon="5.792084">
        <ele>1048.433955</ele>
        <time>2026-04-04T01:52:25.146Z</time>
      </trkpt>
      <trkpt lat="45.329957" lon="5.792217">
        <ele>1045.349454</ele>
        <time>2026-04-04T01:52:33.554Z</time>
      </trkpt>
      <trkpt lat="45.329911" lon="5.792523">
        <ele>1042.339544</ele>
        <time>2026-04-04T01:52:41.725Z</time>
      </trkpt>
      <trkpt lat="45.329961" lon="5.79291">
        <ele>1035.946387</ele>
        <time>2026-04-04T01:52:52.205Z</time>
      </trkpt>
      <trkpt lat="45.330308" lon="5.793429">
        <ele>1023.852675</ele>
        <time>2026-04-04T01:53:11.641Z</time>
      </trkpt>
      <trkpt lat="45.330177" lon="5.793877">
        <ele>1015.566844</ele>
        <time>2026-04-04T01:53:24.985Z</time>
      </trkpt>
      <trkpt lat="45.330072" lon="5.794076">
        <ele>1011.423716</ele>
        <time>2026-04-04T01:53:31.610Z</time>
      </trkpt>
      <trkpt lat="45.329906" lon="5.794104">
        <ele>1007.370842</ele>
        <time>2026-04-04T01:53:38.169Z</time>
      </trkpt>
      <trkpt lat="45.329266" lon="5.793903">
        <ele>991.296864</ele>
        <time>2026-04-04T01:54:03.237Z</time>
      </trkpt>
      <trkpt lat="45.329098" lon="5.793953">
        <ele>986.841453</ele>
        <time>2026-04-04T01:54:09.968Z</time>
      </trkpt>
      <trkpt lat="45.329254" lon="5.794371">
        <ele>978.379397</ele>
        <time>2026-04-04T01:54:22.743Z</time>
      </trkpt>
      <trkpt lat="45.329288" lon="5.794583">
        <ele>974.514895</ele>
        <time>2026-04-04T01:54:28.586Z</time>
      </trkpt>
      <trkpt lat="45.329492" lon="5.795118">
        <ele>963.582366</ele>
        <time>2026-04-04T01:54:45.172Z</time>
      </trkpt>
      <trkpt lat="45.329649" lon="5.795346">
        <ele>957.910421</ele>
        <time>2026-04-04T01:54:53.925Z</time>
      </trkpt>
      <trkpt lat="45.329795" lon="5.795458">
        <ele>953.696109</ele>
        <time>2026-04-04T01:55:00.542Z</time>
      </trkpt>
      <trkpt lat="45.329894" lon="5.795723">
        <ele>948.027951</ele>
        <time>2026-04-04T01:55:09.050Z</time>
      </trkpt>
      <trkpt lat="45.330104" lon="5.795983">
        <ele>940.423685</ele>
        <time>2026-04-04T01:55:20.591Z</time>
      </trkpt>
      <trkpt lat="45.3301" lon="5.796134">
        <ele>937.569577</ele>
        <time>2026-04-04T01:55:24.889Z</time>
      </trkpt>
      <trkpt lat="45.330168" lon="5.79642">
        <ele>931.742182</ele>
        <time>2026-04-04T01:55:33.632Z</time>
      </trkpt>
      <trkpt lat="45.329743" lon="5.797271">
        <ele>911.952187</ele>
        <time>2026-04-04T01:56:02.209Z</time>
      </trkpt>
      <trkpt lat="45.329692" lon="5.797463">
        <ele>908.07545</ele>
        <time>2026-04-04T01:56:07.847Z</time>
      </trkpt>
      <trkpt lat="45.329656" lon="5.798045">
        <ele>901.463284</ele>
        <time>2026-04-04T01:56:23.542Z</time>
      </trkpt>
      <trkpt lat="45.329609" lon="5.798079">
        <ele>900.774462</ele>
        <time>2026-04-04T01:56:25.496Z</time>
      </trkpt>
      <trkpt lat="45.32926" lon="5.799061">
        <ele>890.6616</ele>
        <time>2026-04-04T01:56:50.402Z</time>
      </trkpt>
      <trkpt lat="45.329197" lon="5.799796">
        <ele>883.861363</ele>
        <time>2026-04-04T01:57:08.984Z</time>
      </trkpt>
      <trkpt lat="45.329341" lon="5.800223">
        <ele>881.970049</ele>
        <time>2026-04-04T01:57:22.198Z</time>
      </trkpt>
      <trkpt lat="45.329786" lon="5.800782">
        <ele>881.253961</ele>
        <time>2026-04-04T01:57:50.859Z</time>
      </trkpt>
      <trkpt lat="45.330364" lon="5.801292">
        <ele>880.433317</ele>
        <time>2026-04-04T01:58:24.290Z</time>
      </trkpt>
      <trkpt lat="45.330973" lon="5.802041">
        <ele>877.694266</ele>
        <time>2026-04-04T01:59:01.614Z</time>
      </trkpt>
      <trkpt lat="45.331195" lon="5.802403">
        <ele>876.095058</ele>
        <time>2026-04-04T01:59:16.408Z</time>
      </trkpt>
      <trkpt lat="45.331421" lon="5.802966">
        <ele>873.931752</ele>
        <time>2026-04-04T01:59:35.713Z</time>
      </trkpt>
      <trkpt lat="45.331733" lon="5.803513">
        <ele>871.586795</ele>
        <time>2026-04-04T01:59:55.899Z</time>
      </trkpt>
      <trkpt lat="45.332016" lon="5.804213">
        <ele>867.104168</ele>
        <time>2026-04-04T02:00:19.337Z</time>
      </trkpt>
      <trkpt lat="45.332442" lon="5.804456">
        <ele>863.476932</ele>
        <time>2026-04-04T02:00:38.294Z</time>
      </trkpt>
      <trkpt lat="45.33267" lon="5.804455">
        <ele>861.68377</ele>
        <time>2026-04-04T02:00:47.680Z</time>
      </trkpt>
      <trkpt lat="45.333162" lon="5.804404">
        <ele>857.804073</ele>
        <time>2026-04-04T02:01:11.150Z</time>
      </trkpt>
      <trkpt lat="45.333358" lon="5.804204">
        <ele>854.640483</ele>
        <time>2026-04-04T02:01:22.592Z</time>
      </trkpt>
      <trkpt lat="45.333447" lon="5.804162">
        <ele>853.315162</ele>
        <time>2026-04-04T02:01:26.855Z</time>
      </trkpt>
      <trkpt lat="45.333556" lon="5.804192">
        <ele>851.746006</ele>
        <time>2026-04-04T02:01:31.903Z</time>
      </trkpt>
      <trkpt lat="45.333633" lon="5.804276">
        <ele>850.374523</ele>
        <time>2026-04-04T02:01:36.277Z</time>
      </trkpt>
      <trkpt lat="45.33387" lon="5.804912">
        <ele>843.172114</ele>
        <time>2026-04-04T02:01:59.002Z</time>
      </trkpt>
      <trkpt lat="45.334319" lon="5.805247">
        <ele>835.985919</ele>
        <time>2026-04-04T02:02:21.499Z</time>
      </trkpt>
      <trkpt lat="45.33478" lon="5.805906">
        <ele>828.035822</ele>
        <time>2026-04-04T02:02:50.519Z</time>
      </trkpt>
      <trkpt lat="45.334916" lon="5.805939">
        <ele>826.57878</ele>
        <time>2026-04-04T02:02:56.640Z</time>
      </trkpt>
      <trkpt lat="45.334888" lon="5.806044">
        <ele>825.745058</ele>
        <time>2026-04-04T02:03:00.161Z</time>
      </trkpt>
      <trkpt lat="45.334967" lon="5.806044">
        <ele>824.910738</ele>
        <time>2026-04-04T02:03:03.709Z</time>
      </trkpt>
      <trkpt lat="45.334973" lon="5.806157">
        <ele>824.069438</ele>
        <time>2026-04-04T02:03:07.281Z</time>
      </trkpt>
      <trkpt lat="45.334815" lon="5.806246">
        <ele>822.274743</ele>
        <time>2026-04-04T02:03:15.040Z</time>
      </trkpt>
      <trkpt lat="45.33487" lon="5.806359">
        <ele>821.254368</ele>
        <time>2026-04-04T02:03:19.593Z</time>
      </trkpt>
      <trkpt lat="45.335342" lon="5.806451">
        <ele>816.217203</ele>
        <time>2026-04-04T02:03:37.821Z</time>
      </trkpt>
      <trkpt lat="45.33541" lon="5.806379">
        <ele>815.321964</ele>
        <time>2026-04-04T02:03:40.965Z</time>
      </trkpt>
      <trkpt lat="45.335539" lon="5.805776">
        <ele>812.52777</ele>
        <time>2026-04-04T02:03:57.689Z</time>
      </trkpt>
      <trkpt lat="45.335594" lon="5.805734">
        <ele>812.398491</ele>
        <time>2026-04-04T02:04:00.100Z</time>
      </trkpt>
      <trkpt lat="45.33609" lon="5.805741">
        <ele>811.366512</ele>
        <time>2026-04-04T02:04:20.179Z</time>
      </trkpt>
      <trkpt lat="45.336482" lon="5.80634">
        <ele>810.171958</ele>
        <time>2026-04-04T02:04:43.716Z</time>
      </trkpt>
      <trkpt lat="45.336726" lon="5.806368">
        <ele>809.664992</ele>
        <time>2026-04-04T02:04:53.042Z</time>
      </trkpt>
      <trkpt lat="45.337453" lon="5.806145">
        <ele>806.783658</ele>
        <time>2026-04-04T02:05:21.383Z</time>
      </trkpt>
      <trkpt lat="45.337646" lon="5.805985">
        <ele>805.776896</ele>
        <time>2026-04-04T02:05:29.722Z</time>
      </trkpt>
      <trkpt lat="45.338415" lon="5.805659">
        <ele>802.152659</ele>
        <time>2026-04-04T02:05:58.691Z</time>
      </trkpt>
      <trkpt lat="45.338834" lon="5.805689">
        <ele>800.499032</ele>
        <time>2026-04-04T02:06:14.343Z</time>
      </trkpt>
      <trkpt lat="45.339155" lon="5.806054">
        <ele>799.16433</ele>
        <time>2026-04-04T02:06:28.887Z</time>
      </trkpt>
      <trkpt lat="45.339379" lon="5.805913">
        <ele>798.356595</ele>
        <time>2026-04-04T02:06:37.856Z</time>
      </trkpt>
      <trkpt lat="45.339689" lon="5.80583">
        <ele>797.326865</ele>
        <time>2026-04-04T02:06:49.770Z</time>
      </trkpt>
      <trkpt lat="45.339663" lon="5.806111">
        <ele>796.669946</ele>
        <time>2026-04-04T02:06:57.748Z</time>
      </trkpt>
      <trkpt lat="45.339827" lon="5.80759">
        <ele>799.840678</ele>
        <time>2026-04-04T02:07:42.771Z</time>
      </trkpt>
      <trkpt lat="45.339796" lon="5.807766">
        <ele>800.749642</ele>
        <time>2026-04-04T02:07:49.155Z</time>
      </trkpt>
      <trkpt lat="45.33943" lon="5.807562">
        <ele>803.553577</ele>
        <time>2026-04-04T02:08:12.367Z</time>
      </trkpt>
      <trkpt lat="45.339525" lon="5.808199">
        <ele>806.815797</ele>
        <time>2026-04-04T02:08:51.323Z</time>
      </trkpt>
      <trkpt lat="45.339639" lon="5.808568">
        <ele>809.087114</ele>
        <time>2026-04-04T02:09:17.212Z</time>
      </trkpt>
      <trkpt lat="45.33963" lon="5.808758">
        <ele>810.383846</ele>
        <time>2026-04-04T02:09:29.595Z</time>
      </trkpt>
      <trkpt lat="45.339496" lon="5.809258">
        <ele>814.06152</ele>
        <time>2026-04-04T02:10:04.739Z</time>
      </trkpt>
      <trkpt lat="45.339271" lon="5.809476">
        <ele>816.742636</ele>
        <time>2026-04-04T02:10:27.890Z</time>
      </trkpt>
      <trkpt lat="45.339218" lon="5.809655">
        <ele>818.065264</ele>
        <time>2026-04-04T02:10:38.422Z</time>
      </trkpt>
      <trkpt lat="45.339184" lon="5.810148">
        <ele>821.438474</ele>
        <time>2026-04-04T02:11:03.048Z</time>
      </trkpt>
      <trkpt lat="45.339383" lon="5.810959">
        <ele>826.215352</ele>
        <time>2026-04-04T02:11:38.499Z</time>
      </trkpt>
      <trkpt lat="45.339534" lon="5.812157">
        <ele>829.302757</ele>
        <time>2026-04-04T02:12:22.782Z</time>
      </trkpt>
      <trkpt lat="45.339439" lon="5.812662">
        <ele>830.636454</ele>
        <time>2026-04-04T02:12:42.937Z</time>
      </trkpt>
      <trkpt lat="45.339419" lon="5.813122">
        <ele>831.819171</ele>
        <time>2026-04-04T02:13:02.143Z</time>
      </trkpt>
      <trkpt lat="45.339594" lon="5.813512">
        <ele>832.790188</ele>
        <time>2026-04-04T02:13:23.822Z</time>
      </trkpt>
      <trkpt lat="45.339816" lon="5.813809">
        <ele>833.660363</ele>
        <time>2026-04-04T02:13:42.865Z</time>
      </trkpt>
      <trkpt lat="45.339802" lon="5.814014">
        <ele>834.070151</ele>
        <time>2026-04-04T02:13:51.365Z</time>
      </trkpt>
      <trkpt lat="45.339504" lon="5.814371">
        <ele>835.1759</ele>
        <time>2026-04-04T02:14:12.982Z</time>
      </trkpt>
      <trkpt lat="45.339483" lon="5.814581">
        <ele>835.59616</ele>
        <time>2026-04-04T02:14:20.646Z</time>
      </trkpt>
      <trkpt lat="45.339554" lon="5.814973">
        <ele>836.408538</ele>
        <time>2026-04-04T02:14:35.040Z</time>
      </trkpt>
      <trkpt lat="45.339868" lon="5.815818">
        <ele>838.236551</ele>
        <time>2026-04-04T02:15:06.706Z</time>
      </trkpt>
      <trkpt lat="45.339846" lon="5.816094">
        <ele>838.756321</ele>
        <time>2026-04-04T02:15:15.194Z</time>
      </trkpt>
      <trkpt lat="45.339718" lon="5.816423">
        <ele>839.459972</ele>
        <time>2026-04-04T02:15:27.358Z</time>
      </trkpt>
      <trkpt lat="45.339729" lon="5.816518">
        <ele>839.640135</ele>
        <time>2026-04-04T02:15:30.676Z</time>
      </trkpt>
      <trkpt lat="45.33986" lon="5.816576">
        <ele>840.00954</ele>
        <time>2026-04-04T02:15:37.783Z</time>
      </trkpt>
      <trkpt lat="45.339922" lon="5.816555">
        <ele>840.179207</ele>
        <time>2026-04-04T02:15:41.123Z</time>
      </trkpt>
      <trkpt lat="45.340018" lon="5.8164">
        <ele>840.56578</ele>
        <time>2026-04-04T02:15:49.266Z</time>
      </trkpt>
      <trkpt lat="45.340378" lon="5.816407">
        <ele>841.528698</ele>
        <time>2026-04-04T02:16:12.973Z</time>
      </trkpt>
      <trkpt lat="45.340435" lon="5.816455">
        <ele>841.705031</ele>
        <time>2026-04-04T02:16:17.734Z</time>
      </trkpt>
      <trkpt lat="45.340408" lon="5.816586">
        <ele>842.153445</ele>
        <time>2026-04-04T02:16:25.200Z</time>
      </trkpt>
      <trkpt lat="45.340435" lon="5.816951">
        <ele>845.326288</ele>
        <time>2026-04-04T02:16:47.547Z</time>
      </trkpt>
      <trkpt lat="45.340776" lon="5.816832">
        <ele>849.768997</ele>
        <time>2026-04-04T02:17:20.222Z</time>
      </trkpt>
      <trkpt lat="45.340962" lon="5.81646">
        <ele>853.71556</ele>
        <time>2026-04-04T02:17:48.471Z</time>
      </trkpt>
      <trkpt lat="45.341311" lon="5.81628">
        <ele>858.295513</ele>
        <time>2026-04-04T02:18:22.255Z</time>
      </trkpt>
      <trkpt lat="45.341214" lon="5.815327">
        <ele>865.295655</ele>
        <time>2026-04-04T02:19:21.898Z</time>
      </trkpt>
      <trkpt lat="45.341248" lon="5.815168">
        <ele>865.992242</ele>
        <time>2026-04-04T02:19:29.611Z</time>
      </trkpt>
      <trkpt lat="45.341318" lon="5.815067">
        <ele>866.586755</ele>
        <time>2026-04-04T02:19:35.715Z</time>
      </trkpt>
      <trkpt lat="45.341431" lon="5.815042">
        <ele>867.268686</ele>
        <time>2026-04-04T02:19:42.367Z</time>
      </trkpt>
      <trkpt lat="45.341505" lon="5.815366">
        <ele>868.733063</ele>
        <time>2026-04-04T02:19:54.665Z</time>
      </trkpt>
      <trkpt lat="45.34173" lon="5.815825">
        <ele>871.082797</ele>
        <time>2026-04-04T02:20:13.878Z</time>
      </trkpt>
      <trkpt lat="45.341035" lon="5.817972">
        <ele>874.046821</ele>
        <time>2026-04-04T02:21:24.762Z</time>
      </trkpt>
      <trkpt lat="45.340889" lon="5.819217">
        <ele>874.071335</ele>
        <time>2026-04-04T02:22:00.898Z</time>
      </trkpt>
      <trkpt lat="45.34064" lon="5.819875">
        <ele>876.133436</ele>
        <time>2026-04-04T02:22:21.766Z</time>
      </trkpt>
      <trkpt lat="45.340277" lon="5.820377">
        <ele>878.121369</ele>
        <time>2026-04-04T02:22:43.909Z</time>
      </trkpt>
      <trkpt lat="45.340081" lon="5.820755">
        <ele>879.417534</ele>
        <time>2026-04-04T02:23:01.270Z</time>
      </trkpt>
      <trkpt lat="45.339928" lon="5.821175">
        <ele>881.350058</ele>
        <time>2026-04-04T02:23:22.677Z</time>
      </trkpt>
      <trkpt lat="45.339929" lon="5.821293">
        <ele>883.318913</ele>
        <time>2026-04-04T02:23:31.169Z</time>
      </trkpt>
      <trkpt lat="45.339803" lon="5.821714">
        <ele>890.953091</ele>
        <time>2026-04-04T02:24:08.108Z</time>
      </trkpt>
      <trkpt lat="45.339858" lon="5.822095">
        <ele>897.442377</ele>
        <time>2026-04-04T02:24:48.973Z</time>
      </trkpt>
      <trkpt lat="45.339927" lon="5.821975">
        <ele>900.029008</ele>
        <time>2026-04-04T02:25:07.047Z</time>
      </trkpt>
      <trkpt lat="45.339978" lon="5.821986">
        <ele>901.253376</ele>
        <time>2026-04-04T02:25:16.089Z</time>
      </trkpt>
      <trkpt lat="45.339921" lon="5.823017">
        <ele>918.583661</ele>
        <time>2026-04-04T02:27:37.525Z</time>
      </trkpt>
      <trkpt lat="45.339838" lon="5.823219">
        <ele>922.487414</ele>
        <time>2026-04-04T02:28:10.720Z</time>
      </trkpt>
      <trkpt lat="45.339917" lon="5.823276">
        <ele>925.48003</ele>
        <time>2026-04-04T02:28:29.957Z</time>
      </trkpt>
      <trkpt lat="45.34009" lon="5.823163">
        <ele>932.154022</ele>
        <time>2026-04-04T02:29:09.688Z</time>
      </trkpt>
      <trkpt lat="45.340518" lon="5.823275">
        <ele>946.890469</ele>
        <time>2026-04-04T02:30:39.151Z</time>
      </trkpt>
      <trkpt lat="45.34072" lon="5.8234">
        <ele>954.320802</ele>
        <time>2026-04-04T02:31:26.475Z</time>
      </trkpt>
      <trkpt lat="45.340591" lon="5.823595">
        <ele>960.829574</ele>
        <time>2026-04-04T02:32:10.392Z</time>
      </trkpt>
      <trkpt lat="45.34109" lon="5.823915">
        <ele>979.292338</ele>
        <time>2026-04-04T02:34:13.526Z</time>
      </trkpt>
      <trkpt lat="45.341335" lon="5.823949">
        <ele>988.693234</ele>
        <time>2026-04-04T02:35:12.508Z</time>
      </trkpt>
      <trkpt lat="45.341493" lon="5.824174">
        <ele>998.511169</ele>
        <time>2026-04-04T02:36:09.216Z</time>
      </trkpt>
      <trkpt lat="45.341569" lon="5.824383">
        <ele>1005.7751</ele>
        <time>2026-04-04T02:36:56.460Z</time>
      </trkpt>
      <trkpt lat="45.341692" lon="5.824405">
        <ele>1011.219558</ele>
        <time>2026-04-04T02:37:33.621Z</time>
      </trkpt>
      <trkpt lat="45.341843" lon="5.824524">
        <ele>1018.800635</ele>
        <time>2026-04-04T02:38:26.678Z</time>
      </trkpt>
      <trkpt lat="45.341826" lon="5.824602">
        <ele>1021.321517</ele>
        <time>2026-04-04T02:38:43.899Z</time>
      </trkpt>
      <trkpt lat="45.341883" lon="5.824744">
        <ele>1026.575938</ele>
        <time>2026-04-04T02:39:22.029Z</time>
      </trkpt>
      <trkpt lat="45.341962" lon="5.824776">
        <ele>1030.517088</ele>
        <time>2026-04-04T02:39:50.819Z</time>
      </trkpt>
      <trkpt lat="45.341986" lon="5.824859">
        <ele>1033.28755</ele>
        <time>2026-04-04T02:40:11.071Z</time>
      </trkpt>
      <trkpt lat="45.342141" lon="5.824881">
        <ele>1040.870895</ele>
        <time>2026-04-04T02:41:06.757Z</time>
      </trkpt>
      <trkpt lat="45.342101" lon="5.825007">
        <ele>1045.138696</ele>
        <time>2026-04-04T02:41:38.063Z</time>
      </trkpt>
      <trkpt lat="45.342173" lon="5.825082">
        <ele>1049.057742</ele>
        <time>2026-04-04T02:42:05.490Z</time>
      </trkpt>
      <trkpt lat="45.342222" lon="5.825037">
        <ele>1051.619119</ele>
        <time>2026-04-04T02:42:08.122Z</time>
      </trkpt>
      <trkpt lat="45.342224" lon="5.825163">
        <ele>1055.958397</ele>
        <time>2026-04-04T02:42:12.518Z</time>
      </trkpt>
      <trkpt lat="45.34245" lon="5.82551">
        <ele>1070.867376</ele>
        <time>2026-04-04T02:42:28.159Z</time>
      </trkpt>
      <trkpt lat="45.34246" lon="5.82563">
        <ele>1074.41295</ele>
        <time>2026-04-04T02:42:32.033Z</time>
      </trkpt>
      <trkpt lat="45.34204" lon="5.82629">
        <ele>1100.818945</ele>
        <time>2026-04-04T02:43:00.171Z</time>
      </trkpt>
      <trkpt lat="45.342217" lon="5.826485">
        <ele>1111.411084</ele>
        <time>2026-04-04T02:43:11.391Z</time>
      </trkpt>
      <trkpt lat="45.342123" lon="5.826571">
        <ele>1116.290244</ele>
        <time>2026-04-04T02:43:38.845Z</time>
      </trkpt>
      <trkpt lat="45.342268" lon="5.826687">
        <ele>1123.524271</ele>
        <time>2026-04-04T02:44:22.630Z</time>
      </trkpt>
      <trkpt lat="45.342182" lon="5.826783">
        <ele>1128.489834</ele>
        <time>2026-04-04T02:44:53.540Z</time>
      </trkpt>
      <trkpt lat="45.342402" lon="5.826903">
        <ele>1138.400336</ele>
        <time>2026-04-04T02:45:51.812Z</time>
      </trkpt>
      <trkpt lat="45.342743" lon="5.826905">
        <ele>1144.365381</ele>
        <time>2026-04-04T02:46:57.178Z</time>
      </trkpt>
      <trkpt lat="45.342639" lon="5.827009">
        <ele>1146.589034</ele>
        <time>2026-04-04T02:47:19.187Z</time>
      </trkpt>
      <trkpt lat="45.34279" lon="5.827113">
        <ele>1149.523648</ele>
        <time>2026-04-04T02:47:40.781Z</time>
      </trkpt>
      <trkpt lat="45.342736" lon="5.827258">
        <ele>1151.541206</ele>
        <time>2026-04-04T02:47:54.643Z</time>
      </trkpt>
      <trkpt lat="45.342665" lon="5.827303">
        <ele>1152.900846</ele>
        <time>2026-04-04T02:48:03.500Z</time>
      </trkpt>
      <trkpt lat="45.342154" lon="5.827328">
        <ele>1161.844875</ele>
        <time>2026-04-04T02:48:56.338Z</time>
      </trkpt>
      <trkpt lat="45.342007" lon="5.827286">
        <ele>1164.467634</ele>
        <time>2026-04-04T02:49:09.548Z</time>
      </trkpt>
      <trkpt lat="45.341751" lon="5.82733">
        <ele>1169.047871</ele>
        <time>2026-04-04T02:49:30.182Z</time>
      </trkpt>
      <trkpt lat="45.341594" lon="5.827255">
        <ele>1169.894287</ele>
        <time>2026-04-04T02:49:41.621Z</time>
      </trkpt>
      <trkpt lat="45.341433" lon="5.827286">
        <ele>1170.351222</ele>
        <time>2026-04-04T02:49:51.861Z</time>
      </trkpt>
      <trkpt lat="45.341404" lon="5.827362">
        <ele>1170.552197</ele>
        <time>2026-04-04T02:49:56.133Z</time>
      </trkpt>
      <trkpt lat="45.341555" lon="5.827409">
        <ele>1170.986924</ele>
        <time>2026-04-04T02:50:05.258Z</time>
      </trkpt>
      <trkpt lat="45.341755" lon="5.82761">
        <ele>1171.675604</ele>
        <time>2026-04-04T02:50:19.326Z</time>
      </trkpt>
      <trkpt lat="45.341782" lon="5.827733">
        <ele>1171.930334</ele>
        <time>2026-04-04T02:50:24.449Z</time>
      </trkpt>
      <trkpt lat="45.341474" lon="5.82773">
        <ele>1172.811652</ele>
        <time>2026-04-04T02:50:42.214Z</time>
      </trkpt>
      <trkpt lat="45.341531" lon="5.827878">
        <ele>1173.145264</ele>
        <time>2026-04-04T02:50:49.009Z</time>
      </trkpt>
      <trkpt lat="45.341225" lon="5.827906">
        <ele>1174.007658</ele>
        <time>2026-04-04T02:51:07.700Z</time>
      </trkpt>
      <trkpt lat="45.340943" lon="5.828082">
        <ele>1175.40071</ele>
        <time>2026-04-04T02:51:30.587Z</time>
      </trkpt>
      <trkpt lat="45.341278" lon="5.8282">
        <ele>1177.992888</ele>
        <time>2026-04-04T02:51:56.195Z</time>
      </trkpt>
      <trkpt lat="45.341273" lon="5.828292">
        <ele>1178.462717</ele>
        <time>2026-04-04T02:52:00.505Z</time>
      </trkpt>
      <trkpt lat="45.341056" lon="5.828508">
        <ele>1180.381186</ele>
        <time>2026-04-04T02:52:20.257Z</time>
      </trkpt>
      <trkpt lat="45.341226" lon="5.828549">
        <ele>1181.705476</ele>
        <time>2026-04-04T02:52:33.622Z</time>
      </trkpt>
      <trkpt lat="45.341331" lon="5.82872">
        <ele>1182.897207</ele>
        <time>2026-04-04T02:52:46.175Z</time>
      </trkpt>
      <trkpt lat="45.341199" lon="5.828896">
        <ele>1184.207689</ele>
        <time>2026-04-04T02:53:00.615Z</time>
      </trkpt>
      <trkpt lat="45.341223" lon="5.829114">
        <ele>1185.331199</ele>
        <time>2026-04-04T02:53:13.833Z</time>
      </trkpt>
      <trkpt lat="45.341168" lon="5.82967">
        <ele>1189.197188</ele>
        <time>2026-04-04T02:53:51.059Z</time>
      </trkpt>
      <trkpt lat="45.341219" lon="5.830103">
        <ele>1195.180262</ele>
        <time>2026-04-04T02:54:22.385Z</time>
      </trkpt>
      <trkpt lat="45.341117" lon="5.831001">
        <ele>1207.576715</ele>
        <time>2026-04-04T02:55:34.454Z</time>
      </trkpt>
      <trkpt lat="45.341171" lon="5.831683">
        <ele>1216.929607</ele>
        <time>2026-04-04T02:56:52.296Z</time>
      </trkpt>
      <trkpt lat="45.34127" lon="5.831867">
        <ele>1220.196837</ele>
        <time>2026-04-04T02:57:23.018Z</time>
      </trkpt>
      <trkpt lat="45.341253" lon="5.832553">
        <ele>1233.263881</ele>
        <time>2026-04-04T02:58:59.457Z</time>
      </trkpt>
      <trkpt lat="45.341349" lon="5.833216">
        <ele>1247.389451</ele>
        <time>2026-04-04T03:00:44.719Z</time>
      </trkpt>
      <trkpt lat="45.341284" lon="5.833678">
        <ele>1257.172912</ele>
        <time>2026-04-04T03:01:59.451Z</time>
      </trkpt>
      <trkpt lat="45.341373" lon="5.835308">
        <ele>1284.370742</ele>
        <time>2026-04-04T03:05:06.227Z</time>
      </trkpt>
      <trkpt lat="45.341333" lon="5.835632">
        <ele>1288.22741</ele>
        <time>2026-04-04T03:05:31.397Z</time>
      </trkpt>
      <trkpt lat="45.341235" lon="5.835808">
        <ele>1290.859801</ele>
        <time>2026-04-04T03:05:47.650Z</time>
      </trkpt>
      <trkpt lat="45.341113" lon="5.836459">
        <ele>1298.777469</ele>
        <time>2026-04-04T03:06:33.392Z</time>
      </trkpt>
      <trkpt lat="45.340881" lon="5.837164">
        <ele>1309.938217</ele>
        <time>2026-04-04T03:07:26.534Z</time>
      </trkpt>
      <trkpt lat="45.340861" lon="5.837625">
        <ele>1319.993173</ele>
        <time>2026-04-04T03:08:12.718Z</time>
      </trkpt>
      <trkpt lat="45.340959" lon="5.838203">
        <ele>1333.018239</ele>
        <time>2026-04-04T03:09:37.629Z</time>
      </trkpt>
      <trkpt lat="45.340908" lon="5.838455">
        <ele>1338.727085</ele>
        <time>2026-04-04T03:10:23.770Z</time>
      </trkpt>
      <trkpt lat="45.340944" lon="5.838575">
        <ele>1341.567449</ele>
        <time>2026-04-04T03:10:48.199Z</time>
      </trkpt>
      <trkpt lat="45.34129" lon="5.838888">
        <ele>1354.266576</ele>
        <time>2026-04-04T03:12:44.549Z</time>
      </trkpt>
      <trkpt lat="45.341725" lon="5.839151">
        <ele>1367.178905</ele>
        <time>2026-04-04T03:14:53.705Z</time>
      </trkpt>
      <trkpt lat="45.342114" lon="5.839302">
        <ele>1376.830404</ele>
        <time>2026-04-04T03:16:22.089Z</time>
      </trkpt>
      <trkpt lat="45.342284" lon="5.839435">
        <ele>1381.474189</ele>
        <time>2026-04-04T03:16:55.596Z</time>
      </trkpt>
      <trkpt lat="45.342405" lon="5.83965">
        <ele>1386.107998</ele>
        <time>2026-04-04T03:17:24.895Z</time>
      </trkpt>
      <trkpt lat="45.342484" lon="5.840131">
        <ele>1394.418308</ele>
        <time>2026-04-04T03:18:04.395Z</time>
      </trkpt>
      <trkpt lat="45.342842" lon="5.840691">
        <ele>1405.973478</ele>
        <time>2026-04-04T03:18:51.396Z</time>
      </trkpt>
      <trkpt lat="45.34288" lon="5.841034">
        <ele>1409.305898</ele>
        <time>2026-04-04T03:19:12.192Z</time>
      </trkpt>
      <trkpt lat="45.34284" lon="5.841565">
        <ele>1414.431102</ele>
        <time>2026-04-04T03:19:47.111Z</time>
      </trkpt>
      <trkpt lat="45.342711" lon="5.842077">
        <ele>1419.650947</ele>
        <time>2026-04-04T03:20:27.883Z</time>
      </trkpt>
      <trkpt lat="45.342969" lon="5.84207">
        <ele>1423.263508</ele>
        <time>2026-04-04T03:20:59.042Z</time>
      </trkpt>
      <trkpt lat="45.342951" lon="5.842178">
        <ele>1424.328727</ele>
        <time>2026-04-04T03:21:08.479Z</time>
      </trkpt>
      <trkpt lat="45.342731" lon="5.842599">
        <ele>1429.456202</ele>
        <time>2026-04-04T03:21:54.543Z</time>
      </trkpt>
      <trkpt lat="45.34239" lon="5.843007">
        <ele>1436.803939</ele>
        <time>2026-04-04T03:22:50.167Z</time>
      </trkpt>
      <trkpt lat="45.342308" lon="5.843376">
        <ele>1441.289774</ele>
        <time>2026-04-04T03:23:21.192Z</time>
      </trkpt>
      <trkpt lat="45.341961" lon="5.843833">
        <ele>1449.087655</ele>
        <time>2026-04-04T03:24:13.904Z</time>
      </trkpt>
      <trkpt lat="45.341695" lon="5.84441">
        <ele>1457.086076</ele>
        <time>2026-04-04T03:25:08.831Z</time>
      </trkpt>
      <trkpt lat="45.341648" lon="5.844608">
        <ele>1459.697932</ele>
        <time>2026-04-04T03:25:26.342Z</time>
      </trkpt>
      <trkpt lat="45.342047" lon="5.844174">
        <ele>1469.668018</ele>
        <time>2026-04-04T03:26:31.807Z</time>
      </trkpt>
      <trkpt lat="45.342505" lon="5.843926">
        <ele>1479.395914</ele>
        <time>2026-04-04T03:27:45.180Z</time>
      </trkpt>
      <trkpt lat="45.342773" lon="5.843683">
        <ele>1485.704464</ele>
        <time>2026-04-04T03:28:35.145Z</time>
      </trkpt>
      <trkpt lat="45.343185" lon="5.843662">
        <ele>1493.888257</ele>
        <time>2026-04-04T03:29:36.001Z</time>
      </trkpt>
      <trkpt lat="45.343425" lon="5.843483">
        <ele>1497.061855</ele>
        <time>2026-04-04T03:30:10.143Z</time>
      </trkpt>
      <trkpt lat="45.343557" lon="5.84345">
        <ele>1498.545032</ele>
        <time>2026-04-04T03:30:25.559Z</time>
      </trkpt>
      <trkpt lat="45.34327" lon="5.844111">
        <ele>1504.610589</ele>
        <time>2026-04-04T03:31:20.523Z</time>
      </trkpt>
      <trkpt lat="45.343057" lon="5.844165">
        <ele>1507.004915</ele>
        <time>2026-04-04T03:31:37.679Z</time>
      </trkpt>
      <trkpt lat="45.342489" lon="5.844907">
        <ele>1515.074685</ele>
        <time>2026-04-04T03:32:33.195Z</time>
      </trkpt>
      <trkpt lat="45.342318" lon="5.84524">
        <ele>1517.180614</ele>
        <time>2026-04-04T03:32:54.273Z</time>
      </trkpt>
      <trkpt lat="45.342275" lon="5.845568">
        <ele>1518.884418</ele>
        <time>2026-04-04T03:33:11.985Z</time>
      </trkpt>
      <trkpt lat="45.342491" lon="5.846184">
        <ele>1522.399708</ele>
        <time>2026-04-04T03:33:50.644Z</time>
      </trkpt>
      <trkpt lat="45.34258" lon="5.846691">
        <ele>1525.068196</ele>
        <time>2026-04-04T03:34:21.217Z</time>
      </trkpt>
      <trkpt lat="45.34259" lon="5.847884">
        <ele>1530.558875</ele>
        <time>2026-04-04T03:35:29.725Z</time>
      </trkpt>
      <trkpt lat="45.342673" lon="5.848109">
        <ele>1531.648632</ele>
        <time>2026-04-04T03:35:43.543Z</time>
      </trkpt>
      <trkpt lat="45.34282" lon="5.848826">
        <ele>1534.851695</ele>
        <time>2026-04-04T03:36:22.530Z</time>
      </trkpt>
      <trkpt lat="45.342801" lon="5.849088">
        <ele>1535.981268</ele>
        <time>2026-04-04T03:36:35.741Z</time>
      </trkpt>
      <trkpt lat="45.342731" lon="5.849292">
        <ele>1536.954831</ele>
        <time>2026-04-04T03:36:46.838Z</time>
      </trkpt>
      <trkpt lat="45.342605" lon="5.849868">
        <ele>1537.802087</ele>
        <time>2026-04-04T03:37:14.951Z</time>
      </trkpt>
      <trkpt lat="45.34246" lon="5.850184">
        <ele>1537.283269</ele>
        <time>2026-04-04T03:37:31.976Z</time>
      </trkpt>
      <trkpt lat="45.341998" lon="5.850869">
        <ele>1535.974085</ele>
        <time>2026-04-04T03:38:07.880Z</time>
      </trkpt>
      <trkpt lat="45.341392" lon="5.851278">
        <ele>1534.594954</ele>
        <time>2026-04-04T03:38:35.467Z</time>
      </trkpt>
      <trkpt lat="45.341029" lon="5.851361">
        <ele>1532.948841</ele>
        <time>2026-04-04T03:38:50.958Z</time>
      </trkpt>
      <trkpt lat="45.340841" lon="5.851497">
        <ele>1532.004546</ele>
        <time>2026-04-04T03:39:00.047Z</time>
      </trkpt>
      <trkpt lat="45.340711" lon="5.851683">
        <ele>1531.179068</ele>
        <time>2026-04-04T03:39:07.875Z</time>
      </trkpt>
      <trkpt lat="45.340652" lon="5.851921">
        <ele>1530.384853</ele>
        <time>2026-04-04T03:39:15.511Z</time>
      </trkpt>
      <trkpt lat="45.340507" lon="5.852021">
        <ele>1529.663389</ele>
        <time>2026-04-04T03:39:22.579Z</time>
      </trkpt>
      <trkpt lat="45.340675" lon="5.852249">
        <ele>1528.623856</ele>
        <time>2026-04-04T03:39:32.879Z</time>
      </trkpt>
      <trkpt lat="45.341173" lon="5.852485">
        <ele>1526.445068</ele>
        <time>2026-04-04T03:39:56.789Z</time>
      </trkpt>
      <trkpt lat="45.341022" lon="5.852549">
        <ele>1526.058254</ele>
        <time>2026-04-04T03:40:04.167Z</time>
      </trkpt>
      <trkpt lat="45.341127" lon="5.852764">
        <ele>1525.606482</ele>
        <time>2026-04-04T03:40:12.756Z</time>
      </trkpt>
      <trkpt lat="45.341323" lon="5.852806">
        <ele>1525.119865</ele>
        <time>2026-04-04T03:40:21.847Z</time>
      </trkpt>
      <trkpt lat="45.341791" lon="5.853171">
        <ele>1523.809588</ele>
        <time>2026-04-04T03:40:45.970Z</time>
      </trkpt>
      <trkpt lat="45.342191" lon="5.853289">
        <ele>1522.806679</ele>
        <time>2026-04-04T03:41:04.254Z</time>
      </trkpt>
      <trkpt lat="45.342304" lon="5.853429">
        <ele>1522.438815</ele>
        <time>2026-04-04T03:41:11.006Z</time>
      </trkpt>
      <trkpt lat="45.342636" lon="5.853493">
        <ele>1521.885167</ele>
        <time>2026-04-04T03:41:26.357Z</time>
      </trkpt>
      <trkpt lat="45.343752" lon="5.854115">
        <ele>1520.199609</ele>
        <time>2026-04-04T03:42:23.034Z</time>
      </trkpt>
      <trkpt lat="45.344279" lon="5.854437">
        <ele>1519.175097</ele>
        <time>2026-04-04T03:42:49.879Z</time>
      </trkpt>
      <trkpt lat="45.344476" lon="5.854459">
        <ele>1518.710659</ele>
        <time>2026-04-04T03:42:59.088Z</time>
      </trkpt>
      <trkpt lat="45.344671" lon="5.854759">
        <ele>1518.035645</ele>
        <time>2026-04-04T03:43:12.555Z</time>
      </trkpt>
      <trkpt lat="45.345214" lon="5.855038">
        <ele>1516.678749</ele>
        <time>2026-04-04T03:43:39.071Z</time>
      </trkpt>
      <trkpt lat="45.345441" lon="5.85521">
        <ele>1516.074287</ele>
        <time>2026-04-04T03:43:50.627Z</time>
      </trkpt>
      <trkpt lat="45.345788" lon="5.855339">
        <ele>1514.563539</ele>
        <time>2026-04-04T03:44:06.479Z</time>
      </trkpt>
      <trkpt lat="45.346331" lon="5.855424">
        <ele>1510.012042</ele>
        <time>2026-04-04T03:44:29.797Z</time>
      </trkpt>
      <trkpt lat="45.346451" lon="5.855617">
        <ele>1508.503095</ele>
        <time>2026-04-04T03:44:37.270Z</time>
      </trkpt>
      <trkpt lat="45.346783" lon="5.855768">
        <ele>1505.599032</ele>
        <time>2026-04-04T03:44:51.070Z</time>
      </trkpt>
      <trkpt lat="45.347371" lon="5.856562">
        <ele>1498.181512</ele>
        <time>2026-04-04T03:45:21.866Z</time>
      </trkpt>
      <trkpt lat="45.347889" lon="5.85766">
        <ele>1487.37873</ele>
        <time>2026-04-04T03:45:57.108Z</time>
      </trkpt>
      <trkpt lat="45.348004" lon="5.857785">
        <ele>1485.69935</ele>
        <time>2026-04-04T03:46:02.619Z</time>
      </trkpt>
      <trkpt lat="45.348024" lon="5.858205">
        <ele>1482.266075</ele>
        <time>2026-04-04T03:46:13.949Z</time>
      </trkpt>
      <trkpt lat="45.347187" lon="5.858862">
        <ele>1473.875563</ele>
        <time>2026-04-04T03:46:52.482Z</time>
      </trkpt>
      <trkpt lat="45.346833" lon="5.859586">
        <ele>1468.979642</ele>
        <time>2026-04-04T03:47:17.588Z</time>
      </trkpt>
      <trkpt lat="45.346232" lon="5.860339">
        <ele>1464.637764</ele>
        <time>2026-04-04T03:47:50.658Z</time>
      </trkpt>
      <trkpt lat="45.346268" lon="5.860568">
        <ele>1464.251413</ele>
        <time>2026-04-04T03:47:57.969Z</time>
      </trkpt>
      <trkpt lat="45.346226" lon="5.860828">
        <ele>1463.82984</ele>
        <time>2026-04-04T03:48:06.081Z</time>
      </trkpt>
      <trkpt lat="45.346309" lon="5.861095">
        <ele>1463.36849</ele>
        <time>2026-04-04T03:48:15.131Z</time>
      </trkpt>
      <trkpt lat="45.346319" lon="5.86137">
        <ele>1462.933346</ele>
        <time>2026-04-04T03:48:23.905Z</time>
      </trkpt>
      <trkpt lat="45.346234" lon="5.862324">
        <ele>1461.404826</ele>
        <time>2026-04-04T03:48:57.876Z</time>
      </trkpt>
      <trkpt lat="45.346322" lon="5.862431">
        <ele>1461.996112</ele>
        <time>2026-04-04T03:49:04.387Z</time>
      </trkpt>
      <trkpt lat="45.34649" lon="5.862916">
        <ele>1464.173956</ele>
        <time>2026-04-04T03:49:27.874Z</time>
      </trkpt>
      <trkpt lat="45.346444" lon="5.863045">
        <ele>1464.756589</ele>
        <time>2026-04-04T03:49:35.413Z</time>
      </trkpt>
      <trkpt lat="45.34646" lon="5.863301">
        <ele>1465.791767</ele>
        <time>2026-04-04T03:49:50.224Z</time>
      </trkpt>
      <trkpt lat="45.346582" lon="5.863546">
        <ele>1467.001153</ele>
        <time>2026-04-04T03:50:06.924Z</time>
      </trkpt>
      <trkpt lat="45.346607" lon="5.863765">
        <ele>1467.894792</ele>
        <time>2026-04-04T03:50:18.844Z</time>
      </trkpt>
      <trkpt lat="45.346701" lon="5.863963">
        <ele>1468.857185</ele>
        <time>2026-04-04T03:50:31.159Z</time>
      </trkpt>
      <trkpt lat="45.346673" lon="5.864139">
        <ele>1469.584004</ele>
        <time>2026-04-04T03:50:39.453Z</time>
      </trkpt>
      <trkpt lat="45.346705" lon="5.864409">
        <ele>1470.686852</ele>
        <time>2026-04-04T03:50:51.232Z</time>
      </trkpt>
      <trkpt lat="45.346669" lon="5.864608">
        <ele>1471.514501</ele>
        <time>2026-04-04T03:50:59.473Z</time>
      </trkpt>
      <trkpt lat="45.347069" lon="5.864645">
        <ele>1466.154288</ele>
        <time>2026-04-04T03:51:19.317Z</time>
      </trkpt>
      <trkpt lat="45.34789" lon="5.865012">
        <ele>1453.275439</ele>
        <time>2026-04-04T03:51:52.423Z</time>
      </trkpt>
      <trkpt lat="45.348336" lon="5.865016">
        <ele>1446.615749</ele>
        <time>2026-04-04T03:52:10.098Z</time>
      </trkpt>
      <trkpt lat="45.348774" lon="5.864844">
        <ele>1434.7767</ele>
        <time>2026-04-04T03:52:28.811Z</time>
      </trkpt>
      <trkpt lat="45.349151" lon="5.86478">
        <ele>1423.381507</ele>
        <time>2026-04-04T03:52:44.992Z</time>
      </trkpt>
      <trkpt lat="45.349244" lon="5.86461">
        <ele>1418.837429</ele>
        <time>2026-04-04T03:52:51.397Z</time>
      </trkpt>
      <trkpt lat="45.351964" lon="5.862575">
        <ele>1334.251213</ele>
        <time>2026-04-04T03:55:01.538Z</time>
      </trkpt>
      <trkpt lat="45.352272" lon="5.862484">
        <ele>1327.724997</ele>
        <time>2026-04-04T03:55:13.222Z</time>
      </trkpt>
      <trkpt lat="45.353358" lon="5.862419">
        <ele>1305.174335</ele>
        <time>2026-04-04T03:55:53.839Z</time>
      </trkpt>
      <trkpt lat="45.354051" lon="5.862527">
        <ele>1292.513186</ele>
        <time>2026-04-04T03:56:19.935Z</time>
      </trkpt>
      <trkpt lat="45.355316" lon="5.862848">
        <ele>1269.971513</ele>
        <time>2026-04-04T03:57:08.084Z</time>
      </trkpt>
      <trkpt lat="45.35559" lon="5.863031">
        <ele>1265.76461</ele>
        <time>2026-04-04T03:57:19.464Z</time>
      </trkpt>
      <trkpt lat="45.355992" lon="5.862486">
        <ele>1257.992568</ele>
        <time>2026-04-04T03:57:37.397Z</time>
      </trkpt>
      <trkpt lat="45.356389" lon="5.862488">
        <ele>1252.474617</ele>
        <time>2026-04-04T03:57:50.150Z</time>
      </trkpt>
      <trkpt lat="45.356854" lon="5.862303">
        <ele>1246.249701</ele>
        <time>2026-04-04T03:58:05.782Z</time>
      </trkpt>
      <trkpt lat="45.357109" lon="5.862265">
        <ele>1244.416467</ele>
        <time>2026-04-04T03:58:14.193Z</time>
      </trkpt>
      <trkpt lat="45.357087" lon="5.862503">
        <ele>1243.210394</ele>
        <time>2026-04-04T03:58:20.903Z</time>
      </trkpt>
      <trkpt lat="45.357148" lon="5.862873">
        <ele>1241.300944</ele>
        <time>2026-04-04T03:58:31.796Z</time>
      </trkpt>
      <trkpt lat="45.357373" lon="5.863341">
        <ele>1238.438257</ele>
        <time>2026-04-04T03:58:48.573Z</time>
      </trkpt>
      <trkpt lat="45.357901" lon="5.86344">
        <ele>1234.6304</ele>
        <time>2026-04-04T03:59:11.416Z</time>
      </trkpt>
      <trkpt lat="45.35817" lon="5.863723">
        <ele>1234.288601</ele>
        <time>2026-04-04T03:59:26.057Z</time>
      </trkpt>
      <trkpt lat="45.358403" lon="5.863871">
        <ele>1234.709734</ele>
        <time>2026-04-04T03:59:37.383Z</time>
      </trkpt>
      <trkpt lat="45.359235" lon="5.864068">
        <ele>1236.104891</ele>
        <time>2026-04-04T04:00:18.167Z</time>
      </trkpt>
      <trkpt lat="45.359468" lon="5.864216">
        <ele>1236.526022</ele>
        <time>2026-04-04T04:00:34.221Z</time>
      </trkpt>
      <trkpt lat="45.359876" lon="5.864327">
        <ele>1239.625222</ele>
        <time>2026-04-04T04:01:08.608Z</time>
      </trkpt>
      <trkpt lat="45.360179" lon="5.864709">
        <ele>1245.052347</ele>
        <time>2026-04-04T04:01:48.577Z</time>
      </trkpt>
      <trkpt lat="45.360205" lon="5.864845">
        <ele>1246.380125</ele>
        <time>2026-04-04T04:01:59.093Z</time>
      </trkpt>
      <trkpt lat="45.360153" lon="5.86519">
        <ele>1249.704169</ele>
        <time>2026-04-04T04:02:25.461Z</time>
      </trkpt>
      <trkpt lat="45.359789" lon="5.865942">
        <ele>1258.316172</ele>
        <time>2026-04-04T04:03:28.387Z</time>
      </trkpt>
      <trkpt lat="45.359694" lon="5.866348">
        <ele>1261.180192</ele>
        <time>2026-04-04T04:03:53.311Z</time>
      </trkpt>
      <trkpt lat="45.359538" lon="5.867236">
        <ele>1262.402079</ele>
        <time>2026-04-04T04:04:29.283Z</time>
      </trkpt>
      <trkpt lat="45.359547" lon="5.867507">
        <ele>1262.763856</ele>
        <time>2026-04-04T04:04:38.006Z</time>
      </trkpt>
      <trkpt lat="45.359685" lon="5.867593">
        <ele>1263.049756</ele>
        <time>2026-04-04T04:04:44.721Z</time>
      </trkpt>
      <trkpt lat="45.359936" lon="5.867618">
        <ele>1263.527262</ele>
        <time>2026-04-04T04:04:55.651Z</time>
      </trkpt>
      <trkpt lat="45.360144" lon="5.867507">
        <ele>1263.948837</ele>
        <time>2026-04-04T04:05:05.330Z</time>
      </trkpt>
      <trkpt lat="45.360282" lon="5.867297">
        <ele>1264.332247</ele>
        <time>2026-04-04T04:05:14.456Z</time>
      </trkpt>
      <trkpt lat="45.360941" lon="5.86678">
        <ele>1272.788613</ele>
        <time>2026-04-04T04:05:57.659Z</time>
      </trkpt>
      <trkpt lat="45.361209" lon="5.866656">
        <ele>1276.08892</ele>
        <time>2026-04-04T04:06:23.702Z</time>
      </trkpt>
      <trkpt lat="45.361564" lon="5.867088">
        <ele>1281.585679</ele>
        <time>2026-04-04T04:07:14.328Z</time>
      </trkpt>
      <trkpt lat="45.36159" lon="5.867334">
        <ele>1283.632705</ele>
        <time>2026-04-04T04:07:34.771Z</time>
      </trkpt>
      <trkpt lat="45.361516" lon="5.86736">
        <ele>1284.525354</ele>
        <time>2026-04-04T04:07:44.241Z</time>
      </trkpt>
      <trkpt lat="45.361342" lon="5.867667">
        <ele>1288.011704</ele>
        <time>2026-04-04T04:08:18.957Z</time>
      </trkpt>
      <trkpt lat="45.361373" lon="5.868074">
        <ele>1291.797402</ele>
        <time>2026-04-04T04:08:54.260Z</time>
      </trkpt>
      <trkpt lat="45.361638" lon="5.868357">
        <ele>1296.08251</ele>
        <time>2026-04-04T04:09:29.630Z</time>
      </trkpt>
      <trkpt lat="45.362023" lon="5.868996">
        <ele>1303.732232</ele>
        <time>2026-04-04T04:10:17.881Z</time>
      </trkpt>
      <trkpt lat="45.362264" lon="5.869301">
        <ele>1307.90342</ele>
        <time>2026-04-04T04:10:36.400Z</time>
      </trkpt>
      <trkpt lat="45.362522" lon="5.869739">
        <ele>1310.68587</ele>
        <time>2026-04-04T04:10:57.643Z</time>
      </trkpt>
      <trkpt lat="45.362641" lon="5.869639">
        <ele>1311.470443</ele>
        <time>2026-04-04T04:11:04.752Z</time>
      </trkpt>
      <trkpt lat="45.362694" lon="5.869357">
        <ele>1312.634881</ele>
        <time>2026-04-04T04:11:15.448Z</time>
      </trkpt>
      <trkpt lat="45.36331" lon="5.869344">
        <ele>1316.132487</ele>
        <time>2026-04-04T04:11:50.054Z</time>
      </trkpt>
      <trkpt lat="45.363747" lon="5.869608">
        <ele>1318.827713</ele>
        <time>2026-04-04T04:12:23.367Z</time>
      </trkpt>
      <trkpt lat="45.363862" lon="5.869728">
        <ele>1320.540633</ele>
        <time>2026-04-04T04:12:35.250Z</time>
      </trkpt>
      <trkpt lat="45.364298" lon="5.870535">
        <ele>1329.865969</ele>
        <time>2026-04-04T04:13:42.203Z</time>
      </trkpt>
      <trkpt lat="45.364555" lon="5.871628">
        <ele>1340.454537</ele>
        <time>2026-04-04T04:14:56.306Z</time>
      </trkpt>
      <trkpt lat="45.364676" lon="5.871829">
        <ele>1343.018765</ele>
        <time>2026-04-04T04:15:12.528Z</time>
      </trkpt>
      <trkpt lat="45.365035" lon="5.872022">
        <ele>1348.659609</ele>
        <time>2026-04-04T04:15:44.721Z</time>
      </trkpt>
      <trkpt lat="45.365378" lon="5.872307">
        <ele>1354.537994</ele>
        <time>2026-04-04T04:16:19.100Z</time>
      </trkpt>
      <trkpt lat="45.366175" lon="5.872321">
        <ele>1366.271047</ele>
        <time>2026-04-04T04:17:37.698Z</time>
      </trkpt>
      <trkpt lat="45.366495" lon="5.872451">
        <ele>1371.136802</ele>
        <time>2026-04-04T04:18:13.645Z</time>
      </trkpt>
      <trkpt lat="45.366801" lon="5.872752">
        <ele>1376.472168</ele>
        <time>2026-04-04T04:18:53.389Z</time>
      </trkpt>
      <trkpt lat="45.367098" lon="5.873212">
        <ele>1382.767997</ele>
        <time>2026-04-04T04:19:37.372Z</time>
      </trkpt>
      <trkpt lat="45.367208" lon="5.873294">
        <ele>1384.549107</ele>
        <time>2026-04-04T04:19:49.163Z</time>
      </trkpt>
      <trkpt lat="45.367508" lon="5.873406">
        <ele>1389.01999</ele>
        <time>2026-04-04T04:20:16.855Z</time>
      </trkpt>
      <trkpt lat="45.367934" lon="5.873727">
        <ele>1395.393471</ele>
        <time>2026-04-04T04:20:53.452Z</time>
      </trkpt>
      <trkpt lat="45.368614" lon="5.873999">
        <ele>1401.254114</ele>
        <time>2026-04-04T04:21:38.571Z</time>
      </trkpt>
      <trkpt lat="45.369205" lon="5.87402">
        <ele>1406.159284</ele>
        <time>2026-04-04T04:22:16.677Z</time>
      </trkpt>
      <trkpt lat="45.370645" lon="5.873762">
        <ele>1425.132704</ele>
        <time>2026-04-04T04:24:18.363Z</time>
      </trkpt>
      <trkpt lat="45.37131" lon="5.873772">
        <ele>1435.066792</ele>
        <time>2026-04-04T04:25:30.710Z</time>
      </trkpt>
      <trkpt lat="45.372105" lon="5.873957">
        <ele>1446.438913</ele>
        <time>2026-04-04T04:26:57.809Z</time>
      </trkpt>
      <trkpt lat="45.373494" lon="5.874547">
        <ele>1464.238471</ele>
        <time>2026-04-04T04:28:53.314Z</time>
      </trkpt>
      <trkpt lat="45.374731" lon="5.874404">
        <ele>1473.171513</ele>
        <time>2026-04-04T04:30:08.023Z</time>
      </trkpt>
      <trkpt lat="45.375548" lon="5.874545">
        <ele>1483.464785</ele>
        <time>2026-04-04T04:31:12.097Z</time>
      </trkpt>
      <trkpt lat="45.375843" lon="5.874723">
        <ele>1487.972656</ele>
        <time>2026-04-04T04:31:41.894Z</time>
      </trkpt>
      <trkpt lat="45.37619" lon="5.874843">
        <ele>1492.996686</ele>
        <time>2026-04-04T04:32:17.182Z</time>
      </trkpt>
      <trkpt lat="45.377248" lon="5.874843">
        <ele>1510.227526</ele>
        <time>2026-04-04T04:34:09.729Z</time>
      </trkpt>
      <trkpt lat="45.377691" lon="5.874754">
        <ele>1518.355954</ele>
        <time>2026-04-04T04:34:58.712Z</time>
      </trkpt>
      <trkpt lat="45.378301" lon="5.874995">
        <ele>1529.85764</ele>
        <time>2026-04-04T04:36:07.335Z</time>
      </trkpt>
      <trkpt lat="45.3788" lon="5.875059">
        <ele>1538.553016</ele>
        <time>2026-04-04T04:37:00.301Z</time>
      </trkpt>
      <trkpt lat="45.380027" lon="5.875371">
        <ele>1559.768045</ele>
        <time>2026-04-04T04:39:06.890Z</time>
      </trkpt>
      <trkpt lat="45.382023" lon="5.875521">
        <ele>1572.884603</ele>
        <time>2026-04-04T04:41:45.007Z</time>
      </trkpt>
      <trkpt lat="45.382237" lon="5.875376">
        <ele>1564.940594</ele>
        <time>2026-04-04T04:41:54.034Z</time>
      </trkpt>
      <trkpt lat="45.382698" lon="5.874094">
        <ele>1531.683662</ele>
        <time>2026-04-04T04:42:41.102Z</time>
      </trkpt>
      <trkpt lat="45.383214" lon="5.873198">
        <ele>1505.979199</ele>
        <time>2026-04-04T04:43:22.661Z</time>
      </trkpt>
      <trkpt lat="45.384205" lon="5.872247">
        <ele>1471.145274</ele>
        <time>2026-04-04T04:44:09.866Z</time>
      </trkpt>
      <trkpt lat="45.384383" lon="5.872653">
        <ele>1461.288031</ele>
        <time>2026-04-04T04:44:24.769Z</time>
      </trkpt>
      <trkpt lat="45.384454" lon="5.873722">
        <ele>1440.150695</ele>
        <time>2026-04-04T04:44:58.587Z</time>
      </trkpt>
      <trkpt lat="45.384738" lon="5.87434">
        <ele>1425.707145</ele>
        <time>2026-04-04T04:45:23.557Z</time>
      </trkpt>
      <trkpt lat="45.385991" lon="5.876072">
        <ele>1368.286914</ele>
        <time>2026-04-04T04:46:53.148Z</time>
      </trkpt>
      <trkpt lat="45.386514" lon="5.876676">
        <ele>1344.600834</ele>
        <time>2026-04-04T04:47:29.180Z</time>
      </trkpt>
      <trkpt lat="45.387473" lon="5.877571">
        <ele>1302.878113</ele>
        <time>2026-04-04T04:48:31.272Z</time>
      </trkpt>
      <trkpt lat="45.388711" lon="5.87916">
        <ele>1247.564128</ele>
        <time>2026-04-04T04:49:56.019Z</time>
      </trkpt>
      <trkpt lat="45.388997" lon="5.87965">
        <ele>1233.40232</ele>
        <time>2026-04-04T04:50:17.674Z</time>
      </trkpt>
      <trkpt lat="45.389805" lon="5.880768">
        <ele>1197.439549</ele>
        <time>2026-04-04T04:51:12.718Z</time>
      </trkpt>
      <trkpt lat="45.389975" lon="5.881111">
        <ele>1188.014406</ele>
        <time>2026-04-04T04:51:27.494Z</time>
      </trkpt>
      <trkpt lat="45.390244" lon="5.881483">
        <ele>1176.026933</ele>
        <time>2026-04-04T04:51:46.654Z</time>
      </trkpt>
      <trkpt lat="45.390665" lon="5.881961">
        <ele>1158.09239</ele>
        <time>2026-04-04T04:52:14.630Z</time>
      </trkpt>
      <trkpt lat="45.391017" lon="5.882504">
        <ele>1140.311085</ele>
        <time>2026-04-04T04:52:41.831Z</time>
      </trkpt>
      <trkpt lat="45.391619" lon="5.883116">
        <ele>1114.967266</ele>
        <time>2026-04-04T04:53:19.987Z</time>
      </trkpt>
      <trkpt lat="45.392132" lon="5.884265">
        <ele>1083.841802</ele>
        <time>2026-04-04T04:54:08.743Z</time>
      </trkpt>
      <trkpt lat="45.3929" lon="5.88472">
        <ele>1057.230695</ele>
        <time>2026-04-04T04:54:49.946Z</time>
      </trkpt>
      <trkpt lat="45.393139" lon="5.884989">
        <ele>1047.652993</ele>
        <time>2026-04-04T04:55:04.924Z</time>
      </trkpt>
      <trkpt lat="45.393599" lon="5.88502">
        <ele>1033.938892</ele>
        <time>2026-04-04T04:55:27.394Z</time>
      </trkpt>
      <trkpt lat="45.393716" lon="5.885082">
        <ele>1030.221217</ele>
        <time>2026-04-04T04:55:33.418Z</time>
      </trkpt>
      <trkpt lat="45.393863" lon="5.885279">
        <ele>1024.147986</ele>
        <time>2026-04-04T04:55:43.220Z</time>
      </trkpt>
      <trkpt lat="45.394053" lon="5.885795">
        <ele>1011.963759</ele>
        <time>2026-04-04T04:56:02.802Z</time>
      </trkpt>
      <trkpt lat="45.394565" lon="5.886343">
        <ele>993.311871</ele>
        <time>2026-04-04T04:56:33.784Z</time>
      </trkpt>
      <trkpt lat="45.39489" lon="5.886551">
        <ele>984.049279</ele>
        <time>2026-04-04T04:56:51.163Z</time>
      </trkpt>
      <trkpt lat="45.395384" lon="5.887048">
        <ele>968.325943</ele>
        <time>2026-04-04T04:57:20.378Z</time>
      </trkpt>
      <trkpt lat="45.395979" lon="5.887397">
        <ele>951.597894</ele>
        <time>2026-04-04T04:57:49.610Z</time>
      </trkpt>
      <trkpt lat="45.396332" lon="5.887799">
        <ele>948.957607</ele>
        <time>2026-04-04T04:58:09.806Z</time>
      </trkpt>
      <trkpt lat="45.396553" lon="5.887931">
        <ele>948.63792</ele>
        <time>2026-04-04T04:58:21.044Z</time>
      </trkpt>
      <trkpt lat="45.396457" lon="5.888022">
        <ele>948.484084</ele>
        <time>2026-04-04T04:58:26.021Z</time>
      </trkpt>
      <trkpt lat="45.39625" lon="5.888063">
        <ele>948.205294</ele>
        <time>2026-04-04T04:58:35.516Z</time>
      </trkpt>
      <trkpt lat="45.39622" lon="5.888186">
        <ele>948.083326</ele>
        <time>2026-04-04T04:58:40.068Z</time>
      </trkpt>
      <trkpt lat="45.396138" lon="5.888255">
        <ele>947.956273</ele>
        <time>2026-04-04T04:58:45.086Z</time>
      </trkpt>
      <trkpt lat="45.395643" lon="5.888565">
        <ele>947.234928</ele>
        <time>2026-04-04T04:59:23.725Z</time>
      </trkpt>
      <trkpt lat="45.395613" lon="5.88848">
        <ele>947.145815</ele>
        <time>2026-04-04T04:59:30.220Z</time>
      </trkpt>
      <trkpt lat="45.395379" lon="5.888369">
        <ele>949.678473</ele>
        <time>2026-04-04T04:59:57.420Z</time>
      </trkpt>
      <trkpt lat="45.394995" lon="5.888345">
        <ele>955.384404</ele>
        <time>2026-04-04T05:00:37.287Z</time>
      </trkpt>
      <trkpt lat="45.394915" lon="5.888456">
        <ele>957.034064</ele>
        <time>2026-04-04T05:00:47.656Z</time>
      </trkpt>
      <trkpt lat="45.394704" lon="5.88857">
        <ele>960.367169</ele>
        <time>2026-04-04T05:01:07.450Z</time>
      </trkpt>
      <trkpt lat="45.394551" lon="5.888556">
        <ele>962.631556</ele>
        <time>2026-04-04T05:01:20.754Z</time>
      </trkpt>
      <trkpt lat="45.394443" lon="5.888728">
        <ele>965.024586</ele>
        <time>2026-04-04T05:01:35.283Z</time>
      </trkpt>
      <trkpt lat="45.394427" lon="5.889088">
        <ele>968.765775</ele>
        <time>2026-04-04T05:02:03.380Z</time>
      </trkpt>
      <trkpt lat="45.394494" lon="5.889692">
        <ele>975.742452</ele>
        <time>2026-04-04T05:02:54.531Z</time>
      </trkpt>
      <trkpt lat="45.394334" lon="5.890021">
        <ele>981.31395</ele>
        <time>2026-04-04T05:03:28.859Z</time>
      </trkpt>
      <trkpt lat="45.394145" lon="5.890042">
        <ele>985.072375</ele>
        <time>2026-04-04T05:03:50.489Z</time>
      </trkpt>
      <trkpt lat="45.393974" lon="5.89024">
        <ele>989.441809</ele>
        <time>2026-04-04T05:04:15.538Z</time>
      </trkpt>
      <trkpt lat="45.393904" lon="5.890139">
        <ele>991.417453</ele>
        <time>2026-04-04T05:04:27.872Z</time>
      </trkpt>
      <trkpt lat="45.393893" lon="5.889962">
        <ele>993.891295</ele>
        <time>2026-04-04T05:04:44.433Z</time>
      </trkpt>
      <trkpt lat="45.393802" lon="5.889942">
        <ele>995.716784</ele>
        <time>2026-04-04T05:04:58.165Z</time>
      </trkpt>
      <trkpt lat="45.393577" lon="5.890042">
        <ele>1000.389751</ele>
        <time>2026-04-04T05:05:36.123Z</time>
      </trkpt>
      <trkpt lat="45.393309" lon="5.890266">
        <ele>1006.550612</ele>
        <time>2026-04-04T05:06:29.324Z</time>
      </trkpt>
      <trkpt lat="45.392951" lon="5.890337">
        <ele>1012.84</ele>
        <time>2026-04-04T05:07:29.960Z</time>
      </trkpt>
      <trkpt lat="45.392613" lon="5.890541">
        <ele>1018.680609</ele>
        <time>2026-04-04T05:08:20.830Z</time>
      </trkpt>
      <trkpt lat="45.392128" lon="5.890637">
        <ele>1026.489172</ele>
        <time>2026-04-04T05:09:21.293Z</time>
      </trkpt>
      <trkpt lat="45.391957" lon="5.890736">
        <ele>1029.426017</ele>
        <time>2026-04-04T05:09:41.754Z</time>
      </trkpt>
      <trkpt lat="45.391921" lon="5.890824">
        <ele>1030.563882</ele>
        <time>2026-04-04T05:09:49.207Z</time>
      </trkpt>
      <trkpt lat="45.392025" lon="5.891171">
        <ele>1034.780644</ele>
        <time>2026-04-04T05:10:13.035Z</time>
      </trkpt>
      <trkpt lat="45.391945" lon="5.891311">
        <ele>1036.797242</ele>
        <time>2026-04-04T05:10:24.366Z</time>
      </trkpt>
      <trkpt lat="45.39182" lon="5.89137">
        <ele>1037.271564</ele>
        <time>2026-04-04T05:10:34.662Z</time>
      </trkpt>
      <trkpt lat="45.391792" lon="5.891498">
        <ele>1036.337262</ele>
        <time>2026-04-04T05:10:41.217Z</time>
      </trkpt>
      <trkpt lat="45.391881" lon="5.891624">
        <ele>1035.091812</ele>
        <time>2026-04-04T05:10:49.033Z</time>
      </trkpt>
      <trkpt lat="45.391872" lon="5.891711">
        <ele>1034.47897</ele>
        <time>2026-04-04T05:10:52.703Z</time>
      </trkpt>
      <trkpt lat="45.391998" lon="5.892092">
        <ele>1031.544114</ele>
        <time>2026-04-04T05:11:07.918Z</time>
      </trkpt>
      <trkpt lat="45.392499" lon="5.892537">
        <ele>1025.672315</ele>
        <time>2026-04-04T05:11:35.114Z</time>
      </trkpt>
      <trkpt lat="45.393098" lon="5.892764">
        <ele>1018.390484</ele>
        <time>2026-04-04T05:12:02.350Z</time>
      </trkpt>
      <trkpt lat="45.393743" lon="5.893134">
        <ele>996.59667</ele>
        <time>2026-04-04T05:12:36.574Z</time>
      </trkpt>
      <trkpt lat="45.394806" lon="5.893372">
        <ele>962.832176</ele>
        <time>2026-04-04T05:13:32.388Z</time>
      </trkpt>
      <trkpt lat="45.394938" lon="5.893302">
        <ele>958.404023</ele>
        <time>2026-04-04T05:13:39.639Z</time>
      </trkpt>
      <trkpt lat="45.394864" lon="5.893054">
        <ele>952.455411</ele>
        <time>2026-04-04T05:13:49.354Z</time>
      </trkpt>
      <trkpt lat="45.394877" lon="5.892947">
        <ele>950.058184</ele>
        <time>2026-04-04T05:13:53.257Z</time>
      </trkpt>
      <trkpt lat="45.395164" lon="5.893006">
        <ele>940.94207</ele>
        <time>2026-04-04T05:14:08.141Z</time>
      </trkpt>
      <trkpt lat="45.395064" lon="5.892647">
        <ele>932.416062</ele>
        <time>2026-04-04T05:14:21.945Z</time>
      </trkpt>
      <trkpt lat="45.39521" lon="5.892639">
        <ele>927.822778</ele>
        <time>2026-04-04T05:14:29.276Z</time>
      </trkpt>
      <trkpt lat="45.395143" lon="5.892355">
        <ele>921.208865</ele>
        <time>2026-04-04T05:14:39.713Z</time>
      </trkpt>
      <trkpt lat="45.395529" lon="5.892451">
        <ele>908.890287</ele>
        <time>2026-04-04T05:14:58.616Z</time>
      </trkpt>
      <trkpt lat="45.395596" lon="5.892402">
        <ele>906.795183</ele>
        <time>2026-04-04T05:15:02.145Z</time>
      </trkpt>
      <trkpt lat="45.395459" lon="5.892144">
        <ele>902.614175</ele>
        <time>2026-04-04T05:15:13.151Z</time>
      </trkpt>
      <trkpt lat="45.395737" lon="5.89208">
        <ele>897.54989</ele>
        <time>2026-04-04T05:15:26.049Z</time>
      </trkpt>
      <trkpt lat="45.395673" lon="5.891792">
        <ele>893.797966</ele>
        <time>2026-04-04T05:15:35.621Z</time>
      </trkpt>
      <trkpt lat="45.395811" lon="5.891693">
        <ele>891.128518</ele>
        <time>2026-04-04T05:15:42.459Z</time>
      </trkpt>
      <trkpt lat="45.396102" lon="5.891612">
        <ele>885.974316</ele>
        <time>2026-04-04T05:15:55.776Z</time>
      </trkpt>
      <trkpt lat="45.396259" lon="5.891387">
        <ele>882.126411</ele>
        <time>2026-04-04T05:16:05.772Z</time>
      </trkpt>
      <trkpt lat="45.396574" lon="5.89154">
        <ele>876.376784</ele>
        <time>2026-04-04T05:16:18.692Z</time>
      </trkpt>
      <trkpt lat="45.397069" lon="5.891893">
        <ele>872.823731</ele>
        <time>2026-04-04T05:16:41.536Z</time>
      </trkpt>
      <trkpt lat="45.397205" lon="5.891902">
        <ele>872.003151</ele>
        <time>2026-04-04T05:16:47.250Z</time>
      </trkpt>
      <trkpt lat="45.397404" lon="5.891812">
        <ele>870.744714</ele>
        <time>2026-04-04T05:16:55.963Z</time>
      </trkpt>
      <trkpt lat="45.398196" lon="5.892064">
        <ele>865.8535</ele>
        <time>2026-04-04T05:17:30.591Z</time>
      </trkpt>
      <trkpt lat="45.398606" lon="5.891764">
        <ele>864.527318</ele>
        <time>2026-04-04T05:17:51.630Z</time>
      </trkpt>
      <trkpt lat="45.399086" lon="5.891466">
        <ele>863.52336</ele>
        <time>2026-04-04T05:18:12.894Z</time>
      </trkpt>
      <trkpt lat="45.399914" lon="5.89115">
        <ele>861.879792</ele>
        <time>2026-04-04T05:18:47.022Z</time>
      </trkpt>
      <trkpt lat="45.400249" lon="5.890815">
        <ele>860.523808</ele>
        <time>2026-04-04T05:19:02.729Z</time>
      </trkpt>
      <trkpt lat="45.400793" lon="5.89067">
        <ele>858.558627</ele>
        <time>2026-04-04T05:19:23.415Z</time>
      </trkpt>
      <trkpt lat="45.401427" lon="5.890667">
        <ele>856.307608</ele>
        <time>2026-04-04T05:19:46.803Z</time>
      </trkpt>
      <trkpt lat="45.401637" lon="5.890587">
        <ele>855.536011</ele>
        <time>2026-04-04T05:19:55.020Z</time>
      </trkpt>
      <trkpt lat="45.402025" lon="5.889996">
        <ele>853.187628</ele>
        <time>2026-04-04T05:20:17.186Z</time>
      </trkpt>
      <trkpt lat="45.402359" lon="5.889575">
        <ele>851.337784</ele>
        <time>2026-04-04T05:20:34.218Z</time>
      </trkpt>
      <trkpt lat="45.402887" lon="5.889268">
        <ele>848.972472</ele>
        <time>2026-04-04T05:20:55.206Z</time>
      </trkpt>
      <trkpt lat="45.403274" lon="5.88882">
        <ele>846.449352</ele>
        <time>2026-04-04T05:21:12.963Z</time>
      </trkpt>
      <trkpt lat="45.403551" lon="5.888448">
        <ele>844.164791</ele>
        <time>2026-04-04T05:21:26.438Z</time>
      </trkpt>
      <trkpt lat="45.403739" lon="5.887968">
        <ele>841.849121</ele>
        <time>2026-04-04T05:21:40.246Z</time>
      </trkpt>
      <trkpt lat="45.404274" lon="5.887362">
        <ele>837.734593</ele>
        <time>2026-04-04T05:22:05.206Z</time>
      </trkpt>
      <trkpt lat="45.404657" lon="5.887147">
        <ele>833.877348</ele>
        <time>2026-04-04T05:22:19.687Z</time>
      </trkpt>
      <trkpt lat="45.404801" lon="5.886774">
        <ele>830.758847</ele>
        <time>2026-04-04T05:22:30.019Z</time>
      </trkpt>
      <trkpt lat="45.404965" lon="5.886546">
        <ele>828.367502</ele>
        <time>2026-04-04T05:22:37.720Z</time>
      </trkpt>
      <trkpt lat="45.40503" lon="5.886335">
        <ele>826.679249</ele>
        <time>2026-04-04T05:22:43.046Z</time>
      </trkpt>
      <trkpt lat="45.405164" lon="5.886146">
        <ele>824.711444</ele>
        <time>2026-04-04T05:22:49.175Z</time>
      </trkpt>
      <trkpt lat="45.40517" lon="5.886038">
        <ele>823.917759</ele>
        <time>2026-04-04T05:22:51.625Z</time>
      </trkpt>
      <trkpt lat="45.405333" lon="5.885821">
        <ele>821.589633</ele>
        <time>2026-04-04T05:23:00.067Z</time>
      </trkpt>
      <trkpt lat="45.405678" lon="5.885034">
        <ele>813.324498</ele>
        <time>2026-04-04T05:23:24.597Z</time>
      </trkpt>
      <trkpt lat="45.405936" lon="5.884121">
        <ele>803.120821</ele>
        <time>2026-04-04T05:23:50.684Z</time>
      </trkpt>
      <trkpt lat="45.406301" lon="5.883305">
        <ele>793.116533</ele>
        <time>2026-04-04T05:24:16.299Z</time>
      </trkpt>
      <trkpt lat="45.406505" lon="5.883058">
        <ele>789.970261</ele>
        <time>2026-04-04T05:24:26.466Z</time>
      </trkpt>
      <trkpt lat="45.406895" lon="5.882166">
        <ele>782.377512</ele>
        <time>2026-04-04T05:24:54.470Z</time>
      </trkpt>
      <trkpt lat="45.406975" lon="5.881829">
        <ele>779.790037</ele>
        <time>2026-04-04T05:25:04.266Z</time>
      </trkpt>
      <trkpt lat="45.407211" lon="5.881476">
        <ele>776.26801</ele>
        <time>2026-04-04T05:25:15.931Z</time>
      </trkpt>
      <trkpt lat="45.40747" lon="5.880835">
        <ele>772.721249</ele>
        <time>2026-04-04T05:25:34.400Z</time>
      </trkpt>
      <trkpt lat="45.407756" lon="5.880609">
        <ele>771.831077</ele>
        <time>2026-04-04T05:25:47.193Z</time>
      </trkpt>
      <trkpt lat="45.407848" lon="5.880434">
        <ele>771.416882</ele>
        <time>2026-04-04T05:25:53.305Z</time>
      </trkpt>
      <trkpt lat="45.407899" lon="5.880119">
        <ele>770.80444</ele>
        <time>2026-04-04T05:26:02.307Z</time>
      </trkpt>
      <trkpt lat="45.407913" lon="5.879487">
        <ele>769.605876</ele>
        <time>2026-04-04T05:26:19.842Z</time>
      </trkpt>
      <trkpt lat="45.40804" lon="5.879265">
        <ele>769.063338</ele>
        <time>2026-04-04T05:26:27.905Z</time>
      </trkpt>
      <trkpt lat="45.408171" lon="5.878328">
        <ele>767.980949</ele>
        <time>2026-04-04T05:26:58.370Z</time>
      </trkpt>
      <trkpt lat="45.408407" lon="5.877247">
        <ele>767.090713</ele>
        <time>2026-04-04T05:27:35.127Z</time>
      </trkpt>
      <trkpt lat="45.408591" lon="5.875401">
        <ele>764.757976</ele>
        <time>2026-04-04T05:28:38.877Z</time>
      </trkpt>
      <trkpt lat="45.408873" lon="5.874427">
        <ele>763.101369</ele>
        <time>2026-04-04T05:29:13.035Z</time>
      </trkpt>
      <trkpt lat="45.409005" lon="5.873783">
        <ele>760.742397</ele>
        <time>2026-04-04T05:29:32.714Z</time>
      </trkpt>
      <trkpt lat="45.409133" lon="5.873477">
        <ele>758.428884</ele>
        <time>2026-04-04T05:29:42.628Z</time>
      </trkpt>
      <trkpt lat="45.409313" lon="5.872785">
        <ele>753.635784</ele>
        <time>2026-04-04T05:30:02.545Z</time>
      </trkpt>
      <trkpt lat="45.409305" lon="5.872018">
        <ele>748.653608</ele>
        <time>2026-04-04T05:30:23.330Z</time>
      </trkpt>
      <trkpt lat="45.409335" lon="5.871294">
        <ele>744.934021</ele>
        <time>2026-04-04T05:30:42.851Z</time>
      </trkpt>
      <trkpt lat="45.409426" lon="5.870535">
        <ele>742.605004</ele>
        <time>2026-04-04T05:31:05.230Z</time>
      </trkpt>
      <trkpt lat="45.409261" lon="5.870661">
        <ele>741.771402</ele>
        <time>2026-04-04T05:31:13.775Z</time>
      </trkpt>
      <trkpt lat="45.409232" lon="5.870485">
        <ele>741.189889</ele>
        <time>2026-04-04T05:31:19.948Z</time>
      </trkpt>
      <trkpt lat="45.409425" lon="5.869749">
        <ele>738.813446</ele>
        <time>2026-04-04T05:31:46.095Z</time>
      </trkpt>
      <trkpt lat="45.409627" lon="5.86873">
        <ele>736.595047</ele>
        <time>2026-04-04T05:32:22.685Z</time>
      </trkpt>
      <trkpt lat="45.409728" lon="5.868472">
        <ele>736.05869</ele>
        <time>2026-04-04T05:32:32.817Z</time>
      </trkpt>
      <trkpt lat="45.409924" lon="5.868174">
        <ele>735.311485</ele>
        <time>2026-04-04T05:32:46.231Z</time>
      </trkpt>
      <trkpt lat="45.409955" lon="5.867487">
        <ele>734.061539</ele>
        <time>2026-04-04T05:33:07.387Z</time>
      </trkpt>
      <trkpt lat="45.410346" lon="5.866667">
        <ele>729.477246</ele>
        <time>2026-04-04T05:33:35.940Z</time>
      </trkpt>
      <trkpt lat="45.410732" lon="5.866104">
        <ele>724.653257</ele>
        <time>2026-04-04T05:33:57.643Z</time>
      </trkpt>
      <trkpt lat="45.410984" lon="5.865589">
        <ele>720.779785</ele>
        <time>2026-04-04T05:34:14.888Z</time>
      </trkpt>
      <trkpt lat="45.410954" lon="5.865417">
        <ele>719.693384</ele>
        <time>2026-04-04T05:34:19.727Z</time>
      </trkpt>
      <trkpt lat="45.410708" lon="5.864819">
        <ele>715.046806</ele>
        <time>2026-04-04T05:34:39.155Z</time>
      </trkpt>
      <trkpt lat="45.410591" lon="5.863977">
        <ele>708.90442</ele>
        <time>2026-04-04T05:35:03.111Z</time>
      </trkpt>
      <trkpt lat="45.410483" lon="5.863548">
        <ele>705.647241</ele>
        <time>2026-04-04T05:35:15.505Z</time>
      </trkpt>
      <trkpt lat="45.410473" lon="5.862659">
        <ele>699.277484</ele>
        <time>2026-04-04T05:35:39.289Z</time>
      </trkpt>
      <trkpt lat="45.410205" lon="5.861624">
        <ele>690.987746</ele>
        <time>2026-04-04T05:36:08.836Z</time>
      </trkpt>
      <trkpt lat="45.410341" lon="5.861169">
        <ele>687.241243</ele>
        <time>2026-04-04T05:36:22.230Z</time>
      </trkpt>
      <trkpt lat="45.410963" lon="5.860074">
        <ele>677.939512</ele>
        <time>2026-04-04T05:36:57.434Z</time>
      </trkpt>
      <trkpt lat="45.411198" lon="5.859366">
        <ele>674.13802</ele>
        <time>2026-04-04T05:37:16.888Z</time>
      </trkpt>
      <trkpt lat="45.411381" lon="5.859106">
        <ele>672.353544</ele>
        <time>2026-04-04T05:37:26.083Z</time>
      </trkpt>
      <trkpt lat="45.411687" lon="5.858823">
        <ele>669.834662</ele>
        <time>2026-04-04T05:37:38.915Z</time>
      </trkpt>
      <trkpt lat="45.412475" lon="5.857619">
        <ele>663.203457</ele>
        <time>2026-04-04T05:38:20.598Z</time>
      </trkpt>
      <trkpt lat="45.41283" lon="5.857287">
        <ele>660.931615</ele>
        <time>2026-04-04T05:38:36.265Z</time>
      </trkpt>
      <trkpt lat="45.413673" lon="5.856338">
        <ele>655.44221</ele>
        <time>2026-04-04T05:39:15.341Z</time>
      </trkpt>
      <trkpt lat="45.414181" lon="5.855703">
        <ele>652.134281</ele>
        <time>2026-04-04T05:39:39.741Z</time>
      </trkpt>
      <trkpt lat="45.414204" lon="5.855559">
        <ele>651.62689</ele>
        <time>2026-04-04T05:39:43.569Z</time>
      </trkpt>
      <trkpt lat="45.414377" lon="5.855398">
        <ele>650.615493</ele>
        <time>2026-04-04T05:39:51.242Z</time>
      </trkpt>
      <trkpt lat="45.414344" lon="5.855093">
        <ele>649.555222</ele>
        <time>2026-04-04T05:39:59.288Z</time>
      </trkpt>
      <trkpt lat="45.41437" lon="5.854625">
        <ele>648.615217</ele>
        <time>2026-04-04T05:40:11.786Z</time>
      </trkpt>
      <trkpt lat="45.415107" lon="5.854669">
        <ele>646.652669</ele>
        <time>2026-04-04T05:40:40.139Z</time>
      </trkpt>
      <trkpt lat="45.41522" lon="5.8546">
        <ele>646.325828</ele>
        <time>2026-04-04T05:40:44.921Z</time>
      </trkpt>
      <trkpt lat="45.415333" lon="5.854692">
        <ele>645.971478</ele>
        <time>2026-04-04T05:40:50.161Z</time>
      </trkpt>
      <trkpt lat="45.415447" lon="5.854684">
        <ele>645.668044</ele>
        <time>2026-04-04T05:40:54.580Z</time>
      </trkpt>
      <trkpt lat="45.416159" lon="5.854449">
        <ele>645.528255</ele>
        <time>2026-04-04T05:41:23.134Z</time>
      </trkpt>
      <trkpt lat="45.416467" lon="5.854286">
        <ele>646.388501</ele>
        <time>2026-04-04T05:41:36.851Z</time>
      </trkpt>
      <trkpt lat="45.416684" lon="5.854516">
        <ele>647.094737</ele>
        <time>2026-04-04T05:41:48.750Z</time>
      </trkpt>
      <trkpt lat="45.416844" lon="5.854587">
        <ele>647.529566</ele>
        <time>2026-04-04T05:41:56.520Z</time>
      </trkpt>
      <trkpt lat="45.416844" lon="5.854776">
        <ele>647.8738</ele>
        <time>2026-04-04T05:42:02.896Z</time>
      </trkpt>
      <trkpt lat="45.416962" lon="5.85504">
        <ele>648.443841</ele>
        <time>2026-04-04T05:42:13.972Z</time>
      </trkpt>
      <trkpt lat="45.417194" lon="5.855348">
        <ele>649.267264</ele>
        <time>2026-04-04T05:42:34.068Z</time>
      </trkpt>
      <trkpt lat="45.417921" lon="5.855975">
        <ele>655.418008</ele>
        <time>2026-04-04T05:43:35.306Z</time>
      </trkpt>
      <trkpt lat="45.418631" lon="5.857256">
        <ele>663.020812</ele>
        <time>2026-04-04T05:44:51.100Z</time>
      </trkpt>
      <trkpt lat="45.419185" lon="5.858505">
        <ele>666.154403</ele>
        <time>2026-04-04T05:45:46.393Z</time>
      </trkpt>
      <trkpt lat="45.419533" lon="5.858932">
        <ele>667.542143</ele>
        <time>2026-04-04T05:46:09.238Z</time>
      </trkpt>
      <trkpt lat="45.419909" lon="5.859094">
        <ele>669.817171</ele>
        <time>2026-04-04T05:46:29.826Z</time>
      </trkpt>
      <trkpt lat="45.420077" lon="5.859282">
        <ele>671.308031</ele>
        <time>2026-04-04T05:46:41.598Z</time>
      </trkpt>
      <trkpt lat="45.420237" lon="5.859704">
        <ele>673.657461</ele>
        <time>2026-04-04T05:47:01.330Z</time>
      </trkpt>
      <trkpt lat="45.420232" lon="5.859995">
        <ele>675.083324</ele>
        <time>2026-04-04T05:47:14.619Z</time>
      </trkpt>
      <trkpt lat="45.420296" lon="5.860129">
        <ele>675.877258</ele>
        <time>2026-04-04T05:47:22.511Z</time>
      </trkpt>
      <trkpt lat="45.420368" lon="5.860666">
        <ele>678.555258</ele>
        <time>2026-04-04T05:47:53.191Z</time>
      </trkpt>
      <trkpt lat="45.420575" lon="5.861105">
        <ele>681.241528</ele>
        <time>2026-04-04T05:48:25.897Z</time>
      </trkpt>
      <trkpt lat="45.420793" lon="5.862109">
        <ele>687.120059</ele>
        <time>2026-04-04T05:49:24.930Z</time>
      </trkpt>
      <trkpt lat="45.42152" lon="5.862806">
        <ele>694.094766</ele>
        <time>2026-04-04T05:50:17.667Z</time>
      </trkpt>
      <trkpt lat="45.422544" lon="5.862935">
        <ele>701.188216</ele>
        <time>2026-04-04T05:51:19.380Z</time>
      </trkpt>
      <trkpt lat="45.422913" lon="5.863112">
        <ele>703.838934</ele>
        <time>2026-04-04T05:51:46.406Z</time>
      </trkpt>
      <trkpt lat="45.423075" lon="5.863294">
        <ele>705.243462</ele>
        <time>2026-04-04T05:52:01.703Z</time>
      </trkpt>
      <trkpt lat="45.42367" lon="5.864346">
        <ele>711.446916</ele>
        <time>2026-04-04T05:53:09.606Z</time>
      </trkpt>
      <trkpt lat="45.423779" lon="5.864689">
        <ele>713.14992</ele>
        <time>2026-04-04T05:53:25.710Z</time>
      </trkpt>
      <trkpt lat="45.424121" lon="5.865463">
        <ele>717.286704</ele>
        <time>2026-04-04T05:54:03.616Z</time>
      </trkpt>
      <trkpt lat="45.424303" lon="5.866415">
        <ele>718.994029</ele>
        <time>2026-04-04T05:54:44.084Z</time>
      </trkpt>
      <trkpt lat="45.424285" lon="5.866795">
        <ele>719.225264</ele>
        <time>2026-04-04T05:54:59.374Z</time>
      </trkpt>
      <trkpt lat="45.424088" lon="5.867395">
        <ele>719.627433</ele>
        <time>2026-04-04T05:55:23.300Z</time>
      </trkpt>
      <trkpt lat="45.424052" lon="5.868023">
        <ele>720.016224</ele>
        <time>2026-04-04T05:55:43.744Z</time>
      </trkpt>
      <trkpt lat="45.424162" lon="5.868003">
        <ele>720.119724</ele>
        <time>2026-04-04T05:55:48.864Z</time>
      </trkpt>
      <trkpt lat="45.424433" lon="5.867706">
        <ele>718.203155</ele>
        <time>2026-04-04T05:56:03.211Z</time>
      </trkpt>
      <trkpt lat="45.424711" lon="5.867641">
        <ele>716.596778</ele>
        <time>2026-04-04T05:56:14.851Z</time>
      </trkpt>
      <trkpt lat="45.425083" lon="5.867452">
        <ele>714.355151</ele>
        <time>2026-04-04T05:56:31.029Z</time>
      </trkpt>
      <trkpt lat="45.425191" lon="5.867525">
        <ele>713.681384</ele>
        <time>2026-04-04T05:56:35.919Z</time>
      </trkpt>
      <trkpt lat="45.425499" lon="5.867524">
        <ele>711.913276</ele>
        <time>2026-04-04T05:56:48.898Z</time>
      </trkpt>
      <trkpt lat="45.425593" lon="5.867736">
        <ele>710.921281</ele>
        <time>2026-04-04T05:56:56.412Z</time>
      </trkpt>
      <trkpt lat="45.425885" lon="5.867847">
        <ele>710.110455</ele>
        <time>2026-04-04T05:57:09.883Z</time>
      </trkpt>
      <trkpt lat="45.426923" lon="5.867984">
        <ele>711.055264</ele>
        <time>2026-04-04T05:58:02.353Z</time>
      </trkpt>
      <trkpt lat="45.427261" lon="5.868125">
        <ele>711.377358</ele>
        <time>2026-04-04T05:58:22.121Z</time>
      </trkpt>
      <trkpt lat="45.427495" lon="5.868531">
        <ele>711.719483</ele>
        <time>2026-04-04T05:58:43.271Z</time>
      </trkpt>
      <trkpt lat="45.427594" lon="5.868588">
        <ele>711.82432</ele>
        <time>2026-04-04T05:58:49.217Z</time>
      </trkpt>
      <trkpt lat="45.428166" lon="5.869628">
        <ele>712.736035</ele>
        <time>2026-04-04T05:59:36.724Z</time>
      </trkpt>
      <trkpt lat="45.42843" lon="5.869785">
        <ele>713.016908</ele>
        <time>2026-04-04T05:59:50.159Z</time>
      </trkpt>
      <trkpt lat="45.428931" lon="5.869828">
        <ele>714.45203</ele>
        <time>2026-04-04T06:00:13.657Z</time>
      </trkpt>
      <trkpt lat="45.429237" lon="5.870205">
        <ele>717.746548</ele>
        <time>2026-04-04T06:00:33.305Z</time>
      </trkpt>
      <trkpt lat="45.429502" lon="5.870383">
        <ele>720.117958</ele>
        <time>2026-04-04T06:00:49.473Z</time>
      </trkpt>
      <trkpt lat="45.429844" lon="5.870493">
        <ele>722.952332</ele>
        <time>2026-04-04T06:01:14.148Z</time>
      </trkpt>
      <trkpt lat="45.430103" lon="5.871181">
        <ele>727.381744</ele>
        <time>2026-04-04T06:02:06.110Z</time>
      </trkpt>
      <trkpt lat="45.430238" lon="5.871285">
        <ele>729.257827</ele>
        <time>2026-04-04T06:02:22.775Z</time>
      </trkpt>
      <trkpt lat="45.430731" lon="5.872494">
        <ele>744.368462</ele>
        <time>2026-04-04T06:04:31.794Z</time>
      </trkpt>
      <trkpt lat="45.430758" lon="5.873138">
        <ele>751.359073</ele>
        <time>2026-04-04T06:05:13.348Z</time>
      </trkpt>
      <trkpt lat="45.430703" lon="5.873367">
        <ele>753.974682</ele>
        <time>2026-04-04T06:05:24.456Z</time>
      </trkpt>
      <trkpt lat="45.430704" lon="5.873582">
        <ele>755.23165</ele>
        <time>2026-04-04T06:05:33.001Z</time>
      </trkpt>
      <trkpt lat="45.430757" lon="5.873815">
        <ele>753.732406</ele>
        <time>2026-04-04T06:05:41.579Z</time>
      </trkpt>
      <trkpt lat="45.430831" lon="5.873916">
        <ele>752.838652</ele>
        <time>2026-04-04T06:05:46.357Z</time>
      </trkpt>
      <trkpt lat="45.430875" lon="5.873887">
        <ele>752.41581</ele>
        <time>2026-04-04T06:05:48.490Z</time>
      </trkpt>
      <trkpt lat="45.43094" lon="5.873667">
        <ele>750.954713</ele>
        <time>2026-04-04T06:05:55.677Z</time>
      </trkpt>
      <trkpt lat="45.431158" lon="5.873533">
        <ele>748.883907</ele>
        <time>2026-04-04T06:06:05.047Z</time>
      </trkpt>
      <trkpt lat="45.431302" lon="5.873375">
        <ele>747.298713</ele>
        <time>2026-04-04T06:06:11.911Z</time>
      </trkpt>
      <trkpt lat="45.431434" lon="5.873111">
        <ele>745.314578</ele>
        <time>2026-04-04T06:06:20.445Z</time>
      </trkpt>
      <trkpt lat="45.431585" lon="5.872979">
        <ele>743.769444</ele>
        <time>2026-04-04T06:06:27.047Z</time>
      </trkpt>
      <trkpt lat="45.431837" lon="5.872493">
        <ele>740.070742</ele>
        <time>2026-04-04T06:06:42.952Z</time>
      </trkpt>
      <trkpt lat="45.431895" lon="5.871994">
        <ele>738.71202</ele>
        <time>2026-04-04T06:06:56.747Z</time>
      </trkpt>
      <trkpt lat="45.432156" lon="5.871946">
        <ele>737.770747</ele>
        <time>2026-04-04T06:07:07.689Z</time>
      </trkpt>
      <trkpt lat="45.432319" lon="5.871421">
        <ele>736.318752</ele>
        <time>2026-04-04T06:07:25.997Z</time>
      </trkpt>
      <trkpt lat="45.432512" lon="5.871739">
        <ele>735.263473</ele>
        <time>2026-04-04T06:07:37.891Z</time>
      </trkpt>
      <trkpt lat="45.432755" lon="5.872005">
        <ele>734.167489</ele>
        <time>2026-04-04T06:07:51.415Z</time>
      </trkpt>
      <trkpt lat="45.433063" lon="5.872093">
        <ele>734.48109</ele>
        <time>2026-04-04T06:08:07.008Z</time>
      </trkpt>
      <trkpt lat="45.433044" lon="5.871944">
        <ele>735.34991</ele>
        <time>2026-04-04T06:08:12.819Z</time>
      </trkpt>
      <trkpt lat="45.432841" lon="5.871888">
        <ele>736.962352</ele>
        <time>2026-04-04T06:08:23.837Z</time>
      </trkpt>
      <trkpt lat="45.432787" lon="5.871808">
        <ele>737.569802</ele>
        <time>2026-04-04T06:08:27.988Z</time>
      </trkpt>
      <trkpt lat="45.432845" lon="5.870706">
        <ele>743.617337</ele>
        <time>2026-04-04T06:09:09.825Z</time>
      </trkpt>
      <trkpt lat="45.43276" lon="5.870506">
        <ele>744.927421</ele>
        <time>2026-04-04T06:09:20.313Z</time>
      </trkpt>
      <trkpt lat="45.432516" lon="5.870356">
        <ele>747.011704</ele>
        <time>2026-04-04T06:09:39.768Z</time>
      </trkpt>
      <trkpt lat="45.432461" lon="5.870248">
        <ele>748.032049</ele>
        <time>2026-04-04T06:09:46.932Z</time>
      </trkpt>
      <trkpt lat="45.432443" lon="5.86985">
        <ele>753.147554</ele>
        <time>2026-04-04T06:10:09.550Z</time>
      </trkpt>
      <trkpt lat="45.432534" lon="5.869595">
        <ele>756.779409</ele>
        <time>2026-04-04T06:10:26.470Z</time>
      </trkpt>
      <trkpt lat="45.432741" lon="5.869366">
        <ele>761.520259</ele>
        <time>2026-04-04T06:10:49.264Z</time>
      </trkpt>
      <trkpt lat="45.432924" lon="5.869017">
        <ele>767.051165</ele>
        <time>2026-04-04T06:11:18.038Z</time>
      </trkpt>
      <trkpt lat="45.43321" lon="5.868723">
        <ele>773.430907</ele>
        <time>2026-04-04T06:11:54.787Z</time>
      </trkpt>
      <trkpt lat="45.433425" lon="5.868349">
        <ele>779.638037</ele>
        <time>2026-04-04T06:12:39.750Z</time>
      </trkpt>
      <trkpt lat="45.433714" lon="5.868162">
        <ele>785.149789</ele>
        <time>2026-04-04T06:13:20.426Z</time>
      </trkpt>
      <trkpt lat="45.434059" lon="5.868177">
        <ele>791.087286</ele>
        <time>2026-04-04T06:14:00.356Z</time>
      </trkpt>
      <trkpt lat="45.434504" lon="5.868007">
        <ele>798.937307</ele>
        <time>2026-04-04T06:14:49.763Z</time>
      </trkpt>
      <trkpt lat="45.434655" lon="5.868">
        <ele>801.511539</ele>
        <time>2026-04-04T06:15:05.366Z</time>
      </trkpt>
      <trkpt lat="45.434767" lon="5.868097">
        <ele>803.744679</ele>
        <time>2026-04-04T06:15:18.117Z</time>
      </trkpt>
      <trkpt lat="45.434961" lon="5.868464">
        <ele>809.238449</ele>
        <time>2026-04-04T06:15:46.886Z</time>
      </trkpt>
      <trkpt lat="45.435226" lon="5.868711">
        <ele>812.975456</ele>
        <time>2026-04-04T06:16:11.144Z</time>
      </trkpt>
      <trkpt lat="45.435303" lon="5.868929">
        <ele>814.660819</ele>
        <time>2026-04-04T06:16:22.502Z</time>
      </trkpt>
      <trkpt lat="45.435255" lon="5.869218">
        <ele>816.711662</ele>
        <time>2026-04-04T06:16:35.274Z</time>
      </trkpt>
      <trkpt lat="45.435156" lon="5.869465">
        <ele>818.675966</ele>
        <time>2026-04-04T06:16:47.321Z</time>
      </trkpt>
      <trkpt lat="45.434998" lon="5.869696">
        <ele>820.903576</ele>
        <time>2026-04-04T06:17:01.622Z</time>
      </trkpt>
      <trkpt lat="45.434664" lon="5.869968">
        <ele>824.689298</ele>
        <time>2026-04-04T06:17:28.531Z</time>
      </trkpt>
      <trkpt lat="45.434592" lon="5.870077">
        <ele>825.723038</ele>
        <time>2026-04-04T06:17:36.508Z</time>
      </trkpt>
      <trkpt lat="45.434589" lon="5.87017">
        <ele>826.36594</ele>
        <time>2026-04-04T06:17:41.510Z</time>
      </trkpt>
      <trkpt lat="45.435099" lon="5.870689">
        <ele>837.746797</ele>
        <time>2026-04-04T06:18:41.346Z</time>
      </trkpt>
      <trkpt lat="45.435178" lon="5.870724">
        <ele>839.584947</ele>
        <time>2026-04-04T06:18:51.336Z</time>
      </trkpt>
      <trkpt lat="45.435344" lon="5.87067">
        <ele>843.368132</ele>
        <time>2026-04-04T06:19:13.386Z</time>
      </trkpt>
      <trkpt lat="45.435744" lon="5.870955">
        <ele>853.362007</ele>
        <time>2026-04-04T06:20:17.135Z</time>
      </trkpt>
      <trkpt lat="45.435956" lon="5.870744">
        <ele>859.107427</ele>
        <time>2026-04-04T06:20:56.431Z</time>
      </trkpt>
      <trkpt lat="45.436172" lon="5.87067">
        <ele>864.043408</ele>
        <time>2026-04-04T06:21:29.933Z</time>
      </trkpt>
      <trkpt lat="45.436364" lon="5.870677">
        <ele>868.310804</ele>
        <time>2026-04-04T06:21:58.250Z</time>
      </trkpt>
      <trkpt lat="45.436704" lon="5.871025">
        <ele>875.332327</ele>
        <time>2026-04-04T06:22:57.528Z</time>
      </trkpt>
      <trkpt lat="45.43682" lon="5.871286">
        <ele>878.960822</ele>
        <time>2026-04-04T06:23:26.131Z</time>
      </trkpt>
      <trkpt lat="45.436903" lon="5.871618">
        <ele>883.100116</ele>
        <time>2026-04-04T06:23:55.538Z</time>
      </trkpt>
      <trkpt lat="45.436962" lon="5.872134">
        <ele>889.240258</ele>
        <time>2026-04-04T06:24:32.439Z</time>
      </trkpt>
      <trkpt lat="45.437021" lon="5.873657">
        <ele>896.802707</ele>
        <time>2026-04-04T06:25:39.055Z</time>
      </trkpt>
      <trkpt lat="45.437141" lon="5.873988">
        <ele>895.95969</ele>
        <time>2026-04-04T06:25:50.533Z</time>
      </trkpt>
      <trkpt lat="45.437414" lon="5.874267">
        <ele>894.876399</ele>
        <time>2026-04-04T06:26:04.547Z</time>
      </trkpt>
      <trkpt lat="45.437674" lon="5.874322">
        <ele>894.028802</ele>
        <time>2026-04-04T06:26:15.056Z</time>
      </trkpt>
      <trkpt lat="45.438374" lon="5.874267">
        <ele>889.959475</ele>
        <time>2026-04-04T06:26:43.287Z</time>
      </trkpt>
      <trkpt lat="45.43928" lon="5.873613">
        <ele>880.221196</ele>
        <time>2026-04-04T06:27:25.224Z</time>
      </trkpt>
      <trkpt lat="45.439868" lon="5.873825">
        <ele>873.411247</ele>
        <time>2026-04-04T06:27:48.440Z</time>
      </trkpt>
      <trkpt lat="45.440457" lon="5.874185">
        <ele>861.544103</ele>
        <time>2026-04-04T06:28:12.353Z</time>
      </trkpt>
      <trkpt lat="45.440712" lon="5.874463">
        <ele>855.599234</ele>
        <time>2026-04-04T06:28:24.319Z</time>
      </trkpt>
      <trkpt lat="45.44094" lon="5.875056">
        <ele>846.813842</ele>
        <time>2026-04-04T06:28:41.947Z</time>
      </trkpt>
      <trkpt lat="45.441684" lon="5.875553">
        <ele>839.157378</ele>
        <time>2026-04-04T06:29:12.855Z</time>
      </trkpt>
      <trkpt lat="45.441979" lon="5.875836">
        <ele>837.292071</ele>
        <time>2026-04-04T06:29:27.619Z</time>
      </trkpt>
      <trkpt lat="45.443456" lon="5.876034">
        <ele>837.556242</ele>
        <time>2026-04-04T06:30:57.153Z</time>
      </trkpt>
      <trkpt lat="45.443998" lon="5.875942">
        <ele>841.889536</ele>
        <time>2026-04-04T06:31:42.596Z</time>
      </trkpt>
      <trkpt lat="45.444638" lon="5.875647">
        <ele>846.855782</ele>
        <time>2026-04-04T06:32:31.499Z</time>
      </trkpt>
      <trkpt lat="45.444923" lon="5.875578">
        <ele>845.58086</ele>
        <time>2026-04-04T06:32:47.929Z</time>
      </trkpt>
      <trkpt lat="45.445439" lon="5.875493">
        <ele>843.290028</ele>
        <time>2026-04-04T06:33:11.813Z</time>
      </trkpt>
      <trkpt lat="45.445687" lon="5.875522">
        <ele>842.192614</ele>
        <time>2026-04-04T06:33:21.977Z</time>
      </trkpt>
      <trkpt lat="45.445827" lon="5.875605">
        <ele>841.5239</ele>
        <time>2026-04-04T06:33:27.885Z</time>
      </trkpt>
      <trkpt lat="45.446042" lon="5.876788">
        <ele>836.118782</ele>
        <time>2026-04-04T06:34:00.465Z</time>
      </trkpt>
      <trkpt lat="45.446149" lon="5.876981">
        <ele>834.417105</ele>
        <time>2026-04-04T06:34:07.027Z</time>
      </trkpt>
      <trkpt lat="45.446322" lon="5.877106">
        <ele>832.504622</ele>
        <time>2026-04-04T06:34:14.406Z</time>
      </trkpt>
      <trkpt lat="45.446774" lon="5.876929">
        <ele>827.854131</ele>
        <time>2026-04-04T06:34:32.362Z</time>
      </trkpt>
      <trkpt lat="45.446894" lon="5.87695">
        <ele>826.662013</ele>
        <time>2026-04-04T06:34:37.079Z</time>
      </trkpt>
      <trkpt lat="45.447002" lon="5.877051">
        <ele>825.388358</ele>
        <time>2026-04-04T06:34:42.346Z</time>
      </trkpt>
      <trkpt lat="45.44701" lon="5.877288">
        <ele>823.66442</ele>
        <time>2026-04-04T06:34:49.437Z</time>
      </trkpt>
      <trkpt lat="45.446695" lon="5.877408">
        <ele>821.169505</ele>
        <time>2026-04-04T06:35:01.059Z</time>
      </trkpt>
      <trkpt lat="45.446697" lon="5.877503">
        <ele>821.054804</ele>
        <time>2026-04-04T06:35:03.533Z</time>
      </trkpt>
      <trkpt lat="45.446877" lon="5.877707">
        <ele>820.659221</ele>
        <time>2026-04-04T06:35:11.841Z</time>
      </trkpt>
      <trkpt lat="45.447096" lon="5.878289">
        <ele>819.848354</ele>
        <time>2026-04-04T06:35:30.316Z</time>
      </trkpt>
      <trkpt lat="45.447258" lon="5.878371">
        <ele>819.552634</ele>
        <time>2026-04-04T06:35:38.206Z</time>
      </trkpt>
      <trkpt lat="45.447686" lon="5.878429">
        <ele>818.813072</ele>
        <time>2026-04-04T06:35:59.552Z</time>
      </trkpt>
      <trkpt lat="45.447812" lon="5.878589">
        <ele>818.522792</ele>
        <time>2026-04-04T06:36:08.625Z</time>
      </trkpt>
      <trkpt lat="45.447893" lon="5.878773">
        <ele>818.260643</ele>
        <time>2026-04-04T06:36:17.002Z</time>
      </trkpt>
      <trkpt lat="45.447903" lon="5.879139">
        <ele>819.121507</ele>
        <time>2026-04-04T06:36:31.929Z</time>
      </trkpt>
      <trkpt lat="45.448018" lon="5.87956">
        <ele>820.312902</ele>
        <time>2026-04-04T06:36:52.294Z</time>
      </trkpt>
      <trkpt lat="45.448291" lon="5.879867">
        <ele>821.619982</ele>
        <time>2026-04-04T06:37:14.003Z</time>
      </trkpt>
      <trkpt lat="45.448503" lon="5.880591">
        <ele>823.691431</ele>
        <time>2026-04-04T06:37:45.202Z</time>
      </trkpt>
      <trkpt lat="45.448447" lon="5.880704">
        <ele>824.056267</ele>
        <time>2026-04-04T06:37:50.492Z</time>
      </trkpt>
      <trkpt lat="45.448715" lon="5.881149">
        <ele>825.078968</ele>
        <time>2026-04-04T06:38:11.348Z</time>
      </trkpt>
      <trkpt lat="45.449067" lon="5.881379">
        <ele>825.293173</ele>
        <time>2026-04-04T06:38:29.881Z</time>
      </trkpt>
      <trkpt lat="45.449429" lon="5.881455">
        <ele>825.495587</ele>
        <time>2026-04-04T06:38:46.709Z</time>
      </trkpt>
      <trkpt lat="45.449893" lon="5.881454">
        <ele>825.752265</ele>
        <time>2026-04-04T06:39:08.786Z</time>
      </trkpt>
      <trkpt lat="45.45011" lon="5.881603">
        <ele>825.885507</ele>
        <time>2026-04-04T06:39:21.556Z</time>
      </trkpt>
      <trkpt lat="45.450244" lon="5.881765">
        <ele>825.982704</ele>
        <time>2026-04-04T06:39:31.167Z</time>
      </trkpt>
      <trkpt lat="45.450182" lon="5.882485">
        <ele>827.047887</ele>
        <time>2026-04-04T06:39:58.605Z</time>
      </trkpt>
      <trkpt lat="45.450241" lon="5.882548">
        <ele>827.202238</ele>
        <time>2026-04-04T06:40:02.110Z</time>
      </trkpt>
      <trkpt lat="45.450401" lon="5.883075">
        <ele>828.045717</ele>
        <time>2026-04-04T06:40:21.209Z</time>
      </trkpt>
      <trkpt lat="45.450689" lon="5.882976">
        <ele>828.666023</ele>
        <time>2026-04-04T06:40:34.808Z</time>
      </trkpt>
      <trkpt lat="45.450832" lon="5.883011">
        <ele>828.96982</ele>
        <time>2026-04-04T06:40:41.266Z</time>
      </trkpt>
      <trkpt lat="45.451202" lon="5.883258">
        <ele>829.78556</ele>
        <time>2026-04-04T06:40:58.540Z</time>
      </trkpt>
      <trkpt lat="45.45181" lon="5.883126">
        <ele>830.398828</ele>
        <time>2026-04-04T06:41:23.056Z</time>
      </trkpt>
      <trkpt lat="45.451951" lon="5.883164">
        <ele>830.541628</ele>
        <time>2026-04-04T06:41:28.897Z</time>
      </trkpt>
      <trkpt lat="45.452243" lon="5.883413">
        <ele>830.880232</ele>
        <time>2026-04-04T06:41:43.233Z</time>
      </trkpt>
      <trkpt lat="45.452348" lon="5.883409">
        <ele>830.986089</ele>
        <time>2026-04-04T06:41:47.703Z</time>
      </trkpt>
      <trkpt lat="45.452469" lon="5.883284">
        <ele>831.134795</ele>
        <time>2026-04-04T06:41:54.036Z</time>
      </trkpt>
      <trkpt lat="45.452561" lon="5.883057">
        <ele>831.317807</ele>
        <time>2026-04-04T06:42:01.956Z</time>
      </trkpt>
      <trkpt lat="45.4528" lon="5.882184">
        <ele>835.824952</ele>
        <time>2026-04-04T06:42:33.591Z</time>
      </trkpt>
      <trkpt lat="45.452745" lon="5.88213">
        <ele>836.482919</ele>
        <time>2026-04-04T06:42:37.211Z</time>
      </trkpt>
      <trkpt lat="45.452594" lon="5.881729">
        <ele>839.628438</ele>
        <time>2026-04-04T06:43:04.713Z</time>
      </trkpt>
      <trkpt lat="45.452349" lon="5.881267">
        <ele>843.718866</ele>
        <time>2026-04-04T06:43:47.039Z</time>
      </trkpt>
      <trkpt lat="45.452541" lon="5.881146">
        <ele>845.858404</ele>
        <time>2026-04-04T06:44:10.143Z</time>
      </trkpt>
      <trkpt lat="45.452707" lon="5.880869">
        <ele>848.376331</ele>
        <time>2026-04-04T06:44:37.677Z</time>
      </trkpt>
      <trkpt lat="45.452661" lon="5.880239">
        <ele>852.920922</ele>
        <time>2026-04-04T06:45:13.538Z</time>
      </trkpt>
      <trkpt lat="45.452795" lon="5.879462">
        <ele>858.72149</ele>
        <time>2026-04-04T06:45:55.676Z</time>
      </trkpt>
      <trkpt lat="45.452745" lon="5.879091">
        <ele>861.448785</ele>
        <time>2026-04-04T06:46:12.176Z</time>
      </trkpt>
      <trkpt lat="45.452233" lon="5.878109">
        <ele>869.420935</ele>
        <time>2026-04-04T06:46:57.530Z</time>
      </trkpt>
      <trkpt lat="45.452038" lon="5.877802">
        <ele>871.365463</ele>
        <time>2026-04-04T06:47:11.884Z</time>
      </trkpt>
      <trkpt lat="45.451925" lon="5.877708">
        <ele>872.261793</ele>
        <time>2026-04-04T06:47:18.617Z</time>
      </trkpt>
      <trkpt lat="45.45199" lon="5.877397">
        <ele>873.785451</ele>
        <time>2026-04-04T06:47:30.516Z</time>
      </trkpt>
      <trkpt lat="45.4519" lon="5.875875">
        <ele>881.694412</ele>
        <time>2026-04-04T06:48:32.038Z</time>
      </trkpt>
      <trkpt lat="45.45159" lon="5.874755">
        <ele>890.873199</ele>
        <time>2026-04-04T06:49:28.970Z</time>
      </trkpt>
      <trkpt lat="45.45161" lon="5.874599">
        <ele>892.082152</ele>
        <time>2026-04-04T06:49:36.858Z</time>
      </trkpt>
      <trkpt lat="45.451676" lon="5.874449">
        <ele>893.431983</ele>
        <time>2026-04-04T06:49:45.742Z</time>
      </trkpt>
      <trkpt lat="45.451908" lon="5.874181">
        <ele>896.677057</ele>
        <time>2026-04-04T06:50:07.153Z</time>
      </trkpt>
      <trkpt lat="45.452185" lon="5.873963">
        <ele>900.386629</ele>
        <time>2026-04-04T06:50:30.362Z</time>
      </trkpt>
      <trkpt lat="45.452781" lon="5.873305">
        <ele>911.498583</ele>
        <time>2026-04-04T06:51:27.754Z</time>
      </trkpt>
      <trkpt lat="45.452861" lon="5.873088">
        <ele>914.033436</ele>
        <time>2026-04-04T06:51:41.334Z</time>
      </trkpt>
      <trkpt lat="45.453194" lon="5.872819">
        <ele>919.675326</ele>
        <time>2026-04-04T06:52:12.552Z</time>
      </trkpt>
      <trkpt lat="45.453483" lon="5.872488">
        <ele>925.139919</ele>
        <time>2026-04-04T06:52:44.087Z</time>
      </trkpt>
      <trkpt lat="45.453658" lon="5.872363">
        <ele>928.513974</ele>
        <time>2026-04-04T06:53:01.112Z</time>
      </trkpt>
      <trkpt lat="45.453869" lon="5.87242">
        <ele>932.396719</ele>
        <time>2026-04-04T06:53:20.081Z</time>
      </trkpt>
      <trkpt lat="45.454314" lon="5.872247">
        <ele>940.736075</ele>
        <time>2026-04-04T06:54:02.009Z</time>
      </trkpt>
      <trkpt lat="45.454866" lon="5.871948">
        <ele>951.412315</ele>
        <time>2026-04-04T06:54:56.851Z</time>
      </trkpt>
      <trkpt lat="45.455" lon="5.871976">
        <ele>953.860904</ele>
        <time>2026-04-04T06:55:09.633Z</time>
      </trkpt>
      <trkpt lat="45.455251" lon="5.871749">
        <ele>959.239848</ele>
        <time>2026-04-04T06:55:37.845Z</time>
      </trkpt>
      <trkpt lat="45.455538" lon="5.871681">
        <ele>964.124494</ele>
        <time>2026-04-04T06:56:04.516Z</time>
      </trkpt>
      <trkpt lat="45.45591" lon="5.871468">
        <ele>970.885213</ele>
        <time>2026-04-04T06:56:40.859Z</time>
      </trkpt>
      <trkpt lat="45.456074" lon="5.871464">
        <ele>973.639073</ele>
        <time>2026-04-04T06:56:58.105Z</time>
      </trkpt>
      <trkpt lat="45.456183" lon="5.871315">
        <ele>976.174477</ele>
        <time>2026-04-04T06:57:13.615Z</time>
      </trkpt>
      <trkpt lat="45.45632" lon="5.871268">
        <ele>978.540284</ele>
        <time>2026-04-04T06:57:27.983Z</time>
      </trkpt>
      <trkpt lat="45.456529" lon="5.870984">
        <ele>983.387922</ele>
        <time>2026-04-04T06:57:56.375Z</time>
      </trkpt>
      <trkpt lat="45.456692" lon="5.870894">
        <ele>986.322676</ele>
        <time>2026-04-04T06:58:12.829Z</time>
      </trkpt>
      <trkpt lat="45.456906" lon="5.870652">
        <ele>990.490676</ele>
        <time>2026-04-04T06:58:37.506Z</time>
      </trkpt>
      <trkpt lat="45.457035" lon="5.87063">
        <ele>992.279541</ele>
        <time>2026-04-04T06:58:48.945Z</time>
      </trkpt>
      <trkpt lat="45.457068" lon="5.870478">
        <ele>993.874465</ele>
        <time>2026-04-04T06:58:58.766Z</time>
      </trkpt>
      <trkpt lat="45.457012" lon="5.870418">
        <ele>994.839011</ele>
        <time>2026-04-04T06:59:05.898Z</time>
      </trkpt>
      <trkpt lat="45.456856" lon="5.870358">
        <ele>997.063771</ele>
        <time>2026-04-04T06:59:22.557Z</time>
      </trkpt>
      <trkpt lat="45.456772" lon="5.870229">
        <ele>998.763773</ele>
        <time>2026-04-04T06:59:35.301Z</time>
      </trkpt>
      <trkpt lat="45.456477" lon="5.870017">
        <ele>1003.312522</ele>
        <time>2026-04-04T07:00:09.575Z</time>
      </trkpt>
      <trkpt lat="45.456128" lon="5.869872">
        <ele>1008.317814</ele>
        <time>2026-04-04T07:00:47.558Z</time>
      </trkpt>
      <trkpt lat="45.456109" lon="5.869775">
        <ele>1009.290514</ele>
        <time>2026-04-04T07:00:55.097Z</time>
      </trkpt>
      <trkpt lat="45.456192" lon="5.869621">
        <ele>1011.166243</ele>
        <time>2026-04-04T07:01:09.475Z</time>
      </trkpt>
      <trkpt lat="45.456174" lon="5.869343">
        <ele>1013.951602</ele>
        <time>2026-04-04T07:01:30.589Z</time>
      </trkpt>
      <trkpt lat="45.456244" lon="5.868993">
        <ele>1018.077139</ele>
        <time>2026-04-04T07:01:59.276Z</time>
      </trkpt>
      <trkpt lat="45.456166" lon="5.868812">
        <ele>1020.485122</ele>
        <time>2026-04-04T07:02:16.664Z</time>
      </trkpt>
      <trkpt lat="45.4562" lon="5.86874">
        <ele>1021.468989</ele>
        <time>2026-04-04T07:02:23.951Z</time>
      </trkpt>
      <trkpt lat="45.456377" lon="5.868735">
        <ele>1024.32987</ele>
        <time>2026-04-04T07:02:45.139Z</time>
      </trkpt>
      <trkpt lat="45.456384" lon="5.868689">
        <ele>1024.86343</ele>
        <time>2026-04-04T07:02:49.127Z</time>
      </trkpt>
      <trkpt lat="45.456299" lon="5.8686">
        <ele>1026.567709</ele>
        <time>2026-04-04T07:03:02.034Z</time>
      </trkpt>
      <trkpt lat="45.456275" lon="5.868444">
        <ele>1028.378076</ele>
        <time>2026-04-04T07:03:15.722Z</time>
      </trkpt>
      <trkpt lat="45.456375" lon="5.868434">
        <ele>1029.998046</ele>
        <time>2026-04-04T07:03:28.065Z</time>
      </trkpt>
      <trkpt lat="45.456993" lon="5.868007">
        <ele>1041.096035</ele>
        <time>2026-04-04T07:04:49.717Z</time>
      </trkpt>
      <trkpt lat="45.457207" lon="5.868065">
        <ele>1044.777418</ele>
        <time>2026-04-04T07:05:14.629Z</time>
      </trkpt>
      <trkpt lat="45.457358" lon="5.868037">
        <ele>1047.418474</ele>
        <time>2026-04-04T07:05:31.975Z</time>
      </trkpt>
      <trkpt lat="45.45769" lon="5.867638">
        <ele>1055.086991</ele>
        <time>2026-04-04T07:06:23.009Z</time>
      </trkpt>
      <trkpt lat="45.45774" lon="5.867642">
        <ele>1055.955572</ele>
        <time>2026-04-04T07:06:28.940Z</time>
      </trkpt>
      <trkpt lat="45.457771" lon="5.867718">
        <ele>1057.025151</ele>
        <time>2026-04-04T07:06:36.170Z</time>
      </trkpt>
      <trkpt lat="45.457621" lon="5.868013">
        <ele>1061.457887</ele>
        <time>2026-04-04T07:07:06.788Z</time>
      </trkpt>
      <trkpt lat="45.45761" lon="5.868142">
        <ele>1063.03885</ele>
        <time>2026-04-04T07:07:17.934Z</time>
      </trkpt>
      <trkpt lat="45.457655" lon="5.868206">
        <ele>1064.141312</ele>
        <time>2026-04-04T07:07:25.810Z</time>
      </trkpt>
      <trkpt lat="45.457763" lon="5.868203">
        <ele>1066.014856</ele>
        <time>2026-04-04T07:07:39.315Z</time>
      </trkpt>
      <trkpt lat="45.45802" lon="5.86786">
        <ele>1072.120784</ele>
        <time>2026-04-04T07:08:24.471Z</time>
      </trkpt>
      <trkpt lat="45.45837" lon="5.867709">
        <ele>1078.77419</ele>
        <time>2026-04-04T07:09:14.660Z</time>
      </trkpt>
      <trkpt lat="45.459017" lon="5.867126">
        <ele>1092.905234</ele>
        <time>2026-04-04T07:10:55.573Z</time>
      </trkpt>
      <trkpt lat="45.459212" lon="5.86681">
        <ele>1098.384942</ele>
        <time>2026-04-04T07:11:29.291Z</time>
      </trkpt>
      <trkpt lat="45.459391" lon="5.866626">
        <ele>1102.45784</ele>
        <time>2026-04-04T07:11:52.300Z</time>
      </trkpt>
      <trkpt lat="45.459615" lon="5.866561">
        <ele>1106.676865</ele>
        <time>2026-04-04T07:12:14.080Z</time>
      </trkpt>
      <trkpt lat="45.459961" lon="5.866314">
        <ele>1110.372421</ele>
        <time>2026-04-04T07:12:47.676Z</time>
      </trkpt>
      <trkpt lat="45.460511" lon="5.865802">
        <ele>1116.540559</ele>
        <time>2026-04-04T07:13:31.504Z</time>
      </trkpt>
      <trkpt lat="45.460699" lon="5.865744">
        <ele>1118.345165</ele>
        <time>2026-04-04T07:13:42.026Z</time>
      </trkpt>
      <trkpt lat="45.46085" lon="5.865895">
        <ele>1120.129751</ele>
        <time>2026-04-04T07:13:52.183Z</time>
      </trkpt>
      <trkpt lat="45.462043" lon="5.866218">
        <ele>1131.982797</ele>
        <time>2026-04-04T07:15:01.944Z</time>
      </trkpt>
      <trkpt lat="45.462401" lon="5.866186">
        <ele>1135.543546</ele>
        <time>2026-04-04T07:15:26.985Z</time>
      </trkpt>
      <trkpt lat="45.462625" lon="5.866103">
        <ele>1137.840999</ele>
        <time>2026-04-04T07:15:43.678Z</time>
      </trkpt>
      <trkpt lat="45.464052" lon="5.864753">
        <ele>1155.841925</ele>
        <time>2026-04-04T07:17:47.058Z</time>
      </trkpt>
      <trkpt lat="45.464358" lon="5.864317">
        <ele>1160.458854</ele>
        <time>2026-04-04T07:18:12.682Z</time>
      </trkpt>
      <trkpt lat="45.465672" lon="5.863772">
        <ele>1169.923825</ele>
        <time>2026-04-04T07:19:26.563Z</time>
      </trkpt>
      <trkpt lat="45.465738" lon="5.863672">
        <ele>1170.583291</ele>
        <time>2026-04-04T07:19:31.662Z</time>
      </trkpt>
      <trkpt lat="45.465731" lon="5.863518">
        <ele>1171.36084</ele>
        <time>2026-04-04T07:19:37.774Z</time>
      </trkpt>
      <trkpt lat="45.466058" lon="5.863129">
        <ele>1174.346991</ele>
        <time>2026-04-04T07:20:01.282Z</time>
      </trkpt>
      <trkpt lat="45.466422" lon="5.862932">
        <ele>1177.186449</ele>
        <time>2026-04-04T07:20:23.630Z</time>
      </trkpt>
      <trkpt lat="45.466828" lon="5.862608">
        <ele>1180.558836</ele>
        <time>2026-04-04T07:20:50.148Z</time>
      </trkpt>
      <trkpt lat="45.466993" lon="5.862393">
        <ele>1182.187792</ele>
        <time>2026-04-04T07:21:02.865Z</time>
      </trkpt>
      <trkpt lat="45.468044" lon="5.862313">
        <ele>1189.743792</ele>
        <time>2026-04-04T07:22:01.886Z</time>
      </trkpt>
      <trkpt lat="45.469188" lon="5.862387">
        <ele>1197.876815</ele>
        <time>2026-04-04T07:23:04.921Z</time>
      </trkpt>
      <trkpt lat="45.469462" lon="5.862549">
        <ele>1200.225837</ele>
        <time>2026-04-04T07:23:21.774Z</time>
      </trkpt>
      <trkpt lat="45.469682" lon="5.862781">
        <ele>1202.58189</ele>
        <time>2026-04-04T07:23:37.737Z</time>
      </trkpt>
      <trkpt lat="45.469977" lon="5.86286">
        <ele>1205.166395</ele>
        <time>2026-04-04T07:23:55.770Z</time>
      </trkpt>
      <trkpt lat="45.470248" lon="5.862825">
        <ele>1207.509394</ele>
        <time>2026-04-04T07:24:12.690Z</time>
      </trkpt>
      <trkpt lat="45.470572" lon="5.862573">
        <ele>1210.687202</ele>
        <time>2026-04-04T07:24:36.179Z</time>
      </trkpt>
      <trkpt lat="45.471291" lon="5.862421">
        <ele>1216.500058</ele>
        <time>2026-04-04T07:25:29.406Z</time>
      </trkpt>
      <trkpt lat="45.471714" lon="5.862477">
        <ele>1219.536401</ele>
        <time>2026-04-04T07:25:58.692Z</time>
      </trkpt>
      <trkpt lat="45.472327" lon="5.862693">
        <ele>1224.047135</ele>
        <time>2026-04-04T07:26:39.307Z</time>
      </trkpt>
      <trkpt lat="45.473363" lon="5.862898">
        <ele>1231.419312</ele>
        <time>2026-04-04T07:27:42.249Z</time>
      </trkpt>
      <trkpt lat="45.473661" lon="5.862875">
        <ele>1233.502351</ele>
        <time>2026-04-04T07:28:00.798Z</time>
      </trkpt>
      <trkpt lat="45.474165" lon="5.862703">
        <ele>1237.119525</ele>
        <time>2026-04-04T07:28:36.239Z</time>
      </trkpt>
      <trkpt lat="45.474396" lon="5.862707">
        <ele>1238.731989</ele>
        <time>2026-04-04T07:28:50.431Z</time>
      </trkpt>
      <trkpt lat="45.474803" lon="5.862825">
        <ele>1242.01685</ele>
        <time>2026-04-04T07:29:16.471Z</time>
      </trkpt>
      <trkpt lat="45.475336" lon="5.86278">
        <ele>1246.479123</ele>
        <time>2026-04-04T07:29:48.081Z</time>
      </trkpt>
      <trkpt lat="45.475606" lon="5.862817">
        <ele>1248.742698</ele>
        <time>2026-04-04T07:30:04.086Z</time>
      </trkpt>
      <trkpt lat="45.475865" lon="5.862949">
        <ele>1251.037974</ele>
        <time>2026-04-04T07:30:20.136Z</time>
      </trkpt>
      <trkpt lat="45.476327" lon="5.863308">
        <ele>1255.41085</ele>
        <time>2026-04-04T07:30:50.693Z</time>
      </trkpt>
      <trkpt lat="45.476787" lon="5.863449">
        <ele>1259.235605</ele>
        <time>2026-04-04T07:31:19.105Z</time>
      </trkpt>
      <trkpt lat="45.477341" lon="5.863462">
        <ele>1263.739702</ele>
        <time>2026-04-04T07:31:54.474Z</time>
      </trkpt>
      <trkpt lat="45.47775" lon="5.863274">
        <ele>1267.232905</ele>
        <time>2026-04-04T07:32:19.809Z</time>
      </trkpt>
      <trkpt lat="45.478141" lon="5.863388">
        <ele>1270.170828</ele>
        <time>2026-04-04T07:32:41.772Z</time>
      </trkpt>
      <trkpt lat="45.478791" lon="5.863771">
        <ele>1274.261411</ele>
        <time>2026-04-04T07:33:16.673Z</time>
      </trkpt>
      <trkpt lat="45.479217" lon="5.864253">
        <ele>1277.424213</ele>
        <time>2026-04-04T07:33:42.834Z</time>
      </trkpt>
      <trkpt lat="45.47999" lon="5.864641">
        <ele>1283.657913</ele>
        <time>2026-04-04T07:34:30.068Z</time>
      </trkpt>
      <trkpt lat="45.480796" lon="5.864956">
        <ele>1291.539024</ele>
        <time>2026-04-04T07:35:25.199Z</time>
      </trkpt>
      <trkpt lat="45.480955" lon="5.865074">
        <ele>1293.228208</ele>
        <time>2026-04-04T07:35:37.161Z</time>
      </trkpt>
      <trkpt lat="45.483043" lon="5.86674">
        <ele>1313.173844</ele>
        <time>2026-04-04T07:38:32.226Z</time>
      </trkpt>
      <trkpt lat="45.483449" lon="5.867138">
        <ele>1313.032083</ele>
        <time>2026-04-04T07:38:56.912Z</time>
      </trkpt>
      <trkpt lat="45.483629" lon="5.867376">
        <ele>1312.961456</ele>
        <time>2026-04-04T07:39:06.923Z</time>
      </trkpt>
      <trkpt lat="45.483801" lon="5.867761">
        <ele>1312.869341</ele>
        <time>2026-04-04T07:39:20.300Z</time>
      </trkpt>
      <trkpt lat="45.484" lon="5.867988">
        <ele>1312.796018</ele>
        <time>2026-04-04T07:39:31.318Z</time>
      </trkpt>
      <trkpt lat="45.484117" lon="5.868019">
        <ele>1312.761775</ele>
        <time>2026-04-04T07:39:36.268Z</time>
      </trkpt>
      <trkpt lat="45.484326" lon="5.867901">
        <ele>1311.48006</ele>
        <time>2026-04-04T07:39:45.538Z</time>
      </trkpt>
      <trkpt lat="45.484459" lon="5.867902">
        <ele>1309.52246</ele>
        <time>2026-04-04T07:39:50.841Z</time>
      </trkpt>
      <trkpt lat="45.484881" lon="5.86813">
        <ele>1302.806653</ele>
        <time>2026-04-04T07:40:08.120Z</time>
      </trkpt>
      <trkpt lat="45.485067" lon="5.868376">
        <ele>1299.073181</ele>
        <time>2026-04-04T07:40:17.655Z</time>
      </trkpt>
      <trkpt lat="45.485136" lon="5.868566">
        <ele>1296.865128</ele>
        <time>2026-04-04T07:40:23.265Z</time>
      </trkpt>
      <trkpt lat="45.485135" lon="5.868802">
        <ele>1294.429771</ele>
        <time>2026-04-04T07:40:29.488Z</time>
      </trkpt>
      <trkpt lat="45.485226" lon="5.868933">
        <ele>1292.526787</ele>
        <time>2026-04-04T07:40:34.315Z</time>
      </trkpt>
      <trkpt lat="45.485703" lon="5.869302">
        <ele>1284.425235</ele>
        <time>2026-04-04T07:40:54.633Z</time>
      </trkpt>
      <trkpt lat="45.485932" lon="5.869692">
        <ele>1278.823033</ele>
        <time>2026-04-04T07:41:07.967Z</time>
      </trkpt>
      <trkpt lat="45.486418" lon="5.870123">
        <ele>1269.73675</ele>
        <time>2026-04-04T07:41:29.671Z</time>
      </trkpt>
      <trkpt lat="45.486858" lon="5.871065">
        <ele>1257.506212</ele>
        <time>2026-04-04T07:41:59.784Z</time>
      </trkpt>
      <trkpt lat="45.487012" lon="5.87127">
        <ele>1255.401399</ele>
        <time>2026-04-04T07:42:07.813Z</time>
      </trkpt>
      <trkpt lat="45.487345" lon="5.871601">
        <ele>1251.345761</ele>
        <time>2026-04-04T07:42:23.465Z</time>
      </trkpt>
      <trkpt lat="45.487613" lon="5.871719">
        <ele>1248.513834</ele>
        <time>2026-04-04T07:42:34.577Z</time>
      </trkpt>
      <trkpt lat="45.487931" lon="5.872084">
        <ele>1244.435311</ele>
        <time>2026-04-04T07:42:50.738Z</time>
      </trkpt>
      <trkpt lat="45.488135" lon="5.872132">
        <ele>1242.346535</ele>
        <time>2026-04-04T07:42:59.047Z</time>
      </trkpt>
      <trkpt lat="45.488535" lon="5.872404">
        <ele>1238.354885</ele>
        <time>2026-04-04T07:43:16.612Z</time>
      </trkpt>
      <trkpt lat="45.488985" lon="5.872613">
        <ele>1234.587194</ele>
        <time>2026-04-04T07:43:35.584Z</time>
      </trkpt>
      <trkpt lat="45.489173" lon="5.872678">
        <ele>1233.055206</ele>
        <time>2026-04-04T07:43:43.422Z</time>
      </trkpt>
      <trkpt lat="45.490136" lon="5.872634">
        <ele>1225.352906</ele>
        <time>2026-04-04T07:44:23.196Z</time>
      </trkpt>
      <trkpt lat="45.490722" lon="5.872721">
        <ele>1219.717235</ele>
        <time>2026-04-04T07:44:47.068Z</time>
      </trkpt>
      <trkpt lat="45.491036" lon="5.872635">
        <ele>1216.656736</ele>
        <time>2026-04-04T07:44:59.925Z</time>
      </trkpt>
      <trkpt lat="45.491501" lon="5.872698">
        <ele>1212.202983</ele>
        <time>2026-04-04T07:45:18.422Z</time>
      </trkpt>
      <trkpt lat="45.492877" lon="5.872615">
        <ele>1192.185601</ele>
        <time>2026-04-04T07:46:10.385Z</time>
      </trkpt>
      <trkpt lat="45.493415" lon="5.872365">
        <ele>1182.908394</ele>
        <time>2026-04-04T07:46:31.563Z</time>
      </trkpt>
      <trkpt lat="45.493613" lon="5.872093">
        <ele>1178.370994</ele>
        <time>2026-04-04T07:46:41.892Z</time>
      </trkpt>
      <trkpt lat="45.494045" lon="5.87191">
        <ele>1170.91742</ele>
        <time>2026-04-04T07:46:58.736Z</time>
      </trkpt>
      <trkpt lat="45.494318" lon="5.871919">
        <ele>1166.40084</ele>
        <time>2026-04-04T07:47:08.965Z</time>
      </trkpt>
      <trkpt lat="45.494501" lon="5.871992">
        <ele>1163.257945</ele>
        <time>2026-04-04T07:47:16.112Z</time>
      </trkpt>
      <trkpt lat="45.49516" lon="5.871876">
        <ele>1152.275234</ele>
        <time>2026-04-04T07:47:41.137Z</time>
      </trkpt>
      <trkpt lat="45.495418" lon="5.871905">
        <ele>1148.370036</ele>
        <time>2026-04-04T07:47:50.869Z</time>
      </trkpt>
      <trkpt lat="45.495879" lon="5.872107">
        <ele>1142.53283</ele>
        <time>2026-04-04T07:48:09.122Z</time>
      </trkpt>
      <trkpt lat="45.496436" lon="5.872175">
        <ele>1135.777984</ele>
        <time>2026-04-04T07:48:30.293Z</time>
      </trkpt>
      <trkpt lat="45.496654" lon="5.872139">
        <ele>1133.126562</ele>
        <time>2026-04-04T07:48:38.799Z</time>
      </trkpt>
      <trkpt lat="45.496977" lon="5.872247">
        <ele>1129.118388</ele>
        <time>2026-04-04T07:48:51.749Z</time>
      </trkpt>
      <trkpt lat="45.497002" lon="5.872314">
        <ele>1128.475599</ele>
        <time>2026-04-04T07:48:53.807Z</time>
      </trkpt>
      <trkpt lat="45.497206" lon="5.872274">
        <ele>1126.098881</ele>
        <time>2026-04-04T07:49:02.053Z</time>
      </trkpt>
      <trkpt lat="45.497419" lon="5.872124">
        <ele>1123.399341</ele>
        <time>2026-04-04T07:49:11.724Z</time>
      </trkpt>
      <trkpt lat="45.497399" lon="5.871794">
        <ele>1120.733297</ele>
        <time>2026-04-04T07:49:21.269Z</time>
      </trkpt>
      <trkpt lat="45.497425" lon="5.871761">
        <ele>1120.340855</ele>
        <time>2026-04-04T07:49:22.661Z</time>
      </trkpt>
      <trkpt lat="45.497735" lon="5.871811">
        <ele>1116.798368</ele>
        <time>2026-04-04T07:49:35.040Z</time>
      </trkpt>
      <trkpt lat="45.497917" lon="5.871995">
        <ele>1114.269351</ele>
        <time>2026-04-04T07:49:43.745Z</time>
      </trkpt>
      <trkpt lat="45.498162" lon="5.872471">
        <ele>1109.601368</ele>
        <time>2026-04-04T07:49:59.427Z</time>
      </trkpt>
      <trkpt lat="45.498339" lon="5.872597">
        <ele>1107.369097</ele>
        <time>2026-04-04T07:50:06.872Z</time>
      </trkpt>
      <trkpt lat="45.498856" lon="5.872808">
        <ele>1097.125896</ele>
        <time>2026-04-04T07:50:27.012Z</time>
      </trkpt>
      <trkpt lat="45.499222" lon="5.872807">
        <ele>1090.120668</ele>
        <time>2026-04-04T07:50:40.706Z</time>
      </trkpt>
      <trkpt lat="45.499623" lon="5.872999">
        <ele>1082.040118</ele>
        <time>2026-04-04T07:50:54.115Z</time>
      </trkpt>
      <trkpt lat="45.499777" lon="5.873143">
        <ele>1078.53272</ele>
        <time>2026-04-04T07:50:59.938Z</time>
      </trkpt>
      <trkpt lat="45.499997" lon="5.873573">
        <ele>1071.567171</ele>
        <time>2026-04-04T07:51:11.772Z</time>
      </trkpt>
      <trkpt lat="45.500933" lon="5.874254">
        <ele>1053.138738</ele>
        <time>2026-04-04T07:51:45.424Z</time>
      </trkpt>
      <trkpt lat="45.501492" lon="5.874125">
        <ele>1043.262785</ele>
        <time>2026-04-04T07:52:03.521Z</time>
      </trkpt>
      <trkpt lat="45.501774" lon="5.874478">
        <ele>1036.856015</ele>
        <time>2026-04-04T07:52:15.734Z</time>
      </trkpt>
      <trkpt lat="45.502377" lon="5.874624">
        <ele>1026.736226</ele>
        <time>2026-04-04T07:52:35.307Z</time>
      </trkpt>
      <trkpt lat="45.502544" lon="5.874807">
        <ele>1023.256847</ele>
        <time>2026-04-04T07:52:42.036Z</time>
      </trkpt>
      <trkpt lat="45.502574" lon="5.875148">
        <ele>1019.276729</ele>
        <time>2026-04-04T07:52:49.712Z</time>
      </trkpt>
      <trkpt lat="45.502972" lon="5.875665">
        <ele>1010.408995</ele>
        <time>2026-04-04T07:53:06.873Z</time>
      </trkpt>
      <trkpt lat="45.503248" lon="5.876111">
        <ele>1003.627769</ele>
        <time>2026-04-04T07:53:20.148Z</time>
      </trkpt>
      <trkpt lat="45.503298" lon="5.876262">
        <ele>1001.724333</ele>
        <time>2026-04-04T07:53:24.558Z</time>
      </trkpt>
      <trkpt lat="45.503275" lon="5.876549">
        <ele>998.431929</ele>
        <time>2026-04-04T07:53:32.154Z</time>
      </trkpt>
      <trkpt lat="45.503306" lon="5.87674">
        <ele>996.197393</ele>
        <time>2026-04-04T07:53:37.298Z</time>
      </trkpt>
      <trkpt lat="45.503398" lon="5.877095">
        <ele>991.849059</ele>
        <time>2026-04-04T07:53:47.354Z</time>
      </trkpt>
      <trkpt lat="45.503515" lon="5.877308">
        <ele>988.71283</ele>
        <time>2026-04-04T07:53:54.624Z</time>
      </trkpt>
      <trkpt lat="45.503569" lon="5.877675">
        <ele>984.438772</ele>
        <time>2026-04-04T07:54:04.508Z</time>
      </trkpt>
      <trkpt lat="45.503672" lon="5.877703">
        <ele>982.674301</ele>
        <time>2026-04-04T07:54:08.609Z</time>
      </trkpt>
      <trkpt lat="45.503789" lon="5.877553">
        <ele>980.156391</ele>
        <time>2026-04-04T07:54:14.563Z</time>
      </trkpt>
      <trkpt lat="45.50396" lon="5.877458">
        <ele>977.21889</ele>
        <time>2026-04-04T07:54:21.499Z</time>
      </trkpt>
      <trkpt lat="45.504023" lon="5.877473">
        <ele>976.196458</ele>
        <time>2026-04-04T07:54:23.921Z</time>
      </trkpt>
      <trkpt lat="45.504359" lon="5.877266">
        <ele>970.337902</ele>
        <time>2026-04-04T07:54:37.757Z</time>
      </trkpt>
      <trkpt lat="45.504669" lon="5.877165">
        <ele>965.227627</ele>
        <time>2026-04-04T07:54:49.790Z</time>
      </trkpt>
      <trkpt lat="45.505073" lon="5.877139">
        <ele>958.735748</ele>
        <time>2026-04-04T07:55:04.989Z</time>
      </trkpt>
      <trkpt lat="45.505452" lon="5.877276">
        <ele>952.003267</ele>
        <time>2026-04-04T07:55:19.618Z</time>
      </trkpt>
      <trkpt lat="45.505507" lon="5.877565">
        <ele>947.584228</ele>
        <time>2026-04-04T07:55:26.282Z</time>
      </trkpt>
      <trkpt lat="45.505758" lon="5.878175">
        <ele>937.12683</ele>
        <time>2026-04-04T07:55:41.994Z</time>
      </trkpt>
      <trkpt lat="45.505735" lon="5.878663">
        <ele>929.909468</ele>
        <time>2026-04-04T07:55:52.813Z</time>
      </trkpt>
      <trkpt lat="45.506025" lon="5.879501">
        <ele>916.075254</ele>
        <time>2026-04-04T07:56:13.567Z</time>
      </trkpt>
      <trkpt lat="45.506288" lon="5.879844">
        <ele>908.376388</ele>
        <time>2026-04-04T07:56:24.834Z</time>
      </trkpt>
      <trkpt lat="45.506406" lon="5.880082">
        <ele>903.961622</ele>
        <time>2026-04-04T07:56:31.307Z</time>
      </trkpt>
      <trkpt lat="45.506579" lon="5.880232">
        <ele>899.587512</ele>
        <time>2026-04-04T07:56:37.728Z</time>
      </trkpt>
      <trkpt lat="45.506701" lon="5.880476">
        <ele>894.97007</ele>
        <time>2026-04-04T07:56:44.520Z</time>
      </trkpt>
      <trkpt lat="45.507361" lon="5.880963">
        <ele>878.874948</ele>
        <time>2026-04-04T07:57:08.076Z</time>
      </trkpt>
      <trkpt lat="45.507511" lon="5.880997">
        <ele>875.848628</ele>
        <time>2026-04-04T07:57:13.004Z</time>
      </trkpt>
      <trkpt lat="45.507658" lon="5.881175">
        <ele>872.486811</ele>
        <time>2026-04-04T07:57:19.125Z</time>
      </trkpt>
      <trkpt lat="45.508051" lon="5.881145">
        <ele>865.568305</ele>
        <time>2026-04-04T07:57:31.720Z</time>
      </trkpt>
      <trkpt lat="45.508657" lon="5.881411">
        <ele>854.512728</ele>
        <time>2026-04-04T07:57:51.976Z</time>
      </trkpt>
      <trkpt lat="45.509087" lon="5.881507">
        <ele>846.923532</ele>
        <time>2026-04-04T07:58:05.901Z</time>
      </trkpt>
      <trkpt lat="45.509314" lon="5.881389">
        <ele>842.837472</ele>
        <time>2026-04-04T07:58:13.638Z</time>
      </trkpt>
      <trkpt lat="45.509468" lon="5.881442">
        <ele>840.185472</ele>
        <time>2026-04-04T07:58:18.687Z</time>
      </trkpt>
      <trkpt lat="45.509631" lon="5.881415">
        <ele>837.438404</ele>
        <time>2026-04-04T07:58:23.919Z</time>
      </trkpt>
      <trkpt lat="45.509766" lon="5.881315">
        <ele>834.892044</ele>
        <time>2026-04-04T07:58:28.787Z</time>
      </trkpt>
      <trkpt lat="45.510137" lon="5.881249">
        <ele>828.605385</ele>
        <time>2026-04-04T07:58:40.785Z</time>
      </trkpt>
      <trkpt lat="45.510773" lon="5.882029">
        <ele>814.593228</ele>
        <time>2026-04-04T07:59:07.542Z</time>
      </trkpt>
      <trkpt lat="45.510982" lon="5.882165">
        <ele>810.930252</ele>
        <time>2026-04-04T07:59:14.856Z</time>
      </trkpt>
      <trkpt lat="45.511592" lon="5.882273">
        <ele>801.111443</ele>
        <time>2026-04-04T07:59:34.537Z</time>
      </trkpt>
      <trkpt lat="45.511693" lon="5.882424">
        <ele>798.778788</ele>
        <time>2026-04-04T07:59:40.066Z</time>
      </trkpt>
      <trkpt lat="45.511924" lon="5.882409">
        <ele>795.091339</ele>
        <time>2026-04-04T07:59:48.765Z</time>
      </trkpt>
      <trkpt lat="45.512186" lon="5.882162">
        <ele>790.083958</ele>
        <time>2026-04-04T08:00:00.589Z</time>
      </trkpt>
      <trkpt lat="45.512271" lon="5.882139">
        <ele>788.704355</ele>
        <time>2026-04-04T08:00:03.868Z</time>
      </trkpt>
      <trkpt lat="45.512325" lon="5.882159">
        <ele>787.814715</ele>
        <time>2026-04-04T08:00:05.979Z</time>
      </trkpt>
      <trkpt lat="45.51241" lon="5.882315">
        <ele>785.610839</ele>
        <time>2026-04-04T08:00:11.194Z</time>
      </trkpt>
      <trkpt lat="45.512555" lon="5.882334">
        <ele>783.295633</ele>
        <time>2026-04-04T08:00:16.666Z</time>
      </trkpt>
      <trkpt lat="45.512647" lon="5.882417">
        <ele>781.565018</ele>
        <time>2026-04-04T08:00:20.768Z</time>
      </trkpt>
      <trkpt lat="45.512823" lon="5.882659">
        <ele>777.603657</ele>
        <time>2026-04-04T08:00:30.134Z</time>
      </trkpt>
      <trkpt lat="45.513129" lon="5.882623">
        <ele>772.721735</ele>
        <time>2026-04-04T08:00:41.679Z</time>
      </trkpt>
      <trkpt lat="45.513426" lon="5.882989">
        <ele>766.339997</ele>
        <time>2026-04-04T08:00:56.747Z</time>
      </trkpt>
      <trkpt lat="45.514021" lon="5.883042">
        <ele>757.286048</ele>
        <time>2026-04-04T08:01:19.186Z</time>
      </trkpt>
      <trkpt lat="45.51437" lon="5.883181">
        <ele>753.076271</ele>
        <time>2026-04-04T08:01:32.855Z</time>
      </trkpt>
      <trkpt lat="45.514763" lon="5.883477">
        <ele>747.91333</ele>
        <time>2026-04-04T08:01:49.726Z</time>
      </trkpt>
      <trkpt lat="45.515299" lon="5.883612">
        <ele>741.537302</ele>
        <time>2026-04-04T08:02:10.953Z</time>
      </trkpt>
      <trkpt lat="45.515543" lon="5.883835">
        <ele>738.170908</ele>
        <time>2026-04-04T08:02:20.807Z</time>
      </trkpt>
      <trkpt lat="45.515784" lon="5.883869">
        <ele>735.965569</ele>
        <time>2026-04-04T08:02:29.183Z</time>
      </trkpt>
      <trkpt lat="45.516039" lon="5.88382">
        <ele>733.789479</ele>
        <time>2026-04-04T08:02:38.277Z</time>
      </trkpt>
      <trkpt lat="45.517003" lon="5.884312">
        <ele>725.120625</ele>
        <time>2026-04-04T08:03:13.810Z</time>
      </trkpt>
      <trkpt lat="45.518367" lon="5.885588">
        <ele>705.91092</ele>
        <time>2026-04-04T08:04:06.540Z</time>
      </trkpt>
      <trkpt lat="45.518601" lon="5.885686">
        <ele>702.83887</ele>
        <time>2026-04-04T08:04:14.362Z</time>
      </trkpt>
      <trkpt lat="45.518894" lon="5.885688">
        <ele>699.130373</ele>
        <time>2026-04-04T08:04:23.755Z</time>
      </trkpt>
      <trkpt lat="45.519372" lon="5.886038">
        <ele>692.157342</ele>
        <time>2026-04-04T08:04:41.052Z</time>
      </trkpt>
      <trkpt lat="45.519603" lon="5.886109">
        <ele>689.090358</ele>
        <time>2026-04-04T08:04:48.667Z</time>
      </trkpt>
      <trkpt lat="45.520119" lon="5.88609">
        <ele>682.39075</ele>
        <time>2026-04-04T08:05:05.345Z</time>
      </trkpt>
      <trkpt lat="45.521212" lon="5.886437">
        <ele>666.40603</ele>
        <time>2026-04-04T08:05:41.331Z</time>
      </trkpt>
      <trkpt lat="45.521602" lon="5.886627">
        <ele>660.146134</ele>
        <time>2026-04-04T08:05:54.524Z</time>
      </trkpt>
      <trkpt lat="45.521876" lon="5.887005">
        <ele>654.357455</ele>
        <time>2026-04-04T08:06:06.675Z</time>
      </trkpt>
      <trkpt lat="45.522175" lon="5.887293">
        <ele>648.875878</ele>
        <time>2026-04-04T08:06:18.177Z</time>
      </trkpt>
      <trkpt lat="45.522448" lon="5.887808">
        <ele>641.921293</ele>
        <time>2026-04-04T08:06:32.639Z</time>
      </trkpt>
      <trkpt lat="45.522687" lon="5.888009">
        <ele>637.618688</ele>
        <time>2026-04-04T08:06:41.602Z</time>
      </trkpt>
      <trkpt lat="45.523858" lon="5.887961">
        <ele>619.670006</ele>
        <time>2026-04-04T08:07:19.186Z</time>
      </trkpt>
      <trkpt lat="45.524237" lon="5.888026">
        <ele>614.032955</ele>
        <time>2026-04-04T08:07:31.392Z</time>
      </trkpt>
      <trkpt lat="45.524617" lon="5.888304">
        <ele>607.727235</ele>
        <time>2026-04-04T08:07:45.040Z</time>
      </trkpt>
      <trkpt lat="45.524864" lon="5.888559">
        <ele>603.181107</ele>
        <time>2026-04-04T08:07:54.898Z</time>
      </trkpt>
      <trkpt lat="45.52497" lon="5.888583">
        <ele>601.596206</ele>
        <time>2026-04-04T08:07:58.332Z</time>
      </trkpt>
      <trkpt lat="45.525234" lon="5.888441">
        <ele>597.430025</ele>
        <time>2026-04-04T08:08:07.371Z</time>
      </trkpt>
      <trkpt lat="45.525489" lon="5.888099">
        <ele>593.279691</ele>
        <time>2026-04-04T08:08:18.635Z</time>
      </trkpt>
      <trkpt lat="45.525863" lon="5.887948">
        <ele>589.796869</ele>
        <time>2026-04-04T08:08:31.174Z</time>
      </trkpt>
      <trkpt lat="45.526146" lon="5.887974">
        <ele>587.255719</ele>
        <time>2026-04-04T08:08:40.534Z</time>
      </trkpt>
      <trkpt lat="45.526619" lon="5.887859">
        <ele>582.941765</ele>
        <time>2026-04-04T08:08:57.059Z</time>
      </trkpt>
      <trkpt lat="45.526935" lon="5.888062">
        <ele>579.836602</ele>
        <time>2026-04-04T08:09:09.481Z</time>
      </trkpt>
      <trkpt lat="45.527222" lon="5.888133">
        <ele>577.967929</ele>
        <time>2026-04-04T08:09:20.268Z</time>
      </trkpt>
      <trkpt lat="45.527795" lon="5.888151">
        <ele>575.361986</ele>
        <time>2026-04-04T08:09:41.907Z</time>
      </trkpt>
      <trkpt lat="45.528244" lon="5.888058">
        <ele>573.299096</ele>
        <time>2026-04-04T08:09:58.987Z</time>
      </trkpt>
      <trkpt lat="45.528773" lon="5.888183">
        <ele>570.86111</ele>
        <time>2026-04-04T08:10:18.824Z</time>
      </trkpt>
      <trkpt lat="45.529083" lon="5.88838">
        <ele>568.409948</ele>
        <time>2026-04-04T08:10:31.059Z</time>
      </trkpt>
      <trkpt lat="45.529143" lon="5.888631">
        <ele>566.944082</ele>
        <time>2026-04-04T08:10:37.576Z</time>
      </trkpt>
      <trkpt lat="45.529208" lon="5.888709">
        <ele>566.274106</ele>
        <time>2026-04-04T08:10:40.504Z</time>
      </trkpt>
      <trkpt lat="45.52975" lon="5.889004">
        <ele>561.697521</ele>
        <time>2026-04-04T08:11:00.227Z</time>
      </trkpt>
      <trkpt lat="45.530002" lon="5.889244">
        <ele>559.305858</ele>
        <time>2026-04-04T08:11:10.482Z</time>
      </trkpt>
      <trkpt lat="45.530424" lon="5.889821">
        <ele>554.260726</ele>
        <time>2026-04-04T08:11:30.288Z</time>
      </trkpt>
      <trkpt lat="45.53168" lon="5.890445">
        <ele>541.01295</ele>
        <time>2026-04-04T08:12:13.941Z</time>
      </trkpt>
      <trkpt lat="45.5318" lon="5.890335">
        <ele>539.55984</ele>
        <time>2026-04-04T08:12:18.741Z</time>
      </trkpt>
      <trkpt lat="45.531881" lon="5.889777">
        <ele>536.323856</ele>
        <time>2026-04-04T08:12:31.927Z</time>
      </trkpt>
      <trkpt lat="45.531976" lon="5.889608">
        <ele>535.198869</ele>
        <time>2026-04-04T08:12:36.968Z</time>
      </trkpt>
      <trkpt lat="45.532519" lon="5.889512">
        <ele>531.118369</ele>
        <time>2026-04-04T08:12:55.879Z</time>
      </trkpt>
      <trkpt lat="45.532586" lon="5.889575">
        <ele>530.523761</ele>
        <time>2026-04-04T08:12:58.710Z</time>
      </trkpt>
      <trkpt lat="45.532537" lon="5.889826">
        <ele>529.170976</ele>
        <time>2026-04-04T08:13:05.099Z</time>
      </trkpt>
      <trkpt lat="45.53256" lon="5.890091">
        <ele>527.784644</ele>
        <time>2026-04-04T08:13:11.710Z</time>
      </trkpt>
      <trkpt lat="45.532661" lon="5.890311">
        <ele>526.419024</ele>
        <time>2026-04-04T08:13:18.317Z</time>
      </trkpt>
      <trkpt lat="45.532948" lon="5.890609">
        <ele>524.65552</ele>
        <time>2026-04-04T08:13:31.427Z</time>
      </trkpt>
      <trkpt lat="45.532948" lon="5.890712">
        <ele>524.464033</ele>
        <time>2026-04-04T08:13:34.159Z</time>
      </trkpt>
      <trkpt lat="45.532693" lon="5.891112">
        <ele>523.450806</ele>
        <time>2026-04-04T08:13:48.827Z</time>
      </trkpt>
      <trkpt lat="45.532334" lon="5.891493">
        <ele>522.263585</ele>
        <time>2026-04-04T08:14:05.884Z</time>
      </trkpt>
      <trkpt lat="45.532091" lon="5.891938">
        <ele>521.208598</ele>
        <time>2026-04-04T08:14:21.553Z</time>
      </trkpt>
      <trkpt lat="45.532114" lon="5.892172">
        <ele>520.769301</ele>
        <time>2026-04-04T08:14:28.245Z</time>
      </trkpt>
      <trkpt lat="45.532194" lon="5.892256">
        <ele>520.505736</ele>
        <time>2026-04-04T08:14:32.258Z</time>
      </trkpt>
      <trkpt lat="45.532502" lon="5.892369">
        <ele>520.95732</ele>
        <time>2026-04-04T08:14:44.940Z</time>
      </trkpt>
      <trkpt lat="45.532732" lon="5.89276">
        <ele>521.750633</ele>
        <time>2026-04-04T08:14:59.910Z</time>
      </trkpt>
      <trkpt lat="45.533038" lon="5.89304">
        <ele>522.556826</ele>
        <time>2026-04-04T08:15:15.667Z</time>
      </trkpt>
      <trkpt lat="45.533331" lon="5.893155">
        <ele>523.237159</ele>
        <time>2026-04-04T08:15:29.762Z</time>
      </trkpt>
      <trkpt lat="45.53331" lon="5.893215">
        <ele>523.341373</ele>
        <time>2026-04-04T08:15:32.097Z</time>
      </trkpt>
      <trkpt lat="45.533206" lon="5.893221">
        <ele>523.572241</ele>
        <time>2026-04-04T08:15:36.932Z</time>
      </trkpt>
      <trkpt lat="45.533121" lon="5.893307">
        <ele>523.803328</ele>
        <time>2026-04-04T08:15:42.052Z</time>
      </trkpt>
      <trkpt lat="45.53274" lon="5.894404">
        <ele>528.048699</ele>
        <time>2026-04-04T08:16:29.014Z</time>
      </trkpt>
      <trkpt lat="45.532198" lon="5.894906">
        <ele>531.987646</ele>
        <time>2026-04-04T08:17:04.537Z</time>
      </trkpt>
      <trkpt lat="45.532068" lon="5.895097">
        <ele>533.137038</ele>
        <time>2026-04-04T08:17:13.908Z</time>
      </trkpt>
      <trkpt lat="45.532115" lon="5.895586">
        <ele>535.251584</ele>
        <time>2026-04-04T08:17:31.466Z</time>
      </trkpt>
      <trkpt lat="45.53251" lon="5.896303">
        <ele>538.610396</ele>
        <time>2026-04-04T08:18:05.152Z</time>
      </trkpt>
      <trkpt lat="45.532842" lon="5.89674">
        <ele>541.007399</ele>
        <time>2026-04-04T08:18:27.535Z</time>
      </trkpt>
      <trkpt lat="45.532859" lon="5.896873">
        <ele>541.504771</ele>
        <time>2026-04-04T08:18:32.219Z</time>
      </trkpt>
      <trkpt lat="45.532784" lon="5.897157">
        <ele>542.633916</ele>
        <time>2026-04-04T08:18:43.108Z</time>
      </trkpt>
      <trkpt lat="45.532533" lon="5.897506">
        <ele>544.47407</ele>
        <time>2026-04-04T08:19:01.387Z</time>
      </trkpt>
      <trkpt lat="45.532497" lon="5.89762">
        <ele>544.892826</ele>
        <time>2026-04-04T08:19:06.127Z</time>
      </trkpt>
      <trkpt lat="45.532579" lon="5.898072">
        <ele>546.299903</ele>
        <time>2026-04-04T08:19:23.689Z</time>
      </trkpt>
      <trkpt lat="45.532566" lon="5.898298">
        <ele>546.978196</ele>
        <time>2026-04-04T08:19:31.819Z</time>
      </trkpt>
      <trkpt lat="45.532386" lon="5.898617">
        <ele>548.194425</ele>
        <time>2026-04-04T08:19:45.637Z</time>
      </trkpt>
      <trkpt lat="45.532376" lon="5.899031">
        <ele>549.4486</ele>
        <time>2026-04-04T08:19:59.338Z</time>
      </trkpt>
      <trkpt lat="45.532212" lon="5.899324">
        <ele>550.562178</ele>
        <time>2026-04-04T08:20:11.371Z</time>
      </trkpt>
      <trkpt lat="45.53203" lon="5.899511">
        <ele>551.512647</ele>
        <time>2026-04-04T08:20:21.721Z</time>
      </trkpt>
      <trkpt lat="45.531509" lon="5.899829">
        <ele>554.387265</ele>
        <time>2026-04-04T08:20:49.331Z</time>
      </trkpt>
      <trkpt lat="45.530949" lon="5.899745">
        <ele>557.486266</ele>
        <time>2026-04-04T08:21:18.776Z</time>
      </trkpt>
      <trkpt lat="45.530644" lon="5.899581">
        <ele>559.273488</ele>
        <time>2026-04-04T08:21:36.868Z</time>
      </trkpt>
      <trkpt lat="45.530453" lon="5.899615">
        <ele>560.328972</ele>
        <time>2026-04-04T08:21:48.017Z</time>
      </trkpt>
      <trkpt lat="45.529691" lon="5.900782">
        <ele>565.514124</ele>
        <time>2026-04-04T08:22:44.853Z</time>
      </trkpt>
      <trkpt lat="45.529687" lon="5.900955">
        <ele>566.031503</ele>
        <time>2026-04-04T08:22:50.406Z</time>
      </trkpt>
      <trkpt lat="45.529792" lon="5.901103">
        <ele>566.67936</ele>
        <time>2026-04-04T08:22:57.422Z</time>
      </trkpt>
      <trkpt lat="45.530419" lon="5.901348">
        <ele>569.460292</ele>
        <time>2026-04-04T08:23:27.924Z</time>
      </trkpt>
      <trkpt lat="45.530481" lon="5.901557">
        <ele>570.160867</ele>
        <time>2026-04-04T08:23:35.368Z</time>
      </trkpt>
      <trkpt lat="45.530627" lon="5.90275">
        <ele>574.092549</ele>
        <time>2026-04-04T08:24:16.441Z</time>
      </trkpt>
      <trkpt lat="45.530717" lon="5.902843">
        <ele>574.607445</ele>
        <time>2026-04-04T08:24:22.130Z</time>
      </trkpt>
      <trkpt lat="45.53105" lon="5.903002">
        <ele>576.234705</ele>
        <time>2026-04-04T08:24:40.071Z</time>
      </trkpt>
      <trkpt lat="45.531681" lon="5.903894">
        <ele>580.372211</ele>
        <time>2026-04-04T08:25:25.856Z</time>
      </trkpt>
      <trkpt lat="45.531753" lon="5.904208">
        <ele>581.469313</ele>
        <time>2026-04-04T08:25:37.876Z</time>
      </trkpt>
      <trkpt lat="45.531725" lon="5.90522">
        <ele>584.791227</ele>
        <time>2026-04-04T08:26:13.557Z</time>
      </trkpt>
      <trkpt lat="45.531786" lon="5.905423">
        <ele>585.515734</ele>
        <time>2026-04-04T08:26:21.159Z</time>
      </trkpt>
      <trkpt lat="45.532245" lon="5.906281">
        <ele>586.557785</ele>
        <time>2026-04-04T08:26:56.340Z</time>
      </trkpt>
      <trkpt lat="45.532504" lon="5.907131">
        <ele>586.456835</ele>
        <time>2026-04-04T08:27:22.706Z</time>
      </trkpt>
      <trkpt lat="45.532513" lon="5.9073">
        <ele>586.438376</ele>
        <time>2026-04-04T08:27:27.400Z</time>
      </trkpt>
      <trkpt lat="45.532746" lon="5.907864">
        <ele>586.367066</ele>
        <time>2026-04-04T08:27:45.034Z</time>
      </trkpt>
      <trkpt lat="45.532929" lon="5.908082">
        <ele>585.744815</ele>
        <time>2026-04-04T08:27:54.030Z</time>
      </trkpt>
      <trkpt lat="45.533115" lon="5.908088">
        <ele>585.125855</ele>
        <time>2026-04-04T08:28:01.060Z</time>
      </trkpt>
      <trkpt lat="45.533754" lon="5.907815">
        <ele>582.906351</ele>
        <time>2026-04-04T08:28:25.942Z</time>
      </trkpt>
      <trkpt lat="45.534933" lon="5.907628">
        <ele>578.967513</ele>
        <time>2026-04-04T08:29:11.308Z</time>
      </trkpt>
      <trkpt lat="45.5355" lon="5.907472">
        <ele>577.054289</ele>
        <time>2026-04-04T08:29:33.818Z</time>
      </trkpt>
      <trkpt lat="45.535798" lon="5.907534">
        <ele>576.057856</ele>
        <time>2026-04-04T08:29:45.277Z</time>
      </trkpt>
      <trkpt lat="45.536016" lon="5.907684">
        <ele>575.257134</ele>
        <time>2026-04-04T08:29:54.338Z</time>
      </trkpt>
      <trkpt lat="45.53689" lon="5.908589">
        <ele>569.025337</ele>
        <time>2026-04-04T08:30:33.704Z</time>
      </trkpt>
      <trkpt lat="45.536973" lon="5.908611">
        <ele>568.475097</ele>
        <time>2026-04-04T08:30:36.687Z</time>
      </trkpt>
      <trkpt lat="45.537084" lon="5.908515">
        <ele>567.629196</ele>
        <time>2026-04-04T08:30:41.246Z</time>
      </trkpt>
      <trkpt lat="45.53722" lon="5.908281">
        <ele>566.240988</ele>
        <time>2026-04-04T08:30:48.643Z</time>
      </trkpt>
      <trkpt lat="45.53744" lon="5.907716">
        <ele>563.277366</ele>
        <time>2026-04-04T08:31:04.456Z</time>
      </trkpt>
      <trkpt lat="45.537675" lon="5.907699">
        <ele>561.259217</ele>
        <time>2026-04-04T08:31:12.609Z</time>
      </trkpt>
      <trkpt lat="45.53785" lon="5.907262">
        <ele>557.852329</ele>
        <time>2026-04-04T08:31:24.434Z</time>
      </trkpt>
      <trkpt lat="45.538046" lon="5.907057">
        <ele>555.518516</ele>
        <time>2026-04-04T08:31:32.387Z</time>
      </trkpt>
      <trkpt lat="45.538067" lon="5.90697">
        <ele>554.899403</ele>
        <time>2026-04-04T08:31:34.486Z</time>
      </trkpt>
      <trkpt lat="45.53823" lon="5.906957">
        <ele>553.331283</ele>
        <time>2026-04-04T08:31:39.788Z</time>
      </trkpt>
      <trkpt lat="45.53869" lon="5.90718">
        <ele>548.639172</ele>
        <time>2026-04-04T08:31:55.754Z</time>
      </trkpt>
      <trkpt lat="45.538794" lon="5.907113">
        <ele>547.543219</ele>
        <time>2026-04-04T08:31:59.539Z</time>
      </trkpt>
      <trkpt lat="45.539186" lon="5.90719">
        <ele>544.011488</ele>
        <time>2026-04-04T08:32:12.805Z</time>
      </trkpt>
      <trkpt lat="45.539653" lon="5.907531">
        <ele>539.76552</ele>
        <time>2026-04-04T08:32:30.755Z</time>
      </trkpt>
      <trkpt lat="45.540076" lon="5.907716">
        <ele>536.196303</ele>
        <time>2026-04-04T08:32:46.231Z</time>
      </trkpt>
      <trkpt lat="45.54032" lon="5.907897">
        <ele>533.977906</ele>
        <time>2026-04-04T08:32:55.921Z</time>
      </trkpt>
      <trkpt lat="45.540576" lon="5.907965">
        <ele>531.865099</ele>
        <time>2026-04-04T08:33:05.120Z</time>
      </trkpt>
      <trkpt lat="45.54201" lon="5.907849">
        <ele>517.172631</ele>
        <time>2026-04-04T08:33:53.590Z</time>
      </trkpt>
      <trkpt lat="45.542305" lon="5.907889">
        <ele>514.083986</ele>
        <time>2026-04-04T08:34:03.114Z</time>
      </trkpt>
      <trkpt lat="45.542593" lon="5.907833">
        <ele>510.417664</ele>
        <time>2026-04-04T08:34:12.420Z</time>
      </trkpt>
      <trkpt lat="45.542607" lon="5.907732">
        <ele>509.234985</ele>
        <time>2026-04-04T08:34:14.727Z</time>
      </trkpt>
      <trkpt lat="45.542707" lon="5.907589">
        <ele>506.913751</ele>
        <time>2026-04-04T08:34:19.246Z</time>
      </trkpt>
      <trkpt lat="45.542871" lon="5.907558">
        <ele>504.200524</ele>
        <time>2026-04-04T08:34:24.529Z</time>
      </trkpt>
      <trkpt lat="45.543089" lon="5.907605">
        <ele>500.552198</ele>
        <time>2026-04-04T08:34:31.619Z</time>
      </trkpt>
      <trkpt lat="45.543234" lon="5.90737">
        <ele>496.891783</ele>
        <time>2026-04-04T08:34:38.722Z</time>
      </trkpt>
      <trkpt lat="45.543394" lon="5.907312">
        <ele>494.144548</ele>
        <time>2026-04-04T08:34:44.061Z</time>
      </trkpt>
      <trkpt lat="45.544313" lon="5.907828">
        <ele>479.321489</ele>
        <time>2026-04-04T08:35:15.526Z</time>
      </trkpt>
      <trkpt lat="45.544509" lon="5.908125">
        <ele>475.973164</ele>
        <time>2026-04-04T08:35:24.817Z</time>
      </trkpt>
      <trkpt lat="45.54468" lon="5.908118">
        <ele>473.984142</ele>
        <time>2026-04-04T08:35:30.369Z</time>
      </trkpt>
      <trkpt lat="45.545039" lon="5.908315">
        <ele>469.512437</ele>
        <time>2026-04-04T08:35:43.080Z</time>
      </trkpt>
      <trkpt lat="45.545045" lon="5.908443">
        <ele>468.467813</ele>
        <time>2026-04-04T08:35:46.101Z</time>
      </trkpt>
      <trkpt lat="45.545093" lon="5.908509">
        <ele>467.693023</ele>
        <time>2026-04-04T08:35:48.321Z</time>
      </trkpt>
      <trkpt lat="45.546984" lon="5.908573">
        <ele>445.872516</ele>
        <time>2026-04-04T08:36:50.992Z</time>
      </trkpt>
      <trkpt lat="45.548439" lon="5.908778">
        <ele>428.762544</ele>
        <time>2026-04-04T08:37:37.936Z</time>
      </trkpt>
      <trkpt lat="45.548876" lon="5.908967">
        <ele>423.380876</ele>
        <time>2026-04-04T08:37:52.661Z</time>
      </trkpt>
      <trkpt lat="45.54974" lon="5.909499">
        <ele>420.284124</ele>
        <time>2026-04-04T08:38:26.098Z</time>
      </trkpt>
      <trkpt lat="45.549939" lon="5.909678">
        <ele>420.431048</ele>
        <time>2026-04-04T08:38:35.796Z</time>
      </trkpt>
      <trkpt lat="45.550283" lon="5.909822">
        <ele>420.655146</ele>
        <time>2026-04-04T08:38:52.479Z</time>
      </trkpt>
      <trkpt lat="45.55021" lon="5.910429">
        <ele>420.92458</ele>
        <time>2026-04-04T08:39:20.842Z</time>
      </trkpt>
      <trkpt lat="45.550134" lon="5.910593">
        <ele>421.033666</ele>
        <time>2026-04-04T08:39:31.334Z</time>
      </trkpt>
      <trkpt lat="45.549215" lon="5.911886">
        <ele>425.427692</ele>
        <time>2026-04-04T08:40:55.666Z</time>
      </trkpt>
      <trkpt lat="45.549265" lon="5.912523">
        <ele>426.953657</ele>
        <time>2026-04-04T08:41:16.617Z</time>
      </trkpt>
      <trkpt lat="45.549087" lon="5.91306">
        <ele>425.5193</ele>
        <time>2026-04-04T08:41:33.917Z</time>
      </trkpt>
      <trkpt lat="45.549084" lon="5.913328">
        <ele>424.703776</ele>
        <time>2026-04-04T08:41:41.359Z</time>
      </trkpt>
      <trkpt lat="45.549362" lon="5.913284">
        <ele>423.488543</ele>
        <time>2026-04-04T08:41:52.615Z</time>
      </trkpt>
      <trkpt lat="45.54935" lon="5.913578">
        <ele>422.592501</ele>
        <time>2026-04-04T08:42:01.265Z</time>
      </trkpt>
      <trkpt lat="45.549626" lon="5.913434">
        <ele>421.31582</ele>
        <time>2026-04-04T08:42:14.031Z</time>
      </trkpt>
      <trkpt lat="45.549628" lon="5.913626">
        <ele>420.731579</ele>
        <time>2026-04-04T08:42:19.976Z</time>
      </trkpt>
      <trkpt lat="45.549471" lon="5.914373">
        <ele>419.876699</ele>
        <time>2026-04-04T08:42:45.610Z</time>
      </trkpt>
      <trkpt lat="45.548958" lon="5.915219">
        <ele>421.929772</ele>
        <time>2026-04-04T08:43:28.011Z</time>
      </trkpt>
      <trkpt lat="45.548864" lon="5.915198">
        <ele>422.179024</ele>
        <time>2026-04-04T08:43:33.392Z</time>
      </trkpt>
      <trkpt lat="45.548538" lon="5.915876">
        <ele>423.687869</ele>
        <time>2026-04-04T08:44:06.002Z</time>
      </trkpt>
      <trkpt lat="45.548571" lon="5.915971">
        <ele>423.882422</ele>
        <time>2026-04-04T08:44:10.415Z</time>
      </trkpt>
      <trkpt lat="45.548325" lon="5.916663">
        <ele>425.835476</ele>
        <time>2026-04-04T08:44:42.940Z</time>
      </trkpt>
      <trkpt lat="45.548347" lon="5.916174">
        <ele>427.091332</ele>
        <time>2026-04-04T08:45:04.091Z</time>
      </trkpt>
      <trkpt lat="45.548311" lon="5.91615">
        <ele>427.236734</ele>
        <time>2026-04-04T08:45:06.477Z</time>
      </trkpt>
      <trkpt lat="45.548167" lon="5.916198">
        <ele>427.777902</ele>
        <time>2026-04-04T08:45:15.256Z</time>
      </trkpt>
      <trkpt lat="45.54799" lon="5.916463">
        <ele>428.716461</ele>
        <time>2026-04-04T08:45:29.694Z</time>
      </trkpt>
      <trkpt lat="45.547697" lon="5.917235">
        <ele>430.484897</ele>
        <time>2026-04-04T08:46:02.327Z</time>
      </trkpt>
      <trkpt lat="45.547614" lon="5.9179">
        <ele>429.943074</ele>
        <time>2026-04-04T08:46:24.178Z</time>
      </trkpt>
      <trkpt lat="45.547387" lon="5.918553">
        <ele>429.349434</ele>
        <time>2026-04-04T08:46:46.761Z</time>
      </trkpt>
      <trkpt lat="45.547254" lon="5.918753">
        <ele>429.128244</ele>
        <time>2026-04-04T08:46:53.993Z</time>
      </trkpt>
      <trkpt lat="45.547433" lon="5.918984">
        <ele>428.837497</ele>
        <time>2026-04-04T08:47:03.820Z</time>
      </trkpt>
      <trkpt lat="45.54759" lon="5.919275">
        <ele>428.542896</ele>
        <time>2026-04-04T08:47:14.349Z</time>
      </trkpt>
      <trkpt lat="45.547947" lon="5.919609">
        <ele>431.48329</ele>
        <time>2026-04-04T08:47:33.783Z</time>
      </trkpt>
      <trkpt lat="45.547831" lon="5.920223">
        <ele>434.572631</ele>
        <time>2026-04-04T08:47:57.505Z</time>
      </trkpt>
      <trkpt lat="45.547881" lon="5.920359">
        <ele>435.318803</ele>
        <time>2026-04-04T08:48:04.239Z</time>
      </trkpt>
      <trkpt lat="45.547585" lon="5.920976">
        <ele>438.95193</ele>
        <time>2026-04-04T08:48:38.785Z</time>
      </trkpt>
      <trkpt lat="45.547497" lon="5.920936">
        <ele>439.592538</ele>
        <time>2026-04-04T08:48:45.081Z</time>
      </trkpt>
      <trkpt lat="45.547487" lon="5.920985">
        <ele>439.840475</ele>
        <time>2026-04-04T08:48:47.628Z</time>
      </trkpt>
      <trkpt lat="45.547431" lon="5.920984">
        <ele>440.228958</ele>
        <time>2026-04-04T08:48:51.608Z</time>
      </trkpt>
      <trkpt lat="45.547485" lon="5.921447">
        <ele>443.321337</ele>
        <time>2026-04-04T08:49:15.048Z</time>
      </trkpt>
      <trkpt lat="45.547659" lon="5.921898">
        <ele>447.181816</ele>
        <time>2026-04-04T08:49:40.794Z</time>
      </trkpt>
      <trkpt lat="45.547644" lon="5.922267">
        <ele>449.928785</ele>
        <time>2026-04-04T08:49:59.065Z</time>
      </trkpt>
      <trkpt lat="45.547705" lon="5.922445">
        <ele>451.391297</ele>
        <time>2026-04-04T08:50:08.812Z</time>
      </trkpt>
      <trkpt lat="45.547811" lon="5.922546">
        <ele>452.734214</ele>
        <time>2026-04-04T08:50:17.810Z</time>
      </trkpt>
      <trkpt lat="45.548233" lon="5.922799">
        <ele>457.557432</ele>
        <time>2026-04-04T08:50:48.936Z</time>
      </trkpt>
      <trkpt lat="45.548843" lon="5.923639">
        <ele>461.490146</ele>
        <time>2026-04-04T08:51:40.449Z</time>
      </trkpt>
      <trkpt lat="45.548821" lon="5.923729">
        <ele>461.654119</ele>
        <time>2026-04-04T08:51:43.954Z</time>
      </trkpt>
      <trkpt lat="45.548904" lon="5.923937">
        <ele>462.077932</ele>
        <time>2026-04-04T08:51:52.481Z</time>
      </trkpt>
      <trkpt lat="45.548884" lon="5.924274">
        <ele>462.659697</ele>
        <time>2026-04-04T08:52:03.203Z</time>
      </trkpt>
      <trkpt lat="45.54898" lon="5.925103">
        <ele>464.106492</ele>
        <time>2026-04-04T08:52:26.555Z</time>
      </trkpt>
      <trkpt lat="45.549254" lon="5.925485">
        <ele>461.720141</ele>
        <time>2026-04-04T08:52:40.146Z</time>
      </trkpt>
      <trkpt lat="45.549391" lon="5.926157">
        <ele>456.923</ele>
        <time>2026-04-04T08:52:56.020Z</time>
      </trkpt>
      <trkpt lat="45.549272" lon="5.926931">
        <ele>451.480396</ele>
        <time>2026-04-04T08:53:13.946Z</time>
      </trkpt>
      <trkpt lat="45.549196" lon="5.92796">
        <ele>444.810687</ele>
        <time>2026-04-04T08:53:37.831Z</time>
      </trkpt>
      <trkpt lat="45.549036" lon="5.928729">
        <ele>440.273113</ele>
        <time>2026-04-04T08:53:56.699Z</time>
      </trkpt>
      <trkpt lat="45.54967" lon="5.928948">
        <ele>435.013694</ele>
        <time>2026-04-04T08:54:19.200Z</time>
      </trkpt>
      <trkpt lat="45.549878" lon="5.929071">
        <ele>433.19846</ele>
        <time>2026-04-04T08:54:27.220Z</time>
      </trkpt>
      <trkpt lat="45.550007" lon="5.929107">
        <ele>432.299848</ele>
        <time>2026-04-04T08:54:31.943Z</time>
      </trkpt>
      <trkpt lat="45.550264" lon="5.929056">
        <ele>432.550721</ele>
        <time>2026-04-04T08:54:41.209Z</time>
      </trkpt>
      <trkpt lat="45.550466" lon="5.928544">
        <ele>432.950224</ele>
        <time>2026-04-04T08:54:58.862Z</time>
      </trkpt>
      <trkpt lat="45.55053" lon="5.928484">
        <ele>433.024235</ele>
        <time>2026-04-04T08:55:02.523Z</time>
      </trkpt>
      <trkpt lat="45.550927" lon="5.928384">
        <ele>433.413949</ele>
        <time>2026-04-04T08:55:23.665Z</time>
      </trkpt>
      <trkpt lat="45.551261" lon="5.928022">
        <ele>433.8223</ele>
        <time>2026-04-04T08:55:48.392Z</time>
      </trkpt>
      <trkpt lat="45.551615" lon="5.927692">
        <ele>435.838851</ele>
        <time>2026-04-04T08:56:17.313Z</time>
      </trkpt>
      <trkpt lat="45.551869" lon="5.927557">
        <ele>438.110381</ele>
        <time>2026-04-04T08:56:37.584Z</time>
      </trkpt>
      <trkpt lat="45.552123" lon="5.927543">
        <ele>440.240828</ele>
        <time>2026-04-04T08:56:57.383Z</time>
      </trkpt>
      <trkpt lat="45.552163" lon="5.927255">
        <ele>441.99921</ele>
        <time>2026-04-04T08:57:14.490Z</time>
      </trkpt>
      <trkpt lat="45.55206" lon="5.926918">
        <ele>444.170368</ele>
        <time>2026-04-04T08:57:35.003Z</time>
      </trkpt>
      <trkpt lat="45.552171" lon="5.926514">
        <ele>446.717473</ele>
        <time>2026-04-04T08:57:57.254Z</time>
      </trkpt>
      <trkpt lat="45.55216" lon="5.926369">
        <ele>447.573475</ele>
        <time>2026-04-04T08:58:04.165Z</time>
      </trkpt>
      <trkpt lat="45.552031" lon="5.925977">
        <ele>449.161136</ele>
        <time>2026-04-04T08:58:23.903Z</time>
      </trkpt>
      <trkpt lat="45.551762" lon="5.925608">
        <ele>449.356018</ele>
        <time>2026-04-04T08:58:45.135Z</time>
      </trkpt>
      <trkpt lat="45.55188" lon="5.925502">
        <ele>449.428853</ele>
        <time>2026-04-04T08:58:52.327Z</time>
      </trkpt>
      <trkpt lat="45.552192" lon="5.924728">
        <ele>449.755599</ele>
        <time>2026-04-04T08:59:21.618Z</time>
      </trkpt>
      <trkpt lat="45.552411" lon="5.924329">
        <ele>449.941078</ele>
        <time>2026-04-04T08:59:37.474Z</time>
      </trkpt>
      <trkpt lat="45.55261" lon="5.92433">
        <ele>449.97146</ele>
        <time>2026-04-04T08:59:46.265Z</time>
      </trkpt>
      <trkpt lat="45.553315" lon="5.924595">
        <ele>447.211248</ele>
        <time>2026-04-04T09:00:19.104Z</time>
      </trkpt>
      <trkpt lat="45.553454" lon="5.924685">
        <ele>446.633437</ele>
        <time>2026-04-04T09:00:25.964Z</time>
      </trkpt>
      <trkpt lat="45.553568" lon="5.924883">
        <ele>445.953869</ele>
        <time>2026-04-04T09:00:33.996Z</time>
      </trkpt>
      <trkpt lat="45.554563" lon="5.925545">
        <ele>440.159831</ele>
        <time>2026-04-04T09:01:21.505Z</time>
      </trkpt>
      <trkpt lat="45.55492" lon="5.925898">
        <ele>436.647614</ele>
        <time>2026-04-04T09:01:38.972Z</time>
      </trkpt>
      <trkpt lat="45.555161" lon="5.926024">
        <ele>434.571746</ele>
        <time>2026-04-04T09:01:49.152Z</time>
      </trkpt>
      <trkpt lat="45.555435" lon="5.926061">
        <ele>432.345594</ele>
        <time>2026-04-04T09:02:00.057Z</time>
      </trkpt>
      <trkpt lat="45.556094" lon="5.925949">
        <ele>426.371738</ele>
        <time>2026-04-04T09:02:26.158Z</time>
      </trkpt>
      <trkpt lat="45.556493" lon="5.925364">
        <ele>420.093992</ele>
        <time>2026-04-04T09:02:45.045Z</time>
      </trkpt>
      <trkpt lat="45.557088" lon="5.925031">
        <ele>413.060264</ele>
        <time>2026-04-04T09:03:05.806Z</time>
      </trkpt>
      <trkpt lat="45.558163" lon="5.92503">
        <ele>398.771229</ele>
        <time>2026-04-04T09:03:40.457Z</time>
      </trkpt>
      <trkpt lat="45.55829" lon="5.925102">
        <ele>396.787633</ele>
        <time>2026-04-04T09:03:44.852Z</time>
      </trkpt>
      <trkpt lat="45.55854" lon="5.924827">
        <ele>392.179359</ele>
        <time>2026-04-04T09:03:55.022Z</time>
      </trkpt>
      <trkpt lat="45.558892" lon="5.924963">
        <ele>386.885716</ele>
        <time>2026-04-04T09:04:06.683Z</time>
      </trkpt>
      <trkpt lat="45.55914" lon="5.925244">
        <ele>382.278752</ele>
        <time>2026-04-04T09:04:16.765Z</time>
      </trkpt>
      <trkpt lat="45.559227" lon="5.925199">
        <ele>380.848196</ele>
        <time>2026-04-04T09:04:19.872Z</time>
      </trkpt>
      <trkpt lat="45.559328" lon="5.924943">
        <ele>377.799058</ele>
        <time>2026-04-04T09:04:26.425Z</time>
      </trkpt>
      <trkpt lat="45.559418" lon="5.924886">
        <ele>376.339973</ele>
        <time>2026-04-04T09:04:29.578Z</time>
      </trkpt>
      <trkpt lat="45.559798" lon="5.925247">
        <ele>369.544571</ele>
        <time>2026-04-04T09:04:44.212Z</time>
      </trkpt>
      <trkpt lat="45.559884" lon="5.92548">
        <ele>366.731744</ele>
        <time>2026-04-04T09:04:50.284Z</time>
      </trkpt>
      <trkpt lat="45.56033" lon="5.925883">
        <ele>358.910162</ele>
        <time>2026-04-04T09:05:07.190Z</time>
      </trkpt>
      <trkpt lat="45.560524" lon="5.926132">
        <ele>355.455776</ele>
        <time>2026-04-04T09:05:15.759Z</time>
      </trkpt>
      <trkpt lat="45.560564" lon="5.926106">
        <ele>355.040542</ele>
        <time>2026-04-04T09:05:17.191Z</time>
      </trkpt>
      <trkpt lat="45.560316" lon="5.925237">
        <ele>348.832547</ele>
        <time>2026-04-04T09:05:39.497Z</time>
      </trkpt>
      <trkpt lat="45.560378" lon="5.925111">
        <ele>347.726233</ele>
        <time>2026-04-04T09:05:43.805Z</time>
      </trkpt>
      <trkpt lat="45.560273" lon="5.924846">
        <ele>345.711909</ele>
        <time>2026-04-04T09:05:52.475Z</time>
      </trkpt>
      <trkpt lat="45.560294" lon="5.924651">
        <ele>344.406738</ele>
        <time>2026-04-04T09:05:58.022Z</time>
      </trkpt>
      <trkpt lat="45.560247" lon="5.924369">
        <ele>342.489073</ele>
        <time>2026-04-04T09:06:06.312Z</time>
      </trkpt>
      <trkpt lat="45.56012" lon="5.92402">
        <ele>339.864883</ele>
        <time>2026-04-04T09:06:17.599Z</time>
      </trkpt>
      <trkpt lat="45.56018" lon="5.92384">
        <ele>338.246491</ele>
        <time>2026-04-04T09:06:23.428Z</time>
      </trkpt>
      <trkpt lat="45.56023" lon="5.92384">
        <ele>337.570485</ele>
        <time>2026-04-04T09:06:25.487Z</time>
      </trkpt>
      <trkpt lat="45.56023" lon="5.92403">
        <ele>335.771902</ele>
        <time>2026-04-04T09:06:30.974Z</time>
      </trkpt>
      <trkpt lat="45.56043" lon="5.92449">
        <ele>330.646179</ele>
        <time>2026-04-04T09:06:46.632Z</time>
      </trkpt>
      <trkpt lat="45.56051" lon="5.92379">
        <ele>323.930072</ele>
        <time>2026-04-04T09:07:07.185Z</time>
      </trkpt>
      <trkpt lat="45.56062" lon="5.92432">
        <ele>318.697213</ele>
        <time>2026-04-04T09:07:23.220Z</time>
      </trkpt>
      <trkpt lat="45.56055" lon="5.92402">
        <ele>315.703814</ele>
        <time>2026-04-04T09:07:32.410Z</time>
      </trkpt>
      <trkpt lat="45.56063" lon="5.92401">
        <ele>314.579229</ele>
        <time>2026-04-04T09:07:35.741Z</time>
      </trkpt>
      <trkpt lat="45.56076" lon="5.92387">
        <ele>311.870925</ele>
        <time>2026-04-04T09:07:42.931Z</time>
      </trkpt>
      <trkpt lat="45.560965" lon="5.924166">
        <ele>307.141631</ele>
        <time>2026-04-04T09:07:55.461Z</time>
      </trkpt>
      <trkpt lat="45.561137" lon="5.924325">
        <ele>303.938866</ele>
        <time>2026-04-04T09:08:01.988Z</time>
      </trkpt>
      <trkpt lat="45.561242" lon="5.924339">
        <ele>302.290349</ele>
        <time>2026-04-04T09:08:05.313Z</time>
      </trkpt>
      <trkpt lat="45.561385" lon="5.924293">
        <ele>299.998938</ele>
        <time>2026-04-04T09:08:09.982Z</time>
      </trkpt>
      <trkpt lat="45.561318" lon="5.924066">
        <ele>297.302729</ele>
        <time>2026-04-04T09:08:15.486Z</time>
      </trkpt>
      <trkpt lat="45.561394" lon="5.923861">
        <ele>294.763917</ele>
        <time>2026-04-04T09:08:20.664Z</time>
      </trkpt>
      <trkpt lat="45.561495" lon="5.923777">
        <ele>292.936899</ele>
        <time>2026-04-04T09:08:24.413Z</time>
      </trkpt>
      <trkpt lat="45.562053" lon="5.923771">
        <ele>285.850245</ele>
        <time>2026-04-04T09:08:42.370Z</time>
      </trkpt>
      <trkpt lat="45.563907" lon="5.923837">
        <ele>276.795145</ele>
        <time>2026-04-04T09:09:52.159Z</time>
      </trkpt>
      <trkpt lat="45.564053" lon="5.924251">
        <ele>276.82527</ele>
        <time>2026-04-04T09:10:05.485Z</time>
      </trkpt>
      <trkpt lat="45.564144" lon="5.924755">
        <ele>276.859183</ele>
        <time>2026-04-04T09:10:20.671Z</time>
      </trkpt>
      <trkpt lat="45.564949" lon="5.924395">
        <ele>276.937485</ele>
        <time>2026-04-04T09:10:56.041Z</time>
      </trkpt>
      <trkpt lat="45.564986" lon="5.924369">
        <ele>276.941312</ele>
        <time>2026-04-04T09:10:57.776Z</time>
      </trkpt>
      <trkpt lat="45.564897" lon="5.924171">
        <ele>277.035798</ele>
        <time>2026-04-04T09:11:04.560Z</time>
      </trkpt>
      <trkpt lat="45.566541" lon="5.922783">
        <ele>277.977555</ele>
        <time>2026-04-04T09:12:24.806Z</time>
      </trkpt>
      <trkpt lat="45.566619" lon="5.922769">
        <ele>277.969789</ele>
        <time>2026-04-04T09:12:28.074Z</time>
      </trkpt>
      <trkpt lat="45.566679" lon="5.922841">
        <ele>277.962048</ele>
        <time>2026-04-04T09:12:31.401Z</time>
      </trkpt>
      <trkpt lat="45.568053" lon="5.921115">
        <ele>277.143072</ele>
        <time>2026-04-04T09:13:45.899Z</time>
      </trkpt>
      <trkpt lat="45.567978" lon="5.921012">
        <ele>276.988266</ele>
        <time>2026-04-04T09:13:50.025Z</time>
      </trkpt>
      <trkpt lat="45.56826" lon="5.920712">
        <ele>276.456216</ele>
        <time>2026-04-04T09:14:04.012Z</time>
      </trkpt>
      <trkpt lat="45.568489" lon="5.920029">
        <ele>275.667272</ele>
        <time>2026-04-04T09:14:24.944Z</time>
      </trkpt>
      <trkpt lat="45.568408" lon="5.919974">
        <ele>275.532872</ele>
        <time>2026-04-04T09:14:28.539Z</time>
      </trkpt>
      <trkpt lat="45.569174" lon="5.918068">
        <ele>272.96023</ele>
        <time>2026-04-04T09:15:30.240Z</time>
      </trkpt>
      <trkpt lat="45.569106" lon="5.917728">
        <ele>272.54717</ele>
        <time>2026-04-04T09:15:40.021Z</time>
      </trkpt>
      <trkpt lat="45.569297" lon="5.917396">
        <ele>272.126286</ele>
        <time>2026-04-04T09:15:51.924Z</time>
      </trkpt>
      <trkpt lat="45.569446" lon="5.916965">
        <ele>272.002865</ele>
        <time>2026-04-04T09:16:05.495Z</time>
      </trkpt>
      <trkpt lat="45.569536" lon="5.916291">
        <ele>271.827709</ele>
        <time>2026-04-04T09:16:24.809Z</time>
      </trkpt>
      <trkpt lat="45.569874" lon="5.915677">
        <ele>271.628886</ele>
        <time>2026-04-04T09:16:47.312Z</time>
      </trkpt>
      <trkpt lat="45.569998" lon="5.915591">
        <ele>271.576418</ele>
        <time>2026-04-04T09:16:53.367Z</time>
      </trkpt>
      <trkpt lat="45.570138" lon="5.915674">
        <ele>271.520503</ele>
        <time>2026-04-04T09:16:59.875Z</time>
      </trkpt>
      <trkpt lat="45.570253" lon="5.915428">
        <ele>271.495038</ele>
        <time>2026-04-04T09:17:08.721Z</time>
      </trkpt>
      <trkpt lat="45.570937" lon="5.916473">
        <ele>271.495038</ele>
        <time>2026-04-04T09:17:51.191Z</time>
      </trkpt>
    </trkseg>
  </trk>
</gpx>
