<?xml version='1.0' encoding='UTF-8'?>
<gpx version="1.1" creator="https://www.komoot.de" xmlns="http://www.topografix.com/GPX/1/1" xmlns:xsi="http://www.w3.org/2001/XMLSchema-instance" xsi:schemaLocation="http://www.topografix.com/GPX/1/1 http://www.topografix.com/GPX/1/1/gpx.xsd">
  <metadata>
    <name>85km Rémuzat</name>
    <author>
      <link href="https://www.komoot.de">
        <text>komoot</text>
        <type>text/html</type>
      </link>
    </author>
  </metadata>
  <trk>
    <name>85km Rémuzat</name>
    <trkseg>
      <trkpt lat="44.486131" lon="5.380602">
        <ele>550.037767</ele>
        <time>2025-10-16T16:46:09.342Z</time>
      </trkpt>
      <trkpt lat="44.485920" lon="5.380802">
        <ele>550.037767</ele>
        <time>2025-10-16T16:46:19.244Z</time>
      </trkpt>
      <trkpt lat="44.485821" lon="5.380823">
        <ele>550.037767</ele>
        <time>2025-10-16T16:46:23.162Z</time>
      </trkpt>
      <trkpt lat="44.485519" lon="5.380770">
        <ele>550.037767</ele>
        <time>2025-10-16T16:46:34.947Z</time>
      </trkpt>
      <trkpt lat="44.485367" lon="5.380711">
        <ele>550.037767</ele>
        <time>2025-10-16T16:46:41.007Z</time>
      </trkpt>
      <trkpt lat="44.485306" lon="5.380652">
        <ele>550.037767</ele>
        <time>2025-10-16T16:46:43.857Z</time>
      </trkpt>
      <trkpt lat="44.485207" lon="5.380729">
        <ele>549.777289</ele>
        <time>2025-10-16T16:46:48.194Z</time>
      </trkpt>
      <trkpt lat="44.484861" lon="5.380364">
        <ele>548.702328</ele>
        <time>2025-10-16T16:47:04.767Z</time>
      </trkpt>
      <trkpt lat="44.484819" lon="5.380320">
        <ele>548.572167</ele>
        <time>2025-10-16T16:47:06.774Z</time>
      </trkpt>
      <trkpt lat="44.484642" lon="5.380124">
        <ele>548.012221</ele>
        <time>2025-10-16T16:47:15.357Z</time>
      </trkpt>
      <trkpt lat="44.484522" lon="5.379946">
        <ele>547.578506</ele>
        <time>2025-10-16T16:47:22.001Z</time>
      </trkpt>
      <trkpt lat="44.484417" lon="5.379608">
        <ele>546.925622</ele>
        <time>2025-10-16T16:47:32.067Z</time>
      </trkpt>
      <trkpt lat="44.484378" lon="5.379303">
        <ele>546.376858</ele>
        <time>2025-10-16T16:47:40.717Z</time>
      </trkpt>
      <trkpt lat="44.484354" lon="5.378622">
        <ele>545.558697</ele>
        <time>2025-10-16T16:47:59.962Z</time>
      </trkpt>
      <trkpt lat="44.484350" lon="5.378572">
        <ele>545.555558</ele>
        <time>2025-10-16T16:48:01.416Z</time>
      </trkpt>
      <trkpt lat="44.484347" lon="5.378532">
        <ele>545.553048</ele>
        <time>2025-10-16T16:48:02.562Z</time>
      </trkpt>
      <trkpt lat="44.484332" lon="5.378256">
        <ele>545.535778</ele>
        <time>2025-10-16T16:48:10.474Z</time>
      </trkpt>
      <trkpt lat="44.484346" lon="5.378096">
        <ele>545.525721</ele>
        <time>2025-10-16T16:48:15.112Z</time>
      </trkpt>
      <trkpt lat="44.484357" lon="5.378043">
        <ele>545.522277</ele>
        <time>2025-10-16T16:48:16.704Z</time>
      </trkpt>
      <trkpt lat="44.484392" lon="5.377897">
        <ele>545.512668</ele>
        <time>2025-10-16T16:48:21.156Z</time>
      </trkpt>
      <trkpt lat="44.484405" lon="5.377853">
        <ele>545.509696</ele>
        <time>2025-10-16T16:48:22.514Z</time>
      </trkpt>
      <trkpt lat="44.484702" lon="5.378012">
        <ele>545.481893</ele>
        <time>2025-10-16T16:48:35.614Z</time>
      </trkpt>
      <trkpt lat="44.484977" lon="5.378069">
        <ele>545.457583</ele>
        <time>2025-10-16T16:48:47.262Z</time>
      </trkpt>
      <trkpt lat="44.485025" lon="5.378067">
        <ele>545.453383</ele>
        <time>2025-10-16T16:48:49.310Z</time>
      </trkpt>
      <trkpt lat="44.485231" lon="5.378082">
        <ele>545.435344</ele>
        <time>2025-10-16T16:48:58.125Z</time>
      </trkpt>
      <trkpt lat="44.485403" lon="5.378037">
        <ele>545.420043</ele>
        <time>2025-10-16T16:49:05.632Z</time>
      </trkpt>
      <trkpt lat="44.485639" lon="5.377901">
        <ele>545.760708</ele>
        <time>2025-10-16T16:49:16.535Z</time>
      </trkpt>
      <trkpt lat="44.486095" lon="5.377601">
        <ele>546.610274</ele>
        <time>2025-10-16T16:49:38.042Z</time>
      </trkpt>
      <trkpt lat="44.486479" lon="5.377427">
        <ele>547.290908</ele>
        <time>2025-10-16T16:49:55.412Z</time>
      </trkpt>
      <trkpt lat="44.486834" lon="5.377330">
        <ele>547.900903</ele>
        <time>2025-10-16T16:50:11.082Z</time>
      </trkpt>
      <trkpt lat="44.487142" lon="5.376418">
        <ele>551.578716</ele>
        <time>2025-10-16T16:50:50.135Z</time>
      </trkpt>
      <trkpt lat="44.487154" lon="5.376067">
        <ele>553.566001</ele>
        <time>2025-10-16T16:51:05.060Z</time>
      </trkpt>
      <trkpt lat="44.487184" lon="5.375943">
        <ele>554.306484</ele>
        <time>2025-10-16T16:51:10.922Z</time>
      </trkpt>
      <trkpt lat="44.487325" lon="5.375788">
        <ele>555.726937</ele>
        <time>2025-10-16T16:51:22.716Z</time>
      </trkpt>
      <trkpt lat="44.487381" lon="5.375558">
        <ele>557.101316</ele>
        <time>2025-10-16T16:51:34.973Z</time>
      </trkpt>
      <trkpt lat="44.487383" lon="5.374827">
        <ele>561.235346</ele>
        <time>2025-10-16T16:52:17.490Z</time>
      </trkpt>
      <trkpt lat="44.487481" lon="5.374765">
        <ele>562.087667</ele>
        <time>2025-10-16T16:52:26.949Z</time>
      </trkpt>
      <trkpt lat="44.487571" lon="5.374647">
        <ele>563.290789</ele>
        <time>2025-10-16T16:52:38.060Z</time>
      </trkpt>
      <trkpt lat="44.487786" lon="5.373666">
        <ele>572.768963</ele>
        <time>2025-10-16T16:53:46.178Z</time>
      </trkpt>
      <trkpt lat="44.487936" lon="5.373273">
        <ele>576.885428</ele>
        <time>2025-10-16T16:54:15.296Z</time>
      </trkpt>
      <trkpt lat="44.487991" lon="5.372873">
        <ele>580.647701</ele>
        <time>2025-10-16T16:54:40.782Z</time>
      </trkpt>
      <trkpt lat="44.487946" lon="5.372387">
        <ele>585.173900</ele>
        <time>2025-10-16T16:55:10.216Z</time>
      </trkpt>
      <trkpt lat="44.487884" lon="5.372233">
        <ele>586.586837</ele>
        <time>2025-10-16T16:55:20.470Z</time>
      </trkpt>
      <trkpt lat="44.487622" lon="5.372025">
        <ele>589.430929</ele>
        <time>2025-10-16T16:55:43.727Z</time>
      </trkpt>
      <trkpt lat="44.487541" lon="5.371839">
        <ele>590.899358</ele>
        <time>2025-10-16T16:55:55.131Z</time>
      </trkpt>
      <trkpt lat="44.487776" lon="5.370414">
        <ele>600.754939</ele>
        <time>2025-10-16T16:57:09.447Z</time>
      </trkpt>
      <trkpt lat="44.487732" lon="5.369970">
        <ele>603.968695</ele>
        <time>2025-10-16T16:57:32.702Z</time>
      </trkpt>
      <trkpt lat="44.487609" lon="5.369545">
        <ele>607.811306</ele>
        <time>2025-10-16T16:57:56.743Z</time>
      </trkpt>
      <trkpt lat="44.487581" lon="5.369261">
        <ele>610.213349</ele>
        <time>2025-10-16T16:58:12.211Z</time>
      </trkpt>
      <trkpt lat="44.487664" lon="5.368351">
        <ele>617.899629</ele>
        <time>2025-10-16T16:59:06.255Z</time>
      </trkpt>
      <trkpt lat="44.487740" lon="5.368182">
        <ele>619.573395</ele>
        <time>2025-10-16T16:59:18.781Z</time>
      </trkpt>
      <trkpt lat="44.487758" lon="5.368011">
        <ele>621.021587</ele>
        <time>2025-10-16T16:59:29.938Z</time>
      </trkpt>
      <trkpt lat="44.487852" lon="5.367836">
        <ele>622.856911</ele>
        <time>2025-10-16T16:59:44.608Z</time>
      </trkpt>
      <trkpt lat="44.487914" lon="5.367583">
        <ele>625.620109</ele>
        <time>2025-10-16T17:00:03.627Z</time>
      </trkpt>
      <trkpt lat="44.487948" lon="5.367207">
        <ele>630.464785</ele>
        <time>2025-10-16T17:00:30.278Z</time>
      </trkpt>
      <trkpt lat="44.488107" lon="5.366639">
        <ele>638.264177</ele>
        <time>2025-10-16T17:01:14.988Z</time>
      </trkpt>
      <trkpt lat="44.488133" lon="5.366436">
        <ele>640.900504</ele>
        <time>2025-10-16T17:01:31.277Z</time>
      </trkpt>
      <trkpt lat="44.488233" lon="5.366212">
        <ele>644.278192</ele>
        <time>2025-10-16T17:01:53.330Z</time>
      </trkpt>
      <trkpt lat="44.488014" lon="5.366134">
        <ele>648.326869</ele>
        <time>2025-10-16T17:02:19.910Z</time>
      </trkpt>
      <trkpt lat="44.487874" lon="5.365905">
        <ele>652.181861</ele>
        <time>2025-10-16T17:02:45.106Z</time>
      </trkpt>
      <trkpt lat="44.487744" lon="5.365750">
        <ele>655.239836</ele>
        <time>2025-10-16T17:03:04.663Z</time>
      </trkpt>
      <trkpt lat="44.487659" lon="5.365472">
        <ele>659.144019</ele>
        <time>2025-10-16T17:03:28.225Z</time>
      </trkpt>
      <trkpt lat="44.487470" lon="5.365101">
        <ele>665.051239</ele>
        <time>2025-10-16T17:04:01.840Z</time>
      </trkpt>
      <trkpt lat="44.487353" lon="5.364746">
        <ele>670.118430</ele>
        <time>2025-10-16T17:04:30.219Z</time>
      </trkpt>
      <trkpt lat="44.487138" lon="5.364583">
        <ele>674.558153</ele>
        <time>2025-10-16T17:04:55.850Z</time>
      </trkpt>
      <trkpt lat="44.487135" lon="5.364485">
        <ele>675.829196</ele>
        <time>2025-10-16T17:05:03.474Z</time>
      </trkpt>
      <trkpt lat="44.487319" lon="5.364477">
        <ele>679.172866</ele>
        <time>2025-10-16T17:05:22.997Z</time>
      </trkpt>
      <trkpt lat="44.487522" lon="5.364571">
        <ele>683.056012</ele>
        <time>2025-10-16T17:05:45.573Z</time>
      </trkpt>
      <trkpt lat="44.487764" lon="5.364505">
        <ele>687.533976</ele>
        <time>2025-10-16T17:06:11.539Z</time>
      </trkpt>
      <trkpt lat="44.487912" lon="5.364313">
        <ele>691.301079</ele>
        <time>2025-10-16T17:06:33.442Z</time>
      </trkpt>
      <trkpt lat="44.487968" lon="5.363856">
        <ele>697.595155</ele>
        <time>2025-10-16T17:07:10.729Z</time>
      </trkpt>
      <trkpt lat="44.487889" lon="5.362783">
        <ele>712.237217</ele>
        <time>2025-10-16T17:08:41.725Z</time>
      </trkpt>
      <trkpt lat="44.488265" lon="5.361995">
        <ele>724.793401</ele>
        <time>2025-10-16T17:09:55.076Z</time>
      </trkpt>
      <trkpt lat="44.488279" lon="5.361445">
        <ele>731.024217</ele>
        <time>2025-10-16T17:10:34.059Z</time>
      </trkpt>
      <trkpt lat="44.488573" lon="5.360836">
        <ele>739.349349</ele>
        <time>2025-10-16T17:11:25.685Z</time>
      </trkpt>
      <trkpt lat="44.488582" lon="5.360404">
        <ele>744.242319</ele>
        <time>2025-10-16T17:11:55.365Z</time>
      </trkpt>
      <trkpt lat="44.488684" lon="5.360122">
        <ele>747.821897</ele>
        <time>2025-10-16T17:12:16.382Z</time>
      </trkpt>
      <trkpt lat="44.488710" lon="5.359959">
        <ele>749.712864</ele>
        <time>2025-10-16T17:12:27.481Z</time>
      </trkpt>
      <trkpt lat="44.488777" lon="5.359779">
        <ele>752.005546</ele>
        <time>2025-10-16T17:12:40.679Z</time>
      </trkpt>
      <trkpt lat="44.488774" lon="5.359728">
        <ele>752.570771</ele>
        <time>2025-10-16T17:12:43.926Z</time>
      </trkpt>
      <trkpt lat="44.488828" lon="5.359632">
        <ele>753.921096</ele>
        <time>2025-10-16T17:12:51.837Z</time>
      </trkpt>
      <trkpt lat="44.488997" lon="5.359605">
        <ele>756.554654</ele>
        <time>2025-10-16T17:13:06.938Z</time>
      </trkpt>
      <trkpt lat="44.489078" lon="5.359452">
        <ele>758.659098</ele>
        <time>2025-10-16T17:13:18.946Z</time>
      </trkpt>
      <trkpt lat="44.489035" lon="5.359304">
        <ele>760.424176</ele>
        <time>2025-10-16T17:13:28.995Z</time>
      </trkpt>
      <trkpt lat="44.489066" lon="5.359155">
        <ele>762.138487</ele>
        <time>2025-10-16T17:13:38.856Z</time>
      </trkpt>
      <trkpt lat="44.489086" lon="5.359142">
        <ele>762.479818</ele>
        <time>2025-10-16T17:13:40.810Z</time>
      </trkpt>
      <trkpt lat="44.489256" lon="5.359204">
        <ele>765.199546</ele>
        <time>2025-10-16T17:13:56.660Z</time>
      </trkpt>
      <trkpt lat="44.489374" lon="5.359200">
        <ele>767.027068</ele>
        <time>2025-10-16T17:14:07.228Z</time>
      </trkpt>
      <trkpt lat="44.489523" lon="5.359318">
        <ele>769.676738</ele>
        <time>2025-10-16T17:14:22.657Z</time>
      </trkpt>
      <trkpt lat="44.489790" lon="5.359408">
        <ele>773.928525</ele>
        <time>2025-10-16T17:14:48.720Z</time>
      </trkpt>
      <trkpt lat="44.489982" lon="5.359563">
        <ele>777.358983</ele>
        <time>2025-10-16T17:15:11.306Z</time>
      </trkpt>
      <trkpt lat="44.490036" lon="5.359545">
        <ele>778.218375</ele>
        <time>2025-10-16T17:15:17.320Z</time>
      </trkpt>
      <trkpt lat="44.490080" lon="5.359487">
        <ele>779.153517</ele>
        <time>2025-10-16T17:15:23.907Z</time>
      </trkpt>
      <trkpt lat="44.490095" lon="5.359422">
        <ele>780.061552</ele>
        <time>2025-10-16T17:15:29.315Z</time>
      </trkpt>
      <trkpt lat="44.490066" lon="5.359015">
        <ele>786.969066</ele>
        <time>2025-10-16T17:16:05.071Z</time>
      </trkpt>
      <trkpt lat="44.490082" lon="5.358881">
        <ele>789.263505</ele>
        <time>2025-10-16T17:16:17.913Z</time>
      </trkpt>
      <trkpt lat="44.490125" lon="5.358759">
        <ele>791.561561</ele>
        <time>2025-10-16T17:16:31.046Z</time>
      </trkpt>
      <trkpt lat="44.490097" lon="5.358639">
        <ele>793.693740</ele>
        <time>2025-10-16T17:16:43.452Z</time>
      </trkpt>
      <trkpt lat="44.490107" lon="5.358595">
        <ele>794.473600</ele>
        <time>2025-10-16T17:16:48.092Z</time>
      </trkpt>
      <trkpt lat="44.490205" lon="5.358467">
        <ele>797.644544</ele>
        <time>2025-10-16T17:17:07.073Z</time>
      </trkpt>
      <trkpt lat="44.490367" lon="5.358155">
        <ele>804.161408</ele>
        <time>2025-10-16T17:17:47.582Z</time>
      </trkpt>
      <trkpt lat="44.490499" lon="5.357785">
        <ele>811.147650</ele>
        <time>2025-10-16T17:18:31.190Z</time>
      </trkpt>
      <trkpt lat="44.490505" lon="5.357639">
        <ele>813.617331</ele>
        <time>2025-10-16T17:18:46.405Z</time>
      </trkpt>
      <trkpt lat="44.490620" lon="5.357295">
        <ele>820.032931</ele>
        <time>2025-10-16T17:19:24.747Z</time>
      </trkpt>
      <trkpt lat="44.490866" lon="5.356847">
        <ele>828.744875</ele>
        <time>2025-10-16T17:20:18.556Z</time>
      </trkpt>
      <trkpt lat="44.490988" lon="5.356724">
        <ele>831.899808</ele>
        <time>2025-10-16T17:20:37.505Z</time>
      </trkpt>
      <trkpt lat="44.491146" lon="5.356308">
        <ele>838.958029</ele>
        <time>2025-10-16T17:21:17.151Z</time>
      </trkpt>
      <trkpt lat="44.491168" lon="5.356056">
        <ele>842.760245</ele>
        <time>2025-10-16T17:21:37.568Z</time>
      </trkpt>
      <trkpt lat="44.491690" lon="5.354511">
        <ele>868.012667</ele>
        <time>2025-10-16T17:23:56.906Z</time>
      </trkpt>
      <trkpt lat="44.491710" lon="5.354325">
        <ele>870.712377</ele>
        <time>2025-10-16T17:24:12.777Z</time>
      </trkpt>
      <trkpt lat="44.491806" lon="5.353963">
        <ele>876.255362</ele>
        <time>2025-10-16T17:24:44.975Z</time>
      </trkpt>
      <trkpt lat="44.491804" lon="5.353515">
        <ele>882.685368</ele>
        <time>2025-10-16T17:25:21.236Z</time>
      </trkpt>
      <trkpt lat="44.491837" lon="5.353265">
        <ele>886.334382</ele>
        <time>2025-10-16T17:25:41.724Z</time>
      </trkpt>
      <trkpt lat="44.492072" lon="5.352764">
        <ele>894.940141</ele>
        <time>2025-10-16T17:26:32.301Z</time>
      </trkpt>
      <trkpt lat="44.492223" lon="5.352520">
        <ele>900.315870</ele>
        <time>2025-10-16T17:27:00.256Z</time>
      </trkpt>
      <trkpt lat="44.492308" lon="5.352289">
        <ele>904.850862</ele>
        <time>2025-10-16T17:27:23.254Z</time>
      </trkpt>
      <trkpt lat="44.492447" lon="5.352144">
        <ele>909.088635</ele>
        <time>2025-10-16T17:27:45.744Z</time>
      </trkpt>
      <trkpt lat="44.492602" lon="5.351753">
        <ele>916.893215</ele>
        <time>2025-10-16T17:28:28.091Z</time>
      </trkpt>
      <trkpt lat="44.492614" lon="5.351149">
        <ele>927.435542</ele>
        <time>2025-10-16T17:29:28.895Z</time>
      </trkpt>
      <trkpt lat="44.492826" lon="5.350680">
        <ele>937.122928</ele>
        <time>2025-10-16T17:30:29.326Z</time>
      </trkpt>
      <trkpt lat="44.492960" lon="5.350438">
        <ele>942.646497</ele>
        <time>2025-10-16T17:31:03.235Z</time>
      </trkpt>
      <trkpt lat="44.492975" lon="5.350286">
        <ele>945.529026</ele>
        <time>2025-10-16T17:31:20.817Z</time>
      </trkpt>
      <trkpt lat="44.493511" lon="5.348870">
        <ele>975.641709</ele>
        <time>2025-10-16T17:34:14.037Z</time>
      </trkpt>
      <trkpt lat="44.493984" lon="5.347880">
        <ele>995.935923</ele>
        <time>2025-10-16T17:36:06.493Z</time>
      </trkpt>
      <trkpt lat="44.494305" lon="5.347568">
        <ele>1004.179679</ele>
        <time>2025-10-16T17:36:54.440Z</time>
      </trkpt>
      <trkpt lat="44.494408" lon="5.347418">
        <ele>1007.314161</ele>
        <time>2025-10-16T17:37:12.332Z</time>
      </trkpt>
      <trkpt lat="44.494760" lon="5.346791">
        <ele>1019.326204</ele>
        <time>2025-10-16T17:38:18.225Z</time>
      </trkpt>
      <trkpt lat="44.494967" lon="5.346351">
        <ele>1026.678491</ele>
        <time>2025-10-16T17:39:00.778Z</time>
      </trkpt>
      <trkpt lat="44.495476" lon="5.345632">
        <ele>1036.979902</ele>
        <time>2025-10-16T17:40:23.413Z</time>
      </trkpt>
      <trkpt lat="44.495618" lon="5.345385">
        <ele>1040.205959</ele>
        <time>2025-10-16T17:40:46.950Z</time>
      </trkpt>
      <trkpt lat="44.495817" lon="5.344865">
        <ele>1046.206931</ele>
        <time>2025-10-16T17:41:24.140Z</time>
      </trkpt>
      <trkpt lat="44.495797" lon="5.344816">
        <ele>1046.781033</ele>
        <time>2025-10-16T17:41:27.094Z</time>
      </trkpt>
      <trkpt lat="44.495434" lon="5.344843">
        <ele>1050.842809</ele>
        <time>2025-10-16T17:41:50.200Z</time>
      </trkpt>
      <trkpt lat="44.495308" lon="5.344656">
        <ele>1050.031967</ele>
        <time>2025-10-16T17:41:59.845Z</time>
      </trkpt>
      <trkpt lat="44.495086" lon="5.344580">
        <ele>1049.022123</ele>
        <time>2025-10-16T17:42:10.598Z</time>
      </trkpt>
      <trkpt lat="44.495063" lon="5.344500">
        <ele>1048.750241</ele>
        <time>2025-10-16T17:42:13.418Z</time>
      </trkpt>
      <trkpt lat="44.495162" lon="5.343534">
        <ele>1045.674028</ele>
        <time>2025-10-16T17:42:42.300Z</time>
      </trkpt>
      <trkpt lat="44.495227" lon="5.343127">
        <ele>1044.359355</ele>
        <time>2025-10-16T17:42:53.789Z</time>
      </trkpt>
      <trkpt lat="44.495426" lon="5.342740">
        <ele>1042.597860</ele>
        <time>2025-10-16T17:43:06.842Z</time>
      </trkpt>
      <trkpt lat="44.495441" lon="5.342452">
        <ele>1040.916528</ele>
        <time>2025-10-16T17:43:14.916Z</time>
      </trkpt>
      <trkpt lat="44.495763" lon="5.341610">
        <ele>1035.353903</ele>
        <time>2025-10-16T17:43:42.467Z</time>
      </trkpt>
      <trkpt lat="44.496153" lon="5.341052">
        <ele>1030.805323</ele>
        <time>2025-10-16T17:44:05.277Z</time>
      </trkpt>
      <trkpt lat="44.496521" lon="5.340167">
        <ele>1025.345327</ele>
        <time>2025-10-16T17:44:34.990Z</time>
      </trkpt>
      <trkpt lat="44.496662" lon="5.339566">
        <ele>1022.172556</ele>
        <time>2025-10-16T17:44:53.329Z</time>
      </trkpt>
      <trkpt lat="44.497225" lon="5.338756">
        <ele>1016.500923</ele>
        <time>2025-10-16T17:45:26.632Z</time>
      </trkpt>
      <trkpt lat="44.497523" lon="5.338021">
        <ele>1013.832597</ele>
        <time>2025-10-16T17:45:52.371Z</time>
      </trkpt>
      <trkpt lat="44.498284" lon="5.336758">
        <ele>1009.189604</ele>
        <time>2025-10-16T17:46:44.951Z</time>
      </trkpt>
      <trkpt lat="44.499299" lon="5.335336">
        <ele>1007.035792</ele>
        <time>2025-10-16T17:47:51.104Z</time>
      </trkpt>
      <trkpt lat="44.499390" lon="5.334961">
        <ele>1006.669643</ele>
        <time>2025-10-16T17:48:04.944Z</time>
      </trkpt>
      <trkpt lat="44.499505" lon="5.334188">
        <ele>1006.121860</ele>
        <time>2025-10-16T17:48:33.056Z</time>
      </trkpt>
      <trkpt lat="44.499532" lon="5.333989">
        <ele>1006.005616</ele>
        <time>2025-10-16T17:48:40.214Z</time>
      </trkpt>
      <trkpt lat="44.499502" lon="5.333725">
        <ele>1005.852209</ele>
        <time>2025-10-16T17:48:49.543Z</time>
      </trkpt>
      <trkpt lat="44.499527" lon="5.333567">
        <ele>1005.759336</ele>
        <time>2025-10-16T17:48:55.193Z</time>
      </trkpt>
      <trkpt lat="44.499937" lon="5.333522">
        <ele>1005.428462</ele>
        <time>2025-10-16T17:49:14.917Z</time>
      </trkpt>
      <trkpt lat="44.500618" lon="5.333335">
        <ele>1004.365201</ele>
        <time>2025-10-16T17:49:46.873Z</time>
      </trkpt>
      <trkpt lat="44.501269" lon="5.332991">
        <ele>1001.055656</ele>
        <time>2025-10-16T17:50:16.819Z</time>
      </trkpt>
      <trkpt lat="44.502072" lon="5.332847">
        <ele>997.204556</ele>
        <time>2025-10-16T17:50:51.145Z</time>
      </trkpt>
      <trkpt lat="44.502872" lon="5.332315">
        <ele>992.844792</ele>
        <time>2025-10-16T17:51:29.034Z</time>
      </trkpt>
      <trkpt lat="44.503186" lon="5.332245">
        <ele>991.267046</ele>
        <time>2025-10-16T17:51:42.816Z</time>
      </trkpt>
      <trkpt lat="44.504529" lon="5.331585">
        <ele>983.555442</ele>
        <time>2025-10-16T17:52:44.447Z</time>
      </trkpt>
      <trkpt lat="44.505378" lon="5.330888">
        <ele>977.708124</ele>
        <time>2025-10-16T17:53:25.491Z</time>
      </trkpt>
      <trkpt lat="44.505967" lon="5.330330">
        <ele>972.893416</ele>
        <time>2025-10-16T17:53:54.589Z</time>
      </trkpt>
      <trkpt lat="44.506288" lon="5.330261">
        <ele>970.620094</ele>
        <time>2025-10-16T17:54:07.786Z</time>
      </trkpt>
      <trkpt lat="44.506727" lon="5.329858">
        <ele>966.946982</ele>
        <time>2025-10-16T17:54:29.259Z</time>
      </trkpt>
      <trkpt lat="44.507039" lon="5.329120">
        <ele>963.515258</ele>
        <time>2025-10-16T17:54:54.650Z</time>
      </trkpt>
      <trkpt lat="44.507610" lon="5.328800">
        <ele>961.581011</ele>
        <time>2025-10-16T17:55:17.402Z</time>
      </trkpt>
      <trkpt lat="44.507790" lon="5.328752">
        <ele>961.004664</ele>
        <time>2025-10-16T17:55:24.482Z</time>
      </trkpt>
      <trkpt lat="44.507961" lon="5.328863">
        <ele>960.411937</ele>
        <time>2025-10-16T17:55:31.918Z</time>
      </trkpt>
      <trkpt lat="44.508167" lon="5.329120">
        <ele>959.544612</ele>
        <time>2025-10-16T17:55:43.106Z</time>
      </trkpt>
      <trkpt lat="44.508592" lon="5.329490">
        <ele>957.671396</ele>
        <time>2025-10-16T17:56:03.632Z</time>
      </trkpt>
      <trkpt lat="44.508756" lon="5.329726">
        <ele>956.551101</ele>
        <time>2025-10-16T17:56:13.166Z</time>
      </trkpt>
      <trkpt lat="44.509313" lon="5.330179">
        <ele>953.481383</ele>
        <time>2025-10-16T17:56:37.572Z</time>
      </trkpt>
      <trkpt lat="44.509749" lon="5.330211">
        <ele>951.399970</ele>
        <time>2025-10-16T17:56:52.883Z</time>
      </trkpt>
      <trkpt lat="44.510146" lon="5.330109">
        <ele>948.917333</ele>
        <time>2025-10-16T17:57:06.301Z</time>
      </trkpt>
      <trkpt lat="44.510322" lon="5.330114">
        <ele>947.143789</ele>
        <time>2025-10-16T17:57:11.990Z</time>
      </trkpt>
      <trkpt lat="44.511822" lon="5.330892">
        <ele>931.308554</ele>
        <time>2025-10-16T17:58:03.899Z</time>
      </trkpt>
      <trkpt lat="44.511990" lon="5.331032">
        <ele>930.001991</ele>
        <time>2025-10-16T17:58:10.841Z</time>
      </trkpt>
      <trkpt lat="44.512082" lon="5.331021">
        <ele>929.384670</ele>
        <time>2025-10-16T17:58:14.152Z</time>
      </trkpt>
      <trkpt lat="44.512078" lon="5.330914">
        <ele>928.873834</ele>
        <time>2025-10-16T17:58:16.918Z</time>
      </trkpt>
      <trkpt lat="44.511485" lon="5.330485">
        <ele>924.412693</ele>
        <time>2025-10-16T17:58:41.247Z</time>
      </trkpt>
      <trkpt lat="44.511501" lon="5.330393">
        <ele>923.961211</ele>
        <time>2025-10-16T17:58:43.696Z</time>
      </trkpt>
      <trkpt lat="44.511562" lon="5.330367">
        <ele>923.534958</ele>
        <time>2025-10-16T17:58:46.053Z</time>
      </trkpt>
      <trkpt lat="44.511730" lon="5.330544">
        <ele>922.130068</ele>
        <time>2025-10-16T17:58:53.724Z</time>
      </trkpt>
      <trkpt lat="44.512078" lon="5.330624">
        <ele>919.755207</ele>
        <time>2025-10-16T17:59:06.225Z</time>
      </trkpt>
      <trkpt lat="44.512270" lon="5.330715">
        <ele>918.003928</ele>
        <time>2025-10-16T17:59:13.214Z</time>
      </trkpt>
      <trkpt lat="44.512732" lon="5.331488">
        <ele>911.789021</ele>
        <time>2025-10-16T17:59:37.277Z</time>
      </trkpt>
      <trkpt lat="44.513440" lon="5.333274">
        <ele>900.619286</ele>
        <time>2025-10-16T18:00:26.309Z</time>
      </trkpt>
      <trkpt lat="44.513494" lon="5.333532">
        <ele>899.425081</ele>
        <time>2025-10-16T18:00:32.998Z</time>
      </trkpt>
      <trkpt lat="44.513482" lon="5.334127">
        <ele>896.781429</ele>
        <time>2025-10-16T18:00:48.165Z</time>
      </trkpt>
      <trkpt lat="44.513513" lon="5.334245">
        <ele>896.222916</ele>
        <time>2025-10-16T18:00:51.425Z</time>
      </trkpt>
      <trkpt lat="44.514006" lon="5.334744">
        <ele>892.957424</ele>
        <time>2025-10-16T18:01:14.302Z</time>
      </trkpt>
      <trkpt lat="44.513542" lon="5.335308">
        <ele>892.199223</ele>
        <time>2025-10-16T18:01:38.638Z</time>
      </trkpt>
      <trkpt lat="44.513528" lon="5.335405">
        <ele>892.112082</ele>
        <time>2025-10-16T18:01:41.529Z</time>
      </trkpt>
      <trkpt lat="44.513382" lon="5.335568">
        <ele>891.881651</ele>
        <time>2025-10-16T18:01:50.479Z</time>
      </trkpt>
      <trkpt lat="44.513197" lon="5.335890">
        <ele>891.517554</ele>
        <time>2025-10-16T18:02:04.686Z</time>
      </trkpt>
      <trkpt lat="44.512515" lon="5.336173">
        <ele>889.546421</ele>
        <time>2025-10-16T18:02:38.962Z</time>
      </trkpt>
      <trkpt lat="44.512191" lon="5.336381">
        <ele>886.979280</ele>
        <time>2025-10-16T18:02:55.665Z</time>
      </trkpt>
      <trkpt lat="44.511823" lon="5.336570">
        <ele>884.155907</ele>
        <time>2025-10-16T18:03:12.813Z</time>
      </trkpt>
      <trkpt lat="44.511360" lon="5.336709">
        <ele>880.744758</ele>
        <time>2025-10-16T18:03:31.320Z</time>
      </trkpt>
      <trkpt lat="44.511233" lon="5.336786">
        <ele>879.747963</ele>
        <time>2025-10-16T18:03:36.569Z</time>
      </trkpt>
      <trkpt lat="44.511162" lon="5.336829">
        <ele>879.190796</ele>
        <time>2025-10-16T18:03:39.474Z</time>
      </trkpt>
      <trkpt lat="44.510947" lon="5.336721">
        <ele>876.984070</ele>
        <time>2025-10-16T18:03:48.106Z</time>
      </trkpt>
      <trkpt lat="44.510673" lon="5.336684">
        <ele>871.925668</ele>
        <time>2025-10-16T18:03:58.431Z</time>
      </trkpt>
      <trkpt lat="44.510479" lon="5.336721">
        <ele>868.327841</ele>
        <time>2025-10-16T18:04:05.727Z</time>
      </trkpt>
      <trkpt lat="44.510363" lon="5.336873">
        <ele>865.410378</ele>
        <time>2025-10-16T18:04:11.662Z</time>
      </trkpt>
      <trkpt lat="44.510219" lon="5.336961">
        <ele>862.523824</ele>
        <time>2025-10-16T18:04:17.512Z</time>
      </trkpt>
      <trkpt lat="44.510147" lon="5.337043">
        <ele>860.819329</ele>
        <time>2025-10-16T18:04:20.955Z</time>
      </trkpt>
      <trkpt lat="44.509949" lon="5.337679">
        <ele>851.725174</ele>
        <time>2025-10-16T18:04:39.374Z</time>
      </trkpt>
      <trkpt lat="44.509657" lon="5.337843">
        <ele>845.944892</ele>
        <time>2025-10-16T18:04:51.122Z</time>
      </trkpt>
      <trkpt lat="44.509392" lon="5.338133">
        <ele>840.404674</ele>
        <time>2025-10-16T18:05:03.724Z</time>
      </trkpt>
      <trkpt lat="44.509347" lon="5.338341">
        <ele>837.912823</ele>
        <time>2025-10-16T18:05:09.545Z</time>
      </trkpt>
      <trkpt lat="44.509308" lon="5.338420">
        <ele>836.811326</ele>
        <time>2025-10-16T18:05:12.140Z</time>
      </trkpt>
      <trkpt lat="44.509100" lon="5.338851">
        <ele>830.845214</ele>
        <time>2025-10-16T18:05:26.116Z</time>
      </trkpt>
      <trkpt lat="44.509113" lon="5.339216">
        <ele>826.655578</ele>
        <time>2025-10-16T18:05:35.952Z</time>
      </trkpt>
      <trkpt lat="44.509096" lon="5.339525">
        <ele>823.102626</ele>
        <time>2025-10-16T18:05:44.280Z</time>
      </trkpt>
      <trkpt lat="44.508992" lon="5.339821">
        <ele>819.319733</ele>
        <time>2025-10-16T18:05:53.150Z</time>
      </trkpt>
      <trkpt lat="44.508754" lon="5.340980">
        <ele>803.460662</ele>
        <time>2025-10-16T18:06:25.493Z</time>
      </trkpt>
      <trkpt lat="44.508736" lon="5.341510">
        <ele>796.194574</ele>
        <time>2025-10-16T18:06:39.593Z</time>
      </trkpt>
      <trkpt lat="44.508745" lon="5.342146">
        <ele>787.483425</ele>
        <time>2025-10-16T18:06:56.467Z</time>
      </trkpt>
      <trkpt lat="44.508812" lon="5.342732">
        <ele>779.627354</ele>
        <time>2025-10-16T18:07:12.320Z</time>
      </trkpt>
      <trkpt lat="44.508862" lon="5.342915">
        <ele>777.299304</ele>
        <time>2025-10-16T18:07:17.515Z</time>
      </trkpt>
      <trkpt lat="44.508916" lon="5.343614">
        <ele>768.946924</ele>
        <time>2025-10-16T18:07:36.197Z</time>
      </trkpt>
      <trkpt lat="44.508893" lon="5.343797">
        <ele>766.739465</ele>
        <time>2025-10-16T18:07:41.143Z</time>
      </trkpt>
      <trkpt lat="44.508799" lon="5.343986">
        <ele>764.002133</ele>
        <time>2025-10-16T18:07:47.329Z</time>
      </trkpt>
      <trkpt lat="44.508803" lon="5.344534">
        <ele>757.491794</ele>
        <time>2025-10-16T18:08:02.114Z</time>
      </trkpt>
      <trkpt lat="44.508894" lon="5.345363">
        <ele>750.017170</ele>
        <time>2025-10-16T18:08:24.837Z</time>
      </trkpt>
      <trkpt lat="44.508988" lon="5.345487">
        <ele>749.235110</ele>
        <time>2025-10-16T18:08:29.293Z</time>
      </trkpt>
      <trkpt lat="44.509047" lon="5.345856">
        <ele>747.600893</ele>
        <time>2025-10-16T18:08:38.830Z</time>
      </trkpt>
      <trkpt lat="44.509043" lon="5.345926">
        <ele>747.297420</ele>
        <time>2025-10-16T18:08:40.640Z</time>
      </trkpt>
      <trkpt lat="44.508955" lon="5.346141">
        <ele>746.226144</ele>
        <time>2025-10-16T18:08:47.104Z</time>
      </trkpt>
      <trkpt lat="44.508938" lon="5.346394">
        <ele>745.127964</ele>
        <time>2025-10-16T18:08:53.918Z</time>
      </trkpt>
      <trkpt lat="44.508996" lon="5.346579">
        <ele>744.254643</ele>
        <time>2025-10-16T18:08:59.336Z</time>
      </trkpt>
      <trkpt lat="44.509117" lon="5.346917">
        <ele>742.620273</ele>
        <time>2025-10-16T18:09:09.435Z</time>
      </trkpt>
      <trkpt lat="44.509182" lon="5.347178">
        <ele>741.425570</ele>
        <time>2025-10-16T18:09:16.538Z</time>
      </trkpt>
      <trkpt lat="44.509290" lon="5.347410">
        <ele>740.350745</ele>
        <time>2025-10-16T18:09:23.880Z</time>
      </trkpt>
      <trkpt lat="44.509446" lon="5.347590">
        <ele>739.605632</ele>
        <time>2025-10-16T18:09:31.592Z</time>
      </trkpt>
      <trkpt lat="44.509551" lon="5.347694">
        <ele>739.131500</ele>
        <time>2025-10-16T18:09:36.706Z</time>
      </trkpt>
      <trkpt lat="44.509789" lon="5.347999">
        <ele>737.942346</ele>
        <time>2025-10-16T18:09:49.841Z</time>
      </trkpt>
      <trkpt lat="44.509924" lon="5.348086">
        <ele>737.394368</ele>
        <time>2025-10-16T18:09:56.695Z</time>
      </trkpt>
      <trkpt lat="44.510416" lon="5.348272">
        <ele>735.514959</ele>
        <time>2025-10-16T18:10:18.229Z</time>
      </trkpt>
      <trkpt lat="44.510883" lon="5.348238">
        <ele>733.992431</ele>
        <time>2025-10-16T18:10:37.758Z</time>
      </trkpt>
      <trkpt lat="44.511023" lon="5.348513">
        <ele>734.638082</ele>
        <time>2025-10-16T18:10:48.700Z</time>
      </trkpt>
      <trkpt lat="44.511027" lon="5.348652">
        <ele>734.903906</ele>
        <time>2025-10-16T18:10:52.739Z</time>
      </trkpt>
      <trkpt lat="44.510882" lon="5.348820">
        <ele>735.407909</ele>
        <time>2025-10-16T18:11:01.866Z</time>
      </trkpt>
      <trkpt lat="44.510786" lon="5.349016">
        <ele>735.862270</ele>
        <time>2025-10-16T18:11:10.543Z</time>
      </trkpt>
      <trkpt lat="44.510735" lon="5.349264">
        <ele>736.355474</ele>
        <time>2025-10-16T18:11:20.315Z</time>
      </trkpt>
      <trkpt lat="44.510753" lon="5.349651">
        <ele>737.096548</ele>
        <time>2025-10-16T18:11:35.466Z</time>
      </trkpt>
      <trkpt lat="44.510742" lon="5.350040">
        <ele>737.840457</ele>
        <time>2025-10-16T18:11:52.449Z</time>
      </trkpt>
      <trkpt lat="44.510666" lon="5.350457">
        <ele>738.662898</ele>
        <time>2025-10-16T18:12:14.870Z</time>
      </trkpt>
      <trkpt lat="44.510666" lon="5.350662">
        <ele>739.522200</ele>
        <time>2025-10-16T18:12:26.618Z</time>
      </trkpt>
      <trkpt lat="44.510553" lon="5.350744">
        <ele>740.349633</ele>
        <time>2025-10-16T18:12:36.781Z</time>
      </trkpt>
      <trkpt lat="44.510467" lon="5.350728">
        <ele>740.913813</ele>
        <time>2025-10-16T18:12:43.570Z</time>
      </trkpt>
      <trkpt lat="44.510378" lon="5.350902">
        <ele>741.906867</ele>
        <time>2025-10-16T18:12:55.118Z</time>
      </trkpt>
      <trkpt lat="44.510195" lon="5.351054">
        <ele>743.290065</ele>
        <time>2025-10-16T18:13:10.308Z</time>
      </trkpt>
      <trkpt lat="44.509954" lon="5.351160">
        <ele>744.932635</ele>
        <time>2025-10-16T18:13:27.012Z</time>
      </trkpt>
      <trkpt lat="44.509562" lon="5.351951">
        <ele>749.399841</ele>
        <time>2025-10-16T18:14:07.861Z</time>
      </trkpt>
      <trkpt lat="44.509182" lon="5.352270">
        <ele>750.627945</ele>
        <time>2025-10-16T18:14:32.064Z</time>
      </trkpt>
      <trkpt lat="44.508952" lon="5.352624">
        <ele>750.872007</ele>
        <time>2025-10-16T18:14:49.755Z</time>
      </trkpt>
      <trkpt lat="44.508772" lon="5.352941">
        <ele>751.078522</ele>
        <time>2025-10-16T18:15:03.825Z</time>
      </trkpt>
      <trkpt lat="44.508721" lon="5.353158">
        <ele>751.194966</ele>
        <time>2025-10-16T18:15:11.592Z</time>
      </trkpt>
      <trkpt lat="44.508330" lon="5.353153">
        <ele>751.474405</ele>
        <time>2025-10-16T18:15:30.046Z</time>
      </trkpt>
      <trkpt lat="44.508170" lon="5.353273">
        <ele>751.604077</ele>
        <time>2025-10-16T18:15:38.513Z</time>
      </trkpt>
      <trkpt lat="44.508089" lon="5.353523">
        <ele>751.785477</ele>
        <time>2025-10-16T18:15:47.608Z</time>
      </trkpt>
      <trkpt lat="44.508082" lon="5.353917">
        <ele>752.226660</ele>
        <time>2025-10-16T18:16:00.947Z</time>
      </trkpt>
      <trkpt lat="44.507789" lon="5.353981">
        <ele>752.692117</ele>
        <time>2025-10-16T18:16:15.334Z</time>
      </trkpt>
      <trkpt lat="44.507619" lon="5.354402">
        <ele>753.233692</ele>
        <time>2025-10-16T18:16:32.832Z</time>
      </trkpt>
      <trkpt lat="44.507596" lon="5.354630">
        <ele>753.491459</ele>
        <time>2025-10-16T18:16:41.565Z</time>
      </trkpt>
      <trkpt lat="44.507632" lon="5.355105">
        <ele>754.026175</ele>
        <time>2025-10-16T18:17:00.487Z</time>
      </trkpt>
      <trkpt lat="44.507678" lon="5.355271">
        <ele>754.225533</ele>
        <time>2025-10-16T18:17:07.662Z</time>
      </trkpt>
      <trkpt lat="44.507775" lon="5.355379">
        <ele>754.419951</ele>
        <time>2025-10-16T18:17:14.607Z</time>
      </trkpt>
      <trkpt lat="44.507829" lon="5.355567">
        <ele>754.751731</ele>
        <time>2025-10-16T18:17:22.703Z</time>
      </trkpt>
      <trkpt lat="44.507783" lon="5.355837">
        <ele>755.347941</ele>
        <time>2025-10-16T18:17:33.874Z</time>
      </trkpt>
      <trkpt lat="44.507897" lon="5.356685">
        <ele>757.201304</ele>
        <time>2025-10-16T18:18:07.733Z</time>
      </trkpt>
      <trkpt lat="44.508034" lon="5.357377">
        <ele>758.743746</ele>
        <time>2025-10-16T18:18:34.660Z</time>
      </trkpt>
      <trkpt lat="44.508034" lon="5.358686">
        <ele>761.948034</ele>
        <time>2025-10-16T18:19:24.767Z</time>
      </trkpt>
      <trkpt lat="44.508051" lon="5.358820">
        <ele>762.311877</ele>
        <time>2025-10-16T18:19:30.240Z</time>
      </trkpt>
      <trkpt lat="44.507917" lon="5.359142">
        <ele>763.308510</ele>
        <time>2025-10-16T18:19:45.583Z</time>
      </trkpt>
      <trkpt lat="44.507915" lon="5.359598">
        <ele>764.527548</ele>
        <time>2025-10-16T18:20:05.004Z</time>
      </trkpt>
      <trkpt lat="44.507629" lon="5.360864">
        <ele>766.797165</ele>
        <time>2025-10-16T18:20:59.017Z</time>
      </trkpt>
      <trkpt lat="44.507629" lon="5.360864">
        <ele>766.797165</ele>
        <time>2025-10-16T18:20:59.017Z</time>
      </trkpt>
      <trkpt lat="44.507590" lon="5.361491">
        <ele>766.925173</ele>
        <time>2025-10-16T18:21:22.619Z</time>
      </trkpt>
      <trkpt lat="44.507649" lon="5.362676">
        <ele>767.166774</ele>
        <time>2025-10-16T18:22:02.244Z</time>
      </trkpt>
      <trkpt lat="44.507836" lon="5.363264">
        <ele>766.816327</ele>
        <time>2025-10-16T18:22:22.197Z</time>
      </trkpt>
      <trkpt lat="44.507698" lon="5.363680">
        <ele>766.426817</ele>
        <time>2025-10-16T18:22:34.272Z</time>
      </trkpt>
      <trkpt lat="44.507495" lon="5.364710">
        <ele>765.519597</ele>
        <time>2025-10-16T18:23:04.288Z</time>
      </trkpt>
      <trkpt lat="44.507732" lon="5.365001">
        <ele>765.144585</ele>
        <time>2025-10-16T18:23:20.121Z</time>
      </trkpt>
      <trkpt lat="44.507869" lon="5.365061">
        <ele>765.490262</ele>
        <time>2025-10-16T18:23:27.933Z</time>
      </trkpt>
      <trkpt lat="44.508290" lon="5.364928">
        <ele>767.932373</ele>
        <time>2025-10-16T18:23:53.966Z</time>
      </trkpt>
      <trkpt lat="44.508374" lon="5.364847">
        <ele>768.509269</ele>
        <time>2025-10-16T18:24:00.749Z</time>
      </trkpt>
      <trkpt lat="44.508469" lon="5.364895">
        <ele>769.080700</ele>
        <time>2025-10-16T18:24:07.693Z</time>
      </trkpt>
      <trkpt lat="44.508829" lon="5.365523">
        <ele>772.332346</ele>
        <time>2025-10-16T18:24:47.788Z</time>
      </trkpt>
      <trkpt lat="44.508967" lon="5.365904">
        <ele>774.056859</ele>
        <time>2025-10-16T18:25:06.886Z</time>
      </trkpt>
      <trkpt lat="44.509146" lon="5.365941">
        <ele>775.080748</ele>
        <time>2025-10-16T18:25:17.904Z</time>
      </trkpt>
      <trkpt lat="44.509302" lon="5.365897">
        <ele>775.562985</ele>
        <time>2025-10-16T18:25:27.291Z</time>
      </trkpt>
      <trkpt lat="44.509370" lon="5.365929">
        <ele>775.739283</ele>
        <time>2025-10-16T18:25:31.425Z</time>
      </trkpt>
      <trkpt lat="44.509391" lon="5.366003">
        <ele>775.878885</ele>
        <time>2025-10-16T18:25:34.658Z</time>
      </trkpt>
      <trkpt lat="44.509368" lon="5.366086">
        <ele>776.034968</ele>
        <time>2025-10-16T18:25:38.208Z</time>
      </trkpt>
      <trkpt lat="44.509170" lon="5.366219">
        <ele>776.574590</ele>
        <time>2025-10-16T18:25:50.171Z</time>
      </trkpt>
      <trkpt lat="44.509093" lon="5.366312">
        <ele>776.824375</ele>
        <time>2025-10-16T18:25:55.513Z</time>
      </trkpt>
      <trkpt lat="44.509109" lon="5.366552">
        <ele>777.246890</ele>
        <time>2025-10-16T18:26:04.404Z</time>
      </trkpt>
      <trkpt lat="44.509231" lon="5.366939">
        <ele>777.988559</ele>
        <time>2025-10-16T18:26:19.629Z</time>
      </trkpt>
      <trkpt lat="44.509236" lon="5.367539">
        <ele>779.040329</ele>
        <time>2025-10-16T18:26:40.873Z</time>
      </trkpt>
      <trkpt lat="44.509345" lon="5.367853">
        <ele>779.652460</ele>
        <time>2025-10-16T18:26:53.189Z</time>
      </trkpt>
      <trkpt lat="44.509859" lon="5.368663">
        <ele>782.343940</ele>
        <time>2025-10-16T18:27:34.090Z</time>
      </trkpt>
      <trkpt lat="44.510244" lon="5.368704">
        <ele>783.690095</ele>
        <time>2025-10-16T18:27:56.399Z</time>
      </trkpt>
      <trkpt lat="44.510221" lon="5.369059">
        <ele>784.576361</ele>
        <time>2025-10-16T18:28:11.607Z</time>
      </trkpt>
      <trkpt lat="44.510360" lon="5.369287">
        <ele>785.322149</ele>
        <time>2025-10-16T18:28:24.517Z</time>
      </trkpt>
      <trkpt lat="44.510672" lon="5.369280">
        <ele>786.668417</ele>
        <time>2025-10-16T18:28:43.176Z</time>
      </trkpt>
      <trkpt lat="44.510727" lon="5.369406">
        <ele>787.234898</ele>
        <time>2025-10-16T18:28:49.494Z</time>
      </trkpt>
      <trkpt lat="44.510655" lon="5.369672">
        <ele>788.325891</ele>
        <time>2025-10-16T18:29:01.009Z</time>
      </trkpt>
      <trkpt lat="44.510584" lon="5.370236">
        <ele>790.522015</ele>
        <time>2025-10-16T18:29:22.911Z</time>
      </trkpt>
      <trkpt lat="44.510485" lon="5.370508">
        <ele>791.693010</ele>
        <time>2025-10-16T18:29:34.722Z</time>
      </trkpt>
      <trkpt lat="44.510520" lon="5.370885">
        <ele>793.150837</ele>
        <time>2025-10-16T18:29:50.425Z</time>
      </trkpt>
      <trkpt lat="44.510291" lon="5.371300">
        <ele>795.162959</ele>
        <time>2025-10-16T18:30:14.182Z</time>
      </trkpt>
      <trkpt lat="44.510362" lon="5.371591">
        <ele>797.724547</ele>
        <time>2025-10-16T18:30:30.414Z</time>
      </trkpt>
      <trkpt lat="44.510547" lon="5.371813">
        <ele>801.489011</ele>
        <time>2025-10-16T18:30:50.660Z</time>
      </trkpt>
      <trkpt lat="44.510698" lon="5.371542">
        <ele>805.280700</ele>
        <time>2025-10-16T18:31:13.244Z</time>
      </trkpt>
      <trkpt lat="44.510826" lon="5.371429">
        <ele>807.619128</ele>
        <time>2025-10-16T18:31:28.034Z</time>
      </trkpt>
      <trkpt lat="44.511071" lon="5.371389">
        <ele>811.432501</ele>
        <time>2025-10-16T18:31:54.159Z</time>
      </trkpt>
      <trkpt lat="44.511191" lon="5.371405">
        <ele>813.296111</ele>
        <time>2025-10-16T18:32:07.994Z</time>
      </trkpt>
      <trkpt lat="44.511249" lon="5.371124">
        <ele>816.521294</ele>
        <time>2025-10-16T18:32:32.150Z</time>
      </trkpt>
      <trkpt lat="44.511438" lon="5.370973">
        <ele>819.884266</ele>
        <time>2025-10-16T18:32:57.022Z</time>
      </trkpt>
      <trkpt lat="44.511576" lon="5.370922">
        <ele>822.090642</ele>
        <time>2025-10-16T18:33:12.677Z</time>
      </trkpt>
      <trkpt lat="44.511631" lon="5.370845">
        <ele>823.292185</ele>
        <time>2025-10-16T18:33:21.138Z</time>
      </trkpt>
      <trkpt lat="44.511671" lon="5.370877">
        <ele>824.076050</ele>
        <time>2025-10-16T18:33:26.059Z</time>
      </trkpt>
      <trkpt lat="44.511698" lon="5.370984">
        <ele>825.479543</ele>
        <time>2025-10-16T18:33:34.641Z</time>
      </trkpt>
      <trkpt lat="44.511748" lon="5.371875">
        <ele>836.531196</ele>
        <time>2025-10-16T18:34:39.967Z</time>
      </trkpt>
      <trkpt lat="44.511803" lon="5.372196">
        <ele>840.613461</ele>
        <time>2025-10-16T18:35:03.225Z</time>
      </trkpt>
      <trkpt lat="44.511910" lon="5.372459">
        <ele>844.357611</ele>
        <time>2025-10-16T18:35:24.332Z</time>
      </trkpt>
      <trkpt lat="44.512077" lon="5.372628">
        <ele>847.928715</ele>
        <time>2025-10-16T18:35:44.551Z</time>
      </trkpt>
      <trkpt lat="44.512526" lon="5.372838">
        <ele>856.428807</ele>
        <time>2025-10-16T18:36:32.963Z</time>
      </trkpt>
      <trkpt lat="44.513435" lon="5.373095">
        <ele>875.575844</ele>
        <time>2025-10-16T18:38:19.690Z</time>
      </trkpt>
      <trkpt lat="44.513788" lon="5.373125">
        <ele>882.878094</ele>
        <time>2025-10-16T18:39:05.406Z</time>
      </trkpt>
      <trkpt lat="44.513978" lon="5.373106">
        <ele>886.811248</ele>
        <time>2025-10-16T18:39:30.350Z</time>
      </trkpt>
      <trkpt lat="44.514075" lon="5.373066">
        <ele>888.898938</ele>
        <time>2025-10-16T18:39:43.758Z</time>
      </trkpt>
      <trkpt lat="44.514374" lon="5.372242">
        <ele>903.905729</ele>
        <time>2025-10-16T18:41:10.941Z</time>
      </trkpt>
      <trkpt lat="44.514410" lon="5.372076">
        <ele>906.791002</ele>
        <time>2025-10-16T18:41:27.437Z</time>
      </trkpt>
      <trkpt lat="44.514399" lon="5.371960">
        <ele>908.736962</ele>
        <time>2025-10-16T18:41:38.569Z</time>
      </trkpt>
      <trkpt lat="44.514307" lon="5.371816">
        <ele>911.952101</ele>
        <time>2025-10-16T18:41:57.114Z</time>
      </trkpt>
      <trkpt lat="44.514160" lon="5.371692">
        <ele>915.952561</ele>
        <time>2025-10-16T18:42:20.304Z</time>
      </trkpt>
      <trkpt lat="44.513877" lon="5.371360">
        <ele>924.556962</ele>
        <time>2025-10-16T18:43:09.994Z</time>
      </trkpt>
      <trkpt lat="44.513955" lon="5.371226">
        <ele>927.433438</ele>
        <time>2025-10-16T18:43:26.527Z</time>
      </trkpt>
      <trkpt lat="44.514070" lon="5.370906">
        <ele>933.392383</ele>
        <time>2025-10-16T18:44:00.439Z</time>
      </trkpt>
      <trkpt lat="44.514156" lon="5.370743">
        <ele>936.204349</ele>
        <time>2025-10-16T18:44:19.720Z</time>
      </trkpt>
      <trkpt lat="44.514626" lon="5.370257">
        <ele>947.345642</ele>
        <time>2025-10-16T18:45:37.454Z</time>
      </trkpt>
      <trkpt lat="44.514678" lon="5.370134">
        <ele>949.291025</ele>
        <time>2025-10-16T18:45:50.666Z</time>
      </trkpt>
      <trkpt lat="44.515242" lon="5.369718">
        <ele>961.449220</ele>
        <time>2025-10-16T18:47:02.178Z</time>
      </trkpt>
      <trkpt lat="44.515328" lon="5.369608">
        <ele>963.669981</ele>
        <time>2025-10-16T18:47:13.254Z</time>
      </trkpt>
      <trkpt lat="44.515466" lon="5.369815">
        <ele>967.525235</ele>
        <time>2025-10-16T18:47:31.079Z</time>
      </trkpt>
      <trkpt lat="44.515692" lon="5.370024">
        <ele>969.730191</ele>
        <time>2025-10-16T18:47:52.332Z</time>
      </trkpt>
      <trkpt lat="44.516009" lon="5.370812">
        <ele>974.267081</ele>
        <time>2025-10-16T18:48:33.419Z</time>
      </trkpt>
      <trkpt lat="44.516110" lon="5.370939">
        <ele>975.221046</ele>
        <time>2025-10-16T18:48:41.089Z</time>
      </trkpt>
      <trkpt lat="44.516212" lon="5.371121">
        <ele>976.381832</ele>
        <time>2025-10-16T18:48:50.279Z</time>
      </trkpt>
      <trkpt lat="44.516283" lon="5.371378">
        <ele>977.763892</ele>
        <time>2025-10-16T18:49:01.224Z</time>
      </trkpt>
      <trkpt lat="44.516745" lon="5.372658">
        <ele>985.599685</ele>
        <time>2025-10-16T18:50:03.225Z</time>
      </trkpt>
      <trkpt lat="44.517025" lon="5.373586">
        <ele>991.405556</ele>
        <time>2025-10-16T18:50:55.168Z</time>
      </trkpt>
      <trkpt lat="44.517243" lon="5.374224">
        <ele>995.509809</ele>
        <time>2025-10-16T18:51:35.070Z</time>
      </trkpt>
      <trkpt lat="44.517363" lon="5.374517">
        <ele>997.640329</ele>
        <time>2025-10-16T18:51:54.324Z</time>
      </trkpt>
      <trkpt lat="44.517730" lon="5.375238">
        <ele>1003.225961</ele>
        <time>2025-10-16T18:52:43.374Z</time>
      </trkpt>
      <trkpt lat="44.517828" lon="5.375509">
        <ele>1005.141877</ele>
        <time>2025-10-16T18:52:59.341Z</time>
      </trkpt>
      <trkpt lat="44.518069" lon="5.376418">
        <ele>1011.180965</ele>
        <time>2025-10-16T18:53:45.973Z</time>
      </trkpt>
      <trkpt lat="44.518363" lon="5.377236">
        <ele>1014.331548</ele>
        <time>2025-10-16T18:54:25.069Z</time>
      </trkpt>
      <trkpt lat="44.518692" lon="5.377601">
        <ele>1016.354992</ele>
        <time>2025-10-16T18:54:49.236Z</time>
      </trkpt>
      <trkpt lat="44.518824" lon="5.377674">
        <ele>1017.039416</ele>
        <time>2025-10-16T18:54:57.253Z</time>
      </trkpt>
      <trkpt lat="44.519000" lon="5.377824">
        <ele>1018.032824</ele>
        <time>2025-10-16T18:55:08.824Z</time>
      </trkpt>
      <trkpt lat="44.519276" lon="5.378199">
        <ele>1019.883054</ele>
        <time>2025-10-16T18:55:30.394Z</time>
      </trkpt>
      <trkpt lat="44.519589" lon="5.378502">
        <ele>1021.666478</ele>
        <time>2025-10-16T18:55:52.075Z</time>
      </trkpt>
      <trkpt lat="44.519769" lon="5.378728">
        <ele>1022.799363</ele>
        <time>2025-10-16T18:56:05.936Z</time>
      </trkpt>
      <trkpt lat="44.519953" lon="5.379041">
        <ele>1024.155701</ele>
        <time>2025-10-16T18:56:22.732Z</time>
      </trkpt>
      <trkpt lat="44.520991" lon="5.379932">
        <ele>1030.632165</ele>
        <time>2025-10-16T18:57:35.366Z</time>
      </trkpt>
      <trkpt lat="44.521572" lon="5.380603">
        <ele>1035.795784</ele>
        <time>2025-10-16T18:58:23.013Z</time>
      </trkpt>
      <trkpt lat="44.521792" lon="5.380662">
        <ele>1037.332509</ele>
        <time>2025-10-16T18:58:38.039Z</time>
      </trkpt>
      <trkpt lat="44.521941" lon="5.380785">
        <ele>1038.518692</ele>
        <time>2025-10-16T18:58:50.030Z</time>
      </trkpt>
      <trkpt lat="44.522079" lon="5.380839">
        <ele>1039.501642</ele>
        <time>2025-10-16T18:59:00.110Z</time>
      </trkpt>
      <trkpt lat="44.522318" lon="5.381053">
        <ele>1041.684163</ele>
        <time>2025-10-16T18:59:20.528Z</time>
      </trkpt>
      <trkpt lat="44.522429" lon="5.381257">
        <ele>1043.267775</ele>
        <time>2025-10-16T18:59:33.914Z</time>
      </trkpt>
      <trkpt lat="44.522460" lon="5.381421">
        <ele>1044.314787</ele>
        <time>2025-10-16T18:59:42.781Z</time>
      </trkpt>
      <trkpt lat="44.522619" lon="5.381643">
        <ele>1046.256620</ele>
        <time>2025-10-16T18:59:59.088Z</time>
      </trkpt>
      <trkpt lat="44.522676" lon="5.381780">
        <ele>1047.235468</ele>
        <time>2025-10-16T19:00:07.115Z</time>
      </trkpt>
      <trkpt lat="44.522823" lon="5.381946">
        <ele>1048.868927</ele>
        <time>2025-10-16T19:00:20.473Z</time>
      </trkpt>
      <trkpt lat="44.522930" lon="5.382016">
        <ele>1049.890833</ele>
        <time>2025-10-16T19:00:29.260Z</time>
      </trkpt>
      <trkpt lat="44.523093" lon="5.382182">
        <ele>1051.634322</ele>
        <time>2025-10-16T19:00:44.072Z</time>
      </trkpt>
      <trkpt lat="44.523219" lon="5.382349">
        <ele>1053.134779</ele>
        <time>2025-10-16T19:00:56.664Z</time>
      </trkpt>
      <trkpt lat="44.523557" lon="5.382978">
        <ele>1058.017011</ele>
        <time>2025-10-16T19:01:35.136Z</time>
      </trkpt>
      <trkpt lat="44.523595" lon="5.382947">
        <ele>1058.401877</ele>
        <time>2025-10-16T19:01:38.206Z</time>
      </trkpt>
      <trkpt lat="44.523685" lon="5.382978">
        <ele>1059.213228</ele>
        <time>2025-10-16T19:01:44.240Z</time>
      </trkpt>
      <trkpt lat="44.524628" lon="5.384604">
        <ele>1072.506639</ele>
        <time>2025-10-16T19:03:29.556Z</time>
      </trkpt>
      <trkpt lat="44.525185" lon="5.385165">
        <ele>1081.372855</ele>
        <time>2025-10-16T19:04:27.338Z</time>
      </trkpt>
      <trkpt lat="44.526402" lon="5.385839">
        <ele>1098.996494</ele>
        <time>2025-10-16T19:06:28.393Z</time>
      </trkpt>
      <trkpt lat="44.526874" lon="5.386229">
        <ele>1107.652371</ele>
        <time>2025-10-16T19:07:19.816Z</time>
      </trkpt>
      <trkpt lat="44.527179" lon="5.386607">
        <ele>1114.083333</ele>
        <time>2025-10-16T19:07:58.806Z</time>
      </trkpt>
      <trkpt lat="44.527592" lon="5.386714">
        <ele>1120.719531</ele>
        <time>2025-10-16T19:08:40.637Z</time>
      </trkpt>
      <trkpt lat="44.527770" lon="5.386904">
        <ele>1124.509102</ele>
        <time>2025-10-16T19:09:03.667Z</time>
      </trkpt>
      <trkpt lat="44.527870" lon="5.386895">
        <ele>1126.651872</ele>
        <time>2025-10-16T19:09:14.511Z</time>
      </trkpt>
      <trkpt lat="44.528088" lon="5.386959">
        <ele>1131.414530</ele>
        <time>2025-10-16T19:09:38.749Z</time>
      </trkpt>
      <trkpt lat="44.528405" lon="5.387163">
        <ele>1138.872506</ele>
        <time>2025-10-16T19:10:19.422Z</time>
      </trkpt>
      <trkpt lat="44.528455" lon="5.387099">
        <ele>1140.319935</ele>
        <time>2025-10-16T19:10:27.610Z</time>
      </trkpt>
      <trkpt lat="44.528546" lon="5.386702">
        <ele>1146.677143</ele>
        <time>2025-10-16T19:11:05.306Z</time>
      </trkpt>
      <trkpt lat="44.528436" lon="5.386224">
        <ele>1154.334255</ele>
        <time>2025-10-16T19:11:53.021Z</time>
      </trkpt>
      <trkpt lat="44.528210" lon="5.385903">
        <ele>1161.211866</ele>
        <time>2025-10-16T19:12:37.119Z</time>
      </trkpt>
      <trkpt lat="44.528202" lon="5.385715">
        <ele>1164.359245</ele>
        <time>2025-10-16T19:12:55.636Z</time>
      </trkpt>
      <trkpt lat="44.528313" lon="5.385607">
        <ele>1167.629872</ele>
        <time>2025-10-16T19:13:14.326Z</time>
      </trkpt>
      <trkpt lat="44.528814" lon="5.385490">
        <ele>1179.926493</ele>
        <time>2025-10-16T19:14:25.524Z</time>
      </trkpt>
      <trkpt lat="44.529002" lon="5.385490">
        <ele>1184.478144</ele>
        <time>2025-10-16T19:14:52.000Z</time>
      </trkpt>
      <trkpt lat="44.529323" lon="5.385559">
        <ele>1192.340565</ele>
        <time>2025-10-16T19:15:37.614Z</time>
      </trkpt>
      <trkpt lat="44.529644" lon="5.385538">
        <ele>1200.120716</ele>
        <time>2025-10-16T19:16:21.614Z</time>
      </trkpt>
      <trkpt lat="44.529874" lon="5.385452">
        <ele>1205.803324</ele>
        <time>2025-10-16T19:16:53.157Z</time>
      </trkpt>
      <trkpt lat="44.530394" lon="5.385388">
        <ele>1215.487659</ele>
        <time>2025-10-16T19:17:58.740Z</time>
      </trkpt>
      <trkpt lat="44.530657" lon="5.385430">
        <ele>1220.398469</ele>
        <time>2025-10-16T19:18:29.430Z</time>
      </trkpt>
      <trkpt lat="44.531197" lon="5.385683">
        <ele>1230.960802</ele>
        <time>2025-10-16T19:19:30.032Z</time>
      </trkpt>
      <trkpt lat="44.531431" lon="5.385721">
        <ele>1235.331067</ele>
        <time>2025-10-16T19:19:53.321Z</time>
      </trkpt>
      <trkpt lat="44.532136" lon="5.386044">
        <ele>1245.932563</ele>
        <time>2025-10-16T19:20:57.765Z</time>
      </trkpt>
      <trkpt lat="44.532573" lon="5.386101">
        <ele>1251.549459</ele>
        <time>2025-10-16T19:21:32.467Z</time>
      </trkpt>
      <trkpt lat="44.532627" lon="5.386157">
        <ele>1252.408895</ele>
        <time>2025-10-16T19:21:38.240Z</time>
      </trkpt>
      <trkpt lat="44.532705" lon="5.386350">
        <ele>1254.432952</ele>
        <time>2025-10-16T19:21:51.904Z</time>
      </trkpt>
      <trkpt lat="44.532963" lon="5.386373">
        <ele>1257.741523</ele>
        <time>2025-10-16T19:22:14.721Z</time>
      </trkpt>
      <trkpt lat="44.533128" lon="5.386576">
        <ele>1260.550273</ele>
        <time>2025-10-16T19:22:34.513Z</time>
      </trkpt>
      <trkpt lat="44.533154" lon="5.386681">
        <ele>1261.564342</ele>
        <time>2025-10-16T19:22:41.485Z</time>
      </trkpt>
      <trkpt lat="44.533694" lon="5.386626">
        <ele>1268.486277</ele>
        <time>2025-10-16T19:23:29.965Z</time>
      </trkpt>
      <trkpt lat="44.534199" lon="5.386614">
        <ele>1274.943125</ele>
        <time>2025-10-16T19:24:16.714Z</time>
      </trkpt>
      <trkpt lat="44.534636" lon="5.386717">
        <ele>1280.608036</ele>
        <time>2025-10-16T19:24:57.336Z</time>
      </trkpt>
      <trkpt lat="44.534981" lon="5.387160">
        <ele>1285.917419</ele>
        <time>2025-10-16T19:25:33.597Z</time>
      </trkpt>
      <trkpt lat="44.535449" lon="5.388096">
        <ele>1292.145141</ele>
        <time>2025-10-16T19:26:26.542Z</time>
      </trkpt>
      <trkpt lat="44.535249" lon="5.388345">
        <ele>1294.188524</ele>
        <time>2025-10-16T19:26:41.364Z</time>
      </trkpt>
      <trkpt lat="44.535294" lon="5.388680">
        <ele>1296.045423</ele>
        <time>2025-10-16T19:26:55.064Z</time>
      </trkpt>
      <trkpt lat="44.535257" lon="5.388918">
        <ele>1297.372308</ele>
        <time>2025-10-16T19:27:04.808Z</time>
      </trkpt>
      <trkpt lat="44.535098" lon="5.389297">
        <ele>1299.293750</ele>
        <time>2025-10-16T19:27:22.064Z</time>
      </trkpt>
      <trkpt lat="44.535118" lon="5.389647">
        <ele>1300.382856</ele>
        <time>2025-10-16T19:27:35.390Z</time>
      </trkpt>
      <trkpt lat="44.534930" lon="5.390397">
        <ele>1302.848842</ele>
        <time>2025-10-16T19:28:05.558Z</time>
      </trkpt>
      <trkpt lat="44.534967" lon="5.390505">
        <ele>1303.220517</ele>
        <time>2025-10-16T19:28:09.830Z</time>
      </trkpt>
      <trkpt lat="44.534924" lon="5.390611">
        <ele>1303.598820</ele>
        <time>2025-10-16T19:28:14.103Z</time>
      </trkpt>
      <trkpt lat="44.534697" lon="5.390765">
        <ele>1304.696030</ele>
        <time>2025-10-16T19:28:25.993Z</time>
      </trkpt>
      <trkpt lat="44.534299" lon="5.390879">
        <ele>1306.463625</ele>
        <time>2025-10-16T19:28:43.792Z</time>
      </trkpt>
      <trkpt lat="44.533999" lon="5.391077">
        <ele>1306.183026</ele>
        <time>2025-10-16T19:28:57.335Z</time>
      </trkpt>
      <trkpt lat="44.533463" lon="5.391265">
        <ele>1305.654724</ele>
        <time>2025-10-16T19:29:19.070Z</time>
      </trkpt>
      <trkpt lat="44.533092" lon="5.391516">
        <ele>1305.260872</ele>
        <time>2025-10-16T19:29:35.084Z</time>
      </trkpt>
      <trkpt lat="44.532847" lon="5.391533">
        <ele>1305.026315</ele>
        <time>2025-10-16T19:29:44.701Z</time>
      </trkpt>
      <trkpt lat="44.532293" lon="5.391774">
        <ele>1304.490747</ele>
        <time>2025-10-16T19:30:08.067Z</time>
      </trkpt>
      <trkpt lat="44.532017" lon="5.392011">
        <ele>1304.200845</ele>
        <time>2025-10-16T19:30:21.392Z</time>
      </trkpt>
      <trkpt lat="44.531981" lon="5.392117">
        <ele>1304.125861</ele>
        <time>2025-10-16T19:30:24.830Z</time>
      </trkpt>
      <trkpt lat="44.532382" lon="5.392193">
        <ele>1303.763359</ele>
        <time>2025-10-16T19:30:41.357Z</time>
      </trkpt>
      <trkpt lat="44.532709" lon="5.392183">
        <ele>1303.470344</ele>
        <time>2025-10-16T19:30:54.578Z</time>
      </trkpt>
      <trkpt lat="44.533212" lon="5.392494">
        <ele>1302.365952</ele>
        <time>2025-10-16T19:31:20.144Z</time>
      </trkpt>
      <trkpt lat="44.533529" lon="5.393030">
        <ele>1300.445121</ele>
        <time>2025-10-16T19:31:42.206Z</time>
      </trkpt>
      <trkpt lat="44.531815" lon="5.393867">
        <ele>1292.563667</ele>
        <time>2025-10-16T19:33:00.708Z</time>
      </trkpt>
      <trkpt lat="44.530501" lon="5.394276">
        <ele>1284.932676</ele>
        <time>2025-10-16T19:33:58.696Z</time>
      </trkpt>
      <trkpt lat="44.530116" lon="5.394285">
        <ele>1281.804423</ele>
        <time>2025-10-16T19:34:14.198Z</time>
      </trkpt>
      <trkpt lat="44.529743" lon="5.394673">
        <ele>1278.031817</ele>
        <time>2025-10-16T19:34:32.238Z</time>
      </trkpt>
      <trkpt lat="44.529322" lon="5.394980">
        <ele>1274.176975</ele>
        <time>2025-10-16T19:34:51.010Z</time>
      </trkpt>
      <trkpt lat="44.529205" lon="5.395249">
        <ele>1272.366770</ele>
        <time>2025-10-16T19:35:00.007Z</time>
      </trkpt>
      <trkpt lat="44.529115" lon="5.395286">
        <ele>1271.693157</ele>
        <time>2025-10-16T19:35:03.778Z</time>
      </trkpt>
      <trkpt lat="44.529131" lon="5.394636">
        <ele>1268.362946</ele>
        <time>2025-10-16T19:35:22.517Z</time>
      </trkpt>
      <trkpt lat="44.529008" lon="5.394038">
        <ele>1265.176075</ele>
        <time>2025-10-16T19:35:40.757Z</time>
      </trkpt>
      <trkpt lat="44.528816" lon="5.393994">
        <ele>1263.778756</ele>
        <time>2025-10-16T19:35:48.960Z</time>
      </trkpt>
      <trkpt lat="44.527858" lon="5.394830">
        <ele>1257.186459</ele>
        <time>2025-10-16T19:36:36.059Z</time>
      </trkpt>
      <trkpt lat="44.527640" lon="5.395174">
        <ele>1255.746292</ele>
        <time>2025-10-16T19:36:49.859Z</time>
      </trkpt>
      <trkpt lat="44.526244" lon="5.395988">
        <ele>1251.189721</ele>
        <time>2025-10-16T19:37:58.345Z</time>
      </trkpt>
      <trkpt lat="44.525073" lon="5.396250">
        <ele>1250.218219</ele>
        <time>2025-10-16T19:38:56.507Z</time>
      </trkpt>
      <trkpt lat="44.524253" lon="5.396720">
        <ele>1248.549970</ele>
        <time>2025-10-16T19:39:38.330Z</time>
      </trkpt>
      <trkpt lat="44.523131" lon="5.397713">
        <ele>1245.908658</ele>
        <time>2025-10-16T19:40:37.749Z</time>
      </trkpt>
      <trkpt lat="44.522937" lon="5.397135">
        <ele>1244.923732</ele>
        <time>2025-10-16T19:40:58.330Z</time>
      </trkpt>
      <trkpt lat="44.522870" lon="5.396860">
        <ele>1244.475685</ele>
        <time>2025-10-16T19:41:07.882Z</time>
      </trkpt>
      <trkpt lat="44.522732" lon="5.396633">
        <ele>1244.015759</ele>
        <time>2025-10-16T19:41:17.763Z</time>
      </trkpt>
      <trkpt lat="44.522545" lon="5.396511">
        <ele>1243.569784</ele>
        <time>2025-10-16T19:41:27.447Z</time>
      </trkpt>
      <trkpt lat="44.522167" lon="5.396240">
        <ele>1242.689697</ele>
        <time>2025-10-16T19:41:47.395Z</time>
      </trkpt>
      <trkpt lat="44.521684" lon="5.396218">
        <ele>1241.846260</ele>
        <time>2025-10-16T19:42:10.175Z</time>
      </trkpt>
      <trkpt lat="44.520698" lon="5.396015">
        <ele>1240.106926</ele>
        <time>2025-10-16T19:42:56.567Z</time>
      </trkpt>
      <trkpt lat="44.520239" lon="5.396261">
        <ele>1238.644750</ele>
        <time>2025-10-16T19:43:18.633Z</time>
      </trkpt>
      <trkpt lat="44.519398" lon="5.396895">
        <ele>1234.786936</ele>
        <time>2025-10-16T19:44:00.265Z</time>
      </trkpt>
      <trkpt lat="44.518832" lon="5.397485">
        <ele>1232.243946</ele>
        <time>2025-10-16T19:44:30.673Z</time>
      </trkpt>
      <trkpt lat="44.518220" lon="5.397978">
        <ele>1231.125456</ele>
        <time>2025-10-16T19:45:02.059Z</time>
      </trkpt>
      <trkpt lat="44.517409" lon="5.398794">
        <ele>1229.699120</ele>
        <time>2025-10-16T19:45:50.026Z</time>
      </trkpt>
      <trkpt lat="44.516818" lon="5.399227">
        <ele>1232.094826</ele>
        <time>2025-10-16T19:46:26.164Z</time>
      </trkpt>
      <trkpt lat="44.516719" lon="5.399254">
        <ele>1232.457188</ele>
        <time>2025-10-16T19:46:31.847Z</time>
      </trkpt>
      <trkpt lat="44.515756" lon="5.399266">
        <ele>1235.917295</ele>
        <time>2025-10-16T19:47:28.247Z</time>
      </trkpt>
      <trkpt lat="44.514990" lon="5.399372">
        <ele>1237.143769</ele>
        <time>2025-10-16T19:48:14.041Z</time>
      </trkpt>
      <trkpt lat="44.514584" lon="5.399598">
        <ele>1237.794512</ele>
        <time>2025-10-16T19:48:37.236Z</time>
      </trkpt>
      <trkpt lat="44.514393" lon="5.399634">
        <ele>1238.081612</ele>
        <time>2025-10-16T19:48:46.659Z</time>
      </trkpt>
      <trkpt lat="44.514301" lon="5.399651">
        <ele>1238.219854</ele>
        <time>2025-10-16T19:48:51.068Z</time>
      </trkpt>
      <trkpt lat="44.514142" lon="5.399716">
        <ele>1238.466583</ele>
        <time>2025-10-16T19:48:58.748Z</time>
      </trkpt>
      <trkpt lat="44.513565" lon="5.399909">
        <ele>1235.227891</ele>
        <time>2025-10-16T19:49:24.494Z</time>
      </trkpt>
      <trkpt lat="44.512571" lon="5.400553">
        <ele>1225.963270</ele>
        <time>2025-10-16T19:50:07.004Z</time>
      </trkpt>
      <trkpt lat="44.511742" lon="5.400616">
        <ele>1218.287154</ele>
        <time>2025-10-16T19:50:38.610Z</time>
      </trkpt>
      <trkpt lat="44.511524" lon="5.400564">
        <ele>1216.149725</ele>
        <time>2025-10-16T19:50:47.204Z</time>
      </trkpt>
      <trkpt lat="44.511106" lon="5.400580">
        <ele>1212.107880</ele>
        <time>2025-10-16T19:51:03.553Z</time>
      </trkpt>
      <trkpt lat="44.510884" lon="5.400495">
        <ele>1209.883505</ele>
        <time>2025-10-16T19:51:12.663Z</time>
      </trkpt>
      <trkpt lat="44.510797" lon="5.400416">
        <ele>1208.881661</ele>
        <time>2025-10-16T19:51:16.776Z</time>
      </trkpt>
      <trkpt lat="44.510658" lon="5.400160">
        <ele>1206.663797</ele>
        <time>2025-10-16T19:51:25.984Z</time>
      </trkpt>
      <trkpt lat="44.510637" lon="5.400102">
        <ele>1206.215428</ele>
        <time>2025-10-16T19:51:27.874Z</time>
      </trkpt>
      <trkpt lat="44.510361" lon="5.399855">
        <ele>1203.341420</ele>
        <time>2025-10-16T19:51:41.122Z</time>
      </trkpt>
      <trkpt lat="44.510080" lon="5.399748">
        <ele>1200.792788</ele>
        <time>2025-10-16T19:51:53.003Z</time>
      </trkpt>
      <trkpt lat="44.509590" lon="5.399405">
        <ele>1195.999181</ele>
        <time>2025-10-16T19:52:15.238Z</time>
      </trkpt>
      <trkpt lat="44.509009" lon="5.398708">
        <ele>1189.005419</ele>
        <time>2025-10-16T19:52:45.413Z</time>
      </trkpt>
      <trkpt lat="44.508601" lon="5.398546">
        <ele>1184.257676</ele>
        <time>2025-10-16T19:53:01.453Z</time>
      </trkpt>
      <trkpt lat="44.508403" lon="5.398321">
        <ele>1181.404220</ele>
        <time>2025-10-16T19:53:11.091Z</time>
      </trkpt>
      <trkpt lat="44.507836" lon="5.397291">
        <ele>1171.014776</ele>
        <time>2025-10-16T19:53:46.188Z</time>
      </trkpt>
      <trkpt lat="44.507628" lon="5.397067">
        <ele>1171.773600</ele>
        <time>2025-10-16T19:53:57.326Z</time>
      </trkpt>
      <trkpt lat="44.507399" lon="5.397110">
        <ele>1173.593985</ele>
        <time>2025-10-16T19:54:07.768Z</time>
      </trkpt>
      <trkpt lat="44.507690" lon="5.397432">
        <ele>1176.514667</ele>
        <time>2025-10-16T19:54:24.787Z</time>
      </trkpt>
      <trkpt lat="44.507598" lon="5.397690">
        <ele>1178.135472</ele>
        <time>2025-10-16T19:54:36.425Z</time>
      </trkpt>
      <trkpt lat="44.507185" lon="5.397947">
        <ele>1181.695515</ele>
        <time>2025-10-16T19:55:12.955Z</time>
      </trkpt>
      <trkpt lat="44.506894" lon="5.398569">
        <ele>1189.110939</ele>
        <time>2025-10-16T19:56:11.704Z</time>
      </trkpt>
      <trkpt lat="44.507002" lon="5.398891">
        <ele>1195.551196</ele>
        <time>2025-10-16T19:56:40.349Z</time>
      </trkpt>
      <trkpt lat="44.507131" lon="5.399085">
        <ele>1200.351883</ele>
        <time>2025-10-16T19:57:02.611Z</time>
      </trkpt>
      <trkpt lat="44.507092" lon="5.399514">
        <ele>1208.179199</ele>
        <time>2025-10-16T19:57:40.484Z</time>
      </trkpt>
      <trkpt lat="44.507123" lon="5.400265">
        <ele>1221.794325</ele>
        <time>2025-10-16T19:58:50.709Z</time>
      </trkpt>
      <trkpt lat="44.507008" lon="5.400694">
        <ele>1230.085535</ele>
        <time>2025-10-16T19:59:34.013Z</time>
      </trkpt>
      <trkpt lat="44.506978" lon="5.401585">
        <ele>1243.711763</ele>
        <time>2025-10-16T20:00:51.815Z</time>
      </trkpt>
      <trkpt lat="44.507192" lon="5.401928">
        <ele>1250.673593</ele>
        <time>2025-10-16T20:01:27.352Z</time>
      </trkpt>
      <trkpt lat="44.507261" lon="5.402336">
        <ele>1257.079093</ele>
        <time>2025-10-16T20:01:56.315Z</time>
      </trkpt>
      <trkpt lat="44.507054" lon="5.402862">
        <ele>1266.256532</ele>
        <time>2025-10-16T20:02:33.618Z</time>
      </trkpt>
      <trkpt lat="44.507062" lon="5.403044">
        <ele>1268.900706</ele>
        <time>2025-10-16T20:02:44.275Z</time>
      </trkpt>
      <trkpt lat="44.506863" lon="5.403484">
        <ele>1274.354349</ele>
        <time>2025-10-16T20:03:13.460Z</time>
      </trkpt>
      <trkpt lat="44.506962" lon="5.403806">
        <ele>1278.024672</ele>
        <time>2025-10-16T20:03:32.312Z</time>
      </trkpt>
      <trkpt lat="44.507092" lon="5.404621">
        <ele>1286.766237</ele>
        <time>2025-10-16T20:04:17.303Z</time>
      </trkpt>
      <trkpt lat="44.507337" lon="5.405286">
        <ele>1294.600879</ele>
        <time>2025-10-16T20:04:59.982Z</time>
      </trkpt>
      <trkpt lat="44.507368" lon="5.405812">
        <ele>1300.947890</ele>
        <time>2025-10-16T20:05:31.350Z</time>
      </trkpt>
      <trkpt lat="44.507395" lon="5.405938">
        <ele>1302.545653</ele>
        <time>2025-10-16T20:05:39.260Z</time>
      </trkpt>
      <trkpt lat="44.507766" lon="5.407647">
        <ele>1324.240435</ele>
        <time>2025-10-16T20:07:31.383Z</time>
      </trkpt>
      <trkpt lat="44.508026" lon="5.409202">
        <ele>1342.158233</ele>
        <time>2025-10-16T20:09:16.478Z</time>
      </trkpt>
      <trkpt lat="44.508125" lon="5.410061">
        <ele>1351.858197</ele>
        <time>2025-10-16T20:10:06.772Z</time>
      </trkpt>
      <trkpt lat="44.508156" lon="5.410801">
        <ele>1352.759021</ele>
        <time>2025-10-16T20:10:37.565Z</time>
      </trkpt>
      <trkpt lat="44.508132" lon="5.411258">
        <ele>1351.977450</ele>
        <time>2025-10-16T20:10:51.916Z</time>
      </trkpt>
      <trkpt lat="44.508118" lon="5.411520">
        <ele>1351.529330</ele>
        <time>2025-10-16T20:10:59.251Z</time>
      </trkpt>
      <trkpt lat="44.507712" lon="5.412636">
        <ele>1349.144232</ele>
        <time>2025-10-16T20:11:29.241Z</time>
      </trkpt>
      <trkpt lat="44.507299" lon="5.413440">
        <ele>1337.418517</ele>
        <time>2025-10-16T20:11:51.858Z</time>
      </trkpt>
      <trkpt lat="44.506955" lon="5.413934">
        <ele>1329.247839</ele>
        <time>2025-10-16T20:12:07.554Z</time>
      </trkpt>
      <trkpt lat="44.506151" lon="5.414567">
        <ele>1310.945944</ele>
        <time>2025-10-16T20:12:36.814Z</time>
      </trkpt>
      <trkpt lat="44.505784" lon="5.415157">
        <ele>1296.751459</ele>
        <time>2025-10-16T20:12:54.650Z</time>
      </trkpt>
      <trkpt lat="44.505707" lon="5.415608">
        <ele>1288.343316</ele>
        <time>2025-10-16T20:13:05.566Z</time>
      </trkpt>
      <trkpt lat="44.504323" lon="5.417313">
        <ele>1232.769365</ele>
        <time>2025-10-16T20:14:11.603Z</time>
      </trkpt>
      <trkpt lat="44.503274" lon="5.418773">
        <ele>1188.474016</ele>
        <time>2025-10-16T20:15:06.325Z</time>
      </trkpt>
      <trkpt lat="44.502945" lon="5.418901">
        <ele>1178.679361</ele>
        <time>2025-10-16T20:15:17.943Z</time>
      </trkpt>
      <trkpt lat="44.502631" lon="5.419212">
        <ele>1167.650839</ele>
        <time>2025-10-16T20:15:30.429Z</time>
      </trkpt>
      <trkpt lat="44.501859" lon="5.420328">
        <ele>1147.545247</ele>
        <time>2025-10-16T20:16:05.855Z</time>
      </trkpt>
      <trkpt lat="44.501576" lon="5.419996">
        <ele>1141.330235</ele>
        <time>2025-10-16T20:16:17.752Z</time>
      </trkpt>
      <trkpt lat="44.501728" lon="5.419642">
        <ele>1136.366510</ele>
        <time>2025-10-16T20:16:27.218Z</time>
      </trkpt>
      <trkpt lat="44.501782" lon="5.419191">
        <ele>1129.415514</ele>
        <time>2025-10-16T20:16:37.614Z</time>
      </trkpt>
      <trkpt lat="44.501599" lon="5.419341">
        <ele>1124.123008</ele>
        <time>2025-10-16T20:16:44.368Z</time>
      </trkpt>
      <trkpt lat="44.501706" lon="5.418687">
        <ele>1112.174494</ele>
        <time>2025-10-16T20:16:59.614Z</time>
      </trkpt>
      <trkpt lat="44.501706" lon="5.417796">
        <ele>1096.308123</ele>
        <time>2025-10-16T20:17:21.420Z</time>
      </trkpt>
      <trkpt lat="44.501545" lon="5.416831">
        <ele>1076.274344</ele>
        <time>2025-10-16T20:17:46.899Z</time>
      </trkpt>
      <trkpt lat="44.501300" lon="5.415844">
        <ele>1053.365057</ele>
        <time>2025-10-16T20:18:13.704Z</time>
      </trkpt>
      <trkpt lat="44.501208" lon="5.415618">
        <ele>1047.660670</ele>
        <time>2025-10-16T20:18:20.259Z</time>
      </trkpt>
      <trkpt lat="44.500673" lon="5.414781">
        <ele>1025.444805</ele>
        <time>2025-10-16T20:18:48.036Z</time>
      </trkpt>
      <trkpt lat="44.500496" lon="5.414084">
        <ele>1012.903504</ele>
        <time>2025-10-16T20:19:05.441Z</time>
      </trkpt>
      <trkpt lat="44.500374" lon="5.413773">
        <ele>1006.887022</ele>
        <time>2025-10-16T20:19:13.584Z</time>
      </trkpt>
      <trkpt lat="44.500293" lon="5.413348">
        <ele>999.430095</ele>
        <time>2025-10-16T20:19:23.496Z</time>
      </trkpt>
      <trkpt lat="44.500252" lon="5.413129">
        <ele>995.592075</ele>
        <time>2025-10-16T20:19:28.615Z</time>
      </trkpt>
      <trkpt lat="44.500014" lon="5.412496">
        <ele>986.264002</ele>
        <time>2025-10-16T20:19:44.850Z</time>
      </trkpt>
      <trkpt lat="44.499828" lon="5.411080">
        <ele>970.978460</ele>
        <time>2025-10-16T20:20:17.837Z</time>
      </trkpt>
      <trkpt lat="44.499760" lon="5.411139">
        <ele>969.788182</ele>
        <time>2025-10-16T20:20:20.891Z</time>
      </trkpt>
      <trkpt lat="44.499679" lon="5.411491">
        <ele>965.861546</ele>
        <time>2025-10-16T20:20:30.840Z</time>
      </trkpt>
      <trkpt lat="44.499641" lon="5.411566">
        <ele>964.884871</ele>
        <time>2025-10-16T20:20:33.313Z</time>
      </trkpt>
      <trkpt lat="44.499563" lon="5.411598">
        <ele>963.772215</ele>
        <time>2025-10-16T20:20:36.406Z</time>
      </trkpt>
      <trkpt lat="44.499456" lon="5.411525">
        <ele>962.336608</ele>
        <time>2025-10-16T20:20:40.901Z</time>
      </trkpt>
      <trkpt lat="44.499090" lon="5.410981">
        <ele>955.901559</ele>
        <time>2025-10-16T20:21:01.112Z</time>
      </trkpt>
      <trkpt lat="44.498924" lon="5.410605">
        <ele>952.096414</ele>
        <time>2025-10-16T20:21:13.076Z</time>
      </trkpt>
      <trkpt lat="44.498900" lon="5.410532">
        <ele>951.404726</ele>
        <time>2025-10-16T20:21:15.251Z</time>
      </trkpt>
      <trkpt lat="44.498908" lon="5.409972">
        <ele>946.584934</ele>
        <time>2025-10-16T20:21:30.428Z</time>
      </trkpt>
      <trkpt lat="44.499067" lon="5.408491">
        <ele>934.363701</ele>
        <time>2025-10-16T20:22:11.799Z</time>
      </trkpt>
      <trkpt lat="44.498431" lon="5.407976">
        <ele>926.174666</ele>
        <time>2025-10-16T20:22:39.864Z</time>
      </trkpt>
      <trkpt lat="44.498327" lon="5.407971">
        <ele>925.014408</ele>
        <time>2025-10-16T20:22:43.789Z</time>
      </trkpt>
      <trkpt lat="44.498251" lon="5.408040">
        <ele>924.004866</ele>
        <time>2025-10-16T20:22:47.253Z</time>
      </trkpt>
      <trkpt lat="44.498125" lon="5.408405">
        <ele>920.315435</ele>
        <time>2025-10-16T20:22:58.214Z</time>
      </trkpt>
      <trkpt lat="44.498002" lon="5.408453">
        <ele>918.491890</ele>
        <time>2025-10-16T20:23:03.027Z</time>
      </trkpt>
      <trkpt lat="44.497283" lon="5.408121">
        <ele>907.680059</ele>
        <time>2025-10-16T20:23:31.660Z</time>
      </trkpt>
      <trkpt lat="44.496697" lon="5.407788">
        <ele>898.649056</ele>
        <time>2025-10-16T20:23:55.451Z</time>
      </trkpt>
      <trkpt lat="44.496295" lon="5.407663">
        <ele>892.362503</ele>
        <time>2025-10-16T20:24:10.940Z</time>
      </trkpt>
      <trkpt lat="44.496143" lon="5.407440">
        <ele>888.899741</ele>
        <time>2025-10-16T20:24:19.208Z</time>
      </trkpt>
      <trkpt lat="44.495978" lon="5.407112">
        <ele>884.393818</ele>
        <time>2025-10-16T20:24:29.954Z</time>
      </trkpt>
      <trkpt lat="44.495630" lon="5.406742">
        <ele>877.519710</ele>
        <time>2025-10-16T20:24:46.379Z</time>
      </trkpt>
      <trkpt lat="44.495305" lon="5.406769">
        <ele>872.395595</ele>
        <time>2025-10-16T20:24:58.640Z</time>
      </trkpt>
      <trkpt lat="44.495193" lon="5.406678">
        <ele>870.358186</ele>
        <time>2025-10-16T20:25:03.487Z</time>
      </trkpt>
      <trkpt lat="44.495201" lon="5.406468">
        <ele>868.092412</ele>
        <time>2025-10-16T20:25:09.127Z</time>
      </trkpt>
      <trkpt lat="44.495025" lon="5.405621">
        <ele>860.339689</ele>
        <time>2025-10-16T20:25:32.918Z</time>
      </trkpt>
      <trkpt lat="44.494952" lon="5.405433">
        <ele>858.458640</ele>
        <time>2025-10-16T20:25:38.695Z</time>
      </trkpt>
      <trkpt lat="44.494516" lon="5.404800">
        <ele>850.725795</ele>
        <time>2025-10-16T20:26:02.562Z</time>
      </trkpt>
      <trkpt lat="44.494417" lon="5.404789">
        <ele>849.502304</ele>
        <time>2025-10-16T20:26:06.407Z</time>
      </trkpt>
      <trkpt lat="44.494329" lon="5.404865">
        <ele>848.228943</ele>
        <time>2025-10-16T20:26:10.391Z</time>
      </trkpt>
      <trkpt lat="44.494030" lon="5.405519">
        <ele>842.549199</ele>
        <time>2025-10-16T20:26:31.945Z</time>
      </trkpt>
      <trkpt lat="44.493935" lon="5.405916">
        <ele>839.735101</ele>
        <time>2025-10-16T20:26:43.596Z</time>
      </trkpt>
      <trkpt lat="44.493877" lon="5.406055">
        <ele>838.652890</ele>
        <time>2025-10-16T20:26:48.090Z</time>
      </trkpt>
      <trkpt lat="44.493759" lon="5.406055">
        <ele>837.541192</ele>
        <time>2025-10-16T20:26:52.739Z</time>
      </trkpt>
      <trkpt lat="44.493598" lon="5.405835">
        <ele>835.423028</ele>
        <time>2025-10-16T20:27:01.560Z</time>
      </trkpt>
      <trkpt lat="44.493322" lon="5.405578">
        <ele>832.301443</ele>
        <time>2025-10-16T20:27:14.643Z</time>
      </trkpt>
      <trkpt lat="44.493054" lon="5.405492">
        <ele>829.711266</ele>
        <time>2025-10-16T20:27:25.581Z</time>
      </trkpt>
      <trkpt lat="44.492722" lon="5.405433">
        <ele>827.442477</ele>
        <time>2025-10-16T20:27:39.064Z</time>
      </trkpt>
      <trkpt lat="44.492603" lon="5.405208">
        <ele>826.160292</ele>
        <time>2025-10-16T20:27:47.196Z</time>
      </trkpt>
      <trkpt lat="44.492477" lon="5.404559">
        <ele>823.081323</ele>
        <time>2025-10-16T20:28:07.169Z</time>
      </trkpt>
      <trkpt lat="44.492362" lon="5.404403">
        <ele>822.054398</ele>
        <time>2025-10-16T20:28:13.960Z</time>
      </trkpt>
      <trkpt lat="44.492117" lon="5.404242">
        <ele>820.318010</ele>
        <time>2025-10-16T20:28:25.557Z</time>
      </trkpt>
      <trkpt lat="44.491554" lon="5.403770">
        <ele>816.454734</ele>
        <time>2025-10-16T20:28:53.844Z</time>
      </trkpt>
      <trkpt lat="44.491307" lon="5.403771">
        <ele>815.196420</ele>
        <time>2025-10-16T20:29:04.493Z</time>
      </trkpt>
      <trkpt lat="44.490737" lon="5.403507">
        <ele>812.138244</ele>
        <time>2025-10-16T20:29:30.212Z</time>
      </trkpt>
      <trkpt lat="44.490557" lon="5.403267">
        <ele>810.872706</ele>
        <time>2025-10-16T20:29:40.726Z</time>
      </trkpt>
      <trkpt lat="44.490661" lon="5.402692">
        <ele>808.716955</ele>
        <time>2025-10-16T20:29:58.544Z</time>
      </trkpt>
      <trkpt lat="44.490810" lon="5.402055">
        <ele>809.517227</ele>
        <time>2025-10-16T20:30:19.565Z</time>
      </trkpt>
      <trkpt lat="44.490786" lon="5.401838">
        <ele>809.820551</ele>
        <time>2025-10-16T20:30:26.702Z</time>
      </trkpt>
      <trkpt lat="44.490574" lon="5.401701">
        <ele>810.272573</ele>
        <time>2025-10-16T20:30:37.750Z</time>
      </trkpt>
      <trkpt lat="44.490031" lon="5.401937">
        <ele>811.373377</ele>
        <time>2025-10-16T20:31:08.857Z</time>
      </trkpt>
      <trkpt lat="44.489915" lon="5.402042">
        <ele>811.640749</ele>
        <time>2025-10-16T20:31:16.440Z</time>
      </trkpt>
      <trkpt lat="44.489867" lon="5.402172">
        <ele>811.842949</ele>
        <time>2025-10-16T20:31:22.637Z</time>
      </trkpt>
      <trkpt lat="44.489553" lon="5.402323">
        <ele>814.059782</ele>
        <time>2025-10-16T20:31:45.760Z</time>
      </trkpt>
      <trkpt lat="44.489340" lon="5.402498">
        <ele>816.533247</ele>
        <time>2025-10-16T20:32:04.562Z</time>
      </trkpt>
      <trkpt lat="44.489066" lon="5.402363">
        <ele>819.442948</ele>
        <time>2025-10-16T20:32:27.385Z</time>
      </trkpt>
      <trkpt lat="44.488964" lon="5.402045">
        <ele>821.934877</ele>
        <time>2025-10-16T20:32:46.525Z</time>
      </trkpt>
      <trkpt lat="44.488806" lon="5.401810">
        <ele>824.242816</ele>
        <time>2025-10-16T20:33:03.471Z</time>
      </trkpt>
      <trkpt lat="44.488760" lon="5.401601">
        <ele>825.806032</ele>
        <time>2025-10-16T20:33:14.094Z</time>
      </trkpt>
      <trkpt lat="44.488663" lon="5.401335">
        <ele>827.941136</ele>
        <time>2025-10-16T20:33:26.614Z</time>
      </trkpt>
      <trkpt lat="44.488495" lon="5.401029">
        <ele>830.140167</ele>
        <time>2025-10-16T20:33:40.664Z</time>
      </trkpt>
      <trkpt lat="44.488374" lon="5.400874">
        <ele>830.174030</ele>
        <time>2025-10-16T20:33:48.149Z</time>
      </trkpt>
      <trkpt lat="44.488451" lon="5.400638">
        <ele>830.212276</ele>
        <time>2025-10-16T20:33:56.398Z</time>
      </trkpt>
      <trkpt lat="44.488473" lon="5.400497">
        <ele>830.233548</ele>
        <time>2025-10-16T20:34:00.905Z</time>
      </trkpt>
      <trkpt lat="44.488579" lon="5.400242">
        <ele>830.277044</ele>
        <time>2025-10-16T20:34:09.591Z</time>
      </trkpt>
      <trkpt lat="44.488558" lon="5.400210">
        <ele>830.283452</ele>
        <time>2025-10-16T20:34:10.831Z</time>
      </trkpt>
      <trkpt lat="44.488644" lon="5.400056">
        <ele>830.312275</ele>
        <time>2025-10-16T20:34:16.446Z</time>
      </trkpt>
      <trkpt lat="44.488625" lon="5.400001">
        <ele>830.321281</ele>
        <time>2025-10-16T20:34:18.171Z</time>
      </trkpt>
      <trkpt lat="44.488636" lon="5.399933">
        <ele>830.331558</ele>
        <time>2025-10-16T20:34:20.150Z</time>
      </trkpt>
      <trkpt lat="44.488652" lon="5.399828">
        <ele>830.347381</ele>
        <time>2025-10-16T20:34:23.184Z</time>
      </trkpt>
      <trkpt lat="44.488624" lon="5.399799">
        <ele>830.354573</ele>
        <time>2025-10-16T20:34:24.510Z</time>
      </trkpt>
      <trkpt lat="44.488595" lon="5.399812">
        <ele>830.360863</ele>
        <time>2025-10-16T20:34:25.704Z</time>
      </trkpt>
      <trkpt lat="44.488557" lon="5.399902">
        <ele>830.376277</ele>
        <time>2025-10-16T20:34:28.592Z</time>
      </trkpt>
      <trkpt lat="44.488451" lon="5.399953">
        <ele>830.399429</ele>
        <time>2025-10-16T20:34:32.887Z</time>
      </trkpt>
      <trkpt lat="44.488430" lon="5.400008">
        <ele>830.408623</ele>
        <time>2025-10-16T20:34:34.642Z</time>
      </trkpt>
      <trkpt lat="44.488466" lon="5.400210">
        <ele>830.439308</ele>
        <time>2025-10-16T20:34:40.381Z</time>
      </trkpt>
      <trkpt lat="44.488408" lon="5.400300">
        <ele>830.457183</ele>
        <time>2025-10-16T20:34:43.697Z</time>
      </trkpt>
      <trkpt lat="44.488312" lon="5.400415">
        <ele>830.483271</ele>
        <time>2025-10-16T20:34:48.538Z</time>
      </trkpt>
      <trkpt lat="44.488226" lon="5.400575">
        <ele>830.069368</ele>
        <time>2025-10-16T20:34:54.064Z</time>
      </trkpt>
      <trkpt lat="44.488197" lon="5.400629">
        <ele>829.735681</ele>
        <time>2025-10-16T20:34:55.934Z</time>
      </trkpt>
      <trkpt lat="44.488204" lon="5.400728">
        <ele>829.244533</ele>
        <time>2025-10-16T20:34:58.738Z</time>
      </trkpt>
      <trkpt lat="44.488153" lon="5.400904">
        <ele>828.306695</ele>
        <time>2025-10-16T20:35:04.067Z</time>
      </trkpt>
      <trkpt lat="44.488053" lon="5.401208">
        <ele>826.654010</ele>
        <time>2025-10-16T20:35:13.327Z</time>
      </trkpt>
      <trkpt lat="44.488018" lon="5.401468">
        <ele>825.347761</ele>
        <time>2025-10-16T20:35:20.562Z</time>
      </trkpt>
      <trkpt lat="44.487938" lon="5.401702">
        <ele>824.066716</ele>
        <time>2025-10-16T20:35:27.239Z</time>
      </trkpt>
      <trkpt lat="44.487954" lon="5.401840">
        <ele>823.376482</ele>
        <time>2025-10-16T20:35:30.741Z</time>
      </trkpt>
      <trkpt lat="44.487927" lon="5.402142">
        <ele>821.873869</ele>
        <time>2025-10-16T20:35:38.226Z</time>
      </trkpt>
      <trkpt lat="44.487944" lon="5.402310">
        <ele>821.036164</ele>
        <time>2025-10-16T20:35:42.244Z</time>
      </trkpt>
      <trkpt lat="44.488014" lon="5.402452">
        <ele>820.184036</ele>
        <time>2025-10-16T20:35:46.243Z</time>
      </trkpt>
      <trkpt lat="44.487902" lon="5.402604">
        <ele>819.105214</ele>
        <time>2025-10-16T20:35:51.284Z</time>
      </trkpt>
      <trkpt lat="44.487383" lon="5.402689">
        <ele>813.025453</ele>
        <time>2025-10-16T20:36:08.058Z</time>
      </trkpt>
      <trkpt lat="44.487254" lon="5.402792">
        <ele>811.010736</ele>
        <time>2025-10-16T20:36:12.801Z</time>
      </trkpt>
      <trkpt lat="44.487223" lon="5.402939">
        <ele>809.526683</ele>
        <time>2025-10-16T20:36:16.299Z</time>
      </trkpt>
      <trkpt lat="44.487184" lon="5.402976">
        <ele>808.887596</ele>
        <time>2025-10-16T20:36:17.808Z</time>
      </trkpt>
      <trkpt lat="44.487170" lon="5.403160">
        <ele>807.096101</ele>
        <time>2025-10-16T20:36:22.027Z</time>
      </trkpt>
      <trkpt lat="44.487102" lon="5.403301">
        <ele>805.448360</ele>
        <time>2025-10-16T20:36:25.924Z</time>
      </trkpt>
      <trkpt lat="44.487098" lon="5.403544">
        <ele>803.095132</ele>
        <time>2025-10-16T20:36:31.461Z</time>
      </trkpt>
      <trkpt lat="44.487026" lon="5.403696">
        <ele>801.328699</ele>
        <time>2025-10-16T20:36:35.638Z</time>
      </trkpt>
      <trkpt lat="44.487027" lon="5.403951">
        <ele>798.859879</ele>
        <time>2025-10-16T20:36:41.478Z</time>
      </trkpt>
      <trkpt lat="44.486824" lon="5.404797">
        <ele>792.657930</ele>
        <time>2025-10-16T20:37:02.049Z</time>
      </trkpt>
      <trkpt lat="44.486892" lon="5.405607">
        <ele>790.385214</ele>
        <time>2025-10-16T20:37:21.583Z</time>
      </trkpt>
      <trkpt lat="44.487003" lon="5.406225">
        <ele>788.609361</ele>
        <time>2025-10-16T20:37:38.952Z</time>
      </trkpt>
      <trkpt lat="44.486889" lon="5.406637">
        <ele>787.377956</ele>
        <time>2025-10-16T20:37:53.350Z</time>
      </trkpt>
      <trkpt lat="44.486782" lon="5.406619">
        <ele>786.957013</ele>
        <time>2025-10-16T20:37:58.752Z</time>
      </trkpt>
      <trkpt lat="44.486728" lon="5.406680">
        <ele>786.686120</ele>
        <time>2025-10-16T20:38:02.117Z</time>
      </trkpt>
      <trkpt lat="44.487411" lon="5.407322">
        <ele>793.781962</ele>
        <time>2025-10-16T20:38:59.360Z</time>
      </trkpt>
      <trkpt lat="44.487748" lon="5.407473">
        <ele>796.930408</ele>
        <time>2025-10-16T20:39:29.854Z</time>
      </trkpt>
      <trkpt lat="44.488108" lon="5.407548">
        <ele>800.169230</ele>
        <time>2025-10-16T20:40:01.365Z</time>
      </trkpt>
      <trkpt lat="44.488475" lon="5.407558">
        <ele>803.034650</ele>
        <time>2025-10-16T20:40:28.905Z</time>
      </trkpt>
      <trkpt lat="44.488649" lon="5.407447">
        <ele>803.894815</ele>
        <time>2025-10-16T20:40:41.635Z</time>
      </trkpt>
      <trkpt lat="44.488659" lon="5.407440">
        <ele>803.945108</ele>
        <time>2025-10-16T20:40:42.362Z</time>
      </trkpt>
      <trkpt lat="44.489371" lon="5.406561">
        <ele>808.214024</ele>
        <time>2025-10-16T20:41:37.753Z</time>
      </trkpt>
      <trkpt lat="44.489508" lon="5.406807">
        <ele>809.215757</ele>
        <time>2025-10-16T20:41:49.506Z</time>
      </trkpt>
      <trkpt lat="44.488602" lon="5.408174">
        <ele>810.470516</ele>
        <time>2025-10-16T20:42:44.670Z</time>
      </trkpt>
      <trkpt lat="44.488451" lon="5.408448">
        <ele>810.409397</ele>
        <time>2025-10-16T20:42:54.568Z</time>
      </trkpt>
      <trkpt lat="44.487800" lon="5.409198">
        <ele>810.733212</ele>
        <time>2025-10-16T20:43:28.177Z</time>
      </trkpt>
      <trkpt lat="44.487744" lon="5.409312">
        <ele>810.891036</ele>
        <time>2025-10-16T20:43:32.079Z</time>
      </trkpt>
      <trkpt lat="44.487670" lon="5.409566">
        <ele>811.203879</ele>
        <time>2025-10-16T20:43:39.756Z</time>
      </trkpt>
      <trkpt lat="44.487626" lon="5.409634">
        <ele>811.308559</ele>
        <time>2025-10-16T20:43:42.356Z</time>
      </trkpt>
      <trkpt lat="44.487421" lon="5.409758">
        <ele>811.665422</ele>
        <time>2025-10-16T20:43:51.382Z</time>
      </trkpt>
      <trkpt lat="44.487182" lon="5.409962">
        <ele>812.112674</ele>
        <time>2025-10-16T20:44:03.420Z</time>
      </trkpt>
      <trkpt lat="44.486975" lon="5.410249">
        <ele>812.578035</ele>
        <time>2025-10-16T20:44:16.954Z</time>
      </trkpt>
      <trkpt lat="44.486815" lon="5.410495">
        <ele>812.957617</ele>
        <time>2025-10-16T20:44:28.763Z</time>
      </trkpt>
      <trkpt lat="44.486669" lon="5.410893">
        <ele>814.703798</ele>
        <time>2025-10-16T20:44:46.172Z</time>
      </trkpt>
      <trkpt lat="44.486990" lon="5.410958">
        <ele>817.218967</ele>
        <time>2025-10-16T20:45:08.947Z</time>
      </trkpt>
      <trkpt lat="44.487143" lon="5.411108">
        <ele>818.666883</ele>
        <time>2025-10-16T20:45:22.978Z</time>
      </trkpt>
      <trkpt lat="44.487066" lon="5.411612">
        <ele>821.518445</ele>
        <time>2025-10-16T20:45:52.240Z</time>
      </trkpt>
      <trkpt lat="44.487595" lon="5.411709">
        <ele>825.655748</ele>
        <time>2025-10-16T20:46:30.730Z</time>
      </trkpt>
      <trkpt lat="44.487748" lon="5.411956">
        <ele>827.290875</ele>
        <time>2025-10-16T20:46:45.301Z</time>
      </trkpt>
      <trkpt lat="44.488008" lon="5.412031">
        <ele>828.378191</ele>
        <time>2025-10-16T20:47:00.760Z</time>
      </trkpt>
      <trkpt lat="44.488368" lon="5.411945">
        <ele>829.874065</ele>
        <time>2025-10-16T20:47:20.630Z</time>
      </trkpt>
      <trkpt lat="44.488628" lon="5.412052">
        <ele>830.984014</ele>
        <time>2025-10-16T20:47:34.813Z</time>
      </trkpt>
      <trkpt lat="44.489003" lon="5.412149">
        <ele>832.546004</ele>
        <time>2025-10-16T20:47:54.683Z</time>
      </trkpt>
      <trkpt lat="44.489600" lon="5.412245">
        <ele>835.710385</ele>
        <time>2025-10-16T20:48:28.673Z</time>
      </trkpt>
      <trkpt lat="44.490021" lon="5.412256">
        <ele>839.661733</ele>
        <time>2025-10-16T20:48:56.361Z</time>
      </trkpt>
      <trkpt lat="44.490426" lon="5.411999">
        <ele>843.833519</ele>
        <time>2025-10-16T20:49:30.042Z</time>
      </trkpt>
      <trkpt lat="44.490817" lon="5.411741">
        <ele>847.888824</ele>
        <time>2025-10-16T20:50:06.374Z</time>
      </trkpt>
      <trkpt lat="44.491467" lon="5.411119">
        <ele>855.960915</ele>
        <time>2025-10-16T20:51:14.509Z</time>
      </trkpt>
      <trkpt lat="44.491651" lon="5.410904">
        <ele>858.601319</ele>
        <time>2025-10-16T20:51:34.880Z</time>
      </trkpt>
      <trkpt lat="44.492501" lon="5.410378">
        <ele>868.843055</ele>
        <time>2025-10-16T20:52:49.361Z</time>
      </trkpt>
      <trkpt lat="44.493029" lon="5.410336">
        <ele>874.232566</ele>
        <time>2025-10-16T20:53:28.292Z</time>
      </trkpt>
      <trkpt lat="44.493258" lon="5.410250">
        <ele>876.517800</ele>
        <time>2025-10-16T20:53:45.640Z</time>
      </trkpt>
      <trkpt lat="44.493572" lon="5.410314">
        <ele>879.576362</ele>
        <time>2025-10-16T20:54:08.790Z</time>
      </trkpt>
      <trkpt lat="44.494008" lon="5.410303">
        <ele>883.779776</ele>
        <time>2025-10-16T20:54:41.130Z</time>
      </trkpt>
      <trkpt lat="44.494599" lon="5.410840">
        <ele>890.644108</ele>
        <time>2025-10-16T20:55:35.502Z</time>
      </trkpt>
      <trkpt lat="44.494684" lon="5.410945">
        <ele>891.776144</ele>
        <time>2025-10-16T20:55:44.453Z</time>
      </trkpt>
      <trkpt lat="44.494788" lon="5.410981">
        <ele>892.846557</ele>
        <time>2025-10-16T20:55:52.988Z</time>
      </trkpt>
      <trkpt lat="44.494904" lon="5.410974">
        <ele>894.006741</ele>
        <time>2025-10-16T20:56:02.217Z</time>
      </trkpt>
      <trkpt lat="44.495309" lon="5.411086">
        <ele>898.131621</ele>
        <time>2025-10-16T20:56:35.648Z</time>
      </trkpt>
      <trkpt lat="44.496078" lon="5.411365">
        <ele>906.068871</ele>
        <time>2025-10-16T20:57:37.077Z</time>
      </trkpt>
      <trkpt lat="44.496434" lon="5.411387">
        <ele>908.582018</ele>
        <time>2025-10-16T20:58:01.902Z</time>
      </trkpt>
      <trkpt lat="44.496675" lon="5.411534">
        <ele>910.335309</ele>
        <time>2025-10-16T20:58:19.655Z</time>
      </trkpt>
      <trkpt lat="44.496752" lon="5.411638">
        <ele>911.048579</ele>
        <time>2025-10-16T20:58:26.727Z</time>
      </trkpt>
      <trkpt lat="44.496807" lon="5.411840">
        <ele>912.077418</ele>
        <time>2025-10-16T20:58:36.938Z</time>
      </trkpt>
      <trkpt lat="44.496823" lon="5.412358">
        <ele>914.544564</ele>
        <time>2025-10-16T20:59:00.893Z</time>
      </trkpt>
      <trkpt lat="44.497024" lon="5.412873">
        <ele>917.337980</ele>
        <time>2025-10-16T20:59:26.136Z</time>
      </trkpt>
      <trkpt lat="44.497163" lon="5.413106">
        <ele>918.550436</ele>
        <time>2025-10-16T20:59:38.405Z</time>
      </trkpt>
      <trkpt lat="44.497186" lon="5.413183">
        <ele>918.645961</ele>
        <time>2025-10-16T20:59:41.761Z</time>
      </trkpt>
      <trkpt lat="44.497181" lon="5.413274">
        <ele>918.750400</ele>
        <time>2025-10-16T20:59:45.444Z</time>
      </trkpt>
      <trkpt lat="44.496926" lon="5.413765">
        <ele>919.445405</ele>
        <time>2025-10-16T21:00:09.095Z</time>
      </trkpt>
      <trkpt lat="44.496687" lon="5.414294">
        <ele>920.161956</ele>
        <time>2025-10-16T21:00:32.149Z</time>
      </trkpt>
      <trkpt lat="44.496121" lon="5.415099">
        <ele>921.361727</ele>
        <time>2025-10-16T21:01:10.874Z</time>
      </trkpt>
      <trkpt lat="44.495631" lon="5.415850">
        <ele>921.355835</ele>
        <time>2025-10-16T21:01:45.107Z</time>
      </trkpt>
      <trkpt lat="44.495332" lon="5.416183">
        <ele>921.352735</ele>
        <time>2025-10-16T21:02:03.278Z</time>
      </trkpt>
      <trkpt lat="44.494904" lon="5.416944">
        <ele>921.620145</ele>
        <time>2025-10-16T21:02:36.976Z</time>
      </trkpt>
      <trkpt lat="44.494437" lon="5.417706">
        <ele>924.953750</ele>
        <time>2025-10-16T21:03:16.421Z</time>
      </trkpt>
      <trkpt lat="44.494360" lon="5.418060">
        <ele>926.181824</ele>
        <time>2025-10-16T21:03:33.081Z</time>
      </trkpt>
      <trkpt lat="44.494475" lon="5.418457">
        <ele>927.603664</ele>
        <time>2025-10-16T21:03:53.459Z</time>
      </trkpt>
      <trkpt lat="44.495126" lon="5.419133">
        <ele>930.270656</ele>
        <time>2025-10-16T21:04:45.353Z</time>
      </trkpt>
      <trkpt lat="44.495478" lon="5.419208">
        <ele>930.826148</ele>
        <time>2025-10-16T21:05:05.286Z</time>
      </trkpt>
      <trkpt lat="44.494950" lon="5.420099">
        <ele>932.115282</ele>
        <time>2025-10-16T21:05:44.923Z</time>
      </trkpt>
      <trkpt lat="44.494636" lon="5.420324">
        <ele>932.287176</ele>
        <time>2025-10-16T21:06:00.792Z</time>
      </trkpt>
      <trkpt lat="44.493771" lon="5.421408">
        <ele>929.359530</ele>
        <time>2025-10-16T21:06:53.875Z</time>
      </trkpt>
      <trkpt lat="44.493534" lon="5.421494">
        <ele>928.741789</ele>
        <time>2025-10-16T21:07:05.165Z</time>
      </trkpt>
      <trkpt lat="44.493166" lon="5.421515">
        <ele>927.466268</ele>
        <time>2025-10-16T21:07:21.754Z</time>
      </trkpt>
      <trkpt lat="44.492554" lon="5.421815">
        <ele>922.497358</ele>
        <time>2025-10-16T21:07:49.644Z</time>
      </trkpt>
      <trkpt lat="44.492325" lon="5.422384">
        <ele>918.925618</ele>
        <time>2025-10-16T21:08:08.445Z</time>
      </trkpt>
      <trkpt lat="44.491942" lon="5.423114">
        <ele>913.864685</ele>
        <time>2025-10-16T21:08:33.124Z</time>
      </trkpt>
      <trkpt lat="44.491904" lon="5.423360">
        <ele>911.838969</ele>
        <time>2025-10-16T21:08:39.964Z</time>
      </trkpt>
      <trkpt lat="44.491728" lon="5.423607">
        <ele>909.029257</ele>
        <time>2025-10-16T21:08:49.409Z</time>
      </trkpt>
      <trkpt lat="44.491622" lon="5.423931">
        <ele>906.160510</ele>
        <time>2025-10-16T21:08:59.038Z</time>
      </trkpt>
      <trkpt lat="44.491605" lon="5.424197">
        <ele>904.011133</ele>
        <time>2025-10-16T21:09:06.265Z</time>
      </trkpt>
      <trkpt lat="44.491676" lon="5.425562">
        <ele>893.014968</ele>
        <time>2025-10-16T21:09:43.511Z</time>
      </trkpt>
      <trkpt lat="44.491645" lon="5.426163">
        <ele>888.265166</ele>
        <time>2025-10-16T21:10:00.412Z</time>
      </trkpt>
      <trkpt lat="44.491674" lon="5.426686">
        <ele>884.130137</ele>
        <time>2025-10-16T21:10:15.041Z</time>
      </trkpt>
      <trkpt lat="44.491661" lon="5.427364">
        <ele>878.783815</ele>
        <time>2025-10-16T21:10:33.540Z</time>
      </trkpt>
      <trkpt lat="44.491789" lon="5.427577">
        <ele>876.588467</ele>
        <time>2025-10-16T21:10:41.077Z</time>
      </trkpt>
      <trkpt lat="44.491712" lon="5.427834">
        <ele>874.391217</ele>
        <time>2025-10-16T21:10:48.622Z</time>
      </trkpt>
      <trkpt lat="44.491712" lon="5.428027">
        <ele>872.468636</ele>
        <time>2025-10-16T21:10:53.836Z</time>
      </trkpt>
      <trkpt lat="44.491653" lon="5.428019">
        <ele>871.587058</ele>
        <time>2025-10-16T21:10:56.091Z</time>
      </trkpt>
      <trkpt lat="44.491554" lon="5.427890">
        <ele>869.576829</ele>
        <time>2025-10-16T21:11:01.209Z</time>
      </trkpt>
      <trkpt lat="44.491500" lon="5.427761">
        <ele>867.989974</ele>
        <time>2025-10-16T21:11:05.223Z</time>
      </trkpt>
      <trkpt lat="44.491342" lon="5.427709">
        <ele>865.576212</ele>
        <time>2025-10-16T21:11:11.353Z</time>
      </trkpt>
      <trkpt lat="44.491199" lon="5.427619">
        <ele>863.244918</ele>
        <time>2025-10-16T21:11:17.252Z</time>
      </trkpt>
      <trkpt lat="44.491071" lon="5.427472">
        <ele>860.783947</ele>
        <time>2025-10-16T21:11:23.484Z</time>
      </trkpt>
      <trkpt lat="44.490989" lon="5.427439">
        <ele>859.515134</ele>
        <time>2025-10-16T21:11:26.714Z</time>
      </trkpt>
      <trkpt lat="44.490932" lon="5.427551">
        <ele>858.055464</ele>
        <time>2025-10-16T21:11:30.395Z</time>
      </trkpt>
      <trkpt lat="44.490931" lon="5.427697">
        <ele>856.506402</ele>
        <time>2025-10-16T21:11:34.313Z</time>
      </trkpt>
      <trkpt lat="44.491036" lon="5.427909">
        <ele>853.768220</ele>
        <time>2025-10-16T21:11:41.227Z</time>
      </trkpt>
      <trkpt lat="44.491019" lon="5.427982">
        <ele>852.953501</ele>
        <time>2025-10-16T21:11:43.304Z</time>
      </trkpt>
      <trkpt lat="44.490868" lon="5.428160">
        <ele>850.019246</ele>
        <time>2025-10-16T21:11:50.723Z</time>
      </trkpt>
      <trkpt lat="44.490808" lon="5.428168">
        <ele>849.122863</ele>
        <time>2025-10-16T21:11:52.982Z</time>
      </trkpt>
      <trkpt lat="44.490603" lon="5.427955">
        <ele>845.986478</ele>
        <time>2025-10-16T21:12:02.585Z</time>
      </trkpt>
      <trkpt lat="44.490418" lon="5.427958">
        <ele>844.163601</ele>
        <time>2025-10-16T21:12:09.531Z</time>
      </trkpt>
      <trkpt lat="44.490319" lon="5.427899">
        <ele>843.103689</ele>
        <time>2025-10-16T21:12:13.583Z</time>
      </trkpt>
      <trkpt lat="44.490228" lon="5.427767">
        <ele>841.813470</ele>
        <time>2025-10-16T21:12:18.536Z</time>
      </trkpt>
      <trkpt lat="44.490202" lon="5.427599">
        <ele>840.605190</ele>
        <time>2025-10-16T21:12:23.172Z</time>
      </trkpt>
      <trkpt lat="44.490048" lon="5.427345">
        <ele>838.262225</ele>
        <time>2025-10-16T21:12:32.218Z</time>
      </trkpt>
      <trkpt lat="44.489967" lon="5.427899">
        <ele>834.287399</ele>
        <time>2025-10-16T21:12:48.436Z</time>
      </trkpt>
      <trkpt lat="44.489929" lon="5.428227">
        <ele>831.951788</ele>
        <time>2025-10-16T21:12:58.593Z</time>
      </trkpt>
      <trkpt lat="44.489970" lon="5.428451">
        <ele>830.326367</ele>
        <time>2025-10-16T21:13:05.906Z</time>
      </trkpt>
      <trkpt lat="44.490045" lon="5.428662">
        <ele>829.406887</ele>
        <time>2025-10-16T21:13:13.611Z</time>
      </trkpt>
      <trkpt lat="44.490205" lon="5.428772">
        <ele>829.108688</ele>
        <time>2025-10-16T21:13:21.902Z</time>
      </trkpt>
      <trkpt lat="44.490425" lon="5.428809">
        <ele>828.737915</ele>
        <time>2025-10-16T21:13:32.443Z</time>
      </trkpt>
      <trkpt lat="44.490821" lon="5.428965">
        <ele>828.049607</ele>
        <time>2025-10-16T21:13:52.628Z</time>
      </trkpt>
      <trkpt lat="44.490995" lon="5.429181">
        <ele>827.660692</ele>
        <time>2025-10-16T21:14:04.088Z</time>
      </trkpt>
      <trkpt lat="44.490984" lon="5.429262">
        <ele>827.562267</ele>
        <time>2025-10-16T21:14:06.952Z</time>
      </trkpt>
      <trkpt lat="44.490730" lon="5.429457">
        <ele>827.077675</ele>
        <time>2025-10-16T21:14:20.522Z</time>
      </trkpt>
      <trkpt lat="44.490656" lon="5.429701">
        <ele>826.761184</ele>
        <time>2025-10-16T21:14:29.099Z</time>
      </trkpt>
      <trkpt lat="44.490736" lon="5.429780">
        <ele>826.597437</ele>
        <time>2025-10-16T21:14:33.461Z</time>
      </trkpt>
      <trkpt lat="44.490804" lon="5.429917">
        <ele>826.322906</ele>
        <time>2025-10-16T21:14:38.687Z</time>
      </trkpt>
      <trkpt lat="44.490814" lon="5.430154">
        <ele>825.897060</ele>
        <time>2025-10-16T21:14:46.104Z</time>
      </trkpt>
      <trkpt lat="44.490755" lon="5.430236">
        <ele>825.688156</ele>
        <time>2025-10-16T21:14:49.700Z</time>
      </trkpt>
      <trkpt lat="44.490617" lon="5.430244">
        <ele>825.340872</ele>
        <time>2025-10-16T21:14:55.664Z</time>
      </trkpt>
      <trkpt lat="44.490498" lon="5.430337">
        <ele>824.998300</ele>
        <time>2025-10-16T21:15:01.566Z</time>
      </trkpt>
      <trkpt lat="44.490382" lon="5.430337">
        <ele>824.706630</ele>
        <time>2025-10-16T21:15:06.612Z</time>
      </trkpt>
      <trkpt lat="44.490330" lon="5.430378">
        <ele>824.556617</ele>
        <time>2025-10-16T21:15:09.223Z</time>
      </trkpt>
      <trkpt lat="44.490251" lon="5.430577">
        <ele>824.148123</ele>
        <time>2025-10-16T21:15:16.353Z</time>
      </trkpt>
      <trkpt lat="44.490127" lon="5.430781">
        <ele>823.667390</ele>
        <time>2025-10-16T21:15:24.888Z</time>
      </trkpt>
      <trkpt lat="44.490061" lon="5.430837">
        <ele>823.473408</ele>
        <time>2025-10-16T21:15:28.368Z</time>
      </trkpt>
      <trkpt lat="44.489906" lon="5.431065">
        <ele>822.908480</ele>
        <time>2025-10-16T21:15:38.681Z</time>
      </trkpt>
      <trkpt lat="44.489837" lon="5.431354">
        <ele>822.361835</ele>
        <time>2025-10-16T21:15:48.899Z</time>
      </trkpt>
      <trkpt lat="44.489816" lon="5.431569">
        <ele>822.132810</ele>
        <time>2025-10-16T21:15:56.329Z</time>
      </trkpt>
      <trkpt lat="44.489845" lon="5.431829">
        <ele>823.089700</ele>
        <time>2025-10-16T21:16:05.632Z</time>
      </trkpt>
      <trkpt lat="44.489831" lon="5.431921">
        <ele>823.431753</ele>
        <time>2025-10-16T21:16:09.055Z</time>
      </trkpt>
      <trkpt lat="44.489739" lon="5.432130">
        <ele>824.324748</ele>
        <time>2025-10-16T21:16:18.365Z</time>
      </trkpt>
      <trkpt lat="44.489481" lon="5.432571">
        <ele>826.398579</ele>
        <time>2025-10-16T21:16:41.960Z</time>
      </trkpt>
      <trkpt lat="44.489378" lon="5.432860">
        <ele>827.573286</ele>
        <time>2025-10-16T21:16:56.434Z</time>
      </trkpt>
      <trkpt lat="44.489342" lon="5.433035">
        <ele>828.235549</ele>
        <time>2025-10-16T21:17:04.960Z</time>
      </trkpt>
      <trkpt lat="44.488932" lon="5.434049">
        <ele>833.586747</ele>
        <time>2025-10-16T21:18:03.789Z</time>
      </trkpt>
      <trkpt lat="44.488710" lon="5.434515">
        <ele>837.395678</ele>
        <time>2025-10-16T21:18:33.429Z</time>
      </trkpt>
      <trkpt lat="44.488626" lon="5.434601">
        <ele>838.386804</ele>
        <time>2025-10-16T21:18:41.172Z</time>
      </trkpt>
      <trkpt lat="44.488253" lon="5.434617">
        <ele>841.942525</ele>
        <time>2025-10-16T21:19:08.721Z</time>
      </trkpt>
      <trkpt lat="44.488116" lon="5.434672">
        <ele>843.300384</ele>
        <time>2025-10-16T21:19:19.090Z</time>
      </trkpt>
      <trkpt lat="44.487835" lon="5.434641">
        <ele>845.986117</ele>
        <time>2025-10-16T21:19:39.575Z</time>
      </trkpt>
      <trkpt lat="44.486786" lon="5.434780">
        <ele>863.010832</ele>
        <time>2025-10-16T21:21:07.438Z</time>
      </trkpt>
      <trkpt lat="44.486626" lon="5.434774">
        <ele>865.920365</ele>
        <time>2025-10-16T21:21:22.470Z</time>
      </trkpt>
      <trkpt lat="44.486547" lon="5.434815">
        <ele>867.451706</ele>
        <time>2025-10-16T21:21:30.817Z</time>
      </trkpt>
      <trkpt lat="44.486384" lon="5.435023">
        <ele>871.458672</ele>
        <time>2025-10-16T21:21:54.769Z</time>
      </trkpt>
      <trkpt lat="44.485923" lon="5.435340">
        <ele>880.792837</ele>
        <time>2025-10-16T21:23:07.753Z</time>
      </trkpt>
      <trkpt lat="44.485806" lon="5.435397">
        <ele>884.909598</ele>
        <time>2025-10-16T21:23:28.785Z</time>
      </trkpt>
      <trkpt lat="44.485639" lon="5.435381">
        <ele>890.765922</ele>
        <time>2025-10-16T21:23:59.989Z</time>
      </trkpt>
      <trkpt lat="44.485458" lon="5.435399">
        <ele>897.114338</ele>
        <time>2025-10-16T21:24:30.700Z</time>
      </trkpt>
      <trkpt lat="44.485177" lon="5.435498">
        <ele>907.251250</ele>
        <time>2025-10-16T21:25:24.636Z</time>
      </trkpt>
      <trkpt lat="44.484045" lon="5.435988">
        <ele>945.077444</ele>
        <time>2025-10-16T21:29:04.499Z</time>
      </trkpt>
      <trkpt lat="44.483842" lon="5.435698">
        <ele>947.475770</ele>
        <time>2025-10-16T21:29:40.668Z</time>
      </trkpt>
      <trkpt lat="44.483674" lon="5.435194">
        <ele>950.759707</ele>
        <time>2025-10-16T21:30:15.129Z</time>
      </trkpt>
      <trkpt lat="44.483288" lon="5.434691">
        <ele>955.120622</ele>
        <time>2025-10-16T21:30:37.823Z</time>
      </trkpt>
      <trkpt lat="44.483044" lon="5.433886">
        <ele>956.964045</ele>
        <time>2025-10-16T21:30:57.792Z</time>
      </trkpt>
      <trkpt lat="44.482884" lon="5.433543">
        <ele>953.831119</ele>
        <time>2025-10-16T21:31:07.076Z</time>
      </trkpt>
      <trkpt lat="44.482652" lon="5.432616">
        <ele>946.320914</ele>
        <time>2025-10-16T21:31:33.554Z</time>
      </trkpt>
      <trkpt lat="44.482629" lon="5.432400">
        <ele>944.651318</ele>
        <time>2025-10-16T21:31:39.579Z</time>
      </trkpt>
      <trkpt lat="44.482419" lon="5.432265">
        <ele>942.175721</ele>
        <time>2025-10-16T21:31:49.043Z</time>
      </trkpt>
      <trkpt lat="44.482139" lon="5.432478">
        <ele>939.413480</ele>
        <time>2025-10-16T21:32:03.503Z</time>
      </trkpt>
      <trkpt lat="44.481949" lon="5.432170">
        <ele>938.827982</ele>
        <time>2025-10-16T21:32:18.266Z</time>
      </trkpt>
      <trkpt lat="44.481752" lon="5.432159">
        <ele>938.430614</ele>
        <time>2025-10-16T21:32:29.524Z</time>
      </trkpt>
      <trkpt lat="44.481641" lon="5.431840">
        <ele>937.920245</ele>
        <time>2025-10-16T21:32:44.682Z</time>
      </trkpt>
      <trkpt lat="44.481460" lon="5.431554">
        <ele>937.370495</ele>
        <time>2025-10-16T21:32:58.493Z</time>
      </trkpt>
      <trkpt lat="44.481205" lon="5.431320">
        <ele>936.756187</ele>
        <time>2025-10-16T21:33:11.083Z</time>
      </trkpt>
      <trkpt lat="44.480927" lon="5.431126">
        <ele>936.130270</ele>
        <time>2025-10-16T21:33:23.044Z</time>
      </trkpt>
      <trkpt lat="44.480783" lon="5.430920">
        <ele>936.981846</ele>
        <time>2025-10-16T21:33:31.456Z</time>
      </trkpt>
      <trkpt lat="44.480763" lon="5.430577">
        <ele>939.288448</ele>
        <time>2025-10-16T21:33:42.657Z</time>
      </trkpt>
      <trkpt lat="44.480831" lon="5.430421">
        <ele>940.513719</ele>
        <time>2025-10-16T21:33:49.085Z</time>
      </trkpt>
      <trkpt lat="44.480967" lon="5.430414">
        <ele>941.792156</ele>
        <time>2025-10-16T21:33:56.612Z</time>
      </trkpt>
      <trkpt lat="44.481038" lon="5.430359">
        <ele>942.554219</ele>
        <time>2025-10-16T21:34:01.294Z</time>
      </trkpt>
      <trkpt lat="44.480979" lon="5.430295">
        <ele>943.255066</ele>
        <time>2025-10-16T21:34:05.441Z</time>
      </trkpt>
      <trkpt lat="44.480876" lon="5.430244">
        <ele>944.281246</ele>
        <time>2025-10-16T21:34:11.503Z</time>
      </trkpt>
      <trkpt lat="44.480721" lon="5.430249">
        <ele>945.737693</ele>
        <time>2025-10-16T21:34:21.377Z</time>
      </trkpt>
      <trkpt lat="44.480063" lon="5.429981">
        <ele>952.174616</ele>
        <time>2025-10-16T21:35:20.511Z</time>
      </trkpt>
      <trkpt lat="44.478492" lon="5.429145">
        <ele>1000.358945</ele>
        <time>2025-10-16T21:39:14.529Z</time>
      </trkpt>
      <trkpt lat="44.478174" lon="5.429313">
        <ele>1011.816346</ele>
        <time>2025-10-16T21:40:07.864Z</time>
      </trkpt>
      <trkpt lat="44.478025" lon="5.430127">
        <ele>1035.169219</ele>
        <time>2025-10-16T21:41:54.099Z</time>
      </trkpt>
      <trkpt lat="44.478195" lon="5.430472">
        <ele>1046.820496</ele>
        <time>2025-10-16T21:42:53.483Z</time>
      </trkpt>
      <trkpt lat="44.478079" lon="5.430714">
        <ele>1054.922092</ele>
        <time>2025-10-16T21:43:37.025Z</time>
      </trkpt>
      <trkpt lat="44.477909" lon="5.430858">
        <ele>1062.658365</ele>
        <time>2025-10-16T21:44:19.560Z</time>
      </trkpt>
      <trkpt lat="44.477981" lon="5.431152">
        <ele>1071.296233</ele>
        <time>2025-10-16T21:45:05.555Z</time>
      </trkpt>
      <trkpt lat="44.478159" lon="5.431355">
        <ele>1079.219533</ele>
        <time>2025-10-16T21:45:51.837Z</time>
      </trkpt>
      <trkpt lat="44.478293" lon="5.432082">
        <ele>1095.114058</ele>
        <time>2025-10-16T21:47:29.273Z</time>
      </trkpt>
      <trkpt lat="44.478300" lon="5.432120">
        <ele>1095.944826</ele>
        <time>2025-10-16T21:47:33.901Z</time>
      </trkpt>
      <trkpt lat="44.477991" lon="5.432879">
        <ele>1114.442909</ele>
        <time>2025-10-16T21:48:58.884Z</time>
      </trkpt>
      <trkpt lat="44.477996" lon="5.432958">
        <ele>1116.121775</ele>
        <time>2025-10-16T21:49:05.407Z</time>
      </trkpt>
      <trkpt lat="44.478047" lon="5.432917">
        <ele>1117.866068</ele>
        <time>2025-10-16T21:49:13.079Z</time>
      </trkpt>
      <trkpt lat="44.478131" lon="5.432922">
        <ele>1120.360387</ele>
        <time>2025-10-16T21:49:23.808Z</time>
      </trkpt>
      <trkpt lat="44.478269" lon="5.433022">
        <ele>1124.969375</ele>
        <time>2025-10-16T21:49:41.682Z</time>
      </trkpt>
      <trkpt lat="44.478286" lon="5.433035">
        <ele>1125.543914</ele>
        <time>2025-10-16T21:49:43.817Z</time>
      </trkpt>
      <trkpt lat="44.478654" lon="5.433611">
        <ele>1132.461741</ele>
        <time>2025-10-16T21:50:34.839Z</time>
      </trkpt>
      <trkpt lat="44.479047" lon="5.433815">
        <ele>1135.551302</ele>
        <time>2025-10-16T21:51:04.748Z</time>
      </trkpt>
      <trkpt lat="44.479343" lon="5.433923">
        <ele>1137.806173</ele>
        <time>2025-10-16T21:51:22.958Z</time>
      </trkpt>
      <trkpt lat="44.479438" lon="5.433980">
        <ele>1138.568000</ele>
        <time>2025-10-16T21:51:28.720Z</time>
      </trkpt>
      <trkpt lat="44.479615" lon="5.434151">
        <ele>1140.152829</ele>
        <time>2025-10-16T21:51:40.229Z</time>
      </trkpt>
      <trkpt lat="44.480266" lon="5.434847">
        <ele>1140.174013</ele>
        <time>2025-10-16T21:52:18.967Z</time>
      </trkpt>
      <trkpt lat="44.480513" lon="5.435332">
        <ele>1138.059395</ele>
        <time>2025-10-16T21:52:37.643Z</time>
      </trkpt>
      <trkpt lat="44.480548" lon="5.435497">
        <ele>1137.448523</ele>
        <time>2025-10-16T21:52:42.866Z</time>
      </trkpt>
      <trkpt lat="44.480574" lon="5.435506">
        <ele>1137.315319</ele>
        <time>2025-10-16T21:52:43.838Z</time>
      </trkpt>
      <trkpt lat="44.480632" lon="5.435613">
        <ele>1136.838450</ele>
        <time>2025-10-16T21:52:47.225Z</time>
      </trkpt>
      <trkpt lat="44.480706" lon="5.435639">
        <ele>1136.459001</ele>
        <time>2025-10-16T21:52:49.914Z</time>
      </trkpt>
      <trkpt lat="44.480821" lon="5.435776">
        <ele>1135.708312</ele>
        <time>2025-10-16T21:52:55.161Z</time>
      </trkpt>
      <trkpt lat="44.481148" lon="5.435959">
        <ele>1133.957024</ele>
        <time>2025-10-16T21:53:06.997Z</time>
      </trkpt>
      <trkpt lat="44.481478" lon="5.436255">
        <ele>1129.466741</ele>
        <time>2025-10-16T21:53:19.858Z</time>
      </trkpt>
      <trkpt lat="44.481683" lon="5.436194">
        <ele>1126.811815</ele>
        <time>2025-10-16T21:53:26.715Z</time>
      </trkpt>
      <trkpt lat="44.481948" lon="5.436173">
        <ele>1123.449299</ele>
        <time>2025-10-16T21:53:35.311Z</time>
      </trkpt>
      <trkpt lat="44.482026" lon="5.436249">
        <ele>1122.245843</ele>
        <time>2025-10-16T21:53:38.374Z</time>
      </trkpt>
      <trkpt lat="44.482090" lon="5.436521">
        <ele>1119.657100</ele>
        <time>2025-10-16T21:53:44.960Z</time>
      </trkpt>
      <trkpt lat="44.482180" lon="5.436609">
        <ele>1118.266909</ele>
        <time>2025-10-16T21:53:48.481Z</time>
      </trkpt>
      <trkpt lat="44.482325" lon="5.437060">
        <ele>1113.795744</ele>
        <time>2025-10-16T21:53:59.807Z</time>
      </trkpt>
      <trkpt lat="44.482107" lon="5.437271">
        <ele>1110.228806</ele>
        <time>2025-10-16T21:54:08.266Z</time>
      </trkpt>
      <trkpt lat="44.482080" lon="5.437440">
        <ele>1107.888455</ele>
        <time>2025-10-16T21:54:12.203Z</time>
      </trkpt>
      <trkpt lat="44.482089" lon="5.437975">
        <ele>1100.656680</ele>
        <time>2025-10-16T21:54:24.353Z</time>
      </trkpt>
      <trkpt lat="44.481965" lon="5.438178">
        <ele>1097.045366</ele>
        <time>2025-10-16T21:54:30.398Z</time>
      </trkpt>
      <trkpt lat="44.481933" lon="5.438383">
        <ele>1094.209547</ele>
        <time>2025-10-16T21:54:35.155Z</time>
      </trkpt>
      <trkpt lat="44.481941" lon="5.438635">
        <ele>1090.800747</ele>
        <time>2025-10-16T21:54:40.862Z</time>
      </trkpt>
      <trkpt lat="44.481844" lon="5.438824">
        <ele>1087.654517</ele>
        <time>2025-10-16T21:54:46.127Z</time>
      </trkpt>
      <trkpt lat="44.481746" lon="5.439578">
        <ele>1077.297536</ele>
        <time>2025-10-16T21:55:03.454Z</time>
      </trkpt>
      <trkpt lat="44.480881" lon="5.440641">
        <ele>1049.610171</ele>
        <time>2025-10-16T21:55:39.873Z</time>
      </trkpt>
      <trkpt lat="44.480740" lon="5.440895">
        <ele>1044.056254</ele>
        <time>2025-10-16T21:55:47.420Z</time>
      </trkpt>
      <trkpt lat="44.480734" lon="5.441018">
        <ele>1041.928605</ele>
        <time>2025-10-16T21:55:50.346Z</time>
      </trkpt>
      <trkpt lat="44.480543" lon="5.441516">
        <ele>1031.668728</ele>
        <time>2025-10-16T21:56:04.385Z</time>
      </trkpt>
      <trkpt lat="44.480364" lon="5.442205">
        <ele>1013.341981</ele>
        <time>2025-10-16T21:56:23.772Z</time>
      </trkpt>
      <trkpt lat="44.480158" lon="5.442770">
        <ele>997.483522</ele>
        <time>2025-10-16T21:56:41.253Z</time>
      </trkpt>
      <trkpt lat="44.479993" lon="5.443014">
        <ele>989.081136</ele>
        <time>2025-10-16T21:56:50.592Z</time>
      </trkpt>
      <trkpt lat="44.479877" lon="5.443272">
        <ele>981.459165</ele>
        <time>2025-10-16T21:56:59.026Z</time>
      </trkpt>
      <trkpt lat="44.479873" lon="5.443560">
        <ele>974.259539</ele>
        <time>2025-10-16T21:57:06.957Z</time>
      </trkpt>
      <trkpt lat="44.479725" lon="5.444195">
        <ele>957.986158</ele>
        <time>2025-10-16T21:57:25.115Z</time>
      </trkpt>
      <trkpt lat="44.479471" lon="5.445109">
        <ele>934.285332</ele>
        <time>2025-10-16T21:57:51.185Z</time>
      </trkpt>
      <trkpt lat="44.479201" lon="5.445664">
        <ele>918.054347</ele>
        <time>2025-10-16T21:58:08.557Z</time>
      </trkpt>
      <trkpt lat="44.479026" lon="5.445774">
        <ele>911.559201</ele>
        <time>2025-10-16T21:58:15.439Z</time>
      </trkpt>
      <trkpt lat="44.478904" lon="5.445969">
        <ele>905.689325</ele>
        <time>2025-10-16T21:58:22.035Z</time>
      </trkpt>
      <trkpt lat="44.478844" lon="5.446270">
        <ele>898.871837</ele>
        <time>2025-10-16T21:58:29.974Z</time>
      </trkpt>
      <trkpt lat="44.478869" lon="5.446427">
        <ele>895.362761</ele>
        <time>2025-10-16T21:58:34.063Z</time>
      </trkpt>
      <trkpt lat="44.478997" lon="5.446717">
        <ele>887.924086</ele>
        <time>2025-10-16T21:58:42.778Z</time>
      </trkpt>
      <trkpt lat="44.478981" lon="5.447252">
        <ele>876.243285</ele>
        <time>2025-10-16T21:58:56.188Z</time>
      </trkpt>
      <trkpt lat="44.478882" lon="5.447624">
        <ele>867.582334</ele>
        <time>2025-10-16T21:59:06.052Z</time>
      </trkpt>
      <trkpt lat="44.478627" lon="5.447969">
        <ele>856.746333</ele>
        <time>2025-10-16T21:59:18.452Z</time>
      </trkpt>
      <trkpt lat="44.478409" lon="5.448136">
        <ele>849.943903</ele>
        <time>2025-10-16T21:59:27.113Z</time>
      </trkpt>
      <trkpt lat="44.478355" lon="5.448103">
        <ele>848.415806</ele>
        <time>2025-10-16T21:59:29.152Z</time>
      </trkpt>
      <trkpt lat="44.478273" lon="5.448115">
        <ele>846.277209</ele>
        <time>2025-10-16T21:59:32.565Z</time>
      </trkpt>
      <trkpt lat="44.478038" lon="5.447995">
        <ele>839.789441</ele>
        <time>2025-10-16T21:59:42.802Z</time>
      </trkpt>
      <trkpt lat="44.477870" lon="5.447967">
        <ele>835.400912</ele>
        <time>2025-10-16T21:59:49.628Z</time>
      </trkpt>
      <trkpt lat="44.477644" lon="5.447999">
        <ele>829.508760</ele>
        <time>2025-10-16T21:59:58.624Z</time>
      </trkpt>
      <trkpt lat="44.477502" lon="5.447977">
        <ele>825.802924</ele>
        <time>2025-10-16T22:00:04.179Z</time>
      </trkpt>
      <trkpt lat="44.477340" lon="5.447777">
        <ele>820.202843</ele>
        <time>2025-10-16T22:00:12.498Z</time>
      </trkpt>
      <trkpt lat="44.477178" lon="5.447423">
        <ele>812.419060</ele>
        <time>2025-10-16T22:00:23.986Z</time>
      </trkpt>
      <trkpt lat="44.476733" lon="5.445859">
        <ele>791.710556</ele>
        <time>2025-10-16T22:01:08.954Z</time>
      </trkpt>
      <trkpt lat="44.476426" lon="5.445269">
        <ele>783.533061</ele>
        <time>2025-10-16T22:01:28.756Z</time>
      </trkpt>
      <trkpt lat="44.475929" lon="5.444872">
        <ele>774.299831</ele>
        <time>2025-10-16T22:01:51.110Z</time>
      </trkpt>
      <trkpt lat="44.475249" lon="5.444541">
        <ele>762.419550</ele>
        <time>2025-10-16T22:02:18.283Z</time>
      </trkpt>
      <trkpt lat="44.475041" lon="5.444528">
        <ele>758.983340</ele>
        <time>2025-10-16T22:02:26.084Z</time>
      </trkpt>
      <trkpt lat="44.474836" lon="5.444659">
        <ele>755.264927</ele>
        <time>2025-10-16T22:02:34.462Z</time>
      </trkpt>
      <trkpt lat="44.474913" lon="5.445024">
        <ele>750.782608</ele>
        <time>2025-10-16T22:02:44.557Z</time>
      </trkpt>
      <trkpt lat="44.474683" lon="5.445528">
        <ele>740.859011</ele>
        <time>2025-10-16T22:03:00.725Z</time>
      </trkpt>
      <trkpt lat="44.474499" lon="5.446054">
        <ele>730.692961</ele>
        <time>2025-10-16T22:03:16.785Z</time>
      </trkpt>
      <trkpt lat="44.474499" lon="5.446269">
        <ele>726.961854</ele>
        <time>2025-10-16T22:03:22.694Z</time>
      </trkpt>
      <trkpt lat="44.474675" lon="5.446365">
        <ele>722.368714</ele>
        <time>2025-10-16T22:03:29.976Z</time>
      </trkpt>
      <trkpt lat="44.474821" lon="5.446644">
        <ele>716.364525</ele>
        <time>2025-10-16T22:03:39.423Z</time>
      </trkpt>
      <trkpt lat="44.474828" lon="5.446944">
        <ele>711.155577</ele>
        <time>2025-10-16T22:03:47.603Z</time>
      </trkpt>
      <trkpt lat="44.474675" lon="5.447566">
        <ele>699.983277</ele>
        <time>2025-10-16T22:04:05.588Z</time>
      </trkpt>
      <trkpt lat="44.474446" lon="5.448199">
        <ele>688.143901</ele>
        <time>2025-10-16T22:04:25.124Z</time>
      </trkpt>
      <trkpt lat="44.474361" lon="5.448682">
        <ele>679.845000</ele>
        <time>2025-10-16T22:04:38.832Z</time>
      </trkpt>
      <trkpt lat="44.474400" lon="5.449755">
        <ele>662.900001</ele>
        <time>2025-10-16T22:05:07.433Z</time>
      </trkpt>
      <trkpt lat="44.474331" lon="5.450184">
        <ele>658.981740</ele>
        <time>2025-10-16T22:05:19.208Z</time>
      </trkpt>
      <trkpt lat="44.474132" lon="5.450356">
        <ele>656.062335</ele>
        <time>2025-10-16T22:05:28.049Z</time>
      </trkpt>
      <trkpt lat="44.473977" lon="5.450097">
        <ele>653.050485</ele>
        <time>2025-10-16T22:05:37.222Z</time>
      </trkpt>
      <trkpt lat="44.473747" lon="5.449624">
        <ele>647.950553</ele>
        <time>2025-10-16T22:05:53.395Z</time>
      </trkpt>
      <trkpt lat="44.473548" lon="5.449281">
        <ele>644.011725</ele>
        <time>2025-10-16T22:06:06.165Z</time>
      </trkpt>
      <trkpt lat="44.473534" lon="5.448972">
        <ele>641.323210</ele>
        <time>2025-10-16T22:06:15.036Z</time>
      </trkpt>
      <trkpt lat="44.473435" lon="5.448660">
        <ele>638.971159</ele>
        <time>2025-10-16T22:06:24.845Z</time>
      </trkpt>
      <trkpt lat="44.473374" lon="5.448854">
        <ele>637.510842</ele>
        <time>2025-10-16T22:06:30.953Z</time>
      </trkpt>
      <trkpt lat="44.473351" lon="5.449133">
        <ele>635.576220</ele>
        <time>2025-10-16T22:06:39.034Z</time>
      </trkpt>
      <trkpt lat="44.473182" lon="5.449412">
        <ele>633.055322</ele>
        <time>2025-10-16T22:06:49.271Z</time>
      </trkpt>
      <trkpt lat="44.473076" lon="5.449787">
        <ele>630.276909</ele>
        <time>2025-10-16T22:07:00.272Z</time>
      </trkpt>
      <trkpt lat="44.472896" lon="5.449801">
        <ele>628.536654</ele>
        <time>2025-10-16T22:07:06.105Z</time>
      </trkpt>
      <trkpt lat="44.472536" lon="5.450047">
        <ele>624.670360</ele>
        <time>2025-10-16T22:07:19.043Z</time>
      </trkpt>
      <trkpt lat="44.472442" lon="5.450080">
        <ele>623.950224</ele>
        <time>2025-10-16T22:07:22.163Z</time>
      </trkpt>
      <trkpt lat="44.472258" lon="5.450024">
        <ele>622.974419</ele>
        <time>2025-10-16T22:07:28.385Z</time>
      </trkpt>
      <trkpt lat="44.472141" lon="5.449930">
        <ele>622.275487</ele>
        <time>2025-10-16T22:07:32.958Z</time>
      </trkpt>
      <trkpt lat="44.471830" lon="5.449428">
        <ele>619.816975</ele>
        <time>2025-10-16T22:07:49.820Z</time>
      </trkpt>
      <trkpt lat="44.471669" lon="5.449120">
        <ele>618.405023</ele>
        <time>2025-10-16T22:07:59.919Z</time>
      </trkpt>
      <trkpt lat="44.471594" lon="5.449038">
        <ele>617.912033</ele>
        <time>2025-10-16T22:08:03.560Z</time>
      </trkpt>
      <trkpt lat="44.471498" lon="5.448991">
        <ele>617.385027</ele>
        <time>2025-10-16T22:08:07.450Z</time>
      </trkpt>
      <trkpt lat="44.471269" lon="5.449143">
        <ele>616.071842</ele>
        <time>2025-10-16T22:08:17.361Z</time>
      </trkpt>
      <trkpt lat="44.470714" lon="5.449603">
        <ele>615.819171</ele>
        <time>2025-10-16T22:08:43.412Z</time>
      </trkpt>
      <trkpt lat="44.470703" lon="5.449571">
        <ele>615.876698</ele>
        <time>2025-10-16T22:08:44.473Z</time>
      </trkpt>
      <trkpt lat="44.470599" lon="5.449602">
        <ele>616.118016</ele>
        <time>2025-10-16T22:08:50.073Z</time>
      </trkpt>
      <trkpt lat="44.470559" lon="5.449572">
        <ele>616.220984</ele>
        <time>2025-10-16T22:08:52.398Z</time>
      </trkpt>
      <trkpt lat="44.470444" lon="5.449318">
        <ele>616.708176</ele>
        <time>2025-10-16T22:09:03.995Z</time>
      </trkpt>
      <trkpt lat="44.470403" lon="5.449172">
        <ele>616.962289</ele>
        <time>2025-10-16T22:09:10.186Z</time>
      </trkpt>
      <trkpt lat="44.470362" lon="5.449196">
        <ele>617.063134</ele>
        <time>2025-10-16T22:09:12.307Z</time>
      </trkpt>
      <trkpt lat="44.470282" lon="5.449256">
        <ele>617.269071</ele>
        <time>2025-10-16T22:09:16.667Z</time>
      </trkpt>
      <trkpt lat="44.470202" lon="5.449291">
        <ele>617.459281</ele>
        <time>2025-10-16T22:09:20.656Z</time>
      </trkpt>
      <trkpt lat="44.470101" lon="5.449423">
        <ele>617.772732</ele>
        <time>2025-10-16T22:09:27.325Z</time>
      </trkpt>
      <trkpt lat="44.470026" lon="5.449663">
        <ele>618.197077</ele>
        <time>2025-10-16T22:09:36.401Z</time>
      </trkpt>
      <trkpt lat="44.470027" lon="5.449700">
        <ele>618.257046</ele>
        <time>2025-10-16T22:09:37.699Z</time>
      </trkpt>
      <trkpt lat="44.470131" lon="5.449722">
        <ele>618.495757</ele>
        <time>2025-10-16T22:09:42.724Z</time>
      </trkpt>
      <trkpt lat="44.470181" lon="5.449795">
        <ele>618.659636</ele>
        <time>2025-10-16T22:09:46.200Z</time>
      </trkpt>
      <trkpt lat="44.470277" lon="5.449937">
        <ele>618.989546</ele>
        <time>2025-10-16T22:09:52.658Z</time>
      </trkpt>
      <trkpt lat="44.470365" lon="5.449942">
        <ele>619.354387</ele>
        <time>2025-10-16T22:09:56.770Z</time>
      </trkpt>
      <trkpt lat="44.470419" lon="5.450035">
        <ele>619.708820</ele>
        <time>2025-10-16T22:10:00.884Z</time>
      </trkpt>
      <trkpt lat="44.470446" lon="5.450113">
        <ele>619.965096</ele>
        <time>2025-10-16T22:10:03.837Z</time>
      </trkpt>
      <trkpt lat="44.470498" lon="5.450268">
        <ele>620.471409</ele>
        <time>2025-10-16T22:10:09.793Z</time>
      </trkpt>
      <trkpt lat="44.470455" lon="5.450294">
        <ele>620.665412</ele>
        <time>2025-10-16T22:10:11.974Z</time>
      </trkpt>
      <trkpt lat="44.470471" lon="5.450658">
        <ele>621.743492</ele>
        <time>2025-10-16T22:10:24.866Z</time>
      </trkpt>
      <trkpt lat="44.470444" lon="5.450857">
        <ele>622.342305</ele>
        <time>2025-10-16T22:10:32.055Z</time>
      </trkpt>
      <trkpt lat="44.470557" lon="5.451193">
        <ele>623.440350</ele>
        <time>2025-10-16T22:10:44.899Z</time>
      </trkpt>
      <trkpt lat="44.470572" lon="5.451234">
        <ele>623.576552</ele>
        <time>2025-10-16T22:10:46.468Z</time>
      </trkpt>
      <trkpt lat="44.470626" lon="5.451328">
        <ele>623.933282</ele>
        <time>2025-10-16T22:10:50.547Z</time>
      </trkpt>
      <trkpt lat="44.470920" lon="5.451678">
        <ele>625.531338</ele>
        <time>2025-10-16T22:11:08.848Z</time>
      </trkpt>
      <trkpt lat="44.471032" lon="5.451734">
        <ele>626.023950</ele>
        <time>2025-10-16T22:11:14.548Z</time>
      </trkpt>
      <trkpt lat="44.471204" lon="5.452052">
        <ele>627.298765</ele>
        <time>2025-10-16T22:11:28.437Z</time>
      </trkpt>
      <trkpt lat="44.471566" lon="5.452553">
        <ele>629.659889</ele>
        <time>2025-10-16T22:11:54.719Z</time>
      </trkpt>
      <trkpt lat="44.471838" lon="5.452931">
        <ele>631.437618</ele>
        <time>2025-10-16T22:12:15.067Z</time>
      </trkpt>
      <trkpt lat="44.472100" lon="5.453371">
        <ele>633.335377</ele>
        <time>2025-10-16T22:12:35.608Z</time>
      </trkpt>
      <trkpt lat="44.472228" lon="5.453734">
        <ele>634.676238</ele>
        <time>2025-10-16T22:12:49.489Z</time>
      </trkpt>
      <trkpt lat="44.472278" lon="5.454030">
        <ele>634.631145</ele>
        <time>2025-10-16T22:12:59.622Z</time>
      </trkpt>
      <trkpt lat="44.472250" lon="5.454337">
        <ele>634.490035</ele>
        <time>2025-10-16T22:13:09.451Z</time>
      </trkpt>
      <trkpt lat="44.472260" lon="5.454496">
        <ele>634.417261</ele>
        <time>2025-10-16T22:13:14.342Z</time>
      </trkpt>
      <trkpt lat="44.472434" lon="5.455629">
        <ele>633.888864</ele>
        <time>2025-10-16T22:13:47.453Z</time>
      </trkpt>
      <trkpt lat="44.472604" lon="5.456346">
        <ele>633.289705</ele>
        <time>2025-10-16T22:14:07.503Z</time>
      </trkpt>
      <trkpt lat="44.472624" lon="5.456607">
        <ele>632.700455</ele>
        <time>2025-10-16T22:14:14.421Z</time>
      </trkpt>
      <trkpt lat="44.472607" lon="5.456943">
        <ele>631.944324</ele>
        <time>2025-10-16T22:14:23.264Z</time>
      </trkpt>
      <trkpt lat="44.472629" lon="5.457051">
        <ele>631.692206</ele>
        <time>2025-10-16T22:14:26.226Z</time>
      </trkpt>
      <trkpt lat="44.472668" lon="5.457131">
        <ele>631.474719</ele>
        <time>2025-10-16T22:14:28.788Z</time>
      </trkpt>
      <trkpt lat="44.472969" lon="5.457410">
        <ele>630.339469</ele>
        <time>2025-10-16T22:14:42.305Z</time>
      </trkpt>
      <trkpt lat="44.473190" lon="5.457733">
        <ele>629.334973</ele>
        <time>2025-10-16T22:14:54.398Z</time>
      </trkpt>
      <trkpt lat="44.473322" lon="5.458003">
        <ele>628.600294</ele>
        <time>2025-10-16T22:15:03.408Z</time>
      </trkpt>
      <trkpt lat="44.473521" lon="5.458176">
        <ele>627.973073</ele>
        <time>2025-10-16T22:15:12.708Z</time>
      </trkpt>
      <trkpt lat="44.473569" lon="5.458248">
        <ele>628.028205</ele>
        <time>2025-10-16T22:15:15.528Z</time>
      </trkpt>
      <trkpt lat="44.473763" lon="5.458550">
        <ele>628.255567</ele>
        <time>2025-10-16T22:15:27.465Z</time>
      </trkpt>
      <trkpt lat="44.473794" lon="5.458682">
        <ele>628.333322</ele>
        <time>2025-10-16T22:15:31.672Z</time>
      </trkpt>
      <trkpt lat="44.473894" lon="5.458751">
        <ele>628.420723</ele>
        <time>2025-10-16T22:15:36.432Z</time>
      </trkpt>
      <trkpt lat="44.473977" lon="5.458853">
        <ele>628.507284</ele>
        <time>2025-10-16T22:15:41.170Z</time>
      </trkpt>
      <trkpt lat="44.474019" lon="5.458926">
        <ele>628.559752</ele>
        <time>2025-10-16T22:15:44.095Z</time>
      </trkpt>
      <trkpt lat="44.474060" lon="5.459098">
        <ele>628.661218</ele>
        <time>2025-10-16T22:15:49.721Z</time>
      </trkpt>
      <trkpt lat="44.474047" lon="5.459420">
        <ele>628.841672</ele>
        <time>2025-10-16T22:15:59.729Z</time>
      </trkpt>
      <trkpt lat="44.473914" lon="5.459927">
        <ele>629.143913</ele>
        <time>2025-10-16T22:16:16.492Z</time>
      </trkpt>
      <trkpt lat="44.473736" lon="5.460237">
        <ele>629.370147</ele>
        <time>2025-10-16T22:16:28.914Z</time>
      </trkpt>
      <trkpt lat="44.473366" lon="5.460698">
        <ele>630.039903</ele>
        <time>2025-10-16T22:16:50.661Z</time>
      </trkpt>
      <trkpt lat="44.473148" lon="5.461155">
        <ele>630.570553</ele>
        <time>2025-10-16T22:17:07.829Z</time>
      </trkpt>
      <trkpt lat="44.473013" lon="5.461326">
        <ele>630.816727</ele>
        <time>2025-10-16T22:17:15.788Z</time>
      </trkpt>
      <trkpt lat="44.472085" lon="5.462041">
        <ele>631.990129</ele>
        <time>2025-10-16T22:18:00.894Z</time>
      </trkpt>
      <trkpt lat="44.471892" lon="5.462129">
        <ele>632.108116</ele>
        <time>2025-10-16T22:18:09.295Z</time>
      </trkpt>
      <trkpt lat="44.471680" lon="5.462140">
        <ele>632.231443</ele>
        <time>2025-10-16T22:18:17.994Z</time>
      </trkpt>
      <trkpt lat="44.470860" lon="5.461997">
        <ele>632.711814</ele>
        <time>2025-10-16T22:18:52.190Z</time>
      </trkpt>
      <trkpt lat="44.470723" lon="5.462060">
        <ele>632.795636</ele>
        <time>2025-10-16T22:18:58.285Z</time>
      </trkpt>
      <trkpt lat="44.470671" lon="5.462170">
        <ele>632.868280</ele>
        <time>2025-10-16T22:19:02.304Z</time>
      </trkpt>
      <trkpt lat="44.470606" lon="5.462431">
        <ele>633.188928</ele>
        <time>2025-10-16T22:19:10.785Z</time>
      </trkpt>
      <trkpt lat="44.470535" lon="5.462928">
        <ele>633.776853</ele>
        <time>2025-10-16T22:19:26.643Z</time>
      </trkpt>
      <trkpt lat="44.470511" lon="5.463382">
        <ele>634.304905</ele>
        <time>2025-10-16T22:19:41.119Z</time>
      </trkpt>
      <trkpt lat="44.470290" lon="5.463996">
        <ele>635.102570</ele>
        <time>2025-10-16T22:20:03.065Z</time>
      </trkpt>
      <trkpt lat="44.470279" lon="5.464026">
        <ele>635.141693</ele>
        <time>2025-10-16T22:20:04.150Z</time>
      </trkpt>
      <trkpt lat="44.470019" lon="5.465531">
        <ele>636.478220</ele>
        <time>2025-10-16T22:20:51.928Z</time>
      </trkpt>
      <trkpt lat="44.469889" lon="5.466820">
        <ele>637.397004</ele>
        <time>2025-10-16T22:21:31.043Z</time>
      </trkpt>
      <trkpt lat="44.469753" lon="5.467348">
        <ele>637.684748</ele>
        <time>2025-10-16T22:21:47.875Z</time>
      </trkpt>
      <trkpt lat="44.469535" lon="5.467988">
        <ele>637.968443</ele>
        <time>2025-10-16T22:22:09.045Z</time>
      </trkpt>
      <trkpt lat="44.469414" lon="5.468444">
        <ele>638.163064</ele>
        <time>2025-10-16T22:22:23.481Z</time>
      </trkpt>
      <trkpt lat="44.469420" lon="5.469778">
        <ele>638.713612</ele>
        <time>2025-10-16T22:23:03.441Z</time>
      </trkpt>
      <trkpt lat="44.469456" lon="5.470102">
        <ele>638.859999</ele>
        <time>2025-10-16T22:23:13.376Z</time>
      </trkpt>
      <trkpt lat="44.469619" lon="5.470578">
        <ele>639.095701</ele>
        <time>2025-10-16T22:23:29.222Z</time>
      </trkpt>
      <trkpt lat="44.469877" lon="5.471025">
        <ele>639.352357</ele>
        <time>2025-10-16T22:23:46.499Z</time>
      </trkpt>
      <trkpt lat="44.469895" lon="5.471177">
        <ele>639.421143</ele>
        <time>2025-10-16T22:23:51.123Z</time>
      </trkpt>
      <trkpt lat="44.469870" lon="5.471301">
        <ele>639.478667</ele>
        <time>2025-10-16T22:23:54.997Z</time>
      </trkpt>
      <trkpt lat="44.469803" lon="5.471444">
        <ele>639.555036</ele>
        <time>2025-10-16T22:24:00.141Z</time>
      </trkpt>
      <trkpt lat="44.469784" lon="5.471491">
        <ele>639.579151</ele>
        <time>2025-10-16T22:24:01.755Z</time>
      </trkpt>
      <trkpt lat="44.469730" lon="5.471593">
        <ele>639.635850</ele>
        <time>2025-10-16T22:24:05.556Z</time>
      </trkpt>
      <trkpt lat="44.469341" lon="5.472430">
        <ele>640.119648</ele>
        <time>2025-10-16T22:24:35.402Z</time>
      </trkpt>
      <trkpt lat="44.469263" lon="5.472701">
        <ele>640.262290</ele>
        <time>2025-10-16T22:24:44.069Z</time>
      </trkpt>
      <trkpt lat="44.469133" lon="5.473624">
        <ele>640.721538</ele>
        <time>2025-10-16T22:25:12.367Z</time>
      </trkpt>
      <trkpt lat="44.468991" lon="5.474369">
        <ele>641.309852</ele>
        <time>2025-10-16T22:25:35.753Z</time>
      </trkpt>
      <trkpt lat="44.468760" lon="5.475049">
        <ele>642.084746</ele>
        <time>2025-10-16T22:25:58.947Z</time>
      </trkpt>
      <trkpt lat="44.468590" lon="5.475759">
        <ele>642.855304</ele>
        <time>2025-10-16T22:26:22.355Z</time>
      </trkpt>
      <trkpt lat="44.468293" lon="5.477927">
        <ele>644.572503</ele>
        <time>2025-10-16T22:27:31.614Z</time>
      </trkpt>
      <trkpt lat="44.467742" lon="5.477792">
        <ele>645.104219</ele>
        <time>2025-10-16T22:27:54.732Z</time>
      </trkpt>
      <trkpt lat="44.467538" lon="5.477728">
        <ele>645.054582</ele>
        <time>2025-10-16T22:28:03.168Z</time>
      </trkpt>
      <trkpt lat="44.467502" lon="5.477725">
        <ele>644.997515</ele>
        <time>2025-10-16T22:28:04.639Z</time>
      </trkpt>
      <trkpt lat="44.467741" lon="5.477465">
        <ele>644.518730</ele>
        <time>2025-10-16T22:28:18.777Z</time>
      </trkpt>
      <trkpt lat="44.467946" lon="5.477347">
        <ele>644.168037</ele>
        <time>2025-10-16T22:28:28.995Z</time>
      </trkpt>
      <trkpt lat="44.468053" lon="5.477245">
        <ele>643.963256</ele>
        <time>2025-10-16T22:28:34.985Z</time>
      </trkpt>
      <trkpt lat="44.468153" lon="5.477039">
        <ele>643.681911</ele>
        <time>2025-10-16T22:28:43.194Z</time>
      </trkpt>
      <trkpt lat="44.468302" lon="5.476341">
        <ele>642.859182</ele>
        <time>2025-10-16T22:29:07.029Z</time>
      </trkpt>
      <trkpt lat="44.468355" lon="5.475848">
        <ele>642.305873</ele>
        <time>2025-10-16T22:29:23.397Z</time>
      </trkpt>
      <trkpt lat="44.468348" lon="5.475622">
        <ele>642.087164</ele>
        <time>2025-10-16T22:29:30.830Z</time>
      </trkpt>
      <trkpt lat="44.468380" lon="5.475453">
        <ele>641.918117</ele>
        <time>2025-10-16T22:29:36.612Z</time>
      </trkpt>
      <trkpt lat="44.468677" lon="5.474517">
        <ele>640.927747</ele>
        <time>2025-10-16T22:30:10.705Z</time>
      </trkpt>
      <trkpt lat="44.468828" lon="5.474254">
        <ele>640.601396</ele>
        <time>2025-10-16T22:30:22.000Z</time>
      </trkpt>
      <trkpt lat="44.468884" lon="5.473886">
        <ele>640.237608</ele>
        <time>2025-10-16T22:30:34.640Z</time>
      </trkpt>
      <trkpt lat="44.468897" lon="5.473458">
        <ele>640.074110</ele>
        <time>2025-10-16T22:30:49.038Z</time>
      </trkpt>
      <trkpt lat="44.469050" lon="5.472826">
        <ele>640.993674</ele>
        <time>2025-10-16T22:31:11.795Z</time>
      </trkpt>
      <trkpt lat="44.469073" lon="5.472688">
        <ele>641.188938</ele>
        <time>2025-10-16T22:31:16.707Z</time>
      </trkpt>
      <trkpt lat="44.469064" lon="5.472566">
        <ele>641.357935</ele>
        <time>2025-10-16T22:31:20.987Z</time>
      </trkpt>
      <trkpt lat="44.469023" lon="5.472479">
        <ele>641.501590</ele>
        <time>2025-10-16T22:31:24.657Z</time>
      </trkpt>
      <trkpt lat="44.468982" lon="5.472462">
        <ele>641.584146</ele>
        <time>2025-10-16T22:31:26.822Z</time>
      </trkpt>
      <trkpt lat="44.468678" lon="5.472469">
        <ele>642.171190</ele>
        <time>2025-10-16T22:31:42.483Z</time>
      </trkpt>
      <trkpt lat="44.468003" lon="5.472409">
        <ele>643.579951</ele>
        <time>2025-10-16T22:32:21.416Z</time>
      </trkpt>
      <trkpt lat="44.467237" lon="5.472087">
        <ele>647.173883</ele>
        <time>2025-10-16T22:33:12.022Z</time>
      </trkpt>
      <trkpt lat="44.467118" lon="5.472023">
        <ele>647.746701</ele>
        <time>2025-10-16T22:33:19.582Z</time>
      </trkpt>
      <trkpt lat="44.467030" lon="5.471930">
        <ele>648.242035</ele>
        <time>2025-10-16T22:33:26.096Z</time>
      </trkpt>
      <trkpt lat="44.466983" lon="5.471925">
        <ele>648.453859</ele>
        <time>2025-10-16T22:33:28.803Z</time>
      </trkpt>
      <trkpt lat="44.466951" lon="5.471986">
        <ele>648.696662</ele>
        <time>2025-10-16T22:33:32.022Z</time>
      </trkpt>
      <trkpt lat="44.466956" lon="5.472110">
        <ele>649.094980</ele>
        <time>2025-10-16T22:33:37.004Z</time>
      </trkpt>
      <trkpt lat="44.466906" lon="5.472410">
        <ele>650.083010</ele>
        <time>2025-10-16T22:33:49.400Z</time>
      </trkpt>
      <trkpt lat="44.466899" lon="5.472671">
        <ele>650.920663</ele>
        <time>2025-10-16T22:33:57.977Z</time>
      </trkpt>
      <trkpt lat="44.466886" lon="5.473161">
        <ele>652.103701</ele>
        <time>2025-10-16T22:34:13.698Z</time>
      </trkpt>
      <trkpt lat="44.466855" lon="5.473417">
        <ele>652.615467</ele>
        <time>2025-10-16T22:34:21.649Z</time>
      </trkpt>
      <trkpt lat="44.466762" lon="5.473587">
        <ele>653.037638</ele>
        <time>2025-10-16T22:34:27.976Z</time>
      </trkpt>
      <trkpt lat="44.466433" lon="5.474005">
        <ele>654.264130</ele>
        <time>2025-10-16T22:34:47.356Z</time>
      </trkpt>
      <trkpt lat="44.466405" lon="5.474096">
        <ele>654.459445</ele>
        <time>2025-10-16T22:34:50.570Z</time>
      </trkpt>
      <trkpt lat="44.466333" lon="5.474336">
        <ele>654.972562</ele>
        <time>2025-10-16T22:34:59.240Z</time>
      </trkpt>
      <trkpt lat="44.466359" lon="5.474791">
        <ele>655.872206</ele>
        <time>2025-10-16T22:35:14.804Z</time>
      </trkpt>
      <trkpt lat="44.466193" lon="5.474831">
        <ele>656.337380</ele>
        <time>2025-10-16T22:35:23.107Z</time>
      </trkpt>
      <trkpt lat="44.466183" lon="5.474992">
        <ele>656.728711</ele>
        <time>2025-10-16T22:35:28.819Z</time>
      </trkpt>
      <trkpt lat="44.466157" lon="5.475040">
        <ele>656.889476</ele>
        <time>2025-10-16T22:35:30.943Z</time>
      </trkpt>
      <trkpt lat="44.466096" lon="5.475092">
        <ele>657.156395</ele>
        <time>2025-10-16T22:35:34.436Z</time>
      </trkpt>
      <trkpt lat="44.466024" lon="5.475074">
        <ele>657.429800</ele>
        <time>2025-10-16T22:35:38.111Z</time>
      </trkpt>
      <trkpt lat="44.465994" lon="5.475148">
        <ele>657.656853</ele>
        <time>2025-10-16T22:35:41.113Z</time>
      </trkpt>
      <trkpt lat="44.465891" lon="5.475151">
        <ele>658.041977</ele>
        <time>2025-10-16T22:35:46.242Z</time>
      </trkpt>
      <trkpt lat="44.465721" lon="5.475209">
        <ele>658.696050</ele>
        <time>2025-10-16T22:35:54.872Z</time>
      </trkpt>
      <trkpt lat="44.465598" lon="5.475340">
        <ele>659.273603</ele>
        <time>2025-10-16T22:36:02.445Z</time>
      </trkpt>
      <trkpt lat="44.465135" lon="5.476044">
        <ele>661.827694</ele>
        <time>2025-10-16T22:36:34.465Z</time>
      </trkpt>
      <trkpt lat="44.465039" lon="5.476651">
        <ele>663.604162</ele>
        <time>2025-10-16T22:36:54.696Z</time>
      </trkpt>
      <trkpt lat="44.464978" lon="5.477479">
        <ele>666.661472</ele>
        <time>2025-10-16T22:37:23.015Z</time>
      </trkpt>
      <trkpt lat="44.463876" lon="5.477136">
        <ele>672.495820</ele>
        <time>2025-10-16T22:38:32.420Z</time>
      </trkpt>
      <trkpt lat="44.463320" lon="5.476411">
        <ele>678.782471</ele>
        <time>2025-10-16T22:39:24.378Z</time>
      </trkpt>
      <trkpt lat="44.462621" lon="5.476013">
        <ele>685.027675</ele>
        <time>2025-10-16T22:40:17.588Z</time>
      </trkpt>
      <trkpt lat="44.462413" lon="5.475786">
        <ele>687.209953</ele>
        <time>2025-10-16T22:40:36.976Z</time>
      </trkpt>
      <trkpt lat="44.462009" lon="5.475553">
        <ele>692.479677</ele>
        <time>2025-10-16T22:41:10.633Z</time>
      </trkpt>
      <trkpt lat="44.461442" lon="5.474949">
        <ele>701.154062</ele>
        <time>2025-10-16T22:42:10.685Z</time>
      </trkpt>
      <trkpt lat="44.461143" lon="5.474727">
        <ele>705.275139</ele>
        <time>2025-10-16T22:42:41.058Z</time>
      </trkpt>
      <trkpt lat="44.460981" lon="5.474483">
        <ele>708.171792</ele>
        <time>2025-10-16T22:43:03.155Z</time>
      </trkpt>
      <trkpt lat="44.460469" lon="5.474200">
        <ele>715.547306</ele>
        <time>2025-10-16T22:43:55.421Z</time>
      </trkpt>
      <trkpt lat="44.460150" lon="5.474017">
        <ele>720.244734</ele>
        <time>2025-10-16T22:44:27.806Z</time>
      </trkpt>
      <trkpt lat="44.459876" lon="5.474003">
        <ele>723.981131</ele>
        <time>2025-10-16T22:44:52.834Z</time>
      </trkpt>
      <trkpt lat="44.459480" lon="5.473798">
        <ele>729.734176</ele>
        <time>2025-10-16T22:45:29.716Z</time>
      </trkpt>
      <trkpt lat="44.459041" lon="5.473459">
        <ele>736.331383</ele>
        <time>2025-10-16T22:46:11.691Z</time>
      </trkpt>
      <trkpt lat="44.458513" lon="5.473261">
        <ele>743.165048</ele>
        <time>2025-10-16T22:46:57.048Z</time>
      </trkpt>
      <trkpt lat="44.458365" lon="5.473123">
        <ele>745.387743</ele>
        <time>2025-10-16T22:47:12.164Z</time>
      </trkpt>
      <trkpt lat="44.458165" lon="5.473008">
        <ele>748.090631</ele>
        <time>2025-10-16T22:47:30.794Z</time>
      </trkpt>
      <trkpt lat="44.457856" lon="5.472903">
        <ele>752.065895</ele>
        <time>2025-10-16T22:47:58.617Z</time>
      </trkpt>
      <trkpt lat="44.457610" lon="5.472894">
        <ele>755.142546</ele>
        <time>2025-10-16T22:48:20.750Z</time>
      </trkpt>
      <trkpt lat="44.457508" lon="5.472747">
        <ele>757.099478</ele>
        <time>2025-10-16T22:48:34.044Z</time>
      </trkpt>
      <trkpt lat="44.457390" lon="5.472651">
        <ele>759.094980</ele>
        <time>2025-10-16T22:48:46.583Z</time>
      </trkpt>
      <trkpt lat="44.457203" lon="5.472614">
        <ele>761.856836</ele>
        <time>2025-10-16T22:49:03.847Z</time>
      </trkpt>
      <trkpt lat="44.456946" lon="5.472626">
        <ele>765.617333</ele>
        <time>2025-10-16T22:49:27.280Z</time>
      </trkpt>
      <trkpt lat="44.456775" lon="5.472693">
        <ele>768.214020</ele>
        <time>2025-10-16T22:49:43.704Z</time>
      </trkpt>
      <trkpt lat="44.456665" lon="5.472777">
        <ele>770.046125</ele>
        <time>2025-10-16T22:49:55.267Z</time>
      </trkpt>
      <trkpt lat="44.456340" lon="5.472938">
        <ele>775.087356</ele>
        <time>2025-10-16T22:50:27.242Z</time>
      </trkpt>
      <trkpt lat="44.456043" lon="5.473051">
        <ele>779.588052</ele>
        <time>2025-10-16T22:50:55.903Z</time>
      </trkpt>
      <trkpt lat="44.455958" lon="5.473058">
        <ele>780.833251</ele>
        <time>2025-10-16T22:51:03.949Z</time>
      </trkpt>
      <trkpt lat="44.455660" lon="5.472875">
        <ele>786.638067</ele>
        <time>2025-10-16T22:51:35.385Z</time>
      </trkpt>
      <trkpt lat="44.455453" lon="5.472864">
        <ele>790.701247</ele>
        <time>2025-10-16T22:51:56.137Z</time>
      </trkpt>
      <trkpt lat="44.454725" lon="5.472943">
        <ele>805.023582</ele>
        <time>2025-10-16T22:53:16.159Z</time>
      </trkpt>
      <trkpt lat="44.454115" lon="5.472918">
        <ele>816.993718</ele>
        <time>2025-10-16T22:54:34.660Z</time>
      </trkpt>
      <trkpt lat="44.453995" lon="5.472952">
        <ele>820.136011</ele>
        <time>2025-10-16T22:54:51.268Z</time>
      </trkpt>
      <trkpt lat="44.453903" lon="5.473044">
        <ele>823.386030</ele>
        <time>2025-10-16T22:55:06.800Z</time>
      </trkpt>
      <trkpt lat="44.453686" lon="5.473095">
        <ele>829.712537</ele>
        <time>2025-10-16T22:55:38.016Z</time>
      </trkpt>
      <trkpt lat="44.453218" lon="5.472911">
        <ele>843.688638</ele>
        <time>2025-10-16T22:56:52.274Z</time>
      </trkpt>
      <trkpt lat="44.453076" lon="5.472934">
        <ele>847.798706</ele>
        <time>2025-10-16T22:57:15.712Z</time>
      </trkpt>
      <trkpt lat="44.452758" lon="5.472911">
        <ele>856.954212</ele>
        <time>2025-10-16T22:58:10.969Z</time>
      </trkpt>
      <trkpt lat="44.452516" lon="5.472952">
        <ele>863.963043</ele>
        <time>2025-10-16T22:58:55.361Z</time>
      </trkpt>
      <trkpt lat="44.451980" lon="5.472941">
        <ele>878.802057</ele>
        <time>2025-10-16T23:00:34.266Z</time>
      </trkpt>
      <trkpt lat="44.452028" lon="5.472476">
        <ele>887.883636</ele>
        <time>2025-10-16T23:01:31.788Z</time>
      </trkpt>
      <trkpt lat="44.451498" lon="5.472483">
        <ele>902.235569</ele>
        <time>2025-10-16T23:02:53.883Z</time>
      </trkpt>
      <trkpt lat="44.449799" lon="5.473775">
        <ele>944.626044</ele>
        <time>2025-10-16T23:06:42.104Z</time>
      </trkpt>
      <trkpt lat="44.449411" lon="5.473712">
        <ele>952.306331</ele>
        <time>2025-10-16T23:07:23.367Z</time>
      </trkpt>
      <trkpt lat="44.448886" lon="5.473282">
        <ele>964.469685</ele>
        <time>2025-10-16T23:08:25.068Z</time>
      </trkpt>
      <trkpt lat="44.448968" lon="5.474088">
        <ele>976.117467</ele>
        <time>2025-10-16T23:09:27.078Z</time>
      </trkpt>
      <trkpt lat="44.448970" lon="5.474800">
        <ele>986.303969</ele>
        <time>2025-10-16T23:10:28.346Z</time>
      </trkpt>
      <trkpt lat="44.448782" lon="5.475306">
        <ele>995.630325</ele>
        <time>2025-10-16T23:11:25.300Z</time>
      </trkpt>
      <trkpt lat="44.448227" lon="5.476170">
        <ele>1016.272916</ele>
        <time>2025-10-16T23:13:43.470Z</time>
      </trkpt>
      <trkpt lat="44.447746" lon="5.476662">
        <ele>1031.090296</ele>
        <time>2025-10-16T23:15:04.777Z</time>
      </trkpt>
      <trkpt lat="44.447901" lon="5.475736">
        <ele>1040.882607</ele>
        <time>2025-10-16T23:16:10.786Z</time>
      </trkpt>
      <trkpt lat="44.447973" lon="5.474984">
        <ele>1047.321910</ele>
        <time>2025-10-16T23:16:49.881Z</time>
      </trkpt>
      <trkpt lat="44.447930" lon="5.474765">
        <ele>1049.249562</ele>
        <time>2025-10-16T23:16:59.928Z</time>
      </trkpt>
      <trkpt lat="44.447880" lon="5.474738">
        <ele>1049.886616</ele>
        <time>2025-10-16T23:17:03.314Z</time>
      </trkpt>
      <trkpt lat="44.447846" lon="5.474781">
        <ele>1050.431189</ele>
        <time>2025-10-16T23:17:06.863Z</time>
      </trkpt>
      <trkpt lat="44.447848" lon="5.475007">
        <ele>1052.349382</ele>
        <time>2025-10-16T23:17:17.654Z</time>
      </trkpt>
      <trkpt lat="44.447723" lon="5.475560">
        <ele>1057.280414</ele>
        <time>2025-10-16T23:17:47.217Z</time>
      </trkpt>
      <trkpt lat="44.447545" lon="5.475958">
        <ele>1061.287824</ele>
        <time>2025-10-16T23:18:15.614Z</time>
      </trkpt>
      <trkpt lat="44.447366" lon="5.476190">
        <ele>1064.202645</ele>
        <time>2025-10-16T23:18:38.045Z</time>
      </trkpt>
      <trkpt lat="44.447158" lon="5.476374">
        <ele>1067.143000</ele>
        <time>2025-10-16T23:18:59.041Z</time>
      </trkpt>
      <trkpt lat="44.446813" lon="5.476372">
        <ele>1071.266617</ele>
        <time>2025-10-16T23:19:29.717Z</time>
      </trkpt>
      <trkpt lat="44.446739" lon="5.476433">
        <ele>1072.292885</ele>
        <time>2025-10-16T23:19:37.767Z</time>
      </trkpt>
      <trkpt lat="44.446687" lon="5.476508">
        <ele>1073.184987</ele>
        <time>2025-10-16T23:19:44.547Z</time>
      </trkpt>
      <trkpt lat="44.446602" lon="5.476770">
        <ele>1075.640616</ele>
        <time>2025-10-16T23:20:02.796Z</time>
      </trkpt>
      <trkpt lat="44.446471" lon="5.476984">
        <ele>1077.777203</ele>
        <time>2025-10-16T23:20:19.842Z</time>
      </trkpt>
      <trkpt lat="44.446337" lon="5.477280">
        <ele>1079.737390</ele>
        <time>2025-10-16T23:20:40.268Z</time>
      </trkpt>
      <trkpt lat="44.446230" lon="5.477579">
        <ele>1081.607911</ele>
        <time>2025-10-16T23:20:58.472Z</time>
      </trkpt>
      <trkpt lat="44.446166" lon="5.477613">
        <ele>1082.144123</ele>
        <time>2025-10-16T23:21:03.701Z</time>
      </trkpt>
      <trkpt lat="44.446172" lon="5.477767">
        <ele>1083.006671</ele>
        <time>2025-10-16T23:21:11.597Z</time>
      </trkpt>
      <trkpt lat="44.446289" lon="5.477953">
        <ele>1084.393089</ele>
        <time>2025-10-16T23:21:23.970Z</time>
      </trkpt>
      <trkpt lat="44.446638" lon="5.478372">
        <ele>1087.993901</ele>
        <time>2025-10-16T23:21:53.608Z</time>
      </trkpt>
      <trkpt lat="44.447027" lon="5.478724">
        <ele>1091.551859</ele>
        <time>2025-10-16T23:22:19.912Z</time>
      </trkpt>
      <trkpt lat="44.447381" lon="5.478972">
        <ele>1093.836141</ele>
        <time>2025-10-16T23:22:41.376Z</time>
      </trkpt>
      <trkpt lat="44.447595" lon="5.479059">
        <ele>1095.122149</ele>
        <time>2025-10-16T23:22:53.702Z</time>
      </trkpt>
      <trkpt lat="44.447882" lon="5.479099">
        <ele>1096.786672</ele>
        <time>2025-10-16T23:23:10.948Z</time>
      </trkpt>
      <trkpt lat="44.448734" lon="5.479138">
        <ele>1101.706389</ele>
        <time>2025-10-16T23:24:06.847Z</time>
      </trkpt>
      <trkpt lat="44.448697" lon="5.479281">
        <ele>1102.572753</ele>
        <time>2025-10-16T23:24:14.622Z</time>
      </trkpt>
      <trkpt lat="44.448621" lon="5.479398">
        <ele>1103.486361</ele>
        <time>2025-10-16T23:24:22.653Z</time>
      </trkpt>
      <trkpt lat="44.448461" lon="5.479482">
        <ele>1104.868744</ele>
        <time>2025-10-16T23:24:34.936Z</time>
      </trkpt>
      <trkpt lat="44.448197" lon="5.479526">
        <ele>1107.019660</ele>
        <time>2025-10-16T23:24:54.506Z</time>
      </trkpt>
      <trkpt lat="44.448099" lon="5.479605">
        <ele>1107.934428</ele>
        <time>2025-10-16T23:25:02.933Z</time>
      </trkpt>
      <trkpt lat="44.447939" lon="5.479832">
        <ele>1109.776842</ele>
        <time>2025-10-16T23:25:20.368Z</time>
      </trkpt>
      <trkpt lat="44.447849" lon="5.479864">
        <ele>1110.528063</ele>
        <time>2025-10-16T23:25:27.313Z</time>
      </trkpt>
      <trkpt lat="44.447412" lon="5.479907">
        <ele>1114.072257</ele>
        <time>2025-10-16T23:25:57.755Z</time>
      </trkpt>
      <trkpt lat="44.447132" lon="5.479813">
        <ele>1116.415711</ele>
        <time>2025-10-16T23:26:15.958Z</time>
      </trkpt>
      <trkpt lat="44.446852" lon="5.479652">
        <ele>1119.166536</ele>
        <time>2025-10-16T23:26:34.189Z</time>
      </trkpt>
      <trkpt lat="44.446337" lon="5.479587">
        <ele>1123.866051</ele>
        <time>2025-10-16T23:27:05.470Z</time>
      </trkpt>
      <trkpt lat="44.446137" lon="5.479512">
        <ele>1125.747753</ele>
        <time>2025-10-16T23:27:18.855Z</time>
      </trkpt>
      <trkpt lat="44.445770" lon="5.479306">
        <ele>1129.341054</ele>
        <time>2025-10-16T23:27:48.540Z</time>
      </trkpt>
      <trkpt lat="44.445255" lon="5.479096">
        <ele>1135.461582</ele>
        <time>2025-10-16T23:28:38.170Z</time>
      </trkpt>
      <trkpt lat="44.444923" lon="5.478872">
        <ele>1141.449832</ele>
        <time>2025-10-16T23:29:16.721Z</time>
      </trkpt>
      <trkpt lat="44.444642" lon="5.478625">
        <ele>1146.840734</ele>
        <time>2025-10-16T23:29:53.896Z</time>
      </trkpt>
      <trkpt lat="44.444553" lon="5.478473">
        <ele>1149.121353</ele>
        <time>2025-10-16T23:30:09.821Z</time>
      </trkpt>
      <trkpt lat="44.444528" lon="5.478244">
        <ele>1151.808941</ele>
        <time>2025-10-16T23:30:28.618Z</time>
      </trkpt>
      <trkpt lat="44.444575" lon="5.476810">
        <ele>1164.201051</ele>
        <time>2025-10-16T23:32:06.963Z</time>
      </trkpt>
      <trkpt lat="44.444697" lon="5.475256">
        <ele>1170.626334</ele>
        <time>2025-10-16T23:33:14.421Z</time>
      </trkpt>
      <trkpt lat="44.444865" lon="5.474277">
        <ele>1166.758858</ele>
        <time>2025-10-16T23:33:45.867Z</time>
      </trkpt>
      <trkpt lat="44.444990" lon="5.473384">
        <ele>1158.744206</ele>
        <time>2025-10-16T23:34:10.502Z</time>
      </trkpt>
      <trkpt lat="44.444912" lon="5.473321">
        <ele>1157.633450</ele>
        <time>2025-10-16T23:34:13.885Z</time>
      </trkpt>
      <trkpt lat="44.444801" lon="5.473163">
        <ele>1155.681137</ele>
        <time>2025-10-16T23:34:19.824Z</time>
      </trkpt>
      <trkpt lat="44.444741" lon="5.472953">
        <ele>1153.688989</ele>
        <time>2025-10-16T23:34:25.868Z</time>
      </trkpt>
      <trkpt lat="44.444602" lon="5.472770">
        <ele>1151.335666</ele>
        <time>2025-10-16T23:34:32.999Z</time>
      </trkpt>
      <trkpt lat="44.444362" lon="5.472876">
        <ele>1146.836953</ele>
        <time>2025-10-16T23:34:42.378Z</time>
      </trkpt>
      <trkpt lat="44.444131" lon="5.473292">
        <ele>1138.594439</ele>
        <time>2025-10-16T23:34:56.407Z</time>
      </trkpt>
      <trkpt lat="44.443709" lon="5.473604">
        <ele>1128.140979</ele>
        <time>2025-10-16T23:35:14.270Z</time>
      </trkpt>
      <trkpt lat="44.443478" lon="5.473958">
        <ele>1120.640168</ele>
        <time>2025-10-16T23:35:27.146Z</time>
      </trkpt>
      <trkpt lat="44.443193" lon="5.474115">
        <ele>1113.931230</ele>
        <time>2025-10-16T23:35:38.624Z</time>
      </trkpt>
      <trkpt lat="44.443109" lon="5.474182">
        <ele>1111.813614</ele>
        <time>2025-10-16T23:35:42.206Z</time>
      </trkpt>
      <trkpt lat="44.443028" lon="5.474297">
        <ele>1109.622795</ele>
        <time>2025-10-16T23:35:46.500Z</time>
      </trkpt>
      <trkpt lat="44.442950" lon="5.474214">
        <ele>1108.015007</ele>
        <time>2025-10-16T23:35:50.128Z</time>
      </trkpt>
      <trkpt lat="44.442711" lon="5.474576">
        <ele>1102.237216</ele>
        <time>2025-10-16T23:36:03.247Z</time>
      </trkpt>
      <trkpt lat="44.442614" lon="5.474748">
        <ele>1099.668718</ele>
        <time>2025-10-16T23:36:09.077Z</time>
      </trkpt>
      <trkpt lat="44.442515" lon="5.475021">
        <ele>1096.080598</ele>
        <time>2025-10-16T23:36:17.273Z</time>
      </trkpt>
      <trkpt lat="44.442355" lon="5.475219">
        <ele>1092.576311</ele>
        <time>2025-10-16T23:36:25.309Z</time>
      </trkpt>
      <trkpt lat="44.441634" lon="5.476507">
        <ele>1079.472806</ele>
        <time>2025-10-16T23:37:09.678Z</time>
      </trkpt>
      <trkpt lat="44.441431" lon="5.476697">
        <ele>1078.624507</ele>
        <time>2025-10-16T23:37:19.967Z</time>
      </trkpt>
      <trkpt lat="44.441346" lon="5.476705">
        <ele>1078.328512</ele>
        <time>2025-10-16T23:37:23.719Z</time>
      </trkpt>
      <trkpt lat="44.441283" lon="5.476619">
        <ele>1078.022856</ele>
        <time>2025-10-16T23:37:27.600Z</time>
      </trkpt>
      <trkpt lat="44.441300" lon="5.476500">
        <ele>1077.721808</ele>
        <time>2025-10-16T23:37:31.607Z</time>
      </trkpt>
      <trkpt lat="44.441083" lon="5.476418">
        <ele>1076.940893</ele>
        <time>2025-10-16T23:37:42.083Z</time>
      </trkpt>
      <trkpt lat="44.441149" lon="5.476504">
        <ele>1076.627688</ele>
        <time>2025-10-16T23:37:46.624Z</time>
      </trkpt>
      <trkpt lat="44.441118" lon="5.476584">
        <ele>1076.401891</ele>
        <time>2025-10-16T23:37:49.743Z</time>
      </trkpt>
      <trkpt lat="44.440942" lon="5.476708">
        <ele>1075.717379</ele>
        <time>2025-10-16T23:38:00.032Z</time>
      </trkpt>
      <trkpt lat="44.440723" lon="5.477128">
        <ele>1075.910996</ele>
        <time>2025-10-16T23:38:20.741Z</time>
      </trkpt>
      <trkpt lat="44.440597" lon="5.477281">
        <ele>1077.340939</ele>
        <time>2025-10-16T23:38:30.633Z</time>
      </trkpt>
      <trkpt lat="44.440328" lon="5.477500">
        <ele>1080.008938</ele>
        <time>2025-10-16T23:38:52.874Z</time>
      </trkpt>
      <trkpt lat="44.440095" lon="5.477764">
        <ele>1082.578786</ele>
        <time>2025-10-16T23:39:15.501Z</time>
      </trkpt>
      <trkpt lat="44.439764" lon="5.478209">
        <ele>1086.513030</ele>
        <time>2025-10-16T23:39:48.556Z</time>
      </trkpt>
      <trkpt lat="44.439661" lon="5.478162">
        <ele>1087.441931</ele>
        <time>2025-10-16T23:39:56.618Z</time>
      </trkpt>
      <trkpt lat="44.439569" lon="5.478027">
        <ele>1088.584502</ele>
        <time>2025-10-16T23:40:06.785Z</time>
      </trkpt>
      <trkpt lat="44.439287" lon="5.477306">
        <ele>1097.088037</ele>
        <time>2025-10-16T23:40:56.736Z</time>
      </trkpt>
      <trkpt lat="44.439185" lon="5.476975">
        <ele>1101.588939</ele>
        <time>2025-10-16T23:41:21.679Z</time>
      </trkpt>
      <trkpt lat="44.438891" lon="5.477508">
        <ele>1109.997788</ele>
        <time>2025-10-16T23:42:16.083Z</time>
      </trkpt>
      <trkpt lat="44.438568" lon="5.477350">
        <ele>1115.980259</ele>
        <time>2025-10-16T23:42:58.248Z</time>
      </trkpt>
      <trkpt lat="44.438391" lon="5.477315">
        <ele>1119.105934</ele>
        <time>2025-10-16T23:43:20.876Z</time>
      </trkpt>
      <trkpt lat="44.438233" lon="5.477038">
        <ele>1123.268086</ele>
        <time>2025-10-16T23:43:53.236Z</time>
      </trkpt>
      <trkpt lat="44.438156" lon="5.477029">
        <ele>1124.421230</ele>
        <time>2025-10-16T23:44:02.781Z</time>
      </trkpt>
      <trkpt lat="44.438094" lon="5.477130">
        <ele>1125.840546</ele>
        <time>2025-10-16T23:44:14.007Z</time>
      </trkpt>
      <trkpt lat="44.437968" lon="5.477210">
        <ele>1127.905179</ele>
        <time>2025-10-16T23:44:29.715Z</time>
      </trkpt>
      <trkpt lat="44.437412" lon="5.477820">
        <ele>1138.445781</ele>
        <time>2025-10-16T23:45:40.298Z</time>
      </trkpt>
      <trkpt lat="44.436856" lon="5.478761">
        <ele>1150.255199</ele>
        <time>2025-10-16T23:46:45.735Z</time>
      </trkpt>
      <trkpt lat="44.436081" lon="5.479489">
        <ele>1158.369269</ele>
        <time>2025-10-16T23:47:50.143Z</time>
      </trkpt>
      <trkpt lat="44.435655" lon="5.479812">
        <ele>1162.581371</ele>
        <time>2025-10-16T23:48:24.754Z</time>
      </trkpt>
      <trkpt lat="44.435518" lon="5.479829">
        <ele>1163.777260</ele>
        <time>2025-10-16T23:48:34.668Z</time>
      </trkpt>
      <trkpt lat="44.435220" lon="5.479781">
        <ele>1167.400758</ele>
        <time>2025-10-16T23:48:56.033Z</time>
      </trkpt>
      <trkpt lat="44.434702" lon="5.480002">
        <ele>1174.307674</ele>
        <time>2025-10-16T23:49:35.966Z</time>
      </trkpt>
      <trkpt lat="44.434480" lon="5.480071">
        <ele>1177.208197</ele>
        <time>2025-10-16T23:49:55.236Z</time>
      </trkpt>
      <trkpt lat="44.434243" lon="5.480091">
        <ele>1180.236631</ele>
        <time>2025-10-16T23:50:16.488Z</time>
      </trkpt>
      <trkpt lat="44.434102" lon="5.480194">
        <ele>1182.265059</ele>
        <time>2025-10-16T23:50:31.456Z</time>
      </trkpt>
      <trkpt lat="44.434004" lon="5.480467">
        <ele>1185.048022</ele>
        <time>2025-10-16T23:50:53.011Z</time>
      </trkpt>
      <trkpt lat="44.433879" lon="5.480699">
        <ele>1188.053686</ele>
        <time>2025-10-16T23:51:14.987Z</time>
      </trkpt>
      <trkpt lat="44.433879" lon="5.481129">
        <ele>1194.560445</ele>
        <time>2025-10-16T23:51:50.338Z</time>
      </trkpt>
      <trkpt lat="44.433662" lon="5.481292">
        <ele>1199.778729</ele>
        <time>2025-10-16T23:52:21.532Z</time>
      </trkpt>
      <trkpt lat="44.433499" lon="5.481550">
        <ele>1204.991542</ele>
        <time>2025-10-16T23:52:54.742Z</time>
      </trkpt>
      <trkpt lat="44.433337" lon="5.481971">
        <ele>1212.228288</ele>
        <time>2025-10-16T23:53:42.402Z</time>
      </trkpt>
      <trkpt lat="44.433192" lon="5.482080">
        <ele>1215.715760</ele>
        <time>2025-10-16T23:54:04.888Z</time>
      </trkpt>
      <trkpt lat="44.432827" lon="5.482727">
        <ele>1227.168493</ele>
        <time>2025-10-16T23:55:17.104Z</time>
      </trkpt>
      <trkpt lat="44.432863" lon="5.482837">
        <ele>1228.357967</ele>
        <time>2025-10-16T23:55:26.397Z</time>
      </trkpt>
      <trkpt lat="44.432752" lon="5.483029">
        <ele>1230.786384</ele>
        <time>2025-10-16T23:55:44.411Z</time>
      </trkpt>
      <trkpt lat="44.432785" lon="5.483368">
        <ele>1234.149628</ele>
        <time>2025-10-16T23:56:07.550Z</time>
      </trkpt>
      <trkpt lat="44.432634" lon="5.483612">
        <ele>1237.323608</ele>
        <time>2025-10-16T23:56:27.798Z</time>
      </trkpt>
      <trkpt lat="44.432573" lon="5.483934">
        <ele>1240.598422</ele>
        <time>2025-10-16T23:56:47.678Z</time>
      </trkpt>
      <trkpt lat="44.432707" lon="5.484848">
        <ele>1249.770615</ele>
        <time>2025-10-16T23:57:39.426Z</time>
      </trkpt>
      <trkpt lat="44.432654" lon="5.485071">
        <ele>1251.254906</ele>
        <time>2025-10-16T23:57:52.024Z</time>
      </trkpt>
      <trkpt lat="44.432374" lon="5.485067">
        <ele>1253.557392</ele>
        <time>2025-10-16T23:58:13.363Z</time>
      </trkpt>
      <trkpt lat="44.432099" lon="5.484789">
        <ele>1256.346254</ele>
        <time>2025-10-16T23:58:38.734Z</time>
      </trkpt>
      <trkpt lat="44.431633" lon="5.483935">
        <ele>1262.657145</ele>
        <time>2025-10-16T23:59:32.278Z</time>
      </trkpt>
      <trkpt lat="44.431244" lon="5.482997">
        <ele>1266.369793</ele>
        <time>2025-10-17T00:00:18.875Z</time>
      </trkpt>
      <trkpt lat="44.431217" lon="5.482773">
        <ele>1266.861381</ele>
        <time>2025-10-17T00:00:27.479Z</time>
      </trkpt>
      <trkpt lat="44.431006" lon="5.482426">
        <ele>1267.847639</ele>
        <time>2025-10-17T00:00:43.546Z</time>
      </trkpt>
      <trkpt lat="44.430679" lon="5.482495">
        <ele>1268.849765</ele>
        <time>2025-10-17T00:00:59.702Z</time>
      </trkpt>
      <trkpt lat="44.430445" lon="5.482357">
        <ele>1269.619195</ele>
        <time>2025-10-17T00:01:12.947Z</time>
      </trkpt>
      <trkpt lat="44.430390" lon="5.482128">
        <ele>1270.142030</ele>
        <time>2025-10-17T00:01:22.346Z</time>
      </trkpt>
      <trkpt lat="44.430411" lon="5.481902">
        <ele>1270.962492</ele>
        <time>2025-10-17T00:01:31.244Z</time>
      </trkpt>
      <trkpt lat="44.430316" lon="5.481715">
        <ele>1271.904115</ele>
        <time>2025-10-17T00:01:40.262Z</time>
      </trkpt>
      <trkpt lat="44.430316" lon="5.481604">
        <ele>1272.359555</ele>
        <time>2025-10-17T00:01:44.628Z</time>
      </trkpt>
      <trkpt lat="44.430149" lon="5.481351">
        <ele>1273.773174</ele>
        <time>2025-10-17T00:01:58.899Z</time>
      </trkpt>
      <trkpt lat="44.429939" lon="5.481140">
        <ele>1275.258242</ele>
        <time>2025-10-17T00:02:14.405Z</time>
      </trkpt>
      <trkpt lat="44.429793" lon="5.481226">
        <ele>1276.168317</ele>
        <time>2025-10-17T00:02:24.118Z</time>
      </trkpt>
      <trkpt lat="44.429566" lon="5.481210">
        <ele>1277.474255</ele>
        <time>2025-10-17T00:02:38.690Z</time>
      </trkpt>
      <trkpt lat="44.429530" lon="5.480984">
        <ele>1278.424348</ele>
        <time>2025-10-17T00:02:50.122Z</time>
      </trkpt>
      <trkpt lat="44.429439" lon="5.480772">
        <ele>1279.439259</ele>
        <time>2025-10-17T00:03:03.248Z</time>
      </trkpt>
      <trkpt lat="44.428993" lon="5.480408">
        <ele>1282.339185</ele>
        <time>2025-10-17T00:03:40.271Z</time>
      </trkpt>
      <trkpt lat="44.428922" lon="5.480199">
        <ele>1283.253947</ele>
        <time>2025-10-17T00:03:51.373Z</time>
      </trkpt>
      <trkpt lat="44.428455" lon="5.479715">
        <ele>1286.469559</ele>
        <time>2025-10-17T00:04:27.147Z</time>
      </trkpt>
      <trkpt lat="44.428098" lon="5.479460">
        <ele>1288.687651</ele>
        <time>2025-10-17T00:04:50.118Z</time>
      </trkpt>
      <trkpt lat="44.427921" lon="5.479210">
        <ele>1290.079082</ele>
        <time>2025-10-17T00:05:03.975Z</time>
      </trkpt>
      <trkpt lat="44.427595" lon="5.479166">
        <ele>1291.188917</ele>
        <time>2025-10-17T00:05:21.383Z</time>
      </trkpt>
      <trkpt lat="44.427438" lon="5.479062">
        <ele>1291.643077</ele>
        <time>2025-10-17T00:05:30.389Z</time>
      </trkpt>
      <trkpt lat="44.427166" lon="5.479016">
        <ele>1292.359502</ele>
        <time>2025-10-17T00:05:44.581Z</time>
      </trkpt>
      <trkpt lat="44.426882" lon="5.478848">
        <ele>1293.165686</ele>
        <time>2025-10-17T00:06:00.827Z</time>
      </trkpt>
      <trkpt lat="44.426500" lon="5.478246">
        <ele>1294.669549</ele>
        <time>2025-10-17T00:06:32.038Z</time>
      </trkpt>
      <trkpt lat="44.426198" lon="5.478303">
        <ele>1295.373734</ele>
        <time>2025-10-17T00:06:48.488Z</time>
      </trkpt>
      <trkpt lat="44.426054" lon="5.478015">
        <ele>1295.731523</ele>
        <time>2025-10-17T00:07:01.989Z</time>
      </trkpt>
      <trkpt lat="44.426068" lon="5.477894">
        <ele>1295.856269</ele>
        <time>2025-10-17T00:07:06.682Z</time>
      </trkpt>
      <trkpt lat="44.426001" lon="5.477818">
        <ele>1295.979142</ele>
        <time>2025-10-17T00:07:11.265Z</time>
      </trkpt>
      <trkpt lat="44.425772" lon="5.477828">
        <ele>1296.305632</ele>
        <time>2025-10-17T00:07:23.352Z</time>
      </trkpt>
      <trkpt lat="44.425569" lon="5.477671">
        <ele>1296.636105</ele>
        <time>2025-10-17T00:07:35.392Z</time>
      </trkpt>
      <trkpt lat="44.425160" lon="5.477004">
        <ele>1297.530798</ele>
        <time>2025-10-17T00:08:06.830Z</time>
      </trkpt>
      <trkpt lat="44.425007" lon="5.476921">
        <ele>1297.764617</ele>
        <time>2025-10-17T00:08:14.669Z</time>
      </trkpt>
      <trkpt lat="44.424527" lon="5.476286">
        <ele>1296.796585</ele>
        <time>2025-10-17T00:08:45.875Z</time>
      </trkpt>
      <trkpt lat="44.424141" lon="5.476041">
        <ele>1296.089998</ele>
        <time>2025-10-17T00:09:05.456Z</time>
      </trkpt>
      <trkpt lat="44.423869" lon="5.475668">
        <ele>1295.455247</ele>
        <time>2025-10-17T00:09:22.822Z</time>
      </trkpt>
      <trkpt lat="44.423789" lon="5.475633">
        <ele>1295.315508</ele>
        <time>2025-10-17T00:09:26.607Z</time>
      </trkpt>
      <trkpt lat="44.423691" lon="5.475441">
        <ele>1295.034506</ele>
        <time>2025-10-17T00:09:34.203Z</time>
      </trkpt>
      <trkpt lat="44.423471" lon="5.475316">
        <ele>1294.365977</ele>
        <time>2025-10-17T00:09:44.887Z</time>
      </trkpt>
      <trkpt lat="44.423267" lon="5.474820">
        <ele>1292.698197</ele>
        <time>2025-10-17T00:10:03.483Z</time>
      </trkpt>
      <trkpt lat="44.423041" lon="5.474485">
        <ele>1291.355426</ele>
        <time>2025-10-17T00:10:18.498Z</time>
      </trkpt>
      <trkpt lat="44.422944" lon="5.474175">
        <ele>1290.369245</ele>
        <time>2025-10-17T00:10:29.414Z</time>
      </trkpt>
      <trkpt lat="44.422630" lon="5.474017">
        <ele>1289.007939</ele>
        <time>2025-10-17T00:10:44.504Z</time>
      </trkpt>
      <trkpt lat="44.422579" lon="5.473922">
        <ele>1288.661640</ele>
        <time>2025-10-17T00:10:48.086Z</time>
      </trkpt>
      <trkpt lat="44.422241" lon="5.473769">
        <ele>1286.320457</ele>
        <time>2025-10-17T00:11:02.929Z</time>
      </trkpt>
      <trkpt lat="44.422177" lon="5.473687">
        <ele>1284.824581</ele>
        <time>2025-10-17T00:11:06.350Z</time>
      </trkpt>
      <trkpt lat="44.422190" lon="5.473566">
        <ele>1283.317680</ele>
        <time>2025-10-17T00:11:09.850Z</time>
      </trkpt>
      <trkpt lat="44.422120" lon="5.473353">
        <ele>1280.430167</ele>
        <time>2025-10-17T00:11:16.254Z</time>
      </trkpt>
      <trkpt lat="44.422000" lon="5.473230">
        <ele>1277.865782</ele>
        <time>2025-10-17T00:11:21.889Z</time>
      </trkpt>
      <trkpt lat="44.422049" lon="5.473177">
        <ele>1276.798114</ele>
        <time>2025-10-17T00:11:24.209Z</time>
      </trkpt>
      <trkpt lat="44.422068" lon="5.472937">
        <ele>1273.824367</ele>
        <time>2025-10-17T00:11:30.703Z</time>
      </trkpt>
      <trkpt lat="44.422198" lon="5.472619">
        <ele>1269.311973</ele>
        <time>2025-10-17T00:11:40.515Z</time>
      </trkpt>
      <trkpt lat="44.422388" lon="5.472427">
        <ele>1265.271614</ele>
        <time>2025-10-17T00:11:49.228Z</time>
      </trkpt>
      <trkpt lat="44.422473" lon="5.472369">
        <ele>1263.641155</ele>
        <time>2025-10-17T00:11:52.794Z</time>
      </trkpt>
      <trkpt lat="44.422549" lon="5.472377">
        <ele>1262.326969</ele>
        <time>2025-10-17T00:11:55.658Z</time>
      </trkpt>
      <trkpt lat="44.422625" lon="5.472337">
        <ele>1260.926956</ele>
        <time>2025-10-17T00:11:58.771Z</time>
      </trkpt>
      <trkpt lat="44.422794" lon="5.472371">
        <ele>1257.982919</ele>
        <time>2025-10-17T00:12:05.439Z</time>
      </trkpt>
      <trkpt lat="44.423104" lon="5.472265">
        <ele>1251.080677</ele>
        <time>2025-10-17T00:12:18.027Z</time>
      </trkpt>
      <trkpt lat="44.423233" lon="5.472115">
        <ele>1247.175930</ele>
        <time>2025-10-17T00:12:24.675Z</time>
      </trkpt>
      <trkpt lat="44.423705" lon="5.471912">
        <ele>1235.677882</ele>
        <time>2025-10-17T00:12:44.109Z</time>
      </trkpt>
      <trkpt lat="44.423954" lon="5.471592">
        <ele>1227.807499</ele>
        <time>2025-10-17T00:12:57.025Z</time>
      </trkpt>
      <trkpt lat="44.424047" lon="5.471125">
        <ele>1219.744653</ele>
        <time>2025-10-17T00:13:09.906Z</time>
      </trkpt>
      <trkpt lat="44.424210" lon="5.470702">
        <ele>1212.518791</ele>
        <time>2025-10-17T00:13:22.773Z</time>
      </trkpt>
      <trkpt lat="44.424292" lon="5.470132">
        <ele>1205.463438</ele>
        <time>2025-10-17T00:13:38.440Z</time>
      </trkpt>
      <trkpt lat="44.424656" lon="5.469227">
        <ele>1192.860391</ele>
        <time>2025-10-17T00:14:06.418Z</time>
      </trkpt>
      <trkpt lat="44.424777" lon="5.468782">
        <ele>1187.082643</ele>
        <time>2025-10-17T00:14:19.178Z</time>
      </trkpt>
      <trkpt lat="44.425203" lon="5.468115">
        <ele>1173.755479</ele>
        <time>2025-10-17T00:14:42.963Z</time>
      </trkpt>
      <trkpt lat="44.425330" lon="5.467822">
        <ele>1168.280957</ele>
        <time>2025-10-17T00:14:52.263Z</time>
      </trkpt>
      <trkpt lat="44.425706" lon="5.467344">
        <ele>1156.922667</ele>
        <time>2025-10-17T00:15:11.610Z</time>
      </trkpt>
      <trkpt lat="44.425811" lon="5.467140">
        <ele>1152.906191</ele>
        <time>2025-10-17T00:15:18.374Z</time>
      </trkpt>
      <trkpt lat="44.425941" lon="5.466689">
        <ele>1145.137947</ele>
        <time>2025-10-17T00:15:31.359Z</time>
      </trkpt>
      <trkpt lat="44.425996" lon="5.466412">
        <ele>1140.473169</ele>
        <time>2025-10-17T00:15:38.986Z</time>
      </trkpt>
      <trkpt lat="44.426061" lon="5.465815">
        <ele>1130.612494</ele>
        <time>2025-10-17T00:15:55.009Z</time>
      </trkpt>
      <trkpt lat="44.426063" lon="5.465244">
        <ele>1121.288887</ele>
        <time>2025-10-17T00:16:10.276Z</time>
      </trkpt>
      <trkpt lat="44.426103" lon="5.464897">
        <ele>1115.549612</ele>
        <time>2025-10-17T00:16:19.746Z</time>
      </trkpt>
      <trkpt lat="44.426123" lon="5.464322">
        <ele>1106.149682</ele>
        <time>2025-10-17T00:16:35.372Z</time>
      </trkpt>
      <trkpt lat="44.426243" lon="5.464065">
        <ele>1101.751072</ele>
        <time>2025-10-17T00:16:43.714Z</time>
      </trkpt>
      <trkpt lat="44.426760" lon="5.463506">
        <ele>1092.770022</ele>
        <time>2025-10-17T00:17:08.030Z</time>
      </trkpt>
      <trkpt lat="44.426812" lon="5.463272">
        <ele>1090.363668</ele>
        <time>2025-10-17T00:17:14.615Z</time>
      </trkpt>
      <trkpt lat="44.426826" lon="5.462746">
        <ele>1085.195207</ele>
        <time>2025-10-17T00:17:28.843Z</time>
      </trkpt>
      <trkpt lat="44.426782" lon="5.462420">
        <ele>1081.937495</ele>
        <time>2025-10-17T00:17:38.446Z</time>
      </trkpt>
      <trkpt lat="44.426553" lon="5.462463">
        <ele>1078.760670</ele>
        <time>2025-10-17T00:17:46.985Z</time>
      </trkpt>
      <trkpt lat="44.426457" lon="5.462484">
        <ele>1078.175540</ele>
        <time>2025-10-17T00:17:50.811Z</time>
      </trkpt>
      <trkpt lat="44.426487" lon="5.462400">
        <ele>1078.575269</ele>
        <time>2025-10-17T00:17:53.974Z</time>
      </trkpt>
      <trkpt lat="44.426660" lon="5.462235">
        <ele>1079.822746</ele>
        <time>2025-10-17T00:18:04.486Z</time>
      </trkpt>
      <trkpt lat="44.427419" lon="5.461512">
        <ele>1085.293604</ele>
        <time>2025-10-17T00:19:03.646Z</time>
      </trkpt>
      <trkpt lat="44.427963" lon="5.461094">
        <ele>1089.308090</ele>
        <time>2025-10-17T00:19:55.116Z</time>
      </trkpt>
      <trkpt lat="44.428292" lon="5.460933">
        <ele>1093.414450</ele>
        <time>2025-10-17T00:20:24.218Z</time>
      </trkpt>
      <trkpt lat="44.428568" lon="5.460546">
        <ele>1098.016511</ele>
        <time>2025-10-17T00:20:56.549Z</time>
      </trkpt>
      <trkpt lat="44.428813" lon="5.460278">
        <ele>1101.679604</ele>
        <time>2025-10-17T00:21:22.418Z</time>
      </trkpt>
      <trkpt lat="44.429503" lon="5.460085">
        <ele>1110.008810</ele>
        <time>2025-10-17T00:22:21.949Z</time>
      </trkpt>
      <trkpt lat="44.430001" lon="5.459688">
        <ele>1119.140290</ele>
        <time>2025-10-17T00:23:13.697Z</time>
      </trkpt>
      <trkpt lat="44.430253" lon="5.459291">
        <ele>1125.184631</ele>
        <time>2025-10-17T00:23:50.756Z</time>
      </trkpt>
      <trkpt lat="44.430499" lon="5.459077">
        <ele>1129.799466</ele>
        <time>2025-10-17T00:24:20.836Z</time>
      </trkpt>
      <trkpt lat="44.431096" lon="5.457242">
        <ele>1152.911634</ele>
        <time>2025-10-17T00:26:55.508Z</time>
      </trkpt>
      <trkpt lat="44.431334" lon="5.456802">
        <ele>1159.266144</ele>
        <time>2025-10-17T00:27:33.583Z</time>
      </trkpt>
      <trkpt lat="44.431663" lon="5.456298">
        <ele>1167.127224</ele>
        <time>2025-10-17T00:28:17.956Z</time>
      </trkpt>
      <trkpt lat="44.432268" lon="5.454710">
        <ele>1181.468615</ele>
        <time>2025-10-17T00:30:06.124Z</time>
      </trkpt>
      <trkpt lat="44.432498" lon="5.454549">
        <ele>1184.313207</ele>
        <time>2025-10-17T00:30:25.669Z</time>
      </trkpt>
      <trkpt lat="44.432766" lon="5.453691">
        <ele>1190.147783</ele>
        <time>2025-10-17T00:31:12.510Z</time>
      </trkpt>
      <trkpt lat="44.433019" lon="5.453240">
        <ele>1193.029035</ele>
        <time>2025-10-17T00:31:39.118Z</time>
      </trkpt>
      <trkpt lat="44.433272" lon="5.453047">
        <ele>1195.055923</ele>
        <time>2025-10-17T00:31:56.409Z</time>
      </trkpt>
      <trkpt lat="44.433632" lon="5.452038">
        <ele>1200.907222</ele>
        <time>2025-10-17T00:32:47.169Z</time>
      </trkpt>
      <trkpt lat="44.433730" lon="5.451644">
        <ele>1203.597933</ele>
        <time>2025-10-17T00:33:06.940Z</time>
      </trkpt>
      <trkpt lat="44.433774" lon="5.450743">
        <ele>1209.422190</ele>
        <time>2025-10-17T00:33:50.713Z</time>
      </trkpt>
      <trkpt lat="44.434000" lon="5.449972">
        <ele>1214.797125</ele>
        <time>2025-10-17T00:34:37.070Z</time>
      </trkpt>
      <trkpt lat="44.434038" lon="5.449764">
        <ele>1216.181750</ele>
        <time>2025-10-17T00:34:50.186Z</time>
      </trkpt>
      <trkpt lat="44.434092" lon="5.449249">
        <ele>1221.435979</ele>
        <time>2025-10-17T00:35:22.583Z</time>
      </trkpt>
      <trkpt lat="44.434111" lon="5.448519">
        <ele>1228.920148</ele>
        <time>2025-10-17T00:36:10.659Z</time>
      </trkpt>
      <trkpt lat="44.434278" lon="5.447969">
        <ele>1235.043456</ele>
        <time>2025-10-17T00:36:52.905Z</time>
      </trkpt>
      <trkpt lat="44.434618" lon="5.447417">
        <ele>1242.437306</ele>
        <time>2025-10-17T00:37:43.310Z</time>
      </trkpt>
      <trkpt lat="44.434718" lon="5.447094">
        <ele>1245.349491</ele>
        <time>2025-10-17T00:38:07.207Z</time>
      </trkpt>
      <trkpt lat="44.434713" lon="5.447001">
        <ele>1246.120962</ele>
        <time>2025-10-17T00:38:13.270Z</time>
      </trkpt>
      <trkpt lat="44.434860" lon="5.446688">
        <ele>1249.219925</ele>
        <time>2025-10-17T00:38:36.887Z</time>
      </trkpt>
      <trkpt lat="44.434994" lon="5.446272">
        <ele>1252.994993</ele>
        <time>2025-10-17T00:39:03.775Z</time>
      </trkpt>
      <trkpt lat="44.434956" lon="5.445860">
        <ele>1256.431346</ele>
        <time>2025-10-17T00:39:25.761Z</time>
      </trkpt>
      <trkpt lat="44.435051" lon="5.445533">
        <ele>1259.351586</ele>
        <time>2025-10-17T00:39:43.365Z</time>
      </trkpt>
      <trkpt lat="44.435099" lon="5.445456">
        <ele>1260.197100</ele>
        <time>2025-10-17T00:39:48.639Z</time>
      </trkpt>
      <trkpt lat="44.435128" lon="5.445287">
        <ele>1261.634856</ele>
        <time>2025-10-17T00:39:57.623Z</time>
      </trkpt>
      <trkpt lat="44.435109" lon="5.445061">
        <ele>1263.667171</ele>
        <time>2025-10-17T00:40:09.569Z</time>
      </trkpt>
      <trkpt lat="44.435027" lon="5.444807">
        <ele>1266.593081</ele>
        <time>2025-10-17T00:40:25.212Z</time>
      </trkpt>
      <trkpt lat="44.435022" lon="5.444733">
        <ele>1267.373283</ele>
        <time>2025-10-17T00:40:29.493Z</time>
      </trkpt>
      <trkpt lat="44.435258" lon="5.444289">
        <ele>1273.183133</ele>
        <time>2025-10-17T00:41:02.406Z</time>
      </trkpt>
      <trkpt lat="44.435342" lon="5.444065">
        <ele>1275.838835</ele>
        <time>2025-10-17T00:41:18.231Z</time>
      </trkpt>
      <trkpt lat="44.435477" lon="5.442823">
        <ele>1289.025438</ele>
        <time>2025-10-17T00:42:49.794Z</time>
      </trkpt>
      <trkpt lat="44.435502" lon="5.442352">
        <ele>1297.067540</ele>
        <time>2025-10-17T00:43:32.018Z</time>
      </trkpt>
      <trkpt lat="44.435481" lon="5.442159">
        <ele>1300.495852</ele>
        <time>2025-10-17T00:43:50.077Z</time>
      </trkpt>
      <trkpt lat="44.435353" lon="5.441632">
        <ele>1310.271023</ele>
        <time>2025-10-17T00:44:43.654Z</time>
      </trkpt>
      <trkpt lat="44.435347" lon="5.441393">
        <ele>1314.470601</ele>
        <time>2025-10-17T00:45:07.858Z</time>
      </trkpt>
      <trkpt lat="44.435414" lon="5.441076">
        <ele>1320.276057</ele>
        <time>2025-10-17T00:45:42.615Z</time>
      </trkpt>
      <trkpt lat="44.435407" lon="5.440591">
        <ele>1328.794682</ele>
        <time>2025-10-17T00:46:35.117Z</time>
      </trkpt>
      <trkpt lat="44.435435" lon="5.439968">
        <ele>1340.495573</ele>
        <time>2025-10-17T00:47:45.006Z</time>
      </trkpt>
      <trkpt lat="44.435367" lon="5.439469">
        <ele>1350.493219</ele>
        <time>2025-10-17T00:48:42.948Z</time>
      </trkpt>
      <trkpt lat="44.435319" lon="5.439290">
        <ele>1354.256199</ele>
        <time>2025-10-17T00:49:04.474Z</time>
      </trkpt>
      <trkpt lat="44.435089" lon="5.439966">
        <ele>1368.993140</ele>
        <time>2025-10-17T00:50:26.403Z</time>
      </trkpt>
      <trkpt lat="44.434989" lon="5.440260">
        <ele>1375.402065</ele>
        <time>2025-10-17T00:51:00.817Z</time>
      </trkpt>
      <trkpt lat="44.434621" lon="5.440974">
        <ele>1391.150395</ele>
        <time>2025-10-17T00:52:30.161Z</time>
      </trkpt>
      <trkpt lat="44.434027" lon="5.441707">
        <ele>1409.347388</ele>
        <time>2025-10-17T00:54:19.636Z</time>
      </trkpt>
      <trkpt lat="44.433772" lon="5.441968">
        <ele>1416.607033</ele>
        <time>2025-10-17T00:55:01.193Z</time>
      </trkpt>
      <trkpt lat="44.433674" lon="5.441139">
        <ele>1426.558982</ele>
        <time>2025-10-17T00:56:09.321Z</time>
      </trkpt>
      <trkpt lat="44.433634" lon="5.440423">
        <ele>1430.609334</ele>
        <time>2025-10-17T00:56:52.867Z</time>
      </trkpt>
      <trkpt lat="44.433672" lon="5.440264">
        <ele>1431.554936</ele>
        <time>2025-10-17T00:57:00.809Z</time>
      </trkpt>
      <trkpt lat="44.433675" lon="5.440126">
        <ele>1432.333572</ele>
        <time>2025-10-17T00:57:06.913Z</time>
      </trkpt>
      <trkpt lat="44.433702" lon="5.440072">
        <ele>1432.705352</ele>
        <time>2025-10-17T00:57:09.785Z</time>
      </trkpt>
      <trkpt lat="44.433578" lon="5.440040">
        <ele>1433.701197</ele>
        <time>2025-10-17T00:57:16.979Z</time>
      </trkpt>
      <trkpt lat="44.433383" lon="5.439930">
        <ele>1435.361563</ele>
        <time>2025-10-17T00:57:28.112Z</time>
      </trkpt>
      <trkpt lat="44.433382" lon="5.439847">
        <ele>1435.829725</ele>
        <time>2025-10-17T00:57:31.012Z</time>
      </trkpt>
      <trkpt lat="44.433496" lon="5.439379">
        <ele>1438.618454</ele>
        <time>2025-10-17T00:57:47.975Z</time>
      </trkpt>
      <trkpt lat="44.433578" lon="5.438830">
        <ele>1437.116146</ele>
        <time>2025-10-17T00:58:06.290Z</time>
      </trkpt>
      <trkpt lat="44.433571" lon="5.438092">
        <ele>1434.862589</ele>
        <time>2025-10-17T00:58:29.560Z</time>
      </trkpt>
      <trkpt lat="44.433491" lon="5.437112">
        <ele>1431.850833</ele>
        <time>2025-10-17T00:58:59.944Z</time>
      </trkpt>
      <trkpt lat="44.433570" lon="5.435428">
        <ele>1424.015661</ele>
        <time>2025-10-17T00:59:47.972Z</time>
      </trkpt>
      <trkpt lat="44.433582" lon="5.434791">
        <ele>1420.874672</ele>
        <time>2025-10-17T01:00:06.504Z</time>
      </trkpt>
      <trkpt lat="44.433640" lon="5.434355">
        <ele>1418.688569</ele>
        <time>2025-10-17T01:00:20.149Z</time>
      </trkpt>
      <trkpt lat="44.433607" lon="5.434173">
        <ele>1418.561598</ele>
        <time>2025-10-17T01:00:26.127Z</time>
      </trkpt>
      <trkpt lat="44.433509" lon="5.434019">
        <ele>1418.462561</ele>
        <time>2025-10-17T01:00:32.850Z</time>
      </trkpt>
      <trkpt lat="44.433099" lon="5.433736">
        <ele>1418.155226</ele>
        <time>2025-10-17T01:00:54.663Z</time>
      </trkpt>
      <trkpt lat="44.432815" lon="5.433411">
        <ele>1417.908629</ele>
        <time>2025-10-17T01:01:13.692Z</time>
      </trkpt>
      <trkpt lat="44.432464" lon="5.433089">
        <ele>1417.626501</ele>
        <time>2025-10-17T01:01:35.801Z</time>
      </trkpt>
      <trkpt lat="44.432247" lon="5.432768">
        <ele>1417.062966</ele>
        <time>2025-10-17T01:01:51.367Z</time>
      </trkpt>
      <trkpt lat="44.432156" lon="5.432634">
        <ele>1415.683227</ele>
        <time>2025-10-17T01:01:57.629Z</time>
      </trkpt>
      <trkpt lat="44.432043" lon="5.432367">
        <ele>1413.367479</ele>
        <time>2025-10-17T01:02:07.736Z</time>
      </trkpt>
      <trkpt lat="44.431892" lon="5.431781">
        <ele>1408.719242</ele>
        <time>2025-10-17T01:02:26.208Z</time>
      </trkpt>
      <trkpt lat="44.431768" lon="5.431532">
        <ele>1406.454230</ele>
        <time>2025-10-17T01:02:34.436Z</time>
      </trkpt>
      <trkpt lat="44.431728" lon="5.431208">
        <ele>1404.000922</ele>
        <time>2025-10-17T01:02:43.283Z</time>
      </trkpt>
      <trkpt lat="44.431609" lon="5.430813">
        <ele>1400.802171</ele>
        <time>2025-10-17T01:02:54.723Z</time>
      </trkpt>
      <trkpt lat="44.431495" lon="5.430358">
        <ele>1396.749473</ele>
        <time>2025-10-17T01:03:07.571Z</time>
      </trkpt>
      <trkpt lat="44.431271" lon="5.429970">
        <ele>1391.851132</ele>
        <time>2025-10-17T01:03:20.857Z</time>
      </trkpt>
      <trkpt lat="44.431172" lon="5.429699">
        <ele>1388.862656</ele>
        <time>2025-10-17T01:03:28.974Z</time>
      </trkpt>
      <trkpt lat="44.431150" lon="5.429559">
        <ele>1387.455320</ele>
        <time>2025-10-17T01:03:32.793Z</time>
      </trkpt>
      <trkpt lat="44.430972" lon="5.429185">
        <ele>1383.042787</ele>
        <time>2025-10-17T01:03:44.861Z</time>
      </trkpt>
      <trkpt lat="44.430770" lon="5.428892">
        <ele>1379.044413</ele>
        <time>2025-10-17T01:03:55.934Z</time>
      </trkpt>
      <trkpt lat="44.430442" lon="5.428560">
        <ele>1373.905084</ele>
        <time>2025-10-17T01:04:13.212Z</time>
      </trkpt>
      <trkpt lat="44.430095" lon="5.428152">
        <ele>1373.737492</ele>
        <time>2025-10-17T01:04:34.427Z</time>
      </trkpt>
      <trkpt lat="44.429946" lon="5.428036">
        <ele>1373.674435</ele>
        <time>2025-10-17T01:04:42.453Z</time>
      </trkpt>
      <trkpt lat="44.429712" lon="5.427648">
        <ele>1373.540292</ele>
        <time>2025-10-17T01:05:00.631Z</time>
      </trkpt>
      <trkpt lat="44.429639" lon="5.427454">
        <ele>1373.482370</ele>
        <time>2025-10-17T01:05:08.830Z</time>
      </trkpt>
      <trkpt lat="44.429305" lon="5.426927">
        <ele>1373.296255</ele>
        <time>2025-10-17T01:05:35.246Z</time>
      </trkpt>
      <trkpt lat="44.429253" lon="5.426719">
        <ele>1373.207188</ele>
        <time>2025-10-17T01:05:43.381Z</time>
      </trkpt>
      <trkpt lat="44.429146" lon="5.426474">
        <ele>1372.957902</ele>
        <time>2025-10-17T01:05:53.688Z</time>
      </trkpt>
      <trkpt lat="44.429057" lon="5.426342">
        <ele>1372.800319</ele>
        <time>2025-10-17T01:06:00.094Z</time>
      </trkpt>
      <trkpt lat="44.428810" lon="5.425822">
        <ele>1372.258208</ele>
        <time>2025-10-17T01:06:21.797Z</time>
      </trkpt>
      <trkpt lat="44.428710" lon="5.425678">
        <ele>1372.083853</ele>
        <time>2025-10-17T01:06:28.713Z</time>
      </trkpt>
      <trkpt lat="44.428324" lon="5.424733">
        <ele>1371.138848</ele>
        <time>2025-10-17T01:07:04.652Z</time>
      </trkpt>
      <trkpt lat="44.428236" lon="5.424571">
        <ele>1370.114203</ele>
        <time>2025-10-17T01:07:10.901Z</time>
      </trkpt>
      <trkpt lat="44.428034" lon="5.423974">
        <ele>1364.822774</ele>
        <time>2025-10-17T01:07:30.169Z</time>
      </trkpt>
      <trkpt lat="44.428025" lon="5.423882">
        <ele>1364.078990</ele>
        <time>2025-10-17T01:07:32.729Z</time>
      </trkpt>
      <trkpt lat="44.427805" lon="5.423259">
        <ele>1358.512119</ele>
        <time>2025-10-17T01:07:51.580Z</time>
      </trkpt>
      <trkpt lat="44.427650" lon="5.423013">
        <ele>1355.884392</ele>
        <time>2025-10-17T01:08:00.387Z</time>
      </trkpt>
      <trkpt lat="44.427593" lon="5.422977">
        <ele>1355.183051</ele>
        <time>2025-10-17T01:08:02.754Z</time>
      </trkpt>
      <trkpt lat="44.427254" lon="5.422468">
        <ele>1349.378677</ele>
        <time>2025-10-17T01:08:21.457Z</time>
      </trkpt>
      <trkpt lat="44.427105" lon="5.422092">
        <ele>1345.318393</ele>
        <time>2025-10-17T01:08:32.988Z</time>
      </trkpt>
      <trkpt lat="44.427077" lon="5.421966">
        <ele>1344.072388</ele>
        <time>2025-10-17T01:08:36.533Z</time>
      </trkpt>
      <trkpt lat="44.426957" lon="5.421744">
        <ele>1341.443421</ele>
        <time>2025-10-17T01:08:44.017Z</time>
      </trkpt>
      <trkpt lat="44.426963" lon="5.421648">
        <ele>1340.533490</ele>
        <time>2025-10-17T01:08:46.626Z</time>
      </trkpt>
      <trkpt lat="44.426878" lon="5.421592">
        <ele>1339.291446</ele>
        <time>2025-10-17T01:08:50.175Z</time>
      </trkpt>
      <trkpt lat="44.426815" lon="5.421474">
        <ele>1337.900294</ele>
        <time>2025-10-17T01:08:54.155Z</time>
      </trkpt>
      <trkpt lat="44.426695" lon="5.421396">
        <ele>1336.151053</ele>
        <time>2025-10-17T01:08:59.150Z</time>
      </trkpt>
      <trkpt lat="44.426669" lon="5.421239">
        <ele>1334.629258</ele>
        <time>2025-10-17T01:09:03.514Z</time>
      </trkpt>
      <trkpt lat="44.426501" lon="5.420955">
        <ele>1331.147111</ele>
        <time>2025-10-17T01:09:13.541Z</time>
      </trkpt>
      <trkpt lat="44.426426" lon="5.420782">
        <ele>1329.236138</ele>
        <time>2025-10-17T01:09:19.124Z</time>
      </trkpt>
      <trkpt lat="44.426294" lon="5.420649">
        <ele>1327.094913</ele>
        <time>2025-10-17T01:09:25.491Z</time>
      </trkpt>
      <trkpt lat="44.426052" lon="5.420246">
        <ele>1323.987442</ele>
        <time>2025-10-17T01:09:40.472Z</time>
      </trkpt>
      <trkpt lat="44.425956" lon="5.420032">
        <ele>1322.495962</ele>
        <time>2025-10-17T01:09:47.750Z</time>
      </trkpt>
      <trkpt lat="44.425830" lon="5.419875">
        <ele>1321.102124</ele>
        <time>2025-10-17T01:09:54.535Z</time>
      </trkpt>
      <trkpt lat="44.425760" lon="5.419717">
        <ele>1320.004780</ele>
        <time>2025-10-17T01:09:59.877Z</time>
      </trkpt>
      <trkpt lat="44.425256" lon="5.419149">
        <ele>1314.658269</ele>
        <time>2025-10-17T01:10:26.080Z</time>
      </trkpt>
      <trkpt lat="44.424921" lon="5.418434">
        <ele>1310.003113</ele>
        <time>2025-10-17T01:10:51.052Z</time>
      </trkpt>
      <trkpt lat="44.424857" lon="5.418384">
        <ele>1309.487524</ele>
        <time>2025-10-17T01:10:54.097Z</time>
      </trkpt>
      <trkpt lat="44.424555" lon="5.417647">
        <ele>1305.218404</ele>
        <time>2025-10-17T01:11:19.205Z</time>
      </trkpt>
      <trkpt lat="44.424503" lon="5.417574">
        <ele>1304.700377</ele>
        <time>2025-10-17T01:11:22.250Z</time>
      </trkpt>
      <trkpt lat="44.424404" lon="5.417314">
        <ele>1303.219988</ele>
        <time>2025-10-17T01:11:31.032Z</time>
      </trkpt>
      <trkpt lat="44.424366" lon="5.417275">
        <ele>1302.888532</ele>
        <time>2025-10-17T01:11:33.007Z</time>
      </trkpt>
      <trkpt lat="44.424333" lon="5.417157">
        <ele>1302.251828</ele>
        <time>2025-10-17T01:11:36.768Z</time>
      </trkpt>
      <trkpt lat="44.424290" lon="5.417139">
        <ele>1301.936089</ele>
        <time>2025-10-17T01:11:38.636Z</time>
      </trkpt>
      <trkpt lat="44.424227" lon="5.417001">
        <ele>1301.113179</ele>
        <time>2025-10-17T01:11:43.472Z</time>
      </trkpt>
      <trkpt lat="44.424168" lon="5.416845">
        <ele>1300.226263</ele>
        <time>2025-10-17T01:11:48.683Z</time>
      </trkpt>
      <trkpt lat="44.424165" lon="5.416748">
        <ele>1299.738447</ele>
        <time>2025-10-17T01:11:51.563Z</time>
      </trkpt>
      <trkpt lat="44.424103" lon="5.416661">
        <ele>1299.054457</ele>
        <time>2025-10-17T01:11:55.147Z</time>
      </trkpt>
      <trkpt lat="44.423968" lon="5.416202">
        <ele>1296.208528</ele>
        <time>2025-10-17T01:12:09.657Z</time>
      </trkpt>
      <trkpt lat="44.423920" lon="5.416037">
        <ele>1295.187091</ele>
        <time>2025-10-17T01:12:14.841Z</time>
      </trkpt>
      <trkpt lat="44.423769" lon="5.415735">
        <ele>1293.073529</ele>
        <time>2025-10-17T01:12:25.397Z</time>
      </trkpt>
      <trkpt lat="44.423722" lon="5.415707">
        <ele>1292.663501</ele>
        <time>2025-10-17T01:12:27.446Z</time>
      </trkpt>
      <trkpt lat="44.423646" lon="5.415528">
        <ele>1291.469607</ele>
        <time>2025-10-17T01:12:33.317Z</time>
      </trkpt>
      <trkpt lat="44.423597" lon="5.415488">
        <ele>1291.014286</ele>
        <time>2025-10-17T01:12:35.569Z</time>
      </trkpt>
      <trkpt lat="44.423580" lon="5.415420">
        <ele>1290.601234</ele>
        <time>2025-10-17T01:12:37.595Z</time>
      </trkpt>
      <trkpt lat="44.423424" lon="5.415181">
        <ele>1288.744946</ele>
        <time>2025-10-17T01:12:46.756Z</time>
      </trkpt>
      <trkpt lat="44.423363" lon="5.414968">
        <ele>1287.429251</ele>
        <time>2025-10-17T01:12:53.281Z</time>
      </trkpt>
      <trkpt lat="44.423267" lon="5.414751">
        <ele>1285.965796</ele>
        <time>2025-10-17T01:13:00.572Z</time>
      </trkpt>
      <trkpt lat="44.423201" lon="5.414636">
        <ele>1285.129577</ele>
        <time>2025-10-17T01:13:04.834Z</time>
      </trkpt>
      <trkpt lat="44.423029" lon="5.414204">
        <ele>1283.109317</ele>
        <time>2025-10-17T01:13:19.254Z</time>
      </trkpt>
      <trkpt lat="44.422966" lon="5.413902">
        <ele>1281.824197</ele>
        <time>2025-10-17T01:13:28.590Z</time>
      </trkpt>
      <trkpt lat="44.422997" lon="5.413809">
        <ele>1281.404983</ele>
        <time>2025-10-17T01:13:31.650Z</time>
      </trkpt>
      <trkpt lat="44.422910" lon="5.413551">
        <ele>1280.239571</ele>
        <time>2025-10-17T01:13:40.230Z</time>
      </trkpt>
      <trkpt lat="44.422836" lon="5.413467">
        <ele>1279.694731</ele>
        <time>2025-10-17T01:13:44.276Z</time>
      </trkpt>
      <trkpt lat="44.422802" lon="5.413375">
        <ele>1279.271608</ele>
        <time>2025-10-17T01:13:47.442Z</time>
      </trkpt>
      <trkpt lat="44.422787" lon="5.413275">
        <ele>1278.854227</ele>
        <time>2025-10-17T01:13:50.549Z</time>
      </trkpt>
      <trkpt lat="44.422814" lon="5.413069">
        <ele>1277.998727</ele>
        <time>2025-10-17T01:13:56.989Z</time>
      </trkpt>
      <trkpt lat="44.422755" lon="5.412896">
        <ele>1277.215641</ele>
        <time>2025-10-17T01:14:02.984Z</time>
      </trkpt>
      <trkpt lat="44.422725" lon="5.412707">
        <ele>1276.424795</ele>
        <time>2025-10-17T01:14:09.105Z</time>
      </trkpt>
      <trkpt lat="44.422654" lon="5.412510">
        <ele>1275.523454</ele>
        <time>2025-10-17T01:14:16.085Z</time>
      </trkpt>
      <trkpt lat="44.422675" lon="5.412418">
        <ele>1275.128934</ele>
        <time>2025-10-17T01:14:19.118Z</time>
      </trkpt>
      <trkpt lat="44.422608" lon="5.412288">
        <ele>1274.684540</ele>
        <time>2025-10-17T01:14:24.224Z</time>
      </trkpt>
      <trkpt lat="44.422615" lon="5.412189">
        <ele>1274.496177</ele>
        <time>2025-10-17T01:14:27.382Z</time>
      </trkpt>
      <trkpt lat="44.422513" lon="5.412021">
        <ele>1274.078680</ele>
        <time>2025-10-17T01:14:34.379Z</time>
      </trkpt>
      <trkpt lat="44.422418" lon="5.411698">
        <ele>1273.417282</ele>
        <time>2025-10-17T01:14:45.477Z</time>
      </trkpt>
      <trkpt lat="44.422298" lon="5.411427">
        <ele>1272.813549</ele>
        <time>2025-10-17T01:14:55.575Z</time>
      </trkpt>
      <trkpt lat="44.422225" lon="5.411329">
        <ele>1272.545437</ele>
        <time>2025-10-17T01:15:00.079Z</time>
      </trkpt>
      <trkpt lat="44.422012" lon="5.410857">
        <ele>1271.488295</ele>
        <time>2025-10-17T01:15:17.966Z</time>
      </trkpt>
      <trkpt lat="44.421995" lon="5.410772">
        <ele>1271.321163</ele>
        <time>2025-10-17T01:15:20.859Z</time>
      </trkpt>
      <trkpt lat="44.421909" lon="5.410631">
        <ele>1270.970085</ele>
        <time>2025-10-17T01:15:26.919Z</time>
      </trkpt>
      <trkpt lat="44.421901" lon="5.410535">
        <ele>1270.787084</ele>
        <time>2025-10-17T01:15:30.107Z</time>
      </trkpt>
      <trkpt lat="44.421749" lon="5.410308">
        <ele>1270.197918</ele>
        <time>2025-10-17T01:15:40.471Z</time>
      </trkpt>
      <trkpt lat="44.421603" lon="5.410032">
        <ele>1270.932431</ele>
        <time>2025-10-17T01:15:52.152Z</time>
      </trkpt>
      <trkpt lat="44.421529" lon="5.409841">
        <ele>1271.556164</ele>
        <time>2025-10-17T01:15:59.787Z</time>
      </trkpt>
      <trkpt lat="44.421506" lon="5.409678">
        <ele>1272.033095</ele>
        <time>2025-10-17T01:16:05.789Z</time>
      </trkpt>
      <trkpt lat="44.421390" lon="5.409500">
        <ele>1272.724774</ele>
        <time>2025-10-17T01:16:14.804Z</time>
      </trkpt>
      <trkpt lat="44.421359" lon="5.409080">
        <ele>1273.936796</ele>
        <time>2025-10-17T01:16:31.587Z</time>
      </trkpt>
      <trkpt lat="44.421253" lon="5.408670">
        <ele>1275.188429</ele>
        <time>2025-10-17T01:16:50.610Z</time>
      </trkpt>
      <trkpt lat="44.421146" lon="5.408397">
        <ele>1276.082316</ele>
        <time>2025-10-17T01:17:05.472Z</time>
      </trkpt>
      <trkpt lat="44.421056" lon="5.408063">
        <ele>1277.107026</ele>
        <time>2025-10-17T01:17:23.436Z</time>
      </trkpt>
      <trkpt lat="44.420978" lon="5.407542">
        <ele>1278.968241</ele>
        <time>2025-10-17T01:17:51.072Z</time>
      </trkpt>
      <trkpt lat="44.420826" lon="5.407285">
        <ele>1280.170024</ele>
        <time>2025-10-17T01:18:07.830Z</time>
      </trkpt>
      <trkpt lat="44.420808" lon="5.407190">
        <ele>1280.524014</ele>
        <time>2025-10-17T01:18:12.559Z</time>
      </trkpt>
      <trkpt lat="44.420680" lon="5.406971">
        <ele>1281.543214</ele>
        <time>2025-10-17T01:18:26.000Z</time>
      </trkpt>
      <trkpt lat="44.420640" lon="5.406775">
        <ele>1282.277387</ele>
        <time>2025-10-17T01:18:35.167Z</time>
      </trkpt>
      <trkpt lat="44.420532" lon="5.406525">
        <ele>1283.329691</ele>
        <time>2025-10-17T01:18:47.616Z</time>
      </trkpt>
      <trkpt lat="44.420451" lon="5.406403">
        <ele>1283.929620</ele>
        <time>2025-10-17T01:18:54.379Z</time>
      </trkpt>
      <trkpt lat="44.420383" lon="5.406354">
        <ele>1284.315276</ele>
        <time>2025-10-17T01:18:58.535Z</time>
      </trkpt>
      <trkpt lat="44.420275" lon="5.406144">
        <ele>1285.247299</ele>
        <time>2025-10-17T01:19:08.282Z</time>
      </trkpt>
      <trkpt lat="44.420230" lon="5.406001">
        <ele>1285.810111</ele>
        <time>2025-10-17T01:19:13.914Z</time>
      </trkpt>
      <trkpt lat="44.420203" lon="5.405684">
        <ele>1285.966540</ele>
        <time>2025-10-17T01:19:24.945Z</time>
      </trkpt>
      <trkpt lat="44.419991" lon="5.405213">
        <ele>1284.433148</ele>
        <time>2025-10-17T01:19:43.112Z</time>
      </trkpt>
      <trkpt lat="44.419787" lon="5.404670">
        <ele>1282.743277</ele>
        <time>2025-10-17T01:20:02.230Z</time>
      </trkpt>
      <trkpt lat="44.419702" lon="5.404359">
        <ele>1281.826111</ele>
        <time>2025-10-17T01:20:12.469Z</time>
      </trkpt>
      <trkpt lat="44.419550" lon="5.404136">
        <ele>1280.977086</ele>
        <time>2025-10-17T01:20:21.811Z</time>
      </trkpt>
      <trkpt lat="44.419445" lon="5.403909">
        <ele>1280.232191</ele>
        <time>2025-10-17T01:20:29.947Z</time>
      </trkpt>
      <trkpt lat="44.419291" lon="5.403733">
        <ele>1279.465587</ele>
        <time>2025-10-17T01:20:38.299Z</time>
      </trkpt>
      <trkpt lat="44.419238" lon="5.403500">
        <ele>1278.319633</ele>
        <time>2025-10-17T01:20:45.572Z</time>
      </trkpt>
      <trkpt lat="44.419028" lon="5.403310">
        <ele>1276.674311</ele>
        <time>2025-10-17T01:20:55.913Z</time>
      </trkpt>
      <trkpt lat="44.418894" lon="5.403262">
        <ele>1275.764128</ele>
        <time>2025-10-17T01:21:01.601Z</time>
      </trkpt>
      <trkpt lat="44.418864" lon="5.403223">
        <ele>1275.494737</ele>
        <time>2025-10-17T01:21:03.267Z</time>
      </trkpt>
      <trkpt lat="44.418784" lon="5.402912">
        <ele>1273.941117</ele>
        <time>2025-10-17T01:21:12.882Z</time>
      </trkpt>
      <trkpt lat="44.418721" lon="5.402862">
        <ele>1273.464574</ele>
        <time>2025-10-17T01:21:15.846Z</time>
      </trkpt>
      <trkpt lat="44.418694" lon="5.402699">
        <ele>1272.678134</ele>
        <time>2025-10-17T01:21:20.745Z</time>
      </trkpt>
      <trkpt lat="44.418533" lon="5.402399">
        <ele>1270.914449</ele>
        <time>2025-10-17T01:21:31.738Z</time>
      </trkpt>
      <trkpt lat="44.418446" lon="5.402295">
        <ele>1270.161662</ele>
        <time>2025-10-17T01:21:36.484Z</time>
      </trkpt>
      <trkpt lat="44.418286" lon="5.401874">
        <ele>1267.920253</ele>
        <time>2025-10-17T01:21:50.740Z</time>
      </trkpt>
      <trkpt lat="44.418192" lon="5.401716">
        <ele>1267.281146</ele>
        <time>2025-10-17T01:21:57.006Z</time>
      </trkpt>
      <trkpt lat="44.418148" lon="5.401506">
        <ele>1266.754234</ele>
        <time>2025-10-17T01:22:03.702Z</time>
      </trkpt>
      <trkpt lat="44.418096" lon="5.401392">
        <ele>1266.428565</ele>
        <time>2025-10-17T01:22:07.916Z</time>
      </trkpt>
      <trkpt lat="44.418036" lon="5.401324">
        <ele>1266.168353</ele>
        <time>2025-10-17T01:22:11.249Z</time>
      </trkpt>
      <trkpt lat="44.417983" lon="5.401167">
        <ele>1265.750258</ele>
        <time>2025-10-17T01:22:16.683Z</time>
      </trkpt>
      <trkpt lat="44.417934" lon="5.401092">
        <ele>1265.505535</ele>
        <time>2025-10-17T01:22:19.901Z</time>
      </trkpt>
      <trkpt lat="44.417803" lon="5.400714">
        <ele>1264.493967</ele>
        <time>2025-10-17T01:22:33.305Z</time>
      </trkpt>
      <trkpt lat="44.417788" lon="5.400597">
        <ele>1264.207768</ele>
        <time>2025-10-17T01:22:37.128Z</time>
      </trkpt>
      <trkpt lat="44.417655" lon="5.400511">
        <ele>1263.713936</ele>
        <time>2025-10-17T01:22:43.796Z</time>
      </trkpt>
      <trkpt lat="44.417560" lon="5.400335">
        <ele>1263.182792</ele>
        <time>2025-10-17T01:22:50.998Z</time>
      </trkpt>
      <trkpt lat="44.417499" lon="5.400221">
        <ele>1262.839838</ele>
        <time>2025-10-17T01:22:55.684Z</time>
      </trkpt>
      <trkpt lat="44.417492" lon="5.400109">
        <ele>1262.569148</ele>
        <time>2025-10-17T01:22:59.378Z</time>
      </trkpt>
      <trkpt lat="44.417447" lon="5.400061">
        <ele>1262.378450</ele>
        <time>2025-10-17T01:23:02.004Z</time>
      </trkpt>
      <trkpt lat="44.417338" lon="5.399608">
        <ele>1261.554573</ele>
        <time>2025-10-17T01:23:17.836Z</time>
      </trkpt>
      <trkpt lat="44.417223" lon="5.399344">
        <ele>1261.538087</ele>
        <time>2025-10-17T01:23:28.082Z</time>
      </trkpt>
      <trkpt lat="44.417222" lon="5.399298">
        <ele>1261.535634</ele>
        <time>2025-10-17T01:23:29.625Z</time>
      </trkpt>
      <trkpt lat="44.417038" lon="5.399060">
        <ele>1261.516936</ele>
        <time>2025-10-17T01:23:41.443Z</time>
      </trkpt>
      <trkpt lat="44.416956" lon="5.398830">
        <ele>1261.503231</ele>
        <time>2025-10-17T01:23:50.144Z</time>
      </trkpt>
      <trkpt lat="44.416979" lon="5.398619">
        <ele>1261.491852</ele>
        <time>2025-10-17T01:23:57.406Z</time>
      </trkpt>
      <trkpt lat="44.416871" lon="5.398356">
        <ele>1261.475679</ele>
        <time>2025-10-17T01:24:07.821Z</time>
      </trkpt>
      <trkpt lat="44.416835" lon="5.398182">
        <ele>1261.466021</ele>
        <time>2025-10-17T01:24:14.080Z</time>
      </trkpt>
      <trkpt lat="44.416839" lon="5.397951">
        <ele>1261.453702</ele>
        <time>2025-10-17T01:24:22.206Z</time>
      </trkpt>
      <trkpt lat="44.416909" lon="5.397906">
        <ele>1261.447953</ele>
        <time>2025-10-17T01:24:26.058Z</time>
      </trkpt>
      <trkpt lat="44.416902" lon="5.397585">
        <ele>1261.430831</ele>
        <time>2025-10-17T01:24:37.697Z</time>
      </trkpt>
      <trkpt lat="44.416969" lon="5.397585">
        <ele>1261.562211</ele>
        <time>2025-10-17T01:24:41.213Z</time>
      </trkpt>
      <trkpt lat="44.416986" lon="5.397536">
        <ele>1261.768128</ele>
        <time>2025-10-17T01:24:43.245Z</time>
      </trkpt>
      <trkpt lat="44.417058" lon="5.396575">
        <ele>1265.420684</ele>
        <time>2025-10-17T01:25:21.346Z</time>
      </trkpt>
      <trkpt lat="44.417069" lon="5.394950">
        <ele>1271.942478</ele>
        <time>2025-10-17T01:26:36.114Z</time>
      </trkpt>
      <trkpt lat="44.417170" lon="5.394706">
        <ele>1273.663233</ele>
        <time>2025-10-17T01:26:51.191Z</time>
      </trkpt>
      <trkpt lat="44.417111" lon="5.394377">
        <ele>1275.732993</ele>
        <time>2025-10-17T01:27:09.807Z</time>
      </trkpt>
      <trkpt lat="44.417112" lon="5.393614">
        <ele>1280.388591</ele>
        <time>2025-10-17T01:27:53.435Z</time>
      </trkpt>
      <trkpt lat="44.417239" lon="5.393045">
        <ele>1284.026013</ele>
        <time>2025-10-17T01:28:28.655Z</time>
      </trkpt>
      <trkpt lat="44.417342" lon="5.392713">
        <ele>1286.234608</ele>
        <time>2025-10-17T01:28:45.774Z</time>
      </trkpt>
      <trkpt lat="44.417303" lon="5.392715">
        <ele>1286.229156</ele>
        <time>2025-10-17T01:28:48.041Z</time>
      </trkpt>
      <trkpt lat="44.417349" lon="5.392526">
        <ele>1285.836826</ele>
        <time>2025-10-17T01:28:55.774Z</time>
      </trkpt>
      <trkpt lat="44.417313" lon="5.392561">
        <ele>1285.716256</ele>
        <time>2025-10-17T01:28:57.888Z</time>
      </trkpt>
      <trkpt lat="44.417315" lon="5.392492">
        <ele>1285.580568</ele>
        <time>2025-10-17T01:29:00.332Z</time>
      </trkpt>
      <trkpt lat="44.417454" lon="5.391800">
        <ele>1284.168129</ele>
        <time>2025-10-17T01:29:25.790Z</time>
      </trkpt>
      <trkpt lat="44.417912" lon="5.391378">
        <ele>1282.659839</ele>
        <time>2025-10-17T01:29:49.734Z</time>
      </trkpt>
      <trkpt lat="44.417573" lon="5.391338">
        <ele>1281.723970</ele>
        <time>2025-10-17T01:30:03.505Z</time>
      </trkpt>
      <trkpt lat="44.417375" lon="5.391233">
        <ele>1280.154024</ele>
        <time>2025-10-17T01:30:11.528Z</time>
      </trkpt>
      <trkpt lat="44.416641" lon="5.390430">
        <ele>1266.204917</ele>
        <time>2025-10-17T01:30:46.764Z</time>
      </trkpt>
      <trkpt lat="44.416649" lon="5.390379">
        <ele>1265.646425</ele>
        <time>2025-10-17T01:30:48.157Z</time>
      </trkpt>
      <trkpt lat="44.416742" lon="5.390367">
        <ele>1264.247882</ele>
        <time>2025-10-17T01:30:51.635Z</time>
      </trkpt>
      <trkpt lat="44.417504" lon="5.390534">
        <ele>1252.419059</ele>
        <time>2025-10-17T01:31:20.489Z</time>
      </trkpt>
      <trkpt lat="44.417660" lon="5.390494">
        <ele>1249.661224</ele>
        <time>2025-10-17T01:31:26.407Z</time>
      </trkpt>
      <trkpt lat="44.417683" lon="5.390452">
        <ele>1249.003892</ele>
        <time>2025-10-17T01:31:27.806Z</time>
      </trkpt>
      <trkpt lat="44.417556" lon="5.390384">
        <ele>1246.639472</ele>
        <time>2025-10-17T01:31:32.878Z</time>
      </trkpt>
      <trkpt lat="44.417217" lon="5.389996">
        <ele>1239.025388</ele>
        <time>2025-10-17T01:31:49.268Z</time>
      </trkpt>
      <trkpt lat="44.416937" lon="5.389823">
        <ele>1233.703354</ele>
        <time>2025-10-17T01:32:00.760Z</time>
      </trkpt>
      <trkpt lat="44.416600" lon="5.389500">
        <ele>1226.601498</ele>
        <time>2025-10-17T01:32:16.149Z</time>
      </trkpt>
      <trkpt lat="44.415490" lon="5.388820">
        <ele>1202.617622</ele>
        <time>2025-10-17T01:33:01.641Z</time>
      </trkpt>
      <trkpt lat="44.415382" lon="5.388741">
        <ele>1200.148170</ele>
        <time>2025-10-17T01:33:06.179Z</time>
      </trkpt>
      <trkpt lat="44.415366" lon="5.388717">
        <ele>1199.672947</ele>
        <time>2025-10-17T01:33:07.039Z</time>
      </trkpt>
      <trkpt lat="44.415383" lon="5.388665">
        <ele>1198.845122</ele>
        <time>2025-10-17T01:33:08.539Z</time>
      </trkpt>
      <trkpt lat="44.416319" lon="5.388516">
        <ele>1179.036859</ele>
        <time>2025-10-17T01:33:45.243Z</time>
      </trkpt>
      <trkpt lat="44.416785" lon="5.388352">
        <ele>1168.293940</ele>
        <time>2025-10-17T01:34:04.281Z</time>
      </trkpt>
      <trkpt lat="44.417186" lon="5.388302">
        <ele>1159.292932</ele>
        <time>2025-10-17T01:34:19.490Z</time>
      </trkpt>
      <trkpt lat="44.417943" lon="5.388151">
        <ele>1143.731229</ele>
        <time>2025-10-17T01:34:48.169Z</time>
      </trkpt>
      <trkpt lat="44.418372" lon="5.388009">
        <ele>1137.399228</ele>
        <time>2025-10-17T01:35:04.891Z</time>
      </trkpt>
      <trkpt lat="44.419020" lon="5.387937">
        <ele>1128.062130</ele>
        <time>2025-10-17T01:35:29.632Z</time>
      </trkpt>
      <trkpt lat="44.419186" lon="5.387874">
        <ele>1125.591668</ele>
        <time>2025-10-17T01:35:36.162Z</time>
      </trkpt>
      <trkpt lat="44.419815" lon="5.387836">
        <ele>1114.679451</ele>
        <time>2025-10-17T01:35:59.779Z</time>
      </trkpt>
      <trkpt lat="44.420277" lon="5.387726">
        <ele>1104.882609</ele>
        <time>2025-10-17T01:36:17.313Z</time>
      </trkpt>
      <trkpt lat="44.420358" lon="5.387724">
        <ele>1103.189027</ele>
        <time>2025-10-17T01:36:20.371Z</time>
      </trkpt>
      <trkpt lat="44.420409" lon="5.387652">
        <ele>1101.674962</ele>
        <time>2025-10-17T01:36:23.094Z</time>
      </trkpt>
      <trkpt lat="44.420580" lon="5.387158">
        <ele>1093.478454</ele>
        <time>2025-10-17T01:36:37.861Z</time>
      </trkpt>
      <trkpt lat="44.420632" lon="5.386997">
        <ele>1090.840208</ele>
        <time>2025-10-17T01:36:42.572Z</time>
      </trkpt>
      <trkpt lat="44.420815" lon="5.386597">
        <ele>1083.747638</ele>
        <time>2025-10-17T01:36:55.176Z</time>
      </trkpt>
      <trkpt lat="44.420874" lon="5.386504">
        <ele>1082.121876</ele>
        <time>2025-10-17T01:36:58.484Z</time>
      </trkpt>
      <trkpt lat="44.420960" lon="5.386267">
        <ele>1078.944209</ele>
        <time>2025-10-17T01:37:05.557Z</time>
      </trkpt>
      <trkpt lat="44.420940" lon="5.386034">
        <ele>1076.138989</ele>
        <time>2025-10-17T01:37:11.822Z</time>
      </trkpt>
      <trkpt lat="44.420958" lon="5.385408">
        <ele>1068.650004</ele>
        <time>2025-10-17T01:37:28.605Z</time>
      </trkpt>
      <trkpt lat="44.420916" lon="5.385091">
        <ele>1064.796080</ele>
        <time>2025-10-17T01:37:37.292Z</time>
      </trkpt>
      <trkpt lat="44.420846" lon="5.384813">
        <ele>1061.272518</ele>
        <time>2025-10-17T01:37:45.236Z</time>
      </trkpt>
      <trkpt lat="44.420476" lon="5.383939">
        <ele>1050.899547</ele>
        <time>2025-10-17T01:38:12.600Z</time>
      </trkpt>
      <trkpt lat="44.420379" lon="5.383656">
        <ele>1048.887498</ele>
        <time>2025-10-17T01:38:21.080Z</time>
      </trkpt>
      <trkpt lat="44.420335" lon="5.383374">
        <ele>1047.037298</ele>
        <time>2025-10-17T01:38:28.933Z</time>
      </trkpt>
      <trkpt lat="44.420369" lon="5.383078">
        <ele>1045.115610</ele>
        <time>2025-10-17T01:38:37.280Z</time>
      </trkpt>
      <trkpt lat="44.420334" lon="5.383010">
        <ele>1044.578353</ele>
        <time>2025-10-17T01:38:39.657Z</time>
      </trkpt>
      <trkpt lat="44.420259" lon="5.383023">
        <ele>1043.900125</ele>
        <time>2025-10-17T01:38:42.705Z</time>
      </trkpt>
      <trkpt lat="44.420238" lon="5.383053">
        <ele>1043.630873</ele>
        <time>2025-10-17T01:38:43.944Z</time>
      </trkpt>
      <trkpt lat="44.420023" lon="5.383540">
        <ele>1039.961074</ele>
        <time>2025-10-17T01:39:01.191Z</time>
      </trkpt>
      <trkpt lat="44.419976" lon="5.384454">
        <ele>1033.470614</ele>
        <time>2025-10-17T01:39:30.185Z</time>
      </trkpt>
      <trkpt lat="44.419920" lon="5.384622">
        <ele>1032.012717</ele>
        <time>2025-10-17T01:39:36.024Z</time>
      </trkpt>
      <trkpt lat="44.419834" lon="5.384729">
        <ele>1030.746014</ele>
        <time>2025-10-17T01:39:40.861Z</time>
      </trkpt>
      <trkpt lat="44.419717" lon="5.384772">
        <ele>1029.414196</ele>
        <time>2025-10-17T01:39:45.873Z</time>
      </trkpt>
      <trkpt lat="44.419662" lon="5.384764">
        <ele>1028.805384</ele>
        <time>2025-10-17T01:39:48.174Z</time>
      </trkpt>
      <trkpt lat="44.419228" lon="5.384478">
        <ele>1023.524195</ele>
        <time>2025-10-17T01:40:06.879Z</time>
      </trkpt>
      <trkpt lat="44.419085" lon="5.384450">
        <ele>1021.934435</ele>
        <time>2025-10-17T01:40:12.339Z</time>
      </trkpt>
      <trkpt lat="44.418935" lon="5.384461">
        <ele>1020.280662</ele>
        <time>2025-10-17T01:40:18.000Z</time>
      </trkpt>
      <trkpt lat="44.418829" lon="5.384422">
        <ele>1019.073971</ele>
        <time>2025-10-17T01:40:22.096Z</time>
      </trkpt>
      <trkpt lat="44.419013" lon="5.384165">
        <ele>1015.077611</ele>
        <time>2025-10-17T01:40:31.781Z</time>
      </trkpt>
      <trkpt lat="44.419092" lon="5.384009">
        <ele>1011.415329</ele>
        <time>2025-10-17T01:40:36.865Z</time>
      </trkpt>
      <trkpt lat="44.419209" lon="5.383710">
        <ele>1004.886167</ele>
        <time>2025-10-17T01:40:46.113Z</time>
      </trkpt>
      <trkpt lat="44.419226" lon="5.383579">
        <ele>1002.336329</ele>
        <time>2025-10-17T01:40:49.814Z</time>
      </trkpt>
      <trkpt lat="44.419221" lon="5.383505">
        <ele>1000.912837</ele>
        <time>2025-10-17T01:40:51.882Z</time>
      </trkpt>
      <trkpt lat="44.419143" lon="5.383443">
        <ele>998.507878</ele>
        <time>2025-10-17T01:40:55.432Z</time>
      </trkpt>
      <trkpt lat="44.419077" lon="5.383293">
        <ele>995.133900</ele>
        <time>2025-10-17T01:41:00.406Z</time>
      </trkpt>
      <trkpt lat="44.419002" lon="5.382994">
        <ele>989.064915</ele>
        <time>2025-10-17T01:41:09.520Z</time>
      </trkpt>
      <trkpt lat="44.418838" lon="5.382907">
        <ele>984.362517</ele>
        <time>2025-10-17T01:41:16.644Z</time>
      </trkpt>
      <trkpt lat="44.418321" lon="5.382835">
        <ele>970.431779</ele>
        <time>2025-10-17T01:41:38.436Z</time>
      </trkpt>
      <trkpt lat="44.417923" lon="5.382633">
        <ele>958.117061</ele>
        <time>2025-10-17T01:41:56.320Z</time>
      </trkpt>
      <trkpt lat="44.417703" lon="5.382292">
        <ele>948.442128</ele>
        <time>2025-10-17T01:42:09.887Z</time>
      </trkpt>
      <trkpt lat="44.417823" lon="5.382199">
        <ele>944.398997</ele>
        <time>2025-10-17T01:42:15.488Z</time>
      </trkpt>
      <trkpt lat="44.417563" lon="5.381465">
        <ele>927.148705</ele>
        <time>2025-10-17T01:42:38.999Z</time>
      </trkpt>
      <trkpt lat="44.417366" lon="5.381298">
        <ele>920.360023</ele>
        <time>2025-10-17T01:42:48.230Z</time>
      </trkpt>
      <trkpt lat="44.416990" lon="5.381047">
        <ele>907.524961</ele>
        <time>2025-10-17T01:43:05.088Z</time>
      </trkpt>
      <trkpt lat="44.417134" lon="5.380757">
        <ele>899.549832</ele>
        <time>2025-10-17T01:43:15.297Z</time>
      </trkpt>
      <trkpt lat="44.417240" lon="5.380703">
        <ele>895.983898</ele>
        <time>2025-10-17T01:43:19.834Z</time>
      </trkpt>
      <trkpt lat="44.417338" lon="5.380717">
        <ele>892.869727</ele>
        <time>2025-10-17T01:43:23.836Z</time>
      </trkpt>
      <trkpt lat="44.417415" lon="5.380589">
        <ele>889.090990</ele>
        <time>2025-10-17T01:43:28.694Z</time>
      </trkpt>
      <trkpt lat="44.417542" lon="5.380594">
        <ele>885.074538</ele>
        <time>2025-10-17T01:43:33.902Z</time>
      </trkpt>
      <trkpt lat="44.417612" lon="5.380555">
        <ele>882.692839</ele>
        <time>2025-10-17T01:43:37.054Z</time>
      </trkpt>
      <trkpt lat="44.417644" lon="5.380388">
        <ele>878.788658</ele>
        <time>2025-10-17T01:43:42.235Z</time>
      </trkpt>
      <trkpt lat="44.417710" lon="5.380383">
        <ele>876.699140</ele>
        <time>2025-10-17T01:43:45.058Z</time>
      </trkpt>
      <trkpt lat="44.417753" lon="5.380220">
        <ele>872.775612</ele>
        <time>2025-10-17T01:43:50.345Z</time>
      </trkpt>
      <trkpt lat="44.417577" lon="5.379586">
        <ele>857.203657</ele>
        <time>2025-10-17T01:44:12.159Z</time>
      </trkpt>
      <trkpt lat="44.417484" lon="5.378847">
        <ele>837.817878</ele>
        <time>2025-10-17T01:44:37.004Z</time>
      </trkpt>
      <trkpt lat="44.417524" lon="5.378699">
        <ele>833.729794</ele>
        <time>2025-10-17T01:44:42.256Z</time>
      </trkpt>
      <trkpt lat="44.417606" lon="5.378638">
        <ele>830.371204</ele>
        <time>2025-10-17T01:44:46.552Z</time>
      </trkpt>
      <trkpt lat="44.417660" lon="5.378539">
        <ele>827.153094</ele>
        <time>2025-10-17T01:44:50.633Z</time>
      </trkpt>
      <trkpt lat="44.417918" lon="5.378224">
        <ele>814.771390</ele>
        <time>2025-10-17T01:45:06.347Z</time>
      </trkpt>
      <trkpt lat="44.418007" lon="5.377944">
        <ele>806.853830</ele>
        <time>2025-10-17T01:45:16.250Z</time>
      </trkpt>
      <trkpt lat="44.418146" lon="5.377608">
        <ele>796.822650</ele>
        <time>2025-10-17T01:45:28.610Z</time>
      </trkpt>
      <trkpt lat="44.418366" lon="5.377486">
        <ele>789.949946</ele>
        <time>2025-10-17T01:45:38.882Z</time>
      </trkpt>
      <trkpt lat="44.418398" lon="5.377390">
        <ele>788.040826</ele>
        <time>2025-10-17T01:45:42.091Z</time>
      </trkpt>
      <trkpt lat="44.418637" lon="5.377050">
        <ele>779.444161</ele>
        <time>2025-10-17T01:45:55.899Z</time>
      </trkpt>
      <trkpt lat="44.418890" lon="5.376124">
        <ele>761.577782</ele>
        <time>2025-10-17T01:46:22.293Z</time>
      </trkpt>
      <trkpt lat="44.418909" lon="5.375899">
        <ele>757.494898</ele>
        <time>2025-10-17T01:46:28.307Z</time>
      </trkpt>
      <trkpt lat="44.418864" lon="5.375511">
        <ele>750.411308</ele>
        <time>2025-10-17T01:46:38.773Z</time>
      </trkpt>
      <trkpt lat="44.418684" lon="5.375104">
        <ele>742.212563</ele>
        <time>2025-10-17T01:46:51.520Z</time>
      </trkpt>
      <trkpt lat="44.418708" lon="5.374995">
        <ele>740.288880</ele>
        <time>2025-10-17T01:46:54.566Z</time>
      </trkpt>
      <trkpt lat="44.418638" lon="5.374104">
        <ele>725.171281</ele>
        <time>2025-10-17T01:47:18.399Z</time>
      </trkpt>
      <trkpt lat="44.418716" lon="5.373860">
        <ele>720.662790</ele>
        <time>2025-10-17T01:47:25.729Z</time>
      </trkpt>
      <trkpt lat="44.418771" lon="5.373418">
        <ele>713.096061</ele>
        <time>2025-10-17T01:47:38.251Z</time>
      </trkpt>
      <trkpt lat="44.418679" lon="5.373009">
        <ele>705.846263</ele>
        <time>2025-10-17T01:47:50.329Z</time>
      </trkpt>
      <trkpt lat="44.418659" lon="5.372769">
        <ele>701.178063</ele>
        <time>2025-10-17T01:47:57.101Z</time>
      </trkpt>
      <trkpt lat="44.418694" lon="5.372115">
        <ele>688.507509</ele>
        <time>2025-10-17T01:48:15.346Z</time>
      </trkpt>
      <trkpt lat="44.418609" lon="5.371892">
        <ele>683.624087</ele>
        <time>2025-10-17T01:48:22.343Z</time>
      </trkpt>
      <trkpt lat="44.418632" lon="5.371624">
        <ele>678.409139</ele>
        <time>2025-10-17T01:48:29.840Z</time>
      </trkpt>
      <trkpt lat="44.418582" lon="5.371544">
        <ele>676.355365</ele>
        <time>2025-10-17T01:48:32.794Z</time>
      </trkpt>
      <trkpt lat="44.418448" lon="5.371426">
        <ele>672.073434</ele>
        <time>2025-10-17T01:48:38.986Z</time>
      </trkpt>
      <trkpt lat="44.418393" lon="5.371304">
        <ele>669.286171</ele>
        <time>2025-10-17T01:48:43.018Z</time>
      </trkpt>
      <trkpt lat="44.418311" lon="5.371210">
        <ele>666.419500</ele>
        <time>2025-10-17T01:48:47.214Z</time>
      </trkpt>
      <trkpt lat="44.418229" lon="5.370824">
        <ele>658.639153</ele>
        <time>2025-10-17T01:48:58.804Z</time>
      </trkpt>
      <trkpt lat="44.418152" lon="5.370688">
        <ele>654.910887</ele>
        <time>2025-10-17T01:49:03.868Z</time>
      </trkpt>
      <trkpt lat="44.418060" lon="5.370319">
        <ele>645.976659</ele>
        <time>2025-10-17T01:49:15.469Z</time>
      </trkpt>
      <trkpt lat="44.418030" lon="5.370097">
        <ele>640.811852</ele>
        <time>2025-10-17T01:49:22.338Z</time>
      </trkpt>
      <trkpt lat="44.417943" lon="5.369836">
        <ele>634.227811</ele>
        <time>2025-10-17T01:49:31.243Z</time>
      </trkpt>
      <trkpt lat="44.417946" lon="5.369676">
        <ele>630.569048</ele>
        <time>2025-10-17T01:49:36.245Z</time>
      </trkpt>
      <trkpt lat="44.417901" lon="5.369411">
        <ele>624.342456</ele>
        <time>2025-10-17T01:49:44.762Z</time>
      </trkpt>
      <trkpt lat="44.417851" lon="5.369314">
        <ele>621.607966</ele>
        <time>2025-10-17T01:49:48.532Z</time>
      </trkpt>
      <trkpt lat="44.417864" lon="5.369174">
        <ele>618.380714</ele>
        <time>2025-10-17T01:49:52.944Z</time>
      </trkpt>
      <trkpt lat="44.417846" lon="5.369074">
        <ele>616.023298</ele>
        <time>2025-10-17T01:49:56.209Z</time>
      </trkpt>
      <trkpt lat="44.417628" lon="5.368541">
        <ele>601.982967</ele>
        <time>2025-10-17T01:50:15.330Z</time>
      </trkpt>
      <trkpt lat="44.417595" lon="5.368364">
        <ele>598.383592</ele>
        <time>2025-10-17T01:50:20.844Z</time>
      </trkpt>
      <trkpt lat="44.417500" lon="5.367852">
        <ele>589.867035</ele>
        <time>2025-10-17T01:50:36.217Z</time>
      </trkpt>
      <trkpt lat="44.417479" lon="5.367513">
        <ele>584.388797</ele>
        <time>2025-10-17T01:50:45.603Z</time>
      </trkpt>
      <trkpt lat="44.417392" lon="5.367278">
        <ele>580.127385</ele>
        <time>2025-10-17T01:50:52.613Z</time>
      </trkpt>
      <trkpt lat="44.417029" lon="5.366962">
        <ele>570.492590</ele>
        <time>2025-10-17T01:51:08.592Z</time>
      </trkpt>
      <trkpt lat="44.417015" lon="5.366883">
        <ele>569.182152</ele>
        <time>2025-10-17T01:51:10.761Z</time>
      </trkpt>
      <trkpt lat="44.417131" lon="5.366804">
        <ele>566.274552</ele>
        <time>2025-10-17T01:51:15.586Z</time>
      </trkpt>
      <trkpt lat="44.417685" lon="5.366750">
        <ele>556.128969</ele>
        <time>2025-10-17T01:51:36.454Z</time>
      </trkpt>
      <trkpt lat="44.417734" lon="5.366648">
        <ele>555.007852</ele>
        <time>2025-10-17T01:51:39.770Z</time>
      </trkpt>
      <trkpt lat="44.417754" lon="5.366483">
        <ele>553.481470</ele>
        <time>2025-10-17T01:51:43.612Z</time>
      </trkpt>
      <trkpt lat="44.417831" lon="5.366308">
        <ele>551.606862</ele>
        <time>2025-10-17T01:51:48.318Z</time>
      </trkpt>
      <trkpt lat="44.418084" lon="5.366051">
        <ele>547.615537</ele>
        <time>2025-10-17T01:51:58.402Z</time>
      </trkpt>
      <trkpt lat="44.418242" lon="5.365382">
        <ele>541.189130</ele>
        <time>2025-10-17T01:52:17.534Z</time>
      </trkpt>
      <trkpt lat="44.417415" lon="5.364727">
        <ele>529.537021</ele>
        <time>2025-10-17T01:52:48.647Z</time>
      </trkpt>
      <trkpt lat="44.416832" lon="5.364115">
        <ele>520.853038</ele>
        <time>2025-10-17T01:53:12.358Z</time>
      </trkpt>
      <trkpt lat="44.416769" lon="5.363988">
        <ele>519.536838</ele>
        <time>2025-10-17T01:53:15.901Z</time>
      </trkpt>
      <trkpt lat="44.416757" lon="5.363875">
        <ele>518.564380</ele>
        <time>2025-10-17T01:53:18.522Z</time>
      </trkpt>
      <trkpt lat="44.416790" lon="5.363795">
        <ele>517.777995</ele>
        <time>2025-10-17T01:53:20.649Z</time>
      </trkpt>
      <trkpt lat="44.416949" lon="5.363616">
        <ele>515.346496</ele>
        <time>2025-10-17T01:53:27.200Z</time>
      </trkpt>
      <trkpt lat="44.416988" lon="5.363533">
        <ele>514.452076</ele>
        <time>2025-10-17T01:53:29.463Z</time>
      </trkpt>
      <trkpt lat="44.416977" lon="5.363407">
        <ele>513.209798</ele>
        <time>2025-10-17T01:53:32.382Z</time>
      </trkpt>
      <trkpt lat="44.416926" lon="5.363329">
        <ele>512.174912</ele>
        <time>2025-10-17T01:53:34.804Z</time>
      </trkpt>
      <trkpt lat="44.416726" lon="5.363267">
        <ele>509.368238</ele>
        <time>2025-10-17T01:53:41.356Z</time>
      </trkpt>
      <trkpt lat="44.416300" lon="5.363321">
        <ele>503.507518</ele>
        <time>2025-10-17T01:53:55.028Z</time>
      </trkpt>
      <trkpt lat="44.416118" lon="5.363275">
        <ele>500.973533</ele>
        <time>2025-10-17T01:54:00.988Z</time>
      </trkpt>
      <trkpt lat="44.416022" lon="5.363212">
        <ele>499.520853</ele>
        <time>2025-10-17T01:54:04.397Z</time>
      </trkpt>
      <trkpt lat="44.415921" lon="5.362923">
        <ele>496.372104</ele>
        <time>2025-10-17T01:54:11.774Z</time>
      </trkpt>
      <trkpt lat="44.415797" lon="5.362475">
        <ele>491.669989</ele>
        <time>2025-10-17T01:54:22.859Z</time>
      </trkpt>
      <trkpt lat="44.415743" lon="5.361879">
        <ele>486.896564</ele>
        <time>2025-10-17T01:54:36.702Z</time>
      </trkpt>
      <trkpt lat="44.415607" lon="5.361288">
        <ele>482.350416</ele>
        <time>2025-10-17T01:54:51.295Z</time>
      </trkpt>
      <trkpt lat="44.415576" lon="5.361197">
        <ele>481.612244</ele>
        <time>2025-10-17T01:54:53.687Z</time>
      </trkpt>
      <trkpt lat="44.415425" lon="5.360988">
        <ele>479.435691</ele>
        <time>2025-10-17T01:55:00.778Z</time>
      </trkpt>
      <trkpt lat="44.415355" lon="5.360796">
        <ele>477.857384</ele>
        <time>2025-10-17T01:55:05.893Z</time>
      </trkpt>
      <trkpt lat="44.415336" lon="5.360412">
        <ele>475.039095</ele>
        <time>2025-10-17T01:55:15.034Z</time>
      </trkpt>
      <trkpt lat="44.415298" lon="5.360250">
        <ele>473.790650</ele>
        <time>2025-10-17T01:55:19.075Z</time>
      </trkpt>
      <trkpt lat="44.415073" lon="5.359756">
        <ele>470.154768</ele>
        <time>2025-10-17T01:55:32.984Z</time>
      </trkpt>
      <trkpt lat="44.414997" lon="5.359453">
        <ele>468.488440</ele>
        <time>2025-10-17T01:55:40.661Z</time>
      </trkpt>
      <trkpt lat="44.414667" lon="5.358262">
        <ele>461.859876</ele>
        <time>2025-10-17T01:56:12.478Z</time>
      </trkpt>
      <trkpt lat="44.414608" lon="5.358098">
        <ele>460.907067</ele>
        <time>2025-10-17T01:56:17.189Z</time>
      </trkpt>
      <trkpt lat="44.414482" lon="5.357942">
        <ele>459.685179</ele>
        <time>2025-10-17T01:56:23.269Z</time>
      </trkpt>
      <trkpt lat="44.414334" lon="5.357807">
        <ele>458.522323</ele>
        <time>2025-10-17T01:56:29.749Z</time>
      </trkpt>
      <trkpt lat="44.413989" lon="5.357565">
        <ele>456.935016</ele>
        <time>2025-10-17T01:56:44.086Z</time>
      </trkpt>
      <trkpt lat="44.413895" lon="5.357360">
        <ele>456.219250</ele>
        <time>2025-10-17T01:56:50.566Z</time>
      </trkpt>
      <trkpt lat="44.413896" lon="5.357216">
        <ele>455.796123</ele>
        <time>2025-10-17T01:56:54.388Z</time>
      </trkpt>
      <trkpt lat="44.413938" lon="5.356965">
        <ele>455.038659</ele>
        <time>2025-10-17T01:57:01.204Z</time>
      </trkpt>
      <trkpt lat="44.414008" lon="5.356589">
        <ele>453.896975</ele>
        <time>2025-10-17T01:57:11.558Z</time>
      </trkpt>
      <trkpt lat="44.414019" lon="5.356391">
        <ele>453.313447</ele>
        <time>2025-10-17T01:57:16.870Z</time>
      </trkpt>
      <trkpt lat="44.414134" lon="5.356429">
        <ele>452.827404</ele>
        <time>2025-10-17T01:57:21.346Z</time>
      </trkpt>
      <trkpt lat="44.414184" lon="5.356412">
        <ele>452.615753</ele>
        <time>2025-10-17T01:57:23.287Z</time>
      </trkpt>
      <trkpt lat="44.414229" lon="5.356378">
        <ele>452.405411</ele>
        <time>2025-10-17T01:57:25.212Z</time>
      </trkpt>
      <trkpt lat="44.414351" lon="5.355880">
        <ele>451.083107</ele>
        <time>2025-10-17T01:57:39.484Z</time>
      </trkpt>
      <trkpt lat="44.414369" lon="5.355803">
        <ele>450.971662</ele>
        <time>2025-10-17T01:57:41.683Z</time>
      </trkpt>
      <trkpt lat="44.414468" lon="5.355424">
        <ele>450.416564</ele>
        <time>2025-10-17T01:57:52.715Z</time>
      </trkpt>
      <trkpt lat="44.414476" lon="5.355385">
        <ele>450.360749</ele>
        <time>2025-10-17T01:57:53.827Z</time>
      </trkpt>
      <trkpt lat="44.414387" lon="5.355315">
        <ele>450.164163</ele>
        <time>2025-10-17T01:57:57.759Z</time>
      </trkpt>
      <trkpt lat="44.414357" lon="5.355284">
        <ele>450.092358</ele>
        <time>2025-10-17T01:57:59.209Z</time>
      </trkpt>
      <trkpt lat="44.413919" lon="5.354705">
        <ele>448.932285</ele>
        <time>2025-10-17T01:58:27.077Z</time>
      </trkpt>
      <trkpt lat="44.413610" lon="5.354362">
        <ele>448.172879</ele>
        <time>2025-10-17T01:58:45.806Z</time>
      </trkpt>
      <trkpt lat="44.413540" lon="5.354234">
        <ele>447.951129</ele>
        <time>2025-10-17T01:58:51.252Z</time>
      </trkpt>
      <trkpt lat="44.412824" lon="5.352852">
        <ele>446.805592</ele>
        <time>2025-10-17T01:59:48.867Z</time>
      </trkpt>
      <trkpt lat="44.412164" lon="5.351876">
        <ele>445.886113</ele>
        <time>2025-10-17T02:00:34.274Z</time>
      </trkpt>
      <trkpt lat="44.411848" lon="5.351251">
        <ele>445.273197</ele>
        <time>2025-10-17T02:01:00.002Z</time>
      </trkpt>
      <trkpt lat="44.411771" lon="5.351039">
        <ele>445.082825</ele>
        <time>2025-10-17T02:01:07.956Z</time>
      </trkpt>
      <trkpt lat="44.411707" lon="5.350811">
        <ele>444.886737</ele>
        <time>2025-10-17T02:01:16.147Z</time>
      </trkpt>
      <trkpt lat="44.411691" lon="5.350650">
        <ele>444.756623</ele>
        <time>2025-10-17T02:01:21.562Z</time>
      </trkpt>
      <trkpt lat="44.411698" lon="5.350184">
        <ele>444.383530</ele>
        <time>2025-10-17T02:01:37.119Z</time>
      </trkpt>
      <trkpt lat="44.411670" lon="5.349895">
        <ele>444.218685</ele>
        <time>2025-10-17T02:01:46.903Z</time>
      </trkpt>
      <trkpt lat="44.411790" lon="5.349360">
        <ele>444.213855</ele>
        <time>2025-10-17T02:02:05.865Z</time>
      </trkpt>
      <trkpt lat="44.411871" lon="5.349181">
        <ele>444.212030</ele>
        <time>2025-10-17T02:02:13.081Z</time>
      </trkpt>
      <trkpt lat="44.412096" lon="5.348841">
        <ele>444.208037</ele>
        <time>2025-10-17T02:02:29.015Z</time>
      </trkpt>
      <trkpt lat="44.412243" lon="5.348471">
        <ele>444.204390</ele>
        <time>2025-10-17T02:02:43.750Z</time>
      </trkpt>
      <trkpt lat="44.412458" lon="5.348090">
        <ele>444.200208</ele>
        <time>2025-10-17T02:03:00.867Z</time>
      </trkpt>
      <trkpt lat="44.412543" lon="5.347743">
        <ele>444.304997</ele>
        <time>2025-10-17T02:03:14.048Z</time>
      </trkpt>
      <trkpt lat="44.412654" lon="5.347567">
        <ele>444.617560</ele>
        <time>2025-10-17T02:03:22.522Z</time>
      </trkpt>
      <trkpt lat="44.412687" lon="5.347452">
        <ele>444.782549</ele>
        <time>2025-10-17T02:03:27.053Z</time>
      </trkpt>
      <trkpt lat="44.412787" lon="5.347334">
        <ele>445.026295</ele>
        <time>2025-10-17T02:03:33.710Z</time>
      </trkpt>
      <trkpt lat="44.412845" lon="5.347182">
        <ele>445.255711</ele>
        <time>2025-10-17T02:03:39.988Z</time>
      </trkpt>
      <trkpt lat="44.412875" lon="5.346988">
        <ele>445.519962</ele>
        <time>2025-10-17T02:03:47.269Z</time>
      </trkpt>
      <trkpt lat="44.413023" lon="5.346788">
        <ele>445.903334</ele>
        <time>2025-10-17T02:03:57.930Z</time>
      </trkpt>
      <trkpt lat="44.413130" lon="5.346450">
        <ele>446.395514</ele>
        <time>2025-10-17T02:04:11.723Z</time>
      </trkpt>
      <trkpt lat="44.413199" lon="5.346368">
        <ele>446.564197</ele>
        <time>2025-10-17T02:04:16.479Z</time>
      </trkpt>
      <trkpt lat="44.413211" lon="5.346021">
        <ele>447.026689</ele>
        <time>2025-10-17T02:04:29.615Z</time>
      </trkpt>
      <trkpt lat="44.413250" lon="5.345957">
        <ele>447.138682</ele>
        <time>2025-10-17T02:04:32.805Z</time>
      </trkpt>
      <trkpt lat="44.413300" lon="5.345730">
        <ele>447.454921</ele>
        <time>2025-10-17T02:04:41.911Z</time>
      </trkpt>
      <trkpt lat="44.413200" lon="5.344925">
        <ele>448.404976</ele>
        <time>2025-10-17T02:05:13.505Z</time>
      </trkpt>
      <trkpt lat="44.413081" lon="5.344507">
        <ele>448.920926</ele>
        <time>2025-10-17T02:05:30.531Z</time>
      </trkpt>
      <trkpt lat="44.413072" lon="5.344186">
        <ele>449.289275</ele>
        <time>2025-10-17T02:05:42.398Z</time>
      </trkpt>
      <trkpt lat="44.412983" lon="5.343806">
        <ele>449.747815</ele>
        <time>2025-10-17T02:05:56.828Z</time>
      </trkpt>
      <trkpt lat="44.412961" lon="5.343352">
        <ele>450.269578</ele>
        <time>2025-10-17T02:06:12.740Z</time>
      </trkpt>
      <trkpt lat="44.413300" lon="5.342130">
        <ele>450.859602</ele>
        <time>2025-10-17T02:06:57.477Z</time>
      </trkpt>
      <trkpt lat="44.413294" lon="5.341988">
        <ele>450.911198</ele>
        <time>2025-10-17T02:07:02.258Z</time>
      </trkpt>
      <trkpt lat="44.413371" lon="5.341625">
        <ele>451.048549</ele>
        <time>2025-10-17T02:07:14.944Z</time>
      </trkpt>
      <trkpt lat="44.413455" lon="5.341415">
        <ele>451.135850</ele>
        <time>2025-10-17T02:07:23.048Z</time>
      </trkpt>
      <trkpt lat="44.413534" lon="5.341284">
        <ele>451.198036</ele>
        <time>2025-10-17T02:07:28.938Z</time>
      </trkpt>
      <trkpt lat="44.413764" lon="5.341163">
        <ele>451.322802</ele>
        <time>2025-10-17T02:07:41.124Z</time>
      </trkpt>
      <trkpt lat="44.413848" lon="5.340909">
        <ele>453.855308</ele>
        <time>2025-10-17T02:07:51.925Z</time>
      </trkpt>
      <trkpt lat="44.413850" lon="5.340792">
        <ele>455.294242</ele>
        <time>2025-10-17T02:07:56.780Z</time>
      </trkpt>
      <trkpt lat="44.413964" lon="5.340591">
        <ele>458.449833</ele>
        <time>2025-10-17T02:08:08.575Z</time>
      </trkpt>
      <trkpt lat="44.414059" lon="5.340643">
        <ele>460.205579</ele>
        <time>2025-10-17T02:08:15.830Z</time>
      </trkpt>
      <trkpt lat="44.414202" lon="5.340788">
        <ele>463.244795</ele>
        <time>2025-10-17T02:08:30.492Z</time>
      </trkpt>
      <trkpt lat="44.414293" lon="5.341019">
        <ele>466.488228</ele>
        <time>2025-10-17T02:08:47.978Z</time>
      </trkpt>
      <trkpt lat="44.414344" lon="5.341056">
        <ele>467.476944</ele>
        <time>2025-10-17T02:08:53.898Z</time>
      </trkpt>
      <trkpt lat="44.414381" lon="5.341050">
        <ele>468.118071</ele>
        <time>2025-10-17T02:08:57.716Z</time>
      </trkpt>
      <trkpt lat="44.414496" lon="5.340924">
        <ele>470.631664</ele>
        <time>2025-10-17T02:09:14.509Z</time>
      </trkpt>
      <trkpt lat="44.414534" lon="5.340957">
        <ele>471.401366</ele>
        <time>2025-10-17T02:09:20.128Z</time>
      </trkpt>
      <trkpt lat="44.414712" lon="5.340754">
        <ele>475.353143</ele>
        <time>2025-10-17T02:09:52.114Z</time>
      </trkpt>
      <trkpt lat="44.414782" lon="5.340945">
        <ele>477.992531</ele>
        <time>2025-10-17T02:10:16.243Z</time>
      </trkpt>
      <trkpt lat="44.414738" lon="5.341081">
        <ele>479.828155</ele>
        <time>2025-10-17T02:10:35.039Z</time>
      </trkpt>
      <trkpt lat="44.414774" lon="5.341244">
        <ele>481.925832</ele>
        <time>2025-10-17T02:10:58.186Z</time>
      </trkpt>
      <trkpt lat="44.414790" lon="5.341272">
        <ele>482.416975</ele>
        <time>2025-10-17T02:11:03.392Z</time>
      </trkpt>
      <trkpt lat="44.414825" lon="5.341330">
        <ele>484.176502</ele>
        <time>2025-10-17T02:11:14.474Z</time>
      </trkpt>
      <trkpt lat="44.414876" lon="5.341307">
        <ele>485.914829</ele>
        <time>2025-10-17T02:11:25.968Z</time>
      </trkpt>
      <trkpt lat="44.414832" lon="5.341494">
        <ele>490.477395</ele>
        <time>2025-10-17T02:11:53.309Z</time>
      </trkpt>
      <trkpt lat="44.414923" lon="5.341437">
        <ele>493.711741</ele>
        <time>2025-10-17T02:12:10.813Z</time>
      </trkpt>
      <trkpt lat="44.414996" lon="5.341328">
        <ele>497.174319</ele>
        <time>2025-10-17T02:12:28.317Z</time>
      </trkpt>
      <trkpt lat="44.414988" lon="5.341496">
        <ele>501.076153</ele>
        <time>2025-10-17T02:12:45.578Z</time>
      </trkpt>
      <trkpt lat="44.415025" lon="5.341395">
        <ele>503.706575</ele>
        <time>2025-10-17T02:12:58.046Z</time>
      </trkpt>
      <trkpt lat="44.415046" lon="5.341472">
        <ele>505.616597</ele>
        <time>2025-10-17T02:13:06.862Z</time>
      </trkpt>
      <trkpt lat="44.415099" lon="5.341346">
        <ele>509.005163</ele>
        <time>2025-10-17T02:13:24.058Z</time>
      </trkpt>
      <trkpt lat="44.415099" lon="5.341346">
        <ele>509.005163</ele>
        <time>2025-10-17T02:13:24.061Z</time>
      </trkpt>
      <trkpt lat="44.415126" lon="5.341429">
        <ele>511.118656</ele>
        <time>2025-10-17T02:13:35.007Z</time>
      </trkpt>
      <trkpt lat="44.415166" lon="5.341358">
        <ele>513.214177</ele>
        <time>2025-10-17T02:13:46.275Z</time>
      </trkpt>
      <trkpt lat="44.415200" lon="5.341570">
        <ele>518.249311</ele>
        <time>2025-10-17T02:14:13.602Z</time>
      </trkpt>
      <trkpt lat="44.415196" lon="5.341734">
        <ele>522.052009</ele>
        <time>2025-10-17T02:14:35.892Z</time>
      </trkpt>
      <trkpt lat="44.415200" lon="5.341570">
        <ele>525.854708</ele>
        <time>2025-10-17T02:14:57.252Z</time>
      </trkpt>
      <trkpt lat="44.415166" lon="5.341358">
        <ele>530.889842</ele>
        <time>2025-10-17T02:15:27.492Z</time>
      </trkpt>
      <trkpt lat="44.415126" lon="5.341429">
        <ele>532.985363</ele>
        <time>2025-10-17T02:15:40.693Z</time>
      </trkpt>
      <trkpt lat="44.415099" lon="5.341346">
        <ele>535.098855</ele>
        <time>2025-10-17T02:15:52.825Z</time>
      </trkpt>
      <trkpt lat="44.415126" lon="5.341429">
        <ele>537.212348</ele>
        <time>2025-10-17T02:16:07.437Z</time>
      </trkpt>
      <trkpt lat="44.415166" lon="5.341358">
        <ele>539.307869</ele>
        <time>2025-10-17T02:16:19.506Z</time>
      </trkpt>
      <trkpt lat="44.415200" lon="5.341570">
        <ele>545.051421</ele>
        <time>2025-10-17T02:16:50.984Z</time>
      </trkpt>
      <trkpt lat="44.415196" lon="5.341734">
        <ele>549.586241</ele>
        <time>2025-10-17T02:17:15.529Z</time>
      </trkpt>
      <trkpt lat="44.415315" lon="5.341857">
        <ele>555.309100</ele>
        <time>2025-10-17T02:17:45.182Z</time>
      </trkpt>
      <trkpt lat="44.415468" lon="5.342208">
        <ele>566.672582</ele>
        <time>2025-10-17T02:18:39.924Z</time>
      </trkpt>
      <trkpt lat="44.415763" lon="5.342696">
        <ele>584.339886</ele>
        <time>2025-10-17T02:20:27.070Z</time>
      </trkpt>
      <trkpt lat="44.415998" lon="5.342778">
        <ele>593.710001</ele>
        <time>2025-10-17T02:21:30.280Z</time>
      </trkpt>
      <trkpt lat="44.416007" lon="5.342484">
        <ele>601.842108</ele>
        <time>2025-10-17T02:22:21.416Z</time>
      </trkpt>
      <trkpt lat="44.416053" lon="5.342176">
        <ele>610.471136</ele>
        <time>2025-10-17T02:23:12.000Z</time>
      </trkpt>
      <trkpt lat="44.416097" lon="5.342044">
        <ele>613.559927</ele>
        <time>2025-10-17T02:23:33.579Z</time>
      </trkpt>
      <trkpt lat="44.416166" lon="5.342106">
        <ele>615.993912</ele>
        <time>2025-10-17T02:23:50.912Z</time>
      </trkpt>
      <trkpt lat="44.416198" lon="5.342207">
        <ele>618.336807</ele>
        <time>2025-10-17T02:24:06.277Z</time>
      </trkpt>
      <trkpt lat="44.416221" lon="5.342213">
        <ele>619.031356</ele>
        <time>2025-10-17T02:24:11.098Z</time>
      </trkpt>
      <trkpt lat="44.416321" lon="5.342132">
        <ele>622.461091</ele>
        <time>2025-10-17T02:24:33.174Z</time>
      </trkpt>
      <trkpt lat="44.416446" lon="5.342099">
        <ele>626.237339</ele>
        <time>2025-10-17T02:24:56.752Z</time>
      </trkpt>
      <trkpt lat="44.416442" lon="5.342258">
        <ele>629.610935</ele>
        <time>2025-10-17T02:25:16.557Z</time>
      </trkpt>
      <trkpt lat="44.416470" lon="5.342346">
        <ele>631.653694</ele>
        <time>2025-10-17T02:25:27.707Z</time>
      </trkpt>
      <trkpt lat="44.416517" lon="5.342235">
        <ele>634.389871</ele>
        <time>2025-10-17T02:25:43.174Z</time>
      </trkpt>
      <trkpt lat="44.416596" lon="5.342238">
        <ele>636.735990</ele>
        <time>2025-10-17T02:25:55.893Z</time>
      </trkpt>
      <trkpt lat="44.416618" lon="5.342275">
        <ele>637.756818</ele>
        <time>2025-10-17T02:26:01.591Z</time>
      </trkpt>
      <trkpt lat="44.416605" lon="5.342341">
        <ele>639.208545</ele>
        <time>2025-10-17T02:26:09.377Z</time>
      </trkpt>
      <trkpt lat="44.416626" lon="5.342547">
        <ele>643.620911</ele>
        <time>2025-10-17T02:26:33.960Z</time>
      </trkpt>
      <trkpt lat="44.416690" lon="5.342687">
        <ele>647.145464</ele>
        <time>2025-10-17T02:26:54.635Z</time>
      </trkpt>
      <trkpt lat="44.416745" lon="5.342986">
        <ele>653.692432</ele>
        <time>2025-10-17T02:27:29.945Z</time>
      </trkpt>
      <trkpt lat="44.416706" lon="5.343572">
        <ele>663.679538</ele>
        <time>2025-10-17T02:28:26.610Z</time>
      </trkpt>
      <trkpt lat="44.416595" lon="5.343899">
        <ele>663.776841</ele>
        <time>2025-10-17T02:28:50.358Z</time>
      </trkpt>
      <trkpt lat="44.416463" lon="5.344090">
        <ele>663.848268</ele>
        <time>2025-10-17T02:29:02.168Z</time>
      </trkpt>
      <trkpt lat="44.416408" lon="5.344271">
        <ele>663.901132</ele>
        <time>2025-10-17T02:29:09.533Z</time>
      </trkpt>
      <trkpt lat="44.416195" lon="5.344511">
        <ele>664.004010</ele>
        <time>2025-10-17T02:29:21.883Z</time>
      </trkpt>
      <trkpt lat="44.416016" lon="5.344772">
        <ele>664.101256</ele>
        <time>2025-10-17T02:29:32.427Z</time>
      </trkpt>
      <trkpt lat="44.415847" lon="5.344837">
        <ele>664.167201</ele>
        <time>2025-10-17T02:29:39.092Z</time>
      </trkpt>
      <trkpt lat="44.415731" lon="5.344934">
        <ele>664.218041</ele>
        <time>2025-10-17T02:29:44.200Z</time>
      </trkpt>
      <trkpt lat="44.415663" lon="5.345055">
        <ele>664.259420</ele>
        <time>2025-10-17T02:29:48.427Z</time>
      </trkpt>
      <trkpt lat="44.415646" lon="5.345150">
        <ele>664.285741</ele>
        <time>2025-10-17T02:29:51.243Z</time>
      </trkpt>
      <trkpt lat="44.415674" lon="5.345376">
        <ele>664.175274</ele>
        <time>2025-10-17T02:29:57.465Z</time>
      </trkpt>
      <trkpt lat="44.415654" lon="5.345447">
        <ele>664.042787</ele>
        <time>2025-10-17T02:29:59.515Z</time>
      </trkpt>
      <trkpt lat="44.415598" lon="5.345498">
        <ele>663.880430</ele>
        <time>2025-10-17T02:30:02.026Z</time>
      </trkpt>
      <trkpt lat="44.415554" lon="5.345752">
        <ele>663.426728</ele>
        <time>2025-10-17T02:30:09.125Z</time>
      </trkpt>
      <trkpt lat="44.415593" lon="5.345826">
        <ele>663.267089</ele>
        <time>2025-10-17T02:30:11.584Z</time>
      </trkpt>
      <trkpt lat="44.415533" lon="5.346014">
        <ele>662.909643</ele>
        <time>2025-10-17T02:30:17.151Z</time>
      </trkpt>
      <trkpt lat="44.415528" lon="5.346235">
        <ele>662.525815</ele>
        <time>2025-10-17T02:30:23.446Z</time>
      </trkpt>
      <trkpt lat="44.415633" lon="5.346581">
        <ele>661.873231</ele>
        <time>2025-10-17T02:30:35.611Z</time>
      </trkpt>
      <trkpt lat="44.415579" lon="5.346675">
        <ele>661.663830</ele>
        <time>2025-10-17T02:30:39.477Z</time>
      </trkpt>
      <trkpt lat="44.415554" lon="5.347018">
        <ele>661.065322</ele>
        <time>2025-10-17T02:30:52.090Z</time>
      </trkpt>
      <trkpt lat="44.415587" lon="5.347124">
        <ele>660.864598</ele>
        <time>2025-10-17T02:30:56.740Z</time>
      </trkpt>
      <trkpt lat="44.415551" lon="5.347297">
        <ele>660.551801</ele>
        <time>2025-10-17T02:31:04.031Z</time>
      </trkpt>
      <trkpt lat="44.415591" lon="5.347505">
        <ele>660.177875</ele>
        <time>2025-10-17T02:31:13.904Z</time>
      </trkpt>
      <trkpt lat="44.415528" lon="5.347721">
        <ele>661.690048</ele>
        <time>2025-10-17T02:31:26.695Z</time>
      </trkpt>
      <trkpt lat="44.415651" lon="5.348307">
        <ele>671.907510</ele>
        <time>2025-10-17T02:32:04.240Z</time>
      </trkpt>
      <trkpt lat="44.415542" lon="5.348838">
        <ele>681.149944</ele>
        <time>2025-10-17T02:32:55.832Z</time>
      </trkpt>
      <trkpt lat="44.415562" lon="5.348913">
        <ele>682.489175</ele>
        <time>2025-10-17T02:33:04.924Z</time>
      </trkpt>
      <trkpt lat="44.415630" lon="5.348990">
        <ele>684.537466</ele>
        <time>2025-10-17T02:33:18.506Z</time>
      </trkpt>
      <trkpt lat="44.415612" lon="5.349051">
        <ele>685.641560</ele>
        <time>2025-10-17T02:33:26.416Z</time>
      </trkpt>
      <trkpt lat="44.415634" lon="5.349101">
        <ele>686.623951</ele>
        <time>2025-10-17T02:33:33.423Z</time>
      </trkpt>
      <trkpt lat="44.415674" lon="5.349125">
        <ele>687.643166</ele>
        <time>2025-10-17T02:33:40.298Z</time>
      </trkpt>
      <trkpt lat="44.415715" lon="5.349253">
        <ele>689.989871</ele>
        <time>2025-10-17T02:33:57.759Z</time>
      </trkpt>
      <trkpt lat="44.415764" lon="5.349292">
        <ele>691.309949</ele>
        <time>2025-10-17T02:34:07.040Z</time>
      </trkpt>
      <trkpt lat="44.416076" lon="5.349284">
        <ele>698.618268</ele>
        <time>2025-10-17T02:35:05.040Z</time>
      </trkpt>
      <trkpt lat="44.416459" lon="5.349324">
        <ele>708.681370</ele>
        <time>2025-10-17T02:36:21.330Z</time>
      </trkpt>
      <trkpt lat="44.416611" lon="5.349371">
        <ele>713.030575</ele>
        <time>2025-10-17T02:36:52.204Z</time>
      </trkpt>
      <trkpt lat="44.417319" lon="5.349561">
        <ele>733.172122</ele>
        <time>2025-10-17T02:39:00.408Z</time>
      </trkpt>
      <trkpt lat="44.417418" lon="5.349684">
        <ele>736.870259</ele>
        <time>2025-10-17T02:39:18.991Z</time>
      </trkpt>
      <trkpt lat="44.417529" lon="5.349767">
        <ele>740.386193</ele>
        <time>2025-10-17T02:39:35.332Z</time>
      </trkpt>
      <trkpt lat="44.417713" lon="5.349674">
        <ele>745.851876</ele>
        <time>2025-10-17T02:39:58.336Z</time>
      </trkpt>
      <trkpt lat="44.417847" lon="5.349685">
        <ele>749.602247</ele>
        <time>2025-10-17T02:40:13.109Z</time>
      </trkpt>
      <trkpt lat="44.417990" lon="5.349797">
        <ele>753.202891</ele>
        <time>2025-10-17T02:40:30.607Z</time>
      </trkpt>
      <trkpt lat="44.418138" lon="5.349771">
        <ele>755.167144</ele>
        <time>2025-10-17T02:40:45.730Z</time>
      </trkpt>
      <trkpt lat="44.418248" lon="5.349811">
        <ele>756.663765</ele>
        <time>2025-10-17T02:40:56.684Z</time>
      </trkpt>
      <trkpt lat="44.418286" lon="5.349803">
        <ele>757.169802</ele>
        <time>2025-10-17T02:41:00.346Z</time>
      </trkpt>
      <trkpt lat="44.418437" lon="5.349624">
        <ele>759.775304</ele>
        <time>2025-10-17T02:41:18.507Z</time>
      </trkpt>
      <trkpt lat="44.418557" lon="5.349572">
        <ele>761.429509</ele>
        <time>2025-10-17T02:41:29.933Z</time>
      </trkpt>
      <trkpt lat="44.418639" lon="5.349661">
        <ele>762.795815</ele>
        <time>2025-10-17T02:41:39.136Z</time>
      </trkpt>
      <trkpt lat="44.418695" lon="5.349683">
        <ele>763.561744</ele>
        <time>2025-10-17T02:41:44.286Z</time>
      </trkpt>
      <trkpt lat="44.418816" lon="5.349657">
        <ele>765.173816</ele>
        <time>2025-10-17T02:41:54.899Z</time>
      </trkpt>
      <trkpt lat="44.418928" lon="5.349701">
        <ele>766.705675</ele>
        <time>2025-10-17T02:42:04.839Z</time>
      </trkpt>
      <trkpt lat="44.419100" lon="5.349716">
        <ele>768.975084</ele>
        <time>2025-10-17T02:42:19.241Z</time>
      </trkpt>
      <trkpt lat="44.419246" lon="5.349681">
        <ele>770.925697</ele>
        <time>2025-10-17T02:42:31.155Z</time>
      </trkpt>
      <trkpt lat="44.419405" lon="5.349697">
        <ele>773.024924</ele>
        <time>2025-10-17T02:42:43.417Z</time>
      </trkpt>
      <trkpt lat="44.419471" lon="5.349740">
        <ele>773.983552</ele>
        <time>2025-10-17T02:42:48.860Z</time>
      </trkpt>
      <trkpt lat="44.419716" lon="5.349762">
        <ele>776.724494</ele>
        <time>2025-10-17T02:43:06.682Z</time>
      </trkpt>
      <trkpt lat="44.419895" lon="5.349752">
        <ele>778.115659</ele>
        <time>2025-10-17T02:43:18.989Z</time>
      </trkpt>
      <trkpt lat="44.420049" lon="5.349697">
        <ele>779.349870</ele>
        <time>2025-10-17T02:43:29.664Z</time>
      </trkpt>
      <trkpt lat="44.420270" lon="5.349774">
        <ele>781.118429</ele>
        <time>2025-10-17T02:43:44.886Z</time>
      </trkpt>
      <trkpt lat="44.420480" lon="5.349742">
        <ele>782.758854</ele>
        <time>2025-10-17T02:43:59.091Z</time>
      </trkpt>
      <trkpt lat="44.420615" lon="5.349760">
        <ele>783.811966</ele>
        <time>2025-10-17T02:44:08.270Z</time>
      </trkpt>
      <trkpt lat="44.420823" lon="5.349643">
        <ele>785.552710</ele>
        <time>2025-10-17T02:44:23.425Z</time>
      </trkpt>
      <trkpt lat="44.420890" lon="5.349655">
        <ele>786.077251</ele>
        <time>2025-10-17T02:44:27.932Z</time>
      </trkpt>
      <trkpt lat="44.420953" lon="5.349731">
        <ele>786.723036</ele>
        <time>2025-10-17T02:44:33.438Z</time>
      </trkpt>
      <trkpt lat="44.421023" lon="5.349725">
        <ele>787.267652</ele>
        <time>2025-10-17T02:44:38.028Z</time>
      </trkpt>
      <trkpt lat="44.421144" lon="5.349615">
        <ele>788.387993</ele>
        <time>2025-10-17T02:44:47.435Z</time>
      </trkpt>
      <trkpt lat="44.421197" lon="5.349506">
        <ele>789.119351</ele>
        <time>2025-10-17T02:44:53.487Z</time>
      </trkpt>
      <trkpt lat="44.421355" lon="5.349436">
        <ele>790.448477</ele>
        <time>2025-10-17T02:45:04.295Z</time>
      </trkpt>
      <trkpt lat="44.421404" lon="5.349440">
        <ele>790.867813</ele>
        <time>2025-10-17T02:45:07.512Z</time>
      </trkpt>
      <trkpt lat="44.421547" lon="5.349583">
        <ele>792.369114</ele>
        <time>2025-10-17T02:45:18.922Z</time>
      </trkpt>
      <trkpt lat="44.421638" lon="5.349581">
        <ele>793.146656</ele>
        <time>2025-10-17T02:45:24.824Z</time>
      </trkpt>
      <trkpt lat="44.421668" lon="5.349548">
        <ele>793.472593</ele>
        <time>2025-10-17T02:45:27.349Z</time>
      </trkpt>
      <trkpt lat="44.421950" lon="5.349450">
        <ele>795.954923</ele>
        <time>2025-10-17T02:45:45.818Z</time>
      </trkpt>
      <trkpt lat="44.422063" lon="5.349479">
        <ele>796.936406</ele>
        <time>2025-10-17T02:45:53.085Z</time>
      </trkpt>
      <trkpt lat="44.422222" lon="5.349455">
        <ele>798.302673</ele>
        <time>2025-10-17T02:46:03.753Z</time>
      </trkpt>
      <trkpt lat="44.422362" lon="5.349497">
        <ele>799.525891</ele>
        <time>2025-10-17T02:46:13.684Z</time>
      </trkpt>
      <trkpt lat="44.422665" lon="5.349518">
        <ele>802.117701</ele>
        <time>2025-10-17T02:46:35.734Z</time>
      </trkpt>
      <trkpt lat="44.422747" lon="5.349499">
        <ele>802.827785</ele>
        <time>2025-10-17T02:46:42.060Z</time>
      </trkpt>
      <trkpt lat="44.422846" lon="5.349427">
        <ele>803.780868</ele>
        <time>2025-10-17T02:46:50.749Z</time>
      </trkpt>
      <trkpt lat="44.422948" lon="5.349481">
        <ele>804.712501</ele>
        <time>2025-10-17T02:46:59.618Z</time>
      </trkpt>
      <trkpt lat="44.423075" lon="5.349466">
        <ele>806.066211</ele>
        <time>2025-10-17T02:47:10.337Z</time>
      </trkpt>
      <trkpt lat="44.423166" lon="5.349539">
        <ele>807.489720</ele>
        <time>2025-10-17T02:47:19.435Z</time>
      </trkpt>
      <trkpt lat="44.423223" lon="5.349508">
        <ele>808.319702</ele>
        <time>2025-10-17T02:47:24.866Z</time>
      </trkpt>
      <trkpt lat="44.423384" lon="5.349546">
        <ele>810.535808</ele>
        <time>2025-10-17T02:47:39.611Z</time>
      </trkpt>
      <trkpt lat="44.423524" lon="5.349513">
        <ele>812.462786</ele>
        <time>2025-10-17T02:47:52.487Z</time>
      </trkpt>
      <trkpt lat="44.423578" lon="5.349538">
        <ele>813.234762</ele>
        <time>2025-10-17T02:47:57.801Z</time>
      </trkpt>
      <trkpt lat="44.423705" lon="5.349515">
        <ele>814.972910</ele>
        <time>2025-10-17T02:48:09.645Z</time>
      </trkpt>
      <trkpt lat="44.423929" lon="5.349354">
        <ele>818.390465</ele>
        <time>2025-10-17T02:48:33.115Z</time>
      </trkpt>
      <trkpt lat="44.424065" lon="5.349330">
        <ele>820.251016</ele>
        <time>2025-10-17T02:48:46.158Z</time>
      </trkpt>
      <trkpt lat="44.424119" lon="5.349265">
        <ele>821.217569</ele>
        <time>2025-10-17T02:48:52.995Z</time>
      </trkpt>
      <trkpt lat="44.424170" lon="5.349251">
        <ele>821.922977</ele>
        <time>2025-10-17T02:48:57.959Z</time>
      </trkpt>
      <trkpt lat="44.424269" lon="5.349292">
        <ele>823.324262</ele>
        <time>2025-10-17T02:49:07.865Z</time>
      </trkpt>
      <trkpt lat="44.424438" lon="5.349287">
        <ele>825.618636</ele>
        <time>2025-10-17T02:49:23.721Z</time>
      </trkpt>
      <trkpt lat="44.424560" lon="5.349359">
        <ele>827.415634</ele>
        <time>2025-10-17T02:49:35.741Z</time>
      </trkpt>
      <trkpt lat="44.424630" lon="5.349333">
        <ele>828.398613</ele>
        <time>2025-10-17T02:49:42.337Z</time>
      </trkpt>
      <trkpt lat="44.424677" lon="5.349278">
        <ele>829.230003</ele>
        <time>2025-10-17T02:49:47.802Z</time>
      </trkpt>
      <trkpt lat="44.424974" lon="5.349176">
        <ele>832.594823</ele>
        <time>2025-10-17T02:50:14.423Z</time>
      </trkpt>
      <trkpt lat="44.425133" lon="5.349165">
        <ele>834.285967</ele>
        <time>2025-10-17T02:50:27.800Z</time>
      </trkpt>
      <trkpt lat="44.425202" lon="5.349122">
        <ele>835.088284</ele>
        <time>2025-10-17T02:50:34.014Z</time>
      </trkpt>
      <trkpt lat="44.425426" lon="5.349122">
        <ele>837.467875</ele>
        <time>2025-10-17T02:50:51.953Z</time>
      </trkpt>
      <trkpt lat="44.425589" lon="5.349054">
        <ele>839.274669</ele>
        <time>2025-10-17T02:51:04.936Z</time>
      </trkpt>
      <trkpt lat="44.425728" lon="5.349075">
        <ele>840.759860</ele>
        <time>2025-10-17T02:51:15.525Z</time>
      </trkpt>
      <trkpt lat="44.425849" lon="5.349014">
        <ele>842.126034</ele>
        <time>2025-10-17T02:51:25.091Z</time>
      </trkpt>
      <trkpt lat="44.426195" lon="5.348979">
        <ele>845.811231</ele>
        <time>2025-10-17T02:51:50.897Z</time>
      </trkpt>
      <trkpt lat="44.426266" lon="5.348948">
        <ele>846.601292</ele>
        <time>2025-10-17T02:51:56.414Z</time>
      </trkpt>
      <trkpt lat="44.426448" lon="5.348950">
        <ele>848.534769</ele>
        <time>2025-10-17T02:52:09.874Z</time>
      </trkpt>
      <trkpt lat="44.426513" lon="5.348998">
        <ele>849.242844</ele>
        <time>2025-10-17T02:52:15.287Z</time>
      </trkpt>
      <trkpt lat="44.426736" lon="5.348978">
        <ele>851.228116</ele>
        <time>2025-10-17T02:52:31.553Z</time>
      </trkpt>
      <trkpt lat="44.427034" lon="5.348915">
        <ele>853.905659</ele>
        <time>2025-10-17T02:52:53.081Z</time>
      </trkpt>
      <trkpt lat="44.427370" lon="5.348795">
        <ele>856.986366</ele>
        <time>2025-10-17T02:53:17.786Z</time>
      </trkpt>
      <trkpt lat="44.427572" lon="5.348810">
        <ele>858.783529</ele>
        <time>2025-10-17T02:53:32.263Z</time>
      </trkpt>
      <trkpt lat="44.427636" lon="5.348769">
        <ele>859.408807</ele>
        <time>2025-10-17T02:53:37.335Z</time>
      </trkpt>
      <trkpt lat="44.427831" lon="5.348771">
        <ele>861.141303</ele>
        <time>2025-10-17T02:53:51.205Z</time>
      </trkpt>
      <trkpt lat="44.427973" lon="5.348724">
        <ele>862.437645</ele>
        <time>2025-10-17T02:54:01.547Z</time>
      </trkpt>
      <trkpt lat="44.428039" lon="5.348742">
        <ele>863.035030</ele>
        <time>2025-10-17T02:54:06.371Z</time>
      </trkpt>
      <trkpt lat="44.428158" lon="5.348688">
        <ele>864.146396</ele>
        <time>2025-10-17T02:54:15.331Z</time>
      </trkpt>
      <trkpt lat="44.428374" lon="5.348655">
        <ele>866.216982</ele>
        <time>2025-10-17T02:54:31.128Z</time>
      </trkpt>
      <trkpt lat="44.428704" lon="5.348668">
        <ele>869.485614</ele>
        <time>2025-10-17T02:54:55.428Z</time>
      </trkpt>
      <trkpt lat="44.428774" lon="5.348605">
        <ele>870.309489</ele>
        <time>2025-10-17T02:55:01.506Z</time>
      </trkpt>
      <trkpt lat="44.428834" lon="5.348444">
        <ele>871.593530</ele>
        <time>2025-10-17T02:55:11.095Z</time>
      </trkpt>
      <trkpt lat="44.428988" lon="5.348348">
        <ele>873.262547</ele>
        <time>2025-10-17T02:55:23.673Z</time>
      </trkpt>
      <trkpt lat="44.429170" lon="5.348301">
        <ele>875.094920</ele>
        <time>2025-10-17T02:55:37.878Z</time>
      </trkpt>
      <trkpt lat="44.429247" lon="5.348244">
        <ele>875.957268</ele>
        <time>2025-10-17T02:55:44.753Z</time>
      </trkpt>
      <trkpt lat="44.429449" lon="5.348216">
        <ele>877.967050</ele>
        <time>2025-10-17T02:56:00.917Z</time>
      </trkpt>
      <trkpt lat="44.429782" lon="5.348073">
        <ele>881.415638</ele>
        <time>2025-10-17T02:56:29.020Z</time>
      </trkpt>
      <trkpt lat="44.430235" lon="5.348066">
        <ele>886.521965</ele>
        <time>2025-10-17T02:57:05.880Z</time>
      </trkpt>
      <trkpt lat="44.430388" lon="5.347948">
        <ele>888.582700</ele>
        <time>2025-10-17T02:57:19.876Z</time>
      </trkpt>
      <trkpt lat="44.430634" lon="5.347914">
        <ele>891.499086</ele>
        <time>2025-10-17T02:57:39.257Z</time>
      </trkpt>
      <trkpt lat="44.430712" lon="5.347826">
        <ele>892.680818</ele>
        <time>2025-10-17T02:57:47.321Z</time>
      </trkpt>
      <trkpt lat="44.430948" lon="5.347763">
        <ele>895.515262</ele>
        <time>2025-10-17T02:58:06.996Z</time>
      </trkpt>
      <trkpt lat="44.431036" lon="5.347782">
        <ele>896.565745</ele>
        <time>2025-10-17T02:58:14.406Z</time>
      </trkpt>
      <trkpt lat="44.431138" lon="5.347731">
        <ele>897.843537</ele>
        <time>2025-10-17T02:58:23.532Z</time>
      </trkpt>
      <trkpt lat="44.431227" lon="5.347815">
        <ele>899.109768</ele>
        <time>2025-10-17T02:58:32.746Z</time>
      </trkpt>
      <trkpt lat="44.431281" lon="5.347772">
        <ele>899.842650</ele>
        <time>2025-10-17T02:58:38.187Z</time>
      </trkpt>
      <trkpt lat="44.431336" lon="5.347771">
        <ele>900.491590</ele>
        <time>2025-10-17T02:58:42.942Z</time>
      </trkpt>
      <trkpt lat="44.431638" lon="5.347849">
        <ele>904.177523</ele>
        <time>2025-10-17T02:59:10.537Z</time>
      </trkpt>
      <trkpt lat="44.432074" lon="5.347787">
        <ele>910.736116</ele>
        <time>2025-10-17T02:59:51.776Z</time>
      </trkpt>
      <trkpt lat="44.432258" lon="5.347680">
        <ele>913.717780</ele>
        <time>2025-10-17T03:00:10.931Z</time>
      </trkpt>
      <trkpt lat="44.432431" lon="5.347411">
        <ele>917.586529</ele>
        <time>2025-10-17T03:00:36.074Z</time>
      </trkpt>
      <trkpt lat="44.432707" lon="5.347381">
        <ele>921.729481</ele>
        <time>2025-10-17T03:01:03.516Z</time>
      </trkpt>
      <trkpt lat="44.432901" lon="5.347170">
        <ele>925.405597</ele>
        <time>2025-10-17T03:01:27.885Z</time>
      </trkpt>
      <trkpt lat="44.433096" lon="5.347084">
        <ele>928.465199</ele>
        <time>2025-10-17T03:01:47.867Z</time>
      </trkpt>
      <trkpt lat="44.433259" lon="5.346958">
        <ele>931.202399</ele>
        <time>2025-10-17T03:02:05.316Z</time>
      </trkpt>
      <trkpt lat="44.433366" lon="5.346946">
        <ele>932.634600</ele>
        <time>2025-10-17T03:02:15.042Z</time>
      </trkpt>
      <trkpt lat="44.433405" lon="5.346876">
        <ele>933.480494</ele>
        <time>2025-10-17T03:02:20.648Z</time>
      </trkpt>
      <trkpt lat="44.433474" lon="5.346844">
        <ele>934.450283</ele>
        <time>2025-10-17T03:02:26.990Z</time>
      </trkpt>
      <trkpt lat="44.433522" lon="5.346825">
        <ele>935.115806</ele>
        <time>2025-10-17T03:02:31.254Z</time>
      </trkpt>
      <trkpt lat="44.433599" lon="5.346883">
        <ele>936.282346</ele>
        <time>2025-10-17T03:02:38.686Z</time>
      </trkpt>
      <trkpt lat="44.433648" lon="5.346878">
        <ele>936.937854</ele>
        <time>2025-10-17T03:02:42.788Z</time>
      </trkpt>
      <trkpt lat="44.433780" lon="5.346713">
        <ele>939.298565</ele>
        <time>2025-10-17T03:02:57.491Z</time>
      </trkpt>
      <trkpt lat="44.433881" lon="5.346488">
        <ele>941.830579</ele>
        <time>2025-10-17T03:03:13.004Z</time>
      </trkpt>
      <trkpt lat="44.433920" lon="5.346450">
        <ele>942.464482</ele>
        <time>2025-10-17T03:03:16.770Z</time>
      </trkpt>
      <trkpt lat="44.434030" lon="5.346450">
        <ele>943.932140</ele>
        <time>2025-10-17T03:03:25.726Z</time>
      </trkpt>
      <trkpt lat="44.434064" lon="5.346489">
        <ele>944.518524</ele>
        <time>2025-10-17T03:03:29.400Z</time>
      </trkpt>
      <trkpt lat="44.434193" lon="5.346777">
        <ele>947.757502</ele>
        <time>2025-10-17T03:03:49.829Z</time>
      </trkpt>
      <trkpt lat="44.434254" lon="5.346864">
        <ele>948.919147</ele>
        <time>2025-10-17T03:03:57.480Z</time>
      </trkpt>
      <trkpt lat="44.434398" lon="5.346985">
        <ele>951.159749</ele>
        <time>2025-10-17T03:04:12.571Z</time>
      </trkpt>
      <trkpt lat="44.434445" lon="5.347197">
        <ele>953.274610</ele>
        <time>2025-10-17T03:04:27.369Z</time>
      </trkpt>
      <trkpt lat="44.434543" lon="5.347217">
        <ele>954.595970</ele>
        <time>2025-10-17T03:04:36.764Z</time>
      </trkpt>
      <trkpt lat="44.434778" lon="5.347029">
        <ele>959.488662</ele>
        <time>2025-10-17T03:05:03.139Z</time>
      </trkpt>
      <trkpt lat="44.435042" lon="5.346883">
        <ele>964.699017</ele>
        <time>2025-10-17T03:05:32.658Z</time>
      </trkpt>
      <trkpt lat="44.435210" lon="5.346863">
        <ele>967.794076</ele>
        <time>2025-10-17T03:05:51.283Z</time>
      </trkpt>
      <trkpt lat="44.435363" lon="5.346685">
        <ele>971.445331</ele>
        <time>2025-10-17T03:06:14.316Z</time>
      </trkpt>
      <trkpt lat="44.435758" lon="5.346567">
        <ele>978.859378</ele>
        <time>2025-10-17T03:07:02.687Z</time>
      </trkpt>
      <trkpt lat="44.435803" lon="5.346490">
        <ele>980.163598</ele>
        <time>2025-10-17T03:07:11.518Z</time>
      </trkpt>
      <trkpt lat="44.436142" lon="5.346522">
        <ele>986.400661</ele>
        <time>2025-10-17T03:07:52.164Z</time>
      </trkpt>
      <trkpt lat="44.436206" lon="5.346580">
        <ele>987.800008</ele>
        <time>2025-10-17T03:08:00.760Z</time>
      </trkpt>
      <trkpt lat="44.436364" lon="5.346446">
        <ele>990.356056</ele>
        <time>2025-10-17T03:08:20.629Z</time>
      </trkpt>
      <trkpt lat="44.436471" lon="5.346462">
        <ele>991.843151</ele>
        <time>2025-10-17T03:08:31.475Z</time>
      </trkpt>
      <trkpt lat="44.436651" lon="5.346379">
        <ele>994.462026</ele>
        <time>2025-10-17T03:08:50.090Z</time>
      </trkpt>
      <trkpt lat="44.436787" lon="5.346230">
        <ele>996.848239</ele>
        <time>2025-10-17T03:09:06.356Z</time>
      </trkpt>
      <trkpt lat="44.436970" lon="5.346241">
        <ele>999.379543</ele>
        <time>2025-10-17T03:09:22.940Z</time>
      </trkpt>
      <trkpt lat="44.437272" lon="5.345943">
        <ele>1004.484892</ele>
        <time>2025-10-17T03:09:55.018Z</time>
      </trkpt>
      <trkpt lat="44.437303" lon="5.345934">
        <ele>1004.922405</ele>
        <time>2025-10-17T03:09:57.684Z</time>
      </trkpt>
      <trkpt lat="44.437405" lon="5.346048">
        <ele>1006.725822</ele>
        <time>2025-10-17T03:10:08.709Z</time>
      </trkpt>
      <trkpt lat="44.437513" lon="5.346080">
        <ele>1008.251367</ele>
        <time>2025-10-17T03:10:17.902Z</time>
      </trkpt>
      <trkpt lat="44.437655" lon="5.346074">
        <ele>1010.214634</ele>
        <time>2025-10-17T03:10:29.699Z</time>
      </trkpt>
      <trkpt lat="44.437817" lon="5.345987">
        <ele>1012.612345</ele>
        <time>2025-10-17T03:10:43.474Z</time>
      </trkpt>
      <trkpt lat="44.437857" lon="5.346010">
        <ele>1012.708994</ele>
        <time>2025-10-17T03:10:46.795Z</time>
      </trkpt>
      <trkpt lat="44.437960" lon="5.345854">
        <ele>1012.859641</ele>
        <time>2025-10-17T03:10:58.048Z</time>
      </trkpt>
      <trkpt lat="44.438125" lon="5.345687">
        <ele>1013.061791</ele>
        <time>2025-10-17T03:11:12.413Z</time>
      </trkpt>
      <trkpt lat="44.438390" lon="5.345553">
        <ele>1013.341561</ele>
        <time>2025-10-17T03:11:30.506Z</time>
      </trkpt>
      <trkpt lat="44.438451" lon="5.345494">
        <ele>1013.415175</ele>
        <time>2025-10-17T03:11:34.937Z</time>
      </trkpt>
      <trkpt lat="44.438633" lon="5.345484">
        <ele>1013.596039</ele>
        <time>2025-10-17T03:11:45.195Z</time>
      </trkpt>
      <trkpt lat="44.438799" lon="5.345288">
        <ele>1013.811637</ele>
        <time>2025-10-17T03:11:56.238Z</time>
      </trkpt>
      <trkpt lat="44.438925" lon="5.345188">
        <ele>1013.955447</ele>
        <time>2025-10-17T03:12:03.059Z</time>
      </trkpt>
      <trkpt lat="44.438989" lon="5.345036">
        <ele>1014.080557</ele>
        <time>2025-10-17T03:12:08.659Z</time>
      </trkpt>
      <trkpt lat="44.439037" lon="5.344806">
        <ele>1014.250449</ele>
        <time>2025-10-17T03:12:15.900Z</time>
      </trkpt>
      <trkpt lat="44.439158" lon="5.344595">
        <ele>1014.442325</ele>
        <time>2025-10-17T03:12:23.538Z</time>
      </trkpt>
      <trkpt lat="44.439182" lon="5.344472">
        <ele>1013.042198</ele>
        <time>2025-10-17T03:12:27.011Z</time>
      </trkpt>
      <trkpt lat="44.439296" lon="5.344173">
        <ele>1008.597995</ele>
        <time>2025-10-17T03:12:36.152Z</time>
      </trkpt>
      <trkpt lat="44.439262" lon="5.343792">
        <ele>1003.563733</ele>
        <time>2025-10-17T03:12:46.410Z</time>
      </trkpt>
      <trkpt lat="44.439326" lon="5.343678">
        <ele>1001.662338</ele>
        <time>2025-10-17T03:12:50.271Z</time>
      </trkpt>
      <trkpt lat="44.439293" lon="5.343583">
        <ele>1000.277178</ele>
        <time>2025-10-17T03:12:53.089Z</time>
      </trkpt>
      <trkpt lat="44.439288" lon="5.343329">
        <ele>996.945650</ele>
        <time>2025-10-17T03:12:59.812Z</time>
      </trkpt>
      <trkpt lat="44.439227" lon="5.343061">
        <ele>993.257599</ele>
        <time>2025-10-17T03:13:07.366Z</time>
      </trkpt>
      <trkpt lat="44.439147" lon="5.342876">
        <ele>990.421821</ele>
        <time>2025-10-17T03:13:13.211Z</time>
      </trkpt>
      <trkpt lat="44.439161" lon="5.342722">
        <ele>988.386380</ele>
        <time>2025-10-17T03:13:17.436Z</time>
      </trkpt>
      <trkpt lat="44.439143" lon="5.342557">
        <ele>986.197909</ele>
        <time>2025-10-17T03:13:21.939Z</time>
      </trkpt>
      <trkpt lat="44.439112" lon="5.342538">
        <ele>985.576525</ele>
        <time>2025-10-17T03:13:23.233Z</time>
      </trkpt>
      <trkpt lat="44.439085" lon="5.342354">
        <ele>983.113621</ele>
        <time>2025-10-17T03:13:28.235Z</time>
      </trkpt>
      <trkpt lat="44.439026" lon="5.342293">
        <ele>981.766959</ele>
        <time>2025-10-17T03:13:30.956Z</time>
      </trkpt>
      <trkpt lat="44.438988" lon="5.342172">
        <ele>980.436384</ele>
        <time>2025-10-17T03:13:34.466Z</time>
      </trkpt>
      <trkpt lat="44.438987" lon="5.341898">
        <ele>977.881780</ele>
        <time>2025-10-17T03:13:41.772Z</time>
      </trkpt>
      <trkpt lat="44.439006" lon="5.341818">
        <ele>977.095739</ele>
        <time>2025-10-17T03:13:44.045Z</time>
      </trkpt>
      <trkpt lat="44.438965" lon="5.341389">
        <ele>973.060392</ele>
        <time>2025-10-17T03:13:55.704Z</time>
      </trkpt>
      <trkpt lat="44.438941" lon="5.341316">
        <ele>972.311109</ele>
        <time>2025-10-17T03:13:57.853Z</time>
      </trkpt>
      <trkpt lat="44.438778" lon="5.340999">
        <ele>968.668987</ele>
        <time>2025-10-17T03:14:08.509Z</time>
      </trkpt>
      <trkpt lat="44.438721" lon="5.340737">
        <ele>966.115406</ele>
        <time>2025-10-17T03:14:16.243Z</time>
      </trkpt>
      <trkpt lat="44.438773" lon="5.340297">
        <ele>961.957343</ele>
        <time>2025-10-17T03:14:29.067Z</time>
      </trkpt>
      <trkpt lat="44.439252" lon="5.340599">
        <ele>954.228677</ele>
        <time>2025-10-17T03:14:49.996Z</time>
      </trkpt>
      <trkpt lat="44.439282" lon="5.340744">
        <ele>952.390725</ele>
        <time>2025-10-17T03:14:54.120Z</time>
      </trkpt>
      <trkpt lat="44.439487" lon="5.340983">
        <ele>947.842583</ele>
        <time>2025-10-17T03:15:04.243Z</time>
      </trkpt>
      <trkpt lat="44.439569" lon="5.340972">
        <ele>946.437958</ele>
        <time>2025-10-17T03:15:07.341Z</time>
      </trkpt>
      <trkpt lat="44.439602" lon="5.341027">
        <ele>945.563314</ele>
        <time>2025-10-17T03:15:09.299Z</time>
      </trkpt>
      <trkpt lat="44.439812" lon="5.341183">
        <ele>941.509994</ele>
        <time>2025-10-17T03:15:18.212Z</time>
      </trkpt>
      <trkpt lat="44.439949" lon="5.341431">
        <ele>937.692495</ele>
        <time>2025-10-17T03:15:26.579Z</time>
      </trkpt>
      <trkpt lat="44.440138" lon="5.341604">
        <ele>933.842545</ele>
        <time>2025-10-17T03:15:34.989Z</time>
      </trkpt>
      <trkpt lat="44.440425" lon="5.342007">
        <ele>926.689128</ele>
        <time>2025-10-17T03:15:50.349Z</time>
      </trkpt>
      <trkpt lat="44.440485" lon="5.342178">
        <ele>922.921523</ele>
        <time>2025-10-17T03:15:55.603Z</time>
      </trkpt>
      <trkpt lat="44.440505" lon="5.342320">
        <ele>920.059510</ele>
        <time>2025-10-17T03:15:59.628Z</time>
      </trkpt>
      <trkpt lat="44.440563" lon="5.342405">
        <ele>917.734569</ele>
        <time>2025-10-17T03:16:02.899Z</time>
      </trkpt>
      <trkpt lat="44.440788" lon="5.342480">
        <ele>911.329046</ele>
        <time>2025-10-17T03:16:11.929Z</time>
      </trkpt>
      <trkpt lat="44.440905" lon="5.342751">
        <ele>905.066800</ele>
        <time>2025-10-17T03:16:20.830Z</time>
      </trkpt>
      <trkpt lat="44.441034" lon="5.342894">
        <ele>900.510497</ele>
        <time>2025-10-17T03:16:27.378Z</time>
      </trkpt>
      <trkpt lat="44.441167" lon="5.342941">
        <ele>896.711568</ele>
        <time>2025-10-17T03:16:32.829Z</time>
      </trkpt>
      <trkpt lat="44.441412" lon="5.343433">
        <ele>884.850368</ele>
        <time>2025-10-17T03:16:50.239Z</time>
      </trkpt>
      <trkpt lat="44.441443" lon="5.343538">
        <ele>882.603624</ele>
        <time>2025-10-17T03:16:53.594Z</time>
      </trkpt>
      <trkpt lat="44.441931" lon="5.344285">
        <ele>863.979415</ele>
        <time>2025-10-17T03:17:24.231Z</time>
      </trkpt>
      <trkpt lat="44.442022" lon="5.344292">
        <ele>861.692368</ele>
        <time>2025-10-17T03:17:28.133Z</time>
      </trkpt>
      <trkpt lat="44.442155" lon="5.344620">
        <ele>854.934121</ele>
        <time>2025-10-17T03:17:39.616Z</time>
      </trkpt>
      <trkpt lat="44.442216" lon="5.345001">
        <ele>847.938423</ele>
        <time>2025-10-17T03:17:50.856Z</time>
      </trkpt>
      <trkpt lat="44.442467" lon="5.345462">
        <ele>837.551279</ele>
        <time>2025-10-17T03:18:06.240Z</time>
      </trkpt>
      <trkpt lat="44.442538" lon="5.346001">
        <ele>833.353823</ele>
        <time>2025-10-17T03:18:21.059Z</time>
      </trkpt>
      <trkpt lat="44.442650" lon="5.345681">
        <ele>834.791090</ele>
        <time>2025-10-17T03:18:31.998Z</time>
      </trkpt>
      <trkpt lat="44.442751" lon="5.345675">
        <ele>835.362125</ele>
        <time>2025-10-17T03:18:36.807Z</time>
      </trkpt>
      <trkpt lat="44.442776" lon="5.345635">
        <ele>835.576521</ele>
        <time>2025-10-17T03:18:38.724Z</time>
      </trkpt>
      <trkpt lat="44.442876" lon="5.345179">
        <ele>837.500325</ele>
        <time>2025-10-17T03:18:59.309Z</time>
      </trkpt>
      <trkpt lat="44.443093" lon="5.344736">
        <ele>839.666974</ele>
        <time>2025-10-17T03:19:34.353Z</time>
      </trkpt>
      <trkpt lat="44.443163" lon="5.344622">
        <ele>840.273373</ele>
        <time>2025-10-17T03:19:46.777Z</time>
      </trkpt>
      <trkpt lat="44.443276" lon="5.344496">
        <ele>841.089243</ele>
        <time>2025-10-17T03:20:03.062Z</time>
      </trkpt>
      <trkpt lat="44.443351" lon="5.344413">
        <ele>841.629175</ele>
        <time>2025-10-17T03:20:13.413Z</time>
      </trkpt>
      <trkpt lat="44.443448" lon="5.344231">
        <ele>842.658064</ele>
        <time>2025-10-17T03:20:31.040Z</time>
      </trkpt>
      <trkpt lat="44.443725" lon="5.343984">
        <ele>847.770704</ele>
        <time>2025-10-17T03:21:05.652Z</time>
      </trkpt>
      <trkpt lat="44.443802" lon="5.343847">
        <ele>849.708862</ele>
        <time>2025-10-17T03:21:18.596Z</time>
      </trkpt>
      <trkpt lat="44.443882" lon="5.343579">
        <ele>852.937832</ele>
        <time>2025-10-17T03:21:40.224Z</time>
      </trkpt>
      <trkpt lat="44.444363" lon="5.343542">
        <ele>860.438200</ele>
        <time>2025-10-17T03:22:20.874Z</time>
      </trkpt>
      <trkpt lat="44.444480" lon="5.343522">
        <ele>862.273385</ele>
        <time>2025-10-17T03:22:30.488Z</time>
      </trkpt>
      <trkpt lat="44.444577" lon="5.343470">
        <ele>863.890490</ele>
        <time>2025-10-17T03:22:38.672Z</time>
      </trkpt>
      <trkpt lat="44.445004" lon="5.343392">
        <ele>870.539179</ele>
        <time>2025-10-17T03:23:11.015Z</time>
      </trkpt>
      <trkpt lat="44.445036" lon="5.343341">
        <ele>870.909300</ele>
        <time>2025-10-17T03:23:14.338Z</time>
      </trkpt>
      <trkpt lat="44.445054" lon="5.343229">
        <ele>871.535109</ele>
        <time>2025-10-17T03:23:19.923Z</time>
      </trkpt>
      <trkpt lat="44.445138" lon="5.343070">
        <ele>872.613350</ele>
        <time>2025-10-17T03:23:29.538Z</time>
      </trkpt>
      <trkpt lat="44.445358" lon="5.342802">
        <ele>874.839564</ele>
        <time>2025-10-17T03:23:49.398Z</time>
      </trkpt>
      <trkpt lat="44.445406" lon="5.342802">
        <ele>875.206068</ele>
        <time>2025-10-17T03:23:52.591Z</time>
      </trkpt>
      <trkpt lat="44.445611" lon="5.342928">
        <ele>876.915413</ele>
        <time>2025-10-17T03:24:07.124Z</time>
      </trkpt>
      <trkpt lat="44.445927" lon="5.342374">
        <ele>880.780846</ele>
        <time>2025-10-17T03:24:35.565Z</time>
      </trkpt>
      <trkpt lat="44.446051" lon="5.342271">
        <ele>881.881608</ele>
        <time>2025-10-17T03:24:42.865Z</time>
      </trkpt>
      <trkpt lat="44.446387" lon="5.342215">
        <ele>884.176931</ele>
        <time>2025-10-17T03:24:58.864Z</time>
      </trkpt>
      <trkpt lat="44.447412" lon="5.341563">
        <ele>882.710949</ele>
        <time>2025-10-17T03:25:43.703Z</time>
      </trkpt>
      <trkpt lat="44.447481" lon="5.341430">
        <ele>882.558103</ele>
        <time>2025-10-17T03:25:48.018Z</time>
      </trkpt>
      <trkpt lat="44.447759" lon="5.341489">
        <ele>882.191948</ele>
        <time>2025-10-17T03:25:58.302Z</time>
      </trkpt>
      <trkpt lat="44.447922" lon="5.341454">
        <ele>881.977203</ele>
        <time>2025-10-17T03:26:04.406Z</time>
      </trkpt>
      <trkpt lat="44.448087" lon="5.341562">
        <ele>882.228895</ele>
        <time>2025-10-17T03:26:11.323Z</time>
      </trkpt>
      <trkpt lat="44.448222" lon="5.341570">
        <ele>882.682501</ele>
        <time>2025-10-17T03:26:16.549Z</time>
      </trkpt>
      <trkpt lat="44.448398" lon="5.341888">
        <ele>883.646805</ele>
        <time>2025-10-17T03:26:28.062Z</time>
      </trkpt>
      <trkpt lat="44.448455" lon="5.342072">
        <ele>884.127494</ele>
        <time>2025-10-17T03:26:34.092Z</time>
      </trkpt>
      <trkpt lat="44.448561" lon="5.342181">
        <ele>884.568927</ele>
        <time>2025-10-17T03:26:39.922Z</time>
      </trkpt>
      <trkpt lat="44.448658" lon="5.342209">
        <ele>884.901401</ele>
        <time>2025-10-17T03:26:44.425Z</time>
      </trkpt>
      <trkpt lat="44.449309" lon="5.341646">
        <ele>887.469774</ele>
        <time>2025-10-17T03:27:26.254Z</time>
      </trkpt>
      <trkpt lat="44.449349" lon="5.341531">
        <ele>887.776344</ele>
        <time>2025-10-17T03:27:32.350Z</time>
      </trkpt>
      <trkpt lat="44.449319" lon="5.341472">
        <ele>887.991056</ele>
        <time>2025-10-17T03:27:35.751Z</time>
      </trkpt>
      <trkpt lat="44.449255" lon="5.341480">
        <ele>888.459057</ele>
        <time>2025-10-17T03:27:40.077Z</time>
      </trkpt>
      <trkpt lat="44.449247" lon="5.341399">
        <ele>888.884230</ele>
        <time>2025-10-17T03:27:44.048Z</time>
      </trkpt>
      <trkpt lat="44.449357" lon="5.341359">
        <ele>889.711977</ele>
        <time>2025-10-17T03:27:51.631Z</time>
      </trkpt>
      <trkpt lat="44.449512" lon="5.341197">
        <ele>891.120535</ele>
        <time>2025-10-17T03:28:04.362Z</time>
      </trkpt>
      <trkpt lat="44.449805" lon="5.341249">
        <ele>893.271678</ele>
        <time>2025-10-17T03:28:22.319Z</time>
      </trkpt>
      <trkpt lat="44.450144" lon="5.341198">
        <ele>895.755005</ele>
        <time>2025-10-17T03:28:41.494Z</time>
      </trkpt>
      <trkpt lat="44.450264" lon="5.341214">
        <ele>896.632983</ele>
        <time>2025-10-17T03:28:47.902Z</time>
      </trkpt>
      <trkpt lat="44.450640" lon="5.341110">
        <ele>899.424477</ele>
        <time>2025-10-17T03:29:07.576Z</time>
      </trkpt>
      <trkpt lat="44.450690" lon="5.341119">
        <ele>899.791649</ele>
        <time>2025-10-17T03:29:10.106Z</time>
      </trkpt>
      <trkpt lat="44.450960" lon="5.341375">
        <ele>902.366176</ele>
        <time>2025-10-17T03:29:26.656Z</time>
      </trkpt>
      <trkpt lat="44.451111" lon="5.341407">
        <ele>903.671653</ele>
        <time>2025-10-17T03:29:34.522Z</time>
      </trkpt>
      <trkpt lat="44.451316" lon="5.341276">
        <ele>905.597767</ele>
        <time>2025-10-17T03:29:46.300Z</time>
      </trkpt>
      <trkpt lat="44.451578" lon="5.341202">
        <ele>907.882485</ele>
        <time>2025-10-17T03:30:01.048Z</time>
      </trkpt>
      <trkpt lat="44.451802" lon="5.340758">
        <ele>911.200171</ele>
        <time>2025-10-17T03:30:24.530Z</time>
      </trkpt>
      <trkpt lat="44.451913" lon="5.340819">
        <ele>912.219430</ele>
        <time>2025-10-17T03:30:32.251Z</time>
      </trkpt>
      <trkpt lat="44.452120" lon="5.340662">
        <ele>914.231624</ele>
        <time>2025-10-17T03:30:48.727Z</time>
      </trkpt>
      <trkpt lat="44.452264" lon="5.340709">
        <ele>915.495546</ele>
        <time>2025-10-17T03:30:59.325Z</time>
      </trkpt>
      <trkpt lat="44.452329" lon="5.340693">
        <ele>916.059696</ele>
        <time>2025-10-17T03:31:04.123Z</time>
      </trkpt>
      <trkpt lat="44.452587" lon="5.340483">
        <ele>920.275740</ele>
        <time>2025-10-17T03:31:26.142Z</time>
      </trkpt>
      <trkpt lat="44.452836" lon="5.340179">
        <ele>925.217361</ele>
        <time>2025-10-17T03:31:51.329Z</time>
      </trkpt>
      <trkpt lat="44.453121" lon="5.339982">
        <ele>929.972182</ele>
        <time>2025-10-17T03:32:16.528Z</time>
      </trkpt>
      <trkpt lat="44.453651" lon="5.339728">
        <ele>938.352909</ele>
        <time>2025-10-17T03:33:03.924Z</time>
      </trkpt>
      <trkpt lat="44.453755" lon="5.339727">
        <ele>939.908936</ele>
        <time>2025-10-17T03:33:13.020Z</time>
      </trkpt>
      <trkpt lat="44.454077" lon="5.339534">
        <ele>945.372996</ele>
        <time>2025-10-17T03:33:43.501Z</time>
      </trkpt>
      <trkpt lat="44.454167" lon="5.339376">
        <ele>947.793538</ele>
        <time>2025-10-17T03:33:56.111Z</time>
      </trkpt>
      <trkpt lat="44.454269" lon="5.339257">
        <ele>950.020277</ele>
        <time>2025-10-17T03:34:07.630Z</time>
      </trkpt>
      <trkpt lat="44.454358" lon="5.339245">
        <ele>951.520190</ele>
        <time>2025-10-17T03:34:15.434Z</time>
      </trkpt>
      <trkpt lat="44.454435" lon="5.339298">
        <ele>952.959387</ele>
        <time>2025-10-17T03:34:22.736Z</time>
      </trkpt>
      <trkpt lat="44.454489" lon="5.339288">
        <ele>953.873141</ele>
        <time>2025-10-17T03:34:27.435Z</time>
      </trkpt>
      <trkpt lat="44.454648" lon="5.339201">
        <ele>956.736662</ele>
        <time>2025-10-17T03:34:41.990Z</time>
      </trkpt>
      <trkpt lat="44.454820" lon="5.339058">
        <ele>960.091880</ele>
        <time>2025-10-17T03:34:59.163Z</time>
      </trkpt>
      <trkpt lat="44.454961" lon="5.339007">
        <ele>962.534781</ele>
        <time>2025-10-17T03:35:11.617Z</time>
      </trkpt>
      <trkpt lat="44.454998" lon="5.339048">
        <ele>963.326164</ele>
        <time>2025-10-17T03:35:15.691Z</time>
      </trkpt>
      <trkpt lat="44.455023" lon="5.339197">
        <ele>965.158965</ele>
        <time>2025-10-17T03:35:25.027Z</time>
      </trkpt>
      <trkpt lat="44.455100" lon="5.339347">
        <ele>967.371352</ele>
        <time>2025-10-17T03:35:36.340Z</time>
      </trkpt>
      <trkpt lat="44.455300" lon="5.339431">
        <ele>970.873970</ele>
        <time>2025-10-17T03:35:54.001Z</time>
      </trkpt>
      <trkpt lat="44.455365" lon="5.339332">
        <ele>972.484645</ele>
        <time>2025-10-17T03:36:02.087Z</time>
      </trkpt>
      <trkpt lat="44.455421" lon="5.339142">
        <ele>974.503558</ele>
        <time>2025-10-17T03:36:14.516Z</time>
      </trkpt>
      <trkpt lat="44.455748" lon="5.338425">
        <ele>981.629294</ele>
        <time>2025-10-17T03:37:07.538Z</time>
      </trkpt>
      <trkpt lat="44.455793" lon="5.338269">
        <ele>983.038404</ele>
        <time>2025-10-17T03:37:17.927Z</time>
      </trkpt>
      <trkpt lat="44.455940" lon="5.338061">
        <ele>985.489733</ele>
        <time>2025-10-17T03:37:34.255Z</time>
      </trkpt>
      <trkpt lat="44.456064" lon="5.337469">
        <ele>990.656615</ele>
        <time>2025-10-17T03:38:04.406Z</time>
      </trkpt>
      <trkpt lat="44.456102" lon="5.337408">
        <ele>991.334665</ele>
        <time>2025-10-17T03:38:07.579Z</time>
      </trkpt>
      <trkpt lat="44.456184" lon="5.337038">
        <ele>994.575257</ele>
        <time>2025-10-17T03:38:21.437Z</time>
      </trkpt>
      <trkpt lat="44.456234" lon="5.336925">
        <ele>993.692715</ele>
        <time>2025-10-17T03:38:25.678Z</time>
      </trkpt>
      <trkpt lat="44.456370" lon="5.336877">
        <ele>992.388414</ele>
        <time>2025-10-17T03:38:32.507Z</time>
      </trkpt>
      <trkpt lat="44.456571" lon="5.336885">
        <ele>990.518385</ele>
        <time>2025-10-17T03:38:41.657Z</time>
      </trkpt>
      <trkpt lat="44.456694" lon="5.336845">
        <ele>989.344087</ele>
        <time>2025-10-17T03:38:47.089Z</time>
      </trkpt>
      <trkpt lat="44.457079" lon="5.336620">
        <ele>985.464609</ele>
        <time>2025-10-17T03:39:03.250Z</time>
      </trkpt>
      <trkpt lat="44.457152" lon="5.336526">
        <ele>984.542526</ele>
        <time>2025-10-17T03:39:07.002Z</time>
      </trkpt>
      <trkpt lat="44.457306" lon="5.336182">
        <ele>981.847087</ele>
        <time>2025-10-17T03:39:17.881Z</time>
      </trkpt>
      <trkpt lat="44.457373" lon="5.335958">
        <ele>980.234901</ele>
        <time>2025-10-17T03:39:24.389Z</time>
      </trkpt>
      <trkpt lat="44.457547" lon="5.335051">
        <ele>970.354336</ele>
        <time>2025-10-17T03:39:49.521Z</time>
      </trkpt>
      <trkpt lat="44.457659" lon="5.334864">
        <ele>967.198982</ele>
        <time>2025-10-17T03:39:56.024Z</time>
      </trkpt>
      <trkpt lat="44.457820" lon="5.334739">
        <ele>963.865630</ele>
        <time>2025-10-17T03:40:02.897Z</time>
      </trkpt>
      <trkpt lat="44.457910" lon="5.334535">
        <ele>960.765732</ele>
        <time>2025-10-17T03:40:09.318Z</time>
      </trkpt>
      <trkpt lat="44.458168" lon="5.333362">
        <ele>944.927931</ele>
        <time>2025-10-17T03:40:42.082Z</time>
      </trkpt>
      <trkpt lat="44.458358" lon="5.332781">
        <ele>937.272136</ele>
        <time>2025-10-17T03:40:59.164Z</time>
      </trkpt>
      <trkpt lat="44.458442" lon="5.332370">
        <ele>932.150732</ele>
        <time>2025-10-17T03:41:10.629Z</time>
      </trkpt>
      <trkpt lat="44.458537" lon="5.332117">
        <ele>928.726132</ele>
        <time>2025-10-17T03:41:18.281Z</time>
      </trkpt>
      <trkpt lat="44.458616" lon="5.331696">
        <ele>923.511439</ele>
        <time>2025-10-17T03:41:29.952Z</time>
      </trkpt>
      <trkpt lat="44.458697" lon="5.330917">
        <ele>914.181695</ele>
        <time>2025-10-17T03:41:51.096Z</time>
      </trkpt>
      <trkpt lat="44.458703" lon="5.330479">
        <ele>909.457319</ele>
        <time>2025-10-17T03:42:02.861Z</time>
      </trkpt>
      <trkpt lat="44.458664" lon="5.330026">
        <ele>904.536638</ele>
        <time>2025-10-17T03:42:15.120Z</time>
      </trkpt>
      <trkpt lat="44.458712" lon="5.329500">
        <ele>898.817942</ele>
        <time>2025-10-17T03:42:29.378Z</time>
      </trkpt>
      <trkpt lat="44.458625" lon="5.329203">
        <ele>895.355768</ele>
        <time>2025-10-17T03:42:37.997Z</time>
      </trkpt>
      <trkpt lat="44.458558" lon="5.328839">
        <ele>891.301861</ele>
        <time>2025-10-17T03:42:48.139Z</time>
      </trkpt>
      <trkpt lat="44.458556" lon="5.328185">
        <ele>884.536212</ele>
        <time>2025-10-17T03:43:05.744Z</time>
      </trkpt>
      <trkpt lat="44.458467" lon="5.327302">
        <ele>875.673129</ele>
        <time>2025-10-17T03:43:29.818Z</time>
      </trkpt>
      <trkpt lat="44.458475" lon="5.326858">
        <ele>871.258867</ele>
        <time>2025-10-17T03:43:41.799Z</time>
      </trkpt>
      <trkpt lat="44.458574" lon="5.326245">
        <ele>865.012335</ele>
        <time>2025-10-17T03:43:58.738Z</time>
      </trkpt>
      <trkpt lat="44.458703" lon="5.325727">
        <ele>859.773668</ele>
        <time>2025-10-17T03:44:13.532Z</time>
      </trkpt>
      <trkpt lat="44.458725" lon="5.325358">
        <ele>856.331504</ele>
        <time>2025-10-17T03:44:23.513Z</time>
      </trkpt>
      <trkpt lat="44.458689" lon="5.324969">
        <ele>852.685097</ele>
        <time>2025-10-17T03:44:34.112Z</time>
      </trkpt>
      <trkpt lat="44.458722" lon="5.324683">
        <ele>849.991929</ele>
        <time>2025-10-17T03:44:41.970Z</time>
      </trkpt>
      <trkpt lat="44.459008" lon="5.323911">
        <ele>841.906351</ele>
        <time>2025-10-17T03:45:05.481Z</time>
      </trkpt>
      <trkpt lat="44.459073" lon="5.323468">
        <ele>838.122527</ele>
        <time>2025-10-17T03:45:17.712Z</time>
      </trkpt>
      <trkpt lat="44.459122" lon="5.323392">
        <ele>837.400384</ele>
        <time>2025-10-17T03:45:20.492Z</time>
      </trkpt>
      <trkpt lat="44.459183" lon="5.323193">
        <ele>835.873292</ele>
        <time>2025-10-17T03:45:26.349Z</time>
      </trkpt>
      <trkpt lat="44.459285" lon="5.322729">
        <ele>832.449941</ele>
        <time>2025-10-17T03:45:39.600Z</time>
      </trkpt>
      <trkpt lat="44.459372" lon="5.322075">
        <ele>827.759145</ele>
        <time>2025-10-17T03:45:58.124Z</time>
      </trkpt>
      <trkpt lat="44.459361" lon="5.321896">
        <ele>826.492338</ele>
        <time>2025-10-17T03:46:03.094Z</time>
      </trkpt>
      <trkpt lat="44.459498" lon="5.320958">
        <ele>820.550688</ele>
        <time>2025-10-17T03:46:30.689Z</time>
      </trkpt>
      <trkpt lat="44.459576" lon="5.320762">
        <ele>819.630866</ele>
        <time>2025-10-17T03:46:37.479Z</time>
      </trkpt>
      <trkpt lat="44.459643" lon="5.320347">
        <ele>817.886855</ele>
        <time>2025-10-17T03:46:50.613Z</time>
      </trkpt>
      <trkpt lat="44.459762" lon="5.319832">
        <ele>815.668066</ele>
        <time>2025-10-17T03:47:07.741Z</time>
      </trkpt>
      <trkpt lat="44.459807" lon="5.318503">
        <ele>809.451458</ele>
        <time>2025-10-17T03:47:48.633Z</time>
      </trkpt>
      <trkpt lat="44.459772" lon="5.318147">
        <ele>806.984286</ele>
        <time>2025-10-17T03:47:58.728Z</time>
      </trkpt>
      <trkpt lat="44.459652" lon="5.318053">
        <ele>805.661856</ele>
        <time>2025-10-17T03:48:03.175Z</time>
      </trkpt>
      <trkpt lat="44.459592" lon="5.317962">
        <ele>804.811324</ele>
        <time>2025-10-17T03:48:06.036Z</time>
      </trkpt>
      <trkpt lat="44.459440" lon="5.317602">
        <ele>801.939684</ele>
        <time>2025-10-17T03:48:15.693Z</time>
      </trkpt>
      <trkpt lat="44.459431" lon="5.317572">
        <ele>801.716266</ele>
        <time>2025-10-17T03:48:16.421Z</time>
      </trkpt>
      <trkpt lat="44.459344" lon="5.317283">
        <ele>799.562883</ele>
        <time>2025-10-17T03:48:23.675Z</time>
      </trkpt>
      <trkpt lat="44.459223" lon="5.317112">
        <ele>797.909731</ele>
        <time>2025-10-17T03:48:29.227Z</time>
      </trkpt>
      <trkpt lat="44.459137" lon="5.317080">
        <ele>797.053827</ele>
        <time>2025-10-17T03:48:32.114Z</time>
      </trkpt>
      <trkpt lat="44.458939" lon="5.317136">
        <ele>795.110861</ele>
        <time>2025-10-17T03:48:38.706Z</time>
      </trkpt>
      <trkpt lat="44.458751" lon="5.317242">
        <ele>793.435637</ele>
        <time>2025-10-17T03:48:45.353Z</time>
      </trkpt>
      <trkpt lat="44.458683" lon="5.317324">
        <ele>792.840651</ele>
        <time>2025-10-17T03:48:48.351Z</time>
      </trkpt>
      <trkpt lat="44.458475" lon="5.317722">
        <ele>790.505753</ele>
        <time>2025-10-17T03:49:00.228Z</time>
      </trkpt>
      <trkpt lat="44.458342" lon="5.317921">
        <ele>789.215323</ele>
        <time>2025-10-17T03:49:07.040Z</time>
      </trkpt>
      <trkpt lat="44.458183" lon="5.318007">
        <ele>788.085040</ele>
        <time>2025-10-17T03:49:13.203Z</time>
      </trkpt>
      <trkpt lat="44.458099" lon="5.317984">
        <ele>787.517442</ele>
        <time>2025-10-17T03:49:16.354Z</time>
      </trkpt>
      <trkpt lat="44.458067" lon="5.317928">
        <ele>787.177886</ele>
        <time>2025-10-17T03:49:18.245Z</time>
      </trkpt>
      <trkpt lat="44.458054" lon="5.317805">
        <ele>786.589325</ele>
        <time>2025-10-17T03:49:21.556Z</time>
      </trkpt>
      <trkpt lat="44.458079" lon="5.317363">
        <ele>784.490588</ele>
        <time>2025-10-17T03:49:33.317Z</time>
      </trkpt>
      <trkpt lat="44.458449" lon="5.316416">
        <ele>781.108016</ele>
        <time>2025-10-17T03:50:01.320Z</time>
      </trkpt>
      <trkpt lat="44.458461" lon="5.316342">
        <ele>780.975655</ele>
        <time>2025-10-17T03:50:03.313Z</time>
      </trkpt>
      <trkpt lat="44.458421" lon="5.316184">
        <ele>780.683246</ele>
        <time>2025-10-17T03:50:07.768Z</time>
      </trkpt>
      <trkpt lat="44.458247" lon="5.315793">
        <ele>779.879560</ele>
        <time>2025-10-17T03:50:20.236Z</time>
      </trkpt>
      <trkpt lat="44.458215" lon="5.315605">
        <ele>779.542451</ele>
        <time>2025-10-17T03:50:25.578Z</time>
      </trkpt>
      <trkpt lat="44.458287" lon="5.315587">
        <ele>779.363724</ele>
        <time>2025-10-17T03:50:28.442Z</time>
      </trkpt>
      <trkpt lat="44.458483" lon="5.315359">
        <ele>778.741181</ele>
        <time>2025-10-17T03:50:38.523Z</time>
      </trkpt>
      <trkpt lat="44.458625" lon="5.315253">
        <ele>778.347993</ele>
        <time>2025-10-17T03:50:45.037Z</time>
      </trkpt>
      <trkpt lat="44.458918" lon="5.315104">
        <ele>777.852318</ele>
        <time>2025-10-17T03:50:58.063Z</time>
      </trkpt>
      <trkpt lat="44.459028" lon="5.314940">
        <ele>778.236488</ele>
        <time>2025-10-17T03:51:05.030Z</time>
      </trkpt>
      <trkpt lat="44.459141" lon="5.314576">
        <ele>778.914080</ele>
        <time>2025-10-17T03:51:17.667Z</time>
      </trkpt>
      <trkpt lat="44.459243" lon="5.314360">
        <ele>779.356195</ele>
        <time>2025-10-17T03:51:25.987Z</time>
      </trkpt>
      <trkpt lat="44.459334" lon="5.314269">
        <ele>779.623585</ele>
        <time>2025-10-17T03:51:31.072Z</time>
      </trkpt>
      <trkpt lat="44.459607" lon="5.313996">
        <ele>780.425757</ele>
        <time>2025-10-17T03:51:46.471Z</time>
      </trkpt>
      <trkpt lat="44.460083" lon="5.313985">
        <ele>781.564337</ele>
        <time>2025-10-17T03:52:08.697Z</time>
      </trkpt>
      <trkpt lat="44.460610" lon="5.313749">
        <ele>783.323702</ele>
        <time>2025-10-17T03:52:34.738Z</time>
      </trkpt>
      <trkpt lat="44.461064" lon="5.313682">
        <ele>784.965971</ele>
        <time>2025-10-17T03:52:56.351Z</time>
      </trkpt>
      <trkpt lat="44.461250" lon="5.313479">
        <ele>785.814142</ele>
        <time>2025-10-17T03:53:07.557Z</time>
      </trkpt>
      <trkpt lat="44.461343" lon="5.313378">
        <ele>786.237439</ele>
        <time>2025-10-17T03:53:13.194Z</time>
      </trkpt>
      <trkpt lat="44.461833" lon="5.313111">
        <ele>788.128794</ele>
        <time>2025-10-17T03:53:38.301Z</time>
      </trkpt>
      <trkpt lat="44.462502" lon="5.312609">
        <ele>792.593508</ele>
        <time>2025-10-17T03:54:14.008Z</time>
      </trkpt>
      <trkpt lat="44.462515" lon="5.312734">
        <ele>793.155626</ele>
        <time>2025-10-17T03:54:18.233Z</time>
      </trkpt>
      <trkpt lat="44.461945" lon="5.313440">
        <ele>797.899095</ele>
        <time>2025-10-17T03:54:58.794Z</time>
      </trkpt>
      <trkpt lat="44.461884" lon="5.313602">
        <ele>798.714169</ele>
        <time>2025-10-17T03:55:07.027Z</time>
      </trkpt>
      <trkpt lat="44.461878" lon="5.313674">
        <ele>799.036745</ele>
        <time>2025-10-17T03:55:10.495Z</time>
      </trkpt>
      <trkpt lat="44.461903" lon="5.313712">
        <ele>799.266726</ele>
        <time>2025-10-17T03:55:12.928Z</time>
      </trkpt>
      <trkpt lat="44.462097" lon="5.313637">
        <ele>801.569323</ele>
        <time>2025-10-17T03:55:26.883Z</time>
      </trkpt>
      <trkpt lat="44.462301" lon="5.313659">
        <ele>804.486948</ele>
        <time>2025-10-17T03:55:44.407Z</time>
      </trkpt>
      <trkpt lat="44.462437" lon="5.313718">
        <ele>806.517128</ele>
        <time>2025-10-17T03:55:56.979Z</time>
      </trkpt>
      <trkpt lat="44.462709" lon="5.313935">
        <ele>810.980506</ele>
        <time>2025-10-17T03:56:25.888Z</time>
      </trkpt>
      <trkpt lat="44.462851" lon="5.314128">
        <ele>813.801580</ele>
        <time>2025-10-17T03:56:45.129Z</time>
      </trkpt>
      <trkpt lat="44.462967" lon="5.314211">
        <ele>815.658934</ele>
        <time>2025-10-17T03:56:58.144Z</time>
      </trkpt>
      <trkpt lat="44.463120" lon="5.314277">
        <ele>817.941758</ele>
        <time>2025-10-17T03:57:14.428Z</time>
      </trkpt>
      <trkpt lat="44.463945" lon="5.314772">
        <ele>832.432696</ele>
        <time>2025-10-17T03:58:41.518Z</time>
      </trkpt>
      <trkpt lat="44.464837" lon="5.314862">
        <ele>849.196555</ele>
        <time>2025-10-17T04:00:14.275Z</time>
      </trkpt>
      <trkpt lat="44.465068" lon="5.314939">
        <ele>853.647497</ele>
        <time>2025-10-17T04:00:42.984Z</time>
      </trkpt>
      <trkpt lat="44.465123" lon="5.314974">
        <ele>854.779817</ele>
        <time>2025-10-17T04:00:50.510Z</time>
      </trkpt>
      <trkpt lat="44.465334" lon="5.315228">
        <ele>860.238960</ele>
        <time>2025-10-17T04:01:26.934Z</time>
      </trkpt>
      <trkpt lat="44.465650" lon="5.315434">
        <ele>868.505036</ele>
        <time>2025-10-17T04:02:14.796Z</time>
      </trkpt>
      <trkpt lat="44.466110" lon="5.315836">
        <ele>881.362969</ele>
        <time>2025-10-17T04:03:33.590Z</time>
      </trkpt>
      <trkpt lat="44.466509" lon="5.315822">
        <ele>890.829136</ele>
        <time>2025-10-17T04:04:30.632Z</time>
      </trkpt>
      <trkpt lat="44.466667" lon="5.315990">
        <ele>895.533223</ele>
        <time>2025-10-17T04:04:58.005Z</time>
      </trkpt>
      <trkpt lat="44.466825" lon="5.316076">
        <ele>899.553345</ele>
        <time>2025-10-17T04:05:20.751Z</time>
      </trkpt>
      <trkpt lat="44.467107" lon="5.316611">
        <ele>905.846568</ele>
        <time>2025-10-17T04:06:14.737Z</time>
      </trkpt>
      <trkpt lat="44.467284" lon="5.317003">
        <ele>909.405577</ele>
        <time>2025-10-17T04:06:45.695Z</time>
      </trkpt>
      <trkpt lat="44.467446" lon="5.317276">
        <ele>912.129631</ele>
        <time>2025-10-17T04:07:06.746Z</time>
      </trkpt>
      <trkpt lat="44.468251" lon="5.318339">
        <ele>921.027477</ele>
        <time>2025-10-17T04:08:09.386Z</time>
      </trkpt>
      <trkpt lat="44.468690" lon="5.318799">
        <ele>920.947725</ele>
        <time>2025-10-17T04:08:35.315Z</time>
      </trkpt>
      <trkpt lat="44.468788" lon="5.318928">
        <ele>920.928163</ele>
        <time>2025-10-17T04:08:41.685Z</time>
      </trkpt>
      <trkpt lat="44.468861" lon="5.319095">
        <ele>920.907830</ele>
        <time>2025-10-17T04:08:48.332Z</time>
      </trkpt>
      <trkpt lat="44.469042" lon="5.319237">
        <ele>920.877650</ele>
        <time>2025-10-17T04:08:58.138Z</time>
      </trkpt>
      <trkpt lat="44.469330" lon="5.319675">
        <ele>920.815814</ele>
        <time>2025-10-17T04:09:17.965Z</time>
      </trkpt>
      <trkpt lat="44.469639" lon="5.319855">
        <ele>920.016072</ele>
        <time>2025-10-17T04:09:33.298Z</time>
      </trkpt>
      <trkpt lat="44.469863" lon="5.320198">
        <ele>919.029527</ele>
        <time>2025-10-17T04:09:48.293Z</time>
      </trkpt>
      <trkpt lat="44.469893" lon="5.320409">
        <ele>918.573020</ele>
        <time>2025-10-17T04:09:55.172Z</time>
      </trkpt>
      <trkpt lat="44.469878" lon="5.320713">
        <ele>917.926443</ele>
        <time>2025-10-17T04:10:04.956Z</time>
      </trkpt>
      <trkpt lat="44.469832" lon="5.320847">
        <ele>917.610931</ele>
        <time>2025-10-17T04:10:09.710Z</time>
      </trkpt>
      <trkpt lat="44.469814" lon="5.321018">
        <ele>917.244171</ele>
        <time>2025-10-17T04:10:15.295Z</time>
      </trkpt>
      <trkpt lat="44.469832" lon="5.321151">
        <ele>916.956937</ele>
        <time>2025-10-17T04:10:19.653Z</time>
      </trkpt>
      <trkpt lat="44.469817" lon="5.321293">
        <ele>916.652353</ele>
        <time>2025-10-17T04:10:24.287Z</time>
      </trkpt>
      <trkpt lat="44.469780" lon="5.321391">
        <ele>916.417105</ele>
        <time>2025-10-17T04:10:27.848Z</time>
      </trkpt>
      <trkpt lat="44.469667" lon="5.321443">
        <ele>916.063464</ele>
        <time>2025-10-17T04:10:33.191Z</time>
      </trkpt>
      <trkpt lat="44.469615" lon="5.321512">
        <ele>915.850531</ele>
        <time>2025-10-17T04:10:36.398Z</time>
      </trkpt>
      <trkpt lat="44.469572" lon="5.321645">
        <ele>915.540715</ele>
        <time>2025-10-17T04:10:40.993Z</time>
      </trkpt>
      <trkpt lat="44.469299" lon="5.321782">
        <ele>913.731047</ele>
        <time>2025-10-17T04:10:53.638Z</time>
      </trkpt>
      <trkpt lat="44.469189" lon="5.321786">
        <ele>913.006079</ele>
        <time>2025-10-17T04:10:58.391Z</time>
      </trkpt>
      <trkpt lat="44.468922" lon="5.321980">
        <ele>911.024562</ele>
        <time>2025-10-17T04:11:11.146Z</time>
      </trkpt>
      <trkpt lat="44.468742" lon="5.322314">
        <ele>909.056713</ele>
        <time>2025-10-17T04:11:23.873Z</time>
      </trkpt>
      <trkpt lat="44.468543" lon="5.322460">
        <ele>907.576790</ele>
        <time>2025-10-17T04:11:33.178Z</time>
      </trkpt>
      <trkpt lat="44.468500" lon="5.322623">
        <ele>906.759724</ele>
        <time>2025-10-17T04:11:38.223Z</time>
      </trkpt>
      <trkpt lat="44.468515" lon="5.322846">
        <ele>905.706594</ele>
        <time>2025-10-17T04:11:44.629Z</time>
      </trkpt>
      <trkpt lat="44.468423" lon="5.323130">
        <ele>904.240173</ele>
        <time>2025-10-17T04:11:53.340Z</time>
      </trkpt>
      <trkpt lat="44.468319" lon="5.323258">
        <ele>903.264478</ele>
        <time>2025-10-17T04:11:58.737Z</time>
      </trkpt>
      <trkpt lat="44.467907" lon="5.324176">
        <ele>897.002656</ele>
        <time>2025-10-17T04:12:28.668Z</time>
      </trkpt>
      <trkpt lat="44.467720" lon="5.325528">
        <ele>889.051678</ele>
        <time>2025-10-17T04:13:09.377Z</time>
      </trkpt>
      <trkpt lat="44.467668" lon="5.325665">
        <ele>888.406553</ele>
        <time>2025-10-17T04:13:14.112Z</time>
      </trkpt>
      <trkpt lat="44.467570" lon="5.325785">
        <ele>887.648365</ele>
        <time>2025-10-17T04:13:19.645Z</time>
      </trkpt>
      <trkpt lat="44.467404" lon="5.325884">
        <ele>886.597354</ele>
        <time>2025-10-17T04:13:27.195Z</time>
      </trkpt>
      <trkpt lat="44.467315" lon="5.326008">
        <ele>885.866190</ele>
        <time>2025-10-17T04:13:32.445Z</time>
      </trkpt>
      <trkpt lat="44.467254" lon="5.326206">
        <ele>884.969572</ele>
        <time>2025-10-17T04:13:38.842Z</time>
      </trkpt>
      <trkpt lat="44.467248" lon="5.326403">
        <ele>884.149796</ele>
        <time>2025-10-17T04:13:44.734Z</time>
      </trkpt>
      <trkpt lat="44.467282" lon="5.326562">
        <ele>883.459714</ele>
        <time>2025-10-17T04:13:49.692Z</time>
      </trkpt>
      <trkpt lat="44.467273" lon="5.326875">
        <ele>882.157356</ele>
        <time>2025-10-17T04:13:59.183Z</time>
      </trkpt>
      <trkpt lat="44.467162" lon="5.327347">
        <ele>880.091207</ele>
        <time>2025-10-17T04:14:14.309Z</time>
      </trkpt>
      <trkpt lat="44.467175" lon="5.327399">
        <ele>879.862135</ele>
        <time>2025-10-17T04:14:15.980Z</time>
      </trkpt>
      <trkpt lat="44.467386" lon="5.327596">
        <ele>878.332086</ele>
        <time>2025-10-17T04:14:26.966Z</time>
      </trkpt>
      <trkpt lat="44.467470" lon="5.327864">
        <ele>876.777780</ele>
        <time>2025-10-17T04:14:36.010Z</time>
      </trkpt>
      <trkpt lat="44.467466" lon="5.327989">
        <ele>876.113354</ele>
        <time>2025-10-17T04:14:39.809Z</time>
      </trkpt>
      <trkpt lat="44.467412" lon="5.328040">
        <ele>875.628809</ele>
        <time>2025-10-17T04:14:42.619Z</time>
      </trkpt>
      <trkpt lat="44.467230" lon="5.328043">
        <ele>874.274501</ele>
        <time>2025-10-17T04:14:50.383Z</time>
      </trkpt>
      <trkpt lat="44.467068" lon="5.328116">
        <ele>873.008305</ele>
        <time>2025-10-17T04:14:57.637Z</time>
      </trkpt>
      <trkpt lat="44.466879" lon="5.328089">
        <ele>871.594715</ele>
        <time>2025-10-17T04:15:05.660Z</time>
      </trkpt>
      <trkpt lat="44.466842" lon="5.328162">
        <ele>871.119259</ele>
        <time>2025-10-17T04:15:08.340Z</time>
      </trkpt>
      <trkpt lat="44.466819" lon="5.328353">
        <ele>870.090687</ele>
        <time>2025-10-17T04:15:14.084Z</time>
      </trkpt>
      <trkpt lat="44.466756" lon="5.328574">
        <ele>868.826987</ele>
        <time>2025-10-17T04:15:20.982Z</time>
      </trkpt>
      <trkpt lat="44.466732" lon="5.328838">
        <ele>867.413782</ele>
        <time>2025-10-17T04:15:28.512Z</time>
      </trkpt>
      <trkpt lat="44.466743" lon="5.328941">
        <ele>866.860748</ele>
        <time>2025-10-17T04:15:31.424Z</time>
      </trkpt>
      <trkpt lat="44.466914" lon="5.329215">
        <ele>864.696780</ele>
        <time>2025-10-17T04:15:41.328Z</time>
      </trkpt>
      <trkpt lat="44.466972" lon="5.329439">
        <ele>862.327528</ele>
        <time>2025-10-17T04:15:47.799Z</time>
      </trkpt>
      <trkpt lat="44.466962" lon="5.329703">
        <ele>859.698930</ele>
        <time>2025-10-17T04:15:54.930Z</time>
      </trkpt>
      <trkpt lat="44.466979" lon="5.329828">
        <ele>858.433712</ele>
        <time>2025-10-17T04:15:58.338Z</time>
      </trkpt>
      <trkpt lat="44.467078" lon="5.329904">
        <ele>856.860989</ele>
        <time>2025-10-17T04:16:02.606Z</time>
      </trkpt>
      <trkpt lat="44.467421" lon="5.329819">
        <ele>852.008070</ele>
        <time>2025-10-17T04:16:15.673Z</time>
      </trkpt>
      <trkpt lat="44.467501" lon="5.329849">
        <ele>850.854267</ele>
        <time>2025-10-17T04:16:18.793Z</time>
      </trkpt>
      <trkpt lat="44.467603" lon="5.329961">
        <ele>849.048841</ele>
        <time>2025-10-17T04:16:23.665Z</time>
      </trkpt>
      <trkpt lat="44.467707" lon="5.330161">
        <ele>846.588403</ele>
        <time>2025-10-17T04:16:30.319Z</time>
      </trkpt>
      <trkpt lat="44.467977" lon="5.330313">
        <ele>842.534463</ele>
        <time>2025-10-17T04:16:41.317Z</time>
      </trkpt>
      <trkpt lat="44.468276" lon="5.330914">
        <ele>836.905614</ele>
        <time>2025-10-17T04:17:01.120Z</time>
      </trkpt>
      <trkpt lat="44.468449" lon="5.331354">
        <ele>833.603966</ele>
        <time>2025-10-17T04:17:14.747Z</time>
      </trkpt>
      <trkpt lat="44.468488" lon="5.331591">
        <ele>832.005471</ele>
        <time>2025-10-17T04:17:21.532Z</time>
      </trkpt>
      <trkpt lat="44.468488" lon="5.331770">
        <ele>830.829041</ele>
        <time>2025-10-17T04:17:26.673Z</time>
      </trkpt>
      <trkpt lat="44.468322" lon="5.331970">
        <ele>828.812872</ele>
        <time>2025-10-17T04:17:35.717Z</time>
      </trkpt>
      <trkpt lat="44.468306" lon="5.332070">
        <ele>828.139330</ele>
        <time>2025-10-17T04:17:38.740Z</time>
      </trkpt>
      <trkpt lat="44.468439" lon="5.332374">
        <ele>825.795796</ele>
        <time>2025-10-17T04:17:49.476Z</time>
      </trkpt>
      <trkpt lat="44.468471" lon="5.332514">
        <ele>824.829639</ele>
        <time>2025-10-17T04:17:53.928Z</time>
      </trkpt>
      <trkpt lat="44.468458" lon="5.332647">
        <ele>823.947370</ele>
        <time>2025-10-17T04:17:58.050Z</time>
      </trkpt>
      <trkpt lat="44.468408" lon="5.332855">
        <ele>822.792902</ele>
        <time>2025-10-17T04:18:04.785Z</time>
      </trkpt>
      <trkpt lat="44.468367" lon="5.332930">
        <ele>822.340037</ele>
        <time>2025-10-17T04:18:07.710Z</time>
      </trkpt>
      <trkpt lat="44.468223" lon="5.333060">
        <ele>821.189449</ele>
        <time>2025-10-17T04:18:15.078Z</time>
      </trkpt>
      <trkpt lat="44.468175" lon="5.333174">
        <ele>820.554973</ele>
        <time>2025-10-17T04:18:19.109Z</time>
      </trkpt>
      <trkpt lat="44.468238" lon="5.333685">
        <ele>818.069238</ele>
        <time>2025-10-17T04:18:34.778Z</time>
      </trkpt>
      <trkpt lat="44.468155" lon="5.333815">
        <ele>817.233103</ele>
        <time>2025-10-17T04:18:39.934Z</time>
      </trkpt>
      <trkpt lat="44.468158" lon="5.333869">
        <ele>816.973473</ele>
        <time>2025-10-17T04:18:41.543Z</time>
      </trkpt>
      <trkpt lat="44.468209" lon="5.333912">
        <ele>816.573682</ele>
        <time>2025-10-17T04:18:44.010Z</time>
      </trkpt>
      <trkpt lat="44.468496" lon="5.334004">
        <ele>814.596132</ele>
        <time>2025-10-17T04:18:56.119Z</time>
      </trkpt>
      <trkpt lat="44.468643" lon="5.334088">
        <ele>813.529806</ele>
        <time>2025-10-17T04:19:02.410Z</time>
      </trkpt>
      <trkpt lat="44.468776" lon="5.334210">
        <ele>812.462072</ele>
        <time>2025-10-17T04:19:08.724Z</time>
      </trkpt>
      <trkpt lat="44.469128" lon="5.334654">
        <ele>809.120544</ele>
        <time>2025-10-17T04:19:27.631Z</time>
      </trkpt>
      <trkpt lat="44.469251" lon="5.334912">
        <ele>807.525183</ele>
        <time>2025-10-17T04:19:36.664Z</time>
      </trkpt>
      <trkpt lat="44.469284" lon="5.335067">
        <ele>806.693503</ele>
        <time>2025-10-17T04:19:41.436Z</time>
      </trkpt>
      <trkpt lat="44.469219" lon="5.335260">
        <ele>805.596188</ele>
        <time>2025-10-17T04:19:47.809Z</time>
      </trkpt>
      <trkpt lat="44.469134" lon="5.335410">
        <ele>804.611346</ele>
        <time>2025-10-17T04:19:53.561Z</time>
      </trkpt>
      <trkpt lat="44.469062" lon="5.335485">
        <ele>803.964949</ele>
        <time>2025-10-17T04:19:57.372Z</time>
      </trkpt>
      <trkpt lat="44.468673" lon="5.335587">
        <ele>801.113528</ele>
        <time>2025-10-17T04:20:14.034Z</time>
      </trkpt>
      <trkpt lat="44.468591" lon="5.335702">
        <ele>800.277642</ele>
        <time>2025-10-17T04:20:18.930Z</time>
      </trkpt>
      <trkpt lat="44.468610" lon="5.335863">
        <ele>799.438571</ele>
        <time>2025-10-17T04:20:23.779Z</time>
      </trkpt>
      <trkpt lat="44.468819" lon="5.336199">
        <ele>797.064031</ele>
        <time>2025-10-17T04:20:36.727Z</time>
      </trkpt>
      <trkpt lat="44.469130" lon="5.336437">
        <ele>794.357973</ele>
        <time>2025-10-17T04:20:50.637Z</time>
      </trkpt>
      <trkpt lat="44.469301" lon="5.336623">
        <ele>792.704883</ele>
        <time>2025-10-17T04:20:58.970Z</time>
      </trkpt>
      <trkpt lat="44.469437" lon="5.336662">
        <ele>791.644787</ele>
        <time>2025-10-17T04:21:04.317Z</time>
      </trkpt>
      <trkpt lat="44.469621" lon="5.336620">
        <ele>790.221141</ele>
        <time>2025-10-17T04:21:11.486Z</time>
      </trkpt>
      <trkpt lat="44.469916" lon="5.336486">
        <ele>787.852956</ele>
        <time>2025-10-17T04:21:23.882Z</time>
      </trkpt>
      <trkpt lat="44.470046" lon="5.336486">
        <ele>786.860203</ele>
        <time>2025-10-17T04:21:29.434Z</time>
      </trkpt>
      <trkpt lat="44.470321" lon="5.336671">
        <ele>784.706643</ele>
        <time>2025-10-17T04:21:42.837Z</time>
      </trkpt>
      <trkpt lat="44.470418" lon="5.336850">
        <ele>784.303557</ele>
        <time>2025-10-17T04:21:49.977Z</time>
      </trkpt>
      <trkpt lat="44.470418" lon="5.336978">
        <ele>784.074003</ele>
        <time>2025-10-17T04:21:54.069Z</time>
      </trkpt>
      <trkpt lat="44.470364" lon="5.337214">
        <ele>783.629537</ele>
        <time>2025-10-17T04:22:02.155Z</time>
      </trkpt>
      <trkpt lat="44.470186" lon="5.337457">
        <ele>783.005015</ele>
        <time>2025-10-17T04:22:13.755Z</time>
      </trkpt>
      <trkpt lat="44.470169" lon="5.337604">
        <ele>782.737946</ele>
        <time>2025-10-17T04:22:18.744Z</time>
      </trkpt>
      <trkpt lat="44.470206" lon="5.337836">
        <ele>782.311613</ele>
        <time>2025-10-17T04:22:26.759Z</time>
      </trkpt>
      <trkpt lat="44.470253" lon="5.337938">
        <ele>782.093866</ele>
        <time>2025-10-17T04:22:30.762Z</time>
      </trkpt>
      <trkpt lat="44.470326" lon="5.337997">
        <ele>781.882081</ele>
        <time>2025-10-17T04:22:34.802Z</time>
      </trkpt>
      <trkpt lat="44.470430" lon="5.338031">
        <ele>781.613698</ele>
        <time>2025-10-17T04:22:39.803Z</time>
      </trkpt>
      <trkpt lat="44.470751" lon="5.337988">
        <ele>780.803308</ele>
        <time>2025-10-17T04:22:54.833Z</time>
      </trkpt>
      <trkpt lat="44.470890" lon="5.338034">
        <ele>780.444375</ele>
        <time>2025-10-17T04:23:01.380Z</time>
      </trkpt>
      <trkpt lat="44.470985" lon="5.338124">
        <ele>780.167194</ele>
        <time>2025-10-17T04:23:06.435Z</time>
      </trkpt>
      <trkpt lat="44.471180" lon="5.338108">
        <ele>779.722646</ele>
        <time>2025-10-17T04:23:14.869Z</time>
      </trkpt>
      <trkpt lat="44.471573" lon="5.337848">
        <ele>778.733581</ele>
        <time>2025-10-17T04:23:34.195Z</time>
      </trkpt>
      <trkpt lat="44.471757" lon="5.337802">
        <ele>778.308216</ele>
        <time>2025-10-17T04:23:42.722Z</time>
      </trkpt>
      <trkpt lat="44.471938" lon="5.337891">
        <ele>777.871668</ele>
        <time>2025-10-17T04:23:51.552Z</time>
      </trkpt>
      <trkpt lat="44.472244" lon="5.338307">
        <ele>776.901409</ele>
        <time>2025-10-17T04:24:11.241Z</time>
      </trkpt>
      <trkpt lat="44.472314" lon="5.338729">
        <ele>776.197804</ele>
        <time>2025-10-17T04:24:25.603Z</time>
      </trkpt>
      <trkpt lat="44.472379" lon="5.338859">
        <ele>775.994351</ele>
        <time>2025-10-17T04:24:30.897Z</time>
      </trkpt>
      <trkpt lat="44.472443" lon="5.339135">
        <ele>775.630062</ele>
        <time>2025-10-17T04:24:40.709Z</time>
      </trkpt>
      <trkpt lat="44.472573" lon="5.339175">
        <ele>775.395931</ele>
        <time>2025-10-17T04:24:47.129Z</time>
      </trkpt>
      <trkpt lat="44.472790" lon="5.339091">
        <ele>774.999911</ele>
        <time>2025-10-17T04:24:57.878Z</time>
      </trkpt>
      <trkpt lat="44.472945" lon="5.339079">
        <ele>774.726834</ele>
        <time>2025-10-17T04:25:05.268Z</time>
      </trkpt>
      <trkpt lat="44.473067" lon="5.339181">
        <ele>774.476932</ele>
        <time>2025-10-17T04:25:11.887Z</time>
      </trkpt>
      <trkpt lat="44.473142" lon="5.339345">
        <ele>774.232421</ele>
        <time>2025-10-17T04:25:18.273Z</time>
      </trkpt>
      <trkpt lat="44.473177" lon="5.339559">
        <ele>773.956830</ele>
        <time>2025-10-17T04:25:25.350Z</time>
      </trkpt>
      <trkpt lat="44.473334" lon="5.340037">
        <ele>773.296308</ele>
        <time>2025-10-17T04:25:42.277Z</time>
      </trkpt>
      <trkpt lat="44.473394" lon="5.340406">
        <ele>772.380274</ele>
        <time>2025-10-17T04:25:54.441Z</time>
      </trkpt>
      <trkpt lat="44.473474" lon="5.340529">
        <ele>771.696711</ele>
        <time>2025-10-17T04:25:59.766Z</time>
      </trkpt>
      <trkpt lat="44.473730" lon="5.340560">
        <ele>770.217705</ele>
        <time>2025-10-17T04:26:11.717Z</time>
      </trkpt>
      <trkpt lat="44.473801" lon="5.340641">
        <ele>769.690740</ele>
        <time>2025-10-17T04:26:15.915Z</time>
      </trkpt>
      <trkpt lat="44.473863" lon="5.340824">
        <ele>768.858695</ele>
        <time>2025-10-17T04:26:22.320Z</time>
      </trkpt>
      <trkpt lat="44.474047" lon="5.340867">
        <ele>767.784982</ele>
        <time>2025-10-17T04:26:30.294Z</time>
      </trkpt>
      <trkpt lat="44.474082" lon="5.340936">
        <ele>767.437275</ele>
        <time>2025-10-17T04:26:32.828Z</time>
      </trkpt>
      <trkpt lat="44.474077" lon="5.341038">
        <ele>767.017349</ele>
        <time>2025-10-17T04:26:35.844Z</time>
      </trkpt>
      <trkpt lat="44.473989" lon="5.341438">
        <ele>765.298143</ele>
        <time>2025-10-17T04:26:48.151Z</time>
      </trkpt>
      <trkpt lat="44.473942" lon="5.341766">
        <ele>763.924073</ele>
        <time>2025-10-17T04:26:57.875Z</time>
      </trkpt>
      <trkpt lat="44.473982" lon="5.341819">
        <ele>763.607220</ele>
        <time>2025-10-17T04:27:00.087Z</time>
      </trkpt>
      <trkpt lat="44.474106" lon="5.341788">
        <ele>762.882219</ele>
        <time>2025-10-17T04:27:05.101Z</time>
      </trkpt>
      <trkpt lat="44.474400" lon="5.341481">
        <ele>758.252987</ele>
        <time>2025-10-17T04:27:19.297Z</time>
      </trkpt>
      <trkpt lat="44.474511" lon="5.341490">
        <ele>756.760369</ele>
        <time>2025-10-17T04:27:23.507Z</time>
      </trkpt>
      <trkpt lat="44.474637" lon="5.341636">
        <ele>754.565570</ele>
        <time>2025-10-17T04:27:29.694Z</time>
      </trkpt>
      <trkpt lat="44.474770" lon="5.341683">
        <ele>752.724215</ele>
        <time>2025-10-17T04:27:34.857Z</time>
      </trkpt>
      <trkpt lat="44.474958" lon="5.341667">
        <ele>750.195750</ele>
        <time>2025-10-17T04:27:41.926Z</time>
      </trkpt>
      <trkpt lat="44.475221" lon="5.341503">
        <ele>746.331359</ele>
        <time>2025-10-17T04:27:52.733Z</time>
      </trkpt>
      <trkpt lat="44.475438" lon="5.341326">
        <ele>742.960744</ele>
        <time>2025-10-17T04:28:02.161Z</time>
      </trkpt>
      <trkpt lat="44.475878" lon="5.341056">
        <ele>737.310084</ele>
        <time>2025-10-17T04:28:20.291Z</time>
      </trkpt>
      <trkpt lat="44.476011" lon="5.341060">
        <ele>736.234962</ele>
        <time>2025-10-17T04:28:25.328Z</time>
      </trkpt>
      <trkpt lat="44.476371" lon="5.341208">
        <ele>733.202931</ele>
        <time>2025-10-17T04:28:39.939Z</time>
      </trkpt>
      <trkpt lat="44.476455" lon="5.341326">
        <ele>732.241737</ele>
        <time>2025-10-17T04:28:44.754Z</time>
      </trkpt>
      <trkpt lat="44.476610" lon="5.341816">
        <ele>729.150862</ele>
        <time>2025-10-17T04:29:00.927Z</time>
      </trkpt>
      <trkpt lat="44.476710" lon="5.341980">
        <ele>727.906857</ele>
        <time>2025-10-17T04:29:07.715Z</time>
      </trkpt>
      <trkpt lat="44.476747" lon="5.342275">
        <ele>726.179623</ele>
        <time>2025-10-17T04:29:17.277Z</time>
      </trkpt>
      <trkpt lat="44.476752" lon="5.342575">
        <ele>724.449166</ele>
        <time>2025-10-17T04:29:26.770Z</time>
      </trkpt>
      <trkpt lat="44.476789" lon="5.342870">
        <ele>721.900324</ele>
        <time>2025-10-17T04:29:36.020Z</time>
      </trkpt>
      <trkpt lat="44.476904" lon="5.343341">
        <ele>717.155322</ele>
        <time>2025-10-17T04:29:50.663Z</time>
      </trkpt>
      <trkpt lat="44.476931" lon="5.343809">
        <ele>712.679926</ele>
        <time>2025-10-17T04:30:03.406Z</time>
      </trkpt>
      <trkpt lat="44.477050" lon="5.344687">
        <ele>704.161460</ele>
        <time>2025-10-17T04:30:27.317Z</time>
      </trkpt>
      <trkpt lat="44.477122" lon="5.344855">
        <ele>702.293490</ele>
        <time>2025-10-17T04:30:32.540Z</time>
      </trkpt>
      <trkpt lat="44.477599" lon="5.346317">
        <ele>685.170036</ele>
        <time>2025-10-17T04:31:15.237Z</time>
      </trkpt>
      <trkpt lat="44.477775" lon="5.346680">
        <ele>680.406720</ele>
        <time>2025-10-17T04:31:27.078Z</time>
      </trkpt>
      <trkpt lat="44.477786" lon="5.346830">
        <ele>678.770128</ele>
        <time>2025-10-17T04:31:31.232Z</time>
      </trkpt>
      <trkpt lat="44.477573" lon="5.347345">
        <ele>672.559517</ele>
        <time>2025-10-17T04:31:48.407Z</time>
      </trkpt>
      <trkpt lat="44.477492" lon="5.347478">
        <ele>672.330155</ele>
        <time>2025-10-17T04:31:53.666Z</time>
      </trkpt>
      <trkpt lat="44.476989" lon="5.347678">
        <ele>671.368985</ele>
        <time>2025-10-17T04:32:17.057Z</time>
      </trkpt>
      <trkpt lat="44.476953" lon="5.347792">
        <ele>671.205461</ele>
        <time>2025-10-17T04:32:21.174Z</time>
      </trkpt>
      <trkpt lat="44.476673" lon="5.348031">
        <ele>670.602777</ele>
        <time>2025-10-17T04:32:34.481Z</time>
      </trkpt>
      <trkpt lat="44.476514" lon="5.348305">
        <ele>670.139517</ele>
        <time>2025-10-17T04:32:44.761Z</time>
      </trkpt>
      <trkpt lat="44.476233" lon="5.348690">
        <ele>669.417105</ele>
        <time>2025-10-17T04:33:00.987Z</time>
      </trkpt>
      <trkpt lat="44.475802" lon="5.349396">
        <ele>673.040290</ele>
        <time>2025-10-17T04:33:31.165Z</time>
      </trkpt>
      <trkpt lat="44.475483" lon="5.349587">
        <ele>675.237798</ele>
        <time>2025-10-17T04:33:50.733Z</time>
      </trkpt>
      <trkpt lat="44.474938" lon="5.349839">
        <ele>678.873332</ele>
        <time>2025-10-17T04:34:26.896Z</time>
      </trkpt>
      <trkpt lat="44.474725" lon="5.349981">
        <ele>680.367540</ele>
        <time>2025-10-17T04:34:42.636Z</time>
      </trkpt>
      <trkpt lat="44.474389" lon="5.350320">
        <ele>682.465745</ele>
        <time>2025-10-17T04:35:09.071Z</time>
      </trkpt>
      <trkpt lat="44.473771" lon="5.351257">
        <ele>686.923122</ele>
        <time>2025-10-17T04:35:54.770Z</time>
      </trkpt>
      <trkpt lat="44.473371" lon="5.351747">
        <ele>689.532546</ele>
        <time>2025-10-17T04:36:17.129Z</time>
      </trkpt>
      <trkpt lat="44.473144" lon="5.352320">
        <ele>692.345431</ele>
        <time>2025-10-17T04:36:37.211Z</time>
      </trkpt>
      <trkpt lat="44.473041" lon="5.352431">
        <ele>693.126948</ele>
        <time>2025-10-17T04:36:43.052Z</time>
      </trkpt>
      <trkpt lat="44.472646" lon="5.352512">
        <ele>695.528065</ele>
        <time>2025-10-17T04:37:02.897Z</time>
      </trkpt>
      <trkpt lat="44.472497" lon="5.352630">
        <ele>696.557466</ele>
        <time>2025-10-17T04:37:12.569Z</time>
      </trkpt>
      <trkpt lat="44.471992" lon="5.352565">
        <ele>699.607687</ele>
        <time>2025-10-17T04:37:45.725Z</time>
      </trkpt>
      <trkpt lat="44.471854" lon="5.352622">
        <ele>700.507989</ele>
        <time>2025-10-17T04:37:56.060Z</time>
      </trkpt>
      <trkpt lat="44.471567" lon="5.352619">
        <ele>702.594262</ele>
        <time>2025-10-17T04:38:17.132Z</time>
      </trkpt>
      <trkpt lat="44.471394" lon="5.352514">
        <ele>703.964688</ele>
        <time>2025-10-17T04:38:30.880Z</time>
      </trkpt>
      <trkpt lat="44.471268" lon="5.352547">
        <ele>704.896446</ele>
        <time>2025-10-17T04:38:40.032Z</time>
      </trkpt>
      <trkpt lat="44.471107" lon="5.352654">
        <ele>706.191707</ele>
        <time>2025-10-17T04:38:52.162Z</time>
      </trkpt>
      <trkpt lat="44.470734" lon="5.353121">
        <ele>709.827589</ele>
        <time>2025-10-17T04:39:21.674Z</time>
      </trkpt>
      <trkpt lat="44.470645" lon="5.353161">
        <ele>710.506993</ele>
        <time>2025-10-17T04:39:26.470Z</time>
      </trkpt>
      <trkpt lat="44.470539" lon="5.353209">
        <ele>711.316743</ele>
        <time>2025-10-17T04:39:31.923Z</time>
      </trkpt>
      <trkpt lat="44.470236" lon="5.353673">
        <ele>712.378164</ele>
        <time>2025-10-17T04:39:51.130Z</time>
      </trkpt>
      <trkpt lat="44.469586" lon="5.354293">
        <ele>707.605647</ele>
        <time>2025-10-17T04:40:19.611Z</time>
      </trkpt>
      <trkpt lat="44.469392" lon="5.354601">
        <ele>705.826233</ele>
        <time>2025-10-17T04:40:29.419Z</time>
      </trkpt>
      <trkpt lat="44.469253" lon="5.354877">
        <ele>704.363027</ele>
        <time>2025-10-17T04:40:37.346Z</time>
      </trkpt>
      <trkpt lat="44.469094" lon="5.354993">
        <ele>703.274991</ele>
        <time>2025-10-17T04:40:43.180Z</time>
      </trkpt>
      <trkpt lat="44.468613" lon="5.355170">
        <ele>700.739270</ele>
        <time>2025-10-17T04:40:59.494Z</time>
      </trkpt>
      <trkpt lat="44.468475" lon="5.355278">
        <ele>699.989820</ele>
        <time>2025-10-17T04:41:04.852Z</time>
      </trkpt>
      <trkpt lat="44.468341" lon="5.355657">
        <ele>698.558652</ele>
        <time>2025-10-17T04:41:15.528Z</time>
      </trkpt>
      <trkpt lat="44.468109" lon="5.356013">
        <ele>696.927376</ele>
        <time>2025-10-17T04:41:28.422Z</time>
      </trkpt>
      <trkpt lat="44.467872" lon="5.356235">
        <ele>695.575705</ele>
        <time>2025-10-17T04:41:39.694Z</time>
      </trkpt>
      <trkpt lat="44.467336" lon="5.356648">
        <ele>693.204066</ele>
        <time>2025-10-17T04:42:05.769Z</time>
      </trkpt>
      <trkpt lat="44.466813" lon="5.356926">
        <ele>691.665452</ele>
        <time>2025-10-17T04:42:29.184Z</time>
      </trkpt>
      <trkpt lat="44.466333" lon="5.357446">
        <ele>689.996564</ele>
        <time>2025-10-17T04:42:52.349Z</time>
      </trkpt>
      <trkpt lat="44.465995" lon="5.357859">
        <ele>688.086509</ele>
        <time>2025-10-17T04:43:08.119Z</time>
      </trkpt>
      <trkpt lat="44.465625" lon="5.358040">
        <ele>683.753876</ele>
        <time>2025-10-17T04:43:21.212Z</time>
      </trkpt>
      <trkpt lat="44.464865" lon="5.359013">
        <ele>672.372671</ele>
        <time>2025-10-17T04:43:54.430Z</time>
      </trkpt>
      <trkpt lat="44.464669" lon="5.359341">
        <ele>668.998582</ele>
        <time>2025-10-17T04:44:04.248Z</time>
      </trkpt>
      <trkpt lat="44.464640" lon="5.359533">
        <ele>667.468221</ele>
        <time>2025-10-17T04:44:08.759Z</time>
      </trkpt>
      <trkpt lat="44.464759" lon="5.359557">
        <ele>666.154593</ele>
        <time>2025-10-17T04:44:12.632Z</time>
      </trkpt>
      <trkpt lat="44.464786" lon="5.359685">
        <ele>665.113779</ele>
        <time>2025-10-17T04:44:15.691Z</time>
      </trkpt>
      <trkpt lat="44.465126" lon="5.359776">
        <ele>661.331675</ele>
        <time>2025-10-17T04:44:26.825Z</time>
      </trkpt>
      <trkpt lat="44.465014" lon="5.359900">
        <ele>659.772024</ele>
        <time>2025-10-17T04:44:31.410Z</time>
      </trkpt>
      <trkpt lat="44.464848" lon="5.359903">
        <ele>657.958108</ele>
        <time>2025-10-17T04:44:36.835Z</time>
      </trkpt>
      <trkpt lat="44.464903" lon="5.360009">
        <ele>656.936168</ele>
        <time>2025-10-17T04:44:39.938Z</time>
      </trkpt>
      <trkpt lat="44.464889" lon="5.360074">
        <ele>656.406727</ele>
        <time>2025-10-17T04:44:41.573Z</time>
      </trkpt>
      <trkpt lat="44.464683" lon="5.359976">
        <ele>654.029720</ele>
        <time>2025-10-17T04:44:48.928Z</time>
      </trkpt>
      <trkpt lat="44.464868" lon="5.360240">
        <ele>651.144599</ele>
        <time>2025-10-17T04:44:58.048Z</time>
      </trkpt>
      <trkpt lat="44.464848" lon="5.360387">
        <ele>649.977667</ele>
        <time>2025-10-17T04:45:01.777Z</time>
      </trkpt>
      <trkpt lat="44.464939" lon="5.360433">
        <ele>648.626156</ele>
        <time>2025-10-17T04:45:05.133Z</time>
      </trkpt>
      <trkpt lat="44.465311" lon="5.360355">
        <ele>642.228889</ele>
        <time>2025-10-17T04:45:17.922Z</time>
      </trkpt>
      <trkpt lat="44.465519" lon="5.360246">
        <ele>638.452005</ele>
        <time>2025-10-17T04:45:25.186Z</time>
      </trkpt>
      <trkpt lat="44.465556" lon="5.360164">
        <ele>637.274457</ele>
        <time>2025-10-17T04:45:27.415Z</time>
      </trkpt>
      <trkpt lat="44.465932" lon="5.360164">
        <ele>630.879605</ele>
        <time>2025-10-17T04:45:39.506Z</time>
      </trkpt>
      <trkpt lat="44.465984" lon="5.360202">
        <ele>629.882163</ele>
        <time>2025-10-17T04:45:41.382Z</time>
      </trkpt>
      <trkpt lat="44.465984" lon="5.360300">
        <ele>628.692664</ele>
        <time>2025-10-17T04:45:43.596Z</time>
      </trkpt>
      <trkpt lat="44.465779" lon="5.360463">
        <ele>624.683880</ele>
        <time>2025-10-17T04:45:51.038Z</time>
      </trkpt>
      <trkpt lat="44.465718" lon="5.360579">
        <ele>622.934953</ele>
        <time>2025-10-17T04:45:54.381Z</time>
      </trkpt>
      <trkpt lat="44.465269" lon="5.360949">
        <ele>609.542704</ele>
        <time>2025-10-17T04:46:12.757Z</time>
      </trkpt>
      <trkpt lat="44.465176" lon="5.361117">
        <ele>604.516303</ele>
        <time>2025-10-17T04:46:18.523Z</time>
      </trkpt>
      <trkpt lat="44.464416" lon="5.361741">
        <ele>575.337147</ele>
        <time>2025-10-17T04:46:52.921Z</time>
      </trkpt>
      <trkpt lat="44.464314" lon="5.361920">
        <ele>569.921956</ele>
        <time>2025-10-17T04:46:59.102Z</time>
      </trkpt>
      <trkpt lat="44.464199" lon="5.362016">
        <ele>565.487689</ele>
        <time>2025-10-17T04:47:04.026Z</time>
      </trkpt>
      <trkpt lat="44.464161" lon="5.362549">
        <ele>556.118211</ele>
        <time>2025-10-17T04:47:17.455Z</time>
      </trkpt>
      <trkpt lat="44.463913" lon="5.362727">
        <ele>551.598980</ele>
        <time>2025-10-17T04:47:26.515Z</time>
      </trkpt>
      <trkpt lat="44.463863" lon="5.362842">
        <ele>550.040279</ele>
        <time>2025-10-17T04:47:29.562Z</time>
      </trkpt>
      <trkpt lat="44.463861" lon="5.362986">
        <ele>548.373144</ele>
        <time>2025-10-17T04:47:32.806Z</time>
      </trkpt>
      <trkpt lat="44.463564" lon="5.363479">
        <ele>540.905363</ele>
        <time>2025-10-17T04:47:47.589Z</time>
      </trkpt>
      <trkpt lat="44.464082" lon="5.363352">
        <ele>532.376450</ele>
        <time>2025-10-17T04:48:05.724Z</time>
      </trkpt>
      <trkpt lat="44.464344" lon="5.363420">
        <ele>529.412224</ele>
        <time>2025-10-17T04:48:15.481Z</time>
      </trkpt>
      <trkpt lat="44.464612" lon="5.363282">
        <ele>527.845009</ele>
        <time>2025-10-17T04:48:26.028Z</time>
      </trkpt>
      <trkpt lat="44.464613" lon="5.363369">
        <ele>527.504156</ele>
        <time>2025-10-17T04:48:28.309Z</time>
      </trkpt>
      <trkpt lat="44.464305" lon="5.363517">
        <ele>525.716922</ele>
        <time>2025-10-17T04:48:42.326Z</time>
      </trkpt>
      <trkpt lat="44.464205" lon="5.363715">
        <ele>524.766714</ele>
        <time>2025-10-17T04:48:49.727Z</time>
      </trkpt>
      <trkpt lat="44.464167" lon="5.363941">
        <ele>523.857150</ele>
        <time>2025-10-17T04:48:56.791Z</time>
      </trkpt>
      <trkpt lat="44.464167" lon="5.364107">
        <ele>523.206866</ele>
        <time>2025-10-17T04:49:01.830Z</time>
      </trkpt>
      <trkpt lat="44.464087" lon="5.364300">
        <ele>522.332546</ele>
        <time>2025-10-17T04:49:08.554Z</time>
      </trkpt>
      <trkpt lat="44.463945" lon="5.364515">
        <ele>521.184998</ele>
        <time>2025-10-17T04:49:17.257Z</time>
      </trkpt>
      <trkpt lat="44.463802" lon="5.364847">
        <ele>520.030924</ele>
        <time>2025-10-17T04:49:28.996Z</time>
      </trkpt>
      <trkpt lat="44.463955" lon="5.365157">
        <ele>519.503106</ele>
        <time>2025-10-17T04:49:40.643Z</time>
      </trkpt>
      <trkpt lat="44.464050" lon="5.365290">
        <ele>519.239595</ele>
        <time>2025-10-17T04:49:46.585Z</time>
      </trkpt>
      <trkpt lat="44.464076" lon="5.365318">
        <ele>519.175250</ele>
        <time>2025-10-17T04:49:47.820Z</time>
      </trkpt>
      <trkpt lat="44.464165" lon="5.365445">
        <ele>518.925996</ele>
        <time>2025-10-17T04:49:52.685Z</time>
      </trkpt>
      <trkpt lat="44.464088" lon="5.365713">
        <ele>518.521420</ele>
        <time>2025-10-17T04:50:00.691Z</time>
      </trkpt>
      <trkpt lat="44.464084" lon="5.365793">
        <ele>518.409114</ele>
        <time>2025-10-17T04:50:02.977Z</time>
      </trkpt>
      <trkpt lat="44.464117" lon="5.365908">
        <ele>518.235538</ele>
        <time>2025-10-17T04:50:06.484Z</time>
      </trkpt>
      <trkpt lat="44.464452" lon="5.366318">
        <ele>517.362758</ele>
        <time>2025-10-17T04:50:24.730Z</time>
      </trkpt>
      <trkpt lat="44.464688" lon="5.366687">
        <ele>516.728603</ele>
        <time>2025-10-17T04:50:39.543Z</time>
      </trkpt>
      <trkpt lat="44.464747" lon="5.366778">
        <ele>516.843304</ele>
        <time>2025-10-17T04:50:43.273Z</time>
      </trkpt>
      <trkpt lat="44.464898" lon="5.367062">
        <ele>517.173709</ele>
        <time>2025-10-17T04:50:54.093Z</time>
      </trkpt>
      <trkpt lat="44.464996" lon="5.367362">
        <ele>517.481520</ele>
        <time>2025-10-17T04:51:04.197Z</time>
      </trkpt>
      <trkpt lat="44.465298" lon="5.367068">
        <ele>517.962238</ele>
        <time>2025-10-17T04:51:20.076Z</time>
      </trkpt>
      <trkpt lat="44.465436" lon="5.366863">
        <ele>518.225149</ele>
        <time>2025-10-17T04:51:28.761Z</time>
      </trkpt>
      <trkpt lat="44.465497" lon="5.366691">
        <ele>518.404336</ele>
        <time>2025-10-17T04:51:34.665Z</time>
      </trkpt>
      <trkpt lat="44.465774" lon="5.366886">
        <ele>518.809573</ele>
        <time>2025-10-17T04:51:48.066Z</time>
      </trkpt>
      <trkpt lat="44.465577" lon="5.367182">
        <ele>519.276112</ele>
        <time>2025-10-17T04:52:00.732Z</time>
      </trkpt>
      <trkpt lat="44.465294" lon="5.367859">
        <ele>520.504369</ele>
        <time>2025-10-17T04:52:26.201Z</time>
      </trkpt>
      <trkpt lat="44.465161" lon="5.368189">
        <ele>521.097667</ele>
        <time>2025-10-17T04:52:38.460Z</time>
      </trkpt>
      <trkpt lat="44.465041" lon="5.368471">
        <ele>521.611656</ele>
        <time>2025-10-17T04:52:49.073Z</time>
      </trkpt>
      <trkpt lat="44.464938" lon="5.368648">
        <ele>521.969186</ele>
        <time>2025-10-17T04:52:56.412Z</time>
      </trkpt>
      <trkpt lat="44.465020" lon="5.368725">
        <ele>522.185715</ele>
        <time>2025-10-17T04:53:00.867Z</time>
      </trkpt>
      <trkpt lat="44.465241" lon="5.368682">
        <ele>522.675144</ele>
        <time>2025-10-17T04:53:10.773Z</time>
      </trkpt>
      <trkpt lat="44.465319" lon="5.368706">
        <ele>522.850318</ele>
        <time>2025-10-17T04:53:14.401Z</time>
      </trkpt>
      <trkpt lat="44.465626" lon="5.368875">
        <ele>523.172322</ele>
        <time>2025-10-17T04:53:28.950Z</time>
      </trkpt>
      <trkpt lat="44.466153" lon="5.369108">
        <ele>523.534225</ele>
        <time>2025-10-17T04:53:52.240Z</time>
      </trkpt>
      <trkpt lat="44.466543" lon="5.369516">
        <ele>523.852967</ele>
        <time>2025-10-17T04:54:12.052Z</time>
      </trkpt>
      <trkpt lat="44.466972" lon="5.369484">
        <ele>524.134315</ele>
        <time>2025-10-17T04:54:29.705Z</time>
      </trkpt>
      <trkpt lat="44.467324" lon="5.369774">
        <ele>524.840342</ele>
        <time>2025-10-17T04:54:46.817Z</time>
      </trkpt>
      <trkpt lat="44.468123" lon="5.370142">
        <ele>526.477501</ele>
        <time>2025-10-17T04:55:24.121Z</time>
      </trkpt>
      <trkpt lat="44.468987" lon="5.370684">
        <ele>528.009602</ele>
        <time>2025-10-17T04:56:08.036Z</time>
      </trkpt>
      <trkpt lat="44.469514" lon="5.371061">
        <ele>528.602174</ele>
        <time>2025-10-17T04:56:34.276Z</time>
      </trkpt>
      <trkpt lat="44.469927" lon="5.371458">
        <ele>529.103744</ele>
        <time>2025-10-17T04:56:54.941Z</time>
      </trkpt>
      <trkpt lat="44.470402" lon="5.371673">
        <ele>529.548886</ele>
        <time>2025-10-17T04:57:14.905Z</time>
      </trkpt>
      <trkpt lat="44.470626" lon="5.371896">
        <ele>529.700395</ele>
        <time>2025-10-17T04:57:25.790Z</time>
      </trkpt>
      <trkpt lat="44.470793" lon="5.371887">
        <ele>529.792547</ele>
        <time>2025-10-17T04:57:32.409Z</time>
      </trkpt>
      <trkpt lat="44.471183" lon="5.372252">
        <ele>530.051142</ele>
        <time>2025-10-17T04:57:51.338Z</time>
      </trkpt>
      <trkpt lat="44.471295" lon="5.372313">
        <ele>530.117399</ele>
        <time>2025-10-17T04:57:56.356Z</time>
      </trkpt>
      <trkpt lat="44.471857" lon="5.372617">
        <ele>530.449570</ele>
        <time>2025-10-17T04:58:23.445Z</time>
      </trkpt>
      <trkpt lat="44.472347" lon="5.372896">
        <ele>531.702076</ele>
        <time>2025-10-17T04:58:53.312Z</time>
      </trkpt>
      <trkpt lat="44.472492" lon="5.373164">
        <ele>532.309517</ele>
        <time>2025-10-17T04:59:06.539Z</time>
      </trkpt>
      <trkpt lat="44.472806" lon="5.373421">
        <ele>533.229886</ele>
        <time>2025-10-17T04:59:26.457Z</time>
      </trkpt>
      <trkpt lat="44.473273" lon="5.373475">
        <ele>534.415900</ele>
        <time>2025-10-17T04:59:47.615Z</time>
      </trkpt>
      <trkpt lat="44.473709" lon="5.373454">
        <ele>534.922232</ele>
        <time>2025-10-17T05:00:06.372Z</time>
      </trkpt>
      <trkpt lat="44.474002" lon="5.373624">
        <ele>534.753632</ele>
        <time>2025-10-17T05:00:19.234Z</time>
      </trkpt>
      <trkpt lat="44.474153" lon="5.373979">
        <ele>534.596841</ele>
        <time>2025-10-17T05:00:31.163Z</time>
      </trkpt>
      <trkpt lat="44.474353" lon="5.374569">
        <ele>534.349037</ele>
        <time>2025-10-17T05:00:49.904Z</time>
      </trkpt>
      <trkpt lat="44.474530" lon="5.374933">
        <ele>534.181929</ele>
        <time>2025-10-17T05:01:02.464Z</time>
      </trkpt>
      <trkpt lat="44.474766" lon="5.374988">
        <ele>534.024336</ele>
        <time>2025-10-17T05:01:11.934Z</time>
      </trkpt>
      <trkpt lat="44.475057" lon="5.375159">
        <ele>533.516850</ele>
        <time>2025-10-17T05:01:24.287Z</time>
      </trkpt>
      <trkpt lat="44.475277" lon="5.375225">
        <ele>533.155014</ele>
        <time>2025-10-17T05:01:33.056Z</time>
      </trkpt>
      <trkpt lat="44.475350" lon="5.375222">
        <ele>533.037559</ele>
        <time>2025-10-17T05:01:35.876Z</time>
      </trkpt>
      <trkpt lat="44.475399" lon="5.375187">
        <ele>532.949108</ele>
        <time>2025-10-17T05:01:38.034Z</time>
      </trkpt>
      <trkpt lat="44.475660" lon="5.374838">
        <ele>532.368932</ele>
        <time>2025-10-17T05:01:52.086Z</time>
      </trkpt>
      <trkpt lat="44.475891" lon="5.374658">
        <ele>531.943856</ele>
        <time>2025-10-17T05:02:02.415Z</time>
      </trkpt>
      <trkpt lat="44.476152" lon="5.374540">
        <ele>531.502794</ele>
        <time>2025-10-17T05:02:13.283Z</time>
      </trkpt>
      <trkpt lat="44.476560" lon="5.374488">
        <ele>531.328253</ele>
        <time>2025-10-17T05:02:29.734Z</time>
      </trkpt>
      <trkpt lat="44.477274" lon="5.374525">
        <ele>531.849885</ele>
        <time>2025-10-17T05:02:59.443Z</time>
      </trkpt>
      <trkpt lat="44.477805" lon="5.374516">
        <ele>532.237585</ele>
        <time>2025-10-17T05:03:22.512Z</time>
      </trkpt>
      <trkpt lat="44.478020" lon="5.374548">
        <ele>532.395435</ele>
        <time>2025-10-17T05:03:31.966Z</time>
      </trkpt>
      <trkpt lat="44.478326" lon="5.374545">
        <ele>533.031658</ele>
        <time>2025-10-17T05:03:45.442Z</time>
      </trkpt>
      <trkpt lat="44.478525" lon="5.374607">
        <ele>533.658022</ele>
        <time>2025-10-17T05:03:54.573Z</time>
      </trkpt>
      <trkpt lat="44.478525" lon="5.374703">
        <ele>533.868483</ele>
        <time>2025-10-17T05:03:57.670Z</time>
      </trkpt>
      <trkpt lat="44.478564" lon="5.374754">
        <ele>534.032373</ele>
        <time>2025-10-17T05:04:00.053Z</time>
      </trkpt>
      <trkpt lat="44.478986" lon="5.375053">
        <ele>535.485264</ele>
        <time>2025-10-17T05:04:21.667Z</time>
      </trkpt>
      <trkpt lat="44.479466" lon="5.376275">
        <ele>538.708392</ele>
        <time>2025-10-17T05:05:17.732Z</time>
      </trkpt>
      <trkpt lat="44.479627" lon="5.377294">
        <ele>541.713256</ele>
        <time>2025-10-17T05:06:01.710Z</time>
      </trkpt>
      <trkpt lat="44.479765" lon="5.377434">
        <ele>542.400681</ele>
        <time>2025-10-17T05:06:11.733Z</time>
      </trkpt>
      <trkpt lat="44.480117" lon="5.378207">
        <ele>545.040837</ele>
        <time>2025-10-17T05:06:49.561Z</time>
      </trkpt>
      <trkpt lat="44.480196" lon="5.378770">
        <ele>545.880084</ele>
        <time>2025-10-17T05:07:10.616Z</time>
      </trkpt>
      <trkpt lat="44.480170" lon="5.379183">
        <ele>546.389792</ele>
        <time>2025-10-17T05:07:24.635Z</time>
      </trkpt>
      <trkpt lat="44.480063" lon="5.379397">
        <ele>546.711050</ele>
        <time>2025-10-17T05:07:33.669Z</time>
      </trkpt>
      <trkpt lat="44.480201" lon="5.379676">
        <ele>547.128408</ele>
        <time>2025-10-17T05:07:45.870Z</time>
      </trkpt>
      <trkpt lat="44.480240" lon="5.379670">
        <ele>547.196010</ele>
        <time>2025-10-17T05:07:47.900Z</time>
      </trkpt>
      <trkpt lat="44.480546" lon="5.379676">
        <ele>547.723315</ele>
        <time>2025-10-17T05:08:04.144Z</time>
      </trkpt>
      <trkpt lat="44.480752" lon="5.379955">
        <ele>548.216908</ele>
        <time>2025-10-17T05:08:19.536Z</time>
      </trkpt>
      <trkpt lat="44.481067" lon="5.380671">
        <ele>548.337756</ele>
        <time>2025-10-17T05:08:51.410Z</time>
      </trkpt>
      <trkpt lat="44.481606" lon="5.381622">
        <ele>548.276797</ele>
        <time>2025-10-17T05:09:34.639Z</time>
      </trkpt>
      <trkpt lat="44.481743" lon="5.381545">
        <ele>548.266413</ele>
        <time>2025-10-17T05:09:40.359Z</time>
      </trkpt>
      <trkpt lat="44.481863" lon="5.381439">
        <ele>548.256435</ele>
        <time>2025-10-17T05:09:45.687Z</time>
      </trkpt>
      <trkpt lat="44.481667" lon="5.381068">
        <ele>547.420111</ele>
        <time>2025-10-17T05:09:57.766Z</time>
      </trkpt>
      <trkpt lat="44.481079" lon="5.379770">
        <ele>542.790804</ele>
        <time>2025-10-17T05:10:37.190Z</time>
      </trkpt>
      <trkpt lat="44.481082" lon="5.379625">
        <ele>542.354041</ele>
        <time>2025-10-17T05:10:41.118Z</time>
      </trkpt>
      <trkpt lat="44.481126" lon="5.379552">
        <ele>542.066315</ele>
        <time>2025-10-17T05:10:43.697Z</time>
      </trkpt>
      <trkpt lat="44.481463" lon="5.379260">
        <ele>540.634698</ele>
        <time>2025-10-17T05:10:59.033Z</time>
      </trkpt>
      <trkpt lat="44.481640" lon="5.379141">
        <ele>540.564965</ele>
        <time>2025-10-17T05:11:06.735Z</time>
      </trkpt>
      <trkpt lat="44.482640" lon="5.378717">
        <ele>540.193851</ele>
        <time>2025-10-17T05:11:49.151Z</time>
      </trkpt>
      <trkpt lat="44.483208" lon="5.378646">
        <ele>540.275258</ele>
        <time>2025-10-17T05:12:13.528Z</time>
      </trkpt>
      <trkpt lat="44.483587" lon="5.378599">
        <ele>541.583359</ele>
        <time>2025-10-17T05:12:30.471Z</time>
      </trkpt>
      <trkpt lat="44.483786" lon="5.378618">
        <ele>542.269111</ele>
        <time>2025-10-17T05:12:39.498Z</time>
      </trkpt>
      <trkpt lat="44.483955" lon="5.378668">
        <ele>542.862939</ele>
        <time>2025-10-17T05:12:47.407Z</time>
      </trkpt>
      <trkpt lat="44.484000" lon="5.378737">
        <ele>543.092242</ele>
        <time>2025-10-17T05:12:50.453Z</time>
      </trkpt>
      <trkpt lat="44.484062" lon="5.378927">
        <ele>543.604716</ele>
        <time>2025-10-17T05:12:57.376Z</time>
      </trkpt>
      <trkpt lat="44.484128" lon="5.378957">
        <ele>543.843259</ele>
        <time>2025-10-17T05:13:00.627Z</time>
      </trkpt>
      <trkpt lat="44.484247" lon="5.378888">
        <ele>544.286008</ele>
        <time>2025-10-17T05:13:06.852Z</time>
      </trkpt>
      <trkpt lat="44.484279" lon="5.378684">
        <ele>544.798338</ele>
        <time>2025-10-17T05:13:14.246Z</time>
      </trkpt>
      <trkpt lat="44.484354" lon="5.378622">
        <ele>545.097695</ele>
        <time>2025-10-17T05:13:18.624Z</time>
      </trkpt>
      <trkpt lat="44.484350" lon="5.378572">
        <ele>545.221105</ele>
        <time>2025-10-17T05:13:20.439Z</time>
      </trkpt>
      <trkpt lat="44.484581" lon="5.378555">
        <ele>546.016382</ele>
        <time>2025-10-17T05:13:32.598Z</time>
      </trkpt>
      <trkpt lat="44.485024" lon="5.378449">
        <ele>548.165888</ele>
        <time>2025-10-17T05:13:56.430Z</time>
      </trkpt>
      <trkpt lat="44.485032" lon="5.378637">
        <ele>548.833168</ele>
        <time>2025-10-17T05:14:03.660Z</time>
      </trkpt>
      <trkpt lat="44.485140" lon="5.378612">
        <ele>549.376785</ele>
        <time>2025-10-17T05:14:09.529Z</time>
      </trkpt>
      <trkpt lat="44.485154" lon="5.378651">
        <ele>549.531470</ele>
        <time>2025-10-17T05:14:11.153Z</time>
      </trkpt>
      <trkpt lat="44.485259" lon="5.378631">
        <ele>550.057715</ele>
        <time>2025-10-17T05:14:16.830Z</time>
      </trkpt>
      <trkpt lat="44.485280" lon="5.378715">
        <ele>550.373075</ele>
        <time>2025-10-17T05:14:20.182Z</time>
      </trkpt>
      <trkpt lat="44.485309" lon="5.378855">
        <ele>550.889587</ele>
        <time>2025-10-17T05:14:25.851Z</time>
      </trkpt>
      <trkpt lat="44.485459" lon="5.378814">
        <ele>551.648551</ele>
        <time>2025-10-17T05:14:33.923Z</time>
      </trkpt>
      <trkpt lat="44.485627" lon="5.378777">
        <ele>552.493111</ele>
        <time>2025-10-17T05:14:42.704Z</time>
      </trkpt>
      <trkpt lat="44.485626" lon="5.378946">
        <ele>553.091904</ele>
        <time>2025-10-17T05:14:48.827Z</time>
      </trkpt>
      <trkpt lat="44.485625" lon="5.379013">
        <ele>553.329339</ele>
        <time>2025-10-17T05:14:51.215Z</time>
      </trkpt>
      <trkpt lat="44.485764" lon="5.379187">
        <ele>554.254852</ele>
        <time>2025-10-17T05:15:00.428Z</time>
      </trkpt>
      <trkpt lat="44.485838" lon="5.379222">
        <ele>554.642710</ele>
        <time>2025-10-17T05:15:04.071Z</time>
      </trkpt>
      <trkpt lat="44.485946" lon="5.379496">
        <ele>555.134107</ele>
        <time>2025-10-17T05:15:14.037Z</time>
      </trkpt>
      <trkpt lat="44.485967" lon="5.379660">
        <ele>555.134107</ele>
        <time>2025-10-17T05:15:19.160Z</time>
      </trkpt>
      <trkpt lat="44.486171" lon="5.379671">
        <ele>555.134107</ele>
        <time>2025-10-17T05:15:27.605Z</time>
      </trkpt>
      <trkpt lat="44.486351" lon="5.379651">
        <ele>555.134107</ele>
        <time>2025-10-17T05:15:35.012Z</time>
      </trkpt>
      <trkpt lat="44.486245" lon="5.380008">
        <ele>555.134107</ele>
        <time>2025-10-17T05:15:46.037Z</time>
      </trkpt>
      <trkpt lat="44.486306" lon="5.380100">
        <ele>555.134107</ele>
        <time>2025-10-17T05:15:49.580Z</time>
      </trkpt>
      <trkpt lat="44.486192" lon="5.380285">
        <ele>555.134107</ele>
        <time>2025-10-17T05:15:56.402Z</time>
      </trkpt>
      <trkpt lat="44.486044" lon="5.380434">
        <ele>555.134107</ele>
        <time>2025-10-17T05:16:03.472Z</time>
      </trkpt>
      <trkpt lat="44.486052" lon="5.380478">
        <ele>555.134107</ele>
        <time>2025-10-17T05:16:04.721Z</time>
      </trkpt>
      <trkpt lat="44.486076" lon="5.380468">
        <ele>555.134107</ele>
        <time>2025-10-17T05:16:05.671Z</time>
      </trkpt>
      <trkpt lat="44.486112" lon="5.380445">
        <ele>555.134107</ele>
        <time>2025-10-17T05:16:07.207Z</time>
      </trkpt>
      <trkpt lat="44.486165" lon="5.380543">
        <ele>555.134107</ele>
        <time>2025-10-17T05:16:10.580Z</time>
      </trkpt>
      <trkpt lat="44.486196" lon="5.380508">
        <ele>555.134107</ele>
        <time>2025-10-17T05:16:12.157Z</time>
      </trkpt>
      <trkpt lat="44.486245" lon="5.380594">
        <ele>555.134107</ele>
        <time>2025-10-17T05:16:15.209Z</time>
      </trkpt>
      <trkpt lat="44.486240" lon="5.380665">
        <ele>555.134107</ele>
        <time>2025-10-17T05:16:17.153Z</time>
      </trkpt>
      <trkpt lat="44.486190" lon="5.380717">
        <ele>555.134107</ele>
        <time>2025-10-17T05:16:19.578Z</time>
      </trkpt>
    </trkseg>
  </trk>
</gpx>